# potencia: beta=0.5 dmax=10000 inf=0.05
# fase: f03
# cenario: alta (SD alta)
# d = objetos distintos entre dois pedidos ao mesmo objeto
0 0.004784818033
1 0.003383377278
2 0.00276251598
3 0.002392409017
4 0.002139835677
5 0.001953393782
6 0.001808491226
7 0.001691688639
8 0.001594939344
9 0.001513092318
10 0.001442676919
11 0.00138125799
12 0.001327069751
13 0.00127879641
14 0.001235434704
15 0.001196204508
16 0.001160488832
17 0.001127792426
18 0.001097712541
19 0.001069917838
20 0.001044132896
21 0.001020126632
22 0.0009977035286
23 0.0009766968912
24 0.0009569636067
25 0.0009383800201
26 0.0009208386599
27 0.0009042456132
28 0.0008885184028
29 0.0008735842568
30 0.000859378688
31 0.0008458443196
32 0.0008329299074
33 0.0008205895229
34 0.0008087818638
35 0.0007974696722
36 0.0007866192391
37 0.0007761999812
38 0.000766184078
39 0.0007565461588
40 0.0007472630322
41 0.0007383134515
42 0.0007296779094
43 0.0007213384594
44 0.0007132785589
45 0.0007054829307
46 0.0006979374418
47 0.0006906289949
48 0.0006835454334
49 0.0006766754556
50 0.0006700085398
51 0.0006635348755
52 0.0006572453035
53 0.0006511312608
54 0.000645184732
55 0.000639398205
56 0.0006337646308
57 0.0006282773879
58 0.000622930249
59 0.0006177173519
60 0.0006126331721
61 0.0006076724979
62 0.0006028304088
63 0.0005981022542
64 0.0005934836348
65 0.0005889703858
66 0.0005845585605
67 0.0005802444162
68 0.0005760244008
69 0.0005718951404
70 0.000567853428
71 0.000563896213
72 0.0005600205918
73 0.0005562237982
74 0.0005525031959
75 0.0005488562703
76 0.0005452806214
77 0.0005417739572
78 0.0005383340878
79 0.0005349589191
80 0.0005316464482
81 0.0005283947574
82 0.0005252020106
83 0.0005220664482
84 0.0005189863833
85 0.0005159601978
86 0.0005129863391
87 0.0005100633162
88 0.0005071896972
89 0.0005043641058
90 0.0005015852191
91 0.0004988517643
92 0.0004961625169
93 0.0004935162979
94 0.0004909119721
95 0.0004883484456
96 0.0004858246641
97 0.0004833396112
98 0.0004808923063
99 0.0004784818033
100 0.0004761071892
101 0.0004737675819
102 0.0004714621299
103 0.00046919001
104 0.0004669504268
105 0.000464742611
106 0.0004625658186
107 0.0004604193299
108 0.0004583024482
109 0.0004562144991
110 0.0004541548295
111 0.0004521228066
112 0.0004501178176
113 0.0004481392681
114 0.0004461865823
115 0.0004442592014
116 0.0004423565837
117 0.0004404782033
118 0.00043862355
119 0.0004367921284
120 0.0004349834576
121 0.0004331970703
122 0.0004314325128
123 0.000429689344
124 0.0004279671353
125 0.00042626547
126 0.0004245839428
127 0.0004229221598
128 0.0004212797374
129 0.0004196563027
130 0.0004180514926
131 0.0004164649537
132 0.0004148963419
133 0.0004133453221
134 0.000411811568
135 0.0004102947615
136 0.0004087945928
137 0.00040731076
138 0.0004058429687
139 0.0004043909319
140 0.0004029543699
141 0.0004015330097
142 0.000400126585
143 0.0003987348361
144 0.0003973575096
145 0.000395994358
146 0.00039464514
147 0.0003933096196
148 0.0003919875667
149 0.0003906787565
150 0.0003893829693
151 0.0003880999906
152 0.0003868296108
153 0.000385571625
154 0.000384325833
155 0.000383092039
156 0.0003818700517
157 0.000380659684
158 0.0003794607529
159 0.0003782730794
160 0.0003770964884
161 0.0003759308087
162 0.0003747758726
163 0.0003736315161
164 0.0003724975787
165 0.0003713739032
166 0.0003702603358
167 0.0003691567258
168 0.0003680629257
169 0.000366978791
170 0.0003659041802
171 0.0003648389547
172 0.0003637829787
173 0.000362736119
174 0.0003616982453
175 0.0003606692297
176 0.000359648947
177 0.0003586372742
178 0.0003576340911
179 0.0003566392794
180 0.0003556527235
181 0.0003546743098
182 0.0003537039268
183 0.0003527414654
184 0.0003517868182
185 0.0003508398803
186 0.0003499005482
187 0.0003489687209
188 0.0003480442988
189 0.0003471271844
190 0.000346217282
191 0.0003453144975
192 0.0003444187385
193 0.0003435299145
194 0.0003426479363
195 0.0003417727167
196 0.0003409041696
197 0.0003400422108
198 0.0003391867573
199 0.0003383377278
200 0.0003374950423
201 0.000336658622
202 0.0003358283899
203 0.0003350042699
204 0.0003341861874
205 0.0003333740691
206 0.0003325678429
207 0.0003317674378
208 0.0003309727841
209 0.0003301838133
210 0.0003294004579
211 0.0003286226517
212 0.0003278503295
213 0.0003270834271
214 0.0003263218814
215 0.0003255656304
216 0.0003248146129
217 0.000324068769
218 0.0003233280394
219 0.000322592366
220 0.0003218616915
221 0.0003211359596
222 0.0003204151148
223 0.0003196991025
224 0.0003189878689
225 0.0003182813611
226 0.0003175795271
227 0.0003168823154
228 0.0003161896756
229 0.000315501558
230 0.0003148179135
231 0.0003141386939
232 0.0003134638517
233 0.00031279334
234 0.0003121271128
235 0.0003114651245
236 0.0003108073305
237 0.0003101536866
238 0.0003095041494
239 0.000308858676
240 0.0003082172242
241 0.0003075797526
242 0.00030694622
243 0.000306316586
244 0.0003056908109
245 0.0003050688554
246 0.0003044506808
247 0.000303836249
248 0.0003032255222
249 0.0003026184635
250 0.0003020150363
251 0.0003014152044
252 0.0003008189324
253 0.0003002261852
254 0.0002996369281
255 0.0002990511271
256 0.0002984687485
257 0.0002978897591
258 0.0002973141262
259 0.0002967418174
260 0.0002961728009
261 0.0002956070453
262 0.0002950445195
263 0.0002944851929
264 0.0002939290353
265 0.0002933760169
266 0.0002928261082
267 0.0002922792802
268 0.0002917355044
269 0.0002911947523
270 0.000290656996
271 0.0002901222081
272 0.0002895903613
273 0.0002890614287
274 0.0002885353838
275 0.0002880122004
276 0.0002874918527
277 0.0002869743152
278 0.0002864595627
279 0.0002859475702
280 0.0002854383132
281 0.0002849317675
282 0.0002844279089
283 0.000283926714
284 0.0002834281592
285 0.0002829322216
286 0.0002824388782
287 0.0002819481065
288 0.0002814598843
289 0.0002809741896
290 0.0002804910006
291 0.0002800102959
292 0.0002795320542
293 0.0002790562546
294 0.0002785828764
295 0.0002781118991
296 0.0002776433025
297 0.0002771770665
298 0.0002767131716
299 0.000276251598
300 0.0002757923265
301 0.0002753353381
302 0.0002748806138
303 0.0002744281351
304 0.0002739778836
305 0.000273529841
306 0.0002730839893
307 0.0002726403107
308 0.0002721987876
309 0.0002717594027
310 0.0002713221387
311 0.0002708869786
312 0.0002704539056
313 0.0002700229031
314 0.0002695939546
315 0.0002691670439
316 0.0002687421548
317 0.0002683192716
318 0.0002678983783
319 0.0002674794596
320 0.0002670624999
321 0.0002666474841
322 0.0002662343971
323 0.0002658232241
324 0.0002654139502
325 0.0002650065609
326 0.0002646010419
327 0.0002641973787
328 0.0002637955574
329 0.0002633955639
330 0.0002629973844
331 0.0002626010053
332 0.000262206413
333 0.0002618135942
334 0.0002614225356
335 0.0002610332241
336 0.0002606456467
337 0.0002602597906
338 0.0002598756431
339 0.0002594931916
340 0.0002591124237
341 0.0002587333271
342 0.0002583558895
343 0.0002579800989
344 0.0002576059434
345 0.0002572334111
346 0.0002568624903
347 0.0002564931695
348 0.0002561254372
349 0.000255759282
350 0.0002553946927
351 0.0002550316581
352 0.0002546701673
353 0.0002543102092
354 0.0002539517733
355 0.0002535948486
356 0.0002532394247
357 0.000252885491
358 0.0002525330372
359 0.0002521820529
360 0.0002518325281
361 0.0002514844525
362 0.0002511378163
363 0.0002507926095
364 0.0002504488224
365 0.0002501064452
366 0.0002497654683
367 0.0002494258822
368 0.0002490876774
369 0.0002487508447
370 0.0002484153748
371 0.0002480812584
372 0.0002477484866
373 0.0002474170504
374 0.0002470869408
375 0.000246758149
376 0.0002464306662
377 0.0002461044838
378 0.0002457795933
379 0.0002454559861
380 0.0002451336537
381 0.0002448125879
382 0.0002444927803
383 0.0002441742228
384 0.0002438569072
385 0.0002435408256
386 0.0002432259698
387 0.0002429123321
388 0.0002425999045
389 0.0002422886793
390 0.0002419786489
391 0.0002416698056
392 0.0002413621418
393 0.0002410556501
394 0.000240750323
395 0.0002404461531
396 0.0002401431333
397 0.0002398412562
398 0.0002395405147
399 0.0002392409017
400 0.0002389424101
401 0.000238645033
402 0.0002383487634
403 0.0002380535946
404 0.0002377595196
405 0.0002374665318
406 0.0002371746245
407 0.000236883791
408 0.0002365940248
409 0.0002363053193
410 0.0002360176682
411 0.000235731065
412 0.0002354455033
413 0.0002351609769
414 0.0002348774795
415 0.000234595005
416 0.0002343135472
417 0.0002340331
418 0.0002337536574
419 0.0002334752134
420 0.0002331977621
421 0.0002329212975
422 0.0002326458139
423 0.0002323713055
424 0.0002320977665
425 0.0002318251912
426 0.000231553574
427 0.0002312829093
428 0.0002310131916
429 0.0002307444152
430 0.0002304765748
431 0.000230209665
432 0.0002299436803
433 0.0002296786154
434 0.0002294144651
435 0.0002291512241
436 0.0002288888872
437 0.0002286274492
438 0.000228366905
439 0.0002281072496
440 0.0002278484778
441 0.0002275905847
442 0.0002273335653
443 0.0002270774147
444 0.0002268221281
445 0.0002265677005
446 0.0002263141271
447 0.0002260614033
448 0.0002258095242
449 0.0002255584852
450 0.0002253082816
451 0.0002250589088
452 0.0002248103621
453 0.0002245626371
454 0.0002243157293
455 0.0002240696341
456 0.000223824347
457 0.0002235798638
458 0.0002233361799
459 0.0002230932911
460 0.0002228511931
461 0.0002226098815
462 0.0002223693521
463 0.0002221296007
464 0.0002218906231
465 0.0002216524152
466 0.0002214149728
467 0.0002211782918
468 0.0002209423683
469 0.000220707198
470 0.0002204727771
471 0.0002202391016
472 0.0002200061676
473 0.000219773971
474 0.0002195425081
475 0.000219311775
476 0.0002190817678
477 0.0002188524828
478 0.0002186239162
479 0.0002183960642
480 0.0002181689232
481 0.0002179424893
482 0.0002177167591
483 0.0002174917288
484 0.0002172673948
485 0.0002170437536
486 0.0002168208016
487 0.0002165985352
488 0.0002163769509
489 0.0002161560454
490 0.000215935815
491 0.0002157162564
492 0.0002154973662
493 0.000215279141
494 0.0002150615773
495 0.000214844672
496 0.0002146284217
497 0.000214412823
498 0.0002141978727
499 0.0002139835677
500 0.0002137699045
501 0.0002135568802
502 0.0002133444914
503 0.000213132735
504 0.0002129216079
505 0.000212711107
506 0.0002125012292
507 0.0002122919714
508 0.0002120833306
509 0.0002118753038
510 0.0002116678878
511 0.0002114610799
512 0.0002112548769
513 0.000211049276
514 0.0002108442743
515 0.0002106398687
516 0.0002104360565
517 0.0002102328348
518 0.0002100302007
519 0.0002098281514
520 0.0002096266841
521 0.000209425796
522 0.0002092254843
523 0.0002090257463
524 0.0002088265793
525 0.0002086279805
526 0.0002084299472
527 0.0002082324769
528 0.0002080355667
529 0.000207839214
530 0.0002076434163
531 0.000207448171
532 0.0002072534753
533 0.0002070593268
534 0.0002068657229
535 0.0002066726611
536 0.0002064801387
537 0.0002062881535
538 0.0002060967027
539 0.000205905784
540 0.0002057153949
541 0.0002055255329
542 0.0002053361957
543 0.0002051473807
544 0.0002049590857
545 0.0002047713082
546 0.0002045840459
547 0.0002043972964
548 0.0002042110574
549 0.0002040253265
550 0.0002038401014
551 0.00020365538
552 0.0002034711598
553 0.0002032874386
554 0.0002031042142
555 0.0002029214843
556 0.0002027392468
557 0.0002025574993
558 0.0002023762398
559 0.000202195466
560 0.0002020151757
561 0.0002018353669
562 0.0002016560373
563 0.0002014771849
564 0.0002012988076
565 0.0002011209032
566 0.0002009434696
567 0.0002007665048
568 0.0002005900068
569 0.0002004139734
570 0.0002002384026
571 0.0002000632925
572 0.000199888641
573 0.000199714446
574 0.0001995407057
575 0.0001993674181
576 0.0001991945811
577 0.0001990221928
578 0.0001988502514
579 0.0001986787548
580 0.0001985077012
581 0.0001983370886
582 0.0001981669152
583 0.000197997179
584 0.0001978278783
585 0.0001976590111
586 0.0001974905756
587 0.00019732257
588 0.0001971549924
589 0.000196987841
590 0.0001968211141
591 0.0001966548098
592 0.0001964889263
593 0.0001963234619
594 0.0001961584149
595 0.0001959937833
596 0.0001958295657
597 0.00019566576
598 0.0001955023648
599 0.0001953393782
600 0.0001951767986
601 0.0001950146243
602 0.0001948528535
603 0.0001946914846
604 0.0001945305161
605 0.0001943699461
606 0.000194209773
607 0.0001940499953
608 0.0001938906113
609 0.0001937316194
610 0.000193573018
611 0.0001934148054
612 0.0001932569802
613 0.0001930995406
614 0.0001929424853
615 0.0001927858125
616 0.0001926295208
617 0.0001924736086
618 0.0001923180743
619 0.0001921629165
620 0.0001920081336
621 0.0001918537241
622 0.0001916996866
623 0.0001915460195
624 0.0001913927213
625 0.0001912397907
626 0.000191087226
627 0.0001909350259
628 0.0001907831888
629 0.0001906317135
630 0.0001904805983
631 0.000190329842
632 0.000190179443
633 0.0001900294001
634 0.0001898797117
635 0.0001897303764
636 0.000189581393
637 0.00018943276
638 0.000189284476
639 0.0001891365397
640 0.0001889889497
641 0.0001888417047
642 0.0001886948033
643 0.0001885482442
644 0.0001884020261
645 0.0001882561476
646 0.0001881106075
647 0.0001879654043
648 0.000187820537
649 0.000187676004
650 0.0001875318042
651 0.0001873879363
652 0.000187244399
653 0.000187101191
654 0.0001869583111
655 0.0001868157581
656 0.0001866735306
657 0.0001865316275
658 0.0001863900475
659 0.0001862487894
660 0.0001861078519
661 0.000185967234
662 0.0001858269342
663 0.0001856869516
664 0.0001855472848
665 0.0001854079327
666 0.0001852688941
667 0.0001851301679
668 0.0001849917528
669 0.0001848536477
670 0.0001847158514
671 0.0001845783629
672 0.0001844411809
673 0.0001843043043
674 0.000184167732
675 0.0001840314628
676 0.0001838954957
677 0.0001837598295
678 0.0001836244631
679 0.0001834893955
680 0.0001833546254
681 0.0001832201519
682 0.0001830859738
683 0.0001829520901
684 0.0001828184997
685 0.0001826852014
686 0.0001825521943
687 0.0001824194774
688 0.0001822870494
689 0.0001821549094
690 0.0001820230564
691 0.0001818914893
692 0.0001817602071
693 0.0001816292088
694 0.0001814984932
695 0.0001813680595
696 0.0001812379066
697 0.0001811080335
698 0.0001809784392
699 0.0001808491226
700 0.0001807200829
701 0.0001805913191
702 0.00018046283
703 0.0001803346149
704 0.0001802066726
705 0.0001800790022
706 0.0001799516029
707 0.0001798244735
708 0.0001796976132
709 0.000179571021
710 0.0001794446959
711 0.0001793186371
712 0.0001791928436
713 0.0001790673144
714 0.0001789420487
715 0.0001788170455
716 0.0001786923039
717 0.000178567823
718 0.0001784436019
719 0.0001783196397
720 0.0001781959355
721 0.0001780724883
722 0.0001779492974
723 0.0001778263618
724 0.0001777036806
725 0.0001775812529
726 0.000177459078
727 0.0001773371549
728 0.0001772154827
729 0.0001770940607
730 0.0001769728878
731 0.0001768519634
732 0.0001767312865
733 0.0001766108563
734 0.000176490672
735 0.0001763707327
736 0.0001762510376
737 0.0001761315858
738 0.0001760123766
739 0.0001758934091
740 0.0001757746825
741 0.000175656196
742 0.0001755379488
743 0.0001754199401
744 0.0001753021691
745 0.0001751846349
746 0.0001750673369
747 0.0001749502741
748 0.0001748334459
749 0.0001747168514
750 0.0001746004898
751 0.0001744843604
752 0.0001743684625
753 0.0001742527952
754 0.0001741373577
755 0.0001740221494
756 0.0001739071694
757 0.0001737924171
758 0.0001736778916
759 0.0001735635922
760 0.0001734495182
761 0.0001733356688
762 0.0001732220433
763 0.000173108641
764 0.0001729954611
765 0.0001728825029
766 0.0001727697657
767 0.0001726572487
768 0.0001725449513
769 0.0001724328727
770 0.0001723210123
771 0.0001722093692
772 0.0001720979429
773 0.0001719867326
774 0.0001718757376
775 0.0001717649572
776 0.0001716543908
777 0.0001715440376
778 0.0001714338969
779 0.0001713239682
780 0.0001712142506
781 0.0001711047436
782 0.0001709954464
783 0.0001708863583
784 0.0001707774788
785 0.0001706688072
786 0.0001705603427
787 0.0001704520848
788 0.0001703440328
789 0.0001702361859
790 0.0001701285437
791 0.0001700211054
792 0.0001699138704
793 0.000169806838
794 0.0001697000076
795 0.0001695933787
796 0.0001694869504
797 0.0001693807223
798 0.0001692746937
799 0.0001691688639
800 0.0001690632324
801 0.0001689577985
802 0.0001688525616
803 0.0001687475211
804 0.0001686426764
805 0.0001685380269
806 0.000168433572
807 0.000168329311
808 0.0001682252434
809 0.0001681213686
810 0.000168017686
811 0.0001679141949
812 0.0001678108949
813 0.0001677077853
814 0.0001676048655
815 0.0001675021349
816 0.0001673995931
817 0.0001672972393
818 0.000167195073
819 0.0001670930937
820 0.0001669913008
821 0.0001668896936
822 0.0001667882718
823 0.0001666870346
824 0.0001665859815
825 0.000166485112
826 0.0001663844255
827 0.0001662839214
828 0.0001661835993
829 0.0001660834585
830 0.0001659834986
831 0.0001658837189
832 0.0001657841189
833 0.0001656846981
834 0.000165585456
835 0.000165486392
836 0.0001653875056
837 0.0001652887963
838 0.0001651902635
839 0.0001650919066
840 0.0001649937253
841 0.0001648957189
842 0.000164797887
843 0.000164700229
844 0.0001646027444
845 0.0001645054326
846 0.0001644082933
847 0.0001643113259
848 0.0001642145298
849 0.0001641179046
850 0.0001640214497
851 0.0001639251648
852 0.0001638290491
853 0.0001637331024
854 0.000163637324
855 0.0001635417136
856 0.0001634462705
857 0.0001633509943
858 0.0001632558845
859 0.0001631609407
860 0.0001630661623
861 0.000162971549
862 0.0001628771001
863 0.0001627828152
864 0.0001626886939
865 0.0001625947356
866 0.00016250094
867 0.0001624073065
868 0.0001623138346
869 0.000162220524
870 0.0001621273741
871 0.0001620343845
872 0.0001619415547
873 0.0001618488843
874 0.0001617563728
875 0.0001616640197
876 0.0001615718246
877 0.0001614797871
878 0.0001613879067
879 0.000161296183
880 0.0001612046155
881 0.0001611132037
882 0.0001610219473
883 0.0001609308458
884 0.0001608398987
885 0.0001607491056
886 0.0001606584661
887 0.0001605679798
888 0.0001604776462
889 0.0001603874649
890 0.0001602974354
891 0.0001602075574
892 0.0001601178304
893 0.000160028254
894 0.0001599388277
895 0.0001598495512
896 0.0001597604241
897 0.0001596714458
898 0.0001595826161
899 0.0001594939344
900 0.0001594054005
901 0.0001593170138
902 0.0001592287739
903 0.0001591406806
904 0.0001590527332
905 0.0001589649316
906 0.0001588772751
907 0.0001587897635
908 0.0001587023964
909 0.0001586151733
910 0.0001585280939
911 0.0001584411577
912 0.0001583543644
913 0.0001582677136
914 0.0001581812048
915 0.0001580948378
916 0.0001580086121
917 0.0001579225273
918 0.0001578365831
919 0.000157750779
920 0.0001576651147
921 0.0001575795898
922 0.000157494204
923 0.0001574089568
924 0.0001573238478
925 0.0001572388768
926 0.0001571540433
927 0.000157069347
928 0.0001569847874
929 0.0001569003643
930 0.0001568160772
931 0.0001567319259
932 0.0001566479098
933 0.0001565640287
934 0.0001564802822
935 0.00015639667
936 0.0001563131917
937 0.0001562298468
938 0.0001561466352
939 0.0001560635564
940 0.00015598061
941 0.0001558977958
942 0.0001558151133
943 0.0001557325623
944 0.0001556501423
945 0.000155567853
946 0.0001554856941
947 0.0001554036652
948 0.0001553217661
949 0.0001552399962
950 0.0001551583554
951 0.0001550768433
952 0.0001549954595
953 0.0001549142037
954 0.0001548330755
955 0.0001547520747
956 0.0001546712008
957 0.0001545904537
958 0.0001545098328
959 0.000154429338
960 0.0001543489688
961 0.000154268725
962 0.0001541886062
963 0.0001541086121
964 0.0001540287424
965 0.0001539489967
966 0.0001538693748
967 0.0001537898763
968 0.0001537105009
969 0.0001536312482
970 0.000153552118
971 0.00015347311
972 0.0001533942238
973 0.0001533154591
974 0.0001532368156
975 0.000153158293
976 0.000153079891
977 0.0001530016093
978 0.0001529234476
979 0.0001528454055
980 0.0001527674827
981 0.0001526896791
982 0.0001526119942
983 0.0001525344277
984 0.0001524569794
985 0.000152379649
986 0.0001523024361
987 0.0001522253404
988 0.0001521483617
989 0.0001520714997
990 0.0001519947541
991 0.0001519181245
992 0.0001518416107
993 0.0001517652124
994 0.0001516889293
995 0.0001516127611
996 0.0001515367075
997 0.0001514607683
998 0.0001513849432
999 0.0001513092318
1000 0.0001512336338
1001 0.0001511581491
1002 0.0001510827773
1003 0.0001510075181
1004 0.0001509323713
1005 0.0001508573366
1006 0.0001507824136
1007 0.0001507076022
1008 0.000150632902
1009 0.0001505583128
1010 0.0001504838343
1011 0.0001504094662
1012 0.0001503352083
1013 0.0001502610602
1014 0.0001501870217
1015 0.0001501130926
1016 0.0001500392725
1017 0.0001499655613
1018 0.0001498919585
1019 0.000149818464
1020 0.0001497450776
1021 0.0001496717989
1022 0.0001495986276
1023 0.0001495255635
1024 0.0001494526064
1025 0.000149379756
1026 0.0001493070121
1027 0.0001492343742
1028 0.0001491618423
1029 0.0001490894161
1030 0.0001490170953
1031 0.0001489448796
1032 0.0001488727687
1033 0.0001488007626
1034 0.0001487288608
1035 0.0001486570631
1036 0.0001485853693
1037 0.0001485137791
1038 0.0001484422924
1039 0.0001483709087
1040 0.0001482996279
1041 0.0001482284498
1042 0.0001481573741
1043 0.0001480864005
1044 0.0001480155288
1045 0.0001479447587
1046 0.0001478740901
1047 0.0001478035227
1048 0.0001477330561
1049 0.0001476626903
1050 0.0001475924249
1051 0.0001475222598
1052 0.0001474521946
1053 0.0001473822291
1054 0.0001473123631
1055 0.0001472425965
1056 0.0001471729288
1057 0.0001471033599
1058 0.0001470338896
1059 0.0001469645176
1060 0.0001468952438
1061 0.0001468260678
1062 0.0001467569894
1063 0.0001466880084
1064 0.0001466191246
1065 0.0001465503378
1066 0.0001464816477
1067 0.0001464130541
1068 0.0001463445568
1069 0.0001462761555
1070 0.00014620785
1071 0.0001461396401
1072 0.0001460715256
1073 0.0001460035063
1074 0.0001459355819
1075 0.0001458677522
1076 0.000145800017
1077 0.0001457323761
1078 0.0001456648292
1079 0.0001455973761
1080 0.0001455300167
1081 0.0001454627507
1082 0.0001453955779
1083 0.000145328498
1084 0.0001452615109
1085 0.0001451946164
1086 0.0001451278142
1087 0.0001450611041
1088 0.0001449944859
1089 0.0001449279594
1090 0.0001448615244
1091 0.0001447951806
1092 0.000144728928
1093 0.0001446627662
1094 0.000144596695
1095 0.0001445307143
1096 0.0001444648239
1097 0.0001443990234
1098 0.0001443333129
1099 0.0001442676919
1100 0.0001442021603
1101 0.000144136718
1102 0.0001440713647
1103 0.0001440061002
1104 0.0001439409243
1105 0.0001438758369
1106 0.0001438108376
1107 0.0001437459264
1108 0.000143681103
1109 0.0001436163671
1110 0.0001435517188
1111 0.0001434871576
1112 0.0001434226835
1113 0.0001433582962
1114 0.0001432939955
1115 0.0001432297813
1116 0.0001431656534
1117 0.0001431016115
1118 0.0001430376555
1119 0.0001429737851
1120 0.0001429100002
1121 0.0001428463006
1122 0.0001427826862
1123 0.0001427191566
1124 0.0001426557118
1125 0.0001425923515
1126 0.0001425290755
1127 0.0001424658837
1128 0.0001424027759
1129 0.0001423397519
1130 0.0001422768115
1131 0.0001422139545
1132 0.0001421511807
1133 0.00014208849
1134 0.0001420258822
1135 0.000141963357
1136 0.0001419009143
1137 0.000141838554
1138 0.0001417762758
1139 0.0001417140796
1140 0.0001416519652
1141 0.0001415899324
1142 0.0001415279809
1143 0.0001414661108
1144 0.0001414043217
1145 0.0001413426135
1146 0.000141280986
1147 0.0001412194391
1148 0.0001411579725
1149 0.0001410965861
1150 0.0001410352798
1151 0.0001409740533
1152 0.0001409129064
1153 0.0001408518391
1154 0.000140790851
1155 0.0001407299422
1156 0.0001406691123
1157 0.0001406083612
1158 0.0001405476888
1159 0.0001404870948
1160 0.0001404265791
1161 0.0001403661416
1162 0.0001403057821
1163 0.0001402455003
1164 0.0001401852962
1165 0.0001401251695
1166 0.0001400651202
1167 0.0001400051479
1168 0.0001399452527
1169 0.0001398854342
1170 0.0001398256924
1171 0.0001397660271
1172 0.0001397064381
1173 0.0001396469252
1174 0.0001395874884
1175 0.0001395281273
1176 0.0001394688419
1177 0.0001394096321
1178 0.0001393504975
1179 0.0001392914382
1180 0.0001392324539
1181 0.0001391735445
1182 0.0001391147097
1183 0.0001390559496
1184 0.0001389972638
1185 0.0001389386522
1186 0.0001388801148
1187 0.0001388216512
1188 0.0001387632615
1189 0.0001387049453
1190 0.0001386467027
1191 0.0001385885333
1192 0.0001385304371
1193 0.0001384724138
1194 0.0001384144635
1195 0.0001383565858
1196 0.0001382987806
1197 0.0001382410479
1198 0.0001381833874
1199 0.000138125799
1200 0.0001380682825
1201 0.0001380108378
1202 0.0001379534648
1203 0.0001378961632
1204 0.000137838933
1205 0.000137781774
1206 0.0001377246861
1207 0.000137667669
1208 0.0001376107227
1209 0.000137553847
1210 0.0001374970418
1211 0.0001374403069
1212 0.0001373836422
1213 0.0001373270475
1214 0.0001372705227
1215 0.0001372140676
1216 0.0001371576821
1217 0.0001371013661
1218 0.0001370451193
1219 0.0001369889418
1220 0.0001369328333
1221 0.0001368767936
1222 0.0001368208228
1223 0.0001367649205
1224 0.0001367090867
1225 0.0001366533212
1226 0.0001365976239
1227 0.0001365419946
1228 0.0001364864333
1229 0.0001364309397
1230 0.0001363755138
1231 0.0001363201553
1232 0.0001362648643
1233 0.0001362096404
1234 0.0001361544836
1235 0.0001360993938
1236 0.0001360443708
1237 0.0001359894145
1238 0.0001359345247
1239 0.0001358797013
1240 0.0001358249443
1241 0.0001357702533
1242 0.0001357156284
1243 0.0001356610693
1244 0.000135606576
1245 0.0001355521484
1246 0.0001354977861
1247 0.0001354434893
1248 0.0001353892577
1249 0.0001353350911
1250 0.0001352809896
1251 0.0001352269528
1252 0.0001351729808
1253 0.0001351190733
1254 0.0001350652303
1255 0.0001350114515
1256 0.000134957737
1257 0.0001349040866
1258 0.0001348505
1259 0.0001347969773
1260 0.0001347435183
1261 0.0001346901228
1262 0.0001346367907
1263 0.0001345835219
1264 0.0001345303164
1265 0.0001344771738
1266 0.0001344240942
1267 0.0001343710774
1268 0.0001343181233
1269 0.0001342652317
1270 0.0001342124026
1271 0.0001341596358
1272 0.0001341069311
1273 0.0001340542886
1274 0.000134001708
1275 0.0001339491892
1276 0.0001338967321
1277 0.0001338443366
1278 0.0001337920025
1279 0.0001337397298
1280 0.0001336875183
1281 0.0001336353679
1282 0.0001335832785
1283 0.00013353125
1284 0.0001334792822
1285 0.000133427375
1286 0.0001333755283
1287 0.0001333237421
1288 0.0001332720161
1289 0.0001332203502
1290 0.0001331687444
1291 0.0001331171986
1292 0.0001330657125
1293 0.0001330142861
1294 0.0001329629194
1295 0.000132911612
1296 0.0001328603641
1297 0.0001328091753
1298 0.0001327580457
1299 0.0001327069751
1300 0.0001326559634
1301 0.0001326050105
1302 0.0001325541162
1303 0.0001325032805
1304 0.0001324525032
1305 0.0001324017843
1306 0.0001323511235
1307 0.0001323005209
1308 0.0001322499763
1309 0.0001321994896
1310 0.0001321490606
1311 0.0001320986894
1312 0.0001320483756
1313 0.0001319981193
1314 0.0001319479204
1315 0.0001318977787
1316 0.0001318476941
1317 0.0001317976665
1318 0.0001317476958
1319 0.0001316977819
1320 0.0001316479247
1321 0.0001315981241
1322 0.00013154838
1323 0.0001314986922
1324 0.0001314490607
1325 0.0001313994853
1326 0.000131349966
1327 0.0001313005027
1328 0.0001312510951
1329 0.0001312017433
1330 0.0001311524472
1331 0.0001311032065
1332 0.0001310540213
1333 0.0001310048914
1334 0.0001309558167
1335 0.0001309067971
1336 0.0001308578325
1337 0.0001308089229
1338 0.000130760068
1339 0.0001307112678
1340 0.0001306625222
1341 0.0001306138311
1342 0.0001305651945
1343 0.0001305166121
1344 0.0001304680838
1345 0.0001304196097
1346 0.0001303711896
1347 0.0001303228234
1348 0.0001302745109
1349 0.0001302262522
1350 0.000130178047
1351 0.0001301298953
1352 0.000130081797
1353 0.000130033752
1354 0.0001299857603
1355 0.0001299378216
1356 0.0001298899359
1357 0.0001298421031
1358 0.0001297943231
1359 0.0001297465958
1360 0.0001296989212
1361 0.000129651299
1362 0.0001296037293
1363 0.0001295562119
1364 0.0001295087467
1365 0.0001294613336
1366 0.0001294139726
1367 0.0001293666635
1368 0.0001293194063
1369 0.0001292722008
1370 0.000129225047
1371 0.0001291779447
1372 0.000129130894
1373 0.0001290838945
1374 0.0001290369464
1375 0.0001289900495
1376 0.0001289432036
1377 0.0001288964088
1378 0.0001288496648
1379 0.0001288029717
1380 0.0001287563293
1381 0.0001287097375
1382 0.0001286631963
1383 0.0001286167055
1384 0.0001285702651
1385 0.000128523875
1386 0.000128477535
1387 0.0001284312452
1388 0.0001283850053
1389 0.0001283388153
1390 0.0001282926752
1391 0.0001282465848
1392 0.000128200544
1393 0.0001281545528
1394 0.000128108611
1395 0.0001280627186
1396 0.0001280168755
1397 0.0001279710816
1398 0.0001279253368
1399 0.000127879641
1400 0.0001278339941
1401 0.0001277883961
1402 0.0001277428469
1403 0.0001276973463
1404 0.0001276518943
1405 0.0001276064909
1406 0.0001275611358
1407 0.000127515829
1408 0.0001274705705
1409 0.0001274253602
1410 0.0001273801979
1411 0.0001273350836
1412 0.0001272900172
1413 0.0001272449987
1414 0.0001272000278
1415 0.0001271551046
1416 0.000127110229
1417 0.0001270654008
1418 0.0001270206201
1419 0.0001269758866
1420 0.0001269312004
1421 0.0001268865613
1422 0.0001268419693
1423 0.0001267974243
1424 0.0001267529262
1425 0.0001267084748
1426 0.0001266640703
1427 0.0001266197123
1428 0.000126575401
1429 0.0001265311361
1430 0.0001264869176
1431 0.0001264427455
1432 0.0001263986196
1433 0.0001263545399
1434 0.0001263105062
1435 0.0001262665186
1436 0.0001262225769
1437 0.000126178681
1438 0.0001261348309
1439 0.0001260910265
1440 0.0001260472676
1441 0.0001260035544
1442 0.0001259598865
1443 0.000125916264
1444 0.0001258726869
1445 0.0001258291549
1446 0.0001257856681
1447 0.0001257422263
1448 0.0001256988295
1449 0.0001256554776
1450 0.0001256121705
1451 0.0001255689082
1452 0.0001255256905
1453 0.0001254825174
1454 0.0001254393889
1455 0.0001253963048
1456 0.000125353265
1457 0.0001253102696
1458 0.0001252673183
1459 0.0001252244112
1460 0.0001251815481
1461 0.0001251387291
1462 0.0001250959539
1463 0.0001250532226
1464 0.000125010535
1465 0.0001249678911
1466 0.0001249252909
1467 0.0001248827341
1468 0.0001248402209
1469 0.000124797751
1470 0.0001247553244
1471 0.0001247129411
1472 0.0001246706009
1473 0.0001246283038
1474 0.0001245860498
1475 0.0001245438387
1476 0.0001245016705
1477 0.0001244595451
1478 0.0001244174624
1479 0.0001243754224
1480 0.0001243334249
1481 0.00012429147
1482 0.0001242495575
1483 0.0001242076874
1484 0.0001241658596
1485 0.000124124074
1486 0.0001240823306
1487 0.0001240406292
1488 0.0001239989699
1489 0.0001239573525
1490 0.000123915777
1491 0.0001238742433
1492 0.0001238327514
1493 0.0001237913011
1494 0.0001237498924
1495 0.0001237085252
1496 0.0001236671995
1497 0.0001236259152
1498 0.0001235846721
1499 0.0001235434704
1500 0.0001235023098
1501 0.0001234611903
1502 0.0001234201119
1503 0.0001233790745
1504 0.0001233380779
1505 0.0001232971222
1506 0.0001232562073
1507 0.0001232153331
1508 0.0001231744995
1509 0.0001231337065
1510 0.000123092954
1511 0.0001230522419
1512 0.0001230115702
1513 0.0001229709388
1514 0.0001229303476
1515 0.0001228897966
1516 0.0001228492858
1517 0.0001228088149
1518 0.000122768384
1519 0.000122727993
1520 0.0001226876419
1521 0.0001226473305
1522 0.0001226070589
1523 0.0001225668268
1524 0.0001225266344
1525 0.0001224864815
1526 0.000122446368
1527 0.0001224062939
1528 0.0001223662592
1529 0.0001223262637
1530 0.0001222863073
1531 0.0001222463901
1532 0.000122206512
1533 0.0001221666729
1534 0.0001221268727
1535 0.0001220871114
1536 0.0001220473889
1537 0.0001220077051
1538 0.0001219680601
1539 0.0001219284536
1540 0.0001218888857
1541 0.0001218493563
1542 0.0001218098654
1543 0.0001217704128
1544 0.0001217309985
1545 0.0001216916225
1546 0.0001216522846
1547 0.0001216129849
1548 0.0001215737232
1549 0.0001215344996
1550 0.0001214953139
1551 0.000121456166
1552 0.000121417056
1553 0.0001213779837
1554 0.0001213389492
1555 0.0001212999522
1556 0.0001212609929
1557 0.000121222071
1558 0.0001211831867
1559 0.0001211443397
1560 0.00012110553
1561 0.0001210667576
1562 0.0001210280225
1563 0.0001209893245
1564 0.0001209506635
1565 0.0001209120397
1566 0.0001208734528
1567 0.0001208349028
1568 0.0001207963897
1569 0.0001207579134
1570 0.0001207194738
1571 0.0001206810709
1572 0.0001206427046
1573 0.0001206043749
1574 0.0001205660818
1575 0.000120527825
1576 0.0001204896047
1577 0.0001204514207
1578 0.000120413273
1579 0.0001203751615
1580 0.0001203370862
1581 0.0001202990469
1582 0.0001202610438
1583 0.0001202230766
1584 0.0001201851453
1585 0.00012014725
1586 0.0001201093904
1587 0.0001200715666
1588 0.0001200337786
1589 0.0001199960262
1590 0.0001199583094
1591 0.0001199206281
1592 0.0001198829823
1593 0.000119845372
1594 0.000119807797
1595 0.0001197702573
1596 0.000119732753
1597 0.0001196952838
1598 0.0001196578498
1599 0.0001196204508
1600 0.000119583087
1601 0.0001195457581
1602 0.0001195084641
1603 0.0001194712051
1604 0.0001194339808
1605 0.0001193967913
1606 0.0001193596366
1607 0.0001193225165
1608 0.000119285431
1609 0.0001192483801
1610 0.0001192113637
1611 0.0001191743817
1612 0.0001191374342
1613 0.0001191005209
1614 0.000119063642
1615 0.0001190267973
1616 0.0001189899868
1617 0.0001189532104
1618 0.0001189164681
1619 0.0001188797598
1620 0.0001188430855
1621 0.0001188064451
1622 0.0001187698386
1623 0.0001187332659
1624 0.000118696727
1625 0.0001186602217
1626 0.0001186237502
1627 0.0001185873122
1628 0.0001185509078
1629 0.000118514537
1630 0.0001184781995
1631 0.0001184418955
1632 0.0001184056248
1633 0.0001183693874
1634 0.0001183331833
1635 0.0001182970124
1636 0.0001182608746
1637 0.0001182247699
1638 0.0001181886983
1639 0.0001181526597
1640 0.000118116654
1641 0.0001180806812
1642 0.0001180447412
1643 0.0001180088341
1644 0.0001179729597
1645 0.000117937118
1646 0.0001179013089
1647 0.0001178655325
1648 0.0001178297886
1649 0.0001177940772
1650 0.0001177583982
1651 0.0001177227516
1652 0.0001176871374
1653 0.0001176515555
1654 0.0001176160059
1655 0.0001175804885
1656 0.0001175450032
1657 0.00011750955
1658 0.0001174741289
1659 0.0001174387398
1660 0.0001174033826
1661 0.0001173680574
1662 0.000117332764
1663 0.0001172975025
1664 0.0001172622727
1665 0.0001172270747
1666 0.0001171919083
1667 0.0001171567736
1668 0.0001171216704
1669 0.0001170865988
1670 0.0001170515587
1671 0.00011701655
1672 0.0001169815727
1673 0.0001169466268
1674 0.0001169117121
1675 0.0001168768287
1676 0.0001168419765
1677 0.0001168071555
1678 0.0001167723656
1679 0.0001167376067
1680 0.0001167028789
1681 0.000116668182
1682 0.0001166335161
1683 0.000116598881
1684 0.0001165642768
1685 0.0001165297034
1686 0.0001164951607
1687 0.0001164606488
1688 0.0001164261674
1689 0.0001163917167
1690 0.0001163572966
1691 0.000116322907
1692 0.0001162885478
1693 0.0001162542191
1694 0.0001162199207
1695 0.0001161856527
1696 0.000116151415
1697 0.0001161172076
1698 0.0001160830303
1699 0.0001160488832
1700 0.0001160147663
1701 0.0001159806794
1702 0.0001159466225
1703 0.0001159125956
1704 0.0001158785987
1705 0.0001158446316
1706 0.0001158106944
1707 0.000115776787
1708 0.0001157429094
1709 0.0001157090615
1710 0.0001156752433
1711 0.0001156414547
1712 0.0001156076957
1713 0.0001155739662
1714 0.0001155402663
1715 0.0001155065958
1716 0.0001154729547
1717 0.000115439343
1718 0.0001154057607
1719 0.0001153722076
1720 0.0001153386838
1721 0.0001153051892
1722 0.0001152717237
1723 0.0001152382874
1724 0.0001152048802
1725 0.000115171502
1726 0.0001151381527
1727 0.0001151048325
1728 0.0001150715411
1729 0.0001150382787
1730 0.000115005045
1731 0.0001149718401
1732 0.000114938664
1733 0.0001149055166
1734 0.0001148723979
1735 0.0001148393077
1736 0.0001148062462
1737 0.0001147732131
1738 0.0001147402086
1739 0.0001147072326
1740 0.0001146742849
1741 0.0001146413656
1742 0.0001146084747
1743 0.0001145756121
1744 0.0001145427777
1745 0.0001145099715
1746 0.0001144771935
1747 0.0001144444436
1748 0.0001144117218
1749 0.0001143790281
1750 0.0001143463624
1751 0.0001143137246
1752 0.0001142811148
1753 0.0001142485329
1754 0.0001142159788
1755 0.0001141834525
1756 0.000114150954
1757 0.0001141184833
1758 0.0001140860402
1759 0.0001140536248
1760 0.000114021237
1761 0.0001139888768
1762 0.0001139565441
1763 0.0001139242389
1764 0.0001138919612
1765 0.0001138597109
1766 0.0001138274879
1767 0.0001137952923
1768 0.0001137631241
1769 0.000113730983
1770 0.0001136988693
1771 0.0001136667827
1772 0.0001136347232
1773 0.0001136026909
1774 0.0001135706856
1775 0.0001135387074
1776 0.0001135067561
1777 0.0001134748319
1778 0.0001134429345
1779 0.000113411064
1780 0.0001133792204
1781 0.0001133474036
1782 0.0001133156136
1783 0.0001132838502
1784 0.0001132521136
1785 0.0001132204037
1786 0.0001131887203
1787 0.0001131570636
1788 0.0001131254334
1789 0.0001130938297
1790 0.0001130622524
1791 0.0001130307017
1792 0.0001129991773
1793 0.0001129676792
1794 0.0001129362075
1795 0.0001129047621
1796 0.000112873343
1797 0.00011284195
1798 0.0001128105832
1799 0.0001127792426
1800 0.0001127479281
1801 0.0001127166396
1802 0.0001126853772
1803 0.0001126541408
1804 0.0001126229303
1805 0.0001125917458
1806 0.0001125605872
1807 0.0001125294544
1808 0.0001124983474
1809 0.0001124672662
1810 0.0001124362108
1811 0.0001124051811
1812 0.000112374177
1813 0.0001123431986
1814 0.0001123122458
1815 0.0001122813186
1816 0.0001122504169
1817 0.0001122195407
1818 0.0001121886899
1819 0.0001121578646
1820 0.0001121270647
1821 0.0001120962902
1822 0.000112065541
1823 0.000112034817
1824 0.0001120041184
1825 0.0001119734449
1826 0.0001119427966
1827 0.0001119121735
1828 0.0001118815755
1829 0.0001118510026
1830 0.0001118204547
1831 0.0001117899319
1832 0.000111759434
1833 0.0001117289611
1834 0.0001116985131
1835 0.00011166809
1836 0.0001116376917
1837 0.0001116073182
1838 0.0001115769695
1839 0.0001115466456
1840 0.0001115163463
1841 0.0001114860718
1842 0.0001114558219
1843 0.0001114255965
1844 0.0001113953958
1845 0.0001113652196
1846 0.0001113350679
1847 0.0001113049407
1848 0.000111274838
1849 0.0001112447596
1850 0.0001112147057
1851 0.0001111846761
1852 0.0001111546707
1853 0.0001111246897
1854 0.0001110947329
1855 0.0001110648004
1856 0.000111034892
1857 0.0001110050077
1858 0.0001109751476
1859 0.0001109453116
1860 0.0001109154996
1861 0.0001108857116
1862 0.0001108559476
1863 0.0001108262076
1864 0.0001107964915
1865 0.0001107667993
1866 0.0001107371309
1867 0.0001107074864
1868 0.0001106778657
1869 0.0001106482687
1870 0.0001106186955
1871 0.0001105891459
1872 0.00011055962
1873 0.0001105301178
1874 0.0001105006392
1875 0.0001104711841
1876 0.0001104417526
1877 0.0001104123446
1878 0.0001103829601
1879 0.000110353599
1880 0.0001103242614
1881 0.0001102949471
1882 0.0001102656562
1883 0.0001102363886
1884 0.0001102071443
1885 0.0001101779232
1886 0.0001101487254
1887 0.0001101195508
1888 0.0001100903994
1889 0.0001100612711
1890 0.0001100321659
1891 0.0001100030838
1892 0.0001099740247
1893 0.0001099449887
1894 0.0001099159756
1895 0.0001098869855
1896 0.0001098580183
1897 0.0001098290741
1898 0.0001098001526
1899 0.0001097712541
1900 0.0001097423783
1901 0.0001097135253
1902 0.000109684695
1903 0.0001096558875
1904 0.0001096271026
1905 0.0001095983405
1906 0.0001095696009
1907 0.0001095408839
1908 0.0001095121895
1909 0.0001094835176
1910 0.0001094548683
1911 0.0001094262414
1912 0.000109397637
1913 0.000109369055
1914 0.0001093404954
1915 0.0001093119581
1916 0.0001092834432
1917 0.0001092549506
1918 0.0001092264802
1919 0.0001091980321
1920 0.0001091696062
1921 0.0001091412025
1922 0.000109112821
1923 0.0001090844616
1924 0.0001090561243
1925 0.000109027809
1926 0.0001089995158
1927 0.0001089712447
1928 0.0001089429955
1929 0.0001089147682
1930 0.0001088865629
1931 0.0001088583795
1932 0.000108830218
1933 0.0001088020783
1934 0.0001087739605
1935 0.0001087458644
1936 0.0001087177901
1937 0.0001086897375
1938 0.0001086617066
1939 0.0001086336974
1940 0.0001086057099
1941 0.0001085777439
1942 0.0001085497996
1943 0.0001085218768
1944 0.0001084939756
1945 0.0001084660958
1946 0.0001084382376
1947 0.0001084104008
1948 0.0001083825854
1949 0.0001083547914
1950 0.0001083270188
1951 0.0001082992676
1952 0.0001082715376
1953 0.000108243829
1954 0.0001082161416
1955 0.0001081884755
1956 0.0001081608305
1957 0.0001081332068
1958 0.0001081056042
1959 0.0001080780227
1960 0.0001080504623
1961 0.000108022923
1962 0.0001079954047
1963 0.0001079679075
1964 0.0001079404313
1965 0.000107912976
1966 0.0001078855416
1967 0.0001078581282
1968 0.0001078307357
1969 0.000107803364
1970 0.0001077760131
1971 0.0001077486831
1972 0.0001077213738
1973 0.0001076940853
1974 0.0001076668176
1975 0.0001076395705
1976 0.0001076123441
1977 0.0001075851383
1978 0.0001075579532
1979 0.0001075307887
1980 0.0001075036447
1981 0.0001074765213
1982 0.0001074494184
1983 0.000107422336
1984 0.0001073952741
1985 0.0001073682326
1986 0.0001073412115
1987 0.0001073142108
1988 0.0001072872305
1989 0.0001072602705
1990 0.0001072333309
1991 0.0001072064115
1992 0.0001071795124
1993 0.0001071526335
1994 0.0001071257748
1995 0.0001070989364
1996 0.0001070721181
1997 0.0001070453199
1998 0.0001070185418
1999 0.0001069917838
2000 0.0001069650459
2001 0.000106938328
2002 0.0001069116302
2003 0.0001068849523
2004 0.0001068582943
2005 0.0001068316563
2006 0.0001068050383
2007 0.0001067784401
2008 0.0001067518617
2009 0.0001067253033
2010 0.0001066987646
2011 0.0001066722457
2012 0.0001066457466
2013 0.0001066192672
2014 0.0001065928075
2015 0.0001065663675
2016 0.0001065399472
2017 0.0001065135465
2018 0.0001064871654
2019 0.000106460804
2020 0.0001064344621
2021 0.0001064081397
2022 0.0001063818369
2023 0.0001063555535
2024 0.0001063292896
2025 0.0001063030452
2026 0.0001062768202
2027 0.0001062506146
2028 0.0001062244284
2029 0.0001061982615
2030 0.000106172114
2031 0.0001061459857
2032 0.0001061198767
2033 0.000106093787
2034 0.0001060677166
2035 0.0001060416653
2036 0.0001060156332
2037 0.0001059896203
2038 0.0001059636265
2039 0.0001059376519
2040 0.0001059116963
2041 0.0001058857598
2042 0.0001058598424
2043 0.0001058339439
2044 0.0001058080645
2045 0.000105782204
2046 0.0001057563625
2047 0.0001057305399
2048 0.0001057047363
2049 0.0001056789515
2050 0.0001056531856
2051 0.0001056274385
2052 0.0001056017102
2053 0.0001055760007
2054 0.00010555031
2055 0.000105524638
2056 0.0001054989848
2057 0.0001054733502
2058 0.0001054477343
2059 0.0001054221371
2060 0.0001053965585
2061 0.0001053709986
2062 0.0001053454572
2063 0.0001053199344
2064 0.0001052944301
2065 0.0001052689443
2066 0.000105243477
2067 0.0001052180283
2068 0.0001051925979
2069 0.000105167186
2070 0.0001051417925
2071 0.0001051164174
2072 0.0001050910606
2073 0.0001050657222
2074 0.0001050404021
2075 0.0001050151003
2076 0.0001049898168
2077 0.0001049645515
2078 0.0001049393045
2079 0.0001049140757
2080 0.000104888865
2081 0.0001048636726
2082 0.0001048384982
2083 0.000104813342
2084 0.0001047882039
2085 0.0001047630839
2086 0.0001047379819
2087 0.000104712898
2088 0.0001046878321
2089 0.0001046627841
2090 0.0001046377542
2091 0.0001046127421
2092 0.0001045877481
2093 0.0001045627719
2094 0.0001045378136
2095 0.0001045128732
2096 0.0001044879506
2097 0.0001044630458
2098 0.0001044381588
2099 0.0001044132896
2100 0.0001043884382
2101 0.0001043636045
2102 0.0001043387885
2103 0.0001043139902
2104 0.0001042892096
2105 0.0001042644467
2106 0.0001042397013
2107 0.0001042149736
2108 0.0001041902635
2109 0.0001041655709
2110 0.0001041408959
2111 0.0001041162384
2112 0.0001040915984
2113 0.000104066976
2114 0.0001040423709
2115 0.0001040177833
2116 0.0001039932132
2117 0.0001039686604
2118 0.000103944125
2119 0.000103919607
2120 0.0001038951063
2121 0.000103870623
2122 0.0001038461569
2123 0.0001038217082
2124 0.0001037972767
2125 0.0001037728624
2126 0.0001037484653
2127 0.0001037240855
2128 0.0001036997228
2129 0.0001036753773
2130 0.0001036510489
2131 0.0001036267377
2132 0.0001036024435
2133 0.0001035781664
2134 0.0001035539064
2135 0.0001035296634
2136 0.0001035054374
2137 0.0001034812285
2138 0.0001034570365
2139 0.0001034328615
2140 0.0001034087034
2141 0.0001033845622
2142 0.0001033604379
2143 0.0001033363305
2144 0.00010331224
2145 0.0001032881663
2146 0.0001032641094
2147 0.0001032400694
2148 0.0001032160461
2149 0.0001031920396
2150 0.0001031680498
2151 0.0001031440767
2152 0.0001031201204
2153 0.0001030961807
2154 0.0001030722577
2155 0.0001030483513
2156 0.0001030244616
2157 0.0001030005885
2158 0.000102976732
2159 0.000102952892
2160 0.0001029290686
2161 0.0001029052617
2162 0.0001028814713
2163 0.0001028576974
2164 0.00010283394
2165 0.0001028101991
2166 0.0001027864746
2167 0.0001027627665
2168 0.0001027390747
2169 0.0001027153994
2170 0.0001026917405
2171 0.0001026680978
2172 0.0001026444715
2173 0.0001026208615
2174 0.0001025972678
2175 0.0001025736904
2176 0.0001025501292
2177 0.0001025265842
2178 0.0001025030554
2179 0.0001024795429
2180 0.0001024560465
2181 0.0001024325662
2182 0.0001024091021
2183 0.0001023856541
2184 0.0001023622222
2185 0.0001023388064
2186 0.0001023154067
2187 0.0001022920229
2188 0.0001022686553
2189 0.0001022453036
2190 0.0001022219679
2191 0.0001021986482
2192 0.0001021753444
2193 0.0001021520566
2194 0.0001021287847
2195 0.0001021055287
2196 0.0001020822885
2197 0.0001020590643
2198 0.0001020358558
2199 0.0001020126632
2200 0.0001019894864
2201 0.0001019663254
2202 0.0001019431802
2203 0.0001019200507
2204 0.000101896937
2205 0.000101873839
2206 0.0001018507566
2207 0.00010182769
2208 0.000101804639
2209 0.0001017816037
2210 0.000101758584
2211 0.0001017355799
2212 0.0001017125914
2213 0.0001016896185
2214 0.0001016666611
2215 0.0001016437193
2216 0.000101620793
2217 0.0001015978822
2218 0.0001015749869
2219 0.0001015521071
2220 0.0001015292427
2221 0.0001015063938
2222 0.0001014835603
2223 0.0001014607422
2224 0.0001014379394
2225 0.0001014151521
2226 0.0001013923801
2227 0.0001013696234
2228 0.000101346882
2229 0.000101324156
2230 0.0001013014452
2231 0.0001012787497
2232 0.0001012560694
2233 0.0001012334043
2234 0.0001012107545
2235 0.0001011881199
2236 0.0001011655004
2237 0.0001011428961
2238 0.000101120307
2239 0.000101097733
2240 0.0001010751741
2241 0.0001010526303
2242 0.0001010301015
2243 0.0001010075879
2244 0.0001009850892
2245 0.0001009626056
2246 0.000100940137
2247 0.0001009176834
2248 0.0001008952448
2249 0.0001008728212
2250 0.0001008504125
2251 0.0001008280187
2252 0.0001008056398
2253 0.0001007832758
2254 0.0001007609267
2255 0.0001007385925
2256 0.0001007162731
2257 0.0001006939685
2258 0.0001006716788
2259 0.0001006494038
2260 0.0001006271436
2261 0.0001006048982
2262 0.0001005826675
2263 0.0001005604516
2264 0.0001005382504
2265 0.0001005160638
2266 0.000100493892
2267 0.0001004717348
2268 0.0001004495923
2269 0.0001004274644
2270 0.0001004053511
2271 0.0001003832524
2272 0.0001003611683
2273 0.0001003390988
2274 0.0001003170438
2275 0.0001002950034
2276 0.0001002729775
2277 0.0001002509661
2278 0.0001002289691
2279 0.0001002069867
2280 0.0001001850187
2281 0.0001001630652
2282 0.000100141126
2283 0.0001001192013
2284 0.000100097291
2285 0.0001000753951
2286 0.0001000535135
2287 0.0001000316462
2288 0.0001000097933
2289 9.998795476e-05
2290 9.996613048e-05
2291 9.994432048e-05
2292 9.992252475e-05
2293 9.990074327e-05
2294 9.987897603e-05
2295 9.985722302e-05
2296 9.983548421e-05
2297 9.981375959e-05
2298 9.979204914e-05
2299 9.977035286e-05
2300 9.974867073e-05
2301 9.972700272e-05
2302 9.970534882e-05
2303 9.968370903e-05
2304 9.966208332e-05
2305 9.964047168e-05
2306 9.961887409e-05
2307 9.959729054e-05
2308 9.957572101e-05
2309 9.955416549e-05
2310 9.953262397e-05
2311 9.951109642e-05
2312 9.948958283e-05
2313 9.946808319e-05
2314 9.944659748e-05
2315 9.942512569e-05
2316 9.94036678e-05
2317 9.93822238e-05
2318 9.936079367e-05
2319 9.93393774e-05
2320 9.931797497e-05
2321 9.929658637e-05
2322 9.927521158e-05
2323 9.925385059e-05
2324 9.923250338e-05
2325 9.921116993e-05
2326 9.918985025e-05
2327 9.91685443e-05
2328 9.914725207e-05
2329 9.912597355e-05
2330 9.910470873e-05
2331 9.908345758e-05
2332 9.90622201e-05
2333 9.904099628e-05
2334 9.901978608e-05
2335 9.899858951e-05
2336 9.897740654e-05
2337 9.895623717e-05
2338 9.893508137e-05
2339 9.891393914e-05
2340 9.889281045e-05
2341 9.88716953e-05
2342 9.885059367e-05
2343 9.882950554e-05
2344 9.880843091e-05
2345 9.878736975e-05
2346 9.876632205e-05
2347 9.87452878e-05
2348 9.872426698e-05
2349 9.870325958e-05
2350 9.868226559e-05
2351 9.866128499e-05
2352 9.864031776e-05
2353 9.86193639e-05
2354 9.859842338e-05
2355 9.85774962e-05
2356 9.855658233e-05
2357 9.853568177e-05
2358 9.851479451e-05
2359 9.849392052e-05
2360 9.847305979e-05
2361 9.845221231e-05
2362 9.843137807e-05
2363 9.841055705e-05
2364 9.838974923e-05
2365 9.836895461e-05
2366 9.834817317e-05
2367 9.832740489e-05
2368 9.830664977e-05
2369 9.828590778e-05
2370 9.826517892e-05
2371 9.824446316e-05
2372 9.82237605e-05
2373 9.820307093e-05
2374 9.818239442e-05
2375 9.816173097e-05
2376 9.814108056e-05
2377 9.812044317e-05
2378 9.80998188e-05
2379 9.807920743e-05
2380 9.805860905e-05
2381 9.803802363e-05
2382 9.801745118e-05
2383 9.799689167e-05
2384 9.79763451e-05
2385 9.795581144e-05
2386 9.793529069e-05
2387 9.791478283e-05
2388 9.789428784e-05
2389 9.787380572e-05
2390 9.785333645e-05
2391 9.783288002e-05
2392 9.781243642e-05
2393 9.779200562e-05
2394 9.777158762e-05
2395 9.775118241e-05
2396 9.773078996e-05
2397 9.771041027e-05
2398 9.769004333e-05
2399 9.766968912e-05
2400 9.764934762e-05
2401 9.762901883e-05
2402 9.760870273e-05
2403 9.758839931e-05
2404 9.756810855e-05
2405 9.754783044e-05
2406 9.752756498e-05
2407 9.750731213e-05
2408 9.74870719e-05
2409 9.746684427e-05
2410 9.744662922e-05
2411 9.742642675e-05
2412 9.740623684e-05
2413 9.738605947e-05
2414 9.736589464e-05
2415 9.734574232e-05
2416 9.732560252e-05
2417 9.730547521e-05
2418 9.728536038e-05
2419 9.726525803e-05
2420 9.724516812e-05
2421 9.722509067e-05
2422 9.720502564e-05
2423 9.718497303e-05
2424 9.716493282e-05
2425 9.714490501e-05
2426 9.712488958e-05
2427 9.710488651e-05
2428 9.70848958e-05
2429 9.706491743e-05
2430 9.704495138e-05
2431 9.702499766e-05
2432 9.700505623e-05
2433 9.69851271e-05
2434 9.696521024e-05
2435 9.694530565e-05
2436 9.692541331e-05
2437 9.690553322e-05
2438 9.688566535e-05
2439 9.686580969e-05
2440 9.684596624e-05
2441 9.682613498e-05
2442 9.68063159e-05
2443 9.678650898e-05
2444 9.676671421e-05
2445 9.674693158e-05
2446 9.672716109e-05
2447 9.67074027e-05
2448 9.668765642e-05
2449 9.666792224e-05
2450 9.664820012e-05
2451 9.662849008e-05
2452 9.660879209e-05
2453 9.658910614e-05
2454 9.656943222e-05
2455 9.654977032e-05
2456 9.653012042e-05
2457 9.651048252e-05
2458 9.649085659e-05
2459 9.647124264e-05
2460 9.645164064e-05
2461 9.643205058e-05
2462 9.641247246e-05
2463 9.639290625e-05
2464 9.637335195e-05
2465 9.635380955e-05
2466 9.633427904e-05
2467 9.631476039e-05
2468 9.62952536e-05
2469 9.627575866e-05
2470 9.625627556e-05
2471 9.623680428e-05
2472 9.621734481e-05
2473 9.619789714e-05
2474 9.617846126e-05
2475 9.615903715e-05
2476 9.613962481e-05
2477 9.612022422e-05
2478 9.610083537e-05
2479 9.608145824e-05
2480 9.606209284e-05
2481 9.604273914e-05
2482 9.602339713e-05
2483 9.60040668e-05
2484 9.598474815e-05
2485 9.596544115e-05
2486 9.594614579e-05
2487 9.592686207e-05
2488 9.590758998e-05
2489 9.588832949e-05
2490 9.58690806e-05
2491 9.58498433e-05
2492 9.583061758e-05
2493 9.581140342e-05
2494 9.579220081e-05
2495 9.577300975e-05
2496 9.575383021e-05
2497 9.57346622e-05
2498 9.571550569e-05
2499 9.569636067e-05
2500 9.567722714e-05
2501 9.565810508e-05
2502 9.563899448e-05
2503 9.561989533e-05
2504 9.560080761e-05
2505 9.558173133e-05
2506 9.556266646e-05
2507 9.554361299e-05
2508 9.552457091e-05
2509 9.550554022e-05
2510 9.548652089e-05
2511 9.546751293e-05
2512 9.544851631e-05
2513 9.542953102e-05
2514 9.541055706e-05
2515 9.539159442e-05
2516 9.537264307e-05
2517 9.535370302e-05
2518 9.533477424e-05
2519 9.531585673e-05
2520 9.529695049e-05
2521 9.527805548e-05
2522 9.525917171e-05
2523 9.524029917e-05
2524 9.522143783e-05
2525 9.52025877e-05
2526 9.518374876e-05
2527 9.5164921e-05
2528 9.514610441e-05
2529 9.512729897e-05
2530 9.510850468e-05
2531 9.508972152e-05
2532 9.507094949e-05
2533 9.505218858e-05
2534 9.503343876e-05
2535 9.501470004e-05
2536 9.499597239e-05
2537 9.497725582e-05
2538 9.49585503e-05
2539 9.493985583e-05
2540 9.49211724e-05
2541 9.49025e-05
2542 9.488383861e-05
2543 9.486518822e-05
2544 9.484654883e-05
2545 9.482792042e-05
2546 9.480930298e-05
2547 9.47906965e-05
2548 9.477210098e-05
2549 9.475351639e-05
2550 9.473494273e-05
2551 9.471637999e-05
2552 9.469782816e-05
2553 9.467928722e-05
2554 9.466075717e-05
2555 9.4642238e-05
2556 9.462372969e-05
2557 9.460523223e-05
2558 9.458674562e-05
2559 9.456826985e-05
2560 9.454980489e-05
2561 9.453135075e-05
2562 9.45129074e-05
2563 9.449447485e-05
2564 9.447605308e-05
2565 9.445764208e-05
2566 9.443924184e-05
2567 9.442085234e-05
2568 9.440247359e-05
2569 9.438410556e-05
2570 9.436574825e-05
2571 9.434740165e-05
2572 9.432906574e-05
2573 9.431074053e-05
2574 9.429242598e-05
2575 9.42741221e-05
2576 9.425582888e-05
2577 9.42375463e-05
2578 9.421927436e-05
2579 9.420101304e-05
2580 9.418276234e-05
2581 9.416452223e-05
2582 9.414629273e-05
2583 9.41280738e-05
2584 9.410986545e-05
2585 9.409166766e-05
2586 9.407348042e-05
2587 9.405530373e-05
2588 9.403713757e-05
2589 9.401898193e-05
2590 9.40008368e-05
2591 9.398270217e-05
2592 9.396457804e-05
2593 9.394646438e-05
2594 9.39283612e-05
2595 9.391026848e-05
2596 9.389218621e-05
2597 9.387411438e-05
2598 9.385605298e-05
2599 9.383800201e-05
2600 9.381996144e-05
2601 9.380193128e-05
2602 9.37839115e-05
2603 9.376590211e-05
2604 9.374790309e-05
2605 9.372991443e-05
2606 9.371193612e-05
2607 9.369396815e-05
2608 9.367601051e-05
2609 9.36580632e-05
2610 9.36401262e-05
2611 9.362219949e-05
2612 9.360428308e-05
2613 9.358637696e-05
2614 9.35684811e-05
2615 9.355059551e-05
2616 9.353272017e-05
2617 9.351485507e-05
2618 9.34970002e-05
2619 9.347915556e-05
2620 9.346132113e-05
2621 9.344349691e-05
2622 9.342568288e-05
2623 9.340787903e-05
2624 9.339008536e-05
2625 9.337230185e-05
2626 9.33545285e-05
2627 9.333676529e-05
2628 9.331901222e-05
2629 9.330126928e-05
2630 9.328353645e-05
2631 9.326581373e-05
2632 9.324810111e-05
2633 9.323039858e-05
2634 9.321270612e-05
2635 9.319502373e-05
2636 9.31773514e-05
2637 9.315968912e-05
2638 9.314203689e-05
2639 9.312439468e-05
2640 9.310676249e-05
2641 9.308914031e-05
2642 9.307152814e-05
2643 9.305392596e-05
2644 9.303633376e-05
2645 9.301875154e-05
2646 9.300117928e-05
2647 9.298361698e-05
2648 9.296606462e-05
2649 9.29485222e-05
2650 9.29309897e-05
2651 9.291346712e-05
2652 9.289595446e-05
2653 9.287845168e-05
2654 9.28609588e-05
2655 9.28434758e-05
2656 9.282600267e-05
2657 9.28085394e-05
2658 9.279108599e-05
2659 9.277364241e-05
2660 9.275620868e-05
2661 9.273878476e-05
2662 9.272137066e-05
2663 9.270396637e-05
2664 9.268657187e-05
2665 9.266918716e-05
2666 9.265181223e-05
2667 9.263444707e-05
2668 9.261709167e-05
2669 9.259974603e-05
2670 9.258241012e-05
2671 9.256508394e-05
2672 9.254776749e-05
2673 9.253046076e-05
2674 9.251316373e-05
2675 9.24958764e-05
2676 9.247859875e-05
2677 9.246133078e-05
2678 9.244407248e-05
2679 9.242682385e-05
2680 9.240958486e-05
2681 9.239235552e-05
2682 9.237513581e-05
2683 9.235792572e-05
2684 9.234072525e-05
2685 9.232353439e-05
2686 9.230635312e-05
2687 9.228918144e-05
2688 9.227201934e-05
2689 9.225486682e-05
2690 9.223772385e-05
2691 9.222059044e-05
2692 9.220346657e-05
2693 9.218635224e-05
2694 9.216924743e-05
2695 9.215215214e-05
2696 9.213506636e-05
2697 9.211799008e-05
2698 9.210092329e-05
2699 9.208386599e-05
2700 9.206681816e-05
2701 9.204977979e-05
2702 9.203275088e-05
2703 9.201573141e-05
2704 9.199872139e-05
2705 9.198172079e-05
2706 9.196472962e-05
2707 9.194774786e-05
2708 9.19307755e-05
2709 9.191381254e-05
2710 9.189685896e-05
2711 9.187991476e-05
2712 9.186297993e-05
2713 9.184605446e-05
2714 9.182913835e-05
2715 9.181223157e-05
2716 9.179533414e-05
2717 9.177844602e-05
2718 9.176156723e-05
2719 9.174469774e-05
2720 9.172783756e-05
2721 9.171098666e-05
2722 9.169414505e-05
2723 9.167731272e-05
2724 9.166048965e-05
2725 9.164367584e-05
2726 9.162687128e-05
2727 9.161007596e-05
2728 9.159328987e-05
2729 9.1576513e-05
2730 9.155974535e-05
2731 9.154298691e-05
2732 9.152623767e-05
2733 9.150949762e-05
2734 9.149276675e-05
2735 9.147604505e-05
2736 9.145933252e-05
2737 9.144262914e-05
2738 9.142593491e-05
2739 9.140924983e-05
2740 9.139257387e-05
2741 9.137590704e-05
2742 9.135924932e-05
2743 9.134260071e-05
2744 9.13259612e-05
2745 9.130933078e-05
2746 9.129270944e-05
2747 9.127609717e-05
2748 9.125949397e-05
2749 9.124289983e-05
2750 9.122631473e-05
2751 9.120973868e-05
2752 9.119317165e-05
2753 9.117661366e-05
2754 9.116006467e-05
2755 9.11435247e-05
2756 9.112699373e-05
2757 9.111047174e-05
2758 9.109395875e-05
2759 9.107745472e-05
2760 9.106095966e-05
2761 9.104447357e-05
2762 9.102799642e-05
2763 9.101152822e-05
2764 9.099506895e-05
2765 9.09786186e-05
2766 9.096217718e-05
2767 9.094574467e-05
2768 9.092932106e-05
2769 9.091290634e-05
2770 9.089650051e-05
2771 9.088010356e-05
2772 9.086371548e-05
2773 9.084733626e-05
2774 9.083096589e-05
2775 9.081460438e-05
2776 9.07982517e-05
2777 9.078190785e-05
2778 9.076557282e-05
2779 9.074924661e-05
2780 9.073292921e-05
2781 9.07166206e-05
2782 9.070032078e-05
2783 9.068402975e-05
2784 9.066774749e-05
2785 9.0651474e-05
2786 9.063520927e-05
2787 9.06189533e-05
2788 9.060270606e-05
2789 9.058646756e-05
2790 9.057023779e-05
2791 9.055401674e-05
2792 9.05378044e-05
2793 9.052160077e-05
2794 9.050540583e-05
2795 9.048921958e-05
2796 9.047304201e-05
2797 9.045687312e-05
2798 9.044071289e-05
2799 9.042456132e-05
2800 9.04084184e-05
2801 9.039228413e-05
2802 9.037615849e-05
2803 9.036004147e-05
2804 9.034393308e-05
2805 9.032783329e-05
2806 9.031174211e-05
2807 9.029565953e-05
2808 9.027958554e-05
2809 9.026352012e-05
2810 9.024746329e-05
2811 9.023141501e-05
2812 9.02153753e-05
2813 9.019934413e-05
2814 9.018332151e-05
2815 9.016730743e-05
2816 9.015130187e-05
2817 9.013530483e-05
2818 9.011931631e-05
2819 9.010333629e-05
2820 9.008736477e-05
2821 9.007140174e-05
2822 9.005544719e-05
2823 9.003950112e-05
2824 9.002356351e-05
2825 9.000763437e-05
2826 8.999171367e-05
2827 8.997580143e-05
2828 8.995989762e-05
2829 8.994400224e-05
2830 8.992811528e-05
2831 8.991223674e-05
2832 8.989636661e-05
2833 8.988050487e-05
2834 8.986465154e-05
2835 8.984880658e-05
2836 8.983297001e-05
2837 8.98171418e-05
2838 8.980132196e-05
2839 8.978551048e-05
2840 8.976970734e-05
2841 8.975391255e-05
2842 8.973812609e-05
2843 8.972234796e-05
2844 8.970657815e-05
2845 8.969081665e-05
2846 8.967506345e-05
2847 8.965931855e-05
2848 8.964358195e-05
2849 8.962785362e-05
2850 8.961213358e-05
2851 8.95964218e-05
2852 8.958071828e-05
2853 8.956502301e-05
2854 8.9549336e-05
2855 8.953365722e-05
2856 8.951798667e-05
2857 8.950232436e-05
2858 8.948667025e-05
2859 8.947102436e-05
2860 8.945538668e-05
2861 8.943975719e-05
2862 8.942413589e-05
2863 8.940852277e-05
2864 8.939291782e-05
2865 8.937732105e-05
2866 8.936173243e-05
2867 8.934615197e-05
2868 8.933057966e-05
2869 8.931501548e-05
2870 8.929945944e-05
2871 8.928391152e-05
2872 8.926837173e-05
2873 8.925284004e-05
2874 8.923731646e-05
2875 8.922180097e-05
2876 8.920629357e-05
2877 8.919079426e-05
2878 8.917530302e-05
2879 8.915981986e-05
2880 8.914434475e-05
2881 8.91288777e-05
2882 8.91134187e-05
2883 8.909796774e-05
2884 8.908252481e-05
2885 8.906708991e-05
2886 8.905166303e-05
2887 8.903624416e-05
2888 8.90208333e-05
2889 8.900543044e-05
2890 8.899003557e-05
2891 8.897464869e-05
2892 8.895926979e-05
2893 8.894389886e-05
2894 8.892853589e-05
2895 8.891318088e-05
2896 8.889783382e-05
2897 8.888249471e-05
2898 8.886716353e-05
2899 8.885184028e-05
2900 8.883652496e-05
2901 8.882121756e-05
2902 8.880591806e-05
2903 8.879062647e-05
2904 8.877534278e-05
2905 8.876006697e-05
2906 8.874479905e-05
2907 8.8729539e-05
2908 8.871428682e-05
2909 8.869904251e-05
2910 8.868380605e-05
2911 8.866857744e-05
2912 8.865335667e-05
2913 8.863814374e-05
2914 8.862293864e-05
2915 8.860774136e-05
2916 8.85925519e-05
2917 8.857737024e-05
2918 8.856219639e-05
2919 8.854703033e-05
2920 8.853187206e-05
2921 8.851672157e-05
2922 8.850157886e-05
2923 8.848644392e-05
2924 8.847131674e-05
2925 8.845619731e-05
2926 8.844108563e-05
2927 8.84259817e-05
2928 8.84108855e-05
2929 8.839579703e-05
2930 8.838071629e-05
2931 8.836564325e-05
2932 8.835057793e-05
2933 8.833552031e-05
2934 8.832047039e-05
2935 8.830542816e-05
2936 8.829039361e-05
2937 8.827536674e-05
2938 8.826034753e-05
2939 8.824533599e-05
2940 8.823033211e-05
2941 8.821533588e-05
2942 8.820034729e-05
2943 8.818536634e-05
2944 8.817039302e-05
2945 8.815542732e-05
2946 8.814046925e-05
2947 8.812551878e-05
2948 8.811057592e-05
2949 8.809564066e-05
2950 8.808071299e-05
2951 8.80657929e-05
2952 8.80508804e-05
2953 8.803597547e-05
2954 8.80210781e-05
2955 8.80061883e-05
2956 8.799130605e-05
2957 8.797643135e-05
2958 8.796156418e-05
2959 8.794670456e-05
2960 8.793185246e-05
2961 8.791700788e-05
2962 8.790217082e-05
2963 8.788734127e-05
2964 8.787251922e-05
2965 8.785770466e-05
2966 8.78428976e-05
2967 8.782809802e-05
2968 8.781330592e-05
2969 8.779852129e-05
2970 8.778374413e-05
2971 8.776897442e-05
2972 8.775421217e-05
2973 8.773945736e-05
2974 8.772471e-05
2975 8.770997006e-05
2976 8.769523756e-05
2977 8.768051247e-05
2978 8.766579481e-05
2979 8.765108455e-05
2980 8.763638169e-05
2981 8.762168623e-05
2982 8.760699816e-05
2983 8.759231747e-05
2984 8.757764416e-05
2985 8.756297822e-05
2986 8.754831965e-05
2987 8.753366844e-05
2988 8.751902458e-05
2989 8.750438807e-05
2990 8.74897589e-05
2991 8.747513706e-05
2992 8.746052255e-05
2993 8.744591537e-05
2994 8.74313155e-05
2995 8.741672294e-05
2996 8.740213768e-05
2997 8.738755973e-05
2998 8.737298906e-05
2999 8.735842568e-05
3000 8.734386958e-05
3001 8.732932076e-05
3002 8.73147792e-05
3003 8.730024491e-05
3004 8.728571787e-05
3005 8.727119808e-05
3006 8.725668553e-05
3007 8.724218022e-05
3008 8.722768214e-05
3009 8.721319129e-05
3010 8.719870766e-05
3011 8.718423124e-05
3012 8.716976203e-05
3013 8.715530002e-05
3014 8.714084521e-05
3015 8.712639758e-05
3016 8.711195714e-05
3017 8.709752388e-05
3018 8.708309779e-05
3019 8.706867886e-05
3020 8.70542671e-05
3021 8.703986249e-05
3022 8.702546502e-05
3023 8.70110747e-05
3024 8.699669152e-05
3025 8.698231546e-05
3026 8.696794653e-05
3027 8.695358472e-05
3028 8.693923002e-05
3029 8.692488243e-05
3030 8.691054194e-05
3031 8.689620855e-05
3032 8.688188224e-05
3033 8.686756302e-05
3034 8.685325087e-05
3035 8.68389458e-05
3036 8.682464779e-05
3037 8.681035685e-05
3038 8.679607295e-05
3039 8.678179611e-05
3040 8.676752631e-05
3041 8.675326354e-05
3042 8.673900781e-05
3043 8.67247591e-05
3044 8.671051742e-05
3045 8.669628274e-05
3046 8.668205507e-05
3047 8.666783441e-05
3048 8.665362074e-05
3049 8.663941407e-05
3050 8.662521438e-05
3051 8.661102167e-05
3052 8.659683593e-05
3053 8.658265716e-05
3054 8.656848535e-05
3055 8.65543205e-05
3056 8.65401626e-05
3057 8.652601164e-05
3058 8.651186763e-05
3059 8.649773055e-05
3060 8.64836004e-05
3061 8.646947717e-05
3062 8.645536085e-05
3063 8.644125145e-05
3064 8.642714895e-05
3065 8.641305336e-05
3066 8.639896465e-05
3067 8.638488284e-05
3068 8.637080791e-05
3069 8.635673986e-05
3070 8.634267868e-05
3071 8.632862436e-05
3072 8.631457691e-05
3073 8.630053631e-05
3074 8.628650256e-05
3075 8.627247566e-05
3076 8.625845559e-05
3077 8.624444236e-05
3078 8.623043595e-05
3079 8.621643637e-05
3080 8.62024436e-05
3081 8.618845765e-05
3082 8.61744785e-05
3083 8.616050614e-05
3084 8.614654059e-05
3085 8.613258182e-05
3086 8.611862983e-05
3087 8.610468462e-05
3088 8.609074619e-05
3089 8.607681452e-05
3090 8.606288961e-05
3091 8.604897146e-05
3092 8.603506006e-05
3093 8.60211554e-05
3094 8.600725749e-05
3095 8.59933663e-05
3096 8.597948185e-05
3097 8.596560412e-05
3098 8.595173311e-05
3099 8.59378688e-05
3100 8.592401121e-05
3101 8.591016032e-05
3102 8.589631612e-05
3103 8.588247862e-05
3104 8.58686478e-05
3105 8.585482366e-05
3106 8.584100619e-05
3107 8.582719539e-05
3108 8.581339126e-05
3109 8.579959379e-05
3110 8.578580296e-05
3111 8.577201879e-05
3112 8.575824126e-05
3113 8.574447037e-05
3114 8.57307061e-05
3115 8.571694847e-05
3116 8.570319745e-05
3117 8.568945305e-05
3118 8.567571527e-05
3119 8.566198408e-05
3120 8.56482595e-05
3121 8.563454151e-05
3122 8.562083011e-05
3123 8.56071253e-05
3124 8.559342706e-05
3125 8.55797354e-05
3126 8.556605031e-05
3127 8.555237178e-05
3128 8.55386998e-05
3129 8.552503438e-05
3130 8.551137551e-05
3131 8.549772318e-05
3132 8.548407738e-05
3133 8.547043812e-05
3134 8.545680538e-05
3135 8.544317917e-05
3136 8.542955947e-05
3137 8.541594628e-05
3138 8.54023396e-05
3139 8.538873942e-05
3140 8.537514573e-05
3141 8.536155854e-05
3142 8.534797783e-05
3143 8.533440359e-05
3144 8.532083584e-05
3145 8.530727455e-05
3146 8.529371973e-05
3147 8.528017137e-05
3148 8.526662946e-05
3149 8.5253094e-05
3150 8.523956498e-05
3151 8.52260424e-05
3152 8.521252626e-05
3153 8.519901655e-05
3154 8.518551325e-05
3155 8.517201638e-05
3156 8.515852592e-05
3157 8.514504187e-05
3158 8.513156422e-05
3159 8.511809297e-05
3160 8.510462811e-05
3161 8.509116965e-05
3162 8.507771756e-05
3163 8.506427185e-05
3164 8.505083252e-05
3165 8.503739955e-05
3166 8.502397294e-05
3167 8.50105527e-05
3168 8.49971388e-05
3169 8.498373126e-05
3170 8.497033005e-05
3171 8.495693519e-05
3172 8.494354666e-05
3173 8.493016445e-05
3174 8.491678857e-05
3175 8.4903419e-05
3176 8.489005575e-05
3177 8.487669881e-05
3178 8.486334817e-05
3179 8.485000382e-05
3180 8.483666577e-05
3181 8.482333401e-05
3182 8.481000853e-05
3183 8.479668933e-05
3184 8.478337641e-05
3185 8.477006975e-05
3186 8.475676935e-05
3187 8.474347521e-05
3188 8.473018733e-05
3189 8.47169057e-05
3190 8.470363031e-05
3191 8.469036115e-05
3192 8.467709824e-05
3193 8.466384155e-05
3194 8.465059108e-05
3195 8.463734684e-05
3196 8.462410881e-05
3197 8.461087699e-05
3198 8.459765137e-05
3199 8.458443196e-05
3200 8.457121873e-05
3201 8.45580117e-05
3202 8.454481086e-05
3203 8.45316162e-05
3204 8.451842771e-05
3205 8.450524539e-05
3206 8.449206924e-05
3207 8.447889925e-05
3208 8.446573542e-05
3209 8.445257773e-05
3210 8.44394262e-05
3211 8.442628081e-05
3212 8.441314155e-05
3213 8.440000843e-05
3214 8.438688144e-05
3215 8.437376057e-05
3216 8.436064581e-05
3217 8.434753717e-05
3218 8.433443464e-05
3219 8.432133822e-05
3220 8.430824789e-05
3221 8.429516366e-05
3222 8.428208552e-05
3223 8.426901346e-05
3224 8.425594748e-05
3225 8.424288758e-05
3226 8.422983375e-05
3227 8.421678599e-05
3228 8.420374429e-05
3229 8.419070865e-05
3230 8.417767905e-05
3231 8.416465551e-05
3232 8.415163801e-05
3233 8.413862654e-05
3234 8.412562111e-05
3235 8.411262171e-05
3236 8.409962834e-05
3237 8.408664098e-05
3238 8.407365964e-05
3239 8.406068431e-05
3240 8.404771498e-05
3241 8.403475166e-05
3242 8.402179433e-05
3243 8.400884299e-05
3244 8.399589764e-05
3245 8.398295828e-05
3246 8.397002489e-05
3247 8.395709747e-05
3248 8.394417603e-05
3249 8.393126054e-05
3250 8.391835102e-05
3251 8.390544745e-05
3252 8.389254984e-05
3253 8.387965817e-05
3254 8.386677244e-05
3255 8.385389264e-05
3256 8.384101878e-05
3257 8.382815085e-05
3258 8.381528884e-05
3259 8.380243275e-05
3260 8.378958257e-05
3261 8.37767383e-05
3262 8.376389994e-05
3263 8.375106747e-05
3264 8.373824091e-05
3265 8.372542023e-05
3266 8.371260544e-05
3267 8.369979654e-05
3268 8.368699351e-05
3269 8.367419636e-05
3270 8.366140507e-05
3271 8.364861965e-05
3272 8.363584009e-05
3273 8.362306638e-05
3274 8.361029852e-05
3275 8.359753652e-05
3276 8.358478035e-05
3277 8.357203002e-05
3278 8.355928553e-05
3279 8.354654686e-05
3280 8.353381402e-05
3281 8.352108699e-05
3282 8.350836579e-05
3283 8.349565039e-05
3284 8.34829408e-05
3285 8.347023701e-05
3286 8.345753902e-05
3287 8.344484682e-05
3288 8.343216042e-05
3289 8.341947979e-05
3290 8.340680495e-05
3291 8.339413588e-05
3292 8.338147259e-05
3293 8.336881506e-05
3294 8.335616329e-05
3295 8.334351728e-05
3296 8.333087703e-05
3297 8.331824252e-05
3298 8.330561376e-05
3299 8.329299074e-05
3300 8.328037346e-05
3301 8.326776191e-05
3302 8.325515609e-05
3303 8.324255599e-05
3304 8.322996161e-05
3305 8.321737294e-05
3306 8.320478999e-05
3307 8.319221274e-05
3308 8.317964119e-05
3309 8.316707534e-05
3310 8.315451519e-05
3311 8.314196072e-05
3312 8.312941194e-05
3313 8.311686883e-05
3314 8.310433141e-05
3315 8.309179965e-05
3316 8.307927356e-05
3317 8.306675314e-05
3318 8.305423838e-05
3319 8.304172926e-05
3320 8.30292258e-05
3321 8.301672799e-05
3322 8.300423582e-05
3323 8.299174928e-05
3324 8.297926838e-05
3325 8.296679311e-05
3326 8.295432347e-05
3327 8.294185944e-05
3328 8.292940103e-05
3329 8.291694823e-05
3330 8.290450104e-05
3331 8.289205946e-05
3332 8.287962347e-05
3333 8.286719308e-05
3334 8.285476829e-05
3335 8.284234907e-05
3336 8.282993545e-05
3337 8.28175274e-05
3338 8.280512492e-05
3339 8.279272802e-05
3340 8.278033668e-05
3341 8.27679509e-05
3342 8.275557068e-05
3343 8.274319602e-05
3344 8.27308269e-05
3345 8.271846333e-05
3346 8.27061053e-05
3347 8.269375281e-05
3348 8.268140586e-05
3349 8.266906443e-05
3350 8.265672852e-05
3351 8.264439814e-05
3352 8.263207327e-05
3353 8.261975391e-05
3354 8.260744007e-05
3355 8.259513173e-05
3356 8.258282888e-05
3357 8.257053154e-05
3358 8.255823968e-05
3359 8.254595332e-05
3360 8.253367243e-05
3361 8.252139703e-05
3362 8.25091271e-05
3363 8.249686265e-05
3364 8.248460366e-05
3365 8.247235013e-05
3366 8.246010207e-05
3367 8.244785946e-05
3368 8.24356223e-05
3369 8.242339059e-05
3370 8.241116432e-05
3371 8.239894349e-05
3372 8.238672809e-05
3373 8.237451813e-05
3374 8.236231359e-05
3375 8.235011448e-05
3376 8.233792078e-05
3377 8.232573251e-05
3378 8.231354964e-05
3379 8.230137218e-05
3380 8.228920012e-05
3381 8.227703346e-05
3382 8.226487219e-05
3383 8.225271632e-05
3384 8.224056583e-05
3385 8.222842073e-05
3386 8.221628101e-05
3387 8.220414666e-05
3388 8.219201768e-05
3389 8.217989407e-05
3390 8.216777582e-05
3391 8.215566293e-05
3392 8.21435554e-05
3393 8.213145322e-05
3394 8.211935639e-05
3395 8.21072649e-05
3396 8.209517874e-05
3397 8.208309793e-05
3398 8.207102245e-05
3399 8.205895229e-05
3400 8.204688746e-05
3401 8.203482795e-05
3402 8.202277375e-05
3403 8.201072487e-05
3404 8.199868129e-05
3405 8.198664302e-05
3406 8.197461005e-05
3407 8.196258238e-05
3408 8.195056e-05
3409 8.19385429e-05
3410 8.19265311e-05
3411 8.191452457e-05
3412 8.190252332e-05
3413 8.189052735e-05
3414 8.187853664e-05
3415 8.18665512e-05
3416 8.185457102e-05
3417 8.18425961e-05
3418 8.183062643e-05
3419 8.181866202e-05
3420 8.180670285e-05
3421 8.179474892e-05
3422 8.178280023e-05
3423 8.177085678e-05
3424 8.175891855e-05
3425 8.174698556e-05
3426 8.173505779e-05
3427 8.172313523e-05
3428 8.17112179e-05
3429 8.169930577e-05
3430 8.168739886e-05
3431 8.167549714e-05
3432 8.166360063e-05
3433 8.165170932e-05
3434 8.16398232e-05
3435 8.162794227e-05
3436 8.161606652e-05
3437 8.160419595e-05
3438 8.159233057e-05
3439 8.158047036e-05
3440 8.156861531e-05
3441 8.155676544e-05
3442 8.154492073e-05
3443 8.153308117e-05
3444 8.152124678e-05
3445 8.150941753e-05
3446 8.149759343e-05
3447 8.148577448e-05
3448 8.147396067e-05
3449 8.146215199e-05
3450 8.145034845e-05
3451 8.143855003e-05
3452 8.142675675e-05
3453 8.141496858e-05
3454 8.140318553e-05
3455 8.13914076e-05
3456 8.137963478e-05
3457 8.136786706e-05
3458 8.135610445e-05
3459 8.134434694e-05
3460 8.133259452e-05
3461 8.13208472e-05
3462 8.130910496e-05
3463 8.129736781e-05
3464 8.128563574e-05
3465 8.127390875e-05
3466 8.126218684e-05
3467 8.125046999e-05
3468 8.123875821e-05
3469 8.122705149e-05
3470 8.121534984e-05
3471 8.120365324e-05
3472 8.119196169e-05
3473 8.118027519e-05
3474 8.116859373e-05
3475 8.115691732e-05
3476 8.114524594e-05
3477 8.11335796e-05
3478 8.112191828e-05
3479 8.1110262e-05
3480 8.109861074e-05
3481 8.108696449e-05
3482 8.107532327e-05
3483 8.106368705e-05
3484 8.105205585e-05
3485 8.104042965e-05
3486 8.102880845e-05
3487 8.101719225e-05
3488 8.100558104e-05
3489 8.099397483e-05
3490 8.09823736e-05
3491 8.097077735e-05
3492 8.095918609e-05
3493 8.09475998e-05
3494 8.093601849e-05
3495 8.092444214e-05
3496 8.091287076e-05
3497 8.090130434e-05
3498 8.088974289e-05
3499 8.087818638e-05
3500 8.086663483e-05
3501 8.085508823e-05
3502 8.084354657e-05
3503 8.083200985e-05
3504 8.082047807e-05
3505 8.080895123e-05
3506 8.079742931e-05
3507 8.078591232e-05
3508 8.077440026e-05
3509 8.076289311e-05
3510 8.075139089e-05
3511 8.073989357e-05
3512 8.072840117e-05
3513 8.071691367e-05
3514 8.070543107e-05
3515 8.069395337e-05
3516 8.068248057e-05
3517 8.067101266e-05
3518 8.065954964e-05
3519 8.06480915e-05
3520 8.063663825e-05
3521 8.062518987e-05
3522 8.061374637e-05
3523 8.060230774e-05
3524 8.059087398e-05
3525 8.057944508e-05
3526 8.056802104e-05
3527 8.055660186e-05
3528 8.054518754e-05
3529 8.053377806e-05
3530 8.052237343e-05
3531 8.051097365e-05
3532 8.049957871e-05
3533 8.04881886e-05
3534 8.047680333e-05
3535 8.046542288e-05
3536 8.045404727e-05
3537 8.044267647e-05
3538 8.04313105e-05
3539 8.041994934e-05
3540 8.0408593e-05
3541 8.039724147e-05
3542 8.038589474e-05
3543 8.037455281e-05
3544 8.036321569e-05
3545 8.035188336e-05
3546 8.034055582e-05
3547 8.032923307e-05
3548 8.031791511e-05
3549 8.030660193e-05
3550 8.029529353e-05
3551 8.028398991e-05
3552 8.027269106e-05
3553 8.026139697e-05
3554 8.025010766e-05
3555 8.02388231e-05
3556 8.022754331e-05
3557 8.021626827e-05
3558 8.020499798e-05
3559 8.019373244e-05
3560 8.018247165e-05
3561 8.01712156e-05
3562 8.015996429e-05
3563 8.014871771e-05
3564 8.013747587e-05
3565 8.012623876e-05
3566 8.011500637e-05
3567 8.01037787e-05
3568 8.009255576e-05
3569 8.008133753e-05
3570 8.007012401e-05
3571 8.00589152e-05
3572 8.00477111e-05
3573 8.00365117e-05
3574 8.0025317e-05
3575 8.001412699e-05
3576 8.000294168e-05
3577 7.999176106e-05
3578 7.998058512e-05
3579 7.996941387e-05
3580 7.99582473e-05
3581 7.99470854e-05
3582 7.993592818e-05
3583 7.992477562e-05
3584 7.991362774e-05
3585 7.990248451e-05
3586 7.989134595e-05
3587 7.988021204e-05
3588 7.986908279e-05
3589 7.985795819e-05
3590 7.984683823e-05
3591 7.983572292e-05
3592 7.982461225e-05
3593 7.981350622e-05
3594 7.980240482e-05
3595 7.979130805e-05
3596 7.978021591e-05
3597 7.976912839e-05
3598 7.97580455e-05
3599 7.974696722e-05
3600 7.973589356e-05
3601 7.972482452e-05
3602 7.971376007e-05
3603 7.970270024e-05
3604 7.969164501e-05
3605 7.968059437e-05
3606 7.966954834e-05
3607 7.965850689e-05
3608 7.964747003e-05
3609 7.963643776e-05
3610 7.962541008e-05
3611 7.961438697e-05
3612 7.960336844e-05
3613 7.959235449e-05
3614 7.95813451e-05
3615 7.957034028e-05
3616 7.955934003e-05
3617 7.954834433e-05
3618 7.95373532e-05
3619 7.952636662e-05
3620 7.951538459e-05
3621 7.950440711e-05
3622 7.949343417e-05
3623 7.948246578e-05
3624 7.947150192e-05
3625 7.94605426e-05
3626 7.944958782e-05
3627 7.943863756e-05
3628 7.942769183e-05
3629 7.941675062e-05
3630 7.940581393e-05
3631 7.939488176e-05
3632 7.938395411e-05
3633 7.937303096e-05
3634 7.936211233e-05
3635 7.93511982e-05
3636 7.934028856e-05
3637 7.932938343e-05
3638 7.93184828e-05
3639 7.930758665e-05
3640 7.9296695e-05
3641 7.928580783e-05
3642 7.927492514e-05
3643 7.926404694e-05
3644 7.925317321e-05
3645 7.924230395e-05
3646 7.923143917e-05
3647 7.922057885e-05
3648 7.9209723e-05
3649 7.919887161e-05
3650 7.918802468e-05
3651 7.91771822e-05
3652 7.916634418e-05
3653 7.91555106e-05
3654 7.914468147e-05
3655 7.913385679e-05
3656 7.912303655e-05
3657 7.911222074e-05
3658 7.910140937e-05
3659 7.909060242e-05
3660 7.907979991e-05
3661 7.906900182e-05
3662 7.905820816e-05
3663 7.904741891e-05
3664 7.903663408e-05
3665 7.902585366e-05
3666 7.901507765e-05
3667 7.900430605e-05
3668 7.899353885e-05
3669 7.898277606e-05
3670 7.897201766e-05
3671 7.896126366e-05
3672 7.895051405e-05
3673 7.893976883e-05
3674 7.892902799e-05
3675 7.891829154e-05
3676 7.890755947e-05
3677 7.889683177e-05
3678 7.888610845e-05
3679 7.88753895e-05
3680 7.886467492e-05
3681 7.88539647e-05
3682 7.884325885e-05
3683 7.883255736e-05
3684 7.882186022e-05
3685 7.881116743e-05
3686 7.8800479e-05
3687 7.878979491e-05
3688 7.877911517e-05
3689 7.876843977e-05
3690 7.875776871e-05
3691 7.874710198e-05
3692 7.873643959e-05
3693 7.872578153e-05
3694 7.871512779e-05
3695 7.870447838e-05
3696 7.869383329e-05
3697 7.868319252e-05
3698 7.867255606e-05
3699 7.866192391e-05
3700 7.865129608e-05
3701 7.864067255e-05
3702 7.863005332e-05
3703 7.86194384e-05
3704 7.860882777e-05
3705 7.859822144e-05
3706 7.85876194e-05
3707 7.857702165e-05
3708 7.856642819e-05
3709 7.855583901e-05
3710 7.854525411e-05
3711 7.853467348e-05
3712 7.852409713e-05
3713 7.851352506e-05
3714 7.850295725e-05
3715 7.849239371e-05
3716 7.848183443e-05
3717 7.847127941e-05
3718 7.846072865e-05
3719 7.845018215e-05
3720 7.843963989e-05
3721 7.842910189e-05
3722 7.841856813e-05
3723 7.840803861e-05
3724 7.839751334e-05
3725 7.83869923e-05
3726 7.83764755e-05
3727 7.836596293e-05
3728 7.835545458e-05
3729 7.834495047e-05
3730 7.833445057e-05
3731 7.83239549e-05
3732 7.831346345e-05
3733 7.830297621e-05
3734 7.829249318e-05
3735 7.828201436e-05
3736 7.827153975e-05
3737 7.826106934e-05
3738 7.825060313e-05
3739 7.824014112e-05
3740 7.822968331e-05
3741 7.821922968e-05
3742 7.820878025e-05
3743 7.819833501e-05
3744 7.818789394e-05
3745 7.817745706e-05
3746 7.816702436e-05
3747 7.815659583e-05
3748 7.814617148e-05
3749 7.813575129e-05
3750 7.812533528e-05
3751 7.811492342e-05
3752 7.810451573e-05
3753 7.80941122e-05
3754 7.808371283e-05
3755 7.80733176e-05
3756 7.806292653e-05
3757 7.805253961e-05
3758 7.804215683e-05
3759 7.803177819e-05
3760 7.80214037e-05
3761 7.801103334e-05
3762 7.800066711e-05
3763 7.799030501e-05
3764 7.797994705e-05
3765 7.796959321e-05
3766 7.795924349e-05
3767 7.794889789e-05
3768 7.793855642e-05
3769 7.792821905e-05
3770 7.79178858e-05
3771 7.790755666e-05
3772 7.789723162e-05
3773 7.788691069e-05
3774 7.787659386e-05
3775 7.786628113e-05
3776 7.785597249e-05
3777 7.784566795e-05
3778 7.78353675e-05
3779 7.782507113e-05
3780 7.781477885e-05
3781 7.780449066e-05
3782 7.779420654e-05
3783 7.77839265e-05
3784 7.777365053e-05
3785 7.776337864e-05
3786 7.775311081e-05
3787 7.774284705e-05
3788 7.773258735e-05
3789 7.772233172e-05
3790 7.771208014e-05
3791 7.770183262e-05
3792 7.769158915e-05
3793 7.768134973e-05
3794 7.767111436e-05
3795 7.766088304e-05
3796 7.765065575e-05
3797 7.764043251e-05
3798 7.76302133e-05
3799 7.761999812e-05
3800 7.760978698e-05
3801 7.759957987e-05
3802 7.758937678e-05
3803 7.757917772e-05
3804 7.756898267e-05
3805 7.755879165e-05
3806 7.754860464e-05
3807 7.753842165e-05
3808 7.752824266e-05
3809 7.751806768e-05
3810 7.750789671e-05
3811 7.749772974e-05
3812 7.748756677e-05
3813 7.74774078e-05
3814 7.746725282e-05
3815 7.745710183e-05
3816 7.744695483e-05
3817 7.743681182e-05
3818 7.74266728e-05
3819 7.741653775e-05
3820 7.740640669e-05
3821 7.73962796e-05
3822 7.738615648e-05
3823 7.737603734e-05
3824 7.736592216e-05
3825 7.735581095e-05
3826 7.734570371e-05
3827 7.733560042e-05
3828 7.732550109e-05
3829 7.731540572e-05
3830 7.73053143e-05
3831 7.729522683e-05
3832 7.728514331e-05
3833 7.727506374e-05
3834 7.72649881e-05
3835 7.725491641e-05
3836 7.724484866e-05
3837 7.723478484e-05
3838 7.722472495e-05
3839 7.721466899e-05
3840 7.720461696e-05
3841 7.719456886e-05
3842 7.718452467e-05
3843 7.717448441e-05
3844 7.716444806e-05
3845 7.715441563e-05
3846 7.714438711e-05
3847 7.71343625e-05
3848 7.71243418e-05
3849 7.7114325e-05
3850 7.71043121e-05
3851 7.709430311e-05
3852 7.708429801e-05
3853 7.70742968e-05
3854 7.706429949e-05
3855 7.705430606e-05
3856 7.704431652e-05
3857 7.703433087e-05
3858 7.702434909e-05
3859 7.70143712e-05
3860 7.700439718e-05
3861 7.699442704e-05
3862 7.698446077e-05
3863 7.697449837e-05
3864 7.696453983e-05
3865 7.695458516e-05
3866 7.694463435e-05
3867 7.69346874e-05
3868 7.692474431e-05
3869 7.691480507e-05
3870 7.690486968e-05
3871 7.689493814e-05
3872 7.688501045e-05
3873 7.68750866e-05
3874 7.68651666e-05
3875 7.685525043e-05
3876 7.68453381e-05
3877 7.68354296e-05
3878 7.682552494e-05
3879 7.68156241e-05
3880 7.68057271e-05
3881 7.679583391e-05
3882 7.678594455e-05
3883 7.677605901e-05
3884 7.676617729e-05
3885 7.675629938e-05
3886 7.674642528e-05
3887 7.673655499e-05
3888 7.672668851e-05
3889 7.671682583e-05
3890 7.670696696e-05
3891 7.669711189e-05
3892 7.668726061e-05
3893 7.667741313e-05
3894 7.666756944e-05
3895 7.665772954e-05
3896 7.664789343e-05
3897 7.66380611e-05
3898 7.662823256e-05
3899 7.66184078e-05
3900 7.660858682e-05
3901 7.659876961e-05
3902 7.658895617e-05
3903 7.657914651e-05
3904 7.656934061e-05
3905 7.655953848e-05
3906 7.654974011e-05
3907 7.653994551e-05
3908 7.653015466e-05
3909 7.652036757e-05
3910 7.651058423e-05
3911 7.650080465e-05
3912 7.649102881e-05
3913 7.648125672e-05
3914 7.647148838e-05
3915 7.646172378e-05
3916 7.645196291e-05
3917 7.644220579e-05
3918 7.643245239e-05
3919 7.642270273e-05
3920 7.641295681e-05
3921 7.64032146e-05
3922 7.639347613e-05
3923 7.638374137e-05
3924 7.637401034e-05
3925 7.636428303e-05
3926 7.635455943e-05
3927 7.634483954e-05
3928 7.633512337e-05
3929 7.63254109e-05
3930 7.631570214e-05
3931 7.630599709e-05
3932 7.629629573e-05
3933 7.628659808e-05
3934 7.627690412e-05
3935 7.626721386e-05
3936 7.625752729e-05
3937 7.624784441e-05
3938 7.623816522e-05
3939 7.622848971e-05
3940 7.621881788e-05
3941 7.620914974e-05
3942 7.619948527e-05
3943 7.618982448e-05
3944 7.618016736e-05
3945 7.617051392e-05
3946 7.616086414e-05
3947 7.615121803e-05
3948 7.614157558e-05
3949 7.61319368e-05
3950 7.612230168e-05
3951 7.611267021e-05
3952 7.61030424e-05
3953 7.609341824e-05
3954 7.608379773e-05
3955 7.607418087e-05
3956 7.606456765e-05
3957 7.605495808e-05
3958 7.604535215e-05
3959 7.603574985e-05
3960 7.60261512e-05
3961 7.601655618e-05
3962 7.600696479e-05
3963 7.599737703e-05
3964 7.59877929e-05
3965 7.597821239e-05
3966 7.59686355e-05
3967 7.595906224e-05
3968 7.59494926e-05
3969 7.593992657e-05
3970 7.593036415e-05
3971 7.592080534e-05
3972 7.591125015e-05
3973 7.590169856e-05
3974 7.589215058e-05
3975 7.588260619e-05
3976 7.587306541e-05
3977 7.586352823e-05
3978 7.585399464e-05
3979 7.584446465e-05
3980 7.583493824e-05
3981 7.582541543e-05
3982 7.58158962e-05
3983 7.580638055e-05
3984 7.579686849e-05
3985 7.578736001e-05
3986 7.57778551e-05
3987 7.576835377e-05
3988 7.575885602e-05
3989 7.574936183e-05
3990 7.573987121e-05
3991 7.573038416e-05
3992 7.572090068e-05
3993 7.571142075e-05
3994 7.570194439e-05
3995 7.569247158e-05
3996 7.568300233e-05
3997 7.567353663e-05
3998 7.566407448e-05
3999 7.565461588e-05
4000 7.564516082e-05
4001 7.563570931e-05
4002 7.562626134e-05
4003 7.561681692e-05
4004 7.560737602e-05
4005 7.559793867e-05
4006 7.558850485e-05
4007 7.557907455e-05
4008 7.556964779e-05
4009 7.556022455e-05
4010 7.555080484e-05
4011 7.554138865e-05
4012 7.553197598e-05
4013 7.552256683e-05
4014 7.551316119e-05
4015 7.550375906e-05
4016 7.549436045e-05
4017 7.548496535e-05
4018 7.547557375e-05
4019 7.546618566e-05
4020 7.545680107e-05
4021 7.544741998e-05
4022 7.543804238e-05
4023 7.542866829e-05
4024 7.541929768e-05
4025 7.540993057e-05
4026 7.540056695e-05
4027 7.539120681e-05
4028 7.538185016e-05
4029 7.5372497e-05
4030 7.536314731e-05
4031 7.53538011e-05
4032 7.534445837e-05
4033 7.533511911e-05
4034 7.532578333e-05
4035 7.531645101e-05
4036 7.530712217e-05
4037 7.529779678e-05
4038 7.528847487e-05
4039 7.527915641e-05
4040 7.526984141e-05
4041 7.526052987e-05
4042 7.525122178e-05
4043 7.524191715e-05
4044 7.523261597e-05
4045 7.522331823e-05
4046 7.521402394e-05
4047 7.52047331e-05
4048 7.51954457e-05
4049 7.518616174e-05
4050 7.517688121e-05
4051 7.516760413e-05
4052 7.515833047e-05
4053 7.514906025e-05
4054 7.513979346e-05
4055 7.513053009e-05
4056 7.512127015e-05
4057 7.511201363e-05
4058 7.510276053e-05
4059 7.509351086e-05
4060 7.50842646e-05
4061 7.507502175e-05
4062 7.506578231e-05
4063 7.505654629e-05
4064 7.504731368e-05
4065 7.503808447e-05
4066 7.502885866e-05
4067 7.501963626e-05
4068 7.501041726e-05
4069 7.500120165e-05
4070 7.499198944e-05
4071 7.498278063e-05
4072 7.49735752e-05
4073 7.496437317e-05
4074 7.495517452e-05
4075 7.494597926e-05
4076 7.493678738e-05
4077 7.492759888e-05
4078 7.491841377e-05
4079 7.490923202e-05
4080 7.490005366e-05
4081 7.489087867e-05
4082 7.488170704e-05
4083 7.487253879e-05
4084 7.48633739e-05
4085 7.485421238e-05
4086 7.484505422e-05
4087 7.483589943e-05
4088 7.482674799e-05
4089 7.48175999e-05
4090 7.480845517e-05
4091 7.47993138e-05
4092 7.479017577e-05
4093 7.478104109e-05
4094 7.477190976e-05
4095 7.476278177e-05
4096 7.475365713e-05
4097 7.474453582e-05
4098 7.473541786e-05
4099 7.472630322e-05
4100 7.471719193e-05
4101 7.470808396e-05
4102 7.469897933e-05
4103 7.468987802e-05
4104 7.468078004e-05
4105 7.467168538e-05
4106 7.466259404e-05
4107 7.465350603e-05
4108 7.464442133e-05
4109 7.463533995e-05
4110 7.462626188e-05
4111 7.461718712e-05
4112 7.460811568e-05
4113 7.459904754e-05
4114 7.45899827e-05
4115 7.458092117e-05
4116 7.457186295e-05
4117 7.456280802e-05
4118 7.455375639e-05
4119 7.454470805e-05
4120 7.453566301e-05
4121 7.452662126e-05
4122 7.45175828e-05
4123 7.450854763e-05
4124 7.449951574e-05
4125 7.449048714e-05
4126 7.448146182e-05
4127 7.447243978e-05
4128 7.446342101e-05
4129 7.445440553e-05
4130 7.444539331e-05
4131 7.443638437e-05
4132 7.44273787e-05
4133 7.441837629e-05
4134 7.440937715e-05
4135 7.440038128e-05
4136 7.439138867e-05
4137 7.438239931e-05
4138 7.437341322e-05
4139 7.436443038e-05
4140 7.43554508e-05
4141 7.434647446e-05
4142 7.433750138e-05
4143 7.432853155e-05
4144 7.431956496e-05
4145 7.431060161e-05
4146 7.430164151e-05
4147 7.429268465e-05
4148 7.428373103e-05
4149 7.427478064e-05
4150 7.426583349e-05
4151 7.425688957e-05
4152 7.424794888e-05
4153 7.423901142e-05
4154 7.423007719e-05
4155 7.422114618e-05
4156 7.421221839e-05
4157 7.420329383e-05
4158 7.419437248e-05
4159 7.418545436e-05
4160 7.417653944e-05
4161 7.416762774e-05
4162 7.415871925e-05
4163 7.414981397e-05
4164 7.41409119e-05
4165 7.413201303e-05
4166 7.412311737e-05
4167 7.411422491e-05
4168 7.410533564e-05
4169 7.409644958e-05
4170 7.408756671e-05
4171 7.407868704e-05
4172 7.406981055e-05
4173 7.406093726e-05
4174 7.405206716e-05
4175 7.404320024e-05
4176 7.40343365e-05
4177 7.402547595e-05
4178 7.401661858e-05
4179 7.400776439e-05
4180 7.399891337e-05
4181 7.399006553e-05
4182 7.398122087e-05
4183 7.397237937e-05
4184 7.396354104e-05
4185 7.395470588e-05
4186 7.394587389e-05
4187 7.393704506e-05
4188 7.392821939e-05
4189 7.391939688e-05
4190 7.391057753e-05
4191 7.390176133e-05
4192 7.389294829e-05
4193 7.38841384e-05
4194 7.387533166e-05
4195 7.386652807e-05
4196 7.385772762e-05
4197 7.384893033e-05
4198 7.384013617e-05
4199 7.383134515e-05
4200 7.382255728e-05
4201 7.381377254e-05
4202 7.380499093e-05
4203 7.379621246e-05
4204 7.378743712e-05
4205 7.377866491e-05
4206 7.376989583e-05
4207 7.376112988e-05
4208 7.375236705e-05
4209 7.374360734e-05
4210 7.373485075e-05
4211 7.372609728e-05
4212 7.371734693e-05
4213 7.370859969e-05
4214 7.369985556e-05
4215 7.369111455e-05
4216 7.368237665e-05
4217 7.367364185e-05
4218 7.366491016e-05
4219 7.365618157e-05
4220 7.364745609e-05
4221 7.36387337e-05
4222 7.363001442e-05
4223 7.362129823e-05
4224 7.361258513e-05
4225 7.360387513e-05
4226 7.359516822e-05
4227 7.358646439e-05
4228 7.357776366e-05
4229 7.356906601e-05
4230 7.356037145e-05
4231 7.355167996e-05
4232 7.354299156e-05
4233 7.353430623e-05
4234 7.352562398e-05
4235 7.351694481e-05
4236 7.350826871e-05
4237 7.349959568e-05
4238 7.349092572e-05
4239 7.348225882e-05
4240 7.347359499e-05
4241 7.346493423e-05
4242 7.345627653e-05
4243 7.344762189e-05
4244 7.34389703e-05
4245 7.343032177e-05
4246 7.34216763e-05
4247 7.341303388e-05
4248 7.340439451e-05
4249 7.339575819e-05
4250 7.338712492e-05
4251 7.33784947e-05
4252 7.336986751e-05
4253 7.336124338e-05
4254 7.335262228e-05
4255 7.334400422e-05
4256 7.333538919e-05
4257 7.33267772e-05
4258 7.331816825e-05
4259 7.330956232e-05
4260 7.330095943e-05
4261 7.329235956e-05
4262 7.328376272e-05
4263 7.327516891e-05
4264 7.326657811e-05
4265 7.325799034e-05
4266 7.324940559e-05
4267 7.324082385e-05
4268 7.323224513e-05
4269 7.322366943e-05
4270 7.321509673e-05
4271 7.320652705e-05
4272 7.319796037e-05
4273 7.31893967e-05
4274 7.318083604e-05
4275 7.317227838e-05
4276 7.316372372e-05
4277 7.315517206e-05
4278 7.31466234e-05
4279 7.313807773e-05
4280 7.312953506e-05
4281 7.312099538e-05
4282 7.31124587e-05
4283 7.3103925e-05
4284 7.309539429e-05
4285 7.308686656e-05
4286 7.307834182e-05
4287 7.306982006e-05
4288 7.306130128e-05
4289 7.305278548e-05
4290 7.304427266e-05
4291 7.303576281e-05
4292 7.302725594e-05
4293 7.301875204e-05
4294 7.301025111e-05
4295 7.300175314e-05
4296 7.299325815e-05
4297 7.298476612e-05
4298 7.297627705e-05
4299 7.296779094e-05
4300 7.295930779e-05
4301 7.29508276e-05
4302 7.294235037e-05
4303 7.293387609e-05
4304 7.292540477e-05
4305 7.291693639e-05
4306 7.290847097e-05
4307 7.290000849e-05
4308 7.289154896e-05
4309 7.288309237e-05
4310 7.287463873e-05
4311 7.286618803e-05
4312 7.285774026e-05
4313 7.284929544e-05
4314 7.284085355e-05
4315 7.283241459e-05
4316 7.282397856e-05
4317 7.281554547e-05
4318 7.280711531e-05
4319 7.279868807e-05
4320 7.279026376e-05
4321 7.278184237e-05
4322 7.27734239e-05
4323 7.276500836e-05
4324 7.275659573e-05
4325 7.274818603e-05
4326 7.273977923e-05
4327 7.273137535e-05
4328 7.272297438e-05
4329 7.271457633e-05
4330 7.270618118e-05
4331 7.269778894e-05
4332 7.26893996e-05
4333 7.268101317e-05
4334 7.267262964e-05
4335 7.266424901e-05
4336 7.265587128e-05
4337 7.264749645e-05
4338 7.263912451e-05
4339 7.263075546e-05
4340 7.262238931e-05
4341 7.261402605e-05
4342 7.260566567e-05
4343 7.259730819e-05
4344 7.258895359e-05
4345 7.258060187e-05
4346 7.257225303e-05
4347 7.256390708e-05
4348 7.2555564e-05
4349 7.25472238e-05
4350 7.253888648e-05
4351 7.253055203e-05
4352 7.252222045e-05
4353 7.251389174e-05
4354 7.25055659e-05
4355 7.249724293e-05
4356 7.248892283e-05
4357 7.248060558e-05
4358 7.24722912e-05
4359 7.246397968e-05
4360 7.245567102e-05
4361 7.244736522e-05
4362 7.243906227e-05
4363 7.243076218e-05
4364 7.242246494e-05
4365 7.241417055e-05
4366 7.240587901e-05
4367 7.239759032e-05
4368 7.238930447e-05
4369 7.238102147e-05
4370 7.237274131e-05
4371 7.236446399e-05
4372 7.235618951e-05
4373 7.234791786e-05
4374 7.233964906e-05
4375 7.233138309e-05
4376 7.232311995e-05
4377 7.231485964e-05
4378 7.230660216e-05
4379 7.229834751e-05
4380 7.229009569e-05
4381 7.228184669e-05
4382 7.227360052e-05
4383 7.226535716e-05
4384 7.225711663e-05
4385 7.224887892e-05
4386 7.224064402e-05
4387 7.223241194e-05
4388 7.222418267e-05
4389 7.221595621e-05
4390 7.220773256e-05
4391 7.219951172e-05
4392 7.219129369e-05
4393 7.218307847e-05
4394 7.217486605e-05
4395 7.216665643e-05
4396 7.215844961e-05
4397 7.215024559e-05
4398 7.214204437e-05
4399 7.213384594e-05
4400 7.212565031e-05
4401 7.211745747e-05
4402 7.210926743e-05
4403 7.210108017e-05
4404 7.20928957e-05
4405 7.208471402e-05
4406 7.207653512e-05
4407 7.206835901e-05
4408 7.206018567e-05
4409 7.205201512e-05
4410 7.204384735e-05
4411 7.203568235e-05
4412 7.202752013e-05
4413 7.201936068e-05
4414 7.201120401e-05
4415 7.20030501e-05
4416 7.199489897e-05
4417 7.19867506e-05
4418 7.1978605e-05
4419 7.197046216e-05
4420 7.196232209e-05
4421 7.195418478e-05
4422 7.194605022e-05
4423 7.193791843e-05
4424 7.192978939e-05
4425 7.192166311e-05
4426 7.191353958e-05
4427 7.19054188e-05
4428 7.189730078e-05
4429 7.18891855e-05
4430 7.188107297e-05
4431 7.187296319e-05
4432 7.186485615e-05
4433 7.185675185e-05
4434 7.184865029e-05
4435 7.184055148e-05
4436 7.18324554e-05
4437 7.182436205e-05
4438 7.181627145e-05
4439 7.180818357e-05
4440 7.180009843e-05
4441 7.179201602e-05
4442 7.178393634e-05
4443 7.177585939e-05
4444 7.176778516e-05
4445 7.175971365e-05
4446 7.175164487e-05
4447 7.174357881e-05
4448 7.173551547e-05
4449 7.172745484e-05
4450 7.171939694e-05
4451 7.171134175e-05
4452 7.170328927e-05
4453 7.16952395e-05
4454 7.168719245e-05
4455 7.16791481e-05
4456 7.167110646e-05
4457 7.166306753e-05
4458 7.16550313e-05
4459 7.164699777e-05
4460 7.163896695e-05
4461 7.163093883e-05
4462 7.16229134e-05
4463 7.161489067e-05
4464 7.160687064e-05
4465 7.15988533e-05
4466 7.159083865e-05
4467 7.158282669e-05
4468 7.157481743e-05
4469 7.156681085e-05
4470 7.155880695e-05
4471 7.155080574e-05
4472 7.154280722e-05
4473 7.153481138e-05
4474 7.152681821e-05
4475 7.151882773e-05
4476 7.151083992e-05
4477 7.150285479e-05
4478 7.149487233e-05
4479 7.148689255e-05
4480 7.147891544e-05
4481 7.1470941e-05
4482 7.146296922e-05
4483 7.145500011e-05
4484 7.144703367e-05
4485 7.143906989e-05
4486 7.143110878e-05
4487 7.142315032e-05
4488 7.141519453e-05
4489 7.140724139e-05
4490 7.139929091e-05
4491 7.139134309e-05
4492 7.138339791e-05
4493 7.137545539e-05
4494 7.136751553e-05
4495 7.13595783e-05
4496 7.135164373e-05
4497 7.134371181e-05
4498 7.133578252e-05
4499 7.132785589e-05
4500 7.131993189e-05
4501 7.131201053e-05
4502 7.130409182e-05
4503 7.129617573e-05
4504 7.128826229e-05
4505 7.128035148e-05
4506 7.12724433e-05
4507 7.126453776e-05
4508 7.125663484e-05
4509 7.124873456e-05
4510 7.12408369e-05
4511 7.123294186e-05
4512 7.122504945e-05
4513 7.121715967e-05
4514 7.12092725e-05
4515 7.120138796e-05
4516 7.119350603e-05
4517 7.118562672e-05
4518 7.117775002e-05
4519 7.116987594e-05
4520 7.116200448e-05
4521 7.115413562e-05
4522 7.114626937e-05
4523 7.113840573e-05
4524 7.11305447e-05
4525 7.112268628e-05
4526 7.111483045e-05
4527 7.110697723e-05
4528 7.109912662e-05
4529 7.10912786e-05
4530 7.108343318e-05
4531 7.107559035e-05
4532 7.106775012e-05
4533 7.105991249e-05
4534 7.105207745e-05
4535 7.1044245e-05
4536 7.103641514e-05
4537 7.102858786e-05
4538 7.102076318e-05
4539 7.101294108e-05
4540 7.100512156e-05
4541 7.099730463e-05
4542 7.098949027e-05
4543 7.09816785e-05
4544 7.09738693e-05
4545 7.096606269e-05
4546 7.095825864e-05
4547 7.095045717e-05
4548 7.094265828e-05
4549 7.093486195e-05
4550 7.09270682e-05
4551 7.091927701e-05
4552 7.091148839e-05
4553 7.090370234e-05
4554 7.089591885e-05
4555 7.088813792e-05
4556 7.088035955e-05
4557 7.087258375e-05
4558 7.08648105e-05
4559 7.085703981e-05
4560 7.084927168e-05
4561 7.08415061e-05
4562 7.083374307e-05
4563 7.082598259e-05
4564 7.081822467e-05
4565 7.081046929e-05
4566 7.080271646e-05
4567 7.079496618e-05
4568 7.078721844e-05
4569 7.077947324e-05
4570 7.077173059e-05
4571 7.076399047e-05
4572 7.07562529e-05
4573 7.074851786e-05
4574 7.074078536e-05
4575 7.073305539e-05
4576 7.072532796e-05
4577 7.071760306e-05
4578 7.070988069e-05
4579 7.070216085e-05
4580 7.069444354e-05
4581 7.068672875e-05
4582 7.067901649e-05
4583 7.067130675e-05
4584 7.066359954e-05
4585 7.065589484e-05
4586 7.064819267e-05
4587 7.064049301e-05
4588 7.063279587e-05
4589 7.062510125e-05
4590 7.061740914e-05
4591 7.060971955e-05
4592 7.060203246e-05
4593 7.059434789e-05
4594 7.058666582e-05
4595 7.057898626e-05
4596 7.057130921e-05
4597 7.056363466e-05
4598 7.055596261e-05
4599 7.054829307e-05
4600 7.054062603e-05
4601 7.053296148e-05
4602 7.052529944e-05
4603 7.051763989e-05
4604 7.050998284e-05
4605 7.050232827e-05
4606 7.049467621e-05
4607 7.048702663e-05
4608 7.047937954e-05
4609 7.047173494e-05
4610 7.046409283e-05
4611 7.045645321e-05
4612 7.044881606e-05
4613 7.04411814e-05
4614 7.043354923e-05
4615 7.042591953e-05
4616 7.041829231e-05
4617 7.041066757e-05
4618 7.040304531e-05
4619 7.039542552e-05
4620 7.03878082e-05
4621 7.038019336e-05
4622 7.037258098e-05
4623 7.036497108e-05
4624 7.035736365e-05
4625 7.034975868e-05
4626 7.034215617e-05
4627 7.033455614e-05
4628 7.032695856e-05
4629 7.031936345e-05
4630 7.031177079e-05
4631 7.03041806e-05
4632 7.029659286e-05
4633 7.028900758e-05
4634 7.028142475e-05
4635 7.027384438e-05
4636 7.026626646e-05
4637 7.025869099e-05
4638 7.025111797e-05
4639 7.02435474e-05
4640 7.023597927e-05
4641 7.02284136e-05
4642 7.022085036e-05
4643 7.021328957e-05
4644 7.020573122e-05
4645 7.019817531e-05
4646 7.019062184e-05
4647 7.018307081e-05
4648 7.017552221e-05
4649 7.016797605e-05
4650 7.016043232e-05
4651 7.015289103e-05
4652 7.014535217e-05
4653 7.013781573e-05
4654 7.013028173e-05
4655 7.012275015e-05
4656 7.0115221e-05
4657 7.010769427e-05
4658 7.010016997e-05
4659 7.009264809e-05
4660 7.008512863e-05
4661 7.007761159e-05
4662 7.007009697e-05
4663 7.006258476e-05
4664 7.005507497e-05
4665 7.00475676e-05
4666 7.004006263e-05
4667 7.003256008e-05
4668 7.002505994e-05
4669 7.001756221e-05
4670 7.001006689e-05
4671 7.000257397e-05
4672 6.999508346e-05
4673 6.998759535e-05
4674 6.998010965e-05
4675 6.997262634e-05
4676 6.996514544e-05
4677 6.995766694e-05
4678 6.995019083e-05
4679 6.994271712e-05
4680 6.99352458e-05
4681 6.992777688e-05
4682 6.992031035e-05
4683 6.991284622e-05
4684 6.990538447e-05
4685 6.989792511e-05
4686 6.989046814e-05
4687 6.988301355e-05
4688 6.987556135e-05
4689 6.986811153e-05
4690 6.98606641e-05
4691 6.985321904e-05
4692 6.984577637e-05
4693 6.983833607e-05
4694 6.983089816e-05
4695 6.982346261e-05
4696 6.981602945e-05
4697 6.980859865e-05
4698 6.980117023e-05
4699 6.979374418e-05
4700 6.97863205e-05
4701 6.977889918e-05
4702 6.977148024e-05
4703 6.976406366e-05
4704 6.975664944e-05
4705 6.974923759e-05
4706 6.97418281e-05
4707 6.973442097e-05
4708 6.97270162e-05
4709 6.971961379e-05
4710 6.971221373e-05
4711 6.970481603e-05
4712 6.969742069e-05
4713 6.96900277e-05
4714 6.968263706e-05
4715 6.967524877e-05
4716 6.966786283e-05
4717 6.966047924e-05
4718 6.9653098e-05
4719 6.96457191e-05
4720 6.963834255e-05
4721 6.963096834e-05
4722 6.962359647e-05
4723 6.961622695e-05
4724 6.960885976e-05
4725 6.960149491e-05
4726 6.95941324e-05
4727 6.958677223e-05
4728 6.957941439e-05
4729 6.957205888e-05
4730 6.956470571e-05
4731 6.955735486e-05
4732 6.955000635e-05
4733 6.954266017e-05
4734 6.953531631e-05
4735 6.952797478e-05
4736 6.952063557e-05
4737 6.951329869e-05
4738 6.950596413e-05
4739 6.949863189e-05
4740 6.949130197e-05
4741 6.948397437e-05
4742 6.947664908e-05
4743 6.946932612e-05
4744 6.946200546e-05
4745 6.945468713e-05
4746 6.94473711e-05
4747 6.944005739e-05
4748 6.943274598e-05
4749 6.942543689e-05
4750 6.94181301e-05
4751 6.941082562e-05
4752 6.940352345e-05
4753 6.939622357e-05
4754 6.938892601e-05
4755 6.938163074e-05
4756 6.937433777e-05
4757 6.936704711e-05
4758 6.935975874e-05
4759 6.935247267e-05
4760 6.934518889e-05
4761 6.933790741e-05
4762 6.933062822e-05
4763 6.932335133e-05
4764 6.931607672e-05
4765 6.93088044e-05
4766 6.930153438e-05
4767 6.929426664e-05
4768 6.928700118e-05
4769 6.927973801e-05
4770 6.927247713e-05
4771 6.926521853e-05
4772 6.92579622e-05
4773 6.925070816e-05
4774 6.92434564e-05
4775 6.923620691e-05
4776 6.922895971e-05
4777 6.922171477e-05
4778 6.921447211e-05
4779 6.920723173e-05
4780 6.919999361e-05
4781 6.919275777e-05
4782 6.918552419e-05
4783 6.917829289e-05
4784 6.917106385e-05
4785 6.916383707e-05
4786 6.915661257e-05
4787 6.914939032e-05
4788 6.914217034e-05
4789 6.913495261e-05
4790 6.912773715e-05
4791 6.912052395e-05
4792 6.9113313e-05
4793 6.910610431e-05
4794 6.909889788e-05
4795 6.90916937e-05
4796 6.908449177e-05
4797 6.907729209e-05
4798 6.907009467e-05
4799 6.906289949e-05
4800 6.905570656e-05
4801 6.904851588e-05
4802 6.904132745e-05
4803 6.903414126e-05
4804 6.902695731e-05
4805 6.90197756e-05
4806 6.901259614e-05
4807 6.900541892e-05
4808 6.899824393e-05
4809 6.899107118e-05
4810 6.898390067e-05
4811 6.89767324e-05
4812 6.896956636e-05
4813 6.896240255e-05
4814 6.895524097e-05
4815 6.894808162e-05
4816 6.894092451e-05
4817 6.893376962e-05
4818 6.892661696e-05
4819 6.891946652e-05
4820 6.891231831e-05
4821 6.890517233e-05
4822 6.889802856e-05
4823 6.889088702e-05
4824 6.88837477e-05
4825 6.88766106e-05
4826 6.886947571e-05
4827 6.886234304e-05
4828 6.885521259e-05
4829 6.884808435e-05
4830 6.884095833e-05
4831 6.883383452e-05
4832 6.882671292e-05
4833 6.881959353e-05
4834 6.881247634e-05
4835 6.880536137e-05
4836 6.87982486e-05
4837 6.879113804e-05
4838 6.878402968e-05
4839 6.877692352e-05
4840 6.876981957e-05
4841 6.876271782e-05
4842 6.875561827e-05
4843 6.874852091e-05
4844 6.874142575e-05
4845 6.873433279e-05
4846 6.872724203e-05
4847 6.872015346e-05
4848 6.871306708e-05
4849 6.870598289e-05
4850 6.86989009e-05
4851 6.869182109e-05
4852 6.868474347e-05
4853 6.867766804e-05
4854 6.86705948e-05
4855 6.866352374e-05
4856 6.865645486e-05
4857 6.864938817e-05
4858 6.864232366e-05
4859 6.863526133e-05
4860 6.862820118e-05
4861 6.86211432e-05
4862 6.861408741e-05
4863 6.860703379e-05
4864 6.859998234e-05
4865 6.859293307e-05
4866 6.858588597e-05
4867 6.857884105e-05
4868 6.857179829e-05
4869 6.85647577e-05
4870 6.855771928e-05
4871 6.855068303e-05
4872 6.854364895e-05
4873 6.853661702e-05
4874 6.852958727e-05
4875 6.852255967e-05
4876 6.851553424e-05
4877 6.850851097e-05
4878 6.850148985e-05
4879 6.84944709e-05
4880 6.84874541e-05
4881 6.848043946e-05
4882 6.847342697e-05
4883 6.846641664e-05
4884 6.845940846e-05
4885 6.845240243e-05
4886 6.844539855e-05
4887 6.843839682e-05
4888 6.843139724e-05
4889 6.842439981e-05
4890 6.841740452e-05
4891 6.841041138e-05
4892 6.840342038e-05
4893 6.839643153e-05
4894 6.838944482e-05
4895 6.838246024e-05
4896 6.837547781e-05
4897 6.836849751e-05
4898 6.836151936e-05
4899 6.835454334e-05
4900 6.834756945e-05
4901 6.83405977e-05
4902 6.833362808e-05
4903 6.832666059e-05
4904 6.831969524e-05
4905 6.831273201e-05
4906 6.830577091e-05
4907 6.829881194e-05
4908 6.82918551e-05
4909 6.828490038e-05
4910 6.827794779e-05
4911 6.827099732e-05
4912 6.826404897e-05
4913 6.825710274e-05
4914 6.825015863e-05
4915 6.824321664e-05
4916 6.823627677e-05
4917 6.822933902e-05
4918 6.822240338e-05
4919 6.821546986e-05
4920 6.820853845e-05
4921 6.820160915e-05
4922 6.819468197e-05
4923 6.818775689e-05
4924 6.818083392e-05
4925 6.817391306e-05
4926 6.816699431e-05
4927 6.816007767e-05
4928 6.815316313e-05
4929 6.814625069e-05
4930 6.813934036e-05
4931 6.813243213e-05
4932 6.8125526e-05
4933 6.811862197e-05
4934 6.811172003e-05
4935 6.81048202e-05
4936 6.809792246e-05
4937 6.809102682e-05
4938 6.808413327e-05
4939 6.807724181e-05
4940 6.807035245e-05
4941 6.806346518e-05
4942 6.805658e-05
4943 6.80496969e-05
4944 6.80428159e-05
4945 6.803593698e-05
4946 6.802906015e-05
4947 6.80221854e-05
4948 6.801531274e-05
4949 6.800844216e-05
4950 6.800157366e-05
4951 6.799470724e-05
4952 6.79878429e-05
4953 6.798098064e-05
4954 6.797412046e-05
4955 6.796726235e-05
4956 6.796040632e-05
4957 6.795355237e-05
4958 6.794670048e-05
4959 6.793985067e-05
4960 6.793300293e-05
4961 6.792615726e-05
4962 6.791931366e-05
4963 6.791247213e-05
4964 6.790563266e-05
4965 6.789879526e-05
4966 6.789195993e-05
4967 6.788512666e-05
4968 6.787829545e-05
4969 6.78714663e-05
4970 6.786463922e-05
4971 6.785781419e-05
4972 6.785099123e-05
4973 6.784417032e-05
4974 6.783735147e-05
4975 6.783053467e-05
4976 6.782371993e-05
4977 6.781690724e-05
4978 6.78100966e-05
4979 6.780328802e-05
4980 6.779648149e-05
4981 6.7789677e-05
4982 6.778287456e-05
4983 6.777607418e-05
4984 6.776927583e-05
4985 6.776247954e-05
4986 6.775568528e-05
4987 6.774889307e-05
4988 6.774210291e-05
4989 6.773531478e-05
4990 6.77285287e-05
4991 6.772174465e-05
4992 6.771496264e-05
4993 6.770818267e-05
4994 6.770140473e-05
4995 6.769462883e-05
4996 6.768785497e-05
4997 6.768108314e-05
4998 6.767431333e-05
4999 6.766754556e-05
5000 6.766077982e-05
5001 6.765401611e-05
5002 6.764725443e-05
5003 6.764049478e-05
5004 6.763373715e-05
5005 6.762698154e-05
5006 6.762022796e-05
5007 6.76134764e-05
5008 6.760672687e-05
5009 6.759997935e-05
5010 6.759323386e-05
5011 6.758649038e-05
5012 6.757974892e-05
5013 6.757300948e-05
5014 6.756627205e-05
5015 6.755953664e-05
5016 6.755280325e-05
5017 6.754607186e-05
5018 6.753934249e-05
5019 6.753261513e-05
5020 6.752588978e-05
5021 6.751916644e-05
5022 6.75124451e-05
5023 6.750572577e-05
5024 6.749900845e-05
5025 6.749229314e-05
5026 6.748557982e-05
5027 6.747886851e-05
5028 6.74721592e-05
5029 6.74654519e-05
5030 6.745874659e-05
5031 6.745204328e-05
5032 6.744534197e-05
5033 6.743864266e-05
5034 6.743194534e-05
5035 6.742525001e-05
5036 6.741855669e-05
5037 6.741186535e-05
5038 6.7405176e-05
5039 6.739848865e-05
5040 6.739180329e-05
5041 6.738511991e-05
5042 6.737843853e-05
5043 6.737175913e-05
5044 6.736508172e-05
5045 6.735840629e-05
5046 6.735173284e-05
5047 6.734506138e-05
5048 6.73383919e-05
5049 6.733172441e-05
5050 6.732505889e-05
5051 6.731839535e-05
5052 6.731173379e-05
5053 6.730507421e-05
5054 6.72984166e-05
5055 6.729176097e-05
5056 6.728510731e-05
5057 6.727845563e-05
5058 6.727180592e-05
5059 6.726515818e-05
5060 6.725851241e-05
5061 6.725186861e-05
5062 6.724522678e-05
5063 6.723858691e-05
5064 6.723194901e-05
5065 6.722531308e-05
5066 6.721867911e-05
5067 6.721204711e-05
5068 6.720541707e-05
5069 6.719878899e-05
5070 6.719216287e-05
5071 6.718553871e-05
5072 6.717891651e-05
5073 6.717229626e-05
5074 6.716567798e-05
5075 6.715906165e-05
5076 6.715244727e-05
5077 6.714583485e-05
5078 6.713922438e-05
5079 6.713261587e-05
5080 6.71260093e-05
5081 6.711940468e-05
5082 6.711280202e-05
5083 6.71062013e-05
5084 6.709960253e-05
5085 6.70930057e-05
5086 6.708641082e-05
5087 6.707981789e-05
5088 6.70732269e-05
5089 6.706663785e-05
5090 6.706005074e-05
5091 6.705346557e-05
5092 6.704688235e-05
5093 6.704030106e-05
5094 6.703372171e-05
5095 6.702714429e-05
5096 6.702056881e-05
5097 6.701399527e-05
5098 6.700742366e-05
5099 6.700085398e-05
5100 6.699428623e-05
5101 6.698772042e-05
5102 6.698115654e-05
5103 6.697459458e-05
5104 6.696803455e-05
5105 6.696147645e-05
5106 6.695492028e-05
5107 6.694836603e-05
5108 6.694181371e-05
5109 6.693526331e-05
5110 6.692871483e-05
5111 6.692216828e-05
5112 6.691562364e-05
5113 6.690908092e-05
5114 6.690254013e-05
5115 6.689600125e-05
5116 6.688946429e-05
5117 6.688292924e-05
5118 6.687639611e-05
5119 6.686986489e-05
5120 6.686333559e-05
5121 6.68568082e-05
5122 6.685028272e-05
5123 6.684375915e-05
5124 6.683723749e-05
5125 6.683071773e-05
5126 6.682419989e-05
5127 6.681768395e-05
5128 6.681116992e-05
5129 6.680465779e-05
5130 6.679814757e-05
5131 6.679163925e-05
5132 6.678513283e-05
5133 6.677862831e-05
5134 6.67721257e-05
5135 6.676562498e-05
5136 6.675912616e-05
5137 6.675262924e-05
5138 6.674613421e-05
5139 6.673964108e-05
5140 6.673314984e-05
5141 6.67266605e-05
5142 6.672017305e-05
5143 6.671368749e-05
5144 6.670720383e-05
5145 6.670072205e-05
5146 6.669424216e-05
5147 6.668776416e-05
5148 6.668128805e-05
5149 6.667481383e-05
5150 6.666834149e-05
5151 6.666187103e-05
5152 6.665540246e-05
5153 6.664893577e-05
5154 6.664247096e-05
5155 6.663600803e-05
5156 6.662954699e-05
5157 6.662308782e-05
5158 6.661663053e-05
5159 6.661017512e-05
5160 6.660372158e-05
5161 6.659726992e-05
5162 6.659082013e-05
5163 6.658437222e-05
5164 6.657792618e-05
5165 6.657148201e-05
5166 6.656503971e-05
5167 6.655859929e-05
5168 6.655216073e-05
5169 6.654572404e-05
5170 6.653928921e-05
5171 6.653285626e-05
5172 6.652642517e-05
5173 6.651999594e-05
5174 6.651356857e-05
5175 6.650714307e-05
5176 6.650071944e-05
5177 6.649429766e-05
5178 6.648787774e-05
5179 6.648145968e-05
5180 6.647504348e-05
5181 6.646862914e-05
5182 6.646221665e-05
5183 6.645580602e-05
5184 6.644939724e-05
5185 6.644299032e-05
5186 6.643658525e-05
5187 6.643018203e-05
5188 6.642378067e-05
5189 6.641738115e-05
5190 6.641098348e-05
5191 6.640458767e-05
5192 6.639819369e-05
5193 6.639180157e-05
5194 6.638541129e-05
5195 6.637902286e-05
5196 6.637263627e-05
5197 6.636625152e-05
5198 6.635986862e-05
5199 6.635348755e-05
5200 6.634710833e-05
5201 6.634073095e-05
5202 6.63343554e-05
5203 6.632798169e-05
5204 6.632160982e-05
5205 6.631523979e-05
5206 6.630887159e-05
5207 6.630250523e-05
5208 6.629614069e-05
5209 6.6289778e-05
5210 6.628341713e-05
5211 6.627705809e-05
5212 6.627070089e-05
5213 6.626434551e-05
5214 6.625799196e-05
5215 6.625164024e-05
5216 6.624529034e-05
5217 6.623894227e-05
5218 6.623259602e-05
5219 6.62262516e-05
5220 6.6219909e-05
5221 6.621356822e-05
5222 6.620722927e-05
5223 6.620089213e-05
5224 6.619455681e-05
5225 6.618822332e-05
5226 6.618189164e-05
5227 6.617556177e-05
5228 6.616923372e-05
5229 6.616290749e-05
5230 6.615658307e-05
5231 6.615026047e-05
5232 6.614393967e-05
5233 6.613762069e-05
5234 6.613130352e-05
5235 6.612498816e-05
5236 6.611867461e-05
5237 6.611236286e-05
5238 6.610605293e-05
5239 6.60997448e-05
5240 6.609343847e-05
5241 6.608713395e-05
5242 6.608083123e-05
5243 6.607453032e-05
5244 6.606823121e-05
5245 6.60619339e-05
5246 6.605563839e-05
5247 6.604934468e-05
5248 6.604305277e-05
5249 6.603676265e-05
5250 6.603047434e-05
5251 6.602418781e-05
5252 6.601790309e-05
5253 6.601162016e-05
5254 6.600533902e-05
5255 6.599905967e-05
5256 6.599278212e-05
5257 6.598650636e-05
5258 6.598023238e-05
5259 6.59739602e-05
5260 6.596768981e-05
5261 6.59614212e-05
5262 6.595515438e-05
5263 6.594888934e-05
5264 6.594262609e-05
5265 6.593636463e-05
5266 6.593010495e-05
5267 6.592384705e-05
5268 6.591759093e-05
5269 6.591133659e-05
5270 6.590508403e-05
5271 6.589883325e-05
5272 6.589258425e-05
5273 6.588633703e-05
5274 6.588009158e-05
5275 6.587384791e-05
5276 6.586760602e-05
5277 6.586136589e-05
5278 6.585512755e-05
5279 6.584889097e-05
5280 6.584265617e-05
5281 6.583642313e-05
5282 6.583019187e-05
5283 6.582396237e-05
5284 6.581773464e-05
5285 6.581150868e-05
5286 6.580528449e-05
5287 6.579906206e-05
5288 6.57928414e-05
5289 6.57866225e-05
5290 6.578040537e-05
5291 6.577418999e-05
5292 6.576797638e-05
5293 6.576176453e-05
5294 6.575555444e-05
5295 6.57493461e-05
5296 6.574313953e-05
5297 6.573693471e-05
5298 6.573073165e-05
5299 6.572453035e-05
5300 6.57183308e-05
5301 6.5712133e-05
5302 6.570593696e-05
5303 6.569974267e-05
5304 6.569355013e-05
5305 6.568735934e-05
5306 6.56811703e-05
5307 6.567498301e-05
5308 6.566879747e-05
5309 6.566261368e-05
5310 6.565643163e-05
5311 6.565025133e-05
5312 6.564407277e-05
5313 6.563789596e-05
5314 6.563172089e-05
5315 6.562554756e-05
5316 6.561937598e-05
5317 6.561320614e-05
5318 6.560703803e-05
5319 6.560087167e-05
5320 6.559470704e-05
5321 6.558854415e-05
5322 6.5582383e-05
5323 6.557622358e-05
5324 6.55700659e-05
5325 6.556390996e-05
5326 6.555775574e-05
5327 6.555160326e-05
5328 6.554545251e-05
5329 6.55393035e-05
5330 6.553315621e-05
5331 6.552701065e-05
5332 6.552086682e-05
5333 6.551472472e-05
5334 6.550858435e-05
5335 6.55024457e-05
5336 6.549630877e-05
5337 6.549017358e-05
5338 6.54840401e-05
5339 6.547790835e-05
5340 6.547177832e-05
5341 6.546565001e-05
5342 6.545952343e-05
5343 6.545339856e-05
5344 6.544727541e-05
5345 6.544115398e-05
5346 6.543503427e-05
5347 6.542891627e-05
5348 6.542279999e-05
5349 6.541668542e-05
5350 6.541057257e-05
5351 6.540446143e-05
5352 6.5398352e-05
5353 6.539224429e-05
5354 6.538613829e-05
5355 6.538003399e-05
5356 6.537393141e-05
5357 6.536783053e-05
5358 6.536173137e-05
5359 6.535563391e-05
5360 6.534953815e-05
5361 6.53434441e-05
5362 6.533735176e-05
5363 6.533126112e-05
5364 6.532517218e-05
5365 6.531908494e-05
5366 6.531299941e-05
5367 6.530691557e-05
5368 6.530083344e-05
5369 6.5294753e-05
5370 6.528867427e-05
5371 6.528259723e-05
5372 6.527652188e-05
5373 6.527044824e-05
5374 6.526437628e-05
5375 6.525830603e-05
5376 6.525223746e-05
5377 6.524617059e-05
5378 6.524010541e-05
5379 6.523404192e-05
5380 6.522798012e-05
5381 6.522192002e-05
5382 6.52158616e-05
5383 6.520980486e-05
5384 6.520374982e-05
5385 6.519769646e-05
5386 6.519164479e-05
5387 6.51855948e-05
5388 6.51795465e-05
5389 6.517349988e-05
5390 6.516745494e-05
5391 6.516141168e-05
5392 6.515537011e-05
5393 6.514933021e-05
5394 6.514329199e-05
5395 6.513725546e-05
5396 6.51312206e-05
5397 6.512518742e-05
5398 6.511915591e-05
5399 6.511312608e-05
5400 6.510709792e-05
5401 6.510107144e-05
5402 6.509504663e-05
5403 6.50890235e-05
5404 6.508300203e-05
5405 6.507698224e-05
5406 6.507096411e-05
5407 6.506494766e-05
5408 6.505893287e-05
5409 6.505291975e-05
5410 6.50469083e-05
5411 6.504089852e-05
5412 6.50348904e-05
5413 6.502888394e-05
5414 6.502287915e-05
5415 6.501687602e-05
5416 6.501087456e-05
5417 6.500487475e-05
5418 6.499887661e-05
5419 6.499288013e-05
5420 6.498688531e-05
5421 6.498089214e-05
5422 6.497490063e-05
5423 6.496891078e-05
5424 6.496292259e-05
5425 6.495693605e-05
5426 6.495095117e-05
5427 6.494496794e-05
5428 6.493898636e-05
5429 6.493300644e-05
5430 6.492702816e-05
5431 6.492105154e-05
5432 6.491507657e-05
5433 6.490910325e-05
5434 6.490313158e-05
5435 6.489716155e-05
5436 6.489119317e-05
5437 6.488522644e-05
5438 6.487926135e-05
5439 6.487329791e-05
5440 6.486733611e-05
5441 6.486137596e-05
5442 6.485541745e-05
5443 6.484946058e-05
5444 6.484350535e-05
5445 6.483755176e-05
5446 6.483159981e-05
5447 6.48256495e-05
5448 6.481970083e-05
5449 6.48137538e-05
5450 6.48078084e-05
5451 6.480186464e-05
5452 6.479592251e-05
5453 6.478998202e-05
5454 6.478404316e-05
5455 6.477810593e-05
5456 6.477217034e-05
5457 6.476623638e-05
5458 6.476030404e-05
5459 6.475437334e-05
5460 6.474844427e-05
5461 6.474251682e-05
5462 6.473659101e-05
5463 6.473066682e-05
5464 6.472474425e-05
5465 6.471882331e-05
5466 6.4712904e-05
5467 6.470698631e-05
5468 6.470107024e-05
5469 6.46951558e-05
5470 6.468924297e-05
5471 6.468333177e-05
5472 6.467742219e-05
5473 6.467151423e-05
5474 6.466560788e-05
5475 6.465970316e-05
5476 6.465380005e-05
5477 6.464789855e-05
5478 6.464199868e-05
5479 6.463610042e-05
5480 6.463020377e-05
5481 6.462430873e-05
5482 6.461841531e-05
5483 6.46125235e-05
5484 6.460663331e-05
5485 6.460074472e-05
5486 6.459485774e-05
5487 6.458897237e-05
5488 6.458308861e-05
5489 6.457720646e-05
5490 6.457132592e-05
5491 6.456544698e-05
5492 6.455956964e-05
5493 6.455369392e-05
5494 6.454781979e-05
5495 6.454194727e-05
5496 6.453607635e-05
5497 6.453020703e-05
5498 6.452433932e-05
5499 6.45184732e-05
5500 6.451260869e-05
5501 6.450674577e-05
5502 6.450088445e-05
5503 6.449502473e-05
5504 6.44891666e-05
5505 6.448331007e-05
5506 6.447745514e-05
5507 6.44716018e-05
5508 6.446575006e-05
5509 6.44598999e-05
5510 6.445405135e-05
5511 6.444820438e-05
5512 6.4442359e-05
5513 6.443651521e-05
5514 6.443067302e-05
5515 6.442483241e-05
5516 6.441899339e-05
5517 6.441315595e-05
5518 6.440732011e-05
5519 6.440148585e-05
5520 6.439565317e-05
5521 6.438982208e-05
5522 6.438399257e-05
5523 6.437816465e-05
5524 6.437233831e-05
5525 6.436651355e-05
5526 6.436069037e-05
5527 6.435486877e-05
5528 6.434904875e-05
5529 6.434323031e-05
5530 6.433741344e-05
5531 6.433159816e-05
5532 6.432578445e-05
5533 6.431997232e-05
5534 6.431416176e-05
5535 6.430835277e-05
5536 6.430254536e-05
5537 6.429673953e-05
5538 6.429093526e-05
5539 6.428513257e-05
5540 6.427933145e-05
5541 6.42735319e-05
5542 6.426773391e-05
5543 6.42619375e-05
5544 6.425614266e-05
5545 6.425034938e-05
5546 6.424455767e-05
5547 6.423876752e-05
5548 6.423297894e-05
5549 6.422719193e-05
5550 6.422140647e-05
5551 6.421562259e-05
5552 6.420984026e-05
5553 6.420405949e-05
5554 6.419828029e-05
5555 6.419250265e-05
5556 6.418672656e-05
5557 6.418095204e-05
5558 6.417517907e-05
5559 6.416940767e-05
5560 6.416363781e-05
5561 6.415786952e-05
5562 6.415210278e-05
5563 6.414633759e-05
5564 6.414057396e-05
5565 6.413481188e-05
5566 6.412905136e-05
5567 6.412329238e-05
5568 6.411753496e-05
5569 6.411177909e-05
5570 6.410602477e-05
5571 6.410027199e-05
5572 6.409452077e-05
5573 6.408877109e-05
5574 6.408302296e-05
5575 6.407727638e-05
5576 6.407153134e-05
5577 6.406578785e-05
5578 6.40600459e-05
5579 6.40543055e-05
5580 6.404856663e-05
5581 6.404282932e-05
5582 6.403709354e-05
5583 6.40313593e-05
5584 6.40256266e-05
5585 6.401989545e-05
5586 6.401416583e-05
5587 6.400843775e-05
5588 6.40027112e-05
5589 6.39969862e-05
5590 6.399126273e-05
5591 6.398554079e-05
5592 6.397982039e-05
5593 6.397410152e-05
5594 6.396838419e-05
5595 6.396266839e-05
5596 6.395695412e-05
5597 6.395124138e-05
5598 6.394553018e-05
5599 6.39398205e-05
5600 6.393411235e-05
5601 6.392840573e-05
5602 6.392270064e-05
5603 6.391699707e-05
5604 6.391129504e-05
5605 6.390559452e-05
5606 6.389989554e-05
5607 6.389419807e-05
5608 6.388850213e-05
5609 6.388280772e-05
5610 6.387711482e-05
5611 6.387142345e-05
5612 6.38657336e-05
5613 6.386004527e-05
5614 6.385435846e-05
5615 6.384867317e-05
5616 6.384298939e-05
5617 6.383730714e-05
5618 6.38316264e-05
5619 6.382594717e-05
5620 6.382026947e-05
5621 6.381459327e-05
5622 6.38089186e-05
5623 6.380324543e-05
5624 6.379757378e-05
5625 6.379190364e-05
5626 6.378623501e-05
5627 6.37805679e-05
5628 6.377490229e-05
5629 6.376923819e-05
5630 6.37635756e-05
5631 6.375791452e-05
5632 6.375225495e-05
5633 6.374659688e-05
5634 6.374094033e-05
5635 6.373528527e-05
5636 6.372963172e-05
5637 6.372397968e-05
5638 6.371832914e-05
5639 6.37126801e-05
5640 6.370703256e-05
5641 6.370138653e-05
5642 6.369574199e-05
5643 6.369009896e-05
5644 6.368445743e-05
5645 6.367881739e-05
5646 6.367317885e-05
5647 6.366754181e-05
5648 6.366190627e-05
5649 6.365627222e-05
5650 6.365063967e-05
5651 6.364500862e-05
5652 6.363937906e-05
5653 6.363375099e-05
5654 6.362812441e-05
5655 6.362249933e-05
5656 6.361687574e-05
5657 6.361125364e-05
5658 6.360563303e-05
5659 6.360001391e-05
5660 6.359439628e-05
5661 6.358878013e-05
5662 6.358316548e-05
5663 6.357755231e-05
5664 6.357194063e-05
5665 6.356633043e-05
5666 6.356072172e-05
5667 6.355511449e-05
5668 6.354950875e-05
5669 6.354390449e-05
5670 6.353830171e-05
5671 6.353270042e-05
5672 6.35271006e-05
5673 6.352150227e-05
5674 6.351590541e-05
5675 6.351031004e-05
5676 6.350471614e-05
5677 6.349912372e-05
5678 6.349353278e-05
5679 6.348794331e-05
5680 6.348235532e-05
5681 6.347676881e-05
5682 6.347118377e-05
5683 6.34656002e-05
5684 6.346001811e-05
5685 6.345443749e-05
5686 6.344885834e-05
5687 6.344328067e-05
5688 6.343770446e-05
5689 6.343212973e-05
5690 6.342655646e-05
5691 6.342098466e-05
5692 6.341541433e-05
5693 6.340984547e-05
5694 6.340427808e-05
5695 6.339871215e-05
5696 6.339314768e-05
5697 6.338758468e-05
5698 6.338202315e-05
5699 6.337646308e-05
5700 6.337090447e-05
5701 6.336534733e-05
5702 6.335979164e-05
5703 6.335423742e-05
5704 6.334868466e-05
5705 6.334313336e-05
5706 6.333758351e-05
5707 6.333203513e-05
5708 6.33264882e-05
5709 6.332094273e-05
5710 6.331539872e-05
5711 6.330985616e-05
5712 6.330431506e-05
5713 6.329877542e-05
5714 6.329323722e-05
5715 6.328770048e-05
5716 6.32821652e-05
5717 6.327663136e-05
5718 6.327109898e-05
5719 6.326556805e-05
5720 6.326003856e-05
5721 6.325451053e-05
5722 6.324898395e-05
5723 6.324345881e-05
5724 6.323793513e-05
5725 6.323241289e-05
5726 6.322689209e-05
5727 6.322137274e-05
5728 6.321585484e-05
5729 6.321033838e-05
5730 6.320482337e-05
5731 6.31993098e-05
5732 6.319379767e-05
5733 6.318828698e-05
5734 6.318277774e-05
5735 6.317726993e-05
5736 6.317176357e-05
5737 6.316625864e-05
5738 6.316075516e-05
5739 6.315525311e-05
5740 6.31497525e-05
5741 6.314425333e-05
5742 6.313875559e-05
5743 6.313325929e-05
5744 6.312776442e-05
5745 6.312227099e-05
5746 6.3116779e-05
5747 6.311128843e-05
5748 6.31057993e-05
5749 6.31003116e-05
5750 6.309482533e-05
5751 6.30893405e-05
5752 6.308385709e-05
5753 6.307837511e-05
5754 6.307289456e-05
5755 6.306741544e-05
5756 6.306193775e-05
5757 6.305646148e-05
5758 6.305098664e-05
5759 6.304551323e-05
5760 6.304004124e-05
5761 6.303457068e-05
5762 6.302910154e-05
5763 6.302363382e-05
5764 6.301816753e-05
5765 6.301270266e-05
5766 6.300723921e-05
5767 6.300177718e-05
5768 6.299631657e-05
5769 6.299085738e-05
5770 6.298539961e-05
5771 6.297994326e-05
5772 6.297448832e-05
5773 6.29690348e-05
5774 6.29635827e-05
5775 6.295813202e-05
5776 6.295268275e-05
5777 6.29472349e-05
5778 6.294178846e-05
5779 6.293634343e-05
5780 6.293089981e-05
5781 6.292545761e-05
5782 6.292001682e-05
5783 6.291457744e-05
5784 6.290913948e-05
5785 6.290370292e-05
5786 6.289826777e-05
5787 6.289283403e-05
5788 6.288740169e-05
5789 6.288197077e-05
5790 6.287654125e-05
5791 6.287111314e-05
5792 6.286568643e-05
5793 6.286026113e-05
5794 6.285483723e-05
5795 6.284941474e-05
5796 6.284399365e-05
5797 6.283857396e-05
5798 6.283315567e-05
5799 6.282773879e-05
5800 6.28223233e-05
5801 6.281690922e-05
5802 6.281149653e-05
5803 6.280608525e-05
5804 6.280067536e-05
5805 6.279526687e-05
5806 6.278985978e-05
5807 6.278445408e-05
5808 6.277904978e-05
5809 6.277364688e-05
5810 6.276824537e-05
5811 6.276284525e-05
5812 6.275744653e-05
5813 6.27520492e-05
5814 6.274665326e-05
5815 6.274125872e-05
5816 6.273586557e-05
5817 6.27304738e-05
5818 6.272508343e-05
5819 6.271969444e-05
5820 6.271430685e-05
5821 6.270892064e-05
5822 6.270353582e-05
5823 6.269815239e-05
5824 6.269277034e-05
5825 6.268738968e-05
5826 6.26820104e-05
5827 6.267663251e-05
5828 6.267125601e-05
5829 6.266588088e-05
5830 6.266050714e-05
5831 6.265513478e-05
5832 6.26497638e-05
5833 6.264439421e-05
5834 6.263902599e-05
5835 6.263365916e-05
5836 6.26282937e-05
5837 6.262292962e-05
5838 6.261756692e-05
5839 6.26122056e-05
5840 6.260684565e-05
5841 6.260148708e-05
5842 6.259612989e-05
5843 6.259077407e-05
5844 6.258541963e-05
5845 6.258006656e-05
5846 6.257471486e-05
5847 6.256936454e-05
5848 6.256401558e-05
5849 6.2558668e-05
5850 6.25533218e-05
5851 6.254797696e-05
5852 6.254263349e-05
5853 6.253729139e-05
5854 6.253195066e-05
5855 6.252661129e-05
5856 6.25212733e-05
5857 6.251593667e-05
5858 6.251060141e-05
5859 6.250526751e-05
5860 6.249993498e-05
5861 6.249460381e-05
5862 6.248927401e-05
5863 6.248394557e-05
5864 6.247861849e-05
5865 6.247329278e-05
5866 6.246796843e-05
5867 6.246264543e-05
5868 6.24573238e-05
5869 6.245200353e-05
5870 6.244668462e-05
5871 6.244136707e-05
5872 6.243605087e-05
5873 6.243073603e-05
5874 6.242542255e-05
5875 6.242011043e-05
5876 6.241479966e-05
5877 6.240949025e-05
5878 6.240418219e-05
5879 6.239887549e-05
5880 6.239357014e-05
5881 6.238826614e-05
5882 6.23829635e-05
5883 6.23776622e-05
5884 6.237236226e-05
5885 6.236706367e-05
5886 6.236176643e-05
5887 6.235647054e-05
5888 6.2351176e-05
5889 6.23458828e-05
5890 6.234059096e-05
5891 6.233530046e-05
5892 6.233001131e-05
5893 6.23247235e-05
5894 6.231943704e-05
5895 6.231415192e-05
5896 6.230886815e-05
5897 6.230358573e-05
5898 6.229830464e-05
5899 6.22930249e-05
5900 6.22877465e-05
5901 6.228246945e-05
5902 6.227719373e-05
5903 6.227191935e-05
5904 6.226664632e-05
5905 6.226137462e-05
5906 6.225610426e-05
5907 6.225083524e-05
5908 6.224556756e-05
5909 6.224030122e-05
5910 6.223503621e-05
5911 6.222977253e-05
5912 6.22245102e-05
5913 6.221924919e-05
5914 6.221398952e-05
5915 6.220873119e-05
5916 6.220347419e-05
5917 6.219821852e-05
5918 6.219296418e-05
5919 6.218771118e-05
5920 6.21824595e-05
5921 6.217720916e-05
5922 6.217196014e-05
5923 6.216671245e-05
5924 6.21614661e-05
5925 6.215622107e-05
5926 6.215097737e-05
5927 6.214573499e-05
5928 6.214049394e-05
5929 6.213525422e-05
5930 6.213001582e-05
5931 6.212477875e-05
5932 6.2119543e-05
5933 6.211430857e-05
5934 6.210907547e-05
5935 6.210384369e-05
5936 6.209861323e-05
5937 6.20933841e-05
5938 6.208815628e-05
5939 6.208292978e-05
5940 6.207770461e-05
5941 6.207248075e-05
5942 6.206725821e-05
5943 6.206203699e-05
5944 6.205681709e-05
5945 6.20515985e-05
5946 6.204638123e-05
5947 6.204116528e-05
5948 6.203595064e-05
5949 6.203073732e-05
5950 6.202552531e-05
5951 6.202031461e-05
5952 6.201510523e-05
5953 6.200989716e-05
5954 6.20046904e-05
5955 6.199948495e-05
5956 6.199428081e-05
5957 6.198907799e-05
5958 6.198387647e-05
5959 6.197867626e-05
5960 6.197347736e-05
5961 6.196827977e-05
5962 6.196308349e-05
5963 6.195788851e-05
5964 6.195269484e-05
5965 6.194750248e-05
5966 6.194231142e-05
5967 6.193712166e-05
5968 6.193193321e-05
5969 6.192674607e-05
5970 6.192156022e-05
5971 6.191637568e-05
5972 6.191119244e-05
5973 6.190601051e-05
5974 6.190082987e-05
5975 6.189565054e-05
5976 6.18904725e-05
5977 6.188529576e-05
5978 6.188012033e-05
5979 6.187494619e-05
5980 6.186977334e-05
5981 6.18646018e-05
5982 6.185943155e-05
5983 6.18542626e-05
5984 6.184909494e-05
5985 6.184392858e-05
5986 6.183876351e-05
5987 6.183359974e-05
5988 6.182843726e-05
5989 6.182327608e-05
5990 6.181811618e-05
5991 6.181295758e-05
5992 6.180780027e-05
5993 6.180264425e-05
5994 6.179748952e-05
5995 6.179233607e-05
5996 6.178718392e-05
5997 6.178203306e-05
5998 6.177688348e-05
5999 6.177173519e-05
6000 6.176658819e-05
6001 6.176144248e-05
6002 6.175629805e-05
6003 6.175115491e-05
6004 6.174601305e-05
6005 6.174087247e-05
6006 6.173573318e-05
6007 6.173059517e-05
6008 6.172545845e-05
6009 6.1720323e-05
6010 6.171518884e-05
6011 6.171005596e-05
6012 6.170492436e-05
6013 6.169979404e-05
6014 6.1694665e-05
6015 6.168953724e-05
6016 6.168441076e-05
6017 6.167928555e-05
6018 6.167416162e-05
6019 6.166903897e-05
6020 6.16639176e-05
6021 6.16587975e-05
6022 6.165367867e-05
6023 6.164856112e-05
6024 6.164344485e-05
6025 6.163832985e-05
6026 6.163321612e-05
6027 6.162810366e-05
6028 6.162299248e-05
6029 6.161788256e-05
6030 6.161277392e-05
6031 6.160766655e-05
6032 6.160256045e-05
6033 6.159745562e-05
6034 6.159235205e-05
6035 6.158724976e-05
6036 6.158214873e-05
6037 6.157704897e-05
6038 6.157195048e-05
6039 6.156685325e-05
6040 6.156175729e-05
6041 6.15566626e-05
6042 6.155156916e-05
6043 6.1546477e-05
6044 6.154138609e-05
6045 6.153629645e-05
6046 6.153120808e-05
6047 6.152612096e-05
6048 6.152103511e-05
6049 6.151595051e-05
6050 6.151086718e-05
6051 6.150578511e-05
6052 6.150070429e-05
6053 6.149562474e-05
6054 6.149054644e-05
6055 6.148546941e-05
6056 6.148039363e-05
6057 6.14753191e-05
6058 6.147024583e-05
6059 6.146517382e-05
6060 6.146010307e-05
6061 6.145503356e-05
6062 6.144996532e-05
6063 6.144489832e-05
6064 6.143983258e-05
6065 6.14347681e-05
6066 6.142970486e-05
6067 6.142464288e-05
6068 6.141958214e-05
6069 6.141452266e-05
6070 6.140946443e-05
6071 6.140440745e-05
6072 6.139935171e-05
6073 6.139429723e-05
6074 6.138924399e-05
6075 6.1384192e-05
6076 6.137914126e-05
6077 6.137409177e-05
6078 6.136904352e-05
6079 6.136399651e-05
6080 6.135895075e-05
6081 6.135390624e-05
6082 6.134886297e-05
6083 6.134382094e-05
6084 6.133878016e-05
6085 6.133374062e-05
6086 6.132870232e-05
6087 6.132366526e-05
6088 6.131862944e-05
6089 6.131359486e-05
6090 6.130856153e-05
6091 6.130352943e-05
6092 6.129849857e-05
6093 6.129346895e-05
6094 6.128844057e-05
6095 6.128341342e-05
6096 6.127838751e-05
6097 6.127336284e-05
6098 6.126833941e-05
6099 6.126331721e-05
6100 6.125829624e-05
6101 6.125327651e-05
6102 6.124825801e-05
6103 6.124324075e-05
6104 6.123822471e-05
6105 6.123320991e-05
6106 6.122819635e-05
6107 6.122318401e-05
6108 6.12181729e-05
6109 6.121316303e-05
6110 6.120815438e-05
6111 6.120314697e-05
6112 6.119814078e-05
6113 6.119313582e-05
6114 6.118813209e-05
6115 6.118312958e-05
6116 6.117812831e-05
6117 6.117312825e-05
6118 6.116812943e-05
6119 6.116313183e-05
6120 6.115813545e-05
6121 6.11531403e-05
6122 6.114814637e-05
6123 6.114315367e-05
6124 6.113816219e-05
6125 6.113317193e-05
6126 6.112818289e-05
6127 6.112319507e-05
6128 6.111820848e-05
6129 6.11132231e-05
6130 6.110823895e-05
6131 6.110325601e-05
6132 6.109827429e-05
6133 6.10932938e-05
6134 6.108831451e-05
6135 6.108333645e-05
6136 6.10783596e-05
6137 6.107338397e-05
6138 6.106840956e-05
6139 6.106343636e-05
6140 6.105846437e-05
6141 6.10534936e-05
6142 6.104852404e-05
6143 6.10435557e-05
6144 6.103858857e-05
6145 6.103362265e-05
6146 6.102865794e-05
6147 6.102369445e-05
6148 6.101873216e-05
6149 6.101377109e-05
6150 6.100881122e-05
6151 6.100385257e-05
6152 6.099889512e-05
6153 6.099393888e-05
6154 6.098898386e-05
6155 6.098403003e-05
6156 6.097907742e-05
6157 6.097412601e-05
6158 6.096917581e-05
6159 6.096422681e-05
6160 6.095927902e-05
6161 6.095433243e-05
6162 6.094938704e-05
6163 6.094444286e-05
6164 6.093949988e-05
6165 6.093455811e-05
6166 6.092961754e-05
6167 6.092467816e-05
6168 6.091973999e-05
6169 6.091480302e-05
6170 6.090986725e-05
6171 6.090493268e-05
6172 6.089999931e-05
6173 6.089506714e-05
6174 6.089013617e-05
6175 6.088520639e-05
6176 6.088027781e-05
6177 6.087535043e-05
6178 6.087042424e-05
6179 6.086549925e-05
6180 6.086057545e-05
6181 6.085565285e-05
6182 6.085073145e-05
6183 6.084581123e-05
6184 6.084089221e-05
6185 6.083597439e-05
6186 6.083105775e-05
6187 6.082614231e-05
6188 6.082122806e-05
6189 6.0816315e-05
6190 6.081140313e-05
6191 6.080649245e-05
6192 6.080158296e-05
6193 6.079667466e-05
6194 6.079176755e-05
6195 6.078686162e-05
6196 6.078195688e-05
6197 6.077705333e-05
6198 6.077215097e-05
6199 6.076724979e-05
6200 6.07623498e-05
6201 6.075745099e-05
6202 6.075255337e-05
6203 6.074765693e-05
6204 6.074276168e-05
6205 6.073786761e-05
6206 6.073297472e-05
6207 6.072808301e-05
6208 6.072319249e-05
6209 6.071830315e-05
6210 6.071341499e-05
6211 6.0708528e-05
6212 6.07036422e-05
6213 6.069875758e-05
6214 6.069387414e-05
6215 6.068899187e-05
6216 6.068411079e-05
6217 6.067923088e-05
6218 6.067435214e-05
6219 6.066947459e-05
6220 6.066459821e-05
6221 6.065972301e-05
6222 6.065484898e-05
6223 6.064997612e-05
6224 6.064510444e-05
6225 6.064023394e-05
6226 6.06353646e-05
6227 6.063049645e-05
6228 6.062562946e-05
6229 6.062076364e-05
6230 6.0615899e-05
6231 6.061103552e-05
6232 6.060617322e-05
6233 6.060131209e-05
6234 6.059645213e-05
6235 6.059159333e-05
6236 6.058673571e-05
6237 6.058187925e-05
6238 6.057702396e-05
6239 6.057216984e-05
6240 6.056731688e-05
6241 6.056246509e-05
6242 6.055761447e-05
6243 6.055276501e-05
6244 6.054791671e-05
6245 6.054306958e-05
6246 6.053822362e-05
6247 6.053337882e-05
6248 6.052853518e-05
6249 6.05236927e-05
6250 6.051885139e-05
6251 6.051401123e-05
6252 6.050917224e-05
6253 6.050433441e-05
6254 6.049949774e-05
6255 6.049466223e-05
6256 6.048982788e-05
6257 6.048499468e-05
6258 6.048016265e-05
6259 6.047533177e-05
6260 6.047050205e-05
6261 6.046567349e-05
6262 6.046084608e-05
6263 6.045601983e-05
6264 6.045119474e-05
6265 6.04463708e-05
6266 6.044154802e-05
6267 6.043672639e-05
6268 6.043190591e-05
6269 6.042708659e-05
6270 6.042226842e-05
6271 6.04174514e-05
6272 6.041263553e-05
6273 6.040782082e-05
6274 6.040300725e-05
6275 6.039819484e-05
6276 6.039338357e-05
6277 6.038857346e-05
6278 6.03837645e-05
6279 6.037895668e-05
6280 6.037415001e-05
6281 6.036934449e-05
6282 6.036454012e-05
6283 6.035973689e-05
6284 6.035493481e-05
6285 6.035013388e-05
6286 6.034533409e-05
6287 6.034053545e-05
6288 6.033573795e-05
6289 6.03309416e-05
6290 6.032614639e-05
6291 6.032135232e-05
6292 6.03165594e-05
6293 6.031176761e-05
6294 6.030697697e-05
6295 6.030218747e-05
6296 6.029739912e-05
6297 6.02926119e-05
6298 6.028782582e-05
6299 6.028304088e-05
6300 6.027825708e-05
6301 6.027347442e-05
6302 6.02686929e-05
6303 6.026391252e-05
6304 6.025913327e-05
6305 6.025435516e-05
6306 6.024957819e-05
6307 6.024480235e-05
6308 6.024002765e-05
6309 6.023525408e-05
6310 6.023048165e-05
6311 6.022571035e-05
6312 6.022094019e-05
6313 6.021617115e-05
6314 6.021140326e-05
6315 6.020663649e-05
6316 6.020187086e-05
6317 6.019710635e-05
6318 6.019234298e-05
6319 6.018758074e-05
6320 6.018281963e-05
6321 6.017805965e-05
6322 6.01733008e-05
6323 6.016854308e-05
6324 6.016378648e-05
6325 6.015903101e-05
6326 6.015427668e-05
6327 6.014952346e-05
6328 6.014477138e-05
6329 6.014002042e-05
6330 6.013527058e-05
6331 6.013052188e-05
6332 6.012577429e-05
6333 6.012102783e-05
6334 6.01162825e-05
6335 6.011153828e-05
6336 6.01067952e-05
6337 6.010205323e-05
6338 6.009731239e-05
6339 6.009257266e-05
6340 6.008783406e-05
6341 6.008309658e-05
6342 6.007836022e-05
6343 6.007362498e-05
6344 6.006889086e-05
6345 6.006415786e-05
6346 6.005942597e-05
6347 6.005469521e-05
6348 6.004996556e-05
6349 6.004523703e-05
6350 6.004050962e-05
6351 6.003578332e-05
6352 6.003105814e-05
6353 6.002633408e-05
6354 6.002161113e-05
6355 6.001688929e-05
6356 6.001216857e-05
6357 6.000744896e-05
6358 6.000273047e-05
6359 5.999801309e-05
6360 5.999329682e-05
6361 5.998858166e-05
6362 5.998386762e-05
6363 5.997915468e-05
6364 5.997444286e-05
6365 5.996973215e-05
6366 5.996502254e-05
6367 5.996031405e-05
6368 5.995560666e-05
6369 5.995090039e-05
6370 5.994619522e-05
6371 5.994149116e-05
6372 5.993678821e-05
6373 5.993208636e-05
6374 5.992738562e-05
6375 5.992268599e-05
6376 5.991798746e-05
6377 5.991329003e-05
6378 5.990859371e-05
6379 5.99038985e-05
6380 5.989920439e-05
6381 5.989451138e-05
6382 5.988981948e-05
6383 5.988512867e-05
6384 5.988043897e-05
6385 5.987575037e-05
6386 5.987106288e-05
6387 5.986637648e-05
6388 5.986169118e-05
6389 5.985700699e-05
6390 5.985232389e-05
6391 5.984764189e-05
6392 5.984296099e-05
6393 5.983828119e-05
6394 5.983360249e-05
6395 5.982892488e-05
6396 5.982424837e-05
6397 5.981957296e-05
6398 5.981489864e-05
6399 5.981022542e-05
6400 5.980555329e-05
6401 5.980088226e-05
6402 5.979621232e-05
6403 5.979154348e-05
6404 5.978687573e-05
6405 5.978220907e-05
6406 5.977754351e-05
6407 5.977287904e-05
6408 5.976821566e-05
6409 5.976355337e-05
6410 5.975889217e-05
6411 5.975423206e-05
6412 5.974957304e-05
6413 5.974491511e-05
6414 5.974025828e-05
6415 5.973560253e-05
6416 5.973094786e-05
6417 5.972629429e-05
6418 5.97216418e-05
6419 5.97169904e-05
6420 5.971234009e-05
6421 5.970769087e-05
6422 5.970304272e-05
6423 5.969839567e-05
6424 5.96937497e-05
6425 5.968910481e-05
6426 5.968446101e-05
6427 5.967981829e-05
6428 5.967517666e-05
6429 5.967053611e-05
6430 5.966589664e-05
6431 5.966125825e-05
6432 5.965662094e-05
6433 5.965198472e-05
6434 5.964734958e-05
6435 5.964271551e-05
6436 5.963808253e-05
6437 5.963345062e-05
6438 5.96288198e-05
6439 5.962419005e-05
6440 5.961956138e-05
6441 5.961493379e-05
6442 5.961030728e-05
6443 5.960568184e-05
6444 5.960105748e-05
6445 5.95964342e-05
6446 5.959181199e-05
6447 5.958719086e-05
6448 5.95825708e-05
6449 5.957795182e-05
6450 5.957333391e-05
6451 5.956871708e-05
6452 5.956410131e-05
6453 5.955948663e-05
6454 5.955487301e-05
6455 5.955026046e-05
6456 5.954564899e-05
6457 5.954103859e-05
6458 5.953642926e-05
6459 5.9531821e-05
6460 5.95272138e-05
6461 5.952260768e-05
6462 5.951800263e-05
6463 5.951339865e-05
6464 5.950879573e-05
6465 5.950419388e-05
6466 5.94995931e-05
6467 5.949499339e-05
6468 5.949039474e-05
6469 5.948579716e-05
6470 5.948120065e-05
6471 5.94766052e-05
6472 5.947201081e-05
6473 5.946741749e-05
6474 5.946282524e-05
6475 5.945823404e-05
6476 5.945364392e-05
6477 5.944905485e-05
6478 5.944446685e-05
6479 5.94398799e-05
6480 5.943529403e-05
6481 5.943070921e-05
6482 5.942612545e-05
6483 5.942154275e-05
6484 5.941696111e-05
6485 5.941238054e-05
6486 5.940780102e-05
6487 5.940322256e-05
6488 5.939864516e-05
6489 5.939406882e-05
6490 5.938949353e-05
6491 5.93849193e-05
6492 5.938034613e-05
6493 5.937577401e-05
6494 5.937120296e-05
6495 5.936663295e-05
6496 5.9362064e-05
6497 5.935749611e-05
6498 5.935292927e-05
6499 5.934836348e-05
6500 5.934379875e-05
6501 5.933923507e-05
6502 5.933467245e-05
6503 5.933011087e-05
6504 5.932555035e-05
6505 5.932099088e-05
6506 5.931643246e-05
6507 5.931187509e-05
6508 5.930731877e-05
6509 5.930276351e-05
6510 5.929820929e-05
6511 5.929365612e-05
6512 5.9289104e-05
6513 5.928455292e-05
6514 5.92800029e-05
6515 5.927545392e-05
6516 5.927090599e-05
6517 5.92663591e-05
6518 5.926181327e-05
6519 5.925726848e-05
6520 5.925272473e-05
6521 5.924818203e-05
6522 5.924364037e-05
6523 5.923909976e-05
6524 5.923456019e-05
6525 5.923002166e-05
6526 5.922548418e-05
6527 5.922094774e-05
6528 5.921641235e-05
6529 5.921187799e-05
6530 5.920734468e-05
6531 5.92028124e-05
6532 5.919828117e-05
6533 5.919375098e-05
6534 5.918922183e-05
6535 5.918469372e-05
6536 5.918016664e-05
6537 5.917564061e-05
6538 5.917111561e-05
6539 5.916659165e-05
6540 5.916206873e-05
6541 5.915754685e-05
6542 5.9153026e-05
6543 5.914850619e-05
6544 5.914398741e-05
6545 5.913946968e-05
6546 5.913495297e-05
6547 5.91304373e-05
6548 5.912592267e-05
6549 5.912140906e-05
6550 5.91168965e-05
6551 5.911238496e-05
6552 5.910787446e-05
6553 5.910336499e-05
6554 5.909885655e-05
6555 5.909434915e-05
6556 5.908984277e-05
6557 5.908533743e-05
6558 5.908083311e-05
6559 5.907632983e-05
6560 5.907182757e-05
6561 5.906732635e-05
6562 5.906282615e-05
6563 5.905832698e-05
6564 5.905382884e-05
6565 5.904933173e-05
6566 5.904483565e-05
6567 5.904034059e-05
6568 5.903584656e-05
6569 5.903135355e-05
6570 5.902686157e-05
6571 5.902237062e-05
6572 5.901788069e-05
6573 5.901339178e-05
6574 5.90089039e-05
6575 5.900441704e-05
6576 5.899993121e-05
6577 5.89954464e-05
6578 5.899096261e-05
6579 5.898647984e-05
6580 5.89819981e-05
6581 5.897751738e-05
6582 5.897303768e-05
6583 5.896855899e-05
6584 5.896408133e-05
6585 5.895960469e-05
6586 5.895512907e-05
6587 5.895065447e-05
6588 5.894618088e-05
6589 5.894170832e-05
6590 5.893723677e-05
6591 5.893276624e-05
6592 5.892829673e-05
6593 5.892382823e-05
6594 5.891936075e-05
6595 5.891489428e-05
6596 5.891042884e-05
6597 5.89059644e-05
6598 5.890150098e-05
6599 5.889703858e-05
6600 5.889257719e-05
6601 5.888811681e-05
6602 5.888365745e-05
6603 5.88791991e-05
6604 5.887474176e-05
6605 5.887028544e-05
6606 5.886583013e-05
6607 5.886137582e-05
6608 5.885692253e-05
6609 5.885247025e-05
6610 5.884801898e-05
6611 5.884356872e-05
6612 5.883911947e-05
6613 5.883467123e-05
6614 5.883022399e-05
6615 5.882577777e-05
6616 5.882133255e-05
6617 5.881688834e-05
6618 5.881244514e-05
6619 5.880800295e-05
6620 5.880356176e-05
6621 5.879912157e-05
6622 5.87946824e-05
6623 5.879024423e-05
6624 5.878580706e-05
6625 5.87813709e-05
6626 5.877693574e-05
6627 5.877250158e-05
6628 5.876806843e-05
6629 5.876363628e-05
6630 5.875920514e-05
6631 5.875477499e-05
6632 5.875034585e-05
6633 5.874591771e-05
6634 5.874149057e-05
6635 5.873706444e-05
6636 5.87326393e-05
6637 5.872821516e-05
6638 5.872379202e-05
6639 5.871936988e-05
6640 5.871494874e-05
6641 5.87105286e-05
6642 5.870610946e-05
6643 5.870169131e-05
6644 5.869727417e-05
6645 5.869285801e-05
6646 5.868844286e-05
6647 5.86840287e-05
6648 5.867961554e-05
6649 5.867520337e-05
6650 5.86707922e-05
6651 5.866638202e-05
6652 5.866197284e-05
6653 5.865756465e-05
6654 5.865315746e-05
6655 5.864875125e-05
6656 5.864434605e-05
6657 5.863994183e-05
6658 5.86355386e-05
6659 5.863113637e-05
6660 5.862673513e-05
6661 5.862233488e-05
6662 5.861793562e-05
6663 5.861353735e-05
6664 5.860914007e-05
6665 5.860474378e-05
6666 5.860034848e-05
6667 5.859595417e-05
6668 5.859156084e-05
6669 5.858716851e-05
6670 5.858277716e-05
6671 5.85783868e-05
6672 5.857399743e-05
6673 5.856960904e-05
6674 5.856522164e-05
6675 5.856083522e-05
6676 5.855644979e-05
6677 5.855206535e-05
6678 5.854768189e-05
6679 5.854329941e-05
6680 5.853891792e-05
6681 5.853453741e-05
6682 5.853015789e-05
6683 5.852577935e-05
6684 5.852140179e-05
6685 5.851702521e-05
6686 5.851264962e-05
6687 5.8508275e-05
6688 5.850390137e-05
6689 5.849952872e-05
6690 5.849515704e-05
6691 5.849078635e-05
6692 5.848641664e-05
6693 5.848204791e-05
6694 5.847768015e-05
6695 5.847331338e-05
6696 5.846894758e-05
6697 5.846458276e-05
6698 5.846021892e-05
6699 5.845585605e-05
6700 5.845149416e-05
6701 5.844713325e-05
6702 5.844277331e-05
6703 5.843841435e-05
6704 5.843405636e-05
6705 5.842969935e-05
6706 5.842534332e-05
6707 5.842098825e-05
6708 5.841663416e-05
6709 5.841228105e-05
6710 5.840792891e-05
6711 5.840357774e-05
6712 5.839922754e-05
6713 5.839487831e-05
6714 5.839053006e-05
6715 5.838618278e-05
6716 5.838183646e-05
6717 5.837749112e-05
6718 5.837314675e-05
6719 5.836880335e-05
6720 5.836446092e-05
6721 5.836011945e-05
6722 5.835577896e-05
6723 5.835143943e-05
6724 5.834710087e-05
6725 5.834276328e-05
6726 5.833842666e-05
6727 5.8334091e-05
6728 5.832975631e-05
6729 5.832542259e-05
6730 5.832108983e-05
6731 5.831675804e-05
6732 5.831242721e-05
6733 5.830809735e-05
6734 5.830376845e-05
6735 5.829944052e-05
6736 5.829511355e-05
6737 5.829078754e-05
6738 5.828646249e-05
6739 5.828213841e-05
6740 5.827781529e-05
6741 5.827349313e-05
6742 5.826917194e-05
6743 5.82648517e-05
6744 5.826053243e-05
6745 5.825621411e-05
6746 5.825189676e-05
6747 5.824758037e-05
6748 5.824326493e-05
6749 5.823895046e-05
6750 5.823463694e-05
6751 5.823032438e-05
6752 5.822601278e-05
6753 5.822170214e-05
6754 5.821739245e-05
6755 5.821308372e-05
6756 5.820877595e-05
6757 5.820446913e-05
6758 5.820016327e-05
6759 5.819585837e-05
6760 5.819155442e-05
6761 5.818725142e-05
6762 5.818294938e-05
6763 5.817864829e-05
6764 5.817434816e-05
6765 5.817004898e-05
6766 5.816575076e-05
6767 5.816145348e-05
6768 5.815715716e-05
6769 5.815286179e-05
6770 5.814856737e-05
6771 5.814427391e-05
6772 5.813998139e-05
6773 5.813568982e-05
6774 5.813139921e-05
6775 5.812710954e-05
6776 5.812282083e-05
6777 5.811853306e-05
6778 5.811424624e-05
6779 5.810996037e-05
6780 5.810567545e-05
6781 5.810139148e-05
6782 5.809710845e-05
6783 5.809282637e-05
6784 5.808854524e-05
6785 5.808426506e-05
6786 5.807998581e-05
6787 5.807570752e-05
6788 5.807143017e-05
6789 5.806715377e-05
6790 5.806287831e-05
6791 5.805860379e-05
6792 5.805433022e-05
6793 5.805005759e-05
6794 5.804578591e-05
6795 5.804151517e-05
6796 5.803724537e-05
6797 5.803297651e-05
6798 5.80287086e-05
6799 5.802444162e-05
6800 5.802017559e-05
6801 5.80159105e-05
6802 5.801164635e-05
6803 5.800738314e-05
6804 5.800312086e-05
6805 5.799885953e-05
6806 5.799459914e-05
6807 5.799033968e-05
6808 5.798608117e-05
6809 5.798182359e-05
6810 5.797756695e-05
6811 5.797331125e-05
6812 5.796905648e-05
6813 5.796480265e-05
6814 5.796054976e-05
6815 5.79562978e-05
6816 5.795204678e-05
6817 5.79477967e-05
6818 5.794354755e-05
6819 5.793929933e-05
6820 5.793505205e-05
6821 5.79308057e-05
6822 5.792656028e-05
6823 5.79223158e-05
6824 5.791807225e-05
6825 5.791382964e-05
6826 5.790958795e-05
6827 5.79053472e-05
6828 5.790110738e-05
6829 5.789686849e-05
6830 5.789263053e-05
6831 5.788839351e-05
6832 5.788415741e-05
6833 5.787992224e-05
6834 5.7875688e-05
6835 5.787145469e-05
6836 5.786722231e-05
6837 5.786299086e-05
6838 5.785876034e-05
6839 5.785453074e-05
6840 5.785030207e-05
6841 5.784607433e-05
6842 5.784184751e-05
6843 5.783762163e-05
6844 5.783339666e-05
6845 5.782917263e-05
6846 5.782494952e-05
6847 5.782072733e-05
6848 5.781650607e-05
6849 5.781228573e-05
6850 5.780806632e-05
6851 5.780384783e-05
6852 5.779963026e-05
6853 5.779541362e-05
6854 5.77911979e-05
6855 5.77869831e-05
6856 5.778276923e-05
6857 5.777855627e-05
6858 5.777434424e-05
6859 5.777013313e-05
6860 5.776592294e-05
6861 5.776171367e-05
6862 5.775750532e-05
6863 5.775329789e-05
6864 5.774909138e-05
6865 5.774488578e-05
6866 5.774068111e-05
6867 5.773647735e-05
6868 5.773227452e-05
6869 5.77280726e-05
6870 5.77238716e-05
6871 5.771967151e-05
6872 5.771547234e-05
6873 5.771127409e-05
6874 5.770707675e-05
6875 5.770288033e-05
6876 5.769868483e-05
6877 5.769449024e-05
6878 5.769029656e-05
6879 5.76861038e-05
6880 5.768191195e-05
6881 5.767772102e-05
6882 5.7673531e-05
6883 5.766934189e-05
6884 5.76651537e-05
6885 5.766096642e-05
6886 5.765678005e-05
6887 5.765259459e-05
6888 5.764841004e-05
6889 5.764422641e-05
6890 5.764004368e-05
6891 5.763586187e-05
6892 5.763168096e-05
6893 5.762750097e-05
6894 5.762332188e-05
6895 5.76191437e-05
6896 5.761496644e-05
6897 5.761079008e-05
6898 5.760661463e-05
6899 5.760244008e-05
6900 5.759826645e-05
6901 5.759409372e-05
6902 5.758992189e-05
6903 5.758575098e-05
6904 5.758158097e-05
6905 5.757741186e-05
6906 5.757324367e-05
6907 5.756907637e-05
6908 5.756490998e-05
6909 5.75607445e-05
6910 5.755657992e-05
6911 5.755241624e-05
6912 5.754825347e-05
6913 5.75440916e-05
6914 5.753993063e-05
6915 5.753577057e-05
6916 5.753161141e-05
6917 5.752745315e-05
6918 5.752329579e-05
6919 5.751913933e-05
6920 5.751498377e-05
6921 5.751082912e-05
6922 5.750667536e-05
6923 5.75025225e-05
6924 5.749837055e-05
6925 5.749421949e-05
6926 5.749006933e-05
6927 5.748592007e-05
6928 5.748177171e-05
6929 5.747762425e-05
6930 5.747347768e-05
6931 5.746933201e-05
6932 5.746518724e-05
6933 5.746104337e-05
6934 5.745690039e-05
6935 5.74527583e-05
6936 5.744861712e-05
6937 5.744447683e-05
6938 5.744033743e-05
6939 5.743619893e-05
6940 5.743206132e-05
6941 5.742792461e-05
6942 5.742378879e-05
6943 5.741965386e-05
6944 5.741551983e-05
6945 5.741138669e-05
6946 5.740725444e-05
6947 5.740312308e-05
6948 5.739899262e-05
6949 5.739486305e-05
6950 5.739073437e-05
6951 5.738660657e-05
6952 5.738247967e-05
6953 5.737835367e-05
6954 5.737422855e-05
6955 5.737010432e-05
6956 5.736598097e-05
6957 5.736185852e-05
6958 5.735773696e-05
6959 5.735361628e-05
6960 5.73494965e-05
6961 5.73453776e-05
6962 5.734125958e-05
6963 5.733714246e-05
6964 5.733302622e-05
6965 5.732891087e-05
6966 5.73247964e-05
6967 5.732068282e-05
6968 5.731657013e-05
6969 5.731245832e-05
6970 5.730834739e-05
6971 5.730423735e-05
6972 5.73001282e-05
6973 5.729601993e-05
6974 5.729191254e-05
6975 5.728780603e-05
6976 5.728370041e-05
6977 5.727959567e-05
6978 5.727549181e-05
6979 5.727138883e-05
6980 5.726728674e-05
6981 5.726318553e-05
6982 5.72590852e-05
6983 5.725498574e-05
6984 5.725088717e-05
6985 5.724678948e-05
6986 5.724269267e-05
6987 5.723859674e-05
6988 5.723450169e-05
6989 5.723040751e-05
6990 5.722631422e-05
6991 5.72222218e-05
6992 5.721813026e-05
6993 5.72140396e-05
6994 5.720994982e-05
6995 5.720586091e-05
6996 5.720177288e-05
6997 5.719768572e-05
6998 5.719359944e-05
6999 5.718951404e-05
7000 5.718542951e-05
7001 5.718134586e-05
7002 5.717726308e-05
7003 5.717318118e-05
7004 5.716910015e-05
7005 5.716501999e-05
7006 5.716094071e-05
7007 5.71568623e-05
7008 5.715278477e-05
7009 5.71487081e-05
7010 5.714463231e-05
7011 5.714055739e-05
7012 5.713648334e-05
7013 5.713241017e-05
7014 5.712833786e-05
7015 5.712426643e-05
7016 5.712019586e-05
7017 5.711612617e-05
7018 5.711205734e-05
7019 5.710798939e-05
7020 5.71039223e-05
7021 5.709985609e-05
7022 5.709579074e-05
7023 5.709172626e-05
7024 5.708766264e-05
7025 5.70835999e-05
7026 5.707953802e-05
7027 5.707547701e-05
7028 5.707141687e-05
7029 5.706735759e-05
7030 5.706329918e-05
7031 5.705924163e-05
7032 5.705518495e-05
7033 5.705112913e-05
7034 5.704707418e-05
7035 5.70430201e-05
7036 5.703896687e-05
7037 5.703491452e-05
7038 5.703086302e-05
7039 5.702681239e-05
7040 5.702276262e-05
7041 5.701871372e-05
7042 5.701466567e-05
7043 5.701061849e-05
7044 5.700657217e-05
7045 5.700252671e-05
7046 5.699848212e-05
7047 5.699443838e-05
7048 5.699039551e-05
7049 5.698635349e-05
7050 5.698231234e-05
7051 5.697827204e-05
7052 5.69742326e-05
7053 5.697019403e-05
7054 5.696615631e-05
7055 5.696211945e-05
7056 5.695808344e-05
7057 5.69540483e-05
7058 5.695001401e-05
7059 5.694598058e-05
7060 5.694194801e-05
7061 5.693791629e-05
7062 5.693388543e-05
7063 5.692985543e-05
7064 5.692582628e-05
7065 5.692179799e-05
7066 5.691777055e-05
7067 5.691374396e-05
7068 5.690971824e-05
7069 5.690569336e-05
7070 5.690166934e-05
7071 5.689764617e-05
7072 5.689362386e-05
7073 5.68896024e-05
7074 5.688558179e-05
7075 5.688156203e-05
7076 5.687754313e-05
7077 5.687352507e-05
7078 5.686950787e-05
7079 5.686549152e-05
7080 5.686147602e-05
7081 5.685746138e-05
7082 5.685344758e-05
7083 5.684943463e-05
7084 5.684542253e-05
7085 5.684141128e-05
7086 5.683740088e-05
7087 5.683339133e-05
7088 5.682938262e-05
7089 5.682537477e-05
7090 5.682136776e-05
7091 5.68173616e-05
7092 5.681335629e-05
7093 5.680935182e-05
7094 5.680534821e-05
7095 5.680134543e-05
7096 5.679734351e-05
7097 5.679334243e-05
7098 5.678934219e-05
7099 5.67853428e-05
7100 5.678134425e-05
7101 5.677734655e-05
7102 5.67733497e-05
7103 5.676935368e-05
7104 5.676535851e-05
7105 5.676136419e-05
7106 5.675737071e-05
7107 5.675337807e-05
7108 5.674938627e-05
7109 5.674539531e-05
7110 5.67414052e-05
7111 5.673741593e-05
7112 5.67334275e-05
7113 5.672943991e-05
7114 5.672545316e-05
7115 5.672146725e-05
7116 5.671748218e-05
7117 5.671349796e-05
7118 5.670951457e-05
7119 5.670553202e-05
7120 5.670155031e-05
7121 5.669756944e-05
7122 5.66935894e-05
7123 5.668961021e-05
7124 5.668563185e-05
7125 5.668165433e-05
7126 5.667767764e-05
7127 5.66737018e-05
7128 5.666972679e-05
7129 5.666575262e-05
7130 5.666177928e-05
7131 5.665780678e-05
7132 5.665383511e-05
7133 5.664986428e-05
7134 5.664589428e-05
7135 5.664192512e-05
7136 5.663795679e-05
7137 5.66339893e-05
7138 5.663002264e-05
7139 5.662605681e-05
7140 5.662209182e-05
7141 5.661812766e-05
7142 5.661416433e-05
7143 5.661020183e-05
7144 5.660624017e-05
7145 5.660227934e-05
7146 5.659831933e-05
7147 5.659436016e-05
7148 5.659040182e-05
7149 5.658644432e-05
7150 5.658248764e-05
7151 5.657853179e-05
7152 5.657457677e-05
7153 5.657062258e-05
7154 5.656666922e-05
7155 5.656271668e-05
7156 5.655876498e-05
7157 5.65548141e-05
7158 5.655086406e-05
7159 5.654691483e-05
7160 5.654296644e-05
7161 5.653901888e-05
7162 5.653507214e-05
7163 5.653112622e-05
7164 5.652718113e-05
7165 5.652323687e-05
7166 5.651929344e-05
7167 5.651535083e-05
7168 5.651140904e-05
7169 5.650746808e-05
7170 5.650352794e-05
7171 5.649958863e-05
7172 5.649565014e-05
7173 5.649171248e-05
7174 5.648777564e-05
7175 5.648383962e-05
7176 5.647990442e-05
7177 5.647597005e-05
7178 5.64720365e-05
7179 5.646810377e-05
7180 5.646417186e-05
7181 5.646024077e-05
7182 5.64563105e-05
7183 5.645238106e-05
7184 5.644845243e-05
7185 5.644452463e-05
7186 5.644059764e-05
7187 5.643667148e-05
7188 5.643274613e-05
7189 5.64288216e-05
7190 5.642489789e-05
7191 5.6420975e-05
7192 5.641705293e-05
7193 5.641313167e-05
7194 5.640921124e-05
7195 5.640529162e-05
7196 5.640137281e-05
7197 5.639745483e-05
7198 5.639353766e-05
7199 5.63896213e-05
7200 5.638570577e-05
7201 5.638179104e-05
7202 5.637787714e-05
7203 5.637396404e-05
7204 5.637005177e-05
7205 5.63661403e-05
7206 5.636222965e-05
7207 5.635831982e-05
7208 5.63544108e-05
7209 5.635050259e-05
7210 5.634659519e-05
7211 5.634268861e-05
7212 5.633878284e-05
7213 5.633487788e-05
7214 5.633097374e-05
7215 5.63270704e-05
7216 5.632316788e-05
7217 5.631926617e-05
7218 5.631536526e-05
7219 5.631146517e-05
7220 5.630756589e-05
7221 5.630366742e-05
7222 5.629976976e-05
7223 5.629587291e-05
7224 5.629197686e-05
7225 5.628808163e-05
7226 5.62841872e-05
7227 5.628029359e-05
7228 5.627640078e-05
7229 5.627250878e-05
7230 5.626861758e-05
7231 5.626472719e-05
7232 5.626083761e-05
7233 5.625694884e-05
7234 5.625306087e-05
7235 5.624917371e-05
7236 5.624528735e-05
7237 5.62414018e-05
7238 5.623751706e-05
7239 5.623363312e-05
7240 5.622974998e-05
7241 5.622586765e-05
7242 5.622198612e-05
7243 5.62181054e-05
7244 5.621422548e-05
7245 5.621034636e-05
7246 5.620646805e-05
7247 5.620259054e-05
7248 5.619871383e-05
7249 5.619483792e-05
7250 5.619096281e-05
7251 5.618708851e-05
7252 5.618321501e-05
7253 5.617934231e-05
7254 5.617547041e-05
7255 5.617159931e-05
7256 5.616772901e-05
7257 5.616385951e-05
7258 5.615999081e-05
7259 5.61561229e-05
7260 5.61522558e-05
7261 5.61483895e-05
7262 5.614452399e-05
7263 5.614065929e-05
7264 5.613679538e-05
7265 5.613293227e-05
7266 5.612906995e-05
7267 5.612520844e-05
7268 5.612134772e-05
7269 5.61174878e-05
7270 5.611362867e-05
7271 5.610977034e-05
7272 5.61059128e-05
7273 5.610205607e-05
7274 5.609820012e-05
7275 5.609434497e-05
7276 5.609049062e-05
7277 5.608663706e-05
7278 5.608278429e-05
7279 5.607893232e-05
7280 5.607508114e-05
7281 5.607123076e-05
7282 5.606738117e-05
7283 5.606353237e-05
7284 5.605968436e-05
7285 5.605583715e-05
7286 5.605199072e-05
7287 5.604814509e-05
7288 5.604430025e-05
7289 5.60404562e-05
7290 5.603661295e-05
7291 5.603277048e-05
7292 5.60289288e-05
7293 5.602508792e-05
7294 5.602124782e-05
7295 5.601740851e-05
7296 5.601357e-05
7297 5.600973227e-05
7298 5.600589533e-05
7299 5.600205918e-05
7300 5.599822381e-05
7301 5.599438924e-05
7302 5.599055545e-05
7303 5.598672245e-05
7304 5.598289024e-05
7305 5.597905881e-05
7306 5.597522817e-05
7307 5.597139832e-05
7308 5.596756925e-05
7309 5.596374097e-05
7310 5.595991347e-05
7311 5.595608676e-05
7312 5.595226083e-05
7313 5.594843569e-05
7314 5.594461133e-05
7315 5.594078776e-05
7316 5.593696497e-05
7317 5.593314296e-05
7318 5.592932174e-05
7319 5.59255013e-05
7320 5.592168165e-05
7321 5.591786277e-05
7322 5.591404468e-05
7323 5.591022737e-05
7324 5.590641084e-05
7325 5.59025951e-05
7326 5.589878013e-05
7327 5.589496595e-05
7328 5.589115254e-05
7329 5.588733992e-05
7330 5.588352807e-05
7331 5.587971701e-05
7332 5.587590673e-05
7333 5.587209722e-05
7334 5.58682885e-05
7335 5.586448055e-05
7336 5.586067338e-05
7337 5.585686699e-05
7338 5.585306138e-05
7339 5.584925655e-05
7340 5.584545249e-05
7341 5.584164921e-05
7342 5.583784671e-05
7343 5.583404498e-05
7344 5.583024403e-05
7345 5.582644386e-05
7346 5.582264446e-05
7347 5.581884584e-05
7348 5.5815048e-05
7349 5.581125092e-05
7350 5.580745463e-05
7351 5.580365911e-05
7352 5.579986436e-05
7353 5.579607039e-05
7354 5.579227719e-05
7355 5.578848476e-05
7356 5.578469311e-05
7357 5.578090223e-05
7358 5.577711212e-05
7359 5.577332278e-05
7360 5.576953422e-05
7361 5.576574643e-05
7362 5.576195941e-05
7363 5.575817317e-05
7364 5.575438769e-05
7365 5.575060298e-05
7366 5.574681905e-05
7367 5.574303588e-05
7368 5.573925349e-05
7369 5.573547187e-05
7370 5.573169101e-05
7371 5.572791093e-05
7372 5.572413161e-05
7373 5.572035306e-05
7374 5.571657528e-05
7375 5.571279827e-05
7376 5.570902203e-05
7377 5.570524655e-05
7378 5.570147185e-05
7379 5.569769791e-05
7380 5.569392473e-05
7381 5.569015233e-05
7382 5.568638069e-05
7383 5.568260981e-05
7384 5.56788397e-05
7385 5.567507036e-05
7386 5.567130178e-05
7387 5.566753397e-05
7388 5.566376693e-05
7389 5.566000064e-05
7390 5.565623513e-05
7391 5.565247037e-05
7392 5.564870638e-05
7393 5.564494316e-05
7394 5.564118069e-05
7395 5.563741899e-05
7396 5.563365806e-05
7397 5.562989788e-05
7398 5.562613847e-05
7399 5.562237982e-05
7400 5.561862193e-05
7401 5.561486481e-05
7402 5.561110844e-05
7403 5.560735284e-05
7404 5.560359799e-05
7405 5.559984391e-05
7406 5.559609059e-05
7407 5.559233803e-05
7408 5.558858622e-05
7409 5.558483518e-05
7410 5.55810849e-05
7411 5.557733537e-05
7412 5.55735866e-05
7413 5.55698386e-05
7414 5.556609135e-05
7415 5.556234486e-05
7416 5.555859912e-05
7417 5.555485414e-05
7418 5.555110993e-05
7419 5.554736646e-05
7420 5.554362376e-05
7421 5.553988181e-05
7422 5.553614061e-05
7423 5.553240018e-05
7424 5.55286605e-05
7425 5.552492157e-05
7426 5.55211834e-05
7427 5.551744598e-05
7428 5.551370932e-05
7429 5.550997342e-05
7430 5.550623826e-05
7431 5.550250386e-05
7432 5.549877022e-05
7433 5.549503733e-05
7434 5.549130519e-05
7435 5.54875738e-05
7436 5.548384317e-05
7437 5.548011329e-05
7438 5.547638416e-05
7439 5.547265578e-05
7440 5.546892816e-05
7441 5.546520128e-05
7442 5.546147516e-05
7443 5.545774979e-05
7444 5.545402517e-05
7445 5.54503013e-05
7446 5.544657817e-05
7447 5.54428558e-05
7448 5.543913418e-05
7449 5.543541331e-05
7450 5.543169319e-05
7451 5.542797381e-05
7452 5.542425519e-05
7453 5.542053731e-05
7454 5.541682018e-05
7455 5.54131038e-05
7456 5.540938817e-05
7457 5.540567328e-05
7458 5.540195914e-05
7459 5.539824575e-05
7460 5.53945331e-05
7461 5.53908212e-05
7462 5.538711005e-05
7463 5.538339964e-05
7464 5.537968998e-05
7465 5.537598106e-05
7466 5.537227289e-05
7467 5.536856546e-05
7468 5.536485878e-05
7469 5.536115284e-05
7470 5.535744765e-05
7471 5.53537432e-05
7472 5.535003949e-05
7473 5.534633653e-05
7474 5.534263431e-05
7475 5.533893283e-05
7476 5.53352321e-05
7477 5.533153211e-05
7478 5.532783286e-05
7479 5.532413435e-05
7480 5.532043658e-05
7481 5.531673956e-05
7482 5.531304327e-05
7483 5.530934773e-05
7484 5.530565293e-05
7485 5.530195886e-05
7486 5.529826554e-05
7487 5.529457296e-05
7488 5.529088112e-05
7489 5.528719001e-05
7490 5.528349965e-05
7491 5.527981002e-05
7492 5.527612114e-05
7493 5.527243299e-05
7494 5.526874558e-05
7495 5.526505891e-05
7496 5.526137297e-05
7497 5.525768778e-05
7498 5.525400332e-05
7499 5.525031959e-05
7500 5.524663661e-05
7501 5.524295436e-05
7502 5.523927284e-05
7503 5.523559207e-05
7504 5.523191202e-05
7505 5.522823272e-05
7506 5.522455415e-05
7507 5.522087631e-05
7508 5.521719921e-05
7509 5.521352284e-05
7510 5.520984721e-05
7511 5.520617231e-05
7512 5.520249814e-05
7513 5.519882471e-05
7514 5.519515201e-05
7515 5.519148005e-05
7516 5.518780881e-05
7517 5.518413831e-05
7518 5.518046854e-05
7519 5.517679951e-05
7520 5.51731312e-05
7521 5.516946363e-05
7522 5.516579679e-05
7523 5.516213068e-05
7524 5.51584653e-05
7525 5.515480065e-05
7526 5.515113673e-05
7527 5.514747354e-05
7528 5.514381108e-05
7529 5.514014935e-05
7530 5.513648835e-05
7531 5.513282808e-05
7532 5.512916854e-05
7533 5.512550973e-05
7534 5.512185164e-05
7535 5.511819429e-05
7536 5.511453766e-05
7537 5.511088176e-05
7538 5.510722658e-05
7539 5.510357214e-05
7540 5.509991842e-05
7541 5.509626542e-05
7542 5.509261316e-05
7543 5.508896162e-05
7544 5.50853108e-05
7545 5.508166072e-05
7546 5.507801135e-05
7547 5.507436271e-05
7548 5.50707148e-05
7549 5.506706761e-05
7550 5.506342115e-05
7551 5.505977541e-05
7552 5.50561304e-05
7553 5.50524861e-05
7554 5.504884254e-05
7555 5.504519969e-05
7556 5.504155757e-05
7557 5.503791617e-05
7558 5.50342755e-05
7559 5.503063554e-05
7560 5.502699631e-05
7561 5.50233578e-05
7562 5.501972002e-05
7563 5.501608295e-05
7564 5.50124466e-05
7565 5.500881098e-05
7566 5.500517608e-05
7567 5.500154189e-05
7568 5.499790843e-05
7569 5.499427569e-05
7570 5.499064367e-05
7571 5.498701236e-05
7572 5.498338178e-05
7573 5.497975191e-05
7574 5.497612277e-05
7575 5.497249434e-05
7576 5.496886663e-05
7577 5.496523964e-05
7578 5.496161336e-05
7579 5.495798781e-05
7580 5.495436297e-05
7581 5.495073885e-05
7582 5.494711544e-05
7583 5.494349276e-05
7584 5.493987079e-05
7585 5.493624953e-05
7586 5.493262899e-05
7587 5.492900917e-05
7588 5.492539006e-05
7589 5.492177167e-05
7590 5.491815399e-05
7591 5.491453703e-05
7592 5.491092078e-05
7593 5.490730525e-05
7594 5.490369043e-05
7595 5.490007632e-05
7596 5.489646293e-05
7597 5.489285025e-05
7598 5.488923828e-05
7599 5.488562703e-05
7600 5.488201649e-05
7601 5.487840666e-05
7602 5.487479755e-05
7603 5.487118914e-05
7604 5.486758145e-05
7605 5.486397447e-05
7606 5.48603682e-05
7607 5.485676264e-05
7608 5.48531578e-05
7609 5.484955366e-05
7610 5.484595023e-05
7611 5.484234752e-05
7612 5.483874551e-05
7613 5.483514421e-05
7614 5.483154363e-05
7615 5.482794375e-05
7616 5.482434458e-05
7617 5.482074612e-05
7618 5.481714837e-05
7619 5.481355132e-05
7620 5.480995499e-05
7621 5.480635936e-05
7622 5.480276444e-05
7623 5.479917023e-05
7624 5.479557672e-05
7625 5.479198392e-05
7626 5.478839183e-05
7627 5.478480044e-05
7628 5.478120976e-05
7629 5.477761979e-05
7630 5.477403052e-05
7631 5.477044196e-05
7632 5.47668541e-05
7633 5.476326695e-05
7634 5.47596805e-05
7635 5.475609475e-05
7636 5.475250972e-05
7637 5.474892538e-05
7638 5.474534175e-05
7639 5.474175882e-05
7640 5.47381766e-05
7641 5.473459508e-05
7642 5.473101426e-05
7643 5.472743414e-05
7644 5.472385473e-05
7645 5.472027602e-05
7646 5.471669801e-05
7647 5.47131207e-05
7648 5.47095441e-05
7649 5.470596819e-05
7650 5.470239299e-05
7651 5.469881849e-05
7652 5.469524469e-05
7653 5.469167159e-05
7654 5.468809919e-05
7655 5.468452748e-05
7656 5.468095648e-05
7657 5.467738618e-05
7658 5.467381658e-05
7659 5.467024768e-05
7660 5.466667947e-05
7661 5.466311196e-05
7662 5.465954516e-05
7663 5.465597905e-05
7664 5.465241364e-05
7665 5.464884892e-05
7666 5.46452849e-05
7667 5.464172159e-05
7668 5.463815896e-05
7669 5.463459704e-05
7670 5.463103581e-05
7671 5.462747528e-05
7672 5.462391544e-05
7673 5.46203563e-05
7674 5.461679785e-05
7675 5.46132401e-05
7676 5.460968305e-05
7677 5.460612669e-05
7678 5.460257102e-05
7679 5.459901605e-05
7680 5.459546178e-05
7681 5.459190819e-05
7682 5.45883553e-05
7683 5.458480311e-05
7684 5.458125161e-05
7685 5.45777008e-05
7686 5.457415068e-05
7687 5.457060126e-05
7688 5.456705253e-05
7689 5.456350449e-05
7690 5.455995715e-05
7691 5.455641049e-05
7692 5.455286453e-05
7693 5.454931926e-05
7694 5.454577468e-05
7695 5.454223079e-05
7696 5.453868759e-05
7697 5.453514508e-05
7698 5.453160326e-05
7699 5.452806214e-05
7700 5.45245217e-05
7701 5.452098195e-05
7702 5.451744289e-05
7703 5.451390452e-05
7704 5.451036684e-05
7705 5.450682984e-05
7706 5.450329354e-05
7707 5.449975792e-05
7708 5.449622299e-05
7709 5.449268875e-05
7710 5.44891552e-05
7711 5.448562233e-05
7712 5.448209016e-05
7713 5.447855866e-05
7714 5.447502786e-05
7715 5.447149774e-05
7716 5.446796831e-05
7717 5.446443956e-05
7718 5.44609115e-05
7719 5.445738412e-05
7720 5.445385743e-05
7721 5.445033143e-05
7722 5.444680611e-05
7723 5.444328147e-05
7724 5.443975752e-05
7725 5.443623426e-05
7726 5.443271167e-05
7727 5.442918977e-05
7728 5.442566856e-05
7729 5.442214803e-05
7730 5.441862818e-05
7731 5.441510901e-05
7732 5.441159053e-05
7733 5.440807273e-05
7734 5.440455561e-05
7735 5.440103917e-05
7736 5.439752341e-05
7737 5.439400834e-05
7738 5.439049395e-05
7739 5.438698024e-05
7740 5.438346721e-05
7741 5.437995486e-05
7742 5.437644319e-05
7743 5.43729322e-05
7744 5.436942189e-05
7745 5.436591226e-05
7746 5.436240331e-05
7747 5.435889504e-05
7748 5.435538745e-05
7749 5.435188054e-05
7750 5.43483743e-05
7751 5.434486875e-05
7752 5.434136387e-05
7753 5.433785967e-05
7754 5.433435615e-05
7755 5.433085331e-05
7756 5.432735114e-05
7757 5.432384965e-05
7758 5.432034884e-05
7759 5.431684871e-05
7760 5.431334925e-05
7761 5.430985046e-05
7762 5.430635236e-05
7763 5.430285493e-05
7764 5.429935817e-05
7765 5.429586209e-05
7766 5.429236669e-05
7767 5.428887196e-05
7768 5.428537791e-05
7769 5.428188453e-05
7770 5.427839182e-05
7771 5.427489979e-05
7772 5.427140843e-05
7773 5.426791775e-05
7774 5.426442774e-05
7775 5.42609384e-05
7776 5.425744973e-05
7777 5.425396174e-05
7778 5.425047442e-05
7779 5.424698778e-05
7780 5.42435018e-05
7781 5.42400165e-05
7782 5.423653187e-05
7783 5.423304791e-05
7784 5.422956462e-05
7785 5.422608201e-05
7786 5.422260006e-05
7787 5.421911879e-05
7788 5.421563818e-05
7789 5.421215825e-05
7790 5.420867898e-05
7791 5.420520039e-05
7792 5.420172246e-05
7793 5.419824521e-05
7794 5.419476862e-05
7795 5.41912927e-05
7796 5.418781746e-05
7797 5.418434287e-05
7798 5.418086896e-05
7799 5.417739572e-05
7800 5.417392314e-05
7801 5.417045123e-05
7802 5.416697999e-05
7803 5.416350942e-05
7804 5.416003951e-05
7805 5.415657027e-05
7806 5.41531017e-05
7807 5.414963379e-05
7808 5.414616655e-05
7809 5.414269998e-05
7810 5.413923407e-05
7811 5.413576882e-05
7812 5.413230425e-05
7813 5.412884033e-05
7814 5.412537708e-05
7815 5.41219145e-05
7816 5.411845258e-05
7817 5.411499133e-05
7818 5.411153074e-05
7819 5.410807081e-05
7820 5.410461154e-05
7821 5.410115294e-05
7822 5.409769501e-05
7823 5.409423773e-05
7824 5.409078112e-05
7825 5.408732517e-05
7826 5.408386989e-05
7827 5.408041526e-05
7828 5.40769613e-05
7829 5.4073508e-05
7830 5.407005536e-05
7831 5.406660338e-05
7832 5.406315207e-05
7833 5.405970141e-05
7834 5.405625141e-05
7835 5.405280208e-05
7836 5.404935341e-05
7837 5.404590539e-05
7838 5.404245804e-05
7839 5.403901134e-05
7840 5.40355653e-05
7841 5.403211993e-05
7842 5.402867521e-05
7843 5.402523115e-05
7844 5.402178775e-05
7845 5.401834501e-05
7846 5.401490292e-05
7847 5.40114615e-05
7848 5.400802073e-05
7849 5.400458062e-05
7850 5.400114117e-05
7851 5.399770237e-05
7852 5.399426423e-05
7853 5.399082675e-05
7854 5.398738992e-05
7855 5.398395375e-05
7856 5.398051824e-05
7857 5.397708338e-05
7858 5.397364917e-05
7859 5.397021563e-05
7860 5.396678273e-05
7861 5.39633505e-05
7862 5.395991891e-05
7863 5.395648799e-05
7864 5.395305771e-05
7865 5.394962809e-05
7866 5.394619913e-05
7867 5.394277082e-05
7868 5.393934316e-05
7869 5.393591615e-05
7870 5.39324898e-05
7871 5.39290641e-05
7872 5.392563906e-05
7873 5.392221466e-05
7874 5.391879092e-05
7875 5.391536783e-05
7876 5.391194539e-05
7877 5.390852361e-05
7878 5.390510247e-05
7879 5.390168199e-05
7880 5.389826216e-05
7881 5.389484298e-05
7882 5.389142445e-05
7883 5.388800657e-05
7884 5.388458934e-05
7885 5.388117276e-05
7886 5.387775683e-05
7887 5.387434155e-05
7888 5.387092692e-05
7889 5.386751293e-05
7890 5.38640996e-05
7891 5.386068692e-05
7892 5.385727488e-05
7893 5.385386349e-05
7894 5.385045276e-05
7895 5.384704266e-05
7896 5.384363322e-05
7897 5.384022443e-05
7898 5.383681628e-05
7899 5.383340878e-05
7900 5.383000192e-05
7901 5.382659571e-05
7902 5.382319015e-05
7903 5.381978524e-05
7904 5.381638097e-05
7905 5.381297735e-05
7906 5.380957437e-05
7907 5.380617204e-05
7908 5.380277035e-05
7909 5.379936931e-05
7910 5.379596891e-05
7911 5.379256916e-05
7912 5.378917006e-05
7913 5.378577159e-05
7914 5.378237377e-05
7915 5.37789766e-05
7916 5.377558007e-05
7917 5.377218418e-05
7918 5.376878894e-05
7919 5.376539433e-05
7920 5.376200038e-05
7921 5.375860706e-05
7922 5.375521439e-05
7923 5.375182236e-05
7924 5.374843097e-05
7925 5.374504022e-05
7926 5.374165011e-05
7927 5.373826065e-05
7928 5.373487183e-05
7929 5.373148364e-05
7930 5.37280961e-05
7931 5.37247092e-05
7932 5.372132294e-05
7933 5.371793732e-05
7934 5.371455234e-05
7935 5.3711168e-05
7936 5.37077843e-05
7937 5.370440124e-05
7938 5.370101882e-05
7939 5.369763704e-05
7940 5.369425589e-05
7941 5.369087539e-05
7942 5.368749552e-05
7943 5.368411629e-05
7944 5.36807377e-05
7945 5.367735975e-05
7946 5.367398243e-05
7947 5.367060576e-05
7948 5.366722972e-05
7949 5.366385431e-05
7950 5.366047954e-05
7951 5.365710541e-05
7952 5.365373192e-05
7953 5.365035906e-05
7954 5.364698684e-05
7955 5.364361526e-05
7956 5.364024431e-05
7957 5.363687399e-05
7958 5.363350431e-05
7959 5.363013527e-05
7960 5.362676686e-05
7961 5.362339908e-05
7962 5.362003194e-05
7963 5.361666543e-05
7964 5.361329956e-05
7965 5.360993432e-05
7966 5.360656972e-05
7967 5.360320575e-05
7968 5.359984241e-05
7969 5.35964797e-05
7970 5.359311763e-05
7971 5.358975619e-05
7972 5.358639538e-05
7973 5.358303521e-05
7974 5.357967566e-05
7975 5.357631675e-05
7976 5.357295847e-05
7977 5.356960083e-05
7978 5.356624381e-05
7979 5.356288742e-05
7980 5.355953167e-05
7981 5.355617654e-05
7982 5.355282205e-05
7983 5.354946818e-05
7984 5.354611495e-05
7985 5.354276235e-05
7986 5.353941037e-05
7987 5.353605903e-05
7988 5.353270831e-05
7989 5.352935822e-05
7990 5.352600877e-05
7991 5.352265994e-05
7992 5.351931174e-05
7993 5.351596417e-05
7994 5.351261722e-05
7995 5.35092709e-05
7996 5.350592522e-05
7997 5.350258015e-05
7998 5.349923572e-05
7999 5.349589191e-05
8000 5.349254873e-05
8001 5.348920618e-05
8002 5.348586425e-05
8003 5.348252295e-05
8004 5.347918228e-05
8005 5.347584223e-05
8006 5.347250281e-05
8007 5.346916401e-05
8008 5.346582584e-05
8009 5.346248829e-05
8010 5.345915137e-05
8011 5.345581508e-05
8012 5.34524794e-05
8013 5.344914436e-05
8014 5.344580993e-05
8015 5.344247613e-05
8016 5.343914296e-05
8017 5.34358104e-05
8018 5.343247848e-05
8019 5.342914717e-05
8020 5.342581649e-05
8021 5.342248643e-05
8022 5.341915699e-05
8023 5.341582817e-05
8024 5.341249998e-05
8025 5.340917241e-05
8026 5.340584546e-05
8027 5.340251914e-05
8028 5.339919343e-05
8029 5.339586835e-05
8030 5.339254388e-05
8031 5.338922004e-05
8032 5.338589682e-05
8033 5.338257422e-05
8034 5.337925224e-05
8035 5.337593087e-05
8036 5.337261013e-05
8037 5.336929001e-05
8038 5.336597051e-05
8039 5.336265163e-05
8040 5.335933336e-05
8041 5.335601572e-05
8042 5.335269869e-05
8043 5.334938229e-05
8044 5.33460665e-05
8045 5.334275133e-05
8046 5.333943678e-05
8047 5.333612284e-05
8048 5.333280952e-05
8049 5.332949682e-05
8050 5.332618474e-05
8051 5.332287328e-05
8052 5.331956243e-05
8053 5.33162522e-05
8054 5.331294258e-05
8055 5.330963358e-05
8056 5.33063252e-05
8057 5.330301743e-05
8058 5.329971028e-05
8059 5.329640374e-05
8060 5.329309782e-05
8061 5.328979252e-05
8062 5.328648782e-05
8063 5.328318375e-05
8064 5.327988029e-05
8065 5.327657744e-05
8066 5.327327521e-05
8067 5.326997359e-05
8068 5.326667258e-05
8069 5.326337219e-05
8070 5.326007241e-05
8071 5.325677325e-05
8072 5.325347469e-05
8073 5.325017676e-05
8074 5.324687943e-05
8075 5.324358271e-05
8076 5.324028661e-05
8077 5.323699112e-05
8078 5.323369624e-05
8079 5.323040198e-05
8080 5.322710832e-05
8081 5.322381528e-05
8082 5.322052285e-05
8083 5.321723103e-05
8084 5.321393982e-05
8085 5.321064922e-05
8086 5.320735923e-05
8087 5.320406985e-05
8088 5.320078108e-05
8089 5.319749292e-05
8090 5.319420537e-05
8091 5.319091843e-05
8092 5.318763209e-05
8093 5.318434637e-05
8094 5.318106126e-05
8095 5.317777675e-05
8096 5.317449286e-05
8097 5.317120957e-05
8098 5.316792689e-05
8099 5.316464482e-05
8100 5.316136335e-05
8101 5.31580825e-05
8102 5.315480225e-05
8103 5.31515226e-05
8104 5.314824357e-05
8105 5.314496514e-05
8106 5.314168732e-05
8107 5.31384101e-05
8108 5.313513349e-05
8109 5.313185749e-05
8110 5.312858209e-05
8111 5.31253073e-05
8112 5.312203311e-05
8113 5.311875953e-05
8114 5.311548656e-05
8115 5.311221419e-05
8116 5.310894242e-05
8117 5.310567126e-05
8118 5.31024007e-05
8119 5.309913075e-05
8120 5.30958614e-05
8121 5.309259266e-05
8122 5.308932451e-05
8123 5.308605698e-05
8124 5.308279004e-05
8125 5.307952371e-05
8126 5.307625798e-05
8127 5.307299285e-05
8128 5.306972833e-05
8129 5.306646441e-05
8130 5.306320109e-05
8131 5.305993837e-05
8132 5.305667626e-05
8133 5.305341474e-05
8134 5.305015383e-05
8135 5.304689352e-05
8136 5.304363381e-05
8137 5.30403747e-05
8138 5.303711619e-05
8139 5.303385828e-05
8140 5.303060098e-05
8141 5.302734427e-05
8142 5.302408816e-05
8143 5.302083265e-05
8144 5.301757774e-05
8145 5.301432344e-05
8146 5.301106973e-05
8147 5.300781661e-05
8148 5.30045641e-05
8149 5.300131219e-05
8150 5.299806087e-05
8151 5.299481016e-05
8152 5.299156004e-05
8153 5.298831052e-05
8154 5.298506159e-05
8155 5.298181327e-05
8156 5.297856554e-05
8157 5.297531841e-05
8158 5.297207188e-05
8159 5.296882594e-05
8160 5.29655806e-05
8161 5.296233585e-05
8162 5.295909171e-05
8163 5.295584815e-05
8164 5.29526052e-05
8165 5.294936284e-05
8166 5.294612107e-05
8167 5.29428799e-05
8168 5.293963933e-05
8169 5.293639935e-05
8170 5.293315997e-05
8171 5.292992118e-05
8172 5.292668298e-05
8173 5.292344538e-05
8174 5.292020837e-05
8175 5.291697196e-05
8176 5.291373614e-05
8177 5.291050091e-05
8178 5.290726628e-05
8179 5.290403224e-05
8180 5.29007988e-05
8181 5.289756594e-05
8182 5.289433368e-05
8183 5.289110201e-05
8184 5.288787094e-05
8185 5.288464045e-05
8186 5.288141056e-05
8187 5.287818126e-05
8188 5.287495255e-05
8189 5.287172443e-05
8190 5.286849691e-05
8191 5.286526997e-05
8192 5.286204363e-05
8193 5.285881787e-05
8194 5.285559271e-05
8195 5.285236814e-05
8196 5.284914415e-05
8197 5.284592076e-05
8198 5.284269796e-05
8199 5.283947574e-05
8200 5.283625412e-05
8201 5.283303308e-05
8202 5.282981264e-05
8203 5.282659278e-05
8204 5.282337351e-05
8205 5.282015483e-05
8206 5.281693674e-05
8207 5.281371923e-05
8208 5.281050232e-05
8209 5.280728599e-05
8210 5.280407025e-05
8211 5.28008551e-05
8212 5.279764053e-05
8213 5.279442655e-05
8214 5.279121316e-05
8215 5.278800035e-05
8216 5.278478813e-05
8217 5.27815765e-05
8218 5.277836545e-05
8219 5.277515499e-05
8220 5.277194512e-05
8221 5.276873583e-05
8222 5.276552713e-05
8223 5.276231901e-05
8224 5.275911147e-05
8225 5.275590453e-05
8226 5.275269816e-05
8227 5.274949238e-05
8228 5.274628719e-05
8229 5.274308258e-05
8230 5.273987855e-05
8231 5.273667511e-05
8232 5.273347225e-05
8233 5.273026997e-05
8234 5.272706828e-05
8235 5.272386717e-05
8236 5.272066665e-05
8237 5.27174667e-05
8238 5.271426734e-05
8239 5.271106856e-05
8240 5.270787037e-05
8241 5.270467275e-05
8242 5.270147572e-05
8243 5.269827927e-05
8244 5.26950834e-05
8245 5.269188812e-05
8246 5.268869341e-05
8247 5.268549928e-05
8248 5.268230574e-05
8249 5.267911278e-05
8250 5.267592039e-05
8251 5.267272859e-05
8252 5.266953737e-05
8253 5.266634672e-05
8254 5.266315666e-05
8255 5.265996718e-05
8256 5.265677827e-05
8257 5.265358995e-05
8258 5.26504022e-05
8259 5.264721504e-05
8260 5.264402845e-05
8261 5.264084244e-05
8262 5.263765701e-05
8263 5.263447215e-05
8264 5.263128788e-05
8265 5.262810418e-05
8266 5.262492106e-05
8267 5.262173852e-05
8268 5.261855656e-05
8269 5.261537517e-05
8270 5.261219436e-05
8271 5.260901413e-05
8272 5.260583447e-05
8273 5.260265539e-05
8274 5.259947688e-05
8275 5.259629896e-05
8276 5.25931216e-05
8277 5.258994483e-05
8278 5.258676863e-05
8279 5.2583593e-05
8280 5.258041795e-05
8281 5.257724348e-05
8282 5.257406958e-05
8283 5.257089625e-05
8284 5.25677235e-05
8285 5.256455132e-05
8286 5.256137972e-05
8287 5.255820869e-05
8288 5.255503824e-05
8289 5.255186836e-05
8290 5.254869905e-05
8291 5.254553032e-05
8292 5.254236215e-05
8293 5.253919457e-05
8294 5.253602755e-05
8295 5.253286111e-05
8296 5.252969524e-05
8297 5.252652994e-05
8298 5.252336522e-05
8299 5.252020106e-05
8300 5.251703748e-05
8301 5.251387447e-05
8302 5.251071203e-05
8303 5.250755017e-05
8304 5.250438887e-05
8305 5.250122814e-05
8306 5.249806799e-05
8307 5.249490841e-05
8308 5.249174939e-05
8309 5.248859095e-05
8310 5.248543308e-05
8311 5.248227577e-05
8312 5.247911904e-05
8313 5.247596287e-05
8314 5.247280728e-05
8315 5.246965225e-05
8316 5.24664978e-05
8317 5.246334391e-05
8318 5.246019059e-05
8319 5.245703784e-05
8320 5.245388566e-05
8321 5.245073404e-05
8322 5.2447583e-05
8323 5.244443252e-05
8324 5.244128261e-05
8325 5.243813327e-05
8326 5.243498449e-05
8327 5.243183628e-05
8328 5.242868864e-05
8329 5.242554157e-05
8330 5.242239506e-05
8331 5.241924912e-05
8332 5.241610374e-05
8333 5.241295893e-05
8334 5.240981469e-05
8335 5.240667101e-05
8336 5.24035279e-05
8337 5.240038536e-05
8338 5.239724337e-05
8339 5.239410196e-05
8340 5.239096111e-05
8341 5.238782082e-05
8342 5.23846811e-05
8343 5.238154194e-05
8344 5.237840335e-05
8345 5.237526532e-05
8346 5.237212786e-05
8347 5.236899096e-05
8348 5.236585462e-05
8349 5.236271885e-05
8350 5.235958364e-05
8351 5.235644899e-05
8352 5.23533149e-05
8353 5.235018138e-05
8354 5.234704842e-05
8355 5.234391603e-05
8356 5.234078419e-05
8357 5.233765292e-05
8358 5.233452221e-05
8359 5.233139206e-05
8360 5.232826247e-05
8361 5.232513345e-05
8362 5.232200498e-05
8363 5.231887708e-05
8364 5.231574974e-05
8365 5.231262295e-05
8366 5.230949673e-05
8367 5.230637107e-05
8368 5.230324597e-05
8369 5.230012143e-05
8370 5.229699745e-05
8371 5.229387403e-05
8372 5.229075117e-05
8373 5.228762887e-05
8374 5.228450712e-05
8375 5.228138594e-05
8376 5.227826532e-05
8377 5.227514525e-05
8378 5.227202574e-05
8379 5.226890679e-05
8380 5.22657884e-05
8381 5.226267057e-05
8382 5.22595533e-05
8383 5.225643658e-05
8384 5.225332042e-05
8385 5.225020482e-05
8386 5.224708977e-05
8387 5.224397528e-05
8388 5.224086135e-05
8389 5.223774798e-05
8390 5.223463516e-05
8391 5.22315229e-05
8392 5.22284112e-05
8393 5.222530005e-05
8394 5.222218945e-05
8395 5.221907942e-05
8396 5.221596993e-05
8397 5.221286101e-05
8398 5.220975264e-05
8399 5.220664482e-05
8400 5.220353756e-05
8401 5.220043085e-05
8402 5.21973247e-05
8403 5.219421911e-05
8404 5.219111406e-05
8405 5.218800957e-05
8406 5.218490564e-05
8407 5.218180226e-05
8408 5.217869943e-05
8409 5.217559716e-05
8410 5.217249544e-05
8411 5.216939427e-05
8412 5.216629365e-05
8413 5.216319359e-05
8414 5.216009408e-05
8415 5.215699512e-05
8416 5.215389672e-05
8417 5.215079887e-05
8418 5.214770157e-05
8419 5.214460482e-05
8420 5.214150862e-05
8421 5.213841297e-05
8422 5.213531788e-05
8423 5.213222334e-05
8424 5.212912934e-05
8425 5.21260359e-05
8426 5.212294301e-05
8427 5.211985067e-05
8428 5.211675888e-05
8429 5.211366764e-05
8430 5.211057695e-05
8431 5.210748681e-05
8432 5.210439722e-05
8433 5.210130818e-05
8434 5.209821969e-05
8435 5.209513175e-05
8436 5.209204435e-05
8437 5.208895751e-05
8438 5.208587121e-05
8439 5.208278547e-05
8440 5.207970027e-05
8441 5.207661562e-05
8442 5.207353151e-05
8443 5.207044796e-05
8444 5.206736495e-05
8445 5.206428249e-05
8446 5.206120058e-05
8447 5.205811922e-05
8448 5.20550384e-05
8449 5.205195813e-05
8450 5.20488784e-05
8451 5.204579922e-05
8452 5.204272059e-05
8453 5.203964251e-05
8454 5.203656497e-05
8455 5.203348798e-05
8456 5.203041153e-05
8457 5.202733563e-05
8458 5.202426027e-05
8459 5.202118546e-05
8460 5.20181112e-05
8461 5.201503748e-05
8462 5.20119643e-05
8463 5.200889167e-05
8464 5.200581958e-05
8465 5.200274804e-05
8466 5.199967704e-05
8467 5.199660659e-05
8468 5.199353668e-05
8469 5.199046731e-05
8470 5.198739849e-05
8471 5.198433021e-05
8472 5.198126247e-05
8473 5.197819528e-05
8474 5.197512863e-05
8475 5.197206252e-05
8476 5.196899695e-05
8477 5.196593193e-05
8478 5.196286745e-05
8479 5.195980351e-05
8480 5.195674011e-05
8481 5.195367726e-05
8482 5.195061495e-05
8483 5.194755317e-05
8484 5.194449194e-05
8485 5.194143125e-05
8486 5.19383711e-05
8487 5.19353115e-05
8488 5.193225243e-05
8489 5.19291939e-05
8490 5.192613592e-05
8491 5.192307847e-05
8492 5.192002156e-05
8493 5.19169652e-05
8494 5.191390937e-05
8495 5.191085409e-05
8496 5.190779934e-05
8497 5.190474513e-05
8498 5.190169146e-05
8499 5.189863833e-05
8500 5.189558574e-05
8501 5.189253368e-05
8502 5.188948217e-05
8503 5.188643119e-05
8504 5.188338075e-05
8505 5.188033085e-05
8506 5.187728149e-05
8507 5.187423267e-05
8508 5.187118438e-05
8509 5.186813663e-05
8510 5.186508942e-05
8511 5.186204274e-05
8512 5.18589966e-05
8513 5.1855951e-05
8514 5.185290593e-05
8515 5.18498614e-05
8516 5.184681741e-05
8517 5.184377395e-05
8518 5.184073103e-05
8519 5.183768864e-05
8520 5.183464679e-05
8521 5.183160548e-05
8522 5.18285647e-05
8523 5.182552446e-05
8524 5.182248475e-05
8525 5.181944557e-05
8526 5.181640693e-05
8527 5.181336883e-05
8528 5.181033126e-05
8529 5.180729422e-05
8530 5.180425772e-05
8531 5.180122175e-05
8532 5.179818631e-05
8533 5.179515141e-05
8534 5.179211704e-05
8535 5.178908321e-05
8536 5.17860499e-05
8537 5.178301714e-05
8538 5.17799849e-05
8539 5.177695319e-05
8540 5.177392202e-05
8541 5.177089138e-05
8542 5.176786128e-05
8543 5.17648317e-05
8544 5.176180266e-05
8545 5.175877415e-05
8546 5.175574617e-05
8547 5.175271872e-05
8548 5.17496918e-05
8549 5.174666542e-05
8550 5.174363956e-05
8551 5.174061424e-05
8552 5.173758944e-05
8553 5.173456518e-05
8554 5.173154145e-05
8555 5.172851824e-05
8556 5.172549557e-05
8557 5.172247343e-05
8558 5.171945181e-05
8559 5.171643073e-05
8560 5.171341017e-05
8561 5.171039015e-05
8562 5.170737065e-05
8563 5.170435168e-05
8564 5.170133324e-05
8565 5.169831533e-05
8566 5.169529795e-05
8567 5.16922811e-05
8568 5.168926477e-05
8569 5.168624897e-05
8570 5.16832337e-05
8571 5.168021896e-05
8572 5.167720475e-05
8573 5.167419106e-05
8574 5.16711779e-05
8575 5.166816527e-05
8576 5.166515316e-05
8577 5.166214158e-05
8578 5.165913053e-05
8579 5.165612e-05
8580 5.165311e-05
8581 5.165010053e-05
8582 5.164709158e-05
8583 5.164408316e-05
8584 5.164107526e-05
8585 5.163806789e-05
8586 5.163506104e-05
8587 5.163205472e-05
8588 5.162904893e-05
8589 5.162604365e-05
8590 5.162303891e-05
8591 5.162003469e-05
8592 5.161703099e-05
8593 5.161402782e-05
8594 5.161102517e-05
8595 5.160802304e-05
8596 5.160502144e-05
8597 5.160202037e-05
8598 5.159901981e-05
8599 5.159601978e-05
8600 5.159302028e-05
8601 5.159002129e-05
8602 5.158702283e-05
8603 5.158402489e-05
8604 5.158102748e-05
8605 5.157803058e-05
8606 5.157503421e-05
8607 5.157203836e-05
8608 5.156904304e-05
8609 5.156604823e-05
8610 5.156305395e-05
8611 5.156006019e-05
8612 5.155706695e-05
8613 5.155407423e-05
8614 5.155108203e-05
8615 5.154809035e-05
8616 5.15450992e-05
8617 5.154210856e-05
8618 5.153911845e-05
8619 5.153612885e-05
8620 5.153313978e-05
8621 5.153015122e-05
8622 5.152716319e-05
8623 5.152417567e-05
8624 5.152118868e-05
8625 5.15182022e-05
8626 5.151521624e-05
8627 5.151223081e-05
8628 5.150924589e-05
8629 5.150626149e-05
8630 5.150327761e-05
8631 5.150029425e-05
8632 5.14973114e-05
8633 5.149432908e-05
8634 5.149134727e-05
8635 5.148836598e-05
8636 5.148538521e-05
8637 5.148240495e-05
8638 5.147942522e-05
8639 5.1476446e-05
8640 5.147346729e-05
8641 5.147048911e-05
8642 5.146751144e-05
8643 5.146453429e-05
8644 5.146155765e-05
8645 5.145858153e-05
8646 5.145560593e-05
8647 5.145263084e-05
8648 5.144965627e-05
8649 5.144668222e-05
8650 5.144370868e-05
8651 5.144073566e-05
8652 5.143776315e-05
8653 5.143479116e-05
8654 5.143181968e-05
8655 5.142884872e-05
8656 5.142587827e-05
8657 5.142290834e-05
8658 5.141993892e-05
8659 5.141697001e-05
8660 5.141400162e-05
8661 5.141103375e-05
8662 5.140806638e-05
8663 5.140509954e-05
8664 5.14021332e-05
8665 5.139916738e-05
8666 5.139620207e-05
8667 5.139323728e-05
8668 5.139027299e-05
8669 5.138730923e-05
8670 5.138434597e-05
8671 5.138138323e-05
8672 5.137842099e-05
8673 5.137545928e-05
8674 5.137249807e-05
8675 5.136953737e-05
8676 5.136657719e-05
8677 5.136361752e-05
8678 5.136065836e-05
8679 5.135769971e-05
8680 5.135474157e-05
8681 5.135178395e-05
8682 5.134882683e-05
8683 5.134587023e-05
8684 5.134291413e-05
8685 5.133995855e-05
8686 5.133700348e-05
8687 5.133404891e-05
8688 5.133109486e-05
8689 5.132814132e-05
8690 5.132518829e-05
8691 5.132223576e-05
8692 5.131928375e-05
8693 5.131633225e-05
8694 5.131338125e-05
8695 5.131043076e-05
8696 5.130748079e-05
8697 5.130453132e-05
8698 5.130158236e-05
8699 5.129863391e-05
8700 5.129568596e-05
8701 5.129273853e-05
8702 5.12897916e-05
8703 5.128684518e-05
8704 5.128389927e-05
8705 5.128095387e-05
8706 5.127800897e-05
8707 5.127506458e-05
8708 5.12721207e-05
8709 5.126917732e-05
8710 5.126623446e-05
8711 5.126329209e-05
8712 5.126035024e-05
8713 5.125740889e-05
8714 5.125446805e-05
8715 5.125152771e-05
8716 5.124858788e-05
8717 5.124564856e-05
8718 5.124270974e-05
8719 5.123977143e-05
8720 5.123683362e-05
8721 5.123389632e-05
8722 5.123095952e-05
8723 5.122802323e-05
8724 5.122508744e-05
8725 5.122215216e-05
8726 5.121921738e-05
8727 5.12162831e-05
8728 5.121334934e-05
8729 5.121041607e-05
8730 5.120748331e-05
8731 5.120455105e-05
8732 5.12016193e-05
8733 5.119868805e-05
8734 5.11957573e-05
8735 5.119282705e-05
8736 5.118989731e-05
8737 5.118696808e-05
8738 5.118403934e-05
8739 5.118111111e-05
8740 5.117818338e-05
8741 5.117525615e-05
8742 5.117232943e-05
8743 5.11694032e-05
8744 5.116647748e-05
8745 5.116355226e-05
8746 5.116062754e-05
8747 5.115770333e-05
8748 5.115477961e-05
8749 5.11518564e-05
8750 5.114893369e-05
8751 5.114601147e-05
8752 5.114308976e-05
8753 5.114016855e-05
8754 5.113724784e-05
8755 5.113432763e-05
8756 5.113140792e-05
8757 5.112848871e-05
8758 5.112557001e-05
8759 5.11226518e-05
8760 5.111973409e-05
8761 5.111681688e-05
8762 5.111390017e-05
8763 5.111098395e-05
8764 5.110806824e-05
8765 5.110515303e-05
8766 5.110223831e-05
8767 5.10993241e-05
8768 5.109641038e-05
8769 5.109349716e-05
8770 5.109058444e-05
8771 5.108767222e-05
8772 5.108476049e-05
8773 5.108184926e-05
8774 5.107893853e-05
8775 5.10760283e-05
8776 5.107311857e-05
8777 5.107020933e-05
8778 5.106730059e-05
8779 5.106439234e-05
8780 5.10614846e-05
8781 5.105857735e-05
8782 5.105567059e-05
8783 5.105276434e-05
8784 5.104985858e-05
8785 5.104695331e-05
8786 5.104404854e-05
8787 5.104114427e-05
8788 5.103824049e-05
8789 5.103533721e-05
8790 5.103243443e-05
8791 5.102953213e-05
8792 5.102663034e-05
8793 5.102372904e-05
8794 5.102082823e-05
8795 5.101792792e-05
8796 5.10150281e-05
8797 5.101212878e-05
8798 5.100922995e-05
8799 5.100633162e-05
8800 5.100343378e-05
8801 5.100053643e-05
8802 5.099763958e-05
8803 5.099474322e-05
8804 5.099184736e-05
8805 5.098895198e-05
8806 5.09860571e-05
8807 5.098316272e-05
8808 5.098026883e-05
8809 5.097737542e-05
8810 5.097448252e-05
8811 5.09715901e-05
8812 5.096869818e-05
8813 5.096580675e-05
8814 5.096291581e-05
8815 5.096002536e-05
8816 5.095713541e-05
8817 5.095424594e-05
8818 5.095135697e-05
8819 5.094846849e-05
8820 5.09455805e-05
8821 5.0942693e-05
8822 5.093980599e-05
8823 5.093691948e-05
8824 5.093403345e-05
8825 5.093114792e-05
8826 5.092826287e-05
8827 5.092537831e-05
8828 5.092249425e-05
8829 5.091961067e-05
8830 5.091672759e-05
8831 5.091384499e-05
8832 5.091096289e-05
8833 5.090808127e-05
8834 5.090520014e-05
8835 5.090231951e-05
8836 5.089943936e-05
8837 5.08965597e-05
8838 5.089368052e-05
8839 5.089080184e-05
8840 5.088792365e-05
8841 5.088504594e-05
8842 5.088216872e-05
8843 5.087929199e-05
8844 5.087641575e-05
8845 5.087353999e-05
8846 5.087066473e-05
8847 5.086778995e-05
8848 5.086491565e-05
8849 5.086204185e-05
8850 5.085916853e-05
8851 5.08562957e-05
8852 5.085342335e-05
8853 5.08505515e-05
8854 5.084768013e-05
8855 5.084480924e-05
8856 5.084193884e-05
8857 5.083906893e-05
8858 5.08361995e-05
8859 5.083333056e-05
8860 5.083046211e-05
8861 5.082759414e-05
8862 5.082472665e-05
8863 5.082185965e-05
8864 5.081899314e-05
8865 5.081612711e-05
8866 5.081326157e-05
8867 5.081039651e-05
8868 5.080753193e-05
8869 5.080466784e-05
8870 5.080180423e-05
8871 5.079894111e-05
8872 5.079607847e-05
8873 5.079321632e-05
8874 5.079035465e-05
8875 5.078749346e-05
8876 5.078463276e-05
8877 5.078177254e-05
8878 5.07789128e-05
8879 5.077605355e-05
8880 5.077319478e-05
8881 5.077033649e-05
8882 5.076747869e-05
8883 5.076462136e-05
8884 5.076176452e-05
8885 5.075890817e-05
8886 5.075605229e-05
8887 5.07531969e-05
8888 5.075034198e-05
8889 5.074748755e-05
8890 5.074463361e-05
8891 5.074178014e-05
8892 5.073892715e-05
8893 5.073607465e-05
8894 5.073322262e-05
8895 5.073037108e-05
8896 5.072752002e-05
8897 5.072466944e-05
8898 5.072181934e-05
8899 5.071896972e-05
8900 5.071612058e-05
8901 5.071327192e-05
8902 5.071042374e-05
8903 5.070757604e-05
8904 5.070472882e-05
8905 5.070188207e-05
8906 5.069903581e-05
8907 5.069619003e-05
8908 5.069334473e-05
8909 5.06904999e-05
8910 5.068765556e-05
8911 5.068481169e-05
8912 5.06819683e-05
8913 5.067912539e-05
8914 5.067628296e-05
8915 5.067344101e-05
8916 5.067059954e-05
8917 5.066775854e-05
8918 5.066491802e-05
8919 5.066207798e-05
8920 5.065923841e-05
8921 5.065639933e-05
8922 5.065356072e-05
8923 5.065072259e-05
8924 5.064788493e-05
8925 5.064504775e-05
8926 5.064221105e-05
8927 5.063937483e-05
8928 5.063653908e-05
8929 5.063370381e-05
8930 5.063086901e-05
8931 5.062803469e-05
8932 5.062520085e-05
8933 5.062236748e-05
8934 5.061953459e-05
8935 5.061670217e-05
8936 5.061387023e-05
8937 5.061103876e-05
8938 5.060820777e-05
8939 5.060537726e-05
8940 5.060254722e-05
8941 5.059971765e-05
8942 5.059688856e-05
8943 5.059405994e-05
8944 5.05912318e-05
8945 5.058840413e-05
8946 5.058557694e-05
8947 5.058275022e-05
8948 5.057992397e-05
8949 5.05770982e-05
8950 5.05742729e-05
8951 5.057144807e-05
8952 5.056862372e-05
8953 5.056579984e-05
8954 5.056297643e-05
8955 5.05601535e-05
8956 5.055733104e-05
8957 5.055450905e-05
8958 5.055168753e-05
8959 5.054886649e-05
8960 5.054604592e-05
8961 5.054322582e-05
8962 5.054040619e-05
8963 5.053758704e-05
8964 5.053476835e-05
8965 5.053195014e-05
8966 5.05291324e-05
8967 5.052631513e-05
8968 5.052349833e-05
8969 5.052068201e-05
8970 5.051786615e-05
8971 5.051505076e-05
8972 5.051223585e-05
8973 5.050942141e-05
8974 5.050660743e-05
8975 5.050379393e-05
8976 5.05009809e-05
8977 5.049816833e-05
8978 5.049535624e-05
8979 5.049254461e-05
8980 5.048973346e-05
8981 5.048692278e-05
8982 5.048411256e-05
8983 5.048130281e-05
8984 5.047849354e-05
8985 5.047568473e-05
8986 5.047287639e-05
8987 5.047006852e-05
8988 5.046726112e-05
8989 5.046445418e-05
8990 5.046164772e-05
8991 5.045884172e-05
8992 5.045603619e-05
8993 5.045323113e-05
8994 5.045042654e-05
8995 5.044762241e-05
8996 5.044481875e-05
8997 5.044201556e-05
8998 5.043921284e-05
8999 5.043641058e-05
9000 5.043360879e-05
9001 5.043080747e-05
9002 5.042800662e-05
9003 5.042520623e-05
9004 5.042240631e-05
9005 5.041960685e-05
9006 5.041680786e-05
9007 5.041400933e-05
9008 5.041121128e-05
9009 5.040841368e-05
9010 5.040561656e-05
9011 5.04028199e-05
9012 5.04000237e-05
9013 5.039722797e-05
9014 5.039443271e-05
9015 5.039163791e-05
9016 5.038884357e-05
9017 5.03860497e-05
9018 5.03832563e-05
9019 5.038046336e-05
9020 5.037767088e-05
9021 5.037487887e-05
9022 5.037208732e-05
9023 5.036929624e-05
9024 5.036650562e-05
9025 5.036371546e-05
9026 5.036092577e-05
9027 5.035813654e-05
9028 5.035534777e-05
9029 5.035255947e-05
9030 5.034977163e-05
9031 5.034698425e-05
9032 5.034419734e-05
9033 5.034141089e-05
9034 5.03386249e-05
9035 5.033583938e-05
9036 5.033305431e-05
9037 5.033026971e-05
9038 5.032748557e-05
9039 5.03247019e-05
9040 5.032191868e-05
9041 5.031913593e-05
9042 5.031635364e-05
9043 5.031357181e-05
9044 5.031079044e-05
9045 5.030800953e-05
9046 5.030522908e-05
9047 5.03024491e-05
9048 5.029966957e-05
9049 5.029689051e-05
9050 5.029411191e-05
9051 5.029133376e-05
9052 5.028855608e-05
9053 5.028577886e-05
9054 5.028300209e-05
9055 5.028022579e-05
9056 5.027744995e-05
9057 5.027467457e-05
9058 5.027189964e-05
9059 5.026912518e-05
9060 5.026635117e-05
9061 5.026357763e-05
9062 5.026080454e-05
9063 5.025803192e-05
9064 5.025525975e-05
9065 5.025248804e-05
9066 5.024971679e-05
9067 5.024694599e-05
9068 5.024417566e-05
9069 5.024140578e-05
9070 5.023863636e-05
9071 5.02358674e-05
9072 5.02330989e-05
9073 5.023033085e-05
9074 5.022756327e-05
9075 5.022479614e-05
9076 5.022202946e-05
9077 5.021926325e-05
9078 5.021649749e-05
9079 5.021373219e-05
9080 5.021096734e-05
9081 5.020820295e-05
9082 5.020543902e-05
9083 5.020267555e-05
9084 5.019991253e-05
9085 5.019714996e-05
9086 5.019438786e-05
9087 5.019162621e-05
9088 5.018886501e-05
9089 5.018610427e-05
9090 5.018334399e-05
9091 5.018058416e-05
9092 5.017782479e-05
9093 5.017506587e-05
9094 5.01723074e-05
9095 5.01695494e-05
9096 5.016679184e-05
9097 5.016403474e-05
9098 5.01612781e-05
9099 5.015852191e-05
9100 5.015576617e-05
9101 5.015301089e-05
9102 5.015025607e-05
9103 5.014750169e-05
9104 5.014474777e-05
9105 5.014199431e-05
9106 5.013924129e-05
9107 5.013648873e-05
9108 5.013373663e-05
9109 5.013098498e-05
9110 5.012823378e-05
9111 5.012548303e-05
9112 5.012273274e-05
9113 5.011998289e-05
9114 5.011723351e-05
9115 5.011448457e-05
9116 5.011173608e-05
9117 5.010898805e-05
9118 5.010624047e-05
9119 5.010349334e-05
9120 5.010074667e-05
9121 5.009800044e-05
9122 5.009525467e-05
9123 5.009250935e-05
9124 5.008976448e-05
9125 5.008702006e-05
9126 5.008427609e-05
9127 5.008153258e-05
9128 5.007878951e-05
9129 5.007604689e-05
9130 5.007330473e-05
9131 5.007056301e-05
9132 5.006782175e-05
9133 5.006508094e-05
9134 5.006234057e-05
9135 5.005960066e-05
9136 5.005686119e-05
9137 5.005412218e-05
9138 5.005138361e-05
9139 5.00486455e-05
9140 5.004590783e-05
9141 5.004317061e-05
9142 5.004043385e-05
9143 5.003769753e-05
9144 5.003496166e-05
9145 5.003222624e-05
9146 5.002949126e-05
9147 5.002675674e-05
9148 5.002402266e-05
9149 5.002128903e-05
9150 5.001855585e-05
9151 5.001582312e-05
9152 5.001309084e-05
9153 5.0010359e-05
9154 5.000762761e-05
9155 5.000489667e-05
9156 5.000216618e-05
9157 4.999943613e-05
9158 4.999670653e-05
9159 4.999397738e-05
9160 4.999124868e-05
9161 4.998852042e-05
9162 4.998579261e-05
9163 4.998306524e-05
9164 4.998033832e-05
9165 4.997761185e-05
9166 4.997488582e-05
9167 4.997216024e-05
9168 4.996943511e-05
9169 4.996671042e-05
9170 4.996398617e-05
9171 4.996126237e-05
9172 4.995853902e-05
9173 4.995581612e-05
9174 4.995309365e-05
9175 4.995037164e-05
9176 4.994765006e-05
9177 4.994492894e-05
9178 4.994220825e-05
9179 4.993948802e-05
9180 4.993676822e-05
9181 4.993404887e-05
9182 4.993132997e-05
9183 4.992861151e-05
9184 4.992589349e-05
9185 4.992317592e-05
9186 4.992045879e-05
9187 4.99177421e-05
9188 4.991502586e-05
9189 4.991231006e-05
9190 4.990959471e-05
9191 4.990687979e-05
9192 4.990416532e-05
9193 4.99014513e-05
9194 4.989873771e-05
9195 4.989602457e-05
9196 4.989331187e-05
9197 4.989059962e-05
9198 4.98878878e-05
9199 4.988517643e-05
9200 4.98824655e-05
9201 4.987975501e-05
9202 4.987704497e-05
9203 4.987433536e-05
9204 4.98716262e-05
9205 4.986891748e-05
9206 4.98662092e-05
9207 4.986350136e-05
9208 4.986079396e-05
9209 4.9858087e-05
9210 4.985538049e-05
9211 4.985267441e-05
9212 4.984996878e-05
9213 4.984726358e-05
9214 4.984455883e-05
9215 4.984185452e-05
9216 4.983915064e-05
9217 4.983644721e-05
9218 4.983374421e-05
9219 4.983104166e-05
9220 4.982833955e-05
9221 4.982563787e-05
9222 4.982293664e-05
9223 4.982023584e-05
9224 4.981753548e-05
9225 4.981483556e-05
9226 4.981213609e-05
9227 4.980943705e-05
9228 4.980673844e-05
9229 4.980404028e-05
9230 4.980134256e-05
9231 4.979864527e-05
9232 4.979594842e-05
9233 4.979325201e-05
9234 4.979055604e-05
9235 4.978786051e-05
9236 4.978516541e-05
9237 4.978247075e-05
9238 4.977977653e-05
9239 4.977708275e-05
9240 4.97743894e-05
9241 4.977169649e-05
9242 4.976900402e-05
9243 4.976631198e-05
9244 4.976362039e-05
9245 4.976092922e-05
9246 4.97582385e-05
9247 4.975554821e-05
9248 4.975285836e-05
9249 4.975016894e-05
9250 4.974747996e-05
9251 4.974479142e-05
9252 4.974210331e-05
9253 4.973941563e-05
9254 4.97367284e-05
9255 4.97340416e-05
9256 4.973135523e-05
9257 4.97286693e-05
9258 4.97259838e-05
9259 4.972329874e-05
9260 4.972061412e-05
9261 4.971792992e-05
9262 4.971524617e-05
9263 4.971256285e-05
9264 4.970987996e-05
9265 4.970719751e-05
9266 4.970451549e-05
9267 4.97018339e-05
9268 4.969915275e-05
9269 4.969647203e-05
9270 4.969379175e-05
9271 4.96911119e-05
9272 4.968843249e-05
9273 4.96857535e-05
9274 4.968307495e-05
9275 4.968039684e-05
9276 4.967771915e-05
9277 4.96750419e-05
9278 4.967236509e-05
9279 4.96696887e-05
9280 4.966701275e-05
9281 4.966433723e-05
9282 4.966166214e-05
9283 4.965898749e-05
9284 4.965631326e-05
9285 4.965363947e-05
9286 4.965096611e-05
9287 4.964829318e-05
9288 4.964562069e-05
9289 4.964294862e-05
9290 4.964027699e-05
9291 4.963760579e-05
9292 4.963493502e-05
9293 4.963226468e-05
9294 4.962959477e-05
9295 4.962692529e-05
9296 4.962425625e-05
9297 4.962158763e-05
9298 4.961891944e-05
9299 4.961625169e-05
9300 4.961358436e-05
9301 4.961091747e-05
9302 4.9608251e-05
9303 4.960558497e-05
9304 4.960291936e-05
9305 4.960025419e-05
9306 4.959758944e-05
9307 4.959492512e-05
9308 4.959226124e-05
9309 4.958959778e-05
9310 4.958693475e-05
9311 4.958427215e-05
9312 4.958160998e-05
9313 4.957894823e-05
9314 4.957628692e-05
9315 4.957362603e-05
9316 4.957096558e-05
9317 4.956830555e-05
9318 4.956564595e-05
9319 4.956298678e-05
9320 4.956032803e-05
9321 4.955766971e-05
9322 4.955501183e-05
9323 4.955235436e-05
9324 4.954969733e-05
9325 4.954704072e-05
9326 4.954438454e-05
9327 4.954172879e-05
9328 4.953907347e-05
9329 4.953641857e-05
9330 4.95337641e-05
9331 4.953111005e-05
9332 4.952845643e-05
9333 4.952580324e-05
9334 4.952315048e-05
9335 4.952049814e-05
9336 4.951784622e-05
9337 4.951519474e-05
9338 4.951254368e-05
9339 4.950989304e-05
9340 4.950724283e-05
9341 4.950459305e-05
9342 4.950194369e-05
9343 4.949929476e-05
9344 4.949664625e-05
9345 4.949399816e-05
9346 4.949135051e-05
9347 4.948870327e-05
9348 4.948605646e-05
9349 4.948341008e-05
9350 4.948076412e-05
9351 4.947811859e-05
9352 4.947547347e-05
9353 4.947282879e-05
9354 4.947018453e-05
9355 4.946754069e-05
9356 4.946489727e-05
9357 4.946225428e-05
9358 4.945961171e-05
9359 4.945696957e-05
9360 4.945432785e-05
9361 4.945168655e-05
9362 4.944904568e-05
9363 4.944640523e-05
9364 4.94437652e-05
9365 4.944112559e-05
9366 4.943848641e-05
9367 4.943584765e-05
9368 4.943320931e-05
9369 4.94305714e-05
9370 4.942793391e-05
9371 4.942529684e-05
9372 4.942266019e-05
9373 4.942002396e-05
9374 4.941738816e-05
9375 4.941475277e-05
9376 4.941211781e-05
9377 4.940948327e-05
9378 4.940684915e-05
9379 4.940421545e-05
9380 4.940158218e-05
9381 4.939894932e-05
9382 4.939631689e-05
9383 4.939368487e-05
9384 4.939105328e-05
9385 4.938842211e-05
9386 4.938579136e-05
9387 4.938316103e-05
9388 4.938053111e-05
9389 4.937790162e-05
9390 4.937527255e-05
9391 4.93726439e-05
9392 4.937001567e-05
9393 4.936738786e-05
9394 4.936476046e-05
9395 4.936213349e-05
9396 4.935950694e-05
9397 4.93568808e-05
9398 4.935425509e-05
9399 4.935162979e-05
9400 4.934900491e-05
9401 4.934638046e-05
9402 4.934375642e-05
9403 4.93411328e-05
9404 4.933850959e-05
9405 4.933588681e-05
9406 4.933326444e-05
9407 4.933064249e-05
9408 4.932802096e-05
9409 4.932539985e-05
9410 4.932277916e-05
9411 4.932015888e-05
9412 4.931753902e-05
9413 4.931491958e-05
9414 4.931230056e-05
9415 4.930968195e-05
9416 4.930706376e-05
9417 4.930444598e-05
9418 4.930182863e-05
9419 4.929921169e-05
9420 4.929659517e-05
9421 4.929397906e-05
9422 4.929136337e-05
9423 4.92887481e-05
9424 4.928613324e-05
9425 4.92835188e-05
9426 4.928090477e-05
9427 4.927829117e-05
9428 4.927567797e-05
9429 4.92730652e-05
9430 4.927045283e-05
9431 4.926784089e-05
9432 4.926522936e-05
9433 4.926261824e-05
9434 4.926000754e-05
9435 4.925739725e-05
9436 4.925478738e-05
9437 4.925217793e-05
9438 4.924956888e-05
9439 4.924696026e-05
9440 4.924435205e-05
9441 4.924174425e-05
9442 4.923913686e-05
9443 4.923652989e-05
9444 4.923392334e-05
9445 4.92313172e-05
9446 4.922871147e-05
9447 4.922610616e-05
9448 4.922350126e-05
9449 4.922089677e-05
9450 4.921829269e-05
9451 4.921568903e-05
9452 4.921308579e-05
9453 4.921048295e-05
9454 4.920788053e-05
9455 4.920527852e-05
9456 4.920267693e-05
9457 4.920007575e-05
9458 4.919747497e-05
9459 4.919487462e-05
9460 4.919227467e-05
9461 4.918967514e-05
9462 4.918707602e-05
9463 4.918447731e-05
9464 4.918187901e-05
9465 4.917928112e-05
9466 4.917668365e-05
9467 4.917408658e-05
9468 4.917148993e-05
9469 4.916889369e-05
9470 4.916629786e-05
9471 4.916370245e-05
9472 4.916110744e-05
9473 4.915851284e-05
9474 4.915591866e-05
9475 4.915332488e-05
9476 4.915073152e-05
9477 4.914813857e-05
9478 4.914554602e-05
9479 4.914295389e-05
9480 4.914036217e-05
9481 4.913777085e-05
9482 4.913517995e-05
9483 4.913258946e-05
9484 4.912999937e-05
9485 4.91274097e-05
9486 4.912482044e-05
9487 4.912223158e-05
9488 4.911964314e-05
9489 4.91170551e-05
9490 4.911446747e-05
9491 4.911188025e-05
9492 4.910929344e-05
9493 4.910670704e-05
9494 4.910412105e-05
9495 4.910153546e-05
9496 4.909895029e-05
9497 4.909636552e-05
9498 4.909378116e-05
9499 4.909119721e-05
9500 4.908861367e-05
9501 4.908603053e-05
9502 4.90834478e-05
9503 4.908086548e-05
9504 4.907828357e-05
9505 4.907570207e-05
9506 4.907312097e-05
9507 4.907054028e-05
9508 4.906795999e-05
9509 4.906538012e-05
9510 4.906280065e-05
9511 4.906022159e-05
9512 4.905764293e-05
9513 4.905506468e-05
9514 4.905248684e-05
9515 4.90499094e-05
9516 4.904733237e-05
9517 4.904475575e-05
9518 4.904217953e-05
9519 4.903960371e-05
9520 4.903702831e-05
9521 4.903445331e-05
9522 4.903187871e-05
9523 4.902930452e-05
9524 4.902673074e-05
9525 4.902415736e-05
9526 4.902158439e-05
9527 4.901901182e-05
9528 4.901643965e-05
9529 4.901386789e-05
9530 4.901129654e-05
9531 4.900872559e-05
9532 4.900615505e-05
9533 4.90035849e-05
9534 4.900101517e-05
9535 4.899844584e-05
9536 4.899587691e-05
9537 4.899330838e-05
9538 4.899074026e-05
9539 4.898817255e-05
9540 4.898560524e-05
9541 4.898303833e-05
9542 4.898047182e-05
9543 4.897790572e-05
9544 4.897534002e-05
9545 4.897277473e-05
9546 4.897020983e-05
9547 4.896764534e-05
9548 4.896508126e-05
9549 4.896251757e-05
9550 4.895995429e-05
9551 4.895739141e-05
9552 4.895482894e-05
9553 4.895226686e-05
9554 4.894970519e-05
9555 4.894714392e-05
9556 4.894458305e-05
9557 4.894202259e-05
9558 4.893946252e-05
9559 4.893690286e-05
9560 4.89343436e-05
9561 4.893178474e-05
9562 4.892922628e-05
9563 4.892666823e-05
9564 4.892411057e-05
9565 4.892155332e-05
9566 4.891899646e-05
9567 4.891644001e-05
9568 4.891388396e-05
9569 4.891132831e-05
9570 4.890877306e-05
9571 4.890621821e-05
9572 4.890366376e-05
9573 4.890110971e-05
9574 4.889855606e-05
9575 4.889600281e-05
9576 4.889344996e-05
9577 4.889089751e-05
9578 4.888834546e-05
9579 4.888579381e-05
9580 4.888324256e-05
9581 4.888069171e-05
9582 4.887814126e-05
9583 4.88755912e-05
9584 4.887304155e-05
9585 4.887049229e-05
9586 4.886794344e-05
9587 4.886539498e-05
9588 4.886284692e-05
9589 4.886029926e-05
9590 4.8857752e-05
9591 4.885520514e-05
9592 4.885265867e-05
9593 4.885011261e-05
9594 4.884756694e-05
9595 4.884502167e-05
9596 4.884247679e-05
9597 4.883993232e-05
9598 4.883738824e-05
9599 4.883484456e-05
9600 4.883230128e-05
9601 4.882975839e-05
9602 4.88272159e-05
9603 4.882467381e-05
9604 4.882213212e-05
9605 4.881959082e-05
9606 4.881704992e-05
9607 4.881450942e-05
9608 4.881196931e-05
9609 4.88094296e-05
9610 4.880689028e-05
9611 4.880435137e-05
9612 4.880181284e-05
9613 4.879927472e-05
9614 4.879673699e-05
9615 4.879419965e-05
9616 4.879166272e-05
9617 4.878912617e-05
9618 4.878659003e-05
9619 4.878405428e-05
9620 4.878151892e-05
9621 4.877898396e-05
9622 4.877644939e-05
9623 4.877391522e-05
9624 4.877138145e-05
9625 4.876884807e-05
9626 4.876631508e-05
9627 4.876378249e-05
9628 4.876125029e-05
9629 4.875871849e-05
9630 4.875618708e-05
9631 4.875365607e-05
9632 4.875112545e-05
9633 4.874859522e-05
9634 4.874606539e-05
9635 4.874353595e-05
9636 4.874100691e-05
9637 4.873847826e-05
9638 4.873595e-05
9639 4.873342213e-05
9640 4.873089466e-05
9641 4.872836759e-05
9642 4.87258409e-05
9643 4.872331461e-05
9644 4.872078871e-05
9645 4.871826321e-05
9646 4.871573809e-05
9647 4.871321337e-05
9648 4.871068905e-05
9649 4.870816511e-05
9650 4.870564157e-05
9651 4.870311842e-05
9652 4.870059566e-05
9653 4.869807329e-05
9654 4.869555132e-05
9655 4.869302973e-05
9656 4.869050854e-05
9657 4.868798774e-05
9658 4.868546734e-05
9659 4.868294732e-05
9660 4.868042769e-05
9661 4.867790846e-05
9662 4.867538961e-05
9663 4.867287116e-05
9664 4.86703531e-05
9665 4.866783543e-05
9666 4.866531815e-05
9667 4.866280126e-05
9668 4.866028476e-05
9669 4.865776865e-05
9670 4.865525293e-05
9671 4.865273761e-05
9672 4.865022267e-05
9673 4.864770812e-05
9674 4.864519396e-05
9675 4.864268019e-05
9676 4.864016681e-05
9677 4.863765382e-05
9678 4.863514122e-05
9679 4.863262901e-05
9680 4.863011719e-05
9681 4.862760576e-05
9682 4.862509472e-05
9683 4.862258406e-05
9684 4.86200738e-05
9685 4.861756392e-05
9686 4.861505443e-05
9687 4.861254533e-05
9688 4.861003662e-05
9689 4.86075283e-05
9690 4.860502037e-05
9691 4.860251282e-05
9692 4.860000566e-05
9693 4.859749889e-05
9694 4.859499251e-05
9695 4.859248651e-05
9696 4.858998091e-05
9697 4.858747569e-05
9698 4.858497086e-05
9699 4.858246641e-05
9700 4.857996235e-05
9701 4.857745868e-05
9702 4.85749554e-05
9703 4.857245251e-05
9704 4.856995e-05
9705 4.856744787e-05
9706 4.856494614e-05
9707 4.856244479e-05
9708 4.855994383e-05
9709 4.855744325e-05
9710 4.855494306e-05
9711 4.855244326e-05
9712 4.854994384e-05
9713 4.854744481e-05
9714 4.854494616e-05
9715 4.85424479e-05
9716 4.853995002e-05
9717 4.853745253e-05
9718 4.853495543e-05
9719 4.853245871e-05
9720 4.852996238e-05
9721 4.852746643e-05
9722 4.852497087e-05
9723 4.852247569e-05
9724 4.85199809e-05
9725 4.851748649e-05
9726 4.851499247e-05
9727 4.851249883e-05
9728 4.851000557e-05
9729 4.85075127e-05
9730 4.850502022e-05
9731 4.850252812e-05
9732 4.85000364e-05
9733 4.849754506e-05
9734 4.849505411e-05
9735 4.849256355e-05
9736 4.849007337e-05
9737 4.848758357e-05
9738 4.848509415e-05
9739 4.848260512e-05
9740 4.848011647e-05
9741 4.847762821e-05
9742 4.847514033e-05
9743 4.847265283e-05
9744 4.847016571e-05
9745 4.846767898e-05
9746 4.846519263e-05
9747 4.846270666e-05
9748 4.846022107e-05
9749 4.845773587e-05
9750 4.845525105e-05
9751 4.845276661e-05
9752 4.845028255e-05
9753 4.844779888e-05
9754 4.844531558e-05
9755 4.844283267e-05
9756 4.844035014e-05
9757 4.8437868e-05
9758 4.843538623e-05
9759 4.843290485e-05
9760 4.843042384e-05
9761 4.842794322e-05
9762 4.842546298e-05
9763 4.842298312e-05
9764 4.842050364e-05
9765 4.841802454e-05
9766 4.841554583e-05
9767 4.841306749e-05
9768 4.841058953e-05
9769 4.840811196e-05
9770 4.840563476e-05
9771 4.840315795e-05
9772 4.840068151e-05
9773 4.839820546e-05
9774 4.839572978e-05
9775 4.839325449e-05
9776 4.839077957e-05
9777 4.838830504e-05
9778 4.838583088e-05
9779 4.83833571e-05
9780 4.838088371e-05
9781 4.837841069e-05
9782 4.837593805e-05
9783 4.837346579e-05
9784 4.837099391e-05
9785 4.836852241e-05
9786 4.836605129e-05
9787 4.836358054e-05
9788 4.836111018e-05
9789 4.835864019e-05
9790 4.835617058e-05
9791 4.835370135e-05
9792 4.83512325e-05
9793 4.834876403e-05
9794 4.834629593e-05
9795 4.834382821e-05
9796 4.834136087e-05
9797 4.833889391e-05
9798 4.833642732e-05
9799 4.833396112e-05
9800 4.833149529e-05
9801 4.832902984e-05
9802 4.832656476e-05
9803 4.832410006e-05
9804 4.832163574e-05
9805 4.83191718e-05
9806 4.831670823e-05
9807 4.831424504e-05
9808 4.831178223e-05
9809 4.830931979e-05
9810 4.830685773e-05
9811 4.830439605e-05
9812 4.830193474e-05
9813 4.829947381e-05
9814 4.829701325e-05
9815 4.829455307e-05
9816 4.829209327e-05
9817 4.828963384e-05
9818 4.828717479e-05
9819 4.828471611e-05
9820 4.828225781e-05
9821 4.827979988e-05
9822 4.827734233e-05
9823 4.827488516e-05
9824 4.827242836e-05
9825 4.826997194e-05
9826 4.826751589e-05
9827 4.826506021e-05
9828 4.826260491e-05
9829 4.826014999e-05
9830 4.825769544e-05
9831 4.825524126e-05
9832 4.825278746e-05
9833 4.825033403e-05
9834 4.824788098e-05
9835 4.82454283e-05
9836 4.824297599e-05
9837 4.824052406e-05
9838 4.82380725e-05
9839 4.823562132e-05
9840 4.823317051e-05
9841 4.823072007e-05
9842 4.822827001e-05
9843 4.822582032e-05
9844 4.8223371e-05
9845 4.822092206e-05
9846 4.821847349e-05
9847 4.821602529e-05
9848 4.821357747e-05
9849 4.821113001e-05
9850 4.820868293e-05
9851 4.820623623e-05
9852 4.820378989e-05
9853 4.820134393e-05
9854 4.819889834e-05
9855 4.819645313e-05
9856 4.819400828e-05
9857 4.819156381e-05
9858 4.818911971e-05
9859 4.818667598e-05
9860 4.818423262e-05
9861 4.818178963e-05
9862 4.817934702e-05
9863 4.817690478e-05
9864 4.817446291e-05
9865 4.81720214e-05
9866 4.816958028e-05
9867 4.816713952e-05
9868 4.816469913e-05
9869 4.816225911e-05
9870 4.815981947e-05
9871 4.815738019e-05
9872 4.815494129e-05
9873 4.815250276e-05
9874 4.815006459e-05
9875 4.81476268e-05
9876 4.814518938e-05
9877 4.814275233e-05
9878 4.814031564e-05
9879 4.813787933e-05
9880 4.813544339e-05
9881 4.813300782e-05
9882 4.813057261e-05
9883 4.812813778e-05
9884 4.812570331e-05
9885 4.812326922e-05
9886 4.812083549e-05
9887 4.811840214e-05
9888 4.811596915e-05
9889 4.811353653e-05
9890 4.811110428e-05
9891 4.81086724e-05
9892 4.810624089e-05
9893 4.810380975e-05
9894 4.810137897e-05
9895 4.809894857e-05
9896 4.809651853e-05
9897 4.809408886e-05
9898 4.809165956e-05
9899 4.808923063e-05
9900 4.808680206e-05
9901 4.808437387e-05
9902 4.808194604e-05
9903 4.807951857e-05
9904 4.807709148e-05
9905 4.807466475e-05
9906 4.80722384e-05
9907 4.80698124e-05
9908 4.806738678e-05
9909 4.806496152e-05
9910 4.806253663e-05
9911 4.806011211e-05
9912 4.805768795e-05
9913 4.805526416e-05
9914 4.805284074e-05
9915 4.805041768e-05
9916 4.804799499e-05
9917 4.804557267e-05
9918 4.804315071e-05
9919 4.804072912e-05
9920 4.80383079e-05
9921 4.803588704e-05
9922 4.803346655e-05
9923 4.803104642e-05
9924 4.802862666e-05
9925 4.802620726e-05
9926 4.802378823e-05
9927 4.802136957e-05
9928 4.801895127e-05
9929 4.801653334e-05
9930 4.801411577e-05
9931 4.801169857e-05
9932 4.800928173e-05
9933 4.800686525e-05
9934 4.800444915e-05
9935 4.80020334e-05
9936 4.799961802e-05
9937 4.799720301e-05
9938 4.799478836e-05
9939 4.799237407e-05
9940 4.798996015e-05
9941 4.798754659e-05
9942 4.79851334e-05
9943 4.798272057e-05
9944 4.798030811e-05
9945 4.797789601e-05
9946 4.797548427e-05
9947 4.79730729e-05
9948 4.797066189e-05
9949 4.796825124e-05
9950 4.796584096e-05
9951 4.796343104e-05
9952 4.796102148e-05
9953 4.795861229e-05
9954 4.795620346e-05
9955 4.795379499e-05
9956 4.795138688e-05
9957 4.794897914e-05
9958 4.794657176e-05
9959 4.794416474e-05
9960 4.794175809e-05
9961 4.79393518e-05
9962 4.793694587e-05
9963 4.79345403e-05
9964 4.79321351e-05
9965 4.792973025e-05
9966 4.792732577e-05
9967 4.792492165e-05
9968 4.792251789e-05
9969 4.79201145e-05
9970 4.791771146e-05
9971 4.791530879e-05
9972 4.791290648e-05
9973 4.791050453e-05
9974 4.790810294e-05
9975 4.790570171e-05
9976 4.790330084e-05
9977 4.790090034e-05
9978 4.789850019e-05
9979 4.789610041e-05
9980 4.789370098e-05
9981 4.789130192e-05
9982 4.788890322e-05
9983 4.788650487e-05
9984 4.788410689e-05
9985 4.788170927e-05
9986 4.787931201e-05
9987 4.787691511e-05
9988 4.787451857e-05
9989 4.787212238e-05
9990 4.786972656e-05
9991 4.78673311e-05
9992 4.7864936e-05
9993 4.786254125e-05
9994 4.786014687e-05
9995 4.785775284e-05
9996 4.785535918e-05
9997 4.785296587e-05
9998 4.785057292e-05
9999 4.784818033e-05
inf 0.05
