# potencia: beta=1.25 dmax=10000 inf=0.05
# fase: f04
# cenario: sd06 (β = 1,25)
# d = objetos distintos entre dois pedidos ao mesmo objeto
0 0.226453765
1 0.09521207962
2 0.05735588394
3 0.04003174822
4 0.03028775198
5 0.0241151786
6 0.01988872742
7 0.01683127679
8 0.0145270158
9 0.01273443103
10 0.01130417024
11 0.01013918362
12 0.009173822973
13 0.008362179796
14 0.007671238264
15 0.007076680158
16 0.00656021985
17 0.006107857756
18 0.005708704255
19 0.005354168703
20 0.005037388279
21 0.004752818115
22 0.004495932173
23 0.00426300158
24 0.004050928099
25 0.003857117426
26 0.003679381671
27 0.003515863507
28 0.003364976599
29 0.003225358378
30 0.003095832309
31 0.002975377488
32 0.002863103981
33 0.002758232678
34 0.002660078728
35 0.002568037846
36 0.002481574916
37 0.002400214472
38 0.00232353269
39 0.002251150635
40 0.002182728529
41 0.002117960873
42 0.002056572273
43 0.001998313858
44 0.001942960195
45 0.001890306624
46 0.001840166937
47 0.001792371373
48 0.001746764856
49 0.001703205459
50 0.001661563049
51 0.001621718108
52 0.001583560677
53 0.001546989429
54 0.001511910851
55 0.00147823851
56 0.001445892404
57 0.00141479838
58 0.001384887614
59 0.001356096149
60 0.001328364473
61 0.001301637146
62 0.001275862459
63 0.001250992132
64 0.001226981035
65 0.001203786937
66 0.001181370284
67 0.001159693986
68 0.001138723235
69 0.001118425333
70 0.001098769536
71 0.001079726909
72 0.001061270202
73 0.001043373726
74 0.001026013243
75 0.001009165873
76 0.0009928099916
77 0.0009769251547
78 0.0009614920144
79 0.0009464922494
80 0.0009319084981
81 0.0009177242977
82 0.0009039240266
83 0.0008904928528
84 0.0008774166847
85 0.0008646821259
86 0.0008522764337
87 0.0008401874798
88 0.0008284037142
89 0.0008169141317
90 0.0008057082402
91 0.0007947760318
92 0.0007841079552
93 0.0007736948904
94 0.0007635281249
95 0.0007535993313
96 0.0007439005467
97 0.000734424153
98 0.0007251628589
99 0.0007161096823
100 0.0007072579347
101 0.000698601206
102 0.0006901333501
103 0.000681848472
104 0.0006737409148
105 0.0006658052482
106 0.0006580362573
107 0.0006504289325
108 0.0006429784587
109 0.0006356802072
110 0.000628529726
111 0.0006215227319
112 0.0006146551027
113 0.0006079228696
114 0.0006013222105
115 0.0005948494429
116 0.0005885010181
117 0.0005822735152
118 0.000576163635
119 0.0005701681953
120 0.0005642841255
121 0.0005585084618
122 0.0005528383427
123 0.0005472710049
124 0.0005418037785
125 0.000536434084
126 0.000531159428
127 0.0005259773996
128 0.0005208856677
129 0.0005158819768
130 0.0005109641449
131 0.0005061300601
132 0.0005013776778
133 0.0004967050183
134 0.0004921101641
135 0.0004875912576
136 0.0004831464989
137 0.0004787741432
138 0.0004744724991
139 0.0004702399268
140 0.0004660748354
141 0.000461975682
142 0.0004579409691
143 0.0004539692438
144 0.0004500590954
145 0.0004462091544
146 0.0004424180908
147 0.0004386846128
148 0.0004350074654
149 0.0004313854291
150 0.0004278173188
151 0.0004243019823
152 0.0004208382996
153 0.0004174251815
154 0.0004140615686
155 0.0004107464303
156 0.000407478764
157 0.0004042575941
158 0.0004010819708
159 0.0003979509698
160 0.0003948636909
161 0.0003918192577
162 0.0003888168166
163 0.000385855536
164 0.0003829346059
165 0.0003800532368
166 0.0003772106594
167 0.0003744061239
168 0.0003716388991
169 0.0003689082724
170 0.0003662135487
171 0.00036355405
172 0.0003609291151
173 0.000358338099
174 0.000355780372
175 0.0003532553199
176 0.0003507623433
177 0.0003483008568
178 0.0003458702892
179 0.0003434700824
180 0.0003410996919
181 0.0003387585855
182 0.0003364462434
183 0.000334162158
184 0.0003319058332
185 0.0003296767843
186 0.0003274745376
187 0.0003252986299
188 0.0003231486087
189 0.0003210240316
190 0.0003189244657
191 0.0003168494881
192 0.0003147986849
193 0.0003127716515
194 0.0003107679919
195 0.0003087873188
196 0.0003068292532
197 0.0003048934243
198 0.0003029794691
199 0.0003010870324
200 0.0002992157665
201 0.000297365331
202 0.0002955353926
203 0.0002937256249
204 0.0002919357084
205 0.0002901653301
206 0.0002884141834
207 0.0002866819679
208 0.0002849683896
209 0.00028327316
210 0.0002815959968
211 0.0002799366232
212 0.0002782947679
213 0.000276670165
214 0.0002750625538
215 0.0002734716788
216 0.0002718972896
217 0.0002703391405
218 0.0002687969906
219 0.0002672706037
220 0.0002657597482
221 0.0002642641967
222 0.0002627837264
223 0.0002613181186
224 0.0002598671587
225 0.0002584306362
226 0.0002570083445
227 0.0002556000809
228 0.0002542056464
229 0.0002528248456
230 0.0002514574869
231 0.0002501033821
232 0.0002487623463
233 0.0002474341983
234 0.0002461187597
235 0.0002448158558
236 0.0002435253147
237 0.0002422469676
238 0.0002409806489
239 0.0002397261958
240 0.0002384834482
241 0.0002372522492
242 0.0002360324442
243 0.0002348238817
244 0.0002336264126
245 0.0002324398903
246 0.000231264171
247 0.0002300991131
248 0.0002289445775
249 0.0002278004276
250 0.0002266665288
251 0.0002255427491
252 0.0002244289586
253 0.0002233250295
254 0.0002222308361
255 0.0002211462549
256 0.0002200711645
257 0.0002190054453
258 0.0002179489799
259 0.0002169016525
260 0.0002158633495
261 0.0002148339589
262 0.0002138133707
263 0.0002128014766
264 0.00021179817
265 0.000210803346
266 0.0002098169014
267 0.0002088387347
268 0.0002078687458
269 0.0002069068364
270 0.0002059529097
271 0.0002050068703
272 0.0002040686244
273 0.0002031380795
274 0.0002022151447
275 0.0002012997303
276 0.0002003917484
277 0.0001994911118
278 0.0001985977352
279 0.0001977115344
280 0.0001968324262
281 0.0001959603292
282 0.0001950951627
283 0.0001942368474
284 0.0001933853054
285 0.0001925404597
286 0.0001917022344
287 0.0001908705549
288 0.0001900453476
289 0.00018922654
290 0.0001884140607
291 0.0001876078392
292 0.0001868078062
293 0.0001860138933
294 0.0001852260331
295 0.0001844441592
296 0.000183668206
297 0.0001828981091
298 0.0001821338049
299 0.0001813752305
300 0.0001806223241
301 0.0001798750249
302 0.0001791332726
303 0.000178397008
304 0.0001776661726
305 0.0001769407088
306 0.0001762205597
307 0.0001755056694
308 0.0001747959824
309 0.0001740914443
310 0.0001733920014
311 0.0001726976004
312 0.0001720081892
313 0.000171323716
314 0.00017064413
315 0.0001699693809
316 0.0001692994191
317 0.0001686341957
318 0.0001679736626
319 0.000167317772
320 0.0001666664769
321 0.0001660197311
322 0.0001653774887
323 0.0001647397046
324 0.0001641063343
325 0.0001634773336
326 0.0001628526593
327 0.0001622322685
328 0.0001616161189
329 0.0001610041687
330 0.0001603963767
331 0.0001597927022
332 0.0001591931051
333 0.0001585975457
334 0.0001580059847
335 0.0001574183837
336 0.0001568347044
337 0.000156254909
338 0.0001556789605
339 0.0001551068219
340 0.0001545384571
341 0.0001539738302
342 0.0001534129057
343 0.0001528556487
344 0.0001523020247
345 0.0001517519995
346 0.0001512055395
347 0.0001506626114
348 0.0001501231823
349 0.0001495872197
350 0.0001490546915
351 0.0001485255661
352 0.0001479998121
353 0.0001474773985
354 0.0001469582949
355 0.000146442471
356 0.0001459298969
357 0.0001454205431
358 0.0001449143806
359 0.0001444113805
360 0.0001439115144
361 0.0001434147541
362 0.0001429210718
363 0.0001424304401
364 0.0001419428318
365 0.00014145822
366 0.0001409765783
367 0.0001404978804
368 0.0001400221004
369 0.0001395492127
370 0.0001390791919
371 0.0001386120131
372 0.0001381476514
373 0.0001376860824
374 0.0001372272818
375 0.0001367712259
376 0.0001363178909
377 0.0001358672533
378 0.0001354192902
379 0.0001349739787
380 0.000134531296
381 0.00013409122
382 0.0001336537284
383 0.0001332187994
384 0.0001327864113
385 0.0001323565428
386 0.0001319291728
387 0.0001315042803
388 0.0001310818446
389 0.0001306618452
390 0.0001302442619
391 0.0001298290747
392 0.0001294162638
393 0.0001290058095
394 0.0001285976926
395 0.0001281918937
396 0.000127788394
397 0.0001273871747
398 0.0001269882172
399 0.0001265915031
400 0.0001261970143
401 0.0001258047327
402 0.0001254146406
403 0.0001250267204
404 0.0001246409547
405 0.0001242573261
406 0.0001238758177
407 0.0001234964125
408 0.0001231190939
409 0.0001227438453
410 0.0001223706504
411 0.0001219994929
412 0.0001216303569
413 0.0001212632264
414 0.0001208980858
415 0.0001205349196
416 0.0001201737122
417 0.0001198144486
418 0.0001194571136
419 0.0001191016924
420 0.0001187481701
421 0.0001183965321
422 0.000118046764
423 0.0001176988515
424 0.0001173527803
425 0.0001170085364
426 0.0001166661058
427 0.000116325475
428 0.0001159866301
429 0.0001156495577
430 0.0001153142445
431 0.0001149806772
432 0.0001146488427
433 0.0001143187281
434 0.0001139903204
435 0.0001136636071
436 0.0001133385754
437 0.0001130152129
438 0.0001126935073
439 0.0001123734463
440 0.0001120550178
441 0.0001117382098
442 0.0001114230104
443 0.0001111094079
444 0.0001107973905
445 0.0001104869468
446 0.0001101780652
447 0.0001098707346
448 0.0001095649436
449 0.0001092606811
450 0.0001089579361
451 0.0001086566978
452 0.0001083569553
453 0.0001080586978
454 0.0001077619149
455 0.0001074665959
456 0.0001071727305
457 0.0001068803084
458 0.0001065893193
459 0.0001062997532
460 0.0001060115999
461 0.0001057248497
462 0.0001054394925
463 0.0001051555187
464 0.0001048729186
465 0.0001045916826
466 0.0001043118013
467 0.0001040332652
468 0.0001037560649
469 0.0001034801914
470 0.0001032056354
471 0.0001029323878
472 0.0001026604396
473 0.0001023897821
474 0.0001021204062
475 0.0001018523033
476 0.0001015854648
477 0.0001013198819
478 0.0001010555462
479 0.0001007924493
480 0.0001005305828
481 0.0001002699383
482 0.0001000105078
483 9.975228291e-05
484 9.949525569e-05
485 9.923941811e-05
486 9.898476223e-05
487 9.873128017e-05
488 9.847896415e-05
489 9.822780642e-05
490 9.797779932e-05
491 9.772893526e-05
492 9.748120671e-05
493 9.723460618e-05
494 9.698912628e-05
495 9.674475967e-05
496 9.650149907e-05
497 9.625933726e-05
498 9.601826709e-05
499 9.577828146e-05
500 9.553937335e-05
501 9.530153577e-05
502 9.506476181e-05
503 9.482904462e-05
504 9.459437739e-05
505 9.436075338e-05
506 9.412816591e-05
507 9.389660835e-05
508 9.366607412e-05
509 9.343655671e-05
510 9.320804964e-05
511 9.298054651e-05
512 9.275404095e-05
513 9.252852667e-05
514 9.230399741e-05
515 9.208044696e-05
516 9.185786917e-05
517 9.163625794e-05
518 9.141560723e-05
519 9.119591102e-05
520 9.097716337e-05
521 9.075935837e-05
522 9.054249017e-05
523 9.032655295e-05
524 9.011154096e-05
525 8.989744848e-05
526 8.968426984e-05
527 8.947199941e-05
528 8.926063163e-05
529 8.905016094e-05
530 8.884058187e-05
531 8.863188897e-05
532 8.842407684e-05
533 8.821714012e-05
534 8.801107349e-05
535 8.780587167e-05
536 8.760152944e-05
537 8.73980416e-05
538 8.7195403e-05
539 8.699360853e-05
540 8.679265313e-05
541 8.659253175e-05
542 8.639323942e-05
543 8.619477118e-05
544 8.599712211e-05
545 8.580028735e-05
546 8.560426205e-05
547 8.540904141e-05
548 8.521462068e-05
549 8.502099512e-05
550 8.482816006e-05
551 8.463611082e-05
552 8.44448428e-05
553 8.425435142e-05
554 8.406463213e-05
555 8.387568041e-05
556 8.368749179e-05
557 8.350006182e-05
558 8.33133861e-05
559 8.312746025e-05
560 8.294227993e-05
561 8.275784082e-05
562 8.257413865e-05
563 8.239116917e-05
564 8.220892816e-05
565 8.202741146e-05
566 8.18466149e-05
567 8.166653436e-05
568 8.148716577e-05
569 8.130850505e-05
570 8.113054818e-05
571 8.095329116e-05
572 8.077673003e-05
573 8.060086084e-05
574 8.042567968e-05
575 8.025118268e-05
576 8.007736598e-05
577 7.990422575e-05
578 7.973175821e-05
579 7.955995957e-05
580 7.93888261e-05
581 7.921835409e-05
582 7.904853985e-05
583 7.887937972e-05
584 7.871087007e-05
585 7.854300728e-05
586 7.837578779e-05
587 7.820920803e-05
588 7.804326448e-05
589 7.787795362e-05
590 7.771327199e-05
591 7.754921613e-05
592 7.738578261e-05
593 7.722296802e-05
594 7.706076899e-05
595 7.689918216e-05
596 7.67382042e-05
597 7.65778318e-05
598 7.641806168e-05
599 7.625889056e-05
600 7.610031522e-05
601 7.594233244e-05
602 7.578493903e-05
603 7.562813181e-05
604 7.547190763e-05
605 7.531626338e-05
606 7.516119595e-05
607 7.500670224e-05
608 7.485277921e-05
609 7.469942381e-05
610 7.454663303e-05
611 7.439440386e-05
612 7.424273333e-05
613 7.409161849e-05
614 7.394105639e-05
615 7.379104412e-05
616 7.364157878e-05
617 7.349265751e-05
618 7.334427744e-05
619 7.319643574e-05
620 7.304912959e-05
621 7.290235619e-05
622 7.275611276e-05
623 7.261039655e-05
624 7.246520481e-05
625 7.232053483e-05
626 7.217638389e-05
627 7.203274931e-05
628 7.188962843e-05
629 7.174701859e-05
630 7.160491716e-05
631 7.146332154e-05
632 7.132222911e-05
633 7.118163731e-05
634 7.104154357e-05
635 7.090194535e-05
636 7.076284011e-05
637 7.062422536e-05
638 7.048609859e-05
639 7.034845733e-05
640 7.021129911e-05
641 7.00746215e-05
642 6.993842205e-05
643 6.980269837e-05
644 6.966744805e-05
645 6.953266871e-05
646 6.939835799e-05
647 6.926451353e-05
648 6.913113301e-05
649 6.89982141e-05
650 6.88657545e-05
651 6.873375191e-05
652 6.860220408e-05
653 6.847110873e-05
654 6.834046362e-05
655 6.821026652e-05
656 6.808051522e-05
657 6.795120752e-05
658 6.782234121e-05
659 6.769391415e-05
660 6.756592416e-05
661 6.743836909e-05
662 6.731124683e-05
663 6.718455524e-05
664 6.705829223e-05
665 6.69324557e-05
666 6.680704358e-05
667 6.66820538e-05
668 6.655748432e-05
669 6.643333308e-05
670 6.630959807e-05
671 6.618627728e-05
672 6.60633687e-05
673 6.594087034e-05
674 6.581878024e-05
675 6.569709643e-05
676 6.557581696e-05
677 6.545493989e-05
678 6.53344633e-05
679 6.521438527e-05
680 6.50947039e-05
681 6.49754173e-05
682 6.485652359e-05
683 6.473802091e-05
684 6.46199074e-05
685 6.450218122e-05
686 6.438484053e-05
687 6.426788352e-05
688 6.415130838e-05
689 6.40351133e-05
690 6.39192965e-05
691 6.380385621e-05
692 6.368879066e-05
693 6.357409809e-05
694 6.345977676e-05
695 6.334582493e-05
696 6.323224089e-05
697 6.311902293e-05
698 6.300616933e-05
699 6.289367841e-05
700 6.278154849e-05
701 6.26697779e-05
702 6.255836497e-05
703 6.244730806e-05
704 6.233660552e-05
705 6.222625572e-05
706 6.211625705e-05
707 6.200660788e-05
708 6.189730663e-05
709 6.178835169e-05
710 6.167974148e-05
711 6.157147444e-05
712 6.146354899e-05
713 6.135596358e-05
714 6.124871667e-05
715 6.114180672e-05
716 6.10352322e-05
717 6.09289916e-05
718 6.08230834e-05
719 6.071750611e-05
720 6.061225823e-05
721 6.050733828e-05
722 6.04027448e-05
723 6.02984763e-05
724 6.019453134e-05
725 6.009090847e-05
726 5.998760625e-05
727 5.988462324e-05
728 5.978195803e-05
729 5.96796092e-05
730 5.957757534e-05
731 5.947585505e-05
732 5.937444696e-05
733 5.927334966e-05
734 5.917256179e-05
735 5.907208199e-05
736 5.897190889e-05
737 5.887204114e-05
738 5.877247741e-05
739 5.867321635e-05
740 5.857425664e-05
741 5.847559696e-05
742 5.8377236e-05
743 5.827917245e-05
744 5.818140502e-05
745 5.808393241e-05
746 5.798675334e-05
747 5.788986655e-05
748 5.779327075e-05
749 5.769696469e-05
750 5.760094711e-05
751 5.750521678e-05
752 5.740977245e-05
753 5.731461288e-05
754 5.721973685e-05
755 5.712514314e-05
756 5.703083055e-05
757 5.693679786e-05
758 5.684304388e-05
759 5.674956741e-05
760 5.665636728e-05
761 5.656344229e-05
762 5.647079129e-05
763 5.63784131e-05
764 5.628630657e-05
765 5.619447054e-05
766 5.610290387e-05
767 5.601160541e-05
768 5.592057405e-05
769 5.582980864e-05
770 5.573930806e-05
771 5.564907121e-05
772 5.555909697e-05
773 5.546938424e-05
774 5.537993193e-05
775 5.529073894e-05
776 5.520180419e-05
777 5.51131266e-05
778 5.502470509e-05
779 5.493653861e-05
780 5.484862609e-05
781 5.476096648e-05
782 5.467355871e-05
783 5.458640176e-05
784 5.449949459e-05
785 5.441283615e-05
786 5.432642543e-05
787 5.42402614e-05
788 5.415434304e-05
789 5.406866935e-05
790 5.398323933e-05
791 5.389805196e-05
792 5.381310626e-05
793 5.372840123e-05
794 5.36439359e-05
795 5.355970928e-05
796 5.347572041e-05
797 5.339196831e-05
798 5.330845202e-05
799 5.322517058e-05
800 5.314212304e-05
801 5.305930846e-05
802 5.297672588e-05
803 5.289437438e-05
804 5.281225301e-05
805 5.273036086e-05
806 5.2648697e-05
807 5.25672605e-05
808 5.248605047e-05
809 5.240506598e-05
810 5.232430614e-05
811 5.224377004e-05
812 5.216345679e-05
813 5.208336551e-05
814 5.20034953e-05
815 5.192384529e-05
816 5.18444146e-05
817 5.176520236e-05
818 5.168620771e-05
819 5.160742977e-05
820 5.15288677e-05
821 5.145052063e-05
822 5.137238773e-05
823 5.129446814e-05
824 5.121676103e-05
825 5.113926556e-05
826 5.106198089e-05
827 5.098490621e-05
828 5.090804069e-05
829 5.08313835e-05
830 5.075493384e-05
831 5.067869089e-05
832 5.060265385e-05
833 5.052682191e-05
834 5.045119429e-05
835 5.037577017e-05
836 5.030054878e-05
837 5.022552932e-05
838 5.015071102e-05
839 5.007609309e-05
840 5.000167477e-05
841 4.992745528e-05
842 4.985343385e-05
843 4.977960973e-05
844 4.970598215e-05
845 4.963255036e-05
846 4.955931361e-05
847 4.948627115e-05
848 4.941342223e-05
849 4.934076612e-05
850 4.926830208e-05
851 4.919602939e-05
852 4.91239473e-05
853 4.905205509e-05
854 4.898035205e-05
855 4.890883745e-05
856 4.883751058e-05
857 4.876637073e-05
858 4.869541719e-05
859 4.862464926e-05
860 4.855406623e-05
861 4.848366742e-05
862 4.841345212e-05
863 4.834341964e-05
864 4.827356931e-05
865 4.820390043e-05
866 4.813441233e-05
867 4.806510432e-05
868 4.799597574e-05
869 4.792702592e-05
870 4.785825418e-05
871 4.778965987e-05
872 4.772124232e-05
873 4.765300088e-05
874 4.758493489e-05
875 4.751704371e-05
876 4.744932668e-05
877 4.738178315e-05
878 4.73144125e-05
879 4.724721408e-05
880 4.718018725e-05
881 4.711333138e-05
882 4.704664585e-05
883 4.698013003e-05
884 4.691378329e-05
885 4.684760501e-05
886 4.678159458e-05
887 4.671575138e-05
888 4.665007481e-05
889 4.658456424e-05
890 4.651921909e-05
891 4.645403874e-05
892 4.638902259e-05
893 4.632417005e-05
894 4.625948053e-05
895 4.619495343e-05
896 4.613058817e-05
897 4.606638415e-05
898 4.60023408e-05
899 4.593845754e-05
900 4.587473378e-05
901 4.581116896e-05
902 4.57477625e-05
903 4.568451384e-05
904 4.56214224e-05
905 4.555848762e-05
906 4.549570894e-05
907 4.543308581e-05
908 4.537061766e-05
909 4.530830395e-05
910 4.524614412e-05
911 4.518413762e-05
912 4.512228391e-05
913 4.506058245e-05
914 4.499903268e-05
915 4.493763409e-05
916 4.487638613e-05
917 4.481528826e-05
918 4.475433996e-05
919 4.469354069e-05
920 4.463288994e-05
921 4.457238718e-05
922 4.451203189e-05
923 4.445182354e-05
924 4.439176163e-05
925 4.433184564e-05
926 4.427207505e-05
927 4.421244936e-05
928 4.415296807e-05
929 4.409363066e-05
930 4.403443664e-05
931 4.39753855e-05
932 4.391647675e-05
933 4.385770989e-05
934 4.379908443e-05
935 4.374059987e-05
936 4.368225574e-05
937 4.362405154e-05
938 4.356598678e-05
939 4.3508061e-05
940 4.345027369e-05
941 4.33926244e-05
942 4.333511264e-05
943 4.327773794e-05
944 4.322049983e-05
945 4.316339784e-05
946 4.31064315e-05
947 4.304960035e-05
948 4.299290392e-05
949 4.293634176e-05
950 4.28799134e-05
951 4.282361838e-05
952 4.276745626e-05
953 4.271142658e-05
954 4.265552889e-05
955 4.259976275e-05
956 4.254412769e-05
957 4.248862329e-05
958 4.243324909e-05
959 4.237800466e-05
960 4.232288956e-05
961 4.226790335e-05
962 4.221304559e-05
963 4.215831586e-05
964 4.210371372e-05
965 4.204923874e-05
966 4.199489049e-05
967 4.194066856e-05
968 4.188657251e-05
969 4.183260192e-05
970 4.177875638e-05
971 4.172503547e-05
972 4.167143877e-05
973 4.161796586e-05
974 4.156461634e-05
975 4.151138978e-05
976 4.14582858e-05
977 4.140530396e-05
978 4.135244388e-05
979 4.129970515e-05
980 4.124708736e-05
981 4.119459011e-05
982 4.114221301e-05
983 4.108995567e-05
984 4.103781767e-05
985 4.098579864e-05
986 4.093389817e-05
987 4.088211589e-05
988 4.083045139e-05
989 4.07789043e-05
990 4.072747423e-05
991 4.06761608e-05
992 4.062496362e-05
993 4.057388232e-05
994 4.052291651e-05
995 4.047206582e-05
996 4.042132987e-05
997 4.03707083e-05
998 4.032020072e-05
999 4.026980677e-05
1000 4.021952608e-05
1001 4.016935828e-05
1002 4.011930301e-05
1003 4.00693599e-05
1004 4.001952859e-05
1005 3.996980871e-05
1006 3.992019992e-05
1007 3.987070184e-05
1008 3.982131413e-05
1009 3.977203642e-05
1010 3.972286838e-05
1011 3.967380963e-05
1012 3.962485984e-05
1013 3.957601865e-05
1014 3.952728571e-05
1015 3.947866068e-05
1016 3.943014322e-05
1017 3.938173298e-05
1018 3.933342962e-05
1019 3.928523279e-05
1020 3.923714217e-05
1021 3.918915741e-05
1022 3.914127817e-05
1023 3.909350412e-05
1024 3.904583493e-05
1025 3.899827027e-05
1026 3.89508098e-05
1027 3.890345319e-05
1028 3.885620012e-05
1029 3.880905027e-05
1030 3.876200329e-05
1031 3.871505888e-05
1032 3.866821671e-05
1033 3.862147645e-05
1034 3.857483779e-05
1035 3.852830041e-05
1036 3.848186398e-05
1037 3.843552821e-05
1038 3.838929276e-05
1039 3.834315733e-05
1040 3.829712161e-05
1041 3.825118527e-05
1042 3.820534803e-05
1043 3.815960955e-05
1044 3.811396955e-05
1045 3.806842771e-05
1046 3.802298372e-05
1047 3.797763729e-05
1048 3.793238811e-05
1049 3.788723588e-05
1050 3.784218031e-05
1051 3.779722108e-05
1052 3.775235792e-05
1053 3.770759051e-05
1054 3.766291856e-05
1055 3.761834179e-05
1056 3.757385989e-05
1057 3.752947258e-05
1058 3.748517956e-05
1059 3.744098056e-05
1060 3.739687527e-05
1061 3.735286341e-05
1062 3.73089447e-05
1063 3.726511886e-05
1064 3.722138559e-05
1065 3.717774462e-05
1066 3.713419566e-05
1067 3.709073844e-05
1068 3.704737268e-05
1069 3.70040981e-05
1070 3.696091442e-05
1071 3.691782136e-05
1072 3.687481866e-05
1073 3.683190604e-05
1074 3.678908322e-05
1075 3.674634994e-05
1076 3.670370592e-05
1077 3.66611509e-05
1078 3.661868461e-05
1079 3.657630678e-05
1080 3.653401715e-05
1081 3.649181544e-05
1082 3.64497014e-05
1083 3.640767477e-05
1084 3.636573528e-05
1085 3.632388267e-05
1086 3.628211668e-05
1087 3.624043705e-05
1088 3.619884353e-05
1089 3.615733585e-05
1090 3.611591377e-05
1091 3.607457703e-05
1092 3.603332537e-05
1093 3.599215854e-05
1094 3.59510763e-05
1095 3.591007838e-05
1096 3.586916454e-05
1097 3.582833453e-05
1098 3.57875881e-05
1099 3.574692501e-05
1100 3.570634501e-05
1101 3.566584785e-05
1102 3.562543329e-05
1103 3.55851011e-05
1104 3.554485101e-05
1105 3.55046828e-05
1106 3.546459622e-05
1107 3.542459104e-05
1108 3.538466701e-05
1109 3.53448239e-05
1110 3.530506147e-05
1111 3.526537949e-05
1112 3.522577772e-05
1113 3.518625592e-05
1114 3.514681387e-05
1115 3.510745133e-05
1116 3.506816807e-05
1117 3.502896386e-05
1118 3.498983847e-05
1119 3.495079167e-05
1120 3.491182323e-05
1121 3.487293293e-05
1122 3.483412054e-05
1123 3.479538584e-05
1124 3.47567286e-05
1125 3.471814859e-05
1126 3.46796456e-05
1127 3.46412194e-05
1128 3.460286977e-05
1129 3.45645965e-05
1130 3.452639935e-05
1131 3.448827812e-05
1132 3.445023259e-05
1133 3.441226253e-05
1134 3.437436774e-05
1135 3.4336548e-05
1136 3.429880308e-05
1137 3.426113279e-05
1138 3.42235369e-05
1139 3.418601521e-05
1140 3.41485675e-05
1141 3.411119357e-05
1142 3.407389319e-05
1143 3.403666617e-05
1144 3.39995123e-05
1145 3.396243136e-05
1146 3.392542315e-05
1147 3.388848747e-05
1148 3.385162411e-05
1149 3.381483287e-05
1150 3.377811354e-05
1151 3.374146592e-05
1152 3.37048898e-05
1153 3.3668385e-05
1154 3.36319513e-05
1155 3.35955885e-05
1156 3.355929641e-05
1157 3.352307483e-05
1158 3.348692356e-05
1159 3.34508424e-05
1160 3.341483116e-05
1161 3.337888964e-05
1162 3.334301765e-05
1163 3.330721499e-05
1164 3.327148147e-05
1165 3.32358169e-05
1166 3.320022108e-05
1167 3.316469382e-05
1168 3.312923494e-05
1169 3.309384424e-05
1170 3.305852154e-05
1171 3.302326663e-05
1172 3.298807935e-05
1173 3.29529595e-05
1174 3.291790689e-05
1175 3.288292134e-05
1176 3.284800266e-05
1177 3.281315067e-05
1178 3.277836518e-05
1179 3.274364601e-05
1180 3.270899299e-05
1181 3.267440592e-05
1182 3.263988462e-05
1183 3.260542892e-05
1184 3.257103864e-05
1185 3.253671359e-05
1186 3.25024536e-05
1187 3.246825849e-05
1188 3.243412808e-05
1189 3.24000622e-05
1190 3.236606067e-05
1191 3.233212331e-05
1192 3.229824995e-05
1193 3.226444041e-05
1194 3.223069453e-05
1195 3.219701213e-05
1196 3.216339303e-05
1197 3.212983706e-05
1198 3.209634406e-05
1199 3.206291385e-05
1200 3.202954627e-05
1201 3.199624114e-05
1202 3.196299829e-05
1203 3.192981756e-05
1204 3.189669878e-05
1205 3.186364178e-05
1206 3.18306464e-05
1207 3.179771246e-05
1208 3.176483982e-05
1209 3.173202829e-05
1210 3.169927772e-05
1211 3.166658794e-05
1212 3.16339588e-05
1213 3.160139012e-05
1214 3.156888175e-05
1215 3.153643352e-05
1216 3.150404527e-05
1217 3.147171686e-05
1218 3.14394481e-05
1219 3.140723885e-05
1220 3.137508895e-05
1221 3.134299824e-05
1222 3.131096656e-05
1223 3.127899376e-05
1224 3.124707968e-05
1225 3.121522416e-05
1226 3.118342705e-05
1227 3.115168819e-05
1228 3.112000744e-05
1229 3.108838463e-05
1230 3.105681961e-05
1231 3.102531224e-05
1232 3.099386235e-05
1233 3.096246981e-05
1234 3.093113445e-05
1235 3.089985612e-05
1236 3.086863469e-05
1237 3.083746999e-05
1238 3.080636188e-05
1239 3.077531021e-05
1240 3.074431483e-05
1241 3.07133756e-05
1242 3.068249237e-05
1243 3.065166499e-05
1244 3.062089332e-05
1245 3.059017721e-05
1246 3.055951651e-05
1247 3.052891109e-05
1248 3.049836079e-05
1249 3.046786548e-05
1250 3.043742501e-05
1251 3.040703924e-05
1252 3.037670803e-05
1253 3.034643124e-05
1254 3.031620872e-05
1255 3.028604034e-05
1256 3.025592595e-05
1257 3.022586542e-05
1258 3.01958586e-05
1259 3.016590537e-05
1260 3.013600557e-05
1261 3.010615908e-05
1262 3.007636575e-05
1263 3.004662545e-05
1264 3.001693804e-05
1265 2.998730339e-05
1266 2.995772136e-05
1267 2.992819182e-05
1268 2.989871463e-05
1269 2.986928966e-05
1270 2.983991677e-05
1271 2.981059584e-05
1272 2.978132672e-05
1273 2.975210929e-05
1274 2.972294342e-05
1275 2.969382897e-05
1276 2.966476581e-05
1277 2.963575382e-05
1278 2.960679285e-05
1279 2.957788279e-05
1280 2.954902351e-05
1281 2.952021487e-05
1282 2.949145674e-05
1283 2.946274901e-05
1284 2.943409154e-05
1285 2.94054842e-05
1286 2.937692687e-05
1287 2.934841942e-05
1288 2.931996172e-05
1289 2.929155366e-05
1290 2.926319511e-05
1291 2.923488593e-05
1292 2.920662601e-05
1293 2.917841523e-05
1294 2.915025345e-05
1295 2.912214057e-05
1296 2.909407644e-05
1297 2.906606096e-05
1298 2.903809401e-05
1299 2.901017545e-05
1300 2.898230517e-05
1301 2.895448304e-05
1302 2.892670896e-05
1303 2.88989828e-05
1304 2.887130443e-05
1305 2.884367374e-05
1306 2.881609062e-05
1307 2.878855494e-05
1308 2.876106658e-05
1309 2.873362544e-05
1310 2.870623138e-05
1311 2.86788843e-05
1312 2.865158408e-05
1313 2.86243306e-05
1314 2.859712375e-05
1315 2.856996341e-05
1316 2.854284946e-05
1317 2.85157818e-05
1318 2.848876031e-05
1319 2.846178487e-05
1320 2.843485538e-05
1321 2.840797171e-05
1322 2.838113376e-05
1323 2.835434141e-05
1324 2.832759456e-05
1325 2.830089308e-05
1326 2.827423688e-05
1327 2.824762583e-05
1328 2.822105983e-05
1329 2.819453877e-05
1330 2.816806254e-05
1331 2.814163103e-05
1332 2.811524413e-05
1333 2.808890173e-05
1334 2.806260372e-05
1335 2.803635e-05
1336 2.801014046e-05
1337 2.798397499e-05
1338 2.795785347e-05
1339 2.793177582e-05
1340 2.790574192e-05
1341 2.787975166e-05
1342 2.785380494e-05
1343 2.782790165e-05
1344 2.780204169e-05
1345 2.777622496e-05
1346 2.775045134e-05
1347 2.772472075e-05
1348 2.769903306e-05
1349 2.767338818e-05
1350 2.764778601e-05
1351 2.762222644e-05
1352 2.759670937e-05
1353 2.75712347e-05
1354 2.754580233e-05
1355 2.752041216e-05
1356 2.749506408e-05
1357 2.746975799e-05
1358 2.74444938e-05
1359 2.74192714e-05
1360 2.739409069e-05
1361 2.736895158e-05
1362 2.734385396e-05
1363 2.731879774e-05
1364 2.729378282e-05
1365 2.72688091e-05
1366 2.724387647e-05
1367 2.721898486e-05
1368 2.719413415e-05
1369 2.716932424e-05
1370 2.714455505e-05
1371 2.711982648e-05
1372 2.709513843e-05
1373 2.70704908e-05
1374 2.70458835e-05
1375 2.702131644e-05
1376 2.699678951e-05
1377 2.697230262e-05
1378 2.694785569e-05
1379 2.692344861e-05
1380 2.68990813e-05
1381 2.687475365e-05
1382 2.685046558e-05
1383 2.682621698e-05
1384 2.680200778e-05
1385 2.677783788e-05
1386 2.675370718e-05
1387 2.672961559e-05
1388 2.670556303e-05
1389 2.668154939e-05
1390 2.66575746e-05
1391 2.663363855e-05
1392 2.660974117e-05
1393 2.658588235e-05
1394 2.656206201e-05
1395 2.653828006e-05
1396 2.65145364e-05
1397 2.649083096e-05
1398 2.646716364e-05
1399 2.644353436e-05
1400 2.641994302e-05
1401 2.639638953e-05
1402 2.637287382e-05
1403 2.634939579e-05
1404 2.632595535e-05
1405 2.630255242e-05
1406 2.627918692e-05
1407 2.625585874e-05
1408 2.623256782e-05
1409 2.620931406e-05
1410 2.618609738e-05
1411 2.616291769e-05
1412 2.61397749e-05
1413 2.611666894e-05
1414 2.609359972e-05
1415 2.607056715e-05
1416 2.604757114e-05
1417 2.602461163e-05
1418 2.600168851e-05
1419 2.597880172e-05
1420 2.595595116e-05
1421 2.593313675e-05
1422 2.591035842e-05
1423 2.588761607e-05
1424 2.586490963e-05
1425 2.584223901e-05
1426 2.581960413e-05
1427 2.579700491e-05
1428 2.577444128e-05
1429 2.575191314e-05
1430 2.572942043e-05
1431 2.570696305e-05
1432 2.568454092e-05
1433 2.566215398e-05
1434 2.563980214e-05
1435 2.561748531e-05
1436 2.559520342e-05
1437 2.55729564e-05
1438 2.555074415e-05
1439 2.552856661e-05
1440 2.55064237e-05
1441 2.548431533e-05
1442 2.546224144e-05
1443 2.544020193e-05
1444 2.541819674e-05
1445 2.539622578e-05
1446 2.537428899e-05
1447 2.535238628e-05
1448 2.533051758e-05
1449 2.530868281e-05
1450 2.52868819e-05
1451 2.526511476e-05
1452 2.524338133e-05
1453 2.522168153e-05
1454 2.520001528e-05
1455 2.517838251e-05
1456 2.515678314e-05
1457 2.51352171e-05
1458 2.511368432e-05
1459 2.509218472e-05
1460 2.507071823e-05
1461 2.504928477e-05
1462 2.502788427e-05
1463 2.500651665e-05
1464 2.498518186e-05
1465 2.49638798e-05
1466 2.494261041e-05
1467 2.492137362e-05
1468 2.490016936e-05
1469 2.487899755e-05
1470 2.485785812e-05
1471 2.483675099e-05
1472 2.481567611e-05
1473 2.479463339e-05
1474 2.477362277e-05
1475 2.475264418e-05
1476 2.473169754e-05
1477 2.471078278e-05
1478 2.468989985e-05
1479 2.466904865e-05
1480 2.464822913e-05
1481 2.462744122e-05
1482 2.460668484e-05
1483 2.458595993e-05
1484 2.456526642e-05
1485 2.454460424e-05
1486 2.452397332e-05
1487 2.45033736e-05
1488 2.4482805e-05
1489 2.446226746e-05
1490 2.44417609e-05
1491 2.442128527e-05
1492 2.44008405e-05
1493 2.438042651e-05
1494 2.436004324e-05
1495 2.433969063e-05
1496 2.43193686e-05
1497 2.42990771e-05
1498 2.427881605e-05
1499 2.425858539e-05
1500 2.423838505e-05
1501 2.421821497e-05
1502 2.419807508e-05
1503 2.417796532e-05
1504 2.415788563e-05
1505 2.413783592e-05
1506 2.411781616e-05
1507 2.409782625e-05
1508 2.407786616e-05
1509 2.40579358e-05
1510 2.403803512e-05
1511 2.401816405e-05
1512 2.399832252e-05
1513 2.397851048e-05
1514 2.395872787e-05
1515 2.393897461e-05
1516 2.391925065e-05
1517 2.389955591e-05
1518 2.387989035e-05
1519 2.38602539e-05
1520 2.38406465e-05
1521 2.382106807e-05
1522 2.380151857e-05
1523 2.378199793e-05
1524 2.376250609e-05
1525 2.374304298e-05
1526 2.372360855e-05
1527 2.370420274e-05
1528 2.368482548e-05
1529 2.366547671e-05
1530 2.364615638e-05
1531 2.362686442e-05
1532 2.360760077e-05
1533 2.358836537e-05
1534 2.356915817e-05
1535 2.35499791e-05
1536 2.353082811e-05
1537 2.351170513e-05
1538 2.34926101e-05
1539 2.347354297e-05
1540 2.345450368e-05
1541 2.343549217e-05
1542 2.341650838e-05
1543 2.339755225e-05
1544 2.337862372e-05
1545 2.335972274e-05
1546 2.334084925e-05
1547 2.332200318e-05
1548 2.330318449e-05
1549 2.328439312e-05
1550 2.3265629e-05
1551 2.324689208e-05
1552 2.322818231e-05
1553 2.320949963e-05
1554 2.319084397e-05
1555 2.317221529e-05
1556 2.315361353e-05
1557 2.313503863e-05
1558 2.311649054e-05
1559 2.309796919e-05
1560 2.307947454e-05
1561 2.306100653e-05
1562 2.30425651e-05
1563 2.30241502e-05
1564 2.300576178e-05
1565 2.298739977e-05
1566 2.296906412e-05
1567 2.295075478e-05
1568 2.29324717e-05
1569 2.291421482e-05
1570 2.289598408e-05
1571 2.287777943e-05
1572 2.285960082e-05
1573 2.28414482e-05
1574 2.28233215e-05
1575 2.280522069e-05
1576 2.278714569e-05
1577 2.276909647e-05
1578 2.275107296e-05
1579 2.273307512e-05
1580 2.271510289e-05
1581 2.269715622e-05
1582 2.267923505e-05
1583 2.266133934e-05
1584 2.264346903e-05
1585 2.262562407e-05
1586 2.260780441e-05
1587 2.259001e-05
1588 2.257224078e-05
1589 2.25544967e-05
1590 2.253677771e-05
1591 2.251908377e-05
1592 2.250141481e-05
1593 2.24837708e-05
1594 2.246615167e-05
1595 2.244855738e-05
1596 2.243098787e-05
1597 2.24134431e-05
1598 2.239592302e-05
1599 2.237842757e-05
1600 2.236095671e-05
1601 2.234351038e-05
1602 2.232608854e-05
1603 2.230869114e-05
1604 2.229131812e-05
1605 2.227396944e-05
1606 2.225664505e-05
1607 2.22393449e-05
1608 2.222206894e-05
1609 2.220481712e-05
1610 2.218758939e-05
1611 2.217038571e-05
1612 2.215320603e-05
1613 2.213605029e-05
1614 2.211891845e-05
1615 2.210181046e-05
1616 2.208472627e-05
1617 2.206766584e-05
1618 2.205062912e-05
1619 2.203361606e-05
1620 2.201662661e-05
1621 2.199966073e-05
1622 2.198271837e-05
1623 2.196579947e-05
1624 2.1948904e-05
1625 2.193203191e-05
1626 2.191518315e-05
1627 2.189835768e-05
1628 2.188155544e-05
1629 2.186477639e-05
1630 2.184802049e-05
1631 2.183128769e-05
1632 2.181457794e-05
1633 2.17978912e-05
1634 2.178122742e-05
1635 2.176458655e-05
1636 2.174796856e-05
1637 2.173137339e-05
1638 2.1714801e-05
1639 2.169825135e-05
1640 2.168172438e-05
1641 2.166522006e-05
1642 2.164873835e-05
1643 2.163227918e-05
1644 2.161584253e-05
1645 2.159942834e-05
1646 2.158303658e-05
1647 2.156666719e-05
1648 2.155032014e-05
1649 2.153399538e-05
1650 2.151769286e-05
1651 2.150141254e-05
1652 2.148515439e-05
1653 2.146891834e-05
1654 2.145270437e-05
1655 2.143651243e-05
1656 2.142034248e-05
1657 2.140419446e-05
1658 2.138806834e-05
1659 2.137196408e-05
1660 2.135588164e-05
1661 2.133982096e-05
1662 2.132378201e-05
1663 2.130776475e-05
1664 2.129176913e-05
1665 2.127579511e-05
1666 2.125984265e-05
1667 2.124391171e-05
1668 2.122800224e-05
1669 2.121211421e-05
1670 2.119624757e-05
1671 2.118040228e-05
1672 2.116457829e-05
1673 2.114877558e-05
1674 2.113299409e-05
1675 2.111723378e-05
1676 2.110149462e-05
1677 2.108577656e-05
1678 2.107007956e-05
1679 2.105440359e-05
1680 2.103874859e-05
1681 2.102311454e-05
1682 2.100750138e-05
1683 2.099190908e-05
1684 2.097633761e-05
1685 2.096078691e-05
1686 2.094525695e-05
1687 2.092974769e-05
1688 2.091425909e-05
1689 2.08987911e-05
1690 2.08833437e-05
1691 2.086791684e-05
1692 2.085251048e-05
1693 2.083712458e-05
1694 2.08217591e-05
1695 2.080641401e-05
1696 2.079108925e-05
1697 2.077578481e-05
1698 2.076050063e-05
1699 2.074523668e-05
1700 2.072999292e-05
1701 2.07147693e-05
1702 2.06995658e-05
1703 2.068438238e-05
1704 2.066921899e-05
1705 2.065407559e-05
1706 2.063895216e-05
1707 2.062384864e-05
1708 2.060876501e-05
1709 2.059370123e-05
1710 2.057865725e-05
1711 2.056363304e-05
1712 2.054862857e-05
1713 2.053364379e-05
1714 2.051867867e-05
1715 2.050373317e-05
1716 2.048880725e-05
1717 2.047390088e-05
1718 2.045901402e-05
1719 2.044414663e-05
1720 2.042929867e-05
1721 2.041447012e-05
1722 2.039966093e-05
1723 2.038487106e-05
1724 2.037010049e-05
1725 2.035534917e-05
1726 2.034061706e-05
1727 2.032590414e-05
1728 2.031121036e-05
1729 2.029653569e-05
1730 2.028188009e-05
1731 2.026724354e-05
1732 2.025262598e-05
1733 2.023802739e-05
1734 2.022344773e-05
1735 2.020888696e-05
1736 2.019434505e-05
1737 2.017982197e-05
1738 2.016531768e-05
1739 2.015083214e-05
1740 2.013636532e-05
1741 2.012191719e-05
1742 2.010748771e-05
1743 2.009307683e-05
1744 2.007868454e-05
1745 2.00643108e-05
1746 2.004995557e-05
1747 2.003561881e-05
1748 2.002130049e-05
1749 2.000700059e-05
1750 1.999271905e-05
1751 1.997845586e-05
1752 1.996421097e-05
1753 1.994998435e-05
1754 1.993577598e-05
1755 1.99215858e-05
1756 1.99074138e-05
1757 1.989325993e-05
1758 1.987912417e-05
1759 1.986500647e-05
1760 1.985090682e-05
1761 1.983682516e-05
1762 1.982276148e-05
1763 1.980871574e-05
1764 1.979468789e-05
1765 1.978067792e-05
1766 1.976668579e-05
1767 1.975271146e-05
1768 1.973875491e-05
1769 1.97248161e-05
1770 1.971089499e-05
1771 1.969699156e-05
1772 1.968310577e-05
1773 1.966923759e-05
1774 1.965538699e-05
1775 1.964155394e-05
1776 1.96277384e-05
1777 1.961394034e-05
1778 1.960015973e-05
1779 1.958639654e-05
1780 1.957265073e-05
1781 1.955892229e-05
1782 1.954521116e-05
1783 1.953151732e-05
1784 1.951784075e-05
1785 1.95041814e-05
1786 1.949053925e-05
1787 1.947691427e-05
1788 1.946330642e-05
1789 1.944971567e-05
1790 1.9436142e-05
1791 1.942258537e-05
1792 1.940904575e-05
1793 1.939552311e-05
1794 1.938201742e-05
1795 1.936852865e-05
1796 1.935505676e-05
1797 1.934160174e-05
1798 1.932816354e-05
1799 1.931474213e-05
1800 1.93013375e-05
1801 1.928794959e-05
1802 1.92745784e-05
1803 1.926122388e-05
1804 1.9247886e-05
1805 1.923456475e-05
1806 1.922126007e-05
1807 1.920797196e-05
1808 1.919470037e-05
1809 1.918144528e-05
1810 1.916820665e-05
1811 1.915498446e-05
1812 1.914177868e-05
1813 1.912858928e-05
1814 1.911541623e-05
1815 1.91022595e-05
1816 1.908911906e-05
1817 1.907599488e-05
1818 1.906288693e-05
1819 1.904979519e-05
1820 1.903671962e-05
1821 1.90236602e-05
1822 1.901061689e-05
1823 1.899758968e-05
1824 1.898457852e-05
1825 1.897158339e-05
1826 1.895860427e-05
1827 1.894564112e-05
1828 1.893269392e-05
1829 1.891976264e-05
1830 1.890684724e-05
1831 1.889394771e-05
1832 1.888106401e-05
1833 1.886819611e-05
1834 1.885534399e-05
1835 1.884250762e-05
1836 1.882968697e-05
1837 1.881688202e-05
1838 1.880409273e-05
1839 1.879131908e-05
1840 1.877856104e-05
1841 1.876581858e-05
1842 1.875309167e-05
1843 1.87403803e-05
1844 1.872768443e-05
1845 1.871500402e-05
1846 1.870233907e-05
1847 1.868968953e-05
1848 1.867705539e-05
1849 1.866443661e-05
1850 1.865183317e-05
1851 1.863924504e-05
1852 1.862667219e-05
1853 1.86141146e-05
1854 1.860157224e-05
1855 1.858904509e-05
1856 1.857653311e-05
1857 1.856403629e-05
1858 1.855155458e-05
1859 1.853908798e-05
1860 1.852663645e-05
1861 1.851419996e-05
1862 1.850177849e-05
1863 1.848937201e-05
1864 1.84769805e-05
1865 1.846460393e-05
1866 1.845224228e-05
1867 1.843989551e-05
1868 1.842756361e-05
1869 1.841524654e-05
1870 1.840294429e-05
1871 1.839065682e-05
1872 1.837838411e-05
1873 1.836612613e-05
1874 1.835388286e-05
1875 1.834165428e-05
1876 1.832944035e-05
1877 1.831724106e-05
1878 1.830505637e-05
1879 1.829288626e-05
1880 1.828073071e-05
1881 1.82685897e-05
1882 1.825646318e-05
1883 1.824435115e-05
1884 1.823225358e-05
1885 1.822017044e-05
1886 1.82081017e-05
1887 1.819604735e-05
1888 1.818400735e-05
1889 1.817198169e-05
1890 1.815997033e-05
1891 1.814797326e-05
1892 1.813599044e-05
1893 1.812402186e-05
1894 1.811206749e-05
1895 1.810012731e-05
1896 1.808820128e-05
1897 1.807628939e-05
1898 1.806439162e-05
1899 1.805250793e-05
1900 1.804063831e-05
1901 1.802878273e-05
1902 1.801694117e-05
1903 1.800511359e-05
1904 1.799329999e-05
1905 1.798150033e-05
1906 1.796971459e-05
1907 1.795794275e-05
1908 1.794618479e-05
1909 1.793444067e-05
1910 1.792271038e-05
1911 1.791099389e-05
1912 1.789929118e-05
1913 1.788760223e-05
1914 1.787592702e-05
1915 1.786426551e-05
1916 1.785261768e-05
1917 1.784098352e-05
1918 1.782936301e-05
1919 1.78177561e-05
1920 1.780616279e-05
1921 1.779458306e-05
1922 1.778301687e-05
1923 1.77714642e-05
1924 1.775992504e-05
1925 1.774839936e-05
1926 1.773688713e-05
1927 1.772538834e-05
1928 1.771390296e-05
1929 1.770243097e-05
1930 1.769097234e-05
1931 1.767952706e-05
1932 1.76680951e-05
1933 1.765667644e-05
1934 1.764527105e-05
1935 1.763387892e-05
1936 1.762250002e-05
1937 1.761113433e-05
1938 1.759978183e-05
1939 1.75884425e-05
1940 1.757711631e-05
1941 1.756580324e-05
1942 1.755450327e-05
1943 1.754321638e-05
1944 1.753194254e-05
1945 1.752068174e-05
1946 1.750943395e-05
1947 1.749819915e-05
1948 1.748697732e-05
1949 1.747576844e-05
1950 1.746457248e-05
1951 1.745338943e-05
1952 1.744221926e-05
1953 1.743106195e-05
1954 1.741991749e-05
1955 1.740878584e-05
1956 1.739766699e-05
1957 1.738656091e-05
1958 1.737546759e-05
1959 1.7364387e-05
1960 1.735331913e-05
1961 1.734226395e-05
1962 1.733122144e-05
1963 1.732019158e-05
1964 1.730917434e-05
1965 1.729816972e-05
1966 1.728717768e-05
1967 1.727619821e-05
1968 1.726523129e-05
1969 1.725427688e-05
1970 1.724333499e-05
1971 1.723240557e-05
1972 1.722148863e-05
1973 1.721058412e-05
1974 1.719969203e-05
1975 1.718881235e-05
1976 1.717794505e-05
1977 1.716709011e-05
1978 1.71562475e-05
1979 1.714541722e-05
1980 1.713459924e-05
1981 1.712379354e-05
1982 1.71130001e-05
1983 1.71022189e-05
1984 1.709144992e-05
1985 1.708069314e-05
1986 1.706994854e-05
1987 1.70592161e-05
1988 1.70484958e-05
1989 1.703778761e-05
1990 1.702709153e-05
1991 1.701640753e-05
1992 1.700573559e-05
1993 1.699507569e-05
1994 1.698442782e-05
1995 1.697379194e-05
1996 1.696316805e-05
1997 1.695255612e-05
1998 1.694195614e-05
1999 1.693136808e-05
2000 1.692079192e-05
2001 1.691022765e-05
2002 1.689967525e-05
2003 1.688913469e-05
2004 1.687860596e-05
2005 1.686808904e-05
2006 1.685758391e-05
2007 1.684709055e-05
2008 1.683660894e-05
2009 1.682613906e-05
2010 1.68156809e-05
2011 1.680523443e-05
2012 1.679479964e-05
2013 1.67843765e-05
2014 1.6773965e-05
2015 1.676356513e-05
2016 1.675317685e-05
2017 1.674280015e-05
2018 1.673243502e-05
2019 1.672208143e-05
2020 1.671173937e-05
2021 1.670140881e-05
2022 1.669108974e-05
2023 1.668078215e-05
2024 1.667048601e-05
2025 1.66602013e-05
2026 1.6649928e-05
2027 1.66396661e-05
2028 1.662941559e-05
2029 1.661917643e-05
2030 1.660894861e-05
2031 1.659873212e-05
2032 1.658852694e-05
2033 1.657833304e-05
2034 1.656815042e-05
2035 1.655797904e-05
2036 1.654781891e-05
2037 1.653766998e-05
2038 1.652753226e-05
2039 1.651740571e-05
2040 1.650729033e-05
2041 1.64971861e-05
2042 1.648709299e-05
2043 1.647701099e-05
2044 1.646694008e-05
2045 1.645688025e-05
2046 1.644683148e-05
2047 1.643679374e-05
2048 1.642676702e-05
2049 1.641675131e-05
2050 1.640674659e-05
2051 1.639675284e-05
2052 1.638677003e-05
2053 1.637679817e-05
2054 1.636683722e-05
2055 1.635688717e-05
2056 1.6346948e-05
2057 1.63370197e-05
2058 1.632710225e-05
2059 1.631719562e-05
2060 1.630729982e-05
2061 1.629741481e-05
2062 1.628754058e-05
2063 1.627767711e-05
2064 1.62678244e-05
2065 1.625798241e-05
2066 1.624815113e-05
2067 1.623833055e-05
2068 1.622852065e-05
2069 1.621872141e-05
2070 1.620893281e-05
2071 1.619915485e-05
2072 1.61893875e-05
2073 1.617963074e-05
2074 1.616988456e-05
2075 1.616014894e-05
2076 1.615042387e-05
2077 1.614070933e-05
2078 1.613100531e-05
2079 1.612131177e-05
2080 1.611162872e-05
2081 1.610195614e-05
2082 1.6092294e-05
2083 1.608264229e-05
2084 1.607300099e-05
2085 1.60633701e-05
2086 1.605374959e-05
2087 1.604413944e-05
2088 1.603453964e-05
2089 1.602495018e-05
2090 1.601537104e-05
2091 1.60058022e-05
2092 1.599624364e-05
2093 1.598669535e-05
2094 1.597715732e-05
2095 1.596762953e-05
2096 1.595811196e-05
2097 1.594860459e-05
2098 1.593910742e-05
2099 1.592962042e-05
2100 1.592014358e-05
2101 1.591067688e-05
2102 1.590122031e-05
2103 1.589177386e-05
2104 1.58823375e-05
2105 1.587291122e-05
2106 1.586349501e-05
2107 1.585408884e-05
2108 1.584469271e-05
2109 1.58353066e-05
2110 1.58259305e-05
2111 1.581656438e-05
2112 1.580720823e-05
2113 1.579786204e-05
2114 1.57885258e-05
2115 1.577919948e-05
2116 1.576988307e-05
2117 1.576057656e-05
2118 1.575127993e-05
2119 1.574199317e-05
2120 1.573271625e-05
2121 1.572344918e-05
2122 1.571419192e-05
2123 1.570494447e-05
2124 1.569570681e-05
2125 1.568647893e-05
2126 1.567726081e-05
2127 1.566805243e-05
2128 1.565885379e-05
2129 1.564966486e-05
2130 1.564048563e-05
2131 1.563131609e-05
2132 1.562215622e-05
2133 1.561300601e-05
2134 1.560386544e-05
2135 1.55947345e-05
2136 1.558561317e-05
2137 1.557650144e-05
2138 1.55673993e-05
2139 1.555830672e-05
2140 1.55492237e-05
2141 1.554015022e-05
2142 1.553108626e-05
2143 1.552203182e-05
2144 1.551298688e-05
2145 1.550395141e-05
2146 1.549492542e-05
2147 1.548590888e-05
2148 1.547690178e-05
2149 1.54679041e-05
2150 1.545891584e-05
2151 1.544993697e-05
2152 1.544096748e-05
2153 1.543200737e-05
2154 1.542305661e-05
2155 1.541411519e-05
2156 1.540518309e-05
2157 1.539626031e-05
2158 1.538734683e-05
2159 1.537844263e-05
2160 1.53695477e-05
2161 1.536066203e-05
2162 1.53517856e-05
2163 1.53429184e-05
2164 1.533406041e-05
2165 1.532521162e-05
2166 1.531637203e-05
2167 1.53075416e-05
2168 1.529872034e-05
2169 1.528990822e-05
2170 1.528110523e-05
2171 1.527231136e-05
2172 1.52635266e-05
2173 1.525475093e-05
2174 1.524598433e-05
2175 1.52372268e-05
2176 1.522847832e-05
2177 1.521973888e-05
2178 1.521100846e-05
2179 1.520228705e-05
2180 1.519357464e-05
2181 1.518487121e-05
2182 1.517617675e-05
2183 1.516749125e-05
2184 1.51588147e-05
2185 1.515014707e-05
2186 1.514148836e-05
2187 1.513283855e-05
2188 1.512419763e-05
2189 1.511556559e-05
2190 1.510694242e-05
2191 1.509832809e-05
2192 1.50897226e-05
2193 1.508112594e-05
2194 1.507253809e-05
2195 1.506395903e-05
2196 1.505538877e-05
2197 1.504682727e-05
2198 1.503827454e-05
2199 1.502973055e-05
2200 1.502119529e-05
2201 1.501266876e-05
2202 1.500415093e-05
2203 1.49956418e-05
2204 1.498714135e-05
2205 1.497864957e-05
2206 1.497016645e-05
2207 1.496169197e-05
2208 1.495322613e-05
2209 1.49447689e-05
2210 1.493632028e-05
2211 1.492788025e-05
2212 1.49194488e-05
2213 1.491102592e-05
2214 1.490261159e-05
2215 1.489420581e-05
2216 1.488580856e-05
2217 1.487741982e-05
2218 1.486903959e-05
2219 1.486066786e-05
2220 1.48523046e-05
2221 1.484394982e-05
2222 1.483560349e-05
2223 1.48272656e-05
2224 1.481893614e-05
2225 1.48106151e-05
2226 1.480230247e-05
2227 1.479399824e-05
2228 1.478570238e-05
2229 1.47774149e-05
2230 1.476913577e-05
2231 1.476086499e-05
2232 1.475260254e-05
2233 1.474434841e-05
2234 1.473610259e-05
2235 1.472786507e-05
2236 1.471963583e-05
2237 1.471141487e-05
2238 1.470320217e-05
2239 1.469499771e-05
2240 1.46868015e-05
2241 1.46786135e-05
2242 1.467043372e-05
2243 1.466226215e-05
2244 1.465409876e-05
2245 1.464594355e-05
2246 1.46377965e-05
2247 1.462965761e-05
2248 1.462152686e-05
2249 1.461340424e-05
2250 1.460528974e-05
2251 1.459718335e-05
2252 1.458908505e-05
2253 1.458099483e-05
2254 1.457291269e-05
2255 1.456483861e-05
2256 1.455677257e-05
2257 1.454871457e-05
2258 1.45406646e-05
2259 1.453262264e-05
2260 1.452458869e-05
2261 1.451656272e-05
2262 1.450854474e-05
2263 1.450053472e-05
2264 1.449253266e-05
2265 1.448453854e-05
2266 1.447655236e-05
2267 1.44685741e-05
2268 1.446060375e-05
2269 1.445264131e-05
2270 1.444468674e-05
2271 1.443674006e-05
2272 1.442880124e-05
2273 1.442087028e-05
2274 1.441294716e-05
2275 1.440503187e-05
2276 1.439712441e-05
2277 1.438922475e-05
2278 1.438133289e-05
2279 1.437344882e-05
2280 1.436557253e-05
2281 1.4357704e-05
2282 1.434984323e-05
2283 1.434199019e-05
2284 1.43341449e-05
2285 1.432630732e-05
2286 1.431847745e-05
2287 1.431065528e-05
2288 1.430284081e-05
2289 1.4295034e-05
2290 1.428723487e-05
2291 1.427944339e-05
2292 1.427165956e-05
2293 1.426388336e-05
2294 1.425611478e-05
2295 1.424835382e-05
2296 1.424060045e-05
2297 1.423285468e-05
2298 1.422511649e-05
2299 1.421738587e-05
2300 1.420966281e-05
2301 1.420194729e-05
2302 1.419423932e-05
2303 1.418653887e-05
2304 1.417884593e-05
2305 1.417116051e-05
2306 1.416348257e-05
2307 1.415581213e-05
2308 1.414814915e-05
2309 1.414049364e-05
2310 1.413284558e-05
2311 1.412520497e-05
2312 1.411757179e-05
2313 1.410994602e-05
2314 1.410232767e-05
2315 1.409471673e-05
2316 1.408711317e-05
2317 1.407951699e-05
2318 1.407192818e-05
2319 1.406434673e-05
2320 1.405677263e-05
2321 1.404920587e-05
2322 1.404164644e-05
2323 1.403409432e-05
2324 1.402654952e-05
2325 1.401901201e-05
2326 1.401148179e-05
2327 1.400395884e-05
2328 1.399644317e-05
2329 1.398893475e-05
2330 1.398143358e-05
2331 1.397393964e-05
2332 1.396645294e-05
2333 1.395897345e-05
2334 1.395150116e-05
2335 1.394403607e-05
2336 1.393657817e-05
2337 1.392912745e-05
2338 1.392168389e-05
2339 1.391424749e-05
2340 1.390681824e-05
2341 1.389939613e-05
2342 1.389198114e-05
2343 1.388457327e-05
2344 1.38771725e-05
2345 1.386977884e-05
2346 1.386239226e-05
2347 1.385501276e-05
2348 1.384764032e-05
2349 1.384027495e-05
2350 1.383291662e-05
2351 1.382556534e-05
2352 1.381822108e-05
2353 1.381088384e-05
2354 1.380355361e-05
2355 1.379623038e-05
2356 1.378891415e-05
2357 1.378160489e-05
2358 1.37743026e-05
2359 1.376700728e-05
2360 1.375971891e-05
2361 1.375243747e-05
2362 1.374516298e-05
2363 1.37378954e-05
2364 1.373063474e-05
2365 1.372338099e-05
2366 1.371613413e-05
2367 1.370889415e-05
2368 1.370166105e-05
2369 1.369443482e-05
2370 1.368721544e-05
2371 1.368000291e-05
2372 1.367279722e-05
2373 1.366559836e-05
2374 1.365840632e-05
2375 1.365122109e-05
2376 1.364404266e-05
2377 1.363687102e-05
2378 1.362970616e-05
2379 1.362254808e-05
2380 1.361539676e-05
2381 1.36082522e-05
2382 1.360111438e-05
2383 1.359398329e-05
2384 1.358685894e-05
2385 1.35797413e-05
2386 1.357263037e-05
2387 1.356552614e-05
2388 1.35584286e-05
2389 1.355133775e-05
2390 1.354425356e-05
2391 1.353717604e-05
2392 1.353010517e-05
2393 1.352304095e-05
2394 1.351598336e-05
2395 1.35089324e-05
2396 1.350188806e-05
2397 1.349485033e-05
2398 1.34878192e-05
2399 1.348079466e-05
2400 1.34737767e-05
2401 1.346676532e-05
2402 1.34597605e-05
2403 1.345276224e-05
2404 1.344577052e-05
2405 1.343878534e-05
2406 1.343180669e-05
2407 1.342483456e-05
2408 1.341786894e-05
2409 1.341090983e-05
2410 1.340395721e-05
2411 1.339701107e-05
2412 1.339007142e-05
2413 1.338313823e-05
2414 1.337621149e-05
2415 1.336929121e-05
2416 1.336237737e-05
2417 1.335546997e-05
2418 1.334856899e-05
2419 1.334167442e-05
2420 1.333478626e-05
2421 1.33279045e-05
2422 1.332102913e-05
2423 1.331416014e-05
2424 1.330729753e-05
2425 1.330044128e-05
2426 1.329359138e-05
2427 1.328674783e-05
2428 1.327991063e-05
2429 1.327307975e-05
2430 1.326625519e-05
2431 1.325943695e-05
2432 1.325262501e-05
2433 1.324581937e-05
2434 1.323902002e-05
2435 1.323222694e-05
2436 1.322544014e-05
2437 1.32186596e-05
2438 1.321188532e-05
2439 1.320511728e-05
2440 1.319835548e-05
2441 1.319159991e-05
2442 1.318485057e-05
2443 1.317810743e-05
2444 1.31713705e-05
2445 1.316463977e-05
2446 1.315791523e-05
2447 1.315119686e-05
2448 1.314448467e-05
2449 1.313777864e-05
2450 1.313107877e-05
2451 1.312438505e-05
2452 1.311769746e-05
2453 1.311101601e-05
2454 1.310434068e-05
2455 1.309767147e-05
2456 1.309100836e-05
2457 1.308435135e-05
2458 1.307770043e-05
2459 1.307105559e-05
2460 1.306441683e-05
2461 1.305778414e-05
2462 1.305115751e-05
2463 1.304453692e-05
2464 1.303792238e-05
2465 1.303131387e-05
2466 1.302471139e-05
2467 1.301811493e-05
2468 1.301152448e-05
2469 1.300494004e-05
2470 1.299836159e-05
2471 1.299178912e-05
2472 1.298522264e-05
2473 1.297866213e-05
2474 1.297210758e-05
2475 1.296555898e-05
2476 1.295901634e-05
2477 1.295247964e-05
2478 1.294594886e-05
2479 1.293942402e-05
2480 1.293290509e-05
2481 1.292639207e-05
2482 1.291988495e-05
2483 1.291338372e-05
2484 1.290688838e-05
2485 1.290039892e-05
2486 1.289391533e-05
2487 1.288743761e-05
2488 1.288096573e-05
2489 1.287449971e-05
2490 1.286803953e-05
2491 1.286158518e-05
2492 1.285513665e-05
2493 1.284869394e-05
2494 1.284225704e-05
2495 1.283582595e-05
2496 1.282940064e-05
2497 1.282298113e-05
2498 1.281656739e-05
2499 1.281015943e-05
2500 1.280375723e-05
2501 1.279736079e-05
2502 1.27909701e-05
2503 1.278458515e-05
2504 1.277820593e-05
2505 1.277183245e-05
2506 1.276546468e-05
2507 1.275910262e-05
2508 1.275274627e-05
2509 1.274639562e-05
2510 1.274005066e-05
2511 1.273371138e-05
2512 1.272737777e-05
2513 1.272104984e-05
2514 1.271472756e-05
2515 1.270841094e-05
2516 1.270209996e-05
2517 1.269579463e-05
2518 1.268949492e-05
2519 1.268320084e-05
2520 1.267691238e-05
2521 1.267062953e-05
2522 1.266435228e-05
2523 1.265808062e-05
2524 1.265181456e-05
2525 1.264555407e-05
2526 1.263929916e-05
2527 1.263304982e-05
2528 1.262680603e-05
2529 1.26205678e-05
2530 1.261433511e-05
2531 1.260810796e-05
2532 1.260188635e-05
2533 1.259567025e-05
2534 1.258945968e-05
2535 1.258325461e-05
2536 1.257705505e-05
2537 1.257086098e-05
2538 1.25646724e-05
2539 1.25584893e-05
2540 1.255231168e-05
2541 1.254613952e-05
2542 1.253997283e-05
2543 1.253381159e-05
2544 1.252765579e-05
2545 1.252150544e-05
2546 1.251536052e-05
2547 1.250922103e-05
2548 1.250308695e-05
2549 1.249695829e-05
2550 1.249083503e-05
2551 1.248471717e-05
2552 1.24786047e-05
2553 1.247249761e-05
2554 1.246639591e-05
2555 1.246029957e-05
2556 1.24542086e-05
2557 1.244812299e-05
2558 1.244204273e-05
2559 1.243596781e-05
2560 1.242989822e-05
2561 1.242383397e-05
2562 1.241777504e-05
2563 1.241172143e-05
2564 1.240567313e-05
2565 1.239963013e-05
2566 1.239359243e-05
2567 1.238756001e-05
2568 1.238153288e-05
2569 1.237551103e-05
2570 1.236949445e-05
2571 1.236348312e-05
2572 1.235747706e-05
2573 1.235147625e-05
2574 1.234548068e-05
2575 1.233949034e-05
2576 1.233350524e-05
2577 1.232752535e-05
2578 1.232155069e-05
2579 1.231558124e-05
2580 1.230961699e-05
2581 1.230365793e-05
2582 1.229770407e-05
2583 1.229175539e-05
2584 1.228581189e-05
2585 1.227987356e-05
2586 1.227394039e-05
2587 1.226801238e-05
2588 1.226208953e-05
2589 1.225617182e-05
2590 1.225025924e-05
2591 1.22443518e-05
2592 1.223844949e-05
2593 1.223255229e-05
2594 1.222666021e-05
2595 1.222077324e-05
2596 1.221489136e-05
2597 1.220901458e-05
2598 1.220314288e-05
2599 1.219727627e-05
2600 1.219141473e-05
2601 1.218555826e-05
2602 1.217970685e-05
2603 1.21738605e-05
2604 1.21680192e-05
2605 1.216218294e-05
2606 1.215635171e-05
2607 1.215052552e-05
2608 1.214470435e-05
2609 1.21388882e-05
2610 1.213307706e-05
2611 1.212727093e-05
2612 1.212146979e-05
2613 1.211567365e-05
2614 1.21098825e-05
2615 1.210409632e-05
2616 1.209831513e-05
2617 1.209253889e-05
2618 1.208676763e-05
2619 1.208100131e-05
2620 1.207523995e-05
2621 1.206948353e-05
2622 1.206373205e-05
2623 1.20579855e-05
2624 1.205224388e-05
2625 1.204650717e-05
2626 1.204077538e-05
2627 1.20350485e-05
2628 1.202932651e-05
2629 1.202360942e-05
2630 1.201789722e-05
2631 1.201218991e-05
2632 1.200648747e-05
2633 1.20007899e-05
2634 1.199509719e-05
2635 1.198940935e-05
2636 1.198372635e-05
2637 1.197804821e-05
2638 1.19723749e-05
2639 1.196670643e-05
2640 1.196104279e-05
2641 1.195538398e-05
2642 1.194972998e-05
2643 1.194408079e-05
2644 1.19384364e-05
2645 1.193279682e-05
2646 1.192716203e-05
2647 1.192153202e-05
2648 1.19159068e-05
2649 1.191028636e-05
2650 1.190467068e-05
2651 1.189905977e-05
2652 1.189345362e-05
2653 1.188785222e-05
2654 1.188225556e-05
2655 1.187666365e-05
2656 1.187107647e-05
2657 1.186549402e-05
2658 1.18599163e-05
2659 1.185434329e-05
2660 1.1848775e-05
2661 1.184321141e-05
2662 1.183765252e-05
2663 1.183209833e-05
2664 1.182654882e-05
2665 1.1821004e-05
2666 1.181546386e-05
2667 1.180992839e-05
2668 1.180439758e-05
2669 1.179887144e-05
2670 1.179334995e-05
2671 1.178783311e-05
2672 1.178232091e-05
2673 1.177681335e-05
2674 1.177131042e-05
2675 1.176581212e-05
2676 1.176031845e-05
2677 1.175482938e-05
2678 1.174934493e-05
2679 1.174386508e-05
2680 1.173838983e-05
2681 1.173291917e-05
2682 1.17274531e-05
2683 1.172199161e-05
2684 1.17165347e-05
2685 1.171108236e-05
2686 1.170563459e-05
2687 1.170019137e-05
2688 1.169475271e-05
2689 1.16893186e-05
2690 1.168388903e-05
2691 1.1678464e-05
2692 1.16730435e-05
2693 1.166762753e-05
2694 1.166221608e-05
2695 1.165680914e-05
2696 1.165140672e-05
2697 1.16460088e-05
2698 1.164061538e-05
2699 1.163522646e-05
2700 1.162984202e-05
2701 1.162446207e-05
2702 1.16190866e-05
2703 1.16137156e-05
2704 1.160834906e-05
2705 1.160298699e-05
2706 1.159762938e-05
2707 1.159227621e-05
2708 1.15869275e-05
2709 1.158158322e-05
2710 1.157624338e-05
2711 1.157090796e-05
2712 1.156557698e-05
2713 1.156025041e-05
2714 1.155492826e-05
2715 1.154961051e-05
2716 1.154429717e-05
2717 1.153898823e-05
2718 1.153368368e-05
2719 1.152838351e-05
2720 1.152308773e-05
2721 1.151779633e-05
2722 1.15125093e-05
2723 1.150722664e-05
2724 1.150194833e-05
2725 1.149667439e-05
2726 1.149140479e-05
2727 1.148613955e-05
2728 1.148087864e-05
2729 1.147562207e-05
2730 1.147036982e-05
2731 1.146512191e-05
2732 1.145987831e-05
2733 1.145463903e-05
2734 1.144940406e-05
2735 1.14441734e-05
2736 1.143894703e-05
2737 1.143372496e-05
2738 1.142850718e-05
2739 1.142329368e-05
2740 1.141808446e-05
2741 1.141287952e-05
2742 1.140767885e-05
2743 1.140248244e-05
2744 1.139729028e-05
2745 1.139210239e-05
2746 1.138691874e-05
2747 1.138173934e-05
2748 1.137656417e-05
2749 1.137139324e-05
2750 1.136622654e-05
2751 1.136106406e-05
2752 1.13559058e-05
2753 1.135075176e-05
2754 1.134560193e-05
2755 1.134045629e-05
2756 1.133531486e-05
2757 1.133017762e-05
2758 1.132504458e-05
2759 1.131991571e-05
2760 1.131479103e-05
2761 1.130967052e-05
2762 1.130455418e-05
2763 1.1299442e-05
2764 1.129433399e-05
2765 1.128923012e-05
2766 1.128413041e-05
2767 1.127903485e-05
2768 1.127394342e-05
2769 1.126885613e-05
2770 1.126377297e-05
2771 1.125869394e-05
2772 1.125361903e-05
2773 1.124854823e-05
2774 1.124348155e-05
2775 1.123841897e-05
2776 1.123336049e-05
2777 1.122830611e-05
2778 1.122325582e-05
2779 1.121820962e-05
2780 1.12131675e-05
2781 1.120812946e-05
2782 1.120309549e-05
2783 1.119806559e-05
2784 1.119303976e-05
2785 1.118801798e-05
2786 1.118300026e-05
2787 1.117798658e-05
2788 1.117297695e-05
2789 1.116797136e-05
2790 1.116296981e-05
2791 1.115797228e-05
2792 1.115297878e-05
2793 1.114798931e-05
2794 1.114300385e-05
2795 1.11380224e-05
2796 1.113304496e-05
2797 1.112807152e-05
2798 1.112310207e-05
2799 1.111813662e-05
2800 1.111317516e-05
2801 1.110821769e-05
2802 1.110326419e-05
2803 1.109831467e-05
2804 1.109336912e-05
2805 1.108842753e-05
2806 1.10834899e-05
2807 1.107855623e-05
2808 1.107362651e-05
2809 1.106870074e-05
2810 1.106377891e-05
2811 1.105886102e-05
2812 1.105394706e-05
2813 1.104903704e-05
2814 1.104413093e-05
2815 1.103922875e-05
2816 1.103433048e-05
2817 1.102943612e-05
2818 1.102454567e-05
2819 1.101965912e-05
2820 1.101477647e-05
2821 1.100989771e-05
2822 1.100502283e-05
2823 1.100015185e-05
2824 1.099528474e-05
2825 1.099042151e-05
2826 1.098556214e-05
2827 1.098070664e-05
2828 1.097585501e-05
2829 1.097100723e-05
2830 1.096616331e-05
2831 1.096132323e-05
2832 1.095648699e-05
2833 1.09516546e-05
2834 1.094682604e-05
2835 1.094200131e-05
2836 1.093718041e-05
2837 1.093236333e-05
2838 1.092755007e-05
2839 1.092274062e-05
2840 1.091793498e-05
2841 1.091313314e-05
2842 1.090833511e-05
2843 1.090354087e-05
2844 1.089875042e-05
2845 1.089396376e-05
2846 1.088918088e-05
2847 1.088440178e-05
2848 1.087962645e-05
2849 1.087485489e-05
2850 1.08700871e-05
2851 1.086532307e-05
2852 1.08605628e-05
2853 1.085580628e-05
2854 1.085105351e-05
2855 1.084630448e-05
2856 1.084155919e-05
2857 1.083681764e-05
2858 1.083207982e-05
2859 1.082734572e-05
2860 1.082261535e-05
2861 1.08178887e-05
2862 1.081316576e-05
2863 1.080844654e-05
2864 1.080373101e-05
2865 1.07990192e-05
2866 1.079431107e-05
2867 1.078960664e-05
2868 1.078490591e-05
2869 1.078020885e-05
2870 1.077551548e-05
2871 1.077082578e-05
2872 1.076613976e-05
2873 1.07614574e-05
2874 1.075677871e-05
2875 1.075210368e-05
2876 1.074743231e-05
2877 1.074276458e-05
2878 1.073810051e-05
2879 1.073344008e-05
2880 1.072878328e-05
2881 1.072413013e-05
2882 1.07194806e-05
2883 1.07148347e-05
2884 1.071019243e-05
2885 1.070555377e-05
2886 1.070091873e-05
2887 1.06962873e-05
2888 1.069165948e-05
2889 1.068703526e-05
2890 1.068241464e-05
2891 1.067779761e-05
2892 1.067318418e-05
2893 1.066857433e-05
2894 1.066396806e-05
2895 1.065936537e-05
2896 1.065476626e-05
2897 1.065017072e-05
2898 1.064557874e-05
2899 1.064099033e-05
2900 1.063640547e-05
2901 1.063182417e-05
2902 1.062724642e-05
2903 1.062267222e-05
2904 1.061810156e-05
2905 1.061353443e-05
2906 1.060897085e-05
2907 1.060441079e-05
2908 1.059985426e-05
2909 1.059530126e-05
2910 1.059075177e-05
2911 1.05862058e-05
2912 1.058166333e-05
2913 1.057712438e-05
2914 1.057258893e-05
2915 1.056805698e-05
2916 1.056352852e-05
2917 1.055900356e-05
2918 1.055448208e-05
2919 1.054996409e-05
2920 1.054544958e-05
2921 1.054093854e-05
2922 1.053643098e-05
2923 1.053192688e-05
2924 1.052742625e-05
2925 1.052292908e-05
2926 1.051843537e-05
2927 1.051394511e-05
2928 1.05094583e-05
2929 1.050497493e-05
2930 1.0500495e-05
2931 1.049601852e-05
2932 1.049154547e-05
2933 1.048707584e-05
2934 1.048260965e-05
2935 1.047814687e-05
2936 1.047368752e-05
2937 1.046923158e-05
2938 1.046477905e-05
2939 1.046032993e-05
2940 1.045588421e-05
2941 1.045144189e-05
2942 1.044700297e-05
2943 1.044256744e-05
2944 1.04381353e-05
2945 1.043370654e-05
2946 1.042928117e-05
2947 1.042485917e-05
2948 1.042044054e-05
2949 1.041602529e-05
2950 1.04116134e-05
2951 1.040720488e-05
2952 1.040279971e-05
2953 1.03983979e-05
2954 1.039399944e-05
2955 1.038960433e-05
2956 1.038521256e-05
2957 1.038082414e-05
2958 1.037643905e-05
2959 1.037205729e-05
2960 1.036767886e-05
2961 1.036330376e-05
2962 1.035893198e-05
2963 1.035456352e-05
2964 1.035019837e-05
2965 1.034583654e-05
2966 1.034147801e-05
2967 1.033712279e-05
2968 1.033277086e-05
2969 1.032842224e-05
2970 1.03240769e-05
2971 1.031973486e-05
2972 1.03153961e-05
2973 1.031106063e-05
2974 1.030672843e-05
2975 1.030239951e-05
2976 1.029807386e-05
2977 1.029375148e-05
2978 1.028943236e-05
2979 1.028511651e-05
2980 1.028080391e-05
2981 1.027649456e-05
2982 1.027218847e-05
2983 1.026788562e-05
2984 1.026358602e-05
2985 1.025928965e-05
2986 1.025499652e-05
2987 1.025070663e-05
2988 1.024641996e-05
2989 1.024213652e-05
2990 1.02378563e-05
2991 1.02335793e-05
2992 1.022930551e-05
2993 1.022503494e-05
2994 1.022076757e-05
2995 1.021650341e-05
2996 1.021224245e-05
2997 1.020798469e-05
2998 1.020373012e-05
2999 1.019947875e-05
3000 1.019523056e-05
3001 1.019098555e-05
3002 1.018674373e-05
3003 1.018250508e-05
3004 1.01782696e-05
3005 1.01740373e-05
3006 1.016980816e-05
3007 1.016558218e-05
3008 1.016135937e-05
3009 1.015713971e-05
3010 1.015292321e-05
3011 1.014870985e-05
3012 1.014449964e-05
3013 1.014029257e-05
3014 1.013608865e-05
3015 1.013188786e-05
3016 1.01276902e-05
3017 1.012349567e-05
3018 1.011930427e-05
3019 1.011511599e-05
3020 1.011093082e-05
3021 1.010674878e-05
3022 1.010256985e-05
3023 1.009839402e-05
3024 1.009422131e-05
3025 1.009005169e-05
3026 1.008588517e-05
3027 1.008172175e-05
3028 1.007756143e-05
3029 1.007340419e-05
3030 1.006925004e-05
3031 1.006509897e-05
3032 1.006095098e-05
3033 1.005680606e-05
3034 1.005266422e-05
3035 1.004852545e-05
3036 1.004438974e-05
3037 1.00402571e-05
3038 1.003612751e-05
3039 1.003200099e-05
3040 1.002787751e-05
3041 1.002375709e-05
3042 1.001963971e-05
3043 1.001552537e-05
3044 1.001141408e-05
3045 1.000730582e-05
3046 1.00032006e-05
3047 9.999098403e-06
3048 9.994999236e-06
3049 9.990903093e-06
3050 9.98680997e-06
3051 9.982719865e-06
3052 9.978632774e-06
3053 9.974548694e-06
3054 9.970467622e-06
3055 9.966389554e-06
3056 9.962314488e-06
3057 9.95824242e-06
3058 9.954173347e-06
3059 9.950107265e-06
3060 9.946044173e-06
3061 9.941984066e-06
3062 9.937926941e-06
3063 9.933872796e-06
3064 9.929821626e-06
3065 9.92577343e-06
3066 9.921728203e-06
3067 9.917685942e-06
3068 9.913646645e-06
3069 9.909610309e-06
3070 9.905576929e-06
3071 9.901546503e-06
3072 9.897519029e-06
3073 9.893494502e-06
3074 9.88947292e-06
3075 9.885454279e-06
3076 9.881438577e-06
3077 9.87742581e-06
3078 9.873415975e-06
3079 9.86940907e-06
3080 9.86540509e-06
3081 9.861404034e-06
3082 9.857405897e-06
3083 9.853410677e-06
3084 9.849418371e-06
3085 9.845428976e-06
3086 9.841442488e-06
3087 9.837458905e-06
3088 9.833478223e-06
3089 9.829500439e-06
3090 9.825525552e-06
3091 9.821553556e-06
3092 9.81758445e-06
3093 9.81361823e-06
3094 9.809654893e-06
3095 9.805694436e-06
3096 9.801736857e-06
3097 9.797782152e-06
3098 9.793830318e-06
3099 9.789881352e-06
3100 9.785935251e-06
3101 9.781992013e-06
3102 9.778051633e-06
3103 9.77411411e-06
3104 9.77017944e-06
3105 9.76624762e-06
3106 9.762318647e-06
3107 9.758392518e-06
3108 9.754469231e-06
3109 9.750548782e-06
3110 9.746631168e-06
3111 9.742716387e-06
3112 9.738804435e-06
3113 9.73489531e-06
3114 9.730989008e-06
3115 9.727085526e-06
3116 9.723184862e-06
3117 9.719287013e-06
3118 9.715391976e-06
3119 9.711499747e-06
3120 9.707610324e-06
3121 9.703723704e-06
3122 9.699839885e-06
3123 9.695958862e-06
3124 9.692080634e-06
3125 9.688205197e-06
3126 9.684332548e-06
3127 9.680462685e-06
3128 9.676595604e-06
3129 9.672731303e-06
3130 9.66886978e-06
3131 9.66501103e-06
3132 9.661155051e-06
3133 9.65730184e-06
3134 9.653451395e-06
3135 9.649603712e-06
3136 9.645758789e-06
3137 9.641916623e-06
3138 9.63807721e-06
3139 9.634240549e-06
3140 9.630406635e-06
3141 9.626575468e-06
3142 9.622747042e-06
3143 9.618921357e-06
3144 9.615098408e-06
3145 9.611278193e-06
3146 9.60746071e-06
3147 9.603645955e-06
3148 9.599833925e-06
3149 9.596024618e-06
3150 9.592218032e-06
3151 9.588414162e-06
3152 9.584613007e-06
3153 9.580814563e-06
3154 9.577018828e-06
3155 9.573225799e-06
3156 9.569435474e-06
3157 9.565647848e-06
3158 9.56186292e-06
3159 9.558080688e-06
3160 9.554301147e-06
3161 9.550524295e-06
3162 9.546750131e-06
3163 9.542978649e-06
3164 9.539209849e-06
3165 9.535443728e-06
3166 9.531680281e-06
3167 9.527919508e-06
3168 9.524161405e-06
3169 9.520405969e-06
3170 9.516653197e-06
3171 9.512903087e-06
3172 9.509155637e-06
3173 9.505410843e-06
3174 9.501668703e-06
3175 9.497929213e-06
3176 9.494192372e-06
3177 9.490458176e-06
3178 9.486726624e-06
3179 9.482997711e-06
3180 9.479271436e-06
3181 9.475547795e-06
3182 9.471826787e-06
3183 9.468108408e-06
3184 9.464392656e-06
3185 9.460679528e-06
3186 9.456969021e-06
3187 9.453261132e-06
3188 9.44955586e-06
3189 9.445853201e-06
3190 9.442153153e-06
3191 9.438455713e-06
3192 9.434760878e-06
3193 9.431068646e-06
3194 9.427379014e-06
3195 9.423691979e-06
3196 9.420007539e-06
3197 9.416325691e-06
3198 9.412646433e-06
3199 9.408969762e-06
3200 9.405295675e-06
3201 9.401624169e-06
3202 9.397955243e-06
3203 9.394288892e-06
3204 9.390625116e-06
3205 9.386963911e-06
3206 9.383305274e-06
3207 9.379649204e-06
3208 9.375995697e-06
3209 9.37234475e-06
3210 9.368696362e-06
3211 9.365050529e-06
3212 9.361407249e-06
3213 9.35776652e-06
3214 9.354128339e-06
3215 9.350492702e-06
3216 9.346859609e-06
3217 9.343229056e-06
3218 9.33960104e-06
3219 9.335975559e-06
3220 9.332352611e-06
3221 9.328732192e-06
3222 9.325114301e-06
3223 9.321498935e-06
3224 9.317886091e-06
3225 9.314275767e-06
3226 9.31066796e-06
3227 9.307062667e-06
3228 9.303459887e-06
3229 9.299859616e-06
3230 9.296261852e-06
3231 9.292666593e-06
3232 9.289073836e-06
3233 9.285483578e-06
3234 9.281895817e-06
3235 9.278310551e-06
3236 9.274727777e-06
3237 9.271147492e-06
3238 9.267569694e-06
3239 9.263994381e-06
3240 9.260421549e-06
3241 9.256851198e-06
3242 9.253283323e-06
3243 9.249717923e-06
3244 9.246154994e-06
3245 9.242594536e-06
3246 9.239036544e-06
3247 9.235481017e-06
3248 9.231927953e-06
3249 9.228377348e-06
3250 9.2248292e-06
3251 9.221283507e-06
3252 9.217740267e-06
3253 9.214199476e-06
3254 9.210661133e-06
3255 9.207125235e-06
3256 9.203591779e-06
3257 9.200060764e-06
3258 9.196532186e-06
3259 9.193006044e-06
3260 9.189482334e-06
3261 9.185961055e-06
3262 9.182442204e-06
3263 9.178925778e-06
3264 9.175411776e-06
3265 9.171900194e-06
3266 9.168391031e-06
3267 9.164884283e-06
3268 9.161379949e-06
3269 9.157878027e-06
3270 9.154378513e-06
3271 9.150881405e-06
3272 9.147386702e-06
3273 9.1438944e-06
3274 9.140404497e-06
3275 9.136916991e-06
3276 9.133431879e-06
3277 9.12994916e-06
3278 9.12646883e-06
3279 9.122990888e-06
3280 9.11951533e-06
3281 9.116042155e-06
3282 9.112571361e-06
3283 9.109102944e-06
3284 9.105636903e-06
3285 9.102173235e-06
3286 9.098711937e-06
3287 9.095253009e-06
3288 9.091796446e-06
3289 9.088342247e-06
3290 9.08489041e-06
3291 9.081440932e-06
3292 9.077993811e-06
3293 9.074549044e-06
3294 9.07110663e-06
3295 9.067666565e-06
3296 9.064228848e-06
3297 9.060793476e-06
3298 9.057360447e-06
3299 9.053929759e-06
3300 9.050501408e-06
3301 9.047075394e-06
3302 9.043651714e-06
3303 9.040230365e-06
3304 9.036811345e-06
3305 9.033394652e-06
3306 9.029980284e-06
3307 9.026568238e-06
3308 9.023158511e-06
3309 9.019751103e-06
3310 9.01634601e-06
3311 9.01294323e-06
3312 9.009542761e-06
3313 9.0061446e-06
3314 9.002748746e-06
3315 8.999355196e-06
3316 8.995963948e-06
3317 8.992575e-06
3318 8.989188348e-06
3319 8.985803992e-06
3320 8.982421929e-06
3321 8.979042156e-06
3322 8.975664672e-06
3323 8.972289474e-06
3324 8.968916559e-06
3325 8.965545927e-06
3326 8.962177574e-06
3327 8.958811497e-06
3328 8.955447696e-06
3329 8.952086168e-06
3330 8.94872691e-06
3331 8.945369921e-06
3332 8.942015197e-06
3333 8.938662738e-06
3334 8.93531254e-06
3335 8.931964602e-06
3336 8.928618921e-06
3337 8.925275495e-06
3338 8.921934322e-06
3339 8.9185954e-06
3340 8.915258726e-06
3341 8.911924298e-06
3342 8.908592115e-06
3343 8.905262174e-06
3344 8.901934472e-06
3345 8.898609008e-06
3346 8.89528578e-06
3347 8.891964784e-06
3348 8.88864602e-06
3349 8.885329485e-06
3350 8.882015177e-06
3351 8.878703093e-06
3352 8.875393232e-06
3353 8.87208559e-06
3354 8.868780168e-06
3355 8.865476961e-06
3356 8.862175968e-06
3357 8.858877186e-06
3358 8.855580615e-06
3359 8.85228625e-06
3360 8.848994092e-06
3361 8.845704136e-06
3362 8.842416381e-06
3363 8.839130825e-06
3364 8.835847466e-06
3365 8.832566302e-06
3366 8.82928733e-06
3367 8.826010549e-06
3368 8.822735956e-06
3369 8.819463549e-06
3370 8.816193326e-06
3371 8.812925286e-06
3372 8.809659425e-06
3373 8.806395742e-06
3374 8.803134235e-06
3375 8.799874901e-06
3376 8.796617739e-06
3377 8.793362746e-06
3378 8.790109921e-06
3379 8.786859261e-06
3380 8.783610764e-06
3381 8.780364428e-06
3382 8.777120251e-06
3383 8.773878232e-06
3384 8.770638367e-06
3385 8.767400655e-06
3386 8.764165093e-06
3387 8.760931681e-06
3388 8.757700415e-06
3389 8.754471293e-06
3390 8.751244314e-06
3391 8.748019476e-06
3392 8.744796775e-06
3393 8.741576212e-06
3394 8.738357782e-06
3395 8.735141485e-06
3396 8.731927318e-06
3397 8.728715279e-06
3398 8.725505367e-06
3399 8.722297578e-06
3400 8.719091912e-06
3401 8.715888366e-06
3402 8.712686938e-06
3403 8.709487625e-06
3404 8.706290427e-06
3405 8.703095341e-06
3406 8.699902365e-06
3407 8.696711497e-06
3408 8.693522734e-06
3409 8.690336076e-06
3410 8.687151519e-06
3411 8.683969063e-06
3412 8.680788704e-06
3413 8.677610442e-06
3414 8.674434273e-06
3415 8.671260196e-06
3416 8.66808821e-06
3417 8.664918311e-06
3418 8.661750498e-06
3419 8.658584769e-06
3420 8.655421123e-06
3421 8.652259556e-06
3422 8.649100067e-06
3423 8.645942655e-06
3424 8.642787317e-06
3425 8.63963405e-06
3426 8.636482854e-06
3427 8.633333727e-06
3428 8.630186665e-06
3429 8.627041668e-06
3430 8.623898733e-06
3431 8.620757859e-06
3432 8.617619043e-06
3433 8.614482284e-06
3434 8.611347579e-06
3435 8.608214927e-06
3436 8.605084325e-06
3437 8.601955772e-06
3438 8.598829267e-06
3439 8.595704806e-06
3440 8.592582387e-06
3441 8.58946201e-06
3442 8.586343672e-06
3443 8.583227372e-06
3444 8.580113106e-06
3445 8.577000874e-06
3446 8.573890673e-06
3447 8.570782502e-06
3448 8.567676358e-06
3449 8.56457224e-06
3450 8.561470145e-06
3451 8.558370073e-06
3452 8.55527202e-06
3453 8.552175986e-06
3454 8.549081968e-06
3455 8.545989964e-06
3456 8.542899972e-06
3457 8.539811991e-06
3458 8.536726018e-06
3459 8.533642052e-06
3460 8.530560091e-06
3461 8.527480133e-06
3462 8.524402176e-06
3463 8.521326218e-06
3464 8.518252258e-06
3465 8.515180292e-06
3466 8.512110321e-06
3467 8.509042341e-06
3468 8.505976351e-06
3469 8.502912349e-06
3470 8.499850333e-06
3471 8.496790301e-06
3472 8.493732251e-06
3473 8.490676183e-06
3474 8.487622092e-06
3475 8.484569979e-06
3476 8.481519841e-06
3477 8.478471675e-06
3478 8.475425481e-06
3479 8.472381257e-06
3480 8.469339e-06
3481 8.466298709e-06
3482 8.463260382e-06
3483 8.460224017e-06
3484 8.457189612e-06
3485 8.454157166e-06
3486 8.451126676e-06
3487 8.448098141e-06
3488 8.445071559e-06
3489 8.442046928e-06
3490 8.439024247e-06
3491 8.436003513e-06
3492 8.432984725e-06
3493 8.429967881e-06
3494 8.426952978e-06
3495 8.423940017e-06
3496 8.420928993e-06
3497 8.417919907e-06
3498 8.414912755e-06
3499 8.411907536e-06
3500 8.408904249e-06
3501 8.405902891e-06
3502 8.402903461e-06
3503 8.399905957e-06
3504 8.396910377e-06
3505 8.393916719e-06
3506 8.390924982e-06
3507 8.387935164e-06
3508 8.384947263e-06
3509 8.381961277e-06
3510 8.378977204e-06
3511 8.375995043e-06
3512 8.373014792e-06
3513 8.37003645e-06
3514 8.367060014e-06
3515 8.364085482e-06
3516 8.361112853e-06
3517 8.358142126e-06
3518 8.355173297e-06
3519 8.352206367e-06
3520 8.349241332e-06
3521 8.346278191e-06
3522 8.343316943e-06
3523 8.340357586e-06
3524 8.337400117e-06
3525 8.334444535e-06
3526 8.331490839e-06
3527 8.328539027e-06
3528 8.325589096e-06
3529 8.322641046e-06
3530 8.319694874e-06
3531 8.316750579e-06
3532 8.313808158e-06
3533 8.310867612e-06
3534 8.307928936e-06
3535 8.304992131e-06
3536 8.302057194e-06
3537 8.299124123e-06
3538 8.296192916e-06
3539 8.293263573e-06
3540 8.290336091e-06
3541 8.287410469e-06
3542 8.284486704e-06
3543 8.281564796e-06
3544 8.278644742e-06
3545 8.275726541e-06
3546 8.272810191e-06
3547 8.26989569e-06
3548 8.266983037e-06
3549 8.26407223e-06
3550 8.261163268e-06
3551 8.258256148e-06
3552 8.255350868e-06
3553 8.252447428e-06
3554 8.249545826e-06
3555 8.24664606e-06
3556 8.243748127e-06
3557 8.240852027e-06
3558 8.237957758e-06
3559 8.235065319e-06
3560 8.232174706e-06
3561 8.22928592e-06
3562 8.226398958e-06
3563 8.223513818e-06
3564 8.220630499e-06
3565 8.217748999e-06
3566 8.214869317e-06
3567 8.211991451e-06
3568 8.209115399e-06
3569 8.206241159e-06
3570 8.203368731e-06
3571 8.200498112e-06
3572 8.1976293e-06
3573 8.194762294e-06
3574 8.191897093e-06
3575 8.189033694e-06
3576 8.186172097e-06
3577 8.183312299e-06
3578 8.180454298e-06
3579 8.177598094e-06
3580 8.174743685e-06
3581 8.171891068e-06
3582 8.169040243e-06
3583 8.166191207e-06
3584 8.163343959e-06
3585 8.160498498e-06
3586 8.157654821e-06
3587 8.154812928e-06
3588 8.151972816e-06
3589 8.149134484e-06
3590 8.146297931e-06
3591 8.143463154e-06
3592 8.140630153e-06
3593 8.137798925e-06
3594 8.134969468e-06
3595 8.132141783e-06
3596 8.129315865e-06
3597 8.126491715e-06
3598 8.123669331e-06
3599 8.12084871e-06
3600 8.118029852e-06
3601 8.115212755e-06
3602 8.112397416e-06
3603 8.109583836e-06
3604 8.106772011e-06
3605 8.10396194e-06
3606 8.101153623e-06
3607 8.098347057e-06
3608 8.09554224e-06
3609 8.092739171e-06
3610 8.089937849e-06
3611 8.087138272e-06
3612 8.084340439e-06
3613 8.081544347e-06
3614 8.078749995e-06
3615 8.075957382e-06
3616 8.073166506e-06
3617 8.070377366e-06
3618 8.06758996e-06
3619 8.064804286e-06
3620 8.062020343e-06
3621 8.05923813e-06
3622 8.056457644e-06
3623 8.053678884e-06
3624 8.050901849e-06
3625 8.048126538e-06
3626 8.045352947e-06
3627 8.042581077e-06
3628 8.039810926e-06
3629 8.037042491e-06
3630 8.034275772e-06
3631 8.031510767e-06
3632 8.028747474e-06
3633 8.025985892e-06
3634 8.023226019e-06
3635 8.020467854e-06
3636 8.017711396e-06
3637 8.014956642e-06
3638 8.012203591e-06
3639 8.009452242e-06
3640 8.006702593e-06
3641 8.003954643e-06
3642 8.00120839e-06
3643 7.998463832e-06
3644 7.995720969e-06
3645 7.992979798e-06
3646 7.990240318e-06
3647 7.987502528e-06
3648 7.984766426e-06
3649 7.982032011e-06
3650 7.979299281e-06
3651 7.976568234e-06
3652 7.973838869e-06
3653 7.971111185e-06
3654 7.96838518e-06
3655 7.965660853e-06
3656 7.962938202e-06
3657 7.960217225e-06
3658 7.957497921e-06
3659 7.95478029e-06
3660 7.952064328e-06
3661 7.949350035e-06
3662 7.946637409e-06
3663 7.943926449e-06
3664 7.941217153e-06
3665 7.93850952e-06
3666 7.935803548e-06
3667 7.933099236e-06
3668 7.930396582e-06
3669 7.927695586e-06
3670 7.924996244e-06
3671 7.922298557e-06
3672 7.919602522e-06
3673 7.916908138e-06
3674 7.914215404e-06
3675 7.911524318e-06
3676 7.908834878e-06
3677 7.906147084e-06
3678 7.903460933e-06
3679 7.900776425e-06
3680 7.898093558e-06
3681 7.895412329e-06
3682 7.892732739e-06
3683 7.890054786e-06
3684 7.887378467e-06
3685 7.884703782e-06
3686 7.882030729e-06
3687 7.879359307e-06
3688 7.876689515e-06
3689 7.87402135e-06
3690 7.871354811e-06
3691 7.868689898e-06
3692 7.866026608e-06
3693 7.86336494e-06
3694 7.860704893e-06
3695 7.858046466e-06
3696 7.855389656e-06
3697 7.852734462e-06
3698 7.850080884e-06
3699 7.847428919e-06
3700 7.844778567e-06
3701 7.842129825e-06
3702 7.839482693e-06
3703 7.836837168e-06
3704 7.83419325e-06
3705 7.831550937e-06
3706 7.828910228e-06
3707 7.826271122e-06
3708 7.823633616e-06
3709 7.820997709e-06
3710 7.818363401e-06
3711 7.81573069e-06
3712 7.813099573e-06
3713 7.810470051e-06
3714 7.807842121e-06
3715 7.805215783e-06
3716 7.802591034e-06
3717 7.799967873e-06
3718 7.7973463e-06
3719 7.794726312e-06
3720 7.792107908e-06
3721 7.789491087e-06
3722 7.786875847e-06
3723 7.784262188e-06
3724 7.781650107e-06
3725 7.779039603e-06
3726 7.776430676e-06
3727 7.773823323e-06
3728 7.771217543e-06
3729 7.768613335e-06
3730 7.766010697e-06
3731 7.763409628e-06
3732 7.760810127e-06
3733 7.758212193e-06
3734 7.755615823e-06
3735 7.753021017e-06
3736 7.750427773e-06
3737 7.74783609e-06
3738 7.745245967e-06
3739 7.742657402e-06
3740 7.740070393e-06
3741 7.73748494e-06
3742 7.734901042e-06
3743 7.732318696e-06
3744 7.729737901e-06
3745 7.727158657e-06
3746 7.724580961e-06
3747 7.722004812e-06
3748 7.71943021e-06
3749 7.716857152e-06
3750 7.714285638e-06
3751 7.711715666e-06
3752 7.709147234e-06
3753 7.706580342e-06
3754 7.704014988e-06
3755 7.701451171e-06
3756 7.698888889e-06
3757 7.696328141e-06
3758 7.693768925e-06
3759 7.691211241e-06
3760 7.688655088e-06
3761 7.686100463e-06
3762 7.683547365e-06
3763 7.680995793e-06
3764 7.678445747e-06
3765 7.675897223e-06
3766 7.673350222e-06
3767 7.670804742e-06
3768 7.668260781e-06
3769 7.665718339e-06
3770 7.663177413e-06
3771 7.660638003e-06
3772 7.658100108e-06
3773 7.655563725e-06
3774 7.653028854e-06
3775 7.650495494e-06
3776 7.647963642e-06
3777 7.645433299e-06
3778 7.642904462e-06
3779 7.64037713e-06
3780 7.637851302e-06
3781 7.635326976e-06
3782 7.632804152e-06
3783 7.630282828e-06
3784 7.627763003e-06
3785 7.625244675e-06
3786 7.622727844e-06
3787 7.620212507e-06
3788 7.617698664e-06
3789 7.615186313e-06
3790 7.612675453e-06
3791 7.610166084e-06
3792 7.607658202e-06
3793 7.605151808e-06
3794 7.6026469e-06
3795 7.600143476e-06
3796 7.597641536e-06
3797 7.595141078e-06
3798 7.592642101e-06
3799 7.590144604e-06
3800 7.587648585e-06
3801 7.585154043e-06
3802 7.582660976e-06
3803 7.580169385e-06
3804 7.577679266e-06
3805 7.57519062e-06
3806 7.572703444e-06
3807 7.570217738e-06
3808 7.567733501e-06
3809 7.56525073e-06
3810 7.562769425e-06
3811 7.560289584e-06
3812 7.557811207e-06
3813 7.555334292e-06
3814 7.552858838e-06
3815 7.550384843e-06
3816 7.547912306e-06
3817 7.545441227e-06
3818 7.542971603e-06
3819 7.540503434e-06
3820 7.538036718e-06
3821 7.535571455e-06
3822 7.533107642e-06
3823 7.530645279e-06
3824 7.528184364e-06
3825 7.525724896e-06
3826 7.523266875e-06
3827 7.520810298e-06
3828 7.518355164e-06
3829 7.515901473e-06
3830 7.513449223e-06
3831 7.510998413e-06
3832 7.508549041e-06
3833 7.506101107e-06
3834 7.503654608e-06
3835 7.501209545e-06
3836 7.498765916e-06
3837 7.496323719e-06
3838 7.493882953e-06
3839 7.491443617e-06
3840 7.489005711e-06
3841 7.486569232e-06
3842 7.484134179e-06
3843 7.481700552e-06
3844 7.479268348e-06
3845 7.476837568e-06
3846 7.474408209e-06
3847 7.471980271e-06
3848 7.469553752e-06
3849 7.467128651e-06
3850 7.464704966e-06
3851 7.462282698e-06
3852 7.459861844e-06
3853 7.457442403e-06
3854 7.455024374e-06
3855 7.452607757e-06
3856 7.450192548e-06
3857 7.447778749e-06
3858 7.445366356e-06
3859 7.44295537e-06
3860 7.440545789e-06
3861 7.438137612e-06
3862 7.435730837e-06
3863 7.433325463e-06
3864 7.43092149e-06
3865 7.428518916e-06
3866 7.42611774e-06
3867 7.42371796e-06
3868 7.421319576e-06
3869 7.418922587e-06
3870 7.41652699e-06
3871 7.414132786e-06
3872 7.411739973e-06
3873 7.409348549e-06
3874 7.406958513e-06
3875 7.404569865e-06
3876 7.402182604e-06
3877 7.399796727e-06
3878 7.397412234e-06
3879 7.395029124e-06
3880 7.392647395e-06
3881 7.390267047e-06
3882 7.387888078e-06
3883 7.385510487e-06
3884 7.383134273e-06
3885 7.380759435e-06
3886 7.378385972e-06
3887 7.376013882e-06
3888 7.373643164e-06
3889 7.371273818e-06
3890 7.368905841e-06
3891 7.366539234e-06
3892 7.364173994e-06
3893 7.361810121e-06
3894 7.359447613e-06
3895 7.35708647e-06
3896 7.35472669e-06
3897 7.352368272e-06
3898 7.350011215e-06
3899 7.347655517e-06
3900 7.345301179e-06
3901 7.342948197e-06
3902 7.340596573e-06
3903 7.338246303e-06
3904 7.335897388e-06
3905 7.333549826e-06
3906 7.331203615e-06
3907 7.328858756e-06
3908 7.326515246e-06
3909 7.324173084e-06
3910 7.32183227e-06
3911 7.319492802e-06
3912 7.31715468e-06
3913 7.314817901e-06
3914 7.312482466e-06
3915 7.310148372e-06
3916 7.307815619e-06
3917 7.305484205e-06
3918 7.30315413e-06
3919 7.300825393e-06
3920 7.298497991e-06
3921 7.296171925e-06
3922 7.293847193e-06
3923 7.291523794e-06
3924 7.289201726e-06
3925 7.28688099e-06
3926 7.284561583e-06
3927 7.282243504e-06
3928 7.279926753e-06
3929 7.277611329e-06
3930 7.275297229e-06
3931 7.272984454e-06
3932 7.270673002e-06
3933 7.268362871e-06
3934 7.266054062e-06
3935 7.263746572e-06
3936 7.261440401e-06
3937 7.259135548e-06
3938 7.256832011e-06
3939 7.25452979e-06
3940 7.252228883e-06
3941 7.249929289e-06
3942 7.247631008e-06
3943 7.245334037e-06
3944 7.243038377e-06
3945 7.240744025e-06
3946 7.238450981e-06
3947 7.236159245e-06
3948 7.233868813e-06
3949 7.231579687e-06
3950 7.229291864e-06
3951 7.227005343e-06
3952 7.224720124e-06
3953 7.222436206e-06
3954 7.220153586e-06
3955 7.217872265e-06
3956 7.215592241e-06
3957 7.213313513e-06
3958 7.21103608e-06
3959 7.208759941e-06
3960 7.206485095e-06
3961 7.20421154e-06
3962 7.201939277e-06
3963 7.199668303e-06
3964 7.197398618e-06
3965 7.19513022e-06
3966 7.192863109e-06
3967 7.190597284e-06
3968 7.188332743e-06
3969 7.186069485e-06
3970 7.18380751e-06
3971 7.181546816e-06
3972 7.179287402e-06
3973 7.177029267e-06
3974 7.174772411e-06
3975 7.172516831e-06
3976 7.170262528e-06
3977 7.1680095e-06
3978 7.165757745e-06
3979 7.163507264e-06
3980 7.161258055e-06
3981 7.159010116e-06
3982 7.156763447e-06
3983 7.154518047e-06
3984 7.152273915e-06
3985 7.150031049e-06
3986 7.14778945e-06
3987 7.145549114e-06
3988 7.143310043e-06
3989 7.141072234e-06
3990 7.138835686e-06
3991 7.1366004e-06
3992 7.134366372e-06
3993 7.132133603e-06
3994 7.129902092e-06
3995 7.127671837e-06
3996 7.125442837e-06
3997 7.123215092e-06
3998 7.120988601e-06
3999 7.118763361e-06
4000 7.116539373e-06
4001 7.114316635e-06
4002 7.112095147e-06
4003 7.109874907e-06
4004 7.107655914e-06
4005 7.105438168e-06
4006 7.103221666e-06
4007 7.101006409e-06
4008 7.098792395e-06
4009 7.096579624e-06
4010 7.094368094e-06
4011 7.092157804e-06
4012 7.089948753e-06
4013 7.08774094e-06
4014 7.085534365e-06
4015 7.083329025e-06
4016 7.081124921e-06
4017 7.078922052e-06
4018 7.076720415e-06
4019 7.074520011e-06
4020 7.072320838e-06
4021 7.070122895e-06
4022 7.067926181e-06
4023 7.065730696e-06
4024 7.063536438e-06
4025 7.061343406e-06
4026 7.059151599e-06
4027 7.056961017e-06
4028 7.054771658e-06
4029 7.052583521e-06
4030 7.050396606e-06
4031 7.04821091e-06
4032 7.046026435e-06
4033 7.043843177e-06
4034 7.041661137e-06
4035 7.039480314e-06
4036 7.037300706e-06
4037 7.035122312e-06
4038 7.032945132e-06
4039 7.030769164e-06
4040 7.028594408e-06
4041 7.026420863e-06
4042 7.024248527e-06
4043 7.022077399e-06
4044 7.019907479e-06
4045 7.017738766e-06
4046 7.015571259e-06
4047 7.013404956e-06
4048 7.011239857e-06
4049 7.009075961e-06
4050 7.006913267e-06
4051 7.004751773e-06
4052 7.00259148e-06
4053 7.000432385e-06
4054 6.998274489e-06
4055 6.996117789e-06
4056 6.993962286e-06
4057 6.991807977e-06
4058 6.989654863e-06
4059 6.987502942e-06
4060 6.985352213e-06
4061 6.983202675e-06
4062 6.981054328e-06
4063 6.97890717e-06
4064 6.976761201e-06
4065 6.974616419e-06
4066 6.972472824e-06
4067 6.970330414e-06
4068 6.968189189e-06
4069 6.966049147e-06
4070 6.963910288e-06
4071 6.961772611e-06
4072 6.959636115e-06
4073 6.957500799e-06
4074 6.955366662e-06
4075 6.953233703e-06
4076 6.95110192e-06
4077 6.948971315e-06
4078 6.946841884e-06
4079 6.944713627e-06
4080 6.942586544e-06
4081 6.940460634e-06
4082 6.938335894e-06
4083 6.936212326e-06
4084 6.934089927e-06
4085 6.931968696e-06
4086 6.929848634e-06
4087 6.927729738e-06
4088 6.925612008e-06
4089 6.923495443e-06
4090 6.921380042e-06
4091 6.919265805e-06
4092 6.917152729e-06
4093 6.915040815e-06
4094 6.912930061e-06
4095 6.910820467e-06
4096 6.908712031e-06
4097 6.906604752e-06
4098 6.904498631e-06
4099 6.902393665e-06
4100 6.900289854e-06
4101 6.898187197e-06
4102 6.896085692e-06
4103 6.89398534e-06
4104 6.89188614e-06
4105 6.889788089e-06
4106 6.887691188e-06
4107 6.885595435e-06
4108 6.88350083e-06
4109 6.881407372e-06
4110 6.879315059e-06
4111 6.877223891e-06
4112 6.875133867e-06
4113 6.873044986e-06
4114 6.870957247e-06
4115 6.86887065e-06
4116 6.866785193e-06
4117 6.864700875e-06
4118 6.862617695e-06
4119 6.860535654e-06
4120 6.858454749e-06
4121 6.85637498e-06
4122 6.854296345e-06
4123 6.852218845e-06
4124 6.850142478e-06
4125 6.848067243e-06
4126 6.84599314e-06
4127 6.843920167e-06
4128 6.841848324e-06
4129 6.839777609e-06
4130 6.837708022e-06
4131 6.835639562e-06
4132 6.833572228e-06
4133 6.83150602e-06
4134 6.829440935e-06
4135 6.827376974e-06
4136 6.825314135e-06
4137 6.823252418e-06
4138 6.821191822e-06
4139 6.819132346e-06
4140 6.817073988e-06
4141 6.815016749e-06
4142 6.812960627e-06
4143 6.810905621e-06
4144 6.808851731e-06
4145 6.806798955e-06
4146 6.804747293e-06
4147 6.802696744e-06
4148 6.800647307e-06
4149 6.798598981e-06
4150 6.796551765e-06
4151 6.794505658e-06
4152 6.792460661e-06
4153 6.79041677e-06
4154 6.788373987e-06
4155 6.786332309e-06
4156 6.784291736e-06
4157 6.782252268e-06
4158 6.780213903e-06
4159 6.77817664e-06
4160 6.776140479e-06
4161 6.774105419e-06
4162 6.772071458e-06
4163 6.770038597e-06
4164 6.768006834e-06
4165 6.765976168e-06
4166 6.763946598e-06
4167 6.761918124e-06
4168 6.759890745e-06
4169 6.757864459e-06
4170 6.755839267e-06
4171 6.753815167e-06
4172 6.751792158e-06
4173 6.749770239e-06
4174 6.747749411e-06
4175 6.745729671e-06
4176 6.743711019e-06
4177 6.741693454e-06
4178 6.739676975e-06
4179 6.737661581e-06
4180 6.735647273e-06
4181 6.733634047e-06
4182 6.731621905e-06
4183 6.729610845e-06
4184 6.727600866e-06
4185 6.725591967e-06
4186 6.723584148e-06
4187 6.721577408e-06
4188 6.719571745e-06
4189 6.717567159e-06
4190 6.71556365e-06
4191 6.713561215e-06
4192 6.711559856e-06
4193 6.70955957e-06
4194 6.707560356e-06
4195 6.705562215e-06
4196 6.703565145e-06
4197 6.701569145e-06
4198 6.699574215e-06
4199 6.697580353e-06
4200 6.69558756e-06
4201 6.693595833e-06
4202 6.691605173e-06
4203 6.689615578e-06
4204 6.687627047e-06
4205 6.68563958e-06
4206 6.683653176e-06
4207 6.681667835e-06
4208 6.679683554e-06
4209 6.677700334e-06
4210 6.675718174e-06
4211 6.673737072e-06
4212 6.671757028e-06
4213 6.669778042e-06
4214 6.667800112e-06
4215 6.665823237e-06
4216 6.663847417e-06
4217 6.661872652e-06
4218 6.659898939e-06
4219 6.657926278e-06
4220 6.655954669e-06
4221 6.653984111e-06
4222 6.652014603e-06
4223 6.650046143e-06
4224 6.648078732e-06
4225 6.646112369e-06
4226 6.644147052e-06
4227 6.642182781e-06
4228 6.640219555e-06
4229 6.638257373e-06
4230 6.636296234e-06
4231 6.634336139e-06
4232 6.632377085e-06
4233 6.630419072e-06
4234 6.628462099e-06
4235 6.626506166e-06
4236 6.624551271e-06
4237 6.622597415e-06
4238 6.620644595e-06
4239 6.618692812e-06
4240 6.616742064e-06
4241 6.61479235e-06
4242 6.612843671e-06
4243 6.610896024e-06
4244 6.60894941e-06
4245 6.607003828e-06
4246 6.605059276e-06
4247 6.603115754e-06
4248 6.601173261e-06
4249 6.599231797e-06
4250 6.59729136e-06
4251 6.59535195e-06
4252 6.593413566e-06
4253 6.591476207e-06
4254 6.589539872e-06
4255 6.587604562e-06
4256 6.585670274e-06
4257 6.583737008e-06
4258 6.581804763e-06
4259 6.579873539e-06
4260 6.577943335e-06
4261 6.576014149e-06
4262 6.574085982e-06
4263 6.572158832e-06
4264 6.570232699e-06
4265 6.568307582e-06
4266 6.56638348e-06
4267 6.564460392e-06
4268 6.562538318e-06
4269 6.560617256e-06
4270 6.558697207e-06
4271 6.556778168e-06
4272 6.554860141e-06
4273 6.552943122e-06
4274 6.551027113e-06
4275 6.549112112e-06
4276 6.547198118e-06
4277 6.545285131e-06
4278 6.54337315e-06
4279 6.541462174e-06
4280 6.539552202e-06
4281 6.537643234e-06
4282 6.535735269e-06
4283 6.533828306e-06
4284 6.531922344e-06
4285 6.530017382e-06
4286 6.528113421e-06
4287 6.526210458e-06
4288 6.524308494e-06
4289 6.522407527e-06
4290 6.520507557e-06
4291 6.518608582e-06
4292 6.516710603e-06
4293 6.514813619e-06
4294 6.512917628e-06
4295 6.511022631e-06
4296 6.509128625e-06
4297 6.507235611e-06
4298 6.505343588e-06
4299 6.503452555e-06
4300 6.501562511e-06
4301 6.499673455e-06
4302 6.497785387e-06
4303 6.495898306e-06
4304 6.494012212e-06
4305 6.492127103e-06
4306 6.490242979e-06
4307 6.488359838e-06
4308 6.486477681e-06
4309 6.484596507e-06
4310 6.482716314e-06
4311 6.480837102e-06
4312 6.478958871e-06
4313 6.477081619e-06
4314 6.475205347e-06
4315 6.473330052e-06
4316 6.471455734e-06
4317 6.469582394e-06
4318 6.467710029e-06
4319 6.465838639e-06
4320 6.463968224e-06
4321 6.462098782e-06
4322 6.460230314e-06
4323 6.458362817e-06
4324 6.456496292e-06
4325 6.454630738e-06
4326 6.452766154e-06
4327 6.450902539e-06
4328 6.449039893e-06
4329 6.447178215e-06
4330 6.445317504e-06
4331 6.443457759e-06
4332 6.44159898e-06
4333 6.439741166e-06
4334 6.437884316e-06
4335 6.436028429e-06
4336 6.434173506e-06
4337 6.432319544e-06
4338 6.430466544e-06
4339 6.428614504e-06
4340 6.426763425e-06
4341 6.424913304e-06
4342 6.423064142e-06
4343 6.421215938e-06
4344 6.419368691e-06
4345 6.4175224e-06
4346 6.415677065e-06
4347 6.413832684e-06
4348 6.411989258e-06
4349 6.410146786e-06
4350 6.408305266e-06
4351 6.406464698e-06
4352 6.404625081e-06
4353 6.402786415e-06
4354 6.400948699e-06
4355 6.399111932e-06
4356 6.397276114e-06
4357 6.395441244e-06
4358 6.39360732e-06
4359 6.391774343e-06
4360 6.389942312e-06
4361 6.388111225e-06
4362 6.386281083e-06
4363 6.384451884e-06
4364 6.382623629e-06
4365 6.380796315e-06
4366 6.378969943e-06
4367 6.377144512e-06
4368 6.37532002e-06
4369 6.373496468e-06
4370 6.371673855e-06
4371 6.36985218e-06
4372 6.368031442e-06
4373 6.36621164e-06
4374 6.364392774e-06
4375 6.362574844e-06
4376 6.360757848e-06
4377 6.358941786e-06
4378 6.357126657e-06
4379 6.35531246e-06
4380 6.353499195e-06
4381 6.351686861e-06
4382 6.349875457e-06
4383 6.348064983e-06
4384 6.346255438e-06
4385 6.344446822e-06
4386 6.342639132e-06
4387 6.34083237e-06
4388 6.339026534e-06
4389 6.337221623e-06
4390 6.335417638e-06
4391 6.333614576e-06
4392 6.331812438e-06
4393 6.330011222e-06
4394 6.328210929e-06
4395 6.326411557e-06
4396 6.324613106e-06
4397 6.322815575e-06
4398 6.321018963e-06
4399 6.31922327e-06
4400 6.317428495e-06
4401 6.315634638e-06
4402 6.313841697e-06
4403 6.312049672e-06
4404 6.310258562e-06
4405 6.308468367e-06
4406 6.306679086e-06
4407 6.304890718e-06
4408 6.303103263e-06
4409 6.30131672e-06
4410 6.299531088e-06
4411 6.297746366e-06
4412 6.295962555e-06
4413 6.294179653e-06
4414 6.292397659e-06
4415 6.290616573e-06
4416 6.288836395e-06
4417 6.287057123e-06
4418 6.285278757e-06
4419 6.283501296e-06
4420 6.28172474e-06
4421 6.279949088e-06
4422 6.278174339e-06
4423 6.276400493e-06
4424 6.274627549e-06
4425 6.272855505e-06
4426 6.271084363e-06
4427 6.26931412e-06
4428 6.267544777e-06
4429 6.265776332e-06
4430 6.264008786e-06
4431 6.262242136e-06
4432 6.260476383e-06
4433 6.258711527e-06
4434 6.256947565e-06
4435 6.255184499e-06
4436 6.253422326e-06
4437 6.251661046e-06
4438 6.24990066e-06
4439 6.248141165e-06
4440 6.246382562e-06
4441 6.24462485e-06
4442 6.242868027e-06
4443 6.241112095e-06
4444 6.239357051e-06
4445 6.237602895e-06
4446 6.235849626e-06
4447 6.234097245e-06
4448 6.23234575e-06
4449 6.23059514e-06
4450 6.228845415e-06
4451 6.227096574e-06
4452 6.225348617e-06
4453 6.223601544e-06
4454 6.221855352e-06
4455 6.220110042e-06
4456 6.218365613e-06
4457 6.216622065e-06
4458 6.214879396e-06
4459 6.213137606e-06
4460 6.211396695e-06
4461 6.209656662e-06
4462 6.207917506e-06
4463 6.206179227e-06
4464 6.204441823e-06
4465 6.202705295e-06
4466 6.200969641e-06
4467 6.199234862e-06
4468 6.197500955e-06
4469 6.195767922e-06
4470 6.194035761e-06
4471 6.192304471e-06
4472 6.190574052e-06
4473 6.188844503e-06
4474 6.187115824e-06
4475 6.185388013e-06
4476 6.183661071e-06
4477 6.181934997e-06
4478 6.18020979e-06
4479 6.178485449e-06
4480 6.176761974e-06
4481 6.175039364e-06
4482 6.173317619e-06
4483 6.171596738e-06
4484 6.16987672e-06
4485 6.168157564e-06
4486 6.166439271e-06
4487 6.164721839e-06
4488 6.163005268e-06
4489 6.161289557e-06
4490 6.159574706e-06
4491 6.157860713e-06
4492 6.156147579e-06
4493 6.154435303e-06
4494 6.152723883e-06
4495 6.15101332e-06
4496 6.149303613e-06
4497 6.147594761e-06
4498 6.145886764e-06
4499 6.144179621e-06
4500 6.142473331e-06
4501 6.140767893e-06
4502 6.139063308e-06
4503 6.137359575e-06
4504 6.135656692e-06
4505 6.13395466e-06
4506 6.132253477e-06
4507 6.130553143e-06
4508 6.128853658e-06
4509 6.12715502e-06
4510 6.12545723e-06
4511 6.123760287e-06
4512 6.122064189e-06
4513 6.120368937e-06
4514 6.11867453e-06
4515 6.116980966e-06
4516 6.115288247e-06
4517 6.11359637e-06
4518 6.111905336e-06
4519 6.110215143e-06
4520 6.108525792e-06
4521 6.106837281e-06
4522 6.10514961e-06
4523 6.103462778e-06
4524 6.101776785e-06
4525 6.100091631e-06
4526 6.098407314e-06
4527 6.096723833e-06
4528 6.095041189e-06
4529 6.093359381e-06
4530 6.091678408e-06
4531 6.089998269e-06
4532 6.088318965e-06
4533 6.086640493e-06
4534 6.084962855e-06
4535 6.083286048e-06
4536 6.081610074e-06
4537 6.07993493e-06
4538 6.078260616e-06
4539 6.076587132e-06
4540 6.074914478e-06
4541 6.073242652e-06
4542 6.071571653e-06
4543 6.069901483e-06
4544 6.068232139e-06
4545 6.066563621e-06
4546 6.064895929e-06
4547 6.063229062e-06
4548 6.061563019e-06
4549 6.0598978e-06
4550 6.058233405e-06
4551 6.056569832e-06
4552 6.054907081e-06
4553 6.053245152e-06
4554 6.051584043e-06
4555 6.049923755e-06
4556 6.048264287e-06
4557 6.046605638e-06
4558 6.044947807e-06
4559 6.043290794e-06
4560 6.041634599e-06
4561 6.039979221e-06
4562 6.038324659e-06
4563 6.036670912e-06
4564 6.035017981e-06
4565 6.033365864e-06
4566 6.031714561e-06
4567 6.030064071e-06
4568 6.028414394e-06
4569 6.026765529e-06
4570 6.025117476e-06
4571 6.023470234e-06
4572 6.021823803e-06
4573 6.020178181e-06
4574 6.018533368e-06
4575 6.016889364e-06
4576 6.015246169e-06
4577 6.013603781e-06
4578 6.0119622e-06
4579 6.010321425e-06
4580 6.008681457e-06
4581 6.007042293e-06
4582 6.005403934e-06
4583 6.00376638e-06
4584 6.002129629e-06
4585 6.000493681e-06
4586 5.998858535e-06
4587 5.997224191e-06
4588 5.995590649e-06
4589 5.993957907e-06
4590 5.992325966e-06
4591 5.990694824e-06
4592 5.989064481e-06
4593 5.987434937e-06
4594 5.98580619e-06
4595 5.984178241e-06
4596 5.982551089e-06
4597 5.980924733e-06
4598 5.979299172e-06
4599 5.977674407e-06
4600 5.976050436e-06
4601 5.974427259e-06
4602 5.972804876e-06
4603 5.971183285e-06
4604 5.969562487e-06
4605 5.96794248e-06
4606 5.966323264e-06
4607 5.96470484e-06
4608 5.963087205e-06
4609 5.961470359e-06
4610 5.959854303e-06
4611 5.958239035e-06
4612 5.956624555e-06
4613 5.955010862e-06
4614 5.953397956e-06
4615 5.951785836e-06
4616 5.950174501e-06
4617 5.948563952e-06
4618 5.946954187e-06
4619 5.945345206e-06
4620 5.943737009e-06
4621 5.942129594e-06
4622 5.940522962e-06
4623 5.938917112e-06
4624 5.937312042e-06
4625 5.935707753e-06
4626 5.934104245e-06
4627 5.932501516e-06
4628 5.930899566e-06
4629 5.929298394e-06
4630 5.927698001e-06
4631 5.926098384e-06
4632 5.924499545e-06
4633 5.922901482e-06
4634 5.921304194e-06
4635 5.919707682e-06
4636 5.918111945e-06
4637 5.916516981e-06
4638 5.914922791e-06
4639 5.913329374e-06
4640 5.91173673e-06
4641 5.910144858e-06
4642 5.908553756e-06
4643 5.906963426e-06
4644 5.905373866e-06
4645 5.903785076e-06
4646 5.902197056e-06
4647 5.900609803e-06
4648 5.899023319e-06
4649 5.897437603e-06
4650 5.895852654e-06
4651 5.894268471e-06
4652 5.892685055e-06
4653 5.891102403e-06
4654 5.889520517e-06
4655 5.887939395e-06
4656 5.886359038e-06
4657 5.884779443e-06
4658 5.883200611e-06
4659 5.881622542e-06
4660 5.880045234e-06
4661 5.878468688e-06
4662 5.876892902e-06
4663 5.875317876e-06
4664 5.873743611e-06
4665 5.872170104e-06
4666 5.870597356e-06
4667 5.869025365e-06
4668 5.867454133e-06
4669 5.865883657e-06
4670 5.864313938e-06
4671 5.862744975e-06
4672 5.861176767e-06
4673 5.859609314e-06
4674 5.858042615e-06
4675 5.856476671e-06
4676 5.854911479e-06
4677 5.853347041e-06
4678 5.851783354e-06
4679 5.85022042e-06
4680 5.848658236e-06
4681 5.847096804e-06
4682 5.845536121e-06
4683 5.843976188e-06
4684 5.842417005e-06
4685 5.84085857e-06
4686 5.839300883e-06
4687 5.837743944e-06
4688 5.836187751e-06
4689 5.834632306e-06
4690 5.833077606e-06
4691 5.831523652e-06
4692 5.829970443e-06
4693 5.828417978e-06
4694 5.826866257e-06
4695 5.82531528e-06
4696 5.823765046e-06
4697 5.822215554e-06
4698 5.820666804e-06
4699 5.819118796e-06
4700 5.817571528e-06
4701 5.816025001e-06
4702 5.814479214e-06
4703 5.812934166e-06
4704 5.811389856e-06
4705 5.809846286e-06
4706 5.808303452e-06
4707 5.806761357e-06
4708 5.805219998e-06
4709 5.803679375e-06
4710 5.802139489e-06
4711 5.800600337e-06
4712 5.79906192e-06
4713 5.797524238e-06
4714 5.795987289e-06
4715 5.794451074e-06
4716 5.792915591e-06
4717 5.79138084e-06
4718 5.789846822e-06
4719 5.788313534e-06
4720 5.786780978e-06
4721 5.785249151e-06
4722 5.783718054e-06
4723 5.782187687e-06
4724 5.780658048e-06
4725 5.779129137e-06
4726 5.777600955e-06
4727 5.776073499e-06
4728 5.77454677e-06
4729 5.773020767e-06
4730 5.77149549e-06
4731 5.769970939e-06
4732 5.768447112e-06
4733 5.766924009e-06
4734 5.76540163e-06
4735 5.763879974e-06
4736 5.762359041e-06
4737 5.76083883e-06
4738 5.759319341e-06
4739 5.757800573e-06
4740 5.756282526e-06
4741 5.7547652e-06
4742 5.753248593e-06
4743 5.751732705e-06
4744 5.750217536e-06
4745 5.748703085e-06
4746 5.747189353e-06
4747 5.745676337e-06
4748 5.744164038e-06
4749 5.742652456e-06
4750 5.74114159e-06
4751 5.739631438e-06
4752 5.738122002e-06
4753 5.73661328e-06
4754 5.735105272e-06
4755 5.733597978e-06
4756 5.732091396e-06
4757 5.730585527e-06
4758 5.729080369e-06
4759 5.727575923e-06
4760 5.726072189e-06
4761 5.724569164e-06
4762 5.72306685e-06
4763 5.721565245e-06
4764 5.720064349e-06
4765 5.718564162e-06
4766 5.717064682e-06
4767 5.715565911e-06
4768 5.714067846e-06
4769 5.712570488e-06
4770 5.711073836e-06
4771 5.70957789e-06
4772 5.708082649e-06
4773 5.706588112e-06
4774 5.70509428e-06
4775 5.703601152e-06
4776 5.702108727e-06
4777 5.700617004e-06
4778 5.699125984e-06
4779 5.697635666e-06
4780 5.696146049e-06
4781 5.694657133e-06
4782 5.693168918e-06
4783 5.691681402e-06
4784 5.690194586e-06
4785 5.688708468e-06
4786 5.68722305e-06
4787 5.685738329e-06
4788 5.684254305e-06
4789 5.682770979e-06
4790 5.68128835e-06
4791 5.679806416e-06
4792 5.678325178e-06
4793 5.676844636e-06
4794 5.675364788e-06
4795 5.673885634e-06
4796 5.672407174e-06
4797 5.670929408e-06
4798 5.669452334e-06
4799 5.667975952e-06
4800 5.666500263e-06
4801 5.665025265e-06
4802 5.663550958e-06
4803 5.662077341e-06
4804 5.660604414e-06
4805 5.659132177e-06
4806 5.657660629e-06
4807 5.65618977e-06
4808 5.654719599e-06
4809 5.653250115e-06
4810 5.651781319e-06
4811 5.650313209e-06
4812 5.648845786e-06
4813 5.647379049e-06
4814 5.645912996e-06
4815 5.644447629e-06
4816 5.642982947e-06
4817 5.641518948e-06
4818 5.640055633e-06
4819 5.638593001e-06
4820 5.637131051e-06
4821 5.635669784e-06
4822 5.634209198e-06
4823 5.632749294e-06
4824 5.63129007e-06
4825 5.629831527e-06
4826 5.628373663e-06
4827 5.626916479e-06
4828 5.625459974e-06
4829 5.624004147e-06
4830 5.622548999e-06
4831 5.621094527e-06
4832 5.619640733e-06
4833 5.618187616e-06
4834 5.616735175e-06
4835 5.61528341e-06
4836 5.613832319e-06
4837 5.612381904e-06
4838 5.610932163e-06
4839 5.609483096e-06
4840 5.608034703e-06
4841 5.606586982e-06
4842 5.605139935e-06
4843 5.603693559e-06
4844 5.602247855e-06
4845 5.600802822e-06
4846 5.59935846e-06
4847 5.597914768e-06
4848 5.596471746e-06
4849 5.595029394e-06
4850 5.59358771e-06
4851 5.592146695e-06
4852 5.590706348e-06
4853 5.589266669e-06
4854 5.587827657e-06
4855 5.586389312e-06
4856 5.584951633e-06
4857 5.58351462e-06
4858 5.582078272e-06
4859 5.580642589e-06
4860 5.579207571e-06
4861 5.577773217e-06
4862 5.576339526e-06
4863 5.574906499e-06
4864 5.573474134e-06
4865 5.572042432e-06
4866 5.570611391e-06
4867 5.569181012e-06
4868 5.567751294e-06
4869 5.566322236e-06
4870 5.564893839e-06
4871 5.563466101e-06
4872 5.562039022e-06
4873 5.560612603e-06
4874 5.559186841e-06
4875 5.557761737e-06
4876 5.556337291e-06
4877 5.554913502e-06
4878 5.553490369e-06
4879 5.552067893e-06
4880 5.550646072e-06
4881 5.549224907e-06
4882 5.547804396e-06
4883 5.54638454e-06
4884 5.544965337e-06
4885 5.543546789e-06
4886 5.542128893e-06
4887 5.54071165e-06
4888 5.539295059e-06
4889 5.53787912e-06
4890 5.536463832e-06
4891 5.535049196e-06
4892 5.533635209e-06
4893 5.532221873e-06
4894 5.530809187e-06
4895 5.529397149e-06
4896 5.527985761e-06
4897 5.52657502e-06
4898 5.525164928e-06
4899 5.523755483e-06
4900 5.522346685e-06
4901 5.520938534e-06
4902 5.519531029e-06
4903 5.51812417e-06
4904 5.516717956e-06
4905 5.515312387e-06
4906 5.513907462e-06
4907 5.512503182e-06
4908 5.511099545e-06
4909 5.509696551e-06
4910 5.5082942e-06
4911 5.506892492e-06
4912 5.505491425e-06
4913 5.504091e-06
4914 5.502691216e-06
4915 5.501292072e-06
4916 5.499893569e-06
4917 5.498495706e-06
4918 5.497098482e-06
4919 5.495701897e-06
4920 5.49430595e-06
4921 5.492910642e-06
4922 5.491515971e-06
4923 5.490121937e-06
4924 5.488728541e-06
4925 5.487335781e-06
4926 5.485943657e-06
4927 5.484552168e-06
4928 5.483161315e-06
4929 5.481771096e-06
4930 5.480381512e-06
4931 5.478992561e-06
4932 5.477604244e-06
4933 5.476216561e-06
4934 5.47482951e-06
4935 5.473443091e-06
4936 5.472057304e-06
4937 5.470672148e-06
4938 5.469287623e-06
4939 5.467903729e-06
4940 5.466520465e-06
4941 5.465137831e-06
4942 5.463755827e-06
4943 5.462374451e-06
4944 5.460993703e-06
4945 5.459613584e-06
4946 5.458234093e-06
4947 5.456855229e-06
4948 5.455476991e-06
4949 5.45409938e-06
4950 5.452722395e-06
4951 5.451346036e-06
4952 5.449970302e-06
4953 5.448595193e-06
4954 5.447220708e-06
4955 5.445846847e-06
4956 5.44447361e-06
4957 5.443100996e-06
4958 5.441729005e-06
4959 5.440357636e-06
4960 5.438986889e-06
4961 5.437616763e-06
4962 5.436247259e-06
4963 5.434878376e-06
4964 5.433510112e-06
4965 5.432142469e-06
4966 5.430775445e-06
4967 5.429409041e-06
4968 5.428043255e-06
4969 5.426678087e-06
4970 5.425313537e-06
4971 5.423949605e-06
4972 5.42258629e-06
4973 5.421223591e-06
4974 5.419861509e-06
4975 5.418500042e-06
4976 5.417139192e-06
4977 5.415778956e-06
4978 5.414419335e-06
4979 5.413060328e-06
4980 5.411701935e-06
4981 5.410344155e-06
4982 5.408986989e-06
4983 5.407630435e-06
4984 5.406274493e-06
4985 5.404919164e-06
4986 5.403564445e-06
4987 5.402210338e-06
4988 5.400856842e-06
4989 5.399503956e-06
4990 5.398151679e-06
4991 5.396800013e-06
4992 5.395448955e-06
4993 5.394098506e-06
4994 5.392748665e-06
4995 5.391399432e-06
4996 5.390050807e-06
4997 5.388702789e-06
4998 5.387355377e-06
4999 5.386008572e-06
5000 5.384662373e-06
5001 5.383316779e-06
5002 5.381971791e-06
5003 5.380627407e-06
5004 5.379283627e-06
5005 5.377940452e-06
5006 5.37659788e-06
5007 5.375255911e-06
5008 5.373914545e-06
5009 5.372573782e-06
5010 5.37123362e-06
5011 5.36989406e-06
5012 5.368555101e-06
5013 5.367216743e-06
5014 5.365878986e-06
5015 5.364541829e-06
5016 5.363205271e-06
5017 5.361869312e-06
5018 5.360533953e-06
5019 5.359199192e-06
5020 5.357865029e-06
5021 5.356531463e-06
5022 5.355198496e-06
5023 5.353866125e-06
5024 5.35253435e-06
5025 5.351203172e-06
5026 5.34987259e-06
5027 5.348542603e-06
5028 5.347213211e-06
5029 5.345884414e-06
5030 5.344556211e-06
5031 5.343228601e-06
5032 5.341901586e-06
5033 5.340575163e-06
5034 5.339249333e-06
5035 5.337924096e-06
5036 5.33659945e-06
5037 5.335275396e-06
5038 5.333951934e-06
5039 5.332629062e-06
5040 5.33130678e-06
5041 5.329985089e-06
5042 5.328663987e-06
5043 5.327343474e-06
5044 5.326023551e-06
5045 5.324704216e-06
5046 5.323385469e-06
5047 5.32206731e-06
5048 5.320749738e-06
5049 5.319432754e-06
5050 5.318116356e-06
5051 5.316800544e-06
5052 5.315485318e-06
5053 5.314170678e-06
5054 5.312856622e-06
5055 5.311543152e-06
5056 5.310230266e-06
5057 5.308917964e-06
5058 5.307606245e-06
5059 5.30629511e-06
5060 5.304984558e-06
5061 5.303674588e-06
5062 5.302365201e-06
5063 5.301056395e-06
5064 5.29974817e-06
5065 5.298440527e-06
5066 5.297133464e-06
5067 5.295826981e-06
5068 5.294521079e-06
5069 5.293215756e-06
5070 5.291911012e-06
5071 5.290606847e-06
5072 5.28930326e-06
5073 5.288000251e-06
5074 5.28669782e-06
5075 5.285395966e-06
5076 5.28409469e-06
5077 5.282793989e-06
5078 5.281493865e-06
5079 5.280194317e-06
5080 5.278895344e-06
5081 5.277596947e-06
5082 5.276299124e-06
5083 5.275001875e-06
5084 5.273705201e-06
5085 5.2724091e-06
5086 5.271113572e-06
5087 5.269818617e-06
5088 5.268524235e-06
5089 5.267230425e-06
5090 5.265937186e-06
5091 5.26464452e-06
5092 5.263352424e-06
5093 5.262060899e-06
5094 5.260769944e-06
5095 5.259479559e-06
5096 5.258189744e-06
5097 5.256900498e-06
5098 5.255611821e-06
5099 5.254323712e-06
5100 5.253036172e-06
5101 5.251749199e-06
5102 5.250462794e-06
5103 5.249176956e-06
5104 5.247891684e-06
5105 5.246606979e-06
5106 5.24532284e-06
5107 5.244039267e-06
5108 5.242756259e-06
5109 5.241473815e-06
5110 5.240191937e-06
5111 5.238910622e-06
5112 5.237629871e-06
5113 5.236349684e-06
5114 5.23507006e-06
5115 5.233790999e-06
5116 5.2325125e-06
5117 5.231234563e-06
5118 5.229957188e-06
5119 5.228680374e-06
5120 5.227404121e-06
5121 5.226128429e-06
5122 5.224853297e-06
5123 5.223578725e-06
5124 5.222304712e-06
5125 5.221031259e-06
5126 5.219758365e-06
5127 5.218486029e-06
5128 5.217214251e-06
5129 5.215943031e-06
5130 5.214672368e-06
5131 5.213402263e-06
5132 5.212132714e-06
5133 5.210863721e-06
5134 5.209595285e-06
5135 5.208327404e-06
5136 5.207060079e-06
5137 5.205793308e-06
5138 5.204527092e-06
5139 5.203261431e-06
5140 5.201996323e-06
5141 5.200731769e-06
5142 5.199467768e-06
5143 5.19820432e-06
5144 5.196941424e-06
5145 5.195679081e-06
5146 5.194417289e-06
5147 5.193156049e-06
5148 5.19189536e-06
5149 5.190635222e-06
5150 5.189375634e-06
5151 5.188116597e-06
5152 5.186858109e-06
5153 5.18560017e-06
5154 5.184342781e-06
5155 5.18308594e-06
5156 5.181829647e-06
5157 5.180573903e-06
5158 5.179318706e-06
5159 5.178064056e-06
5160 5.176809954e-06
5161 5.175556398e-06
5162 5.174303388e-06
5163 5.173050925e-06
5164 5.171799006e-06
5165 5.170547634e-06
5166 5.169296806e-06
5167 5.168046522e-06
5168 5.166796783e-06
5169 5.165547588e-06
5170 5.164298936e-06
5171 5.163050827e-06
5172 5.161803262e-06
5173 5.160556238e-06
5174 5.159309757e-06
5175 5.158063818e-06
5176 5.15681842e-06
5177 5.155573564e-06
5178 5.154329248e-06
5179 5.153085473e-06
5180 5.151842237e-06
5181 5.150599542e-06
5182 5.149357386e-06
5183 5.148115769e-06
5184 5.146874691e-06
5185 5.145634152e-06
5186 5.14439415e-06
5187 5.143154687e-06
5188 5.14191576e-06
5189 5.140677371e-06
5190 5.139439519e-06
5191 5.138202203e-06
5192 5.136965423e-06
5193 5.135729179e-06
5194 5.13449347e-06
5195 5.133258296e-06
5196 5.132023657e-06
5197 5.130789553e-06
5198 5.129555982e-06
5199 5.128322946e-06
5200 5.127090442e-06
5201 5.125858472e-06
5202 5.124627035e-06
5203 5.123396129e-06
5204 5.122165756e-06
5205 5.120935915e-06
5206 5.119706605e-06
5207 5.118477827e-06
5208 5.117249579e-06
5209 5.116021861e-06
5210 5.114794674e-06
5211 5.113568016e-06
5212 5.112341888e-06
5213 5.111116289e-06
5214 5.109891218e-06
5215 5.108666676e-06
5216 5.107442662e-06
5217 5.106219176e-06
5218 5.104996218e-06
5219 5.103773786e-06
5220 5.102551881e-06
5221 5.101330503e-06
5222 5.100109651e-06
5223 5.098889325e-06
5224 5.097669524e-06
5225 5.096450248e-06
5226 5.095231497e-06
5227 5.094013271e-06
5228 5.092795569e-06
5229 5.091578391e-06
5230 5.090361736e-06
5231 5.089145605e-06
5232 5.087929996e-06
5233 5.08671491e-06
5234 5.085500346e-06
5235 5.084286304e-06
5236 5.083072784e-06
5237 5.081859785e-06
5238 5.080647306e-06
5239 5.079435349e-06
5240 5.078223911e-06
5241 5.077012994e-06
5242 5.075802597e-06
5243 5.074592718e-06
5244 5.073383359e-06
5245 5.072174518e-06
5246 5.070966196e-06
5247 5.069758392e-06
5248 5.068551105e-06
5249 5.067344336e-06
5250 5.066138084e-06
5251 5.064932349e-06
5252 5.06372713e-06
5253 5.062522427e-06
5254 5.06131824e-06
5255 5.060114568e-06
5256 5.058911412e-06
5257 5.057708771e-06
5258 5.056506644e-06
5259 5.055305031e-06
5260 5.054103932e-06
5261 5.052903347e-06
5262 5.051703275e-06
5263 5.050503716e-06
5264 5.049304669e-06
5265 5.048106135e-06
5266 5.046908113e-06
5267 5.045710602e-06
5268 5.044513603e-06
5269 5.043317115e-06
5270 5.042121138e-06
5271 5.040925671e-06
5272 5.039730714e-06
5273 5.038536267e-06
5274 5.037342329e-06
5275 5.0361489e-06
5276 5.034955981e-06
5277 5.03376357e-06
5278 5.032571667e-06
5279 5.031380272e-06
5280 5.030189384e-06
5281 5.028999004e-06
5282 5.027809131e-06
5283 5.026619764e-06
5284 5.025430904e-06
5285 5.02424255e-06
5286 5.023054702e-06
5287 5.021867359e-06
5288 5.020680521e-06
5289 5.019494188e-06
5290 5.018308359e-06
5291 5.017123034e-06
5292 5.015938214e-06
5293 5.014753897e-06
5294 5.013570083e-06
5295 5.012386772e-06
5296 5.011203964e-06
5297 5.010021658e-06
5298 5.008839854e-06
5299 5.007658551e-06
5300 5.00647775e-06
5301 5.005297451e-06
5302 5.004117651e-06
5303 5.002938353e-06
5304 5.001759555e-06
5305 5.000581256e-06
5306 4.999403457e-06
5307 4.998226157e-06
5308 4.997049356e-06
5309 4.995873054e-06
5310 4.99469725e-06
5311 4.993521944e-06
5312 4.992347136e-06
5313 4.991172826e-06
5314 4.989999012e-06
5315 4.988825695e-06
5316 4.987652875e-06
5317 4.986480551e-06
5318 4.985308723e-06
5319 4.98413739e-06
5320 4.982966553e-06
5321 4.98179621e-06
5322 4.980626363e-06
5323 4.979457009e-06
5324 4.97828815e-06
5325 4.977119785e-06
5326 4.975951913e-06
5327 4.974784534e-06
5328 4.973617648e-06
5329 4.972451255e-06
5330 4.971285354e-06
5331 4.970119945e-06
5332 4.968955028e-06
5333 4.967790602e-06
5334 4.966626667e-06
5335 4.965463223e-06
5336 4.964300269e-06
5337 4.963137805e-06
5338 4.961975832e-06
5339 4.960814348e-06
5340 4.959653353e-06
5341 4.958492847e-06
5342 4.95733283e-06
5343 4.956173302e-06
5344 4.955014261e-06
5345 4.953855708e-06
5346 4.952697643e-06
5347 4.951540065e-06
5348 4.950382974e-06
5349 4.94922637e-06
5350 4.948070251e-06
5351 4.946914619e-06
5352 4.945759473e-06
5353 4.944604812e-06
5354 4.943450636e-06
5355 4.942296945e-06
5356 4.941143738e-06
5357 4.939991016e-06
5358 4.938838778e-06
5359 4.937687023e-06
5360 4.936535752e-06
5361 4.935384964e-06
5362 4.934234659e-06
5363 4.933084836e-06
5364 4.931935495e-06
5365 4.930786637e-06
5366 4.92963826e-06
5367 4.928490364e-06
5368 4.927342949e-06
5369 4.926196015e-06
5370 4.925049562e-06
5371 4.923903588e-06
5372 4.922758095e-06
5373 4.921613081e-06
5374 4.920468546e-06
5375 4.919324491e-06
5376 4.918180914e-06
5377 4.917037816e-06
5378 4.915895195e-06
5379 4.914753053e-06
5380 4.913611388e-06
5381 4.912470201e-06
5382 4.91132949e-06
5383 4.910189256e-06
5384 4.909049499e-06
5385 4.907910217e-06
5386 4.906771412e-06
5387 4.905633082e-06
5388 4.904495227e-06
5389 4.903357847e-06
5390 4.902220942e-06
5391 4.901084511e-06
5392 4.899948555e-06
5393 4.898813072e-06
5394 4.897678063e-06
5395 4.896543527e-06
5396 4.895409464e-06
5397 4.894275874e-06
5398 4.893142756e-06
5399 4.89201011e-06
5400 4.890877937e-06
5401 4.889746234e-06
5402 4.888615003e-06
5403 4.887484243e-06
5404 4.886353954e-06
5405 4.885224135e-06
5406 4.884094786e-06
5407 4.882965907e-06
5408 4.881837498e-06
5409 4.880709558e-06
5410 4.879582087e-06
5411 4.878455084e-06
5412 4.87732855e-06
5413 4.876202485e-06
5414 4.875076887e-06
5415 4.873951756e-06
5416 4.872827093e-06
5417 4.871702898e-06
5418 4.870579168e-06
5419 4.869455906e-06
5420 4.868333109e-06
5421 4.867210779e-06
5422 4.866088914e-06
5423 4.864967514e-06
5424 4.86384658e-06
5425 4.86272611e-06
5426 4.861606105e-06
5427 4.860486564e-06
5428 4.859367488e-06
5429 4.858248874e-06
5430 4.857130725e-06
5431 4.856013038e-06
5432 4.854895814e-06
5433 4.853779053e-06
5434 4.852662754e-06
5435 4.851546917e-06
5436 4.850431542e-06
5437 4.849316629e-06
5438 4.848202176e-06
5439 4.847088185e-06
5440 4.845974654e-06
5441 4.844861584e-06
5442 4.843748974e-06
5443 4.842636823e-06
5444 4.841525132e-06
5445 4.8404139e-06
5446 4.839303128e-06
5447 4.838192814e-06
5448 4.837082959e-06
5449 4.835973561e-06
5450 4.834864622e-06
5451 4.83375614e-06
5452 4.832648116e-06
5453 4.831540549e-06
5454 4.830433438e-06
5455 4.829326784e-06
5456 4.828220587e-06
5457 4.827114845e-06
5458 4.826009559e-06
5459 4.824904729e-06
5460 4.823800354e-06
5461 4.822696434e-06
5462 4.821592968e-06
5463 4.820489957e-06
5464 4.8193874e-06
5465 4.818285296e-06
5466 4.817183647e-06
5467 4.81608245e-06
5468 4.814981707e-06
5469 4.813881416e-06
5470 4.812781578e-06
5471 4.811682192e-06
5472 4.810583258e-06
5473 4.809484776e-06
5474 4.808386745e-06
5475 4.807289166e-06
5476 4.806192037e-06
5477 4.805095359e-06
5478 4.803999131e-06
5479 4.802903353e-06
5480 4.801808025e-06
5481 4.800713147e-06
5482 4.799618718e-06
5483 4.798524738e-06
5484 4.797431207e-06
5485 4.796338124e-06
5486 4.795245489e-06
5487 4.794153302e-06
5488 4.793061563e-06
5489 4.791970272e-06
5490 4.790879428e-06
5491 4.78978903e-06
5492 4.788699079e-06
5493 4.787609575e-06
5494 4.786520516e-06
5495 4.785431904e-06
5496 4.784343737e-06
5497 4.783256015e-06
5498 4.782168739e-06
5499 4.781081907e-06
5500 4.779995519e-06
5501 4.778909576e-06
5502 4.777824077e-06
5503 4.776739022e-06
5504 4.77565441e-06
5505 4.774570242e-06
5506 4.773486516e-06
5507 4.772403233e-06
5508 4.771320392e-06
5509 4.770237994e-06
5510 4.769156037e-06
5511 4.768074523e-06
5512 4.766993449e-06
5513 4.765912817e-06
5514 4.764832625e-06
5515 4.763752874e-06
5516 4.762673564e-06
5517 4.761594693e-06
5518 4.760516263e-06
5519 4.759438272e-06
5520 4.75836072e-06
5521 4.757283607e-06
5522 4.756206933e-06
5523 4.755130698e-06
5524 4.754054901e-06
5525 4.752979542e-06
5526 4.751904621e-06
5527 4.750830137e-06
5528 4.74975609e-06
5529 4.748682481e-06
5530 4.747609308e-06
5531 4.746536572e-06
5532 4.745464271e-06
5533 4.744392407e-06
5534 4.743320979e-06
5535 4.742249986e-06
5536 4.741179428e-06
5537 4.740109305e-06
5538 4.739039617e-06
5539 4.737970363e-06
5540 4.736901543e-06
5541 4.735833158e-06
5542 4.734765206e-06
5543 4.733697687e-06
5544 4.732630602e-06
5545 4.731563949e-06
5546 4.730497729e-06
5547 4.729431942e-06
5548 4.728366587e-06
5549 4.727301663e-06
5550 4.726237171e-06
5551 4.725173111e-06
5552 4.724109482e-06
5553 4.723046283e-06
5554 4.721983515e-06
5555 4.720921178e-06
5556 4.719859271e-06
5557 4.718797793e-06
5558 4.717736746e-06
5559 4.716676127e-06
5560 4.715615938e-06
5561 4.714556177e-06
5562 4.713496846e-06
5563 4.712437942e-06
5564 4.711379467e-06
5565 4.71032142e-06
5566 4.7092638e-06
5567 4.708206607e-06
5568 4.707149842e-06
5569 4.706093503e-06
5570 4.705037592e-06
5571 4.703982106e-06
5572 4.702927047e-06
5573 4.701872413e-06
5574 4.700818205e-06
5575 4.699764423e-06
5576 4.698711066e-06
5577 4.697658133e-06
5578 4.696605625e-06
5579 4.695553542e-06
5580 4.694501883e-06
5581 4.693450647e-06
5582 4.692399836e-06
5583 4.691349447e-06
5584 4.690299482e-06
5585 4.68924994e-06
5586 4.68820082e-06
5587 4.687152123e-06
5588 4.686103848e-06
5589 4.685055995e-06
5590 4.684008563e-06
5591 4.682961553e-06
5592 4.681914965e-06
5593 4.680868797e-06
5594 4.67982305e-06
5595 4.678777723e-06
5596 4.677732816e-06
5597 4.67668833e-06
5598 4.675644263e-06
5599 4.674600616e-06
5600 4.673557388e-06
5601 4.672514579e-06
5602 4.671472188e-06
5603 4.670430217e-06
5604 4.669388663e-06
5605 4.668347528e-06
5606 4.66730681e-06
5607 4.66626651e-06
5608 4.665226627e-06
5609 4.664187161e-06
5610 4.663148112e-06
5611 4.662109479e-06
5612 4.661071263e-06
5613 4.660033463e-06
5614 4.658996079e-06
5615 4.657959111e-06
5616 4.656922557e-06
5617 4.655886419e-06
5618 4.654850696e-06
5619 4.653815388e-06
5620 4.652780494e-06
5621 4.651746014e-06
5622 4.650711948e-06
5623 4.649678295e-06
5624 4.648645056e-06
5625 4.647612231e-06
5626 4.646579818e-06
5627 4.645547818e-06
5628 4.644516231e-06
5629 4.643485055e-06
5630 4.642454292e-06
5631 4.641423941e-06
5632 4.640394001e-06
5633 4.639364472e-06
5634 4.638335355e-06
5635 4.637306648e-06
5636 4.636278352e-06
5637 4.635250467e-06
5638 4.634222991e-06
5639 4.633195925e-06
5640 4.632169269e-06
5641 4.631143023e-06
5642 4.630117185e-06
5643 4.629091757e-06
5644 4.628066737e-06
5645 4.627042126e-06
5646 4.626017923e-06
5647 4.624994128e-06
5648 4.62397074e-06
5649 4.622947761e-06
5650 4.621925188e-06
5651 4.620903023e-06
5652 4.619881264e-06
5653 4.618859912e-06
5654 4.617838967e-06
5655 4.616818427e-06
5656 4.615798294e-06
5657 4.614778566e-06
5658 4.613759243e-06
5659 4.612740326e-06
5660 4.611721814e-06
5661 4.610703706e-06
5662 4.609686003e-06
5663 4.608668704e-06
5664 4.60765181e-06
5665 4.606635319e-06
5666 4.605619231e-06
5667 4.604603547e-06
5668 4.603588266e-06
5669 4.602573388e-06
5670 4.601558913e-06
5671 4.60054484e-06
5672 4.599531169e-06
5673 4.5985179e-06
5674 4.597505033e-06
5675 4.596492568e-06
5676 4.595480503e-06
5677 4.59446884e-06
5678 4.593457578e-06
5679 4.592446716e-06
5680 4.591436254e-06
5681 4.590426193e-06
5682 4.589416531e-06
5683 4.588407269e-06
5684 4.587398407e-06
5685 4.586389944e-06
5686 4.585381879e-06
5687 4.584374214e-06
5688 4.583366947e-06
5689 4.582360078e-06
5690 4.581353608e-06
5691 4.580347535e-06
5692 4.57934186e-06
5693 4.578336582e-06
5694 4.577331701e-06
5695 4.576327218e-06
5696 4.575323131e-06
5697 4.57431944e-06
5698 4.573316146e-06
5699 4.572313248e-06
5700 4.571310745e-06
5701 4.570308638e-06
5702 4.569306927e-06
5703 4.568305611e-06
5704 4.567304689e-06
5705 4.566304162e-06
5706 4.56530403e-06
5707 4.564304292e-06
5708 4.563304948e-06
5709 4.562305998e-06
5710 4.561307441e-06
5711 4.560309277e-06
5712 4.559311507e-06
5713 4.55831413e-06
5714 4.557317145e-06
5715 4.556320552e-06
5716 4.555324352e-06
5717 4.554328544e-06
5718 4.553333128e-06
5719 4.552338103e-06
5720 4.55134347e-06
5721 4.550349227e-06
5722 4.549355376e-06
5723 4.548361915e-06
5724 4.547368844e-06
5725 4.546376164e-06
5726 4.545383874e-06
5727 4.544391973e-06
5728 4.543400462e-06
5729 4.542409341e-06
5730 4.541418608e-06
5731 4.540428265e-06
5732 4.53943831e-06
5733 4.538448743e-06
5734 4.537459565e-06
5735 4.536470775e-06
5736 4.535482372e-06
5737 4.534494358e-06
5738 4.53350673e-06
5739 4.53251949e-06
5740 4.531532636e-06
5741 4.530546169e-06
5742 4.529560089e-06
5743 4.528574395e-06
5744 4.527589087e-06
5745 4.526604164e-06
5746 4.525619628e-06
5747 4.524635477e-06
5748 4.52365171e-06
5749 4.522668329e-06
5750 4.521685333e-06
5751 4.520702721e-06
5752 4.519720493e-06
5753 4.51873865e-06
5754 4.51775719e-06
5755 4.516776114e-06
5756 4.515795421e-06
5757 4.514815112e-06
5758 4.513835185e-06
5759 4.512855642e-06
5760 4.511876481e-06
5761 4.510897702e-06
5762 4.509919305e-06
5763 4.508941291e-06
5764 4.507963657e-06
5765 4.506986406e-06
5766 4.506009536e-06
5767 4.505033046e-06
5768 4.504056938e-06
5769 4.50308121e-06
5770 4.502105863e-06
5771 4.501130896e-06
5772 4.500156309e-06
5773 4.499182101e-06
5774 4.498208273e-06
5775 4.497234825e-06
5776 4.496261755e-06
5777 4.495289065e-06
5778 4.494316753e-06
5779 4.49334482e-06
5780 4.492373265e-06
5781 4.491402088e-06
5782 4.490431289e-06
5783 4.489460867e-06
5784 4.488490823e-06
5785 4.487521156e-06
5786 4.486551867e-06
5787 4.485582954e-06
5788 4.484614417e-06
5789 4.483646257e-06
5790 4.482678473e-06
5791 4.481711065e-06
5792 4.480744033e-06
5793 4.479777376e-06
5794 4.478811095e-06
5795 4.477845188e-06
5796 4.476879657e-06
5797 4.4759145e-06
5798 4.474949718e-06
5799 4.47398531e-06
5800 4.473021276e-06
5801 4.472057616e-06
5802 4.471094329e-06
5803 4.470131416e-06
5804 4.469168876e-06
5805 4.468206709e-06
5806 4.467244915e-06
5807 4.466283494e-06
5808 4.465322445e-06
5809 4.464361768e-06
5810 4.463401463e-06
5811 4.462441529e-06
5812 4.461481968e-06
5813 4.460522777e-06
5814 4.459563958e-06
5815 4.45860551e-06
5816 4.457647432e-06
5817 4.456689725e-06
5818 4.455732389e-06
5819 4.454775422e-06
5820 4.453818825e-06
5821 4.452862598e-06
5822 4.451906741e-06
5823 4.450951252e-06
5824 4.449996133e-06
5825 4.449041383e-06
5826 4.448087001e-06
5827 4.447132988e-06
5828 4.446179343e-06
5829 4.445226066e-06
5830 4.444273156e-06
5831 4.443320615e-06
5832 4.442368441e-06
5833 4.441416634e-06
5834 4.440465194e-06
5835 4.439514121e-06
5836 4.438563414e-06
5837 4.437613074e-06
5838 4.4366631e-06
5839 4.435713492e-06
5840 4.43476425e-06
5841 4.433815374e-06
5842 4.432866863e-06
5843 4.431918717e-06
5844 4.430970936e-06
5845 4.430023519e-06
5846 4.429076468e-06
5847 4.42812978e-06
5848 4.427183457e-06
5849 4.426237498e-06
5850 4.425291903e-06
5851 4.424346671e-06
5852 4.423401802e-06
5853 4.422457297e-06
5854 4.421513155e-06
5855 4.420569375e-06
5856 4.419625958e-06
5857 4.418682903e-06
5858 4.417740211e-06
5859 4.41679788e-06
5860 4.415855911e-06
5861 4.414914304e-06
5862 4.413973058e-06
5863 4.413032173e-06
5864 4.412091649e-06
5865 4.411151486e-06
5866 4.410211683e-06
5867 4.409272241e-06
5868 4.408333159e-06
5869 4.407394437e-06
5870 4.406456074e-06
5871 4.405518072e-06
5872 4.404580428e-06
5873 4.403643144e-06
5874 4.402706218e-06
5875 4.401769652e-06
5876 4.400833444e-06
5877 4.399897594e-06
5878 4.398962102e-06
5879 4.398026969e-06
5880 4.397092193e-06
5881 4.396157774e-06
5882 4.395223713e-06
5883 4.39429001e-06
5884 4.393356663e-06
5885 4.392423673e-06
5886 4.39149104e-06
5887 4.390558762e-06
5888 4.389626842e-06
5889 4.388695277e-06
5890 4.387764068e-06
5891 4.386833214e-06
5892 4.385902716e-06
5893 4.384972573e-06
5894 4.384042785e-06
5895 4.383113352e-06
5896 4.382184274e-06
5897 4.38125555e-06
5898 4.38032718e-06
5899 4.379399164e-06
5900 4.378471502e-06
5901 4.377544194e-06
5902 4.376617239e-06
5903 4.375690638e-06
5904 4.374764389e-06
5905 4.373838493e-06
5906 4.372912951e-06
5907 4.37198776e-06
5908 4.371062922e-06
5909 4.370138436e-06
5910 4.369214301e-06
5911 4.368290519e-06
5912 4.367367088e-06
5913 4.366444008e-06
5914 4.365521279e-06
5915 4.364598902e-06
5916 4.363676875e-06
5917 4.362755198e-06
5918 4.361833872e-06
5919 4.360912897e-06
5920 4.359992271e-06
5921 4.359071995e-06
5922 4.358152068e-06
5923 4.357232491e-06
5924 4.356313263e-06
5925 4.355394384e-06
5926 4.354475854e-06
5927 4.353557672e-06
5928 4.352639839e-06
5929 4.351722354e-06
5930 4.350805217e-06
5931 4.349888429e-06
5932 4.348971987e-06
5933 4.348055894e-06
5934 4.347140147e-06
5935 4.346224748e-06
5936 4.345309695e-06
5937 4.344394989e-06
5938 4.34348063e-06
5939 4.342566617e-06
5940 4.341652951e-06
5941 4.34073963e-06
5942 4.339826655e-06
5943 4.338914025e-06
5944 4.338001741e-06
5945 4.337089803e-06
5946 4.336178209e-06
5947 4.33526696e-06
5948 4.334356056e-06
5949 4.333445496e-06
5950 4.33253528e-06
5951 4.331625408e-06
5952 4.330715881e-06
5953 4.329806697e-06
5954 4.328897856e-06
5955 4.327989359e-06
5956 4.327081205e-06
5957 4.326173394e-06
5958 4.325265926e-06
5959 4.3243588e-06
5960 4.323452017e-06
5961 4.322545576e-06
5962 4.321639477e-06
5963 4.32073372e-06
5964 4.319828304e-06
5965 4.31892323e-06
5966 4.318018497e-06
5967 4.317114105e-06
5968 4.316210055e-06
5969 4.315306344e-06
5970 4.314402975e-06
5971 4.313499946e-06
5972 4.312597256e-06
5973 4.311694907e-06
5974 4.310792898e-06
5975 4.309891228e-06
5976 4.308989898e-06
5977 4.308088907e-06
5978 4.307188255e-06
5979 4.306287942e-06
5980 4.305387967e-06
5981 4.304488331e-06
5982 4.303589033e-06
5983 4.302690074e-06
5984 4.301791452e-06
5985 4.300893168e-06
5986 4.299995222e-06
5987 4.299097613e-06
5988 4.298200342e-06
5989 4.297303407e-06
5990 4.296406809e-06
5991 4.295510548e-06
5992 4.294614624e-06
5993 4.293719035e-06
5994 4.292823783e-06
5995 4.291928867e-06
5996 4.291034286e-06
5997 4.290140041e-06
5998 4.289246132e-06
5999 4.288352558e-06
6000 4.287459318e-06
6001 4.286566414e-06
6002 4.285673844e-06
6003 4.284781609e-06
6004 4.283889708e-06
6005 4.282998141e-06
6006 4.282106908e-06
6007 4.281216009e-06
6008 4.280325443e-06
6009 4.279435211e-06
6010 4.278545312e-06
6011 4.277655746e-06
6012 4.276766513e-06
6013 4.275877613e-06
6014 4.274989045e-06
6015 4.274100809e-06
6016 4.273212906e-06
6017 4.272325334e-06
6018 4.271438094e-06
6019 4.270551186e-06
6020 4.26966461e-06
6021 4.268778364e-06
6022 4.26789245e-06
6023 4.267006866e-06
6024 4.266121614e-06
6025 4.265236691e-06
6026 4.2643521e-06
6027 4.263467838e-06
6028 4.262583906e-06
6029 4.261700304e-06
6030 4.260817032e-06
6031 4.259934089e-06
6032 4.259051476e-06
6033 4.258169191e-06
6034 4.257287236e-06
6035 4.256405609e-06
6036 4.255524311e-06
6037 4.254643341e-06
6038 4.2537627e-06
6039 4.252882386e-06
6040 4.252002401e-06
6041 4.251122743e-06
6042 4.250243412e-06
6043 4.249364409e-06
6044 4.248485733e-06
6045 4.247607385e-06
6046 4.246729362e-06
6047 4.245851667e-06
6048 4.244974298e-06
6049 4.244097255e-06
6050 4.243220539e-06
6051 4.242344148e-06
6052 4.241468083e-06
6053 4.240592344e-06
6054 4.23971693e-06
6055 4.238841842e-06
6056 4.237967078e-06
6057 4.237092639e-06
6058 4.236218525e-06
6059 4.235344736e-06
6060 4.234471271e-06
6061 4.23359813e-06
6062 4.232725313e-06
6063 4.23185282e-06
6064 4.230980651e-06
6065 4.230108805e-06
6066 4.229237282e-06
6067 4.228366083e-06
6068 4.227495207e-06
6069 4.226624653e-06
6070 4.225754422e-06
6071 4.224884514e-06
6072 4.224014927e-06
6073 4.223145663e-06
6074 4.222276721e-06
6075 4.221408101e-06
6076 4.220539802e-06
6077 4.219671825e-06
6078 4.218804169e-06
6079 4.217936834e-06
6080 4.21706982e-06
6081 4.216203126e-06
6082 4.215336754e-06
6083 4.214470701e-06
6084 4.213604969e-06
6085 4.212739557e-06
6086 4.211874465e-06
6087 4.211009692e-06
6088 4.210145239e-06
6089 4.209281106e-06
6090 4.208417291e-06
6091 4.207553796e-06
6092 4.206690619e-06
6093 4.205827762e-06
6094 4.204965222e-06
6095 4.204103001e-06
6096 4.203241099e-06
6097 4.202379514e-06
6098 4.201518247e-06
6099 4.200657298e-06
6100 4.199796666e-06
6101 4.198936352e-06
6102 4.198076355e-06
6103 4.197216674e-06
6104 4.196357311e-06
6105 4.195498264e-06
6106 4.194639534e-06
6107 4.19378112e-06
6108 4.192923022e-06
6109 4.192065241e-06
6110 4.191207775e-06
6111 4.190350624e-06
6112 4.18949379e-06
6113 4.18863727e-06
6114 4.187781066e-06
6115 4.186925176e-06
6116 4.186069602e-06
6117 4.185214342e-06
6118 4.184359397e-06
6119 4.183504765e-06
6120 4.182650448e-06
6121 4.181796445e-06
6122 4.180942756e-06
6123 4.180089381e-06
6124 4.179236319e-06
6125 4.17838357e-06
6126 4.177531134e-06
6127 4.176679012e-06
6128 4.175827202e-06
6129 4.174975705e-06
6130 4.17412452e-06
6131 4.173273648e-06
6132 4.172423088e-06
6133 4.171572839e-06
6134 4.170722903e-06
6135 4.169873278e-06
6136 4.169023965e-06
6137 4.168174963e-06
6138 4.167326272e-06
6139 4.166477892e-06
6140 4.165629824e-06
6141 4.164782065e-06
6142 4.163934618e-06
6143 4.16308748e-06
6144 4.162240653e-06
6145 4.161394136e-06
6146 4.160547928e-06
6147 4.15970203e-06
6148 4.158856442e-06
6149 4.158011163e-06
6150 4.157166194e-06
6151 4.156321533e-06
6152 4.155477181e-06
6153 4.154633138e-06
6154 4.153789404e-06
6155 4.152945978e-06
6156 4.15210286e-06
6157 4.15126005e-06
6158 4.150417548e-06
6159 4.149575354e-06
6160 4.148733467e-06
6161 4.147891888e-06
6162 4.147050616e-06
6163 4.146209651e-06
6164 4.145368993e-06
6165 4.144528641e-06
6166 4.143688596e-06
6167 4.142848858e-06
6168 4.142009426e-06
6169 4.1411703e-06
6170 4.14033148e-06
6171 4.139492966e-06
6172 4.138654758e-06
6173 4.137816854e-06
6174 4.136979257e-06
6175 4.136141964e-06
6176 4.135304976e-06
6177 4.134468294e-06
6178 4.133631915e-06
6179 4.132795842e-06
6180 4.131960072e-06
6181 4.131124607e-06
6182 4.130289446e-06
6183 4.129454589e-06
6184 4.128620035e-06
6185 4.127785785e-06
6186 4.126951838e-06
6187 4.126118195e-06
6188 4.125284855e-06
6189 4.124451817e-06
6190 4.123619082e-06
6191 4.12278665e-06
6192 4.121954521e-06
6193 4.121122693e-06
6194 4.120291168e-06
6195 4.119459944e-06
6196 4.118629023e-06
6197 4.117798403e-06
6198 4.116968084e-06
6199 4.116138067e-06
6200 4.115308351e-06
6201 4.114478936e-06
6202 4.113649822e-06
6203 4.112821009e-06
6204 4.111992496e-06
6205 4.111164283e-06
6206 4.110336371e-06
6207 4.109508759e-06
6208 4.108681446e-06
6209 4.107854434e-06
6210 4.107027721e-06
6211 4.106201307e-06
6212 4.105375193e-06
6213 4.104549377e-06
6214 4.103723861e-06
6215 4.102898644e-06
6216 4.102073725e-06
6217 4.101249105e-06
6218 4.100424783e-06
6219 4.099600759e-06
6220 4.098777033e-06
6221 4.097953605e-06
6222 4.097130475e-06
6223 4.096307642e-06
6224 4.095485107e-06
6225 4.094662869e-06
6226 4.093840928e-06
6227 4.093019284e-06
6228 4.092197937e-06
6229 4.091376887e-06
6230 4.090556133e-06
6231 4.089735675e-06
6232 4.088915513e-06
6233 4.088095648e-06
6234 4.087276078e-06
6235 4.086456804e-06
6236 4.085637826e-06
6237 4.084819143e-06
6238 4.084000755e-06
6239 4.083182662e-06
6240 4.082364864e-06
6241 4.081547361e-06
6242 4.080730153e-06
6243 4.079913239e-06
6244 4.079096619e-06
6245 4.078280294e-06
6246 4.077464262e-06
6247 4.076648525e-06
6248 4.075833081e-06
6249 4.075017931e-06
6250 4.074203074e-06
6251 4.07338851e-06
6252 4.072574239e-06
6253 4.071760262e-06
6254 4.070946577e-06
6255 4.070133185e-06
6256 4.069320085e-06
6257 4.068507278e-06
6258 4.067694763e-06
6259 4.066882539e-06
6260 4.066070608e-06
6261 4.065258969e-06
6262 4.064447621e-06
6263 4.063636564e-06
6264 4.062825799e-06
6265 4.062015325e-06
6266 4.061205142e-06
6267 4.060395249e-06
6268 4.059585648e-06
6269 4.058776336e-06
6270 4.057967316e-06
6271 4.057158585e-06
6272 4.056350145e-06
6273 4.055541994e-06
6274 4.054734133e-06
6275 4.053926562e-06
6276 4.05311928e-06
6277 4.052312288e-06
6278 4.051505585e-06
6279 4.050699171e-06
6280 4.049893045e-06
6281 4.049087209e-06
6282 4.048281661e-06
6283 4.047476401e-06
6284 4.04667143e-06
6285 4.045866746e-06
6286 4.045062351e-06
6287 4.044258244e-06
6288 4.043454424e-06
6289 4.042650892e-06
6290 4.041847647e-06
6291 4.041044689e-06
6292 4.040242019e-06
6293 4.039439635e-06
6294 4.038637538e-06
6295 4.037835728e-06
6296 4.037034205e-06
6297 4.036232967e-06
6298 4.035432016e-06
6299 4.034631351e-06
6300 4.033830972e-06
6301 4.033030879e-06
6302 4.032231071e-06
6303 4.031431548e-06
6304 4.030632311e-06
6305 4.02983336e-06
6306 4.029034693e-06
6307 4.028236311e-06
6308 4.027438213e-06
6309 4.026640401e-06
6310 4.025842872e-06
6311 4.025045629e-06
6312 4.024248669e-06
6313 4.023451993e-06
6314 4.022655601e-06
6315 4.021859493e-06
6316 4.021063668e-06
6317 4.020268126e-06
6318 4.019472868e-06
6319 4.018677893e-06
6320 4.017883201e-06
6321 4.017088792e-06
6322 4.016294666e-06
6323 4.015500822e-06
6324 4.01470726e-06
6325 4.013913981e-06
6326 4.013120984e-06
6327 4.012328269e-06
6328 4.011535835e-06
6329 4.010743683e-06
6330 4.009951813e-06
6331 4.009160224e-06
6332 4.008368917e-06
6333 4.00757789e-06
6334 4.006787144e-06
6335 4.00599668e-06
6336 4.005206495e-06
6337 4.004416592e-06
6338 4.003626968e-06
6339 4.002837625e-06
6340 4.002048562e-06
6341 4.001259779e-06
6342 4.000471276e-06
6343 3.999683052e-06
6344 3.998895108e-06
6345 3.998107444e-06
6346 3.997320058e-06
6347 3.996532952e-06
6348 3.995746124e-06
6349 3.994959575e-06
6350 3.994173305e-06
6351 3.993387314e-06
6352 3.992601601e-06
6353 3.991816166e-06
6354 3.991031009e-06
6355 3.99024613e-06
6356 3.989461529e-06
6357 3.988677205e-06
6358 3.987893159e-06
6359 3.987109391e-06
6360 3.986325899e-06
6361 3.985542685e-06
6362 3.984759747e-06
6363 3.983977087e-06
6364 3.983194703e-06
6365 3.982412596e-06
6366 3.981630765e-06
6367 3.98084921e-06
6368 3.980067931e-06
6369 3.979286928e-06
6370 3.978506202e-06
6371 3.97772575e-06
6372 3.976945575e-06
6373 3.976165674e-06
6374 3.975386049e-06
6375 3.974606699e-06
6376 3.973827624e-06
6377 3.973048824e-06
6378 3.972270299e-06
6379 3.971492048e-06
6380 3.970714072e-06
6381 3.969936369e-06
6382 3.969158941e-06
6383 3.968381787e-06
6384 3.967604907e-06
6385 3.966828301e-06
6386 3.966051968e-06
6387 3.965275908e-06
6388 3.964500122e-06
6389 3.963724609e-06
6390 3.962949369e-06
6391 3.962174402e-06
6392 3.961399707e-06
6393 3.960625286e-06
6394 3.959851136e-06
6395 3.959077259e-06
6396 3.958303655e-06
6397 3.957530322e-06
6398 3.956757261e-06
6399 3.955984472e-06
6400 3.955211954e-06
6401 3.954439709e-06
6402 3.953667734e-06
6403 3.952896031e-06
6404 3.952124598e-06
6405 3.951353437e-06
6406 3.950582547e-06
6407 3.949811927e-06
6408 3.949041577e-06
6409 3.948271499e-06
6410 3.94750169e-06
6411 3.946732151e-06
6412 3.945962883e-06
6413 3.945193884e-06
6414 3.944425155e-06
6415 3.943656696e-06
6416 3.942888506e-06
6417 3.942120585e-06
6418 3.941352934e-06
6419 3.940585551e-06
6420 3.939818438e-06
6421 3.939051593e-06
6422 3.938285017e-06
6423 3.937518709e-06
6424 3.93675267e-06
6425 3.935986899e-06
6426 3.935221396e-06
6427 3.934456161e-06
6428 3.933691193e-06
6429 3.932926494e-06
6430 3.932162062e-06
6431 3.931397897e-06
6432 3.930634e-06
6433 3.92987037e-06
6434 3.929107006e-06
6435 3.92834391e-06
6436 3.92758108e-06
6437 3.926818517e-06
6438 3.926056221e-06
6439 3.92529419e-06
6440 3.924532426e-06
6441 3.923770928e-06
6442 3.923009696e-06
6443 3.92224873e-06
6444 3.921488029e-06
6445 3.920727594e-06
6446 3.919967424e-06
6447 3.91920752e-06
6448 3.91844788e-06
6449 3.917688506e-06
6450 3.916929396e-06
6451 3.916170551e-06
6452 3.915411971e-06
6453 3.914653655e-06
6454 3.913895604e-06
6455 3.913137817e-06
6456 3.912380293e-06
6457 3.911623034e-06
6458 3.910866039e-06
6459 3.910109307e-06
6460 3.909352838e-06
6461 3.908596633e-06
6462 3.907840692e-06
6463 3.907085013e-06
6464 3.906329597e-06
6465 3.905574445e-06
6466 3.904819555e-06
6467 3.904064927e-06
6468 3.903310562e-06
6469 3.90255646e-06
6470 3.901802619e-06
6471 3.901049041e-06
6472 3.900295725e-06
6473 3.89954267e-06
6474 3.898789877e-06
6475 3.898037346e-06
6476 3.897285076e-06
6477 3.896533067e-06
6478 3.895781319e-06
6479 3.895029833e-06
6480 3.894278607e-06
6481 3.893527642e-06
6482 3.892776938e-06
6483 3.892026494e-06
6484 3.891276311e-06
6485 3.890526388e-06
6486 3.889776725e-06
6487 3.889027322e-06
6488 3.888278178e-06
6489 3.887529295e-06
6490 3.886780671e-06
6491 3.886032306e-06
6492 3.885284201e-06
6493 3.884536355e-06
6494 3.883788768e-06
6495 3.88304144e-06
6496 3.882294371e-06
6497 3.881547561e-06
6498 3.880801009e-06
6499 3.880054715e-06
6500 3.87930868e-06
6501 3.878562903e-06
6502 3.877817384e-06
6503 3.877072123e-06
6504 3.876327119e-06
6505 3.875582373e-06
6506 3.874837885e-06
6507 3.874093654e-06
6508 3.873349681e-06
6509 3.872605964e-06
6510 3.871862505e-06
6511 3.871119302e-06
6512 3.870376357e-06
6513 3.869633667e-06
6514 3.868891235e-06
6515 3.868149058e-06
6516 3.867407138e-06
6517 3.866665474e-06
6518 3.865924066e-06
6519 3.865182914e-06
6520 3.864442017e-06
6521 3.863701376e-06
6522 3.862960991e-06
6523 3.862220861e-06
6524 3.861480986e-06
6525 3.860741366e-06
6526 3.860002001e-06
6527 3.859262891e-06
6528 3.858524036e-06
6529 3.857785435e-06
6530 3.857047089e-06
6531 3.856308997e-06
6532 3.855571159e-06
6533 3.854833576e-06
6534 3.854096246e-06
6535 3.85335917e-06
6536 3.852622348e-06
6537 3.851885779e-06
6538 3.851149464e-06
6539 3.850413402e-06
6540 3.849677593e-06
6541 3.848942038e-06
6542 3.848206735e-06
6543 3.847471685e-06
6544 3.846736888e-06
6545 3.846002343e-06
6546 3.845268051e-06
6547 3.844534011e-06
6548 3.843800223e-06
6549 3.843066688e-06
6550 3.842333404e-06
6551 3.841600372e-06
6552 3.840867592e-06
6553 3.840135063e-06
6554 3.839402786e-06
6555 3.83867076e-06
6556 3.837938985e-06
6557 3.837207462e-06
6558 3.836476189e-06
6559 3.835745167e-06
6560 3.835014396e-06
6561 3.834283875e-06
6562 3.833553605e-06
6563 3.832823585e-06
6564 3.832093815e-06
6565 3.831364295e-06
6566 3.830635026e-06
6567 3.829906006e-06
6568 3.829177236e-06
6569 3.828448715e-06
6570 3.827720444e-06
6571 3.826992422e-06
6572 3.826264649e-06
6573 3.825537126e-06
6574 3.824809851e-06
6575 3.824082825e-06
6576 3.823356048e-06
6577 3.82262952e-06
6578 3.82190324e-06
6579 3.821177208e-06
6580 3.820451425e-06
6581 3.819725889e-06
6582 3.819000602e-06
6583 3.818275563e-06
6584 3.817550771e-06
6585 3.816826227e-06
6586 3.81610193e-06
6587 3.815377881e-06
6588 3.814654079e-06
6589 3.813930524e-06
6590 3.813207216e-06
6591 3.812484155e-06
6592 3.81176134e-06
6593 3.811038773e-06
6594 3.810316451e-06
6595 3.809594377e-06
6596 3.808872548e-06
6597 3.808150966e-06
6598 3.807429629e-06
6599 3.806708539e-06
6600 3.805987694e-06
6601 3.805267095e-06
6602 3.804546742e-06
6603 3.803826634e-06
6604 3.803106771e-06
6605 3.802387154e-06
6606 3.801667781e-06
6607 3.800948654e-06
6608 3.800229771e-06
6609 3.799511133e-06
6610 3.798792739e-06
6611 3.79807459e-06
6612 3.797356686e-06
6613 3.796639025e-06
6614 3.795921609e-06
6615 3.795204437e-06
6616 3.794487508e-06
6617 3.793770823e-06
6618 3.793054382e-06
6619 3.792338184e-06
6620 3.79162223e-06
6621 3.790906519e-06
6622 3.790191051e-06
6623 3.789475826e-06
6624 3.788760844e-06
6625 3.788046105e-06
6626 3.787331609e-06
6627 3.786617355e-06
6628 3.785903343e-06
6629 3.785189574e-06
6630 3.784476047e-06
6631 3.783762762e-06
6632 3.783049719e-06
6633 3.782336918e-06
6634 3.781624358e-06
6635 3.780912041e-06
6636 3.780199964e-06
6637 3.779488129e-06
6638 3.778776535e-06
6639 3.778065183e-06
6640 3.777354071e-06
6641 3.7766432e-06
6642 3.77593257e-06
6643 3.775222181e-06
6644 3.774512032e-06
6645 3.773802124e-06
6646 3.773092456e-06
6647 3.772383028e-06
6648 3.77167384e-06
6649 3.770964892e-06
6650 3.770256184e-06
6651 3.769547715e-06
6652 3.768839487e-06
6653 3.768131497e-06
6654 3.767423747e-06
6655 3.766716237e-06
6656 3.766008965e-06
6657 3.765301932e-06
6658 3.764595139e-06
6659 3.763888584e-06
6660 3.763182268e-06
6661 3.76247619e-06
6662 3.761770351e-06
6663 3.76106475e-06
6664 3.760359387e-06
6665 3.759654262e-06
6666 3.758949376e-06
6667 3.758244727e-06
6668 3.757540316e-06
6669 3.756836142e-06
6670 3.756132206e-06
6671 3.755428507e-06
6672 3.754725046e-06
6673 3.754021822e-06
6674 3.753318835e-06
6675 3.752616084e-06
6676 3.751913571e-06
6677 3.751211294e-06
6678 3.750509254e-06
6679 3.74980745e-06
6680 3.749105883e-06
6681 3.748404552e-06
6682 3.747703457e-06
6683 3.747002598e-06
6684 3.746301975e-06
6685 3.745601587e-06
6686 3.744901436e-06
6687 3.744201519e-06
6688 3.743501839e-06
6689 3.742802393e-06
6690 3.742103183e-06
6691 3.741404208e-06
6692 3.740705468e-06
6693 3.740006962e-06
6694 3.739308692e-06
6695 3.738610656e-06
6696 3.737912854e-06
6697 3.737215287e-06
6698 3.736517955e-06
6699 3.735820856e-06
6700 3.735123992e-06
6701 3.734427361e-06
6702 3.733730964e-06
6703 3.733034801e-06
6704 3.732338872e-06
6705 3.731643176e-06
6706 3.730947714e-06
6707 3.730252484e-06
6708 3.729557488e-06
6709 3.728862725e-06
6710 3.728168195e-06
6711 3.727473898e-06
6712 3.726779833e-06
6713 3.726086001e-06
6714 3.725392402e-06
6715 3.724699035e-06
6716 3.7240059e-06
6717 3.723312997e-06
6718 3.722620326e-06
6719 3.721927887e-06
6720 3.72123568e-06
6721 3.720543705e-06
6722 3.719851961e-06
6723 3.719160449e-06
6724 3.718469168e-06
6725 3.717778118e-06
6726 3.7170873e-06
6727 3.716396712e-06
6728 3.715706356e-06
6729 3.71501623e-06
6730 3.714326335e-06
6731 3.71363667e-06
6732 3.712947236e-06
6733 3.712258033e-06
6734 3.711569059e-06
6735 3.710880316e-06
6736 3.710191802e-06
6737 3.709503519e-06
6738 3.708815465e-06
6739 3.708127641e-06
6740 3.707440047e-06
6741 3.706752682e-06
6742 3.706065547e-06
6743 3.70537864e-06
6744 3.704691963e-06
6745 3.704005515e-06
6746 3.703319296e-06
6747 3.702633305e-06
6748 3.701947544e-06
6749 3.70126201e-06
6750 3.700576706e-06
6751 3.699891629e-06
6752 3.699206781e-06
6753 3.698522162e-06
6754 3.69783777e-06
6755 3.697153606e-06
6756 3.69646967e-06
6757 3.695785961e-06
6758 3.69510248e-06
6759 3.694419227e-06
6760 3.693736201e-06
6761 3.693053402e-06
6762 3.692370831e-06
6763 3.691688486e-06
6764 3.691006369e-06
6765 3.690324478e-06
6766 3.689642814e-06
6767 3.688961376e-06
6768 3.688280166e-06
6769 3.687599181e-06
6770 3.686918423e-06
6771 3.686237891e-06
6772 3.685557585e-06
6773 3.684877505e-06
6774 3.684197651e-06
6775 3.683518022e-06
6776 3.682838619e-06
6777 3.682159442e-06
6778 3.68148049e-06
6779 3.680801764e-06
6780 3.680123263e-06
6781 3.679444986e-06
6782 3.678766935e-06
6783 3.678089109e-06
6784 3.677411507e-06
6785 3.67673413e-06
6786 3.676056978e-06
6787 3.67538005e-06
6788 3.674703346e-06
6789 3.674026867e-06
6790 3.673350612e-06
6791 3.672674581e-06
6792 3.671998774e-06
6793 3.67132319e-06
6794 3.67064783e-06
6795 3.669972694e-06
6796 3.669297781e-06
6797 3.668623092e-06
6798 3.667948626e-06
6799 3.667274383e-06
6800 3.666600363e-06
6801 3.665926567e-06
6802 3.665252993e-06
6803 3.664579641e-06
6804 3.663906513e-06
6805 3.663233607e-06
6806 3.662560923e-06
6807 3.661888461e-06
6808 3.661216222e-06
6809 3.660544205e-06
6810 3.65987241e-06
6811 3.659200837e-06
6812 3.658529486e-06
6813 3.657858356e-06
6814 3.657187448e-06
6815 3.656516761e-06
6816 3.655846296e-06
6817 3.655176052e-06
6818 3.654506029e-06
6819 3.653836227e-06
6820 3.653166646e-06
6821 3.652497286e-06
6822 3.651828146e-06
6823 3.651159228e-06
6824 3.650490529e-06
6825 3.649822052e-06
6826 3.649153794e-06
6827 3.648485757e-06
6828 3.64781794e-06
6829 3.647150342e-06
6830 3.646482965e-06
6831 3.645815807e-06
6832 3.64514887e-06
6833 3.644482151e-06
6834 3.643815652e-06
6835 3.643149373e-06
6836 3.642483313e-06
6837 3.641817472e-06
6838 3.64115185e-06
6839 3.640486447e-06
6840 3.639821263e-06
6841 3.639156297e-06
6842 3.63849155e-06
6843 3.637827022e-06
6844 3.637162712e-06
6845 3.636498621e-06
6846 3.635834748e-06
6847 3.635171092e-06
6848 3.634507655e-06
6849 3.633844436e-06
6850 3.633181435e-06
6851 3.632518651e-06
6852 3.631856085e-06
6853 3.631193736e-06
6854 3.630531605e-06
6855 3.629869691e-06
6856 3.629207994e-06
6857 3.628546515e-06
6858 3.627885252e-06
6859 3.627224206e-06
6860 3.626563377e-06
6861 3.625902765e-06
6862 3.625242369e-06
6863 3.62458219e-06
6864 3.623922227e-06
6865 3.623262481e-06
6866 3.62260295e-06
6867 3.621943636e-06
6868 3.621284537e-06
6869 3.620625655e-06
6870 3.619966988e-06
6871 3.619308537e-06
6872 3.618650301e-06
6873 3.617992281e-06
6874 3.617334476e-06
6875 3.616676887e-06
6876 3.616019512e-06
6877 3.615362353e-06
6878 3.614705408e-06
6879 3.614048679e-06
6880 3.613392164e-06
6881 3.612735864e-06
6882 3.612079778e-06
6883 3.611423907e-06
6884 3.61076825e-06
6885 3.610112807e-06
6886 3.609457579e-06
6887 3.608802564e-06
6888 3.608147763e-06
6889 3.607493177e-06
6890 3.606838804e-06
6891 3.606184644e-06
6892 3.605530698e-06
6893 3.604876966e-06
6894 3.604223447e-06
6895 3.603570141e-06
6896 3.602917048e-06
6897 3.602264168e-06
6898 3.601611501e-06
6899 3.600959047e-06
6900 3.600306806e-06
6901 3.599654777e-06
6902 3.599002961e-06
6903 3.598351357e-06
6904 3.597699966e-06
6905 3.597048787e-06
6906 3.59639782e-06
6907 3.595747065e-06
6908 3.595096521e-06
6909 3.59444619e-06
6910 3.593796071e-06
6911 3.593146163e-06
6912 3.592496466e-06
6913 3.591846981e-06
6914 3.591197707e-06
6915 3.590548645e-06
6916 3.589899794e-06
6917 3.589251153e-06
6918 3.588602724e-06
6919 3.587954505e-06
6920 3.587306498e-06
6921 3.5866587e-06
6922 3.586011114e-06
6923 3.585363738e-06
6924 3.584716572e-06
6925 3.584069616e-06
6926 3.583422871e-06
6927 3.582776335e-06
6928 3.582130009e-06
6929 3.581483894e-06
6930 3.580837988e-06
6931 3.580192292e-06
6932 3.579546805e-06
6933 3.578901527e-06
6934 3.57825646e-06
6935 3.577611601e-06
6936 3.576966951e-06
6937 3.576322511e-06
6938 3.575678279e-06
6939 3.575034257e-06
6940 3.574390443e-06
6941 3.573746837e-06
6942 3.573103441e-06
6943 3.572460253e-06
6944 3.571817273e-06
6945 3.571174501e-06
6946 3.570531938e-06
6947 3.569889582e-06
6948 3.569247435e-06
6949 3.568605496e-06
6950 3.567963764e-06
6951 3.56732224e-06
6952 3.566680924e-06
6953 3.566039815e-06
6954 3.565398913e-06
6955 3.564758219e-06
6956 3.564117732e-06
6957 3.563477453e-06
6958 3.56283738e-06
6959 3.562197514e-06
6960 3.561557855e-06
6961 3.560918402e-06
6962 3.560279157e-06
6963 3.559640117e-06
6964 3.559001285e-06
6965 3.558362658e-06
6966 3.557724238e-06
6967 3.557086024e-06
6968 3.556448016e-06
6969 3.555810214e-06
6970 3.555172618e-06
6971 3.554535227e-06
6972 3.553898042e-06
6973 3.553261063e-06
6974 3.55262429e-06
6975 3.551987721e-06
6976 3.551351358e-06
6977 3.5507152e-06
6978 3.550079247e-06
6979 3.5494435e-06
6980 3.548807957e-06
6981 3.548172619e-06
6982 3.547537485e-06
6983 3.546902557e-06
6984 3.546267832e-06
6985 3.545633312e-06
6986 3.544998997e-06
6987 3.544364886e-06
6988 3.543730979e-06
6989 3.543097276e-06
6990 3.542463776e-06
6991 3.541830481e-06
6992 3.54119739e-06
6993 3.540564502e-06
6994 3.539931817e-06
6995 3.539299337e-06
6996 3.538667059e-06
6997 3.538034985e-06
6998 3.537403114e-06
6999 3.536771446e-06
7000 3.536139981e-06
7001 3.53550872e-06
7002 3.53487766e-06
7003 3.534246804e-06
7004 3.53361615e-06
7005 3.532985699e-06
7006 3.53235545e-06
7007 3.531725404e-06
7008 3.53109556e-06
7009 3.530465918e-06
7010 3.529836478e-06
7011 3.52920724e-06
7012 3.528578203e-06
7013 3.527949369e-06
7014 3.527320736e-06
7015 3.526692305e-06
7016 3.526064076e-06
7017 3.525436048e-06
7018 3.524808221e-06
7019 3.524180595e-06
7020 3.523553171e-06
7021 3.522925947e-06
7022 3.522298925e-06
7023 3.521672103e-06
7024 3.521045482e-06
7025 3.520419062e-06
7026 3.519792842e-06
7027 3.519166823e-06
7028 3.518541004e-06
7029 3.517915386e-06
7030 3.517289967e-06
7031 3.516664749e-06
7032 3.516039731e-06
7033 3.515414913e-06
7034 3.514790294e-06
7035 3.514165876e-06
7036 3.513541657e-06
7037 3.512917637e-06
7038 3.512293817e-06
7039 3.511670197e-06
7040 3.511046775e-06
7041 3.510423553e-06
7042 3.50980053e-06
7043 3.509177706e-06
7044 3.508555081e-06
7045 3.507932654e-06
7046 3.507310427e-06
7047 3.506688398e-06
7048 3.506066567e-06
7049 3.505444935e-06
7050 3.504823502e-06
7051 3.504202266e-06
7052 3.503581229e-06
7053 3.50296039e-06
7054 3.502339749e-06
7055 3.501719306e-06
7056 3.501099061e-06
7057 3.500479013e-06
7058 3.499859163e-06
7059 3.49923951e-06
7060 3.498620055e-06
7061 3.498000798e-06
7062 3.497381737e-06
7063 3.496762874e-06
7064 3.496144208e-06
7065 3.495525739e-06
7066 3.494907467e-06
7067 3.494289391e-06
7068 3.493671512e-06
7069 3.49305383e-06
7070 3.492436345e-06
7071 3.491819056e-06
7072 3.491201963e-06
7073 3.490585067e-06
7074 3.489968366e-06
7075 3.489351862e-06
7076 3.488735554e-06
7077 3.488119442e-06
7078 3.487503525e-06
7079 3.486887805e-06
7080 3.48627228e-06
7081 3.48565695e-06
7082 3.485041816e-06
7083 3.484426878e-06
7084 3.483812134e-06
7085 3.483197586e-06
7086 3.482583233e-06
7087 3.481969075e-06
7088 3.481355112e-06
7089 3.480741343e-06
7090 3.48012777e-06
7091 3.479514391e-06
7092 3.478901207e-06
7093 3.478288217e-06
7094 3.477675421e-06
7095 3.47706282e-06
7096 3.476450413e-06
7097 3.475838201e-06
7098 3.475226182e-06
7099 3.474614357e-06
7100 3.474002726e-06
7101 3.473391289e-06
7102 3.472780045e-06
7103 3.472168995e-06
7104 3.471558139e-06
7105 3.470947476e-06
7106 3.470337006e-06
7107 3.46972673e-06
7108 3.469116647e-06
7109 3.468506756e-06
7110 3.467897059e-06
7111 3.467287555e-06
7112 3.466678243e-06
7113 3.466069124e-06
7114 3.465460198e-06
7115 3.464851464e-06
7116 3.464242923e-06
7117 3.463634574e-06
7118 3.463026417e-06
7119 3.462418453e-06
7120 3.461810681e-06
7121 3.4612031e-06
7122 3.460595712e-06
7123 3.459988515e-06
7124 3.45938151e-06
7125 3.458774697e-06
7126 3.458168075e-06
7127 3.457561645e-06
7128 3.456955406e-06
7129 3.456349359e-06
7130 3.455743503e-06
7131 3.455137838e-06
7132 3.454532363e-06
7133 3.45392708e-06
7134 3.453321988e-06
7135 3.452717087e-06
7136 3.452112376e-06
7137 3.451507856e-06
7138 3.450903526e-06
7139 3.450299387e-06
7140 3.449695438e-06
7141 3.449091679e-06
7142 3.448488111e-06
7143 3.447884733e-06
7144 3.447281544e-06
7145 3.446678546e-06
7146 3.446075737e-06
7147 3.445473119e-06
7148 3.444870689e-06
7149 3.44426845e-06
7150 3.4436664e-06
7151 3.443064539e-06
7152 3.442462868e-06
7153 3.441861385e-06
7154 3.441260092e-06
7155 3.440658988e-06
7156 3.440058073e-06
7157 3.439457347e-06
7158 3.43885681e-06
7159 3.438256461e-06
7160 3.437656301e-06
7161 3.43705633e-06
7162 3.436456547e-06
7163 3.435856952e-06
7164 3.435257546e-06
7165 3.434658328e-06
7166 3.434059298e-06
7167 3.433460456e-06
7168 3.432861802e-06
7169 3.432263336e-06
7170 3.431665057e-06
7171 3.431066967e-06
7172 3.430469064e-06
7173 3.429871348e-06
7174 3.42927382e-06
7175 3.428676479e-06
7176 3.428079326e-06
7177 3.427482359e-06
7178 3.42688558e-06
7179 3.426288988e-06
7180 3.425692582e-06
7181 3.425096364e-06
7182 3.424500332e-06
7183 3.423904487e-06
7184 3.423308829e-06
7185 3.422713357e-06
7186 3.422118071e-06
7187 3.421522972e-06
7188 3.420928059e-06
7189 3.420333332e-06
7190 3.419738791e-06
7191 3.419144437e-06
7192 3.418550268e-06
7193 3.417956285e-06
7194 3.417362488e-06
7195 3.416768876e-06
7196 3.41617545e-06
7197 3.41558221e-06
7198 3.414989154e-06
7199 3.414396285e-06
7200 3.4138036e-06
7201 3.413211101e-06
7202 3.412618786e-06
7203 3.412026657e-06
7204 3.411434713e-06
7205 3.410842953e-06
7206 3.410251378e-06
7207 3.409659988e-06
7208 3.409068783e-06
7209 3.408477762e-06
7210 3.407886925e-06
7211 3.407296273e-06
7212 3.406705804e-06
7213 3.40611552e-06
7214 3.405525421e-06
7215 3.404935505e-06
7216 3.404345773e-06
7217 3.403756225e-06
7218 3.40316686e-06
7219 3.402577679e-06
7220 3.401988682e-06
7221 3.401399869e-06
7222 3.400811238e-06
7223 3.400222791e-06
7224 3.399634528e-06
7225 3.399046447e-06
7226 3.39845855e-06
7227 3.397870835e-06
7228 3.397283304e-06
7229 3.396695955e-06
7230 3.396108789e-06
7231 3.395521806e-06
7232 3.394935006e-06
7233 3.394348388e-06
7234 3.393761952e-06
7235 3.393175698e-06
7236 3.392589627e-06
7237 3.392003739e-06
7238 3.391418032e-06
7239 3.390832507e-06
7240 3.390247164e-06
7241 3.389662003e-06
7242 3.389077024e-06
7243 3.388492226e-06
7244 3.387907611e-06
7245 3.387323176e-06
7246 3.386738923e-06
7247 3.386154852e-06
7248 3.385570961e-06
7249 3.384987252e-06
7250 3.384403724e-06
7251 3.383820377e-06
7252 3.383237212e-06
7253 3.382654226e-06
7254 3.382071422e-06
7255 3.381488799e-06
7256 3.380906356e-06
7257 3.380324093e-06
7258 3.379742012e-06
7259 3.37916011e-06
7260 3.378578389e-06
7261 3.377996848e-06
7262 3.377415487e-06
7263 3.376834306e-06
7264 3.376253306e-06
7265 3.375672485e-06
7266 3.375091844e-06
7267 3.374511383e-06
7268 3.373931101e-06
7269 3.373350999e-06
7270 3.372771077e-06
7271 3.372191334e-06
7272 3.37161177e-06
7273 3.371032386e-06
7274 3.37045318e-06
7275 3.369874154e-06
7276 3.369295307e-06
7277 3.368716639e-06
7278 3.36813815e-06
7279 3.367559839e-06
7280 3.366981707e-06
7281 3.366403754e-06
7282 3.36582598e-06
7283 3.365248383e-06
7284 3.364670966e-06
7285 3.364093726e-06
7286 3.363516665e-06
7287 3.362939782e-06
7288 3.362363077e-06
7289 3.36178655e-06
7290 3.361210201e-06
7291 3.36063403e-06
7292 3.360058036e-06
7293 3.35948222e-06
7294 3.358906582e-06
7295 3.358331121e-06
7296 3.357755838e-06
7297 3.357180732e-06
7298 3.356605804e-06
7299 3.356031052e-06
7300 3.355456478e-06
7301 3.354882081e-06
7302 3.35430786e-06
7303 3.353733817e-06
7304 3.35315995e-06
7305 3.352586261e-06
7306 3.352012747e-06
7307 3.351439411e-06
7308 3.35086625e-06
7309 3.350293267e-06
7310 3.349720459e-06
7311 3.349147828e-06
7312 3.348575373e-06
7313 3.348003094e-06
7314 3.347430991e-06
7315 3.346859065e-06
7316 3.346287314e-06
7317 3.345715738e-06
7318 3.345144339e-06
7319 3.344573115e-06
7320 3.344002066e-06
7321 3.343431194e-06
7322 3.342860496e-06
7323 3.342289974e-06
7324 3.341719627e-06
7325 3.341149455e-06
7326 3.340579459e-06
7327 3.340009637e-06
7328 3.33943999e-06
7329 3.338870518e-06
7330 3.338301221e-06
7331 3.337732099e-06
7332 3.337163151e-06
7333 3.336594378e-06
7334 3.336025779e-06
7335 3.335457355e-06
7336 3.334889105e-06
7337 3.334321029e-06
7338 3.333753127e-06
7339 3.3331854e-06
7340 3.332617846e-06
7341 3.332050466e-06
7342 3.331483261e-06
7343 3.330916229e-06
7344 3.33034937e-06
7345 3.329782686e-06
7346 3.329216174e-06
7347 3.328649837e-06
7348 3.328083672e-06
7349 3.327517681e-06
7350 3.326951864e-06
7351 3.326386219e-06
7352 3.325820747e-06
7353 3.325255449e-06
7354 3.324690323e-06
7355 3.324125371e-06
7356 3.323560591e-06
7357 3.322995983e-06
7358 3.322431549e-06
7359 3.321867287e-06
7360 3.321303197e-06
7361 3.32073928e-06
7362 3.320175535e-06
7363 3.319611962e-06
7364 3.319048562e-06
7365 3.318485334e-06
7366 3.317922277e-06
7367 3.317359393e-06
7368 3.31679668e-06
7369 3.316234139e-06
7370 3.31567177e-06
7371 3.315109573e-06
7372 3.314547547e-06
7373 3.313985693e-06
7374 3.31342401e-06
7375 3.312862498e-06
7376 3.312301158e-06
7377 3.311739988e-06
7378 3.31117899e-06
7379 3.310618163e-06
7380 3.310057507e-06
7381 3.309497022e-06
7382 3.308936708e-06
7383 3.308376564e-06
7384 3.307816591e-06
7385 3.307256789e-06
7386 3.306697157e-06
7387 3.306137695e-06
7388 3.305578404e-06
7389 3.305019283e-06
7390 3.304460332e-06
7391 3.303901552e-06
7392 3.303342941e-06
7393 3.302784501e-06
7394 3.30222623e-06
7395 3.30166813e-06
7396 3.301110199e-06
7397 3.300552437e-06
7398 3.299994846e-06
7399 3.299437424e-06
7400 3.298880171e-06
7401 3.298323088e-06
7402 3.297766174e-06
7403 3.297209429e-06
7404 3.296652853e-06
7405 3.296096447e-06
7406 3.295540209e-06
7407 3.294984141e-06
7408 3.294428241e-06
7409 3.29387251e-06
7410 3.293316948e-06
7411 3.292761555e-06
7412 3.29220633e-06
7413 3.291651273e-06
7414 3.291096385e-06
7415 3.290541665e-06
7416 3.289987114e-06
7417 3.289432731e-06
7418 3.288878516e-06
7419 3.288324469e-06
7420 3.28777059e-06
7421 3.287216879e-06
7422 3.286663335e-06
7423 3.28610996e-06
7424 3.285556752e-06
7425 3.285003712e-06
7426 3.284450839e-06
7427 3.283898134e-06
7428 3.283345596e-06
7429 3.282793225e-06
7430 3.282241022e-06
7431 3.281688986e-06
7432 3.281137117e-06
7433 3.280585415e-06
7434 3.28003388e-06
7435 3.279482512e-06
7436 3.278931311e-06
7437 3.278380276e-06
7438 3.277829408e-06
7439 3.277278707e-06
7440 3.276728172e-06
7441 3.276177804e-06
7442 3.275627602e-06
7443 3.275077566e-06
7444 3.274527696e-06
7445 3.273977993e-06
7446 3.273428456e-06
7447 3.272879085e-06
7448 3.272329879e-06
7449 3.27178084e-06
7450 3.271231966e-06
7451 3.270683258e-06
7452 3.270134716e-06
7453 3.269586339e-06
7454 3.269038128e-06
7455 3.268490082e-06
7456 3.267942202e-06
7457 3.267394487e-06
7458 3.266846937e-06
7459 3.266299552e-06
7460 3.265752333e-06
7461 3.265205278e-06
7462 3.264658388e-06
7463 3.264111663e-06
7464 3.263565103e-06
7465 3.263018708e-06
7466 3.262472477e-06
7467 3.261926411e-06
7468 3.261380509e-06
7469 3.260834772e-06
7470 3.260289199e-06
7471 3.25974379e-06
7472 3.259198546e-06
7473 3.258653466e-06
7474 3.258108549e-06
7475 3.257563797e-06
7476 3.257019209e-06
7477 3.256474784e-06
7478 3.255930524e-06
7479 3.255386427e-06
7480 3.254842494e-06
7481 3.254298724e-06
7482 3.253755118e-06
7483 3.253211675e-06
7484 3.252668395e-06
7485 3.252125279e-06
7486 3.251582326e-06
7487 3.251039536e-06
7488 3.25049691e-06
7489 3.249954446e-06
7490 3.249412145e-06
7491 3.248870007e-06
7492 3.248328032e-06
7493 3.24778622e-06
7494 3.24724457e-06
7495 3.246703083e-06
7496 3.246161758e-06
7497 3.245620596e-06
7498 3.245079596e-06
7499 3.244538758e-06
7500 3.243998083e-06
7501 3.24345757e-06
7502 3.242917219e-06
7503 3.242377029e-06
7504 3.241837002e-06
7505 3.241297137e-06
7506 3.240757434e-06
7507 3.240217892e-06
7508 3.239678512e-06
7509 3.239139293e-06
7510 3.238600236e-06
7511 3.238061341e-06
7512 3.237522607e-06
7513 3.236984034e-06
7514 3.236445622e-06
7515 3.235907372e-06
7516 3.235369283e-06
7517 3.234831355e-06
7518 3.234293587e-06
7519 3.233755981e-06
7520 3.233218535e-06
7521 3.232681251e-06
7522 3.232144127e-06
7523 3.231607163e-06
7524 3.23107036e-06
7525 3.230533718e-06
7526 3.229997236e-06
7527 3.229460914e-06
7528 3.228924753e-06
7529 3.228388752e-06
7530 3.227852911e-06
7531 3.22731723e-06
7532 3.226781709e-06
7533 3.226246347e-06
7534 3.225711146e-06
7535 3.225176105e-06
7536 3.224641223e-06
7537 3.224106501e-06
7538 3.223571939e-06
7539 3.223037536e-06
7540 3.222503292e-06
7541 3.221969208e-06
7542 3.221435283e-06
7543 3.220901518e-06
7544 3.220367911e-06
7545 3.219834464e-06
7546 3.219301176e-06
7547 3.218768047e-06
7548 3.218235076e-06
7549 3.217702265e-06
7550 3.217169612e-06
7551 3.216637118e-06
7552 3.216104782e-06
7553 3.215572605e-06
7554 3.215040587e-06
7555 3.214508727e-06
7556 3.213977025e-06
7557 3.213445482e-06
7558 3.212914097e-06
7559 3.21238287e-06
7560 3.211851801e-06
7561 3.21132089e-06
7562 3.210790137e-06
7563 3.210259542e-06
7564 3.209729105e-06
7565 3.209198825e-06
7566 3.208668703e-06
7567 3.208138739e-06
7568 3.207608932e-06
7569 3.207079283e-06
7570 3.206549791e-06
7571 3.206020456e-06
7572 3.205491279e-06
7573 3.204962259e-06
7574 3.204433396e-06
7575 3.20390469e-06
7576 3.203376141e-06
7577 3.202847749e-06
7578 3.202319514e-06
7579 3.201791436e-06
7580 3.201263515e-06
7581 3.20073575e-06
7582 3.200208141e-06
7583 3.19968069e-06
7584 3.199153394e-06
7585 3.198626255e-06
7586 3.198099273e-06
7587 3.197572446e-06
7588 3.197045776e-06
7589 3.196519262e-06
7590 3.195992904e-06
7591 3.195466702e-06
7592 3.194940656e-06
7593 3.194414766e-06
7594 3.193889032e-06
7595 3.193363453e-06
7596 3.19283803e-06
7597 3.192312763e-06
7598 3.191787651e-06
7599 3.191262694e-06
7600 3.190737893e-06
7601 3.190213247e-06
7602 3.189688757e-06
7603 3.189164422e-06
7604 3.188640242e-06
7605 3.188116217e-06
7606 3.187592346e-06
7607 3.187068631e-06
7608 3.186545071e-06
7609 3.186021665e-06
7610 3.185498415e-06
7611 3.184975319e-06
7612 3.184452377e-06
7613 3.18392959e-06
7614 3.183406958e-06
7615 3.182884479e-06
7616 3.182362156e-06
7617 3.181839986e-06
7618 3.181317971e-06
7619 3.18079611e-06
7620 3.180274402e-06
7621 3.179752849e-06
7622 3.17923145e-06
7623 3.178710205e-06
7624 3.178189113e-06
7625 3.177668176e-06
7626 3.177147392e-06
7627 3.176626761e-06
7628 3.176106284e-06
7629 3.175585961e-06
7630 3.175065791e-06
7631 3.174545774e-06
7632 3.174025911e-06
7633 3.173506201e-06
7634 3.172986644e-06
7635 3.17246724e-06
7636 3.171947989e-06
7637 3.171428891e-06
7638 3.170909946e-06
7639 3.170391153e-06
7640 3.169872514e-06
7641 3.169354027e-06
7642 3.168835693e-06
7643 3.168317512e-06
7644 3.167799483e-06
7645 3.167281606e-06
7646 3.166763882e-06
7647 3.16624631e-06
7648 3.16572889e-06
7649 3.165211623e-06
7650 3.164694507e-06
7651 3.164177544e-06
7652 3.163660732e-06
7653 3.163144073e-06
7654 3.162627565e-06
7655 3.16211121e-06
7656 3.161595006e-06
7657 3.161078953e-06
7658 3.160563052e-06
7659 3.160047303e-06
7660 3.159531705e-06
7661 3.159016259e-06
7662 3.158500964e-06
7663 3.15798582e-06
7664 3.157470828e-06
7665 3.156955986e-06
7666 3.156441296e-06
7667 3.155926757e-06
7668 3.155412368e-06
7669 3.154898131e-06
7670 3.154384044e-06
7671 3.153870108e-06
7672 3.153356323e-06
7673 3.152842689e-06
7674 3.152329205e-06
7675 3.151815871e-06
7676 3.151302688e-06
7677 3.150789656e-06
7678 3.150276773e-06
7679 3.149764041e-06
7680 3.14925146e-06
7681 3.148739028e-06
7682 3.148226746e-06
7683 3.147714615e-06
7684 3.147202633e-06
7685 3.146690801e-06
7686 3.146179119e-06
7687 3.145667587e-06
7688 3.145156204e-06
7689 3.144644971e-06
7690 3.144133888e-06
7691 3.143622954e-06
7692 3.14311217e-06
7693 3.142601535e-06
7694 3.142091049e-06
7695 3.141580712e-06
7696 3.141070525e-06
7697 3.140560487e-06
7698 3.140050597e-06
7699 3.139540857e-06
7700 3.139031266e-06
7701 3.138521824e-06
7702 3.13801253e-06
7703 3.137503385e-06
7704 3.136994389e-06
7705 3.136485541e-06
7706 3.135976842e-06
7707 3.135468292e-06
7708 3.13495989e-06
7709 3.134451636e-06
7710 3.133943531e-06
7711 3.133435573e-06
7712 3.132927764e-06
7713 3.132420103e-06
7714 3.131912591e-06
7715 3.131405226e-06
7716 3.130898009e-06
7717 3.13039094e-06
7718 3.129884018e-06
7719 3.129377245e-06
7720 3.128870619e-06
7721 3.128364141e-06
7722 3.12785781e-06
7723 3.127351627e-06
7724 3.126845591e-06
7725 3.126339703e-06
7726 3.125833962e-06
7727 3.125328368e-06
7728 3.124822921e-06
7729 3.124317622e-06
7730 3.123812469e-06
7731 3.123307464e-06
7732 3.122802605e-06
7733 3.122297893e-06
7734 3.121793329e-06
7735 3.12128891e-06
7736 3.120784639e-06
7737 3.120280514e-06
7738 3.119776536e-06
7739 3.119272704e-06
7740 3.118769019e-06
7741 3.11826548e-06
7742 3.117762087e-06
7743 3.117258841e-06
7744 3.116755741e-06
7745 3.116252787e-06
7746 3.115749979e-06
7747 3.115247317e-06
7748 3.114744801e-06
7749 3.114242431e-06
7750 3.113740207e-06
7751 3.113238128e-06
7752 3.112736195e-06
7753 3.112234408e-06
7754 3.111732767e-06
7755 3.111231271e-06
7756 3.11072992e-06
7757 3.110228715e-06
7758 3.109727655e-06
7759 3.10922674e-06
7760 3.108725971e-06
7761 3.108225347e-06
7762 3.107724868e-06
7763 3.107224534e-06
7764 3.106724345e-06
7765 3.106224301e-06
7766 3.105724401e-06
7767 3.105224647e-06
7768 3.104725037e-06
7769 3.104225572e-06
7770 3.103726251e-06
7771 3.103227075e-06
7772 3.102728044e-06
7773 3.102229157e-06
7774 3.101730414e-06
7775 3.101231816e-06
7776 3.100733362e-06
7777 3.100235052e-06
7778 3.099736886e-06
7779 3.099238865e-06
7780 3.098740987e-06
7781 3.098243253e-06
7782 3.097745663e-06
7783 3.097248217e-06
7784 3.096750915e-06
7785 3.096253756e-06
7786 3.095756741e-06
7787 3.09525987e-06
7788 3.094763142e-06
7789 3.094266558e-06
7790 3.093770117e-06
7791 3.09327382e-06
7792 3.092777665e-06
7793 3.092281654e-06
7794 3.091785786e-06
7795 3.091290062e-06
7796 3.09079448e-06
7797 3.090299041e-06
7798 3.089803745e-06
7799 3.089308592e-06
7800 3.088813582e-06
7801 3.088318715e-06
7802 3.08782399e-06
7803 3.087329408e-06
7804 3.086834969e-06
7805 3.086340672e-06
7806 3.085846517e-06
7807 3.085352505e-06
7808 3.084858636e-06
7809 3.084364908e-06
7810 3.083871323e-06
7811 3.08337788e-06
7812 3.082884579e-06
7813 3.08239142e-06
7814 3.081898403e-06
7815 3.081405528e-06
7816 3.080912795e-06
7817 3.080420203e-06
7818 3.079927754e-06
7819 3.079435446e-06
7820 3.078943279e-06
7821 3.078451255e-06
7822 3.077959371e-06
7823 3.07746763e-06
7824 3.076976029e-06
7825 3.07648457e-06
7826 3.075993252e-06
7827 3.075502076e-06
7828 3.07501104e-06
7829 3.074520146e-06
7830 3.074029393e-06
7831 3.07353878e-06
7832 3.073048309e-06
7833 3.072557979e-06
7834 3.072067789e-06
7835 3.07157774e-06
7836 3.071087832e-06
7837 3.070598064e-06
7838 3.070108437e-06
7839 3.069618951e-06
7840 3.069129605e-06
7841 3.068640399e-06
7842 3.068151334e-06
7843 3.067662408e-06
7844 3.067173624e-06
7845 3.066684979e-06
7846 3.066196474e-06
7847 3.06570811e-06
7848 3.065219885e-06
7849 3.064731801e-06
7850 3.064243856e-06
7851 3.063756051e-06
7852 3.063268386e-06
7853 3.062780861e-06
7854 3.062293475e-06
7855 3.061806229e-06
7856 3.061319122e-06
7857 3.060832155e-06
7858 3.060345327e-06
7859 3.059858639e-06
7860 3.05937209e-06
7861 3.05888568e-06
7862 3.058399409e-06
7863 3.057913278e-06
7864 3.057427285e-06
7865 3.056941432e-06
7866 3.056455717e-06
7867 3.055970142e-06
7868 3.055484705e-06
7869 3.054999407e-06
7870 3.054514248e-06
7871 3.054029227e-06
7872 3.053544345e-06
7873 3.053059602e-06
7874 3.052574997e-06
7875 3.05209053e-06
7876 3.051606202e-06
7877 3.051122012e-06
7878 3.050637961e-06
7879 3.050154047e-06
7880 3.049670272e-06
7881 3.049186635e-06
7882 3.048703136e-06
7883 3.048219775e-06
7884 3.047736552e-06
7885 3.047253467e-06
7886 3.046770519e-06
7887 3.04628771e-06
7888 3.045805038e-06
7889 3.045322503e-06
7890 3.044840106e-06
7891 3.044357847e-06
7892 3.043875725e-06
7893 3.043393741e-06
7894 3.042911894e-06
7895 3.042430184e-06
7896 3.041948612e-06
7897 3.041467177e-06
7898 3.040985879e-06
7899 3.040504718e-06
7900 3.040023694e-06
7901 3.039542807e-06
7902 3.039062056e-06
7903 3.038581443e-06
7904 3.038100967e-06
7905 3.037620627e-06
7906 3.037140424e-06
7907 3.036660357e-06
7908 3.036180427e-06
7909 3.035700634e-06
7910 3.035220977e-06
7911 3.034741457e-06
7912 3.034262072e-06
7913 3.033782825e-06
7914 3.033303713e-06
7915 3.032824737e-06
7916 3.032345898e-06
7917 3.031867195e-06
7918 3.031388628e-06
7919 3.030910196e-06
7920 3.030431901e-06
7921 3.029953741e-06
7922 3.029475718e-06
7923 3.028997829e-06
7924 3.028520077e-06
7925 3.02804246e-06
7926 3.027564979e-06
7927 3.027087633e-06
7928 3.026610423e-06
7929 3.026133348e-06
7930 3.025656409e-06
7931 3.025179605e-06
7932 3.024702936e-06
7933 3.024226402e-06
7934 3.023750003e-06
7935 3.02327374e-06
7936 3.022797611e-06
7937 3.022321617e-06
7938 3.021845759e-06
7939 3.021370035e-06
7940 3.020894446e-06
7941 3.020418991e-06
7942 3.019943672e-06
7943 3.019468487e-06
7944 3.018993436e-06
7945 3.01851852e-06
7946 3.018043739e-06
7947 3.017569091e-06
7948 3.017094579e-06
7949 3.0166202e-06
7950 3.016145956e-06
7951 3.015671846e-06
7952 3.01519787e-06
7953 3.014724028e-06
7954 3.01425032e-06
7955 3.013776746e-06
7956 3.013303306e-06
7957 3.01283e-06
7958 3.012356828e-06
7959 3.01188379e-06
7960 3.011410885e-06
7961 3.010938113e-06
7962 3.010465476e-06
7963 3.009992972e-06
7964 3.009520601e-06
7965 3.009048364e-06
7966 3.00857626e-06
7967 3.008104289e-06
7968 3.007632452e-06
7969 3.007160748e-06
7970 3.006689177e-06
7971 3.006217739e-06
7972 3.005746434e-06
7973 3.005275263e-06
7974 3.004804224e-06
7975 3.004333318e-06
7976 3.003862544e-06
7977 3.003391904e-06
7978 3.002921396e-06
7979 3.002451021e-06
7980 3.001980779e-06
7981 3.001510669e-06
7982 3.001040692e-06
7983 3.000570847e-06
7984 3.000101134e-06
7985 2.999631554e-06
7986 2.999162106e-06
7987 2.99869279e-06
7988 2.998223607e-06
7989 2.997754555e-06
7990 2.997285636e-06
7991 2.996816848e-06
7992 2.996348193e-06
7993 2.99587967e-06
7994 2.995411278e-06
7995 2.994943018e-06
7996 2.99447489e-06
7997 2.994006894e-06
7998 2.993539029e-06
7999 2.993071296e-06
8000 2.992603694e-06
8001 2.992136224e-06
8002 2.991668885e-06
8003 2.991201678e-06
8004 2.990734602e-06
8005 2.990267657e-06
8006 2.989800843e-06
8007 2.989334161e-06
8008 2.98886761e-06
8009 2.98840119e-06
8010 2.9879349e-06
8011 2.987468742e-06
8012 2.987002715e-06
8013 2.986536818e-06
8014 2.986071052e-06
8015 2.985605417e-06
8016 2.985139913e-06
8017 2.984674539e-06
8018 2.984209296e-06
8019 2.983744183e-06
8020 2.983279201e-06
8021 2.982814349e-06
8022 2.982349628e-06
8023 2.981885037e-06
8024 2.981420576e-06
8025 2.980956245e-06
8026 2.980492045e-06
8027 2.980027974e-06
8028 2.979564034e-06
8029 2.979100224e-06
8030 2.978636543e-06
8031 2.978172993e-06
8032 2.977709572e-06
8033 2.977246281e-06
8034 2.97678312e-06
8035 2.976320089e-06
8036 2.975857187e-06
8037 2.975394414e-06
8038 2.974931772e-06
8039 2.974469258e-06
8040 2.974006874e-06
8041 2.97354462e-06
8042 2.973082495e-06
8043 2.972620499e-06
8044 2.972158632e-06
8045 2.971696894e-06
8046 2.971235286e-06
8047 2.970773807e-06
8048 2.970312456e-06
8049 2.969851235e-06
8050 2.969390142e-06
8051 2.968929178e-06
8052 2.968468343e-06
8053 2.968007637e-06
8054 2.96754706e-06
8055 2.967086611e-06
8056 2.96662629e-06
8057 2.966166099e-06
8058 2.965706035e-06
8059 2.965246101e-06
8060 2.964786294e-06
8061 2.964326616e-06
8062 2.963867066e-06
8063 2.963407644e-06
8064 2.962948351e-06
8065 2.962489185e-06
8066 2.962030148e-06
8067 2.961571239e-06
8068 2.961112457e-06
8069 2.960653804e-06
8070 2.960195278e-06
8071 2.959736881e-06
8072 2.959278611e-06
8073 2.958820468e-06
8074 2.958362454e-06
8075 2.957904567e-06
8076 2.957446807e-06
8077 2.956989175e-06
8078 2.956531671e-06
8079 2.956074293e-06
8080 2.955617044e-06
8081 2.955159921e-06
8082 2.954702926e-06
8083 2.954246058e-06
8084 2.953789317e-06
8085 2.953332703e-06
8086 2.952876216e-06
8087 2.952419856e-06
8088 2.951963623e-06
8089 2.951507517e-06
8090 2.951051538e-06
8091 2.950595686e-06
8092 2.95013996e-06
8093 2.949684361e-06
8094 2.949228889e-06
8095 2.948773543e-06
8096 2.948318324e-06
8097 2.947863231e-06
8098 2.947408265e-06
8099 2.946953425e-06
8100 2.946498711e-06
8101 2.946044124e-06
8102 2.945589663e-06
8103 2.945135328e-06
8104 2.944681119e-06
8105 2.944227036e-06
8106 2.94377308e-06
8107 2.943319249e-06
8108 2.942865544e-06
8109 2.942411965e-06
8110 2.941958512e-06
8111 2.941505185e-06
8112 2.941051983e-06
8113 2.940598907e-06
8114 2.940145957e-06
8115 2.939693132e-06
8116 2.939240433e-06
8117 2.938787859e-06
8118 2.938335411e-06
8119 2.937883088e-06
8120 2.93743089e-06
8121 2.936978818e-06
8122 2.93652687e-06
8123 2.936075048e-06
8124 2.935623351e-06
8125 2.93517178e-06
8126 2.934720333e-06
8127 2.934269011e-06
8128 2.933817814e-06
8129 2.933366742e-06
8130 2.932915795e-06
8131 2.932464972e-06
8132 2.932014274e-06
8133 2.931563701e-06
8134 2.931113253e-06
8135 2.930662929e-06
8136 2.93021273e-06
8137 2.929762655e-06
8138 2.929312704e-06
8139 2.928862878e-06
8140 2.928413176e-06
8141 2.927963599e-06
8142 2.927514145e-06
8143 2.927064816e-06
8144 2.926615611e-06
8145 2.92616653e-06
8146 2.925717573e-06
8147 2.92526874e-06
8148 2.924820031e-06
8149 2.924371446e-06
8150 2.923922985e-06
8151 2.923474647e-06
8152 2.923026434e-06
8153 2.922578343e-06
8154 2.922130377e-06
8155 2.921682534e-06
8156 2.921234815e-06
8157 2.920787219e-06
8158 2.920339746e-06
8159 2.919892397e-06
8160 2.919445171e-06
8161 2.918998069e-06
8162 2.91855109e-06
8163 2.918104233e-06
8164 2.917657501e-06
8165 2.917210891e-06
8166 2.916764404e-06
8167 2.91631804e-06
8168 2.915871799e-06
8169 2.915425681e-06
8170 2.914979686e-06
8171 2.914533814e-06
8172 2.914088064e-06
8173 2.913642437e-06
8174 2.913196933e-06
8175 2.912751551e-06
8176 2.912306292e-06
8177 2.911861156e-06
8178 2.911416141e-06
8179 2.91097125e-06
8180 2.91052648e-06
8181 2.910081833e-06
8182 2.909637308e-06
8183 2.909192906e-06
8184 2.908748625e-06
8185 2.908304467e-06
8186 2.907860431e-06
8187 2.907416516e-06
8188 2.906972724e-06
8189 2.906529054e-06
8190 2.906085505e-06
8191 2.905642078e-06
8192 2.905198773e-06
8193 2.90475559e-06
8194 2.904312529e-06
8195 2.903869589e-06
8196 2.903426771e-06
8197 2.902984074e-06
8198 2.902541499e-06
8199 2.902099045e-06
8200 2.901656712e-06
8201 2.901214501e-06
8202 2.900772411e-06
8203 2.900330443e-06
8204 2.899888595e-06
8205 2.899446869e-06
8206 2.899005264e-06
8207 2.89856378e-06
8208 2.898122417e-06
8209 2.897681175e-06
8210 2.897240053e-06
8211 2.896799053e-06
8212 2.896358173e-06
8213 2.895917415e-06
8214 2.895476777e-06
8215 2.895036259e-06
8216 2.894595862e-06
8217 2.894155586e-06
8218 2.893715431e-06
8219 2.893275395e-06
8220 2.892835481e-06
8221 2.892395686e-06
8222 2.891956012e-06
8223 2.891516458e-06
8224 2.891077025e-06
8225 2.890637712e-06
8226 2.890198518e-06
8227 2.889759445e-06
8228 2.889320492e-06
8229 2.888881659e-06
8230 2.888442946e-06
8231 2.888004353e-06
8232 2.88756588e-06
8233 2.887127526e-06
8234 2.886689293e-06
8235 2.886251179e-06
8236 2.885813184e-06
8237 2.88537531e-06
8238 2.884937555e-06
8239 2.884499919e-06
8240 2.884062403e-06
8241 2.883625006e-06
8242 2.883187729e-06
8243 2.882750571e-06
8244 2.882313532e-06
8245 2.881876613e-06
8246 2.881439813e-06
8247 2.881003132e-06
8248 2.88056657e-06
8249 2.880130127e-06
8250 2.879693803e-06
8251 2.879257598e-06
8252 2.878821512e-06
8253 2.878385545e-06
8254 2.877949697e-06
8255 2.877513967e-06
8256 2.877078357e-06
8257 2.876642865e-06
8258 2.876207491e-06
8259 2.875772236e-06
8260 2.8753371e-06
8261 2.874902082e-06
8262 2.874467183e-06
8263 2.874032402e-06
8264 2.873597739e-06
8265 2.873163195e-06
8266 2.872728769e-06
8267 2.872294461e-06
8268 2.871860272e-06
8269 2.8714262e-06
8270 2.870992247e-06
8271 2.870558411e-06
8272 2.870124694e-06
8273 2.869691095e-06
8274 2.869257613e-06
8275 2.868824249e-06
8276 2.868391004e-06
8277 2.867957875e-06
8278 2.867524865e-06
8279 2.867091972e-06
8280 2.866659197e-06
8281 2.86622654e-06
8282 2.865794e-06
8283 2.865361577e-06
8284 2.864929272e-06
8285 2.864497084e-06
8286 2.864065014e-06
8287 2.863633061e-06
8288 2.863201225e-06
8289 2.862769506e-06
8290 2.862337905e-06
8291 2.86190642e-06
8292 2.861475053e-06
8293 2.861043803e-06
8294 2.860612669e-06
8295 2.860181653e-06
8296 2.859750754e-06
8297 2.859319971e-06
8298 2.858889305e-06
8299 2.858458756e-06
8300 2.858028323e-06
8301 2.857598008e-06
8302 2.857167808e-06
8303 2.856737726e-06
8304 2.85630776e-06
8305 2.85587791e-06
8306 2.855448177e-06
8307 2.85501856e-06
8308 2.85458906e-06
8309 2.854159675e-06
8310 2.853730407e-06
8311 2.853301256e-06
8312 2.85287222e-06
8313 2.852443301e-06
8314 2.852014497e-06
8315 2.85158581e-06
8316 2.851157238e-06
8317 2.850728783e-06
8318 2.850300443e-06
8319 2.849872219e-06
8320 2.849444111e-06
8321 2.849016119e-06
8322 2.848588243e-06
8323 2.848160482e-06
8324 2.847732836e-06
8325 2.847305307e-06
8326 2.846877892e-06
8327 2.846450594e-06
8328 2.84602341e-06
8329 2.845596342e-06
8330 2.84516939e-06
8331 2.844742552e-06
8332 2.84431583e-06
8333 2.843889224e-06
8334 2.843462732e-06
8335 2.843036355e-06
8336 2.842610094e-06
8337 2.842183947e-06
8338 2.841757916e-06
8339 2.841331999e-06
8340 2.840906198e-06
8341 2.840480511e-06
8342 2.840054939e-06
8343 2.839629481e-06
8344 2.839204139e-06
8345 2.838778911e-06
8346 2.838353798e-06
8347 2.837928799e-06
8348 2.837503915e-06
8349 2.837079145e-06
8350 2.83665449e-06
8351 2.836229949e-06
8352 2.835805523e-06
8353 2.83538121e-06
8354 2.834957013e-06
8355 2.834532929e-06
8356 2.834108959e-06
8357 2.833685104e-06
8358 2.833261363e-06
8359 2.832837735e-06
8360 2.832414222e-06
8361 2.831990823e-06
8362 2.831567538e-06
8363 2.831144366e-06
8364 2.830721308e-06
8365 2.830298364e-06
8366 2.829875534e-06
8367 2.829452818e-06
8368 2.829030215e-06
8369 2.828607726e-06
8370 2.82818535e-06
8371 2.827763088e-06
8372 2.827340939e-06
8373 2.826918904e-06
8374 2.826496982e-06
8375 2.826075173e-06
8376 2.825653478e-06
8377 2.825231896e-06
8378 2.824810427e-06
8379 2.824389072e-06
8380 2.823967829e-06
8381 2.8235467e-06
8382 2.823125683e-06
8383 2.82270478e-06
8384 2.822283989e-06
8385 2.821863312e-06
8386 2.821442747e-06
8387 2.821022295e-06
8388 2.820601956e-06
8389 2.820181729e-06
8390 2.819761616e-06
8391 2.819341614e-06
8392 2.818921726e-06
8393 2.81850195e-06
8394 2.818082286e-06
8395 2.817662735e-06
8396 2.817243297e-06
8397 2.816823971e-06
8398 2.816404757e-06
8399 2.815985655e-06
8400 2.815566666e-06
8401 2.815147789e-06
8402 2.814729024e-06
8403 2.814310371e-06
8404 2.81389183e-06
8405 2.813473401e-06
8406 2.813055084e-06
8407 2.812636879e-06
8408 2.812218786e-06
8409 2.811800805e-06
8410 2.811382936e-06
8411 2.810965178e-06
8412 2.810547533e-06
8413 2.810129998e-06
8414 2.809712576e-06
8415 2.809295265e-06
8416 2.808878066e-06
8417 2.808460978e-06
8418 2.808044001e-06
8419 2.807627136e-06
8420 2.807210383e-06
8421 2.806793741e-06
8422 2.80637721e-06
8423 2.80596079e-06
8424 2.805544482e-06
8425 2.805128284e-06
8426 2.804712198e-06
8427 2.804296223e-06
8428 2.803880359e-06
8429 2.803464606e-06
8430 2.803048964e-06
8431 2.802633432e-06
8432 2.802218012e-06
8433 2.801802703e-06
8434 2.801387504e-06
8435 2.800972416e-06
8436 2.800557438e-06
8437 2.800142572e-06
8438 2.799727816e-06
8439 2.79931317e-06
8440 2.798898635e-06
8441 2.798484211e-06
8442 2.798069897e-06
8443 2.797655693e-06
8444 2.7972416e-06
8445 2.796827617e-06
8446 2.796413744e-06
8447 2.795999982e-06
8448 2.795586329e-06
8449 2.795172787e-06
8450 2.794759355e-06
8451 2.794346033e-06
8452 2.793932821e-06
8453 2.793519719e-06
8454 2.793106727e-06
8455 2.792693845e-06
8456 2.792281073e-06
8457 2.79186841e-06
8458 2.791455857e-06
8459 2.791043414e-06
8460 2.790631081e-06
8461 2.790218857e-06
8462 2.789806743e-06
8463 2.789394738e-06
8464 2.788982843e-06
8465 2.788571058e-06
8466 2.788159381e-06
8467 2.787747815e-06
8468 2.787336357e-06
8469 2.786925009e-06
8470 2.78651377e-06
8471 2.78610264e-06
8472 2.78569162e-06
8473 2.785280708e-06
8474 2.784869906e-06
8475 2.784459213e-06
8476 2.784048629e-06
8477 2.783638153e-06
8478 2.783227787e-06
8479 2.782817529e-06
8480 2.782407381e-06
8481 2.781997341e-06
8482 2.78158741e-06
8483 2.781177587e-06
8484 2.780767874e-06
8485 2.780358269e-06
8486 2.779948772e-06
8487 2.779539384e-06
8488 2.779130105e-06
8489 2.778720934e-06
8490 2.778311871e-06
8491 2.777902917e-06
8492 2.777494071e-06
8493 2.777085334e-06
8494 2.776676705e-06
8495 2.776268184e-06
8496 2.775859771e-06
8497 2.775451466e-06
8498 2.775043269e-06
8499 2.774635181e-06
8500 2.7742272e-06
8501 2.773819327e-06
8502 2.773411563e-06
8503 2.773003906e-06
8504 2.772596357e-06
8505 2.772188916e-06
8506 2.771781582e-06
8507 2.771374357e-06
8508 2.770967239e-06
8509 2.770560228e-06
8510 2.770153326e-06
8511 2.76974653e-06
8512 2.769339843e-06
8513 2.768933263e-06
8514 2.76852679e-06
8515 2.768120424e-06
8516 2.767714166e-06
8517 2.767308016e-06
8518 2.766901972e-06
8519 2.766496036e-06
8520 2.766090207e-06
8521 2.765684485e-06
8522 2.76527887e-06
8523 2.764873362e-06
8524 2.764467962e-06
8525 2.764062668e-06
8526 2.763657481e-06
8527 2.763252401e-06
8528 2.762847428e-06
8529 2.762442562e-06
8530 2.762037803e-06
8531 2.76163315e-06
8532 2.761228604e-06
8533 2.760824165e-06
8534 2.760419832e-06
8535 2.760015606e-06
8536 2.759611486e-06
8537 2.759207473e-06
8538 2.758803567e-06
8539 2.758399766e-06
8540 2.757996072e-06
8541 2.757592485e-06
8542 2.757189004e-06
8543 2.756785629e-06
8544 2.75638236e-06
8545 2.755979197e-06
8546 2.755576141e-06
8547 2.75517319e-06
8548 2.754770346e-06
8549 2.754367608e-06
8550 2.753964976e-06
8551 2.753562449e-06
8552 2.753160029e-06
8553 2.752757714e-06
8554 2.752355505e-06
8555 2.751953402e-06
8556 2.751551405e-06
8557 2.751149513e-06
8558 2.750747727e-06
8559 2.750346046e-06
8560 2.749944472e-06
8561 2.749543002e-06
8562 2.749141638e-06
8563 2.74874038e-06
8564 2.748339227e-06
8565 2.747938179e-06
8566 2.747537237e-06
8567 2.7471364e-06
8568 2.746735668e-06
8569 2.746335042e-06
8570 2.74593452e-06
8571 2.745534104e-06
8572 2.745133793e-06
8573 2.744733587e-06
8574 2.744333486e-06
8575 2.74393349e-06
8576 2.743533598e-06
8577 2.743133812e-06
8578 2.742734131e-06
8579 2.742334554e-06
8580 2.741935082e-06
8581 2.741535715e-06
8582 2.741136452e-06
8583 2.740737295e-06
8584 2.740338241e-06
8585 2.739939293e-06
8586 2.739540449e-06
8587 2.739141709e-06
8588 2.738743074e-06
8589 2.738344543e-06
8590 2.737946117e-06
8591 2.737547795e-06
8592 2.737149577e-06
8593 2.736751464e-06
8594 2.736353454e-06
8595 2.735955549e-06
8596 2.735557748e-06
8597 2.735160052e-06
8598 2.734762459e-06
8599 2.73436497e-06
8600 2.733967585e-06
8601 2.733570304e-06
8602 2.733173127e-06
8603 2.732776054e-06
8604 2.732379085e-06
8605 2.73198222e-06
8606 2.731585458e-06
8607 2.7311888e-06
8608 2.730792246e-06
8609 2.730395795e-06
8610 2.729999448e-06
8611 2.729603204e-06
8612 2.729207064e-06
8613 2.728811027e-06
8614 2.728415094e-06
8615 2.728019264e-06
8616 2.727623538e-06
8617 2.727227915e-06
8618 2.726832395e-06
8619 2.726436978e-06
8620 2.726041665e-06
8621 2.725646455e-06
8622 2.725251348e-06
8623 2.724856344e-06
8624 2.724461443e-06
8625 2.724066645e-06
8626 2.72367195e-06
8627 2.723277358e-06
8628 2.722882868e-06
8629 2.722488482e-06
8630 2.722094198e-06
8631 2.721700018e-06
8632 2.72130594e-06
8633 2.720911964e-06
8634 2.720518092e-06
8635 2.720124321e-06
8636 2.719730654e-06
8637 2.719337089e-06
8638 2.718943627e-06
8639 2.718550267e-06
8640 2.718157009e-06
8641 2.717763854e-06
8642 2.717370801e-06
8643 2.71697785e-06
8644 2.716585002e-06
8645 2.716192256e-06
8646 2.715799612e-06
8647 2.715407071e-06
8648 2.715014631e-06
8649 2.714622294e-06
8650 2.714230058e-06
8651 2.713837925e-06
8652 2.713445893e-06
8653 2.713053964e-06
8654 2.712662136e-06
8655 2.71227041e-06
8656 2.711878786e-06
8657 2.711487264e-06
8658 2.711095843e-06
8659 2.710704525e-06
8660 2.710313307e-06
8661 2.709922192e-06
8662 2.709531178e-06
8663 2.709140266e-06
8664 2.708749455e-06
8665 2.708358745e-06
8666 2.707968137e-06
8667 2.707577631e-06
8668 2.707187225e-06
8669 2.706796921e-06
8670 2.706406719e-06
8671 2.706016617e-06
8672 2.705626617e-06
8673 2.705236718e-06
8674 2.70484692e-06
8675 2.704457223e-06
8676 2.704067627e-06
8677 2.703678133e-06
8678 2.703288739e-06
8679 2.702899446e-06
8680 2.702510254e-06
8681 2.702121163e-06
8682 2.701732172e-06
8683 2.701343283e-06
8684 2.700954494e-06
8685 2.700565806e-06
8686 2.700177219e-06
8687 2.699788732e-06
8688 2.699400346e-06
8689 2.69901206e-06
8690 2.698623875e-06
8691 2.698235791e-06
8692 2.697847806e-06
8693 2.697459923e-06
8694 2.697072139e-06
8695 2.696684456e-06
8696 2.696296873e-06
8697 2.695909391e-06
8698 2.695522009e-06
8699 2.695134727e-06
8700 2.694747545e-06
8701 2.694360463e-06
8702 2.693973481e-06
8703 2.693586599e-06
8704 2.693199818e-06
8705 2.692813136e-06
8706 2.692426554e-06
8707 2.692040072e-06
8708 2.69165369e-06
8709 2.691267408e-06
8710 2.690881225e-06
8711 2.690495142e-06
8712 2.690109159e-06
8713 2.689723276e-06
8714 2.689337492e-06
8715 2.688951808e-06
8716 2.688566223e-06
8717 2.688180738e-06
8718 2.687795352e-06
8719 2.687410066e-06
8720 2.687024879e-06
8721 2.686639792e-06
8722 2.686254804e-06
8723 2.685869915e-06
8724 2.685485125e-06
8725 2.685100435e-06
8726 2.684715844e-06
8727 2.684331352e-06
8728 2.683946959e-06
8729 2.683562665e-06
8730 2.68317847e-06
8731 2.682794374e-06
8732 2.682410377e-06
8733 2.682026479e-06
8734 2.68164268e-06
8735 2.68125898e-06
8736 2.680875378e-06
8737 2.680491876e-06
8738 2.680108472e-06
8739 2.679725166e-06
8740 2.67934196e-06
8741 2.678958852e-06
8742 2.678575843e-06
8743 2.678192932e-06
8744 2.67781012e-06
8745 2.677427406e-06
8746 2.67704479e-06
8747 2.676662273e-06
8748 2.676279855e-06
8749 2.675897535e-06
8750 2.675515313e-06
8751 2.675133189e-06
8752 2.674751164e-06
8753 2.674369236e-06
8754 2.673987407e-06
8755 2.673605676e-06
8756 2.673224043e-06
8757 2.672842508e-06
8758 2.672461072e-06
8759 2.672079733e-06
8760 2.671698492e-06
8761 2.671317349e-06
8762 2.670936304e-06
8763 2.670555356e-06
8764 2.670174507e-06
8765 2.669793755e-06
8766 2.669413101e-06
8767 2.669032544e-06
8768 2.668652085e-06
8769 2.668271724e-06
8770 2.667891461e-06
8771 2.667511295e-06
8772 2.667131226e-06
8773 2.666751255e-06
8774 2.666371381e-06
8775 2.665991605e-06
8776 2.665611926e-06
8777 2.665232344e-06
8778 2.66485286e-06
8779 2.664473473e-06
8780 2.664094183e-06
8781 2.66371499e-06
8782 2.663335895e-06
8783 2.662956896e-06
8784 2.662577995e-06
8785 2.662199191e-06
8786 2.661820483e-06
8787 2.661441873e-06
8788 2.661063359e-06
8789 2.660684943e-06
8790 2.660306623e-06
8791 2.6599284e-06
8792 2.659550274e-06
8793 2.659172244e-06
8794 2.658794312e-06
8795 2.658416476e-06
8796 2.658038736e-06
8797 2.657661094e-06
8798 2.657283547e-06
8799 2.656906098e-06
8800 2.656528744e-06
8801 2.656151488e-06
8802 2.655774327e-06
8803 2.655397263e-06
8804 2.655020296e-06
8805 2.654643425e-06
8806 2.65426665e-06
8807 2.653889971e-06
8808 2.653513388e-06
8809 2.653136902e-06
8810 2.652760512e-06
8811 2.652384218e-06
8812 2.65200802e-06
8813 2.651631918e-06
8814 2.651255912e-06
8815 2.650880002e-06
8816 2.650504188e-06
8817 2.650128469e-06
8818 2.649752847e-06
8819 2.64937732e-06
8820 2.64900189e-06
8821 2.648626555e-06
8822 2.648251315e-06
8823 2.647876172e-06
8824 2.647501124e-06
8825 2.647126171e-06
8826 2.646751315e-06
8827 2.646376553e-06
8828 2.646001888e-06
8829 2.645627317e-06
8830 2.645252843e-06
8831 2.644878463e-06
8832 2.644504179e-06
8833 2.64412999e-06
8834 2.643755897e-06
8835 2.643381899e-06
8836 2.643007996e-06
8837 2.642634188e-06
8838 2.642260475e-06
8839 2.641886858e-06
8840 2.641513335e-06
8841 2.641139908e-06
8842 2.640766576e-06
8843 2.640393338e-06
8844 2.640020196e-06
8845 2.639647148e-06
8846 2.639274195e-06
8847 2.638901338e-06
8848 2.638528575e-06
8849 2.638155906e-06
8850 2.637783333e-06
8851 2.637410854e-06
8852 2.63703847e-06
8853 2.63666618e-06
8854 2.636293985e-06
8855 2.635921885e-06
8856 2.635549879e-06
8857 2.635177968e-06
8858 2.634806151e-06
8859 2.634434428e-06
8860 2.6340628e-06
8861 2.633691266e-06
8862 2.633319827e-06
8863 2.632948482e-06
8864 2.632577231e-06
8865 2.632206074e-06
8866 2.631835012e-06
8867 2.631464043e-06
8868 2.631093169e-06
8869 2.630722389e-06
8870 2.630351703e-06
8871 2.629981111e-06
8872 2.629610613e-06
8873 2.629240208e-06
8874 2.628869898e-06
8875 2.628499682e-06
8876 2.628129559e-06
8877 2.62775953e-06
8878 2.627389595e-06
8879 2.627019754e-06
8880 2.626650006e-06
8881 2.626280352e-06
8882 2.625910792e-06
8883 2.625541325e-06
8884 2.625171952e-06
8885 2.624802673e-06
8886 2.624433486e-06
8887 2.624064394e-06
8888 2.623695395e-06
8889 2.623326489e-06
8890 2.622957676e-06
8891 2.622588957e-06
8892 2.622220331e-06
8893 2.621851798e-06
8894 2.621483359e-06
8895 2.621115013e-06
8896 2.62074676e-06
8897 2.6203786e-06
8898 2.620010533e-06
8899 2.619642559e-06
8900 2.619274678e-06
8901 2.61890689e-06
8902 2.618539195e-06
8903 2.618171593e-06
8904 2.617804084e-06
8905 2.617436668e-06
8906 2.617069345e-06
8907 2.616702114e-06
8908 2.616334976e-06
8909 2.615967931e-06
8910 2.615600978e-06
8911 2.615234118e-06
8912 2.614867351e-06
8913 2.614500676e-06
8914 2.614134094e-06
8915 2.613767605e-06
8916 2.613401207e-06
8917 2.613034903e-06
8918 2.61266869e-06
8919 2.61230257e-06
8920 2.611936543e-06
8921 2.611570607e-06
8922 2.611204764e-06
8923 2.610839014e-06
8924 2.610473355e-06
8925 2.610107788e-06
8926 2.609742314e-06
8927 2.609376932e-06
8928 2.609011642e-06
8929 2.608646444e-06
8930 2.608281338e-06
8931 2.607916324e-06
8932 2.607551401e-06
8933 2.607186571e-06
8934 2.606821833e-06
8935 2.606457186e-06
8936 2.606092631e-06
8937 2.605728168e-06
8938 2.605363797e-06
8939 2.604999518e-06
8940 2.60463533e-06
8941 2.604271233e-06
8942 2.603907229e-06
8943 2.603543316e-06
8944 2.603179494e-06
8945 2.602815764e-06
8946 2.602452126e-06
8947 2.602088578e-06
8948 2.601725123e-06
8949 2.601361758e-06
8950 2.600998485e-06
8951 2.600635304e-06
8952 2.600272213e-06
8953 2.599909214e-06
8954 2.599546306e-06
8955 2.599183489e-06
8956 2.598820764e-06
8957 2.598458129e-06
8958 2.598095585e-06
8959 2.597733133e-06
8960 2.597370771e-06
8961 2.597008501e-06
8962 2.596646321e-06
8963 2.596284233e-06
8964 2.595922235e-06
8965 2.595560328e-06
8966 2.595198512e-06
8967 2.594836787e-06
8968 2.594475152e-06
8969 2.594113608e-06
8970 2.593752155e-06
8971 2.593390792e-06
8972 2.59302952e-06
8973 2.592668339e-06
8974 2.592307248e-06
8975 2.591946248e-06
8976 2.591585338e-06
8977 2.591224519e-06
8978 2.59086379e-06
8979 2.590503151e-06
8980 2.590142603e-06
8981 2.589782145e-06
8982 2.589421777e-06
8983 2.5890615e-06
8984 2.588701313e-06
8985 2.588341216e-06
8986 2.587981209e-06
8987 2.587621292e-06
8988 2.587261465e-06
8989 2.586901729e-06
8990 2.586542082e-06
8991 2.586182526e-06
8992 2.585823059e-06
8993 2.585463682e-06
8994 2.585104396e-06
8995 2.584745199e-06
8996 2.584386091e-06
8997 2.584027074e-06
8998 2.583668147e-06
8999 2.583309309e-06
9000 2.582950561e-06
9001 2.582591902e-06
9002 2.582233333e-06
9003 2.581874854e-06
9004 2.581516465e-06
9005 2.581158164e-06
9006 2.580799954e-06
9007 2.580441833e-06
9008 2.580083801e-06
9009 2.579725859e-06
9010 2.579368006e-06
9011 2.579010242e-06
9012 2.578652568e-06
9013 2.578294983e-06
9014 2.577937487e-06
9015 2.577580081e-06
9016 2.577222763e-06
9017 2.576865535e-06
9018 2.576508396e-06
9019 2.576151346e-06
9020 2.575794385e-06
9021 2.575437513e-06
9022 2.57508073e-06
9023 2.574724036e-06
9024 2.574367431e-06
9025 2.574010915e-06
9026 2.573654488e-06
9027 2.57329815e-06
9028 2.5729419e-06
9029 2.572585739e-06
9030 2.572229667e-06
9031 2.571873683e-06
9032 2.571517789e-06
9033 2.571161982e-06
9034 2.570806265e-06
9035 2.570450636e-06
9036 2.570095095e-06
9037 2.569739644e-06
9038 2.56938428e-06
9039 2.569029005e-06
9040 2.568673819e-06
9041 2.56831872e-06
9042 2.567963711e-06
9043 2.567608789e-06
9044 2.567253956e-06
9045 2.566899211e-06
9046 2.566544554e-06
9047 2.566189985e-06
9048 2.565835505e-06
9049 2.565481113e-06
9050 2.565126809e-06
9051 2.564772593e-06
9052 2.564418464e-06
9053 2.564064424e-06
9054 2.563710472e-06
9055 2.563356608e-06
9056 2.563002832e-06
9057 2.562649143e-06
9058 2.562295543e-06
9059 2.56194203e-06
9060 2.561588605e-06
9061 2.561235268e-06
9062 2.560882019e-06
9063 2.560528857e-06
9064 2.560175783e-06
9065 2.559822796e-06
9066 2.559469897e-06
9067 2.559117086e-06
9068 2.558764362e-06
9069 2.558411726e-06
9070 2.558059177e-06
9071 2.557706716e-06
9072 2.557354342e-06
9073 2.557002055e-06
9074 2.556649856e-06
9075 2.556297744e-06
9076 2.555945719e-06
9077 2.555593782e-06
9078 2.555241931e-06
9079 2.554890168e-06
9080 2.554538492e-06
9081 2.554186904e-06
9082 2.553835402e-06
9083 2.553483987e-06
9084 2.55313266e-06
9085 2.552781419e-06
9086 2.552430266e-06
9087 2.552079199e-06
9088 2.551728219e-06
9089 2.551377326e-06
9090 2.55102652e-06
9091 2.550675801e-06
9092 2.550325168e-06
9093 2.549974623e-06
9094 2.549624164e-06
9095 2.549273791e-06
9096 2.548923506e-06
9097 2.548573307e-06
9098 2.548223194e-06
9099 2.547873169e-06
9100 2.547523229e-06
9101 2.547173376e-06
9102 2.54682361e-06
9103 2.54647393e-06
9104 2.546124337e-06
9105 2.54577483e-06
9106 2.545425409e-06
9107 2.545076074e-06
9108 2.544726826e-06
9109 2.544377664e-06
9110 2.544028589e-06
9111 2.543679599e-06
9112 2.543330696e-06
9113 2.542981879e-06
9114 2.542633148e-06
9115 2.542284503e-06
9116 2.541935944e-06
9117 2.541587471e-06
9118 2.541239084e-06
9119 2.540890783e-06
9120 2.540542568e-06
9121 2.540194438e-06
9122 2.539846395e-06
9123 2.539498438e-06
9124 2.539150566e-06
9125 2.53880278e-06
9126 2.53845508e-06
9127 2.538107465e-06
9128 2.537759936e-06
9129 2.537412493e-06
9130 2.537065135e-06
9131 2.536717863e-06
9132 2.536370677e-06
9133 2.536023576e-06
9134 2.535676561e-06
9135 2.535329631e-06
9136 2.534982786e-06
9137 2.534636027e-06
9138 2.534289353e-06
9139 2.533942765e-06
9140 2.533596261e-06
9141 2.533249844e-06
9142 2.532903511e-06
9143 2.532557264e-06
9144 2.532211101e-06
9145 2.531865024e-06
9146 2.531519033e-06
9147 2.531173126e-06
9148 2.530827304e-06
9149 2.530481567e-06
9150 2.530135916e-06
9151 2.529790349e-06
9152 2.529444867e-06
9153 2.52909947e-06
9154 2.528754158e-06
9155 2.528408931e-06
9156 2.528063789e-06
9157 2.527718731e-06
9158 2.527373759e-06
9159 2.527028871e-06
9160 2.526684067e-06
9161 2.526339349e-06
9162 2.525994715e-06
9163 2.525650165e-06
9164 2.5253057e-06
9165 2.52496132e-06
9166 2.524617025e-06
9167 2.524272813e-06
9168 2.523928687e-06
9169 2.523584644e-06
9170 2.523240686e-06
9171 2.522896813e-06
9172 2.522553024e-06
9173 2.522209319e-06
9174 2.521865698e-06
9175 2.521522162e-06
9176 2.52117871e-06
9177 2.520835342e-06
9178 2.520492058e-06
9179 2.520148859e-06
9180 2.519805743e-06
9181 2.519462712e-06
9182 2.519119765e-06
9183 2.518776901e-06
9184 2.518434122e-06
9185 2.518091426e-06
9186 2.517748815e-06
9187 2.517406287e-06
9188 2.517063844e-06
9189 2.516721484e-06
9190 2.516379208e-06
9191 2.516037016e-06
9192 2.515694907e-06
9193 2.515352882e-06
9194 2.515010941e-06
9195 2.514669084e-06
9196 2.51432731e-06
9197 2.51398562e-06
9198 2.513644013e-06
9199 2.51330249e-06
9200 2.512961051e-06
9201 2.512619694e-06
9202 2.512278422e-06
9203 2.511937233e-06
9204 2.511596127e-06
9205 2.511255104e-06
9206 2.510914165e-06
9207 2.51057331e-06
9208 2.510232537e-06
9209 2.509891848e-06
9210 2.509551242e-06
9211 2.509210719e-06
9212 2.508870279e-06
9213 2.508529923e-06
9214 2.508189649e-06
9215 2.507849459e-06
9216 2.507509351e-06
9217 2.507169327e-06
9218 2.506829386e-06
9219 2.506489527e-06
9220 2.506149752e-06
9221 2.505810059e-06
9222 2.50547045e-06
9223 2.505130923e-06
9224 2.504791479e-06
9225 2.504452118e-06
9226 2.504112839e-06
9227 2.503773643e-06
9228 2.50343453e-06
9229 2.5030955e-06
9230 2.502756552e-06
9231 2.502417687e-06
9232 2.502078904e-06
9233 2.501740204e-06
9234 2.501401587e-06
9235 2.501063052e-06
9236 2.500724599e-06
9237 2.500386229e-06
9238 2.500047941e-06
9239 2.499709736e-06
9240 2.499371613e-06
9241 2.499033572e-06
9242 2.498695614e-06
9243 2.498357737e-06
9244 2.498019944e-06
9245 2.497682232e-06
9246 2.497344602e-06
9247 2.497007055e-06
9248 2.496669589e-06
9249 2.496332206e-06
9250 2.495994905e-06
9251 2.495657686e-06
9252 2.495320549e-06
9253 2.494983494e-06
9254 2.49464652e-06
9255 2.494309629e-06
9256 2.49397282e-06
9257 2.493636092e-06
9258 2.493299446e-06
9259 2.492962882e-06
9260 2.4926264e-06
9261 2.49229e-06
9262 2.491953681e-06
9263 2.491617444e-06
9264 2.491281289e-06
9265 2.490945215e-06
9266 2.490609223e-06
9267 2.490273312e-06
9268 2.489937483e-06
9269 2.489601735e-06
9270 2.489266069e-06
9271 2.488930485e-06
9272 2.488594981e-06
9273 2.48825956e-06
9274 2.487924219e-06
9275 2.48758896e-06
9276 2.487253782e-06
9277 2.486918686e-06
9278 2.486583671e-06
9279 2.486248737e-06
9280 2.485913884e-06
9281 2.485579112e-06
9282 2.485244422e-06
9283 2.484909812e-06
9284 2.484575284e-06
9285 2.484240837e-06
9286 2.48390647e-06
9287 2.483572185e-06
9288 2.483237981e-06
9289 2.482903858e-06
9290 2.482569815e-06
9291 2.482235854e-06
9292 2.481901973e-06
9293 2.481568173e-06
9294 2.481234454e-06
9295 2.480900816e-06
9296 2.480567258e-06
9297 2.480233781e-06
9298 2.479900385e-06
9299 2.47956707e-06
9300 2.479233835e-06
9301 2.478900681e-06
9302 2.478567607e-06
9303 2.478234614e-06
9304 2.477901701e-06
9305 2.477568869e-06
9306 2.477236118e-06
9307 2.476903446e-06
9308 2.476570856e-06
9309 2.476238345e-06
9310 2.475905915e-06
9311 2.475573565e-06
9312 2.475241296e-06
9313 2.474909107e-06
9314 2.474576998e-06
9315 2.474244969e-06
9316 2.473913021e-06
9317 2.473581152e-06
9318 2.473249364e-06
9319 2.472917656e-06
9320 2.472586028e-06
9321 2.472254479e-06
9322 2.471923011e-06
9323 2.471591623e-06
9324 2.471260315e-06
9325 2.470929087e-06
9326 2.470597939e-06
9327 2.47026687e-06
9328 2.469935882e-06
9329 2.469604973e-06
9330 2.469274144e-06
9331 2.468943395e-06
9332 2.468612726e-06
9333 2.468282136e-06
9334 2.467951626e-06
9335 2.467621195e-06
9336 2.467290845e-06
9337 2.466960573e-06
9338 2.466630382e-06
9339 2.46630027e-06
9340 2.465970237e-06
9341 2.465640284e-06
9342 2.465310411e-06
9343 2.464980616e-06
9344 2.464650902e-06
9345 2.464321266e-06
9346 2.46399171e-06
9347 2.463662233e-06
9348 2.463332836e-06
9349 2.463003518e-06
9350 2.462674279e-06
9351 2.462345119e-06
9352 2.462016039e-06
9353 2.461687037e-06
9354 2.461358115e-06
9355 2.461029272e-06
9356 2.460700508e-06
9357 2.460371823e-06
9358 2.460043217e-06
9359 2.45971469e-06
9360 2.459386242e-06
9361 2.459057872e-06
9362 2.458729582e-06
9363 2.458401371e-06
9364 2.458073238e-06
9365 2.457745185e-06
9366 2.45741721e-06
9367 2.457089314e-06
9368 2.456761496e-06
9369 2.456433758e-06
9370 2.456106098e-06
9371 2.455778517e-06
9372 2.455451014e-06
9373 2.45512359e-06
9374 2.454796245e-06
9375 2.454468978e-06
9376 2.454141789e-06
9377 2.453814679e-06
9378 2.453487648e-06
9379 2.453160695e-06
9380 2.452833821e-06
9381 2.452507024e-06
9382 2.452180307e-06
9383 2.451853667e-06
9384 2.451527106e-06
9385 2.451200623e-06
9386 2.450874219e-06
9387 2.450547892e-06
9388 2.450221644e-06
9389 2.449895474e-06
9390 2.449569382e-06
9391 2.449243368e-06
9392 2.448917433e-06
9393 2.448591575e-06
9394 2.448265796e-06
9395 2.447940094e-06
9396 2.447614471e-06
9397 2.447288925e-06
9398 2.446963457e-06
9399 2.446638068e-06
9400 2.446312756e-06
9401 2.445987522e-06
9402 2.445662366e-06
9403 2.445337287e-06
9404 2.445012287e-06
9405 2.444687364e-06
9406 2.444362518e-06
9407 2.444037751e-06
9408 2.443713061e-06
9409 2.443388449e-06
9410 2.443063914e-06
9411 2.442739457e-06
9412 2.442415078e-06
9413 2.442090776e-06
9414 2.441766552e-06
9415 2.441442405e-06
9416 2.441118335e-06
9417 2.440794343e-06
9418 2.440470428e-06
9419 2.440146591e-06
9420 2.439822831e-06
9421 2.439499148e-06
9422 2.439175543e-06
9423 2.438852015e-06
9424 2.438528564e-06
9425 2.43820519e-06
9426 2.437881894e-06
9427 2.437558674e-06
9428 2.437235532e-06
9429 2.436912467e-06
9430 2.436589479e-06
9431 2.436266568e-06
9432 2.435943734e-06
9433 2.435620977e-06
9434 2.435298297e-06
9435 2.434975694e-06
9436 2.434653168e-06
9437 2.434330719e-06
9438 2.434008346e-06
9439 2.433686051e-06
9440 2.433363832e-06
9441 2.43304169e-06
9442 2.432719625e-06
9443 2.432397636e-06
9444 2.432075724e-06
9445 2.431753889e-06
9446 2.431432131e-06
9447 2.431110449e-06
9448 2.430788844e-06
9449 2.430467315e-06
9450 2.430145863e-06
9451 2.429824487e-06
9452 2.429503188e-06
9453 2.429181966e-06
9454 2.42886082e-06
9455 2.42853975e-06
9456 2.428218756e-06
9457 2.427897839e-06
9458 2.427576999e-06
9459 2.427256234e-06
9460 2.426935546e-06
9461 2.426614934e-06
9462 2.426294399e-06
9463 2.425973939e-06
9464 2.425653556e-06
9465 2.425333249e-06
9466 2.425013018e-06
9467 2.424692863e-06
9468 2.424372784e-06
9469 2.424052781e-06
9470 2.423732855e-06
9471 2.423413004e-06
9472 2.423093229e-06
9473 2.42277353e-06
9474 2.422453908e-06
9475 2.422134361e-06
9476 2.421814889e-06
9477 2.421495494e-06
9478 2.421176175e-06
9479 2.420856931e-06
9480 2.420537763e-06
9481 2.420218671e-06
9482 2.419899654e-06
9483 2.419580713e-06
9484 2.419261848e-06
9485 2.418943059e-06
9486 2.418624345e-06
9487 2.418305707e-06
9488 2.417987144e-06
9489 2.417668656e-06
9490 2.417350245e-06
9491 2.417031908e-06
9492 2.416713648e-06
9493 2.416395462e-06
9494 2.416077352e-06
9495 2.415759318e-06
9496 2.415441358e-06
9497 2.415123474e-06
9498 2.414805666e-06
9499 2.414487932e-06
9500 2.414170274e-06
9501 2.413852691e-06
9502 2.413535183e-06
9503 2.413217751e-06
9504 2.412900393e-06
9505 2.412583111e-06
9506 2.412265904e-06
9507 2.411948772e-06
9508 2.411631714e-06
9509 2.411314732e-06
9510 2.410997825e-06
9511 2.410680993e-06
9512 2.410364236e-06
9513 2.410047553e-06
9514 2.409730946e-06
9515 2.409414413e-06
9516 2.409097956e-06
9517 2.408781573e-06
9518 2.408465264e-06
9519 2.408149031e-06
9520 2.407832872e-06
9521 2.407516788e-06
9522 2.407200779e-06
9523 2.406884844e-06
9524 2.406568984e-06
9525 2.406253199e-06
9526 2.405937488e-06
9527 2.405621852e-06
9528 2.40530629e-06
9529 2.404990803e-06
9530 2.40467539e-06
9531 2.404360052e-06
9532 2.404044788e-06
9533 2.403729599e-06
9534 2.403414483e-06
9535 2.403099443e-06
9536 2.402784476e-06
9537 2.402469584e-06
9538 2.402154766e-06
9539 2.401840023e-06
9540 2.401525353e-06
9541 2.401210758e-06
9542 2.400896237e-06
9543 2.40058179e-06
9544 2.400267417e-06
9545 2.399953119e-06
9546 2.399638894e-06
9547 2.399324744e-06
9548 2.399010667e-06
9549 2.398696665e-06
9550 2.398382736e-06
9551 2.398068881e-06
9552 2.397755101e-06
9553 2.397441394e-06
9554 2.397127761e-06
9555 2.396814202e-06
9556 2.396500717e-06
9557 2.396187305e-06
9558 2.395873968e-06
9559 2.395560704e-06
9560 2.395247513e-06
9561 2.394934397e-06
9562 2.394621354e-06
9563 2.394308385e-06
9564 2.393995489e-06
9565 2.393682667e-06
9566 2.393369919e-06
9567 2.393057244e-06
9568 2.392744642e-06
9569 2.392432115e-06
9570 2.39211966e-06
9571 2.391807279e-06
9572 2.391494972e-06
9573 2.391182738e-06
9574 2.390870577e-06
9575 2.390558489e-06
9576 2.390246475e-06
9577 2.389934534e-06
9578 2.389622667e-06
9579 2.389310873e-06
9580 2.388999152e-06
9581 2.388687504e-06
9582 2.388375929e-06
9583 2.388064427e-06
9584 2.387752999e-06
9585 2.387441644e-06
9586 2.387130361e-06
9587 2.386819152e-06
9588 2.386508016e-06
9589 2.386196953e-06
9590 2.385885962e-06
9591 2.385575045e-06
9592 2.385264201e-06
9593 2.384953429e-06
9594 2.384642731e-06
9595 2.384332105e-06
9596 2.384021552e-06
9597 2.383711072e-06
9598 2.383400665e-06
9599 2.38309033e-06
9600 2.382780068e-06
9601 2.382469879e-06
9602 2.382159763e-06
9603 2.381849719e-06
9604 2.381539748e-06
9605 2.381229849e-06
9606 2.380920023e-06
9607 2.380610269e-06
9608 2.380300588e-06
9609 2.37999098e-06
9610 2.379681444e-06
9611 2.379371981e-06
9612 2.37906259e-06
9613 2.378753271e-06
9614 2.378444025e-06
9615 2.378134851e-06
9616 2.377825749e-06
9617 2.37751672e-06
9618 2.377207763e-06
9619 2.376898878e-06
9620 2.376590066e-06
9621 2.376281325e-06
9622 2.375972657e-06
9623 2.375664061e-06
9624 2.375355538e-06
9625 2.375047086e-06
9626 2.374738706e-06
9627 2.374430399e-06
9628 2.374122163e-06
9629 2.373814e-06
9630 2.373505908e-06
9631 2.373197889e-06
9632 2.372889941e-06
9633 2.372582066e-06
9634 2.372274262e-06
9635 2.37196653e-06
9636 2.37165887e-06
9637 2.371351282e-06
9638 2.371043765e-06
9639 2.370736321e-06
9640 2.370428948e-06
9641 2.370121647e-06
9642 2.369814417e-06
9643 2.369507259e-06
9644 2.369200173e-06
9645 2.368893159e-06
9646 2.368586216e-06
9647 2.368279345e-06
9648 2.367972545e-06
9649 2.367665817e-06
9650 2.36735916e-06
9651 2.367052575e-06
9652 2.366746061e-06
9653 2.366439619e-06
9654 2.366133248e-06
9655 2.365826948e-06
9656 2.36552072e-06
9657 2.365214563e-06
9658 2.364908478e-06
9659 2.364602463e-06
9660 2.36429652e-06
9661 2.363990649e-06
9662 2.363684848e-06
9663 2.363379119e-06
9664 2.363073461e-06
9665 2.362767874e-06
9666 2.362462358e-06
9667 2.362156913e-06
9668 2.36185154e-06
9669 2.361546237e-06
9670 2.361241005e-06
9671 2.360935845e-06
9672 2.360630755e-06
9673 2.360325737e-06
9674 2.360020789e-06
9675 2.359715912e-06
9676 2.359411106e-06
9677 2.359106371e-06
9678 2.358801707e-06
9679 2.358497114e-06
9680 2.358192591e-06
9681 2.357888139e-06
9682 2.357583758e-06
9683 2.357279448e-06
9684 2.356975208e-06
9685 2.356671039e-06
9686 2.356366941e-06
9687 2.356062913e-06
9688 2.355758956e-06
9689 2.355455069e-06
9690 2.355151253e-06
9691 2.354847508e-06
9692 2.354543833e-06
9693 2.354240228e-06
9694 2.353936694e-06
9695 2.353633231e-06
9696 2.353329838e-06
9697 2.353026515e-06
9698 2.352723262e-06
9699 2.35242008e-06
9700 2.352116968e-06
9701 2.351813927e-06
9702 2.351510956e-06
9703 2.351208055e-06
9704 2.350905224e-06
9705 2.350602464e-06
9706 2.350299773e-06
9707 2.349997153e-06
9708 2.349694603e-06
9709 2.349392123e-06
9710 2.349089713e-06
9711 2.348787373e-06
9712 2.348485104e-06
9713 2.348182904e-06
9714 2.347880774e-06
9715 2.347578714e-06
9716 2.347276724e-06
9717 2.346974804e-06
9718 2.346672954e-06
9719 2.346371174e-06
9720 2.346069464e-06
9721 2.345767823e-06
9722 2.345466252e-06
9723 2.345164752e-06
9724 2.34486332e-06
9725 2.344561959e-06
9726 2.344260667e-06
9727 2.343959445e-06
9728 2.343658293e-06
9729 2.34335721e-06
9730 2.343056197e-06
9731 2.342755253e-06
9732 2.342454379e-06
9733 2.342153575e-06
9734 2.34185284e-06
9735 2.341552175e-06
9736 2.341251579e-06
9737 2.340951052e-06
9738 2.340650595e-06
9739 2.340350207e-06
9740 2.340049889e-06
9741 2.33974964e-06
9742 2.339449461e-06
9743 2.33914935e-06
9744 2.338849309e-06
9745 2.338549338e-06
9746 2.338249435e-06
9747 2.337949602e-06
9748 2.337649838e-06
9749 2.337350143e-06
9750 2.337050517e-06
9751 2.336750961e-06
9752 2.336451473e-06
9753 2.336152055e-06
9754 2.335852706e-06
9755 2.335553425e-06
9756 2.335254214e-06
9757 2.334955072e-06
9758 2.334655999e-06
9759 2.334356994e-06
9760 2.334058059e-06
9761 2.333759192e-06
9762 2.333460395e-06
9763 2.333161666e-06
9764 2.332863006e-06
9765 2.332564415e-06
9766 2.332265892e-06
9767 2.331967439e-06
9768 2.331669054e-06
9769 2.331370737e-06
9770 2.33107249e-06
9771 2.330774311e-06
9772 2.330476201e-06
9773 2.330178159e-06
9774 2.329880187e-06
9775 2.329582282e-06
9776 2.329284446e-06
9777 2.328986679e-06
9778 2.32868898e-06
9779 2.32839135e-06
9780 2.328093788e-06
9781 2.327796295e-06
9782 2.32749887e-06
9783 2.327201513e-06
9784 2.326904225e-06
9785 2.326607005e-06
9786 2.326309854e-06
9787 2.326012771e-06
9788 2.325715756e-06
9789 2.325418809e-06
9790 2.325121931e-06
9791 2.324825121e-06
9792 2.324528379e-06
9793 2.324231705e-06
9794 2.323935099e-06
9795 2.323638562e-06
9796 2.323342092e-06
9797 2.323045691e-06
9798 2.322749358e-06
9799 2.322453092e-06
9800 2.322156895e-06
9801 2.321860766e-06
9802 2.321564704e-06
9803 2.321268711e-06
9804 2.320972786e-06
9805 2.320676928e-06
9806 2.320381138e-06
9807 2.320085417e-06
9808 2.319789763e-06
9809 2.319494177e-06
9810 2.319198658e-06
9811 2.318903208e-06
9812 2.318607825e-06
9813 2.31831251e-06
9814 2.318017262e-06
9815 2.317722082e-06
9816 2.31742697e-06
9817 2.317131926e-06
9818 2.316836949e-06
9819 2.316542039e-06
9820 2.316247198e-06
9821 2.315952424e-06
9822 2.315657717e-06
9823 2.315363078e-06
9824 2.315068506e-06
9825 2.314774002e-06
9826 2.314479565e-06
9827 2.314185195e-06
9828 2.313890893e-06
9829 2.313596659e-06
9830 2.313302491e-06
9831 2.313008391e-06
9832 2.312714359e-06
9833 2.312420393e-06
9834 2.312126495e-06
9835 2.311832664e-06
9836 2.3115389e-06
9837 2.311245204e-06
9838 2.310951574e-06
9839 2.310658012e-06
9840 2.310364517e-06
9841 2.310071089e-06
9842 2.309777728e-06
9843 2.309484434e-06
9844 2.309191207e-06
9845 2.308898047e-06
9846 2.308604954e-06
9847 2.308311928e-06
9848 2.308018969e-06
9849 2.307726077e-06
9850 2.307433252e-06
9851 2.307140494e-06
9852 2.306847802e-06
9853 2.306555178e-06
9854 2.30626262e-06
9855 2.305970129e-06
9856 2.305677704e-06
9857 2.305385347e-06
9858 2.305093056e-06
9859 2.304800832e-06
9860 2.304508674e-06
9861 2.304216584e-06
9862 2.30392456e-06
9863 2.303632602e-06
9864 2.303340711e-06
9865 2.303048887e-06
9866 2.302757129e-06
9867 2.302465438e-06
9868 2.302173813e-06
9869 2.301882254e-06
9870 2.301590762e-06
9871 2.301299337e-06
9872 2.301007978e-06
9873 2.300716685e-06
9874 2.300425459e-06
9875 2.300134299e-06
9876 2.299843206e-06
9877 2.299552178e-06
9878 2.299261217e-06
9879 2.298970322e-06
9880 2.298679494e-06
9881 2.298388732e-06
9882 2.298098036e-06
9883 2.297807406e-06
9884 2.297516842e-06
9885 2.297226344e-06
9886 2.296935913e-06
9887 2.296645547e-06
9888 2.296355248e-06
9889 2.296065014e-06
9890 2.295774847e-06
9891 2.295484746e-06
9892 2.29519471e-06
9893 2.294904741e-06
9894 2.294614838e-06
9895 2.294325e-06
9896 2.294035228e-06
9897 2.293745523e-06
9898 2.293455883e-06
9899 2.293166309e-06
9900 2.2928768e-06
9901 2.292587358e-06
9902 2.292297981e-06
9903 2.29200867e-06
9904 2.291719425e-06
9905 2.291430245e-06
9906 2.291141131e-06
9907 2.290852083e-06
9908 2.2905631e-06
9909 2.290274183e-06
9910 2.289985332e-06
9911 2.289696546e-06
9912 2.289407826e-06
9913 2.289119171e-06
9914 2.288830582e-06
9915 2.288542058e-06
9916 2.288253599e-06
9917 2.287965206e-06
9918 2.287676879e-06
9919 2.287388617e-06
9920 2.28710042e-06
9921 2.286812289e-06
9922 2.286524223e-06
9923 2.286236222e-06
9924 2.285948287e-06
9925 2.285660416e-06
9926 2.285372611e-06
9927 2.285084872e-06
9928 2.284797197e-06
9929 2.284509588e-06
9930 2.284222044e-06
9931 2.283934565e-06
9932 2.283647151e-06
9933 2.283359802e-06
9934 2.283072518e-06
9935 2.2827853e-06
9936 2.282498146e-06
9937 2.282211057e-06
9938 2.281924034e-06
9939 2.281637075e-06
9940 2.281350181e-06
9941 2.281063353e-06
9942 2.280776589e-06
9943 2.28048989e-06
9944 2.280203255e-06
9945 2.279916686e-06
9946 2.279630182e-06
9947 2.279343742e-06
9948 2.279057367e-06
9949 2.278771057e-06
9950 2.278484812e-06
9951 2.278198631e-06
9952 2.277912515e-06
9953 2.277626464e-06
9954 2.277340477e-06
9955 2.277054555e-06
9956 2.276768697e-06
9957 2.276482905e-06
9958 2.276197176e-06
9959 2.275911513e-06
9960 2.275625913e-06
9961 2.275340379e-06
9962 2.275054908e-06
9963 2.274769503e-06
9964 2.274484161e-06
9965 2.274198884e-06
9966 2.273913672e-06
9967 2.273628524e-06
9968 2.27334344e-06
9969 2.273058421e-06
9970 2.272773466e-06
9971 2.272488575e-06
9972 2.272203748e-06
9973 2.271918986e-06
9974 2.271634288e-06
9975 2.271349654e-06
9976 2.271065084e-06
9977 2.270780579e-06
9978 2.270496137e-06
9979 2.27021176e-06
9980 2.269927447e-06
9981 2.269643198e-06
9982 2.269359013e-06
9983 2.269074892e-06
9984 2.268790835e-06
9985 2.268506842e-06
9986 2.268222914e-06
9987 2.267939049e-06
9988 2.267655248e-06
9989 2.26737151e-06
9990 2.267087837e-06
9991 2.266804228e-06
9992 2.266520683e-06
9993 2.266237201e-06
9994 2.265953783e-06
9995 2.265670429e-06
9996 2.265387139e-06
9997 2.265103912e-06
9998 2.26482075e-06
9999 2.26453765e-06
inf 0.05
