# potencia: beta=0.25 dmax=10000 inf=0.05
# fase: f04
# cenario: sd10 (β = 0,25)
# d = objetos distintos entre dois pedidos ao mesmo objeto
0 0.0007129081106
1 0.0005994818746
2 0.0005416930231
3 0.0005041021594
4 0.0004767503873
5 0.0004555077213
6 0.0004382874606
7 0.0004238976988
8 0.0004115976896
9 0.0004008976917
10 0.0003914581906
11 0.0003830348099
12 0.0003754462039
13 0.0003685543544
14 0.0003622519574
15 0.0003564540553
16 0.0003510923166
17 0.0003461110217
18 0.0003414641824
19 0.0003371134318
20 0.0003330264531
21 0.0003291757892
22 0.0003255379293
23 0.0003220925986
24 0.0003188221994
25 0.000315711367
26 0.0003127466127
27 0.0003099160355
28 0.000307209086
29 0.0003046163724
30 0.0003021295001
31 0.0002997409373
32 0.0002974439026
33 0.0002952322704
34 0.00029310049
35 0.0002910435174
36 0.0002890567561
37 0.0002871360069
38 0.0002852774238
39 0.0002834774763
40 0.0002817329167
41 0.0002800407506
42 0.000278398212
43 0.0002768027411
44 0.0002752519645
45 0.0002737436778
46 0.0002722758303
47 0.0002708465115
48 0.0002694539383
49 0.0002680964446
50 0.0002667724711
51 0.0002654805567
52 0.0002642193308
53 0.0002629875055
54 0.0002617838698
55 0.0002606072833
56 0.0002594566711
57 0.0002583310191
58 0.0002572293692
59 0.0002561508156
60 0.0002550945011
61 0.0002540596136
62 0.0002530453833
63 0.0002520510797
64 0.0002510760089
65 0.0002501195115
66 0.0002491809602
67 0.0002482597579
68 0.0002473553357
69 0.0002464671514
70 0.0002455946876
71 0.0002447374505
72 0.0002438949683
73 0.00024306679
74 0.0002422524845
75 0.0002414516389
76 0.0002406638579
77 0.000239888763
78 0.000239125991
79 0.0002383751937
80 0.0002376360369
81 0.0002369081997
82 0.000236191374
83 0.0002354852633
84 0.0002347895828
85 0.0002341040585
86 0.0002334284265
87 0.0002327624327
88 0.0002321058326
89 0.0002314583902
90 0.0002308198782
91 0.0002301900773
92 0.0002295687759
93 0.0002289557697
94 0.0002283508614
95 0.0002277538606
96 0.0002271645831
97 0.0002265828508
98 0.0002260084917
99 0.0002254413392
100 0.0002248812322
101 0.0002243280146
102 0.0002237815355
103 0.0002232416485
104 0.0002227082118
105 0.0002221810881
106 0.0002216601441
107 0.0002211452506
108 0.0002206362823
109 0.0002201331176
110 0.0002196356385
111 0.0002191437303
112 0.0002186572817
113 0.0002181761847
114 0.0002177003341
115 0.0002172296279
116 0.0002167639669
117 0.0002163032545
118 0.0002158473968
119 0.0002153963026
120 0.000214949883
121 0.0002145080515
122 0.000214070724
123 0.0002136378184
124 0.0002132092549
125 0.0002127849557
126 0.0002123648452
127 0.0002119488494
128 0.0002115368963
129 0.0002111289158
130 0.0002107248395
131 0.0002103246006
132 0.000209928134
133 0.0002095353762
134 0.0002091462651
135 0.0002087607404
136 0.000208378743
137 0.0002080002151
138 0.0002076251004
139 0.0002072533441
140 0.0002068848922
141 0.0002065196924
142 0.0002061576933
143 0.0002057988448
144 0.0002054430978
145 0.0002050904045
146 0.000204740718
147 0.0002043939924
148 0.000204050183
149 0.0002037092458
150 0.000203371138
151 0.0002030358176
152 0.0002027032435
153 0.0002023733754
154 0.0002020461741
155 0.0002017216009
156 0.000201399618
157 0.0002010801886
158 0.0002007632764
159 0.0002004488458
160 0.0002001368623
161 0.0001998272915
162 0.0001995201003
163 0.0001992152559
164 0.0001989127262
165 0.0001986124797
166 0.0001983144856
167 0.0001980187138
168 0.0001977251344
169 0.0001974337186
170 0.0001971444376
171 0.0001968572636
172 0.000196572169
173 0.000196289127
174 0.0001960081111
175 0.0001957290953
176 0.0001954520541
177 0.0001951769626
178 0.0001949037961
179 0.0001946325306
180 0.0001943631424
181 0.0001940956082
182 0.0001938299051
183 0.0001935660108
184 0.0001933039033
185 0.0001930435607
186 0.0001927849619
187 0.000192528086
188 0.0001922729123
189 0.0001920194208
190 0.0001917675915
191 0.000191517405
192 0.0001912688419
193 0.0001910218836
194 0.0001907765114
195 0.000190532707
196 0.0001902904526
197 0.0001900497305
198 0.0001898105233
199 0.000189572814
200 0.0001893365857
201 0.000189101822
202 0.0001888685065
203 0.0001886366233
204 0.0001884061567
205 0.000188177091
206 0.0001879494111
207 0.0001877231019
208 0.0001874981488
209 0.000187274537
210 0.0001870522523
211 0.0001868312805
212 0.0001866116078
213 0.0001863932206
214 0.0001861761052
215 0.0001859602485
216 0.0001857456373
217 0.0001855322589
218 0.0001853201004
219 0.0001851091495
220 0.0001848993938
221 0.0001846908211
222 0.0001844834195
223 0.0001842771772
224 0.0001840720827
225 0.0001838681244
226 0.000183665291
227 0.0001834635716
228 0.000183262955
229 0.0001830634305
230 0.0001828649875
231 0.0001826676154
232 0.0001824713039
233 0.0001822760427
234 0.0001820818218
235 0.0001818886313
236 0.0001816964613
237 0.0001815053022
238 0.0001813151445
239 0.0001811259787
240 0.0001809377956
241 0.0001807505861
242 0.000180564341
243 0.0001803790516
244 0.0001801947089
245 0.0001800113044
246 0.0001798288294
247 0.0001796472756
248 0.0001794666346
249 0.0001792868981
250 0.0001791080581
251 0.0001789301065
252 0.0001787530354
253 0.0001785768371
254 0.0001784015037
255 0.0001782270277
256 0.0001780534015
257 0.0001778806178
258 0.0001777086692
259 0.0001775375485
260 0.0001773672485
261 0.0001771977621
262 0.0001770290825
263 0.0001768612027
264 0.0001766941158
265 0.0001765278153
266 0.0001763622944
267 0.0001761975467
268 0.0001760335655
269 0.0001758703446
270 0.0001757078776
271 0.0001755461583
272 0.0001753851804
273 0.000175224938
274 0.0001750654249
275 0.0001749066352
276 0.0001747485631
277 0.0001745912027
278 0.0001744345482
279 0.0001742785941
280 0.0001741233346
281 0.0001739687642
282 0.0001738148775
283 0.000173661669
284 0.0001735091334
285 0.0001733572653
286 0.0001732060595
287 0.0001730555108
288 0.0001729056142
289 0.0001727563645
290 0.0001726077567
291 0.000172459786
292 0.0001723124473
293 0.0001721657358
294 0.0001720196468
295 0.0001718741755
296 0.0001717293173
297 0.0001715850674
298 0.0001714414213
299 0.0001712983745
300 0.0001711559226
301 0.0001710140609
302 0.0001708727852
303 0.0001707320912
304 0.0001705919745
305 0.0001704524308
306 0.000170313456
307 0.0001701750459
308 0.0001700371965
309 0.0001698999035
310 0.000169763163
311 0.000169626971
312 0.0001694913236
313 0.0001693562168
314 0.0001692216468
315 0.0001690876098
316 0.0001689541019
317 0.0001688211194
318 0.0001686886586
319 0.0001685567159
320 0.0001684252876
321 0.00016829437
322 0.0001681639597
323 0.0001680340531
324 0.0001679046468
325 0.0001677757371
326 0.0001676473209
327 0.0001675193946
328 0.0001673919548
329 0.0001672649984
330 0.0001671385219
331 0.0001670125222
332 0.000166886996
333 0.0001667619401
334 0.0001666373513
335 0.0001665132266
336 0.0001663895627
337 0.0001662663567
338 0.0001661436056
339 0.0001660213062
340 0.0001658994556
341 0.0001657780509
342 0.0001656570891
343 0.0001655365673
344 0.0001654164826
345 0.0001652968323
346 0.0001651776134
347 0.0001650588233
348 0.000164940459
349 0.000164822518
350 0.0001647049974
351 0.0001645878946
352 0.0001644712069
353 0.0001643549317
354 0.0001642390663
355 0.0001641236082
356 0.0001640085548
357 0.0001638939035
358 0.0001637796518
359 0.0001636657973
360 0.0001635523374
361 0.0001634392697
362 0.0001633265917
363 0.0001632143011
364 0.0001631023955
365 0.0001629908724
366 0.0001628797296
367 0.0001627689646
368 0.0001626585753
369 0.0001625485593
370 0.0001624389143
371 0.0001623296382
372 0.0001622207286
373 0.0001621121834
374 0.0001620040004
375 0.0001618961773
376 0.0001617887122
377 0.0001616816027
378 0.0001615748469
379 0.0001614684426
380 0.0001613623878
381 0.0001612566803
382 0.0001611513181
383 0.0001610462993
384 0.0001609416218
385 0.0001608372835
386 0.0001607332827
387 0.0001606296171
388 0.0001605262851
389 0.0001604232845
390 0.0001603206136
391 0.0001602182703
392 0.0001601162529
393 0.0001600145595
394 0.0001599131881
395 0.0001598121371
396 0.0001597114045
397 0.0001596109886
398 0.0001595108876
399 0.0001594110997
400 0.0001593116232
401 0.0001592124562
402 0.0001591135971
403 0.0001590150442
404 0.0001589167958
405 0.0001588188501
406 0.0001587212055
407 0.0001586238603
408 0.000158526813
409 0.0001584300617
410 0.000158333605
411 0.0001582374412
412 0.0001581415688
413 0.000158045986
414 0.0001579506915
415 0.0001578556835
416 0.0001577609606
417 0.0001576665212
418 0.0001575723637
419 0.0001574784868
420 0.0001573848888
421 0.0001572915684
422 0.0001571985239
423 0.000157105754
424 0.0001570132572
425 0.0001569210321
426 0.0001568290771
427 0.000156737391
428 0.0001566459722
429 0.0001565548195
430 0.0001564639313
431 0.0001563733063
432 0.0001562829432
433 0.0001561928406
434 0.0001561029971
435 0.0001560134114
436 0.0001559240822
437 0.0001558350081
438 0.0001557461879
439 0.0001556576203
440 0.0001555693038
441 0.0001554812374
442 0.0001553934197
443 0.0001553058494
444 0.0001552185253
445 0.0001551314461
446 0.0001550446107
447 0.0001549580177
448 0.0001548716661
449 0.0001547855545
450 0.0001546996817
451 0.0001546140467
452 0.0001545286481
453 0.0001544434848
454 0.0001543585558
455 0.0001542738597
456 0.0001541893954
457 0.0001541051619
458 0.000154021158
459 0.0001539373825
460 0.0001538538344
461 0.0001537705125
462 0.0001536874157
463 0.000153604543
464 0.0001535218932
465 0.0001534394653
466 0.0001533572582
467 0.0001532752709
468 0.0001531935023
469 0.0001531119513
470 0.0001530306169
471 0.000152949498
472 0.0001528685937
473 0.000152787903
474 0.0001527074247
475 0.000152627158
476 0.0001525471018
477 0.000152467255
478 0.0001523876168
479 0.0001523081862
480 0.0001522289622
481 0.0001521499437
482 0.00015207113
483 0.0001519925199
484 0.0001519141126
485 0.0001518359071
486 0.0001517579025
487 0.0001516800978
488 0.0001516024922
489 0.0001515250848
490 0.0001514478745
491 0.0001513708606
492 0.000151294042
493 0.000151217418
494 0.0001511409877
495 0.0001510647501
496 0.0001509887044
497 0.0001509128497
498 0.0001508371852
499 0.0001507617099
500 0.0001506864232
501 0.000150611324
502 0.0001505364116
503 0.0001504616851
504 0.0001503871438
505 0.0001503127867
506 0.0001502386131
507 0.0001501646221
508 0.000150090813
509 0.0001500171849
510 0.0001499437371
511 0.0001498704687
512 0.0001497973789
513 0.0001497244671
514 0.0001496517323
515 0.0001495791739
516 0.000149506791
517 0.0001494345829
518 0.0001493625488
519 0.0001492906881
520 0.0001492189999
521 0.0001491474834
522 0.000149076138
523 0.000149004963
524 0.0001489339575
525 0.0001488631209
526 0.0001487924524
527 0.0001487219513
528 0.000148651617
529 0.0001485814486
530 0.0001485114456
531 0.0001484416071
532 0.0001483719325
533 0.0001483024212
534 0.0001482330724
535 0.0001481638854
536 0.0001480948596
537 0.0001480259942
538 0.0001479572887
539 0.0001478887423
540 0.0001478203545
541 0.0001477521244
542 0.0001476840516
543 0.0001476161352
544 0.0001475483747
545 0.0001474807695
546 0.0001474133189
547 0.0001473460222
548 0.0001472788789
549 0.0001472118882
550 0.0001471450497
551 0.0001470783626
552 0.0001470118263
553 0.0001469454403
554 0.0001468792039
555 0.0001468131165
556 0.0001467471775
557 0.0001466813863
558 0.0001466157424
559 0.000146550245
560 0.0001464848937
561 0.0001464196879
562 0.0001463546269
563 0.0001462897102
564 0.0001462249373
565 0.0001461603074
566 0.0001460958202
567 0.000146031475
568 0.0001459672712
569 0.0001459032083
570 0.0001458392857
571 0.0001457755029
572 0.0001457118594
573 0.0001456483545
574 0.0001455849878
575 0.0001455217587
576 0.0001454586667
577 0.0001453957112
578 0.0001453328917
579 0.0001452702076
580 0.0001452076585
581 0.0001451452439
582 0.0001450829631
583 0.0001450208158
584 0.0001449588013
585 0.0001448969192
586 0.000144835169
587 0.0001447735501
588 0.000144712062
589 0.0001446507044
590 0.0001445894765
591 0.0001445283781
592 0.0001444674085
593 0.0001444065673
594 0.000144345854
595 0.0001442852681
596 0.0001442248091
597 0.0001441644766
598 0.0001441042701
599 0.0001440441891
600 0.0001439842331
601 0.0001439244017
602 0.0001438646944
603 0.0001438051108
604 0.0001437456503
605 0.0001436863126
606 0.0001436270971
607 0.0001435680034
608 0.0001435090312
609 0.0001434501798
610 0.0001433914489
611 0.000143332838
612 0.0001432743468
613 0.0001432159746
614 0.0001431577212
615 0.0001430995861
616 0.0001430415688
617 0.000142983669
618 0.0001429258861
619 0.0001428682198
620 0.0001428106696
621 0.0001427532352
622 0.0001426959161
623 0.0001426387119
624 0.0001425816221
625 0.0001425246464
626 0.0001424677844
627 0.0001424110356
628 0.0001423543997
629 0.0001422978762
630 0.0001422414647
631 0.0001421851649
632 0.0001421289763
633 0.0001420728986
634 0.0001420169313
635 0.0001419610741
636 0.0001419053266
637 0.0001418496883
638 0.000141794159
639 0.0001417387382
640 0.0001416834255
641 0.0001416282206
642 0.000141573123
643 0.0001415181325
644 0.0001414632486
645 0.0001414084709
646 0.0001413537992
647 0.0001412992329
648 0.0001412447718
649 0.0001411904156
650 0.0001411361637
651 0.0001410820159
652 0.0001410279719
653 0.0001409740311
654 0.0001409201934
655 0.0001408664584
656 0.0001408128256
657 0.0001407592948
658 0.0001407058655
659 0.0001406525375
660 0.0001405993105
661 0.0001405461839
662 0.0001404931576
663 0.0001404402312
664 0.0001403874043
665 0.0001403346767
666 0.0001402820479
667 0.0001402295176
668 0.0001401770855
669 0.0001401247514
670 0.0001400725147
671 0.0001400203753
672 0.0001399683328
673 0.0001399163868
674 0.0001398645371
675 0.0001398127834
676 0.0001397611252
677 0.0001397095623
678 0.0001396580945
679 0.0001396067212
680 0.0001395554423
681 0.0001395042575
682 0.0001394531664
683 0.0001394021687
684 0.0001393512641
685 0.0001393004524
686 0.0001392497331
687 0.000139199106
688 0.0001391485708
689 0.0001390981273
690 0.000139047775
691 0.0001389975137
692 0.0001389473432
693 0.000138897263
694 0.000138847273
695 0.0001387973728
696 0.0001387475621
697 0.0001386978407
698 0.0001386482083
699 0.0001385986645
700 0.0001385492092
701 0.0001384998419
702 0.0001384505624
703 0.0001384013706
704 0.0001383522659
705 0.0001383032483
706 0.0001382543174
707 0.0001382054729
708 0.0001381567145
709 0.0001381080421
710 0.0001380594553
711 0.0001380109538
712 0.0001379625374
713 0.0001379142058
714 0.0001378659587
715 0.0001378177959
716 0.0001377697171
717 0.0001377217221
718 0.0001376738106
719 0.0001376259822
720 0.0001375782369
721 0.0001375305742
722 0.000137482994
723 0.000137435496
724 0.0001373880799
725 0.0001373407455
726 0.0001372934925
727 0.0001372463207
728 0.0001371992299
729 0.0001371522197
730 0.0001371052899
731 0.0001370584403
732 0.0001370116707
733 0.0001369649807
734 0.0001369183702
735 0.0001368718389
736 0.0001368253865
737 0.0001367790129
738 0.0001367327177
739 0.0001366865008
740 0.0001366403619
741 0.0001365943008
742 0.0001365483172
743 0.0001365024108
744 0.0001364565816
745 0.0001364108292
746 0.0001363651533
747 0.0001363195539
748 0.0001362740306
749 0.0001362285832
750 0.0001361832114
751 0.0001361379152
752 0.0001360926941
753 0.0001360475481
754 0.0001360024769
755 0.0001359574802
756 0.0001359125578
757 0.0001358677096
758 0.0001358229352
759 0.0001357782346
760 0.0001357336074
761 0.0001356890534
762 0.0001356445725
763 0.0001356001644
764 0.0001355558289
765 0.0001355115657
766 0.0001354673748
767 0.0001354232558
768 0.0001353792085
769 0.0001353352328
770 0.0001352913284
771 0.0001352474952
772 0.0001352037328
773 0.0001351600412
774 0.0001351164201
775 0.0001350728692
776 0.0001350293885
777 0.0001349859777
778 0.0001349426365
779 0.0001348993649
780 0.0001348561625
781 0.0001348130292
782 0.0001347699649
783 0.0001347269692
784 0.000134684042
785 0.0001346411831
786 0.0001345983923
787 0.0001345556694
788 0.0001345130143
789 0.0001344704266
790 0.0001344279064
791 0.0001343854532
792 0.000134343067
793 0.0001343007475
794 0.0001342584947
795 0.0001342163082
796 0.0001341741879
797 0.0001341321336
798 0.0001340901451
799 0.0001340482223
800 0.0001340063649
801 0.0001339645728
802 0.0001339228458
803 0.0001338811837
804 0.0001338395863
805 0.0001337980535
806 0.000133756585
807 0.0001337151807
808 0.0001336738404
809 0.0001336325639
810 0.0001335913511
811 0.0001335502017
812 0.0001335091157
813 0.0001334680927
814 0.0001334271327
815 0.0001333862355
816 0.0001333454009
817 0.0001333046287
818 0.0001332639188
819 0.000133223271
820 0.0001331826851
821 0.0001331421609
822 0.0001331016983
823 0.0001330612971
824 0.0001330209572
825 0.0001329806783
826 0.0001329404603
827 0.0001329003031
828 0.0001328602065
829 0.0001328201702
830 0.0001327801943
831 0.0001327402784
832 0.0001327004224
833 0.0001326606262
834 0.0001326208896
835 0.0001325812124
836 0.0001325415946
837 0.0001325020358
838 0.000132462536
839 0.000132423095
840 0.0001323837127
841 0.0001323443888
842 0.0001323051233
843 0.000132265916
844 0.0001322267667
845 0.0001321876753
846 0.0001321486415
847 0.0001321096654
848 0.0001320707466
849 0.0001320318852
850 0.0001319930808
851 0.0001319543334
852 0.0001319156427
853 0.0001318770088
854 0.0001318384313
855 0.0001317999102
856 0.0001317614453
857 0.0001317230365
858 0.0001316846836
859 0.0001316463865
860 0.000131608145
861 0.0001315699589
862 0.0001315318282
863 0.0001314937527
864 0.0001314557323
865 0.0001314177667
866 0.0001313798559
867 0.0001313419997
868 0.000131304198
869 0.0001312664507
870 0.0001312287575
871 0.0001311911184
872 0.0001311535332
873 0.0001311160018
874 0.000131078524
875 0.0001310410997
876 0.0001310037288
877 0.0001309664111
878 0.0001309291465
879 0.0001308919349
880 0.0001308547761
881 0.0001308176699
882 0.0001307806163
883 0.0001307436152
884 0.0001307066663
885 0.0001306697695
886 0.0001306329248
887 0.000130596132
888 0.0001305593909
889 0.0001305227015
890 0.0001304860635
891 0.0001304494769
892 0.0001304129416
893 0.0001303764573
894 0.0001303400241
895 0.0001303036416
896 0.0001302673099
897 0.0001302310288
898 0.0001301947982
899 0.0001301586179
900 0.0001301224878
901 0.0001300864078
902 0.0001300503778
903 0.0001300143976
904 0.0001299784671
905 0.0001299425862
906 0.0001299067548
907 0.0001298709728
908 0.0001298352399
909 0.0001297995562
910 0.0001297639215
911 0.0001297283356
912 0.0001296927984
913 0.0001296573099
914 0.0001296218699
915 0.0001295864782
916 0.0001295511349
917 0.0001295158396
918 0.0001294805924
919 0.0001294453931
920 0.0001294102416
921 0.0001293751378
922 0.0001293400815
923 0.0001293050727
924 0.0001292701112
925 0.0001292351969
926 0.0001292003298
927 0.0001291655096
928 0.0001291307362
929 0.0001290960097
930 0.0001290613297
931 0.0001290266963
932 0.0001289921094
933 0.0001289575687
934 0.0001289230742
935 0.0001288886258
936 0.0001288542234
937 0.0001288198669
938 0.0001287855561
939 0.0001287512909
940 0.0001287170713
941 0.0001286828971
942 0.0001286487683
943 0.0001286146846
944 0.000128580646
945 0.0001285466525
946 0.0001285127038
947 0.0001284787999
948 0.0001284449407
949 0.000128411126
950 0.0001283773558
951 0.00012834363
952 0.0001283099484
953 0.000128276311
954 0.0001282427176
955 0.0001282091682
956 0.0001281756626
957 0.0001281422007
958 0.0001281087825
959 0.0001280754078
960 0.0001280420765
961 0.0001280087886
962 0.0001279755439
963 0.0001279423423
964 0.0001279091837
965 0.000127876068
966 0.0001278429952
967 0.0001278099651
968 0.0001277769776
969 0.0001277440327
970 0.0001277111302
971 0.00012767827
972 0.000127645452
973 0.0001276126762
974 0.0001275799424
975 0.0001275472505
976 0.0001275146005
977 0.0001274819923
978 0.0001274494257
979 0.0001274169006
980 0.000127384417
981 0.0001273519748
982 0.0001273195738
983 0.000127287214
984 0.0001272548953
985 0.0001272226176
986 0.0001271903808
987 0.0001271581847
988 0.0001271260294
989 0.0001270939147
990 0.0001270618406
991 0.0001270298068
992 0.0001269978134
993 0.0001269658602
994 0.0001269339472
995 0.0001269020743
996 0.0001268702414
997 0.0001268384483
998 0.000126806695
999 0.0001267749814
1000 0.0001267433075
1001 0.0001267116731
1002 0.0001266800781
1003 0.0001266485224
1004 0.0001266170061
1005 0.0001265855289
1006 0.0001265540908
1007 0.0001265226917
1008 0.0001264913315
1009 0.0001264600101
1010 0.0001264287275
1011 0.0001263974835
1012 0.0001263662781
1013 0.0001263351112
1014 0.0001263039827
1015 0.0001262728924
1016 0.0001262418405
1017 0.0001262108266
1018 0.0001261798508
1019 0.000126148913
1020 0.0001261180131
1021 0.000126087151
1022 0.0001260563266
1023 0.0001260255398
1024 0.0001259947907
1025 0.0001259640789
1026 0.0001259334046
1027 0.0001259027676
1028 0.0001258721678
1029 0.0001258416052
1030 0.0001258110797
1031 0.0001257805911
1032 0.0001257501394
1033 0.0001257197246
1034 0.0001256893465
1035 0.0001256590051
1036 0.0001256287002
1037 0.0001255984319
1038 0.0001255682
1039 0.0001255380044
1040 0.0001255078452
1041 0.0001254777221
1042 0.0001254476351
1043 0.0001254175842
1044 0.0001253875692
1045 0.0001253575901
1046 0.0001253276468
1047 0.0001252977392
1048 0.0001252678673
1049 0.000125238031
1050 0.0001252082301
1051 0.0001251784647
1052 0.0001251487346
1053 0.0001251190398
1054 0.0001250893802
1055 0.0001250597557
1056 0.0001250301663
1057 0.0001250006118
1058 0.0001249710923
1059 0.0001249416075
1060 0.0001249121575
1061 0.0001248827422
1062 0.0001248533615
1063 0.0001248240153
1064 0.0001247947035
1065 0.0001247654262
1066 0.0001247361832
1067 0.0001247069743
1068 0.0001246777997
1069 0.0001246486592
1070 0.0001246195527
1071 0.0001245904801
1072 0.0001245614414
1073 0.0001245324365
1074 0.0001245034654
1075 0.0001244745279
1076 0.000124445624
1077 0.0001244167537
1078 0.0001243879168
1079 0.0001243591133
1080 0.0001243303431
1081 0.0001243016062
1082 0.0001242729024
1083 0.0001242442318
1084 0.0001242155942
1085 0.0001241869895
1086 0.0001241584178
1087 0.0001241298789
1088 0.0001241013728
1089 0.0001240728994
1090 0.0001240444586
1091 0.0001240160504
1092 0.0001239876747
1093 0.0001239593314
1094 0.0001239310205
1095 0.0001239027419
1096 0.0001238744955
1097 0.0001238462813
1098 0.0001238180992
1099 0.0001237899491
1100 0.000123761831
1101 0.0001237337448
1102 0.0001237056904
1103 0.0001236776678
1104 0.000123649677
1105 0.0001236217177
1106 0.0001235937901
1107 0.000123565894
1108 0.0001235380293
1109 0.000123510196
1110 0.0001234823941
1111 0.0001234546234
1112 0.0001234268839
1113 0.0001233991755
1114 0.0001233714982
1115 0.0001233438519
1116 0.0001233162366
1117 0.0001232886522
1118 0.0001232610985
1119 0.0001232335757
1120 0.0001232060835
1121 0.000123178622
1122 0.0001231511911
1123 0.0001231237907
1124 0.0001230964207
1125 0.0001230690811
1126 0.0001230417719
1127 0.0001230144929
1128 0.0001229872442
1129 0.0001229600256
1130 0.000122932837
1131 0.0001229056786
1132 0.0001228785501
1133 0.0001228514515
1134 0.0001228243827
1135 0.0001227973438
1136 0.0001227703346
1137 0.0001227433551
1138 0.0001227164052
1139 0.0001226894848
1140 0.000122662594
1141 0.0001226357326
1142 0.0001226089005
1143 0.0001225820978
1144 0.0001225553244
1145 0.0001225285802
1146 0.0001225018652
1147 0.0001224751792
1148 0.0001224485223
1149 0.0001224218944
1150 0.0001223952954
1151 0.0001223687252
1152 0.0001223421839
1153 0.0001223156714
1154 0.0001222891875
1155 0.0001222627323
1156 0.0001222363057
1157 0.0001222099076
1158 0.000122183538
1159 0.0001221571968
1160 0.000122130884
1161 0.0001221045995
1162 0.0001220783433
1163 0.0001220521153
1164 0.0001220259154
1165 0.0001219997436
1166 0.0001219735999
1167 0.0001219474841
1168 0.0001219213963
1169 0.0001218953364
1170 0.0001218693043
1171 0.0001218432999
1172 0.0001218173233
1173 0.0001217913744
1174 0.0001217654531
1175 0.0001217395593
1176 0.000121713693
1177 0.0001216878542
1178 0.0001216620428
1179 0.0001216362588
1180 0.000121610502
1181 0.0001215847725
1182 0.0001215590702
1183 0.000121533395
1184 0.0001215077469
1185 0.0001214821259
1186 0.0001214565319
1187 0.0001214309648
1188 0.0001214054245
1189 0.0001213799112
1190 0.0001213544246
1191 0.0001213289647
1192 0.0001213035315
1193 0.000121278125
1194 0.000121252745
1195 0.0001212273916
1196 0.0001212020647
1197 0.0001211767642
1198 0.00012115149
1199 0.0001211262422
1200 0.0001211010207
1201 0.0001210758255
1202 0.0001210506564
1203 0.0001210255135
1204 0.0001210003966
1205 0.0001209753058
1206 0.000120950241
1207 0.0001209252021
1208 0.0001209001892
1209 0.0001208752021
1210 0.0001208502407
1211 0.0001208253052
1212 0.0001208003953
1213 0.0001207755111
1214 0.0001207506525
1215 0.0001207258194
1216 0.0001207010119
1217 0.0001206762299
1218 0.0001206514732
1219 0.0001206267419
1220 0.000120602036
1221 0.0001205773554
1222 0.0001205526999
1223 0.0001205280697
1224 0.0001205034646
1225 0.0001204788846
1226 0.0001204543296
1227 0.0001204297997
1228 0.0001204052947
1229 0.0001203808146
1230 0.0001203563594
1231 0.000120331929
1232 0.0001203075233
1233 0.0001202831425
1234 0.0001202587862
1235 0.0001202344547
1236 0.0001202101477
1237 0.0001201858653
1238 0.0001201616073
1239 0.0001201373739
1240 0.0001201131648
1241 0.0001200889802
1242 0.0001200648198
1243 0.0001200406838
1244 0.0001200165719
1245 0.0001199924843
1246 0.0001199684209
1247 0.0001199443815
1248 0.0001199203662
1249 0.0001198963749
1250 0.0001198724076
1251 0.0001198484643
1252 0.0001198245448
1253 0.0001198006492
1254 0.0001197767774
1255 0.0001197529294
1256 0.000119729105
1257 0.0001197053044
1258 0.0001196815274
1259 0.000119657774
1260 0.0001196340441
1261 0.0001196103378
1262 0.0001195866549
1263 0.0001195629955
1264 0.0001195393594
1265 0.0001195157467
1266 0.0001194921573
1267 0.0001194685912
1268 0.0001194450482
1269 0.0001194215285
1270 0.0001193980319
1271 0.0001193745583
1272 0.0001193511079
1273 0.0001193276804
1274 0.000119304276
1275 0.0001192808944
1276 0.0001192575358
1277 0.0001192342
1278 0.000119210887
1279 0.0001191875968
1280 0.0001191643294
1281 0.0001191410846
1282 0.0001191178625
1283 0.000119094663
1284 0.000119071486
1285 0.0001190483316
1286 0.0001190251997
1287 0.0001190020903
1288 0.0001189790033
1289 0.0001189559386
1290 0.0001189328963
1291 0.0001189098763
1292 0.0001188868785
1293 0.000118863903
1294 0.0001188409496
1295 0.0001188180184
1296 0.0001187951093
1297 0.0001187722223
1298 0.0001187493573
1299 0.0001187265143
1300 0.0001187036933
1301 0.0001186808941
1302 0.0001186581169
1303 0.0001186353615
1304 0.0001186126278
1305 0.000118589916
1306 0.0001185672259
1307 0.0001185445574
1308 0.0001185219107
1309 0.0001184992855
1310 0.0001184766819
1311 0.0001184540999
1312 0.0001184315393
1313 0.0001184090003
1314 0.0001183864826
1315 0.0001183639864
1316 0.0001183415115
1317 0.0001183190579
1318 0.0001182966256
1319 0.0001182742146
1320 0.0001182518248
1321 0.0001182294561
1322 0.0001182071086
1323 0.0001181847822
1324 0.0001181624769
1325 0.0001181401926
1326 0.0001181179293
1327 0.000118095687
1328 0.0001180734656
1329 0.0001180512651
1330 0.0001180290854
1331 0.0001180069265
1332 0.0001179847885
1333 0.0001179626712
1334 0.0001179405746
1335 0.0001179184987
1336 0.0001178964434
1337 0.0001178744087
1338 0.0001178523946
1339 0.0001178304011
1340 0.0001178084281
1341 0.0001177864755
1342 0.0001177645434
1343 0.0001177426317
1344 0.0001177207403
1345 0.0001176988693
1346 0.0001176770186
1347 0.0001176551881
1348 0.0001176333779
1349 0.0001176115879
1350 0.0001175898181
1351 0.0001175680683
1352 0.0001175463387
1353 0.0001175246292
1354 0.0001175029397
1355 0.0001174812701
1356 0.0001174596206
1357 0.000117437991
1358 0.0001174163813
1359 0.0001173947914
1360 0.0001173732214
1361 0.0001173516712
1362 0.0001173301408
1363 0.0001173086301
1364 0.000117287139
1365 0.0001172656677
1366 0.000117244216
1367 0.0001172227839
1368 0.0001172013714
1369 0.0001171799785
1370 0.000117158605
1371 0.000117137251
1372 0.0001171159165
1373 0.0001170946014
1374 0.0001170733056
1375 0.0001170520293
1376 0.0001170307722
1377 0.0001170095344
1378 0.0001169883159
1379 0.0001169671166
1380 0.0001169459365
1381 0.0001169247755
1382 0.0001169036337
1383 0.000116882511
1384 0.0001168614074
1385 0.0001168403228
1386 0.0001168192572
1387 0.0001167982106
1388 0.0001167771829
1389 0.0001167561741
1390 0.0001167351843
1391 0.0001167142132
1392 0.000116693261
1393 0.0001166723276
1394 0.000116651413
1395 0.0001166305171
1396 0.0001166096399
1397 0.0001165887813
1398 0.0001165679414
1399 0.0001165471202
1400 0.0001165263175
1401 0.0001165055333
1402 0.0001164847677
1403 0.0001164640206
1404 0.0001164432919
1405 0.0001164225817
1406 0.0001164018898
1407 0.0001163812164
1408 0.0001163605613
1409 0.0001163399245
1410 0.000116319306
1411 0.0001162987057
1412 0.0001162781237
1413 0.0001162575599
1414 0.0001162370142
1415 0.0001162164867
1416 0.0001161959773
1417 0.000116175486
1418 0.0001161550127
1419 0.0001161345575
1420 0.0001161141203
1421 0.000116093701
1422 0.0001160732997
1423 0.0001160529163
1424 0.0001160325508
1425 0.0001160122031
1426 0.0001159918733
1427 0.0001159715612
1428 0.000115951267
1429 0.0001159309905
1430 0.0001159107317
1431 0.0001158904905
1432 0.0001158702671
1433 0.0001158500613
1434 0.0001158298731
1435 0.0001158097024
1436 0.0001157895493
1437 0.0001157694138
1438 0.0001157492957
1439 0.0001157291951
1440 0.0001157091119
1441 0.0001156890462
1442 0.0001156689978
1443 0.0001156489668
1444 0.0001156289532
1445 0.0001156089568
1446 0.0001155889777
1447 0.0001155690159
1448 0.0001155490713
1449 0.0001155291439
1450 0.0001155092337
1451 0.0001154893406
1452 0.0001154694646
1453 0.0001154496057
1454 0.0001154297639
1455 0.0001154099391
1456 0.0001153901313
1457 0.0001153703406
1458 0.0001153505667
1459 0.0001153308099
1460 0.0001153110699
1461 0.0001152913468
1462 0.0001152716406
1463 0.0001152519511
1464 0.0001152322785
1465 0.0001152126227
1466 0.0001151929836
1467 0.0001151733613
1468 0.0001151537556
1469 0.0001151341667
1470 0.0001151145944
1471 0.0001150950387
1472 0.0001150754996
1473 0.000115055977
1474 0.0001150364711
1475 0.0001150169816
1476 0.0001149975087
1477 0.0001149780522
1478 0.0001149586122
1479 0.0001149391886
1480 0.0001149197813
1481 0.0001149003905
1482 0.000114881016
1483 0.0001148616579
1484 0.000114842316
1485 0.0001148229904
1486 0.0001148036811
1487 0.000114784388
1488 0.000114765111
1489 0.0001147458503
1490 0.0001147266057
1491 0.0001147073772
1492 0.0001146881649
1493 0.0001146689686
1494 0.0001146497884
1495 0.0001146306242
1496 0.000114611476
1497 0.0001145923438
1498 0.0001145732275
1499 0.0001145541272
1500 0.0001145350428
1501 0.0001145159743
1502 0.0001144969217
1503 0.0001144778848
1504 0.0001144588638
1505 0.0001144398586
1506 0.0001144208692
1507 0.0001144018955
1508 0.0001143829375
1509 0.0001143639952
1510 0.0001143450686
1511 0.0001143261577
1512 0.0001143072624
1513 0.0001142883826
1514 0.0001142695185
1515 0.0001142506699
1516 0.0001142318369
1517 0.0001142130193
1518 0.0001141942173
1519 0.0001141754307
1520 0.0001141566596
1521 0.0001141379039
1522 0.0001141191636
1523 0.0001141004386
1524 0.000114081729
1525 0.0001140630348
1526 0.0001140443558
1527 0.0001140256921
1528 0.0001140070437
1529 0.0001139884106
1530 0.0001139697926
1531 0.0001139511898
1532 0.0001139326023
1533 0.0001139140298
1534 0.0001138954725
1535 0.0001138769303
1536 0.0001138584032
1537 0.0001138398911
1538 0.0001138213941
1539 0.0001138029121
1540 0.0001137844451
1541 0.0001137659931
1542 0.000113747556
1543 0.0001137291339
1544 0.0001137107266
1545 0.0001136923343
1546 0.0001136739568
1547 0.0001136555941
1548 0.0001136372463
1549 0.0001136189133
1550 0.000113600595
1551 0.0001135822915
1552 0.0001135640028
1553 0.0001135457288
1554 0.0001135274694
1555 0.0001135092247
1556 0.0001134909947
1557 0.0001134727793
1558 0.0001134545785
1559 0.0001134363923
1560 0.0001134182207
1561 0.0001134000636
1562 0.0001133819211
1563 0.000113363793
1564 0.0001133456794
1565 0.0001133275803
1566 0.0001133094957
1567 0.0001132914254
1568 0.0001132733696
1569 0.0001132553281
1570 0.000113237301
1571 0.0001132192882
1572 0.0001132012898
1573 0.0001131833056
1574 0.0001131653357
1575 0.0001131473801
1576 0.0001131294387
1577 0.0001131115115
1578 0.0001130935985
1579 0.0001130756997
1580 0.0001130578151
1581 0.0001130399446
1582 0.0001130220882
1583 0.0001130042459
1584 0.0001129864176
1585 0.0001129686034
1586 0.0001129508033
1587 0.0001129330172
1588 0.000112915245
1589 0.0001128974869
1590 0.0001128797427
1591 0.0001128620124
1592 0.0001128442961
1593 0.0001128265936
1594 0.000112808905
1595 0.0001127912303
1596 0.0001127735694
1597 0.0001127559224
1598 0.0001127382891
1599 0.0001127206696
1600 0.0001127030639
1601 0.0001126854719
1602 0.0001126678936
1603 0.0001126503291
1604 0.0001126327782
1605 0.000112615241
1606 0.0001125977174
1607 0.0001125802074
1608 0.0001125627111
1609 0.0001125452283
1610 0.0001125277592
1611 0.0001125103035
1612 0.0001124928614
1613 0.0001124754328
1614 0.0001124580177
1615 0.0001124406161
1616 0.0001124232279
1617 0.0001124058532
1618 0.0001123884919
1619 0.0001123711439
1620 0.0001123538094
1621 0.0001123364882
1622 0.0001123191804
1623 0.0001123018859
1624 0.0001122846047
1625 0.0001122673368
1626 0.0001122500821
1627 0.0001122328407
1628 0.0001122156126
1629 0.0001121983976
1630 0.0001121811959
1631 0.0001121640073
1632 0.0001121468319
1633 0.0001121296696
1634 0.0001121125205
1635 0.0001120953845
1636 0.0001120782615
1637 0.0001120611516
1638 0.0001120440548
1639 0.000112026971
1640 0.0001120099002
1641 0.0001119928424
1642 0.0001119757976
1643 0.0001119587658
1644 0.0001119417469
1645 0.000111924741
1646 0.0001119077479
1647 0.0001118907677
1648 0.0001118738005
1649 0.000111856846
1650 0.0001118399044
1651 0.0001118229757
1652 0.0001118060597
1653 0.0001117891565
1654 0.0001117722661
1655 0.0001117553885
1656 0.0001117385235
1657 0.0001117216713
1658 0.0001117048318
1659 0.000111688005
1660 0.0001116711909
1661 0.0001116543894
1662 0.0001116376005
1663 0.0001116208242
1664 0.0001116040606
1665 0.0001115873095
1666 0.000111570571
1667 0.000111553845
1668 0.0001115371316
1669 0.0001115204307
1670 0.0001115037422
1671 0.0001114870663
1672 0.0001114704028
1673 0.0001114537517
1674 0.0001114371131
1675 0.0001114204869
1676 0.0001114038731
1677 0.0001113872717
1678 0.0001113706826
1679 0.0001113541059
1680 0.0001113375415
1681 0.0001113209894
1682 0.0001113044497
1683 0.0001112879222
1684 0.0001112714069
1685 0.0001112549039
1686 0.0001112384132
1687 0.0001112219346
1688 0.0001112054683
1689 0.0001111890141
1690 0.0001111725721
1691 0.0001111561423
1692 0.0001111397246
1693 0.000111123319
1694 0.0001111069255
1695 0.000111090544
1696 0.0001110741747
1697 0.0001110578174
1698 0.0001110414722
1699 0.0001110251389
1700 0.0001110088177
1701 0.0001109925085
1702 0.0001109762112
1703 0.0001109599259
1704 0.0001109436525
1705 0.0001109273911
1706 0.0001109111416
1707 0.0001108949039
1708 0.0001108786782
1709 0.0001108624643
1710 0.0001108462623
1711 0.000110830072
1712 0.0001108138937
1713 0.0001107977271
1714 0.0001107815723
1715 0.0001107654292
1716 0.0001107492979
1717 0.0001107331784
1718 0.0001107170706
1719 0.0001107009745
1720 0.0001106848901
1721 0.0001106688173
1722 0.0001106527563
1723 0.0001106367068
1724 0.000110620669
1725 0.0001106046429
1726 0.0001105886283
1727 0.0001105726253
1728 0.0001105566339
1729 0.000110540654
1730 0.0001105246857
1731 0.0001105087289
1732 0.0001104927837
1733 0.0001104768499
1734 0.0001104609276
1735 0.0001104450168
1736 0.0001104291174
1737 0.0001104132294
1738 0.0001103973529
1739 0.0001103814878
1740 0.0001103656341
1741 0.0001103497918
1742 0.0001103339608
1743 0.0001103181412
1744 0.0001103023329
1745 0.0001102865359
1746 0.0001102707502
1747 0.0001102549759
1748 0.0001102392128
1749 0.0001102234609
1750 0.0001102077204
1751 0.000110191991
1752 0.0001101762729
1753 0.0001101605659
1754 0.0001101448702
1755 0.0001101291856
1756 0.0001101135122
1757 0.00011009785
1758 0.0001100821988
1759 0.0001100665588
1760 0.0001100509299
1761 0.0001100353121
1762 0.0001100197054
1763 0.0001100041097
1764 0.0001099885251
1765 0.0001099729515
1766 0.0001099573889
1767 0.0001099418373
1768 0.0001099262967
1769 0.0001099107671
1770 0.0001098952485
1771 0.0001098797408
1772 0.000109864244
1773 0.0001098487582
1774 0.0001098332833
1775 0.0001098178192
1776 0.0001098023661
1777 0.0001097869238
1778 0.0001097714924
1779 0.0001097560718
1780 0.000109740662
1781 0.0001097252631
1782 0.0001097098749
1783 0.0001096944975
1784 0.0001096791309
1785 0.0001096637751
1786 0.00010964843
1787 0.0001096330956
1788 0.0001096177719
1789 0.000109602459
1790 0.0001095871567
1791 0.0001095718651
1792 0.0001095565842
1793 0.0001095413139
1794 0.0001095260543
1795 0.0001095108053
1796 0.0001094955669
1797 0.0001094803391
1798 0.0001094651218
1799 0.0001094499152
1800 0.0001094347191
1801 0.0001094195335
1802 0.0001094043585
1803 0.000109389194
1804 0.00010937404
1805 0.0001093588965
1806 0.0001093437634
1807 0.0001093286409
1808 0.0001093135287
1809 0.0001092984271
1810 0.0001092833358
1811 0.0001092682549
1812 0.0001092531845
1813 0.0001092381244
1814 0.0001092230748
1815 0.0001092080354
1816 0.0001091930065
1817 0.0001091779878
1818 0.0001091629795
1819 0.0001091479815
1820 0.0001091329938
1821 0.0001091180164
1822 0.0001091030492
1823 0.0001090880923
1824 0.0001090731457
1825 0.0001090582093
1826 0.0001090432831
1827 0.0001090283671
1828 0.0001090134613
1829 0.0001089985657
1830 0.0001089836803
1831 0.000108968805
1832 0.0001089539399
1833 0.0001089390849
1834 0.00010892424
1835 0.0001089094053
1836 0.0001088945806
1837 0.000108879766
1838 0.0001088649615
1839 0.0001088501671
1840 0.0001088353826
1841 0.0001088206083
1842 0.0001088058439
1843 0.0001087910896
1844 0.0001087763453
1845 0.0001087616109
1846 0.0001087468865
1847 0.0001087321721
1848 0.0001087174677
1849 0.0001087027731
1850 0.0001086880885
1851 0.0001086734138
1852 0.000108658749
1853 0.0001086440941
1854 0.0001086294491
1855 0.000108614814
1856 0.0001086001887
1857 0.0001085855732
1858 0.0001085709676
1859 0.0001085563717
1860 0.0001085417857
1861 0.0001085272095
1862 0.0001085126431
1863 0.0001084980864
1864 0.0001084835395
1865 0.0001084690024
1866 0.0001084544749
1867 0.0001084399572
1868 0.0001084254493
1869 0.000108410951
1870 0.0001083964624
1871 0.0001083819834
1872 0.0001083675142
1873 0.0001083530546
1874 0.0001083386046
1875 0.0001083241643
1876 0.0001083097336
1877 0.0001082953125
1878 0.0001082809009
1879 0.000108266499
1880 0.0001082521067
1881 0.0001082377239
1882 0.0001082233506
1883 0.0001082089869
1884 0.0001081946327
1885 0.0001081802881
1886 0.0001081659529
1887 0.0001081516272
1888 0.000108137311
1889 0.0001081230043
1890 0.0001081087071
1891 0.0001080944193
1892 0.0001080801409
1893 0.0001080658719
1894 0.0001080516124
1895 0.0001080373623
1896 0.0001080231215
1897 0.0001080088902
1898 0.0001079946682
1899 0.0001079804556
1900 0.0001079662523
1901 0.0001079520583
1902 0.0001079378737
1903 0.0001079236984
1904 0.0001079095324
1905 0.0001078953757
1906 0.0001078812283
1907 0.0001078670901
1908 0.0001078529612
1909 0.0001078388415
1910 0.0001078247311
1911 0.0001078106299
1912 0.000107796538
1913 0.0001077824552
1914 0.0001077683816
1915 0.0001077543172
1916 0.000107740262
1917 0.000107726216
1918 0.0001077121791
1919 0.0001076981513
1920 0.0001076841327
1921 0.0001076701232
1922 0.0001076561227
1923 0.0001076421314
1924 0.0001076281492
1925 0.0001076141761
1926 0.000107600212
1927 0.000107586257
1928 0.000107572311
1929 0.000107558374
1930 0.0001075444461
1931 0.0001075305272
1932 0.0001075166173
1933 0.0001075027164
1934 0.0001074888245
1935 0.0001074749415
1936 0.0001074610675
1937 0.0001074472024
1938 0.0001074333463
1939 0.0001074194992
1940 0.0001074056609
1941 0.0001073918315
1942 0.0001073780111
1943 0.0001073641995
1944 0.0001073503968
1945 0.000107336603
1946 0.0001073228181
1947 0.0001073090419
1948 0.0001072952747
1949 0.0001072815162
1950 0.0001072677666
1951 0.0001072540258
1952 0.0001072402937
1953 0.0001072265705
1954 0.000107212856
1955 0.0001071991503
1956 0.0001071854534
1957 0.0001071717652
1958 0.0001071580857
1959 0.000107144415
1960 0.0001071307529
1961 0.0001071170996
1962 0.000107103455
1963 0.0001070898191
1964 0.0001070761918
1965 0.0001070625732
1966 0.0001070489633
1967 0.000107035362
1968 0.0001070217693
1969 0.0001070081853
1970 0.0001069946099
1971 0.0001069810431
1972 0.0001069674849
1973 0.0001069539352
1974 0.0001069403942
1975 0.0001069268617
1976 0.0001069133378
1977 0.0001068998224
1978 0.0001068863156
1979 0.0001068728173
1980 0.0001068593275
1981 0.0001068458462
1982 0.0001068323735
1983 0.0001068189092
1984 0.0001068054534
1985 0.000106792006
1986 0.0001067785672
1987 0.0001067651367
1988 0.0001067517148
1989 0.0001067383012
1990 0.0001067248961
1991 0.0001067114994
1992 0.0001066981111
1993 0.0001066847312
1994 0.0001066713596
1995 0.0001066579965
1996 0.0001066446417
1997 0.0001066312953
1998 0.0001066179572
1999 0.0001066046274
2000 0.000106591306
2001 0.0001065779929
2002 0.0001065646881
2003 0.0001065513917
2004 0.0001065381035
2005 0.0001065248235
2006 0.0001065115519
2007 0.0001064982885
2008 0.0001064850334
2009 0.0001064717865
2010 0.0001064585479
2011 0.0001064453175
2012 0.0001064320953
2013 0.0001064188813
2014 0.0001064056755
2015 0.0001063924779
2016 0.0001063792884
2017 0.0001063661072
2018 0.0001063529341
2019 0.0001063397692
2020 0.0001063266124
2021 0.0001063134637
2022 0.0001063003232
2023 0.0001062871908
2024 0.0001062740665
2025 0.0001062609503
2026 0.0001062478421
2027 0.0001062347421
2028 0.0001062216501
2029 0.0001062085662
2030 0.0001061954904
2031 0.0001061824226
2032 0.0001061693628
2033 0.0001061563111
2034 0.0001061432674
2035 0.0001061302317
2036 0.000106117204
2037 0.0001061041842
2038 0.0001060911725
2039 0.0001060781687
2040 0.0001060651729
2041 0.0001060521851
2042 0.0001060392052
2043 0.0001060262333
2044 0.0001060132693
2045 0.0001060003132
2046 0.000105987365
2047 0.0001059744247
2048 0.0001059614923
2049 0.0001059485678
2050 0.0001059356512
2051 0.0001059227424
2052 0.0001059098415
2053 0.0001058969485
2054 0.0001058840633
2055 0.000105871186
2056 0.0001058583164
2057 0.0001058454547
2058 0.0001058326008
2059 0.0001058197547
2060 0.0001058069164
2061 0.0001057940859
2062 0.0001057812631
2063 0.0001057684482
2064 0.0001057556409
2065 0.0001057428415
2066 0.0001057300497
2067 0.0001057172657
2068 0.0001057044895
2069 0.0001056917209
2070 0.0001056789601
2071 0.0001056662069
2072 0.0001056534615
2073 0.0001056407237
2074 0.0001056279936
2075 0.0001056152711
2076 0.0001056025564
2077 0.0001055898492
2078 0.0001055771498
2079 0.0001055644579
2080 0.0001055517737
2081 0.0001055390971
2082 0.0001055264281
2083 0.0001055137667
2084 0.0001055011129
2085 0.0001054884667
2086 0.000105475828
2087 0.0001054631969
2088 0.0001054505734
2089 0.0001054379574
2090 0.000105425349
2091 0.0001054127481
2092 0.0001054001548
2093 0.0001053875689
2094 0.0001053749906
2095 0.0001053624197
2096 0.0001053498564
2097 0.0001053373006
2098 0.0001053247522
2099 0.0001053122113
2100 0.0001052996779
2101 0.0001052871519
2102 0.0001052746333
2103 0.0001052621222
2104 0.0001052496186
2105 0.0001052371223
2106 0.0001052246335
2107 0.0001052121521
2108 0.000105199678
2109 0.0001051872114
2110 0.0001051747522
2111 0.0001051623003
2112 0.0001051498558
2113 0.0001051374186
2114 0.0001051249888
2115 0.0001051125664
2116 0.0001051001513
2117 0.0001050877435
2118 0.000105075343
2119 0.0001050629499
2120 0.000105050564
2121 0.0001050381855
2122 0.0001050258142
2123 0.0001050134502
2124 0.0001050010935
2125 0.0001049887441
2126 0.0001049764019
2127 0.000104964067
2128 0.0001049517393
2129 0.0001049394189
2130 0.0001049271056
2131 0.0001049147996
2132 0.0001049025008
2133 0.0001048902093
2134 0.0001048779249
2135 0.0001048656477
2136 0.0001048533777
2137 0.0001048411148
2138 0.0001048288592
2139 0.0001048166107
2140 0.0001048043693
2141 0.0001047921351
2142 0.000104779908
2143 0.0001047676881
2144 0.0001047554753
2145 0.0001047432695
2146 0.0001047310709
2147 0.0001047188795
2148 0.000104706695
2149 0.0001046945177
2150 0.0001046823475
2151 0.0001046701843
2152 0.0001046580282
2153 0.0001046458791
2154 0.0001046337371
2155 0.0001046216022
2156 0.0001046094742
2157 0.0001045973533
2158 0.0001045852394
2159 0.0001045731326
2160 0.0001045610327
2161 0.0001045489398
2162 0.0001045368539
2163 0.000104524775
2164 0.0001045127031
2165 0.0001045006382
2166 0.0001044885802
2167 0.0001044765291
2168 0.000104464485
2169 0.0001044524479
2170 0.0001044404176
2171 0.0001044283943
2172 0.0001044163779
2173 0.0001044043685
2174 0.0001043923659
2175 0.0001043803702
2176 0.0001043683814
2177 0.0001043563995
2178 0.0001043444245
2179 0.0001043324563
2180 0.000104320495
2181 0.0001043085406
2182 0.000104296593
2183 0.0001042846522
2184 0.0001042727183
2185 0.0001042607912
2186 0.0001042488709
2187 0.0001042369574
2188 0.0001042250507
2189 0.0001042131509
2190 0.0001042012578
2191 0.0001041893715
2192 0.000104177492
2193 0.0001041656192
2194 0.0001041537532
2195 0.000104141894
2196 0.0001041300415
2197 0.0001041181957
2198 0.0001041063567
2199 0.0001040945244
2200 0.0001040826989
2201 0.00010407088
2202 0.0001040590679
2203 0.0001040472624
2204 0.0001040354637
2205 0.0001040236716
2206 0.0001040118862
2207 0.0001040001075
2208 0.0001039883355
2209 0.0001039765701
2210 0.0001039648114
2211 0.0001039530593
2212 0.0001039413139
2213 0.000103929575
2214 0.0001039178429
2215 0.0001039061173
2216 0.0001038943983
2217 0.000103882686
2218 0.0001038709802
2219 0.0001038592811
2220 0.0001038475885
2221 0.0001038359025
2222 0.0001038242231
2223 0.0001038125502
2224 0.0001038008839
2225 0.0001037892242
2226 0.000103777571
2227 0.0001037659243
2228 0.0001037542842
2229 0.0001037426506
2230 0.0001037310235
2231 0.0001037194029
2232 0.0001037077889
2233 0.0001036961813
2234 0.0001036845802
2235 0.0001036729856
2236 0.0001036613975
2237 0.0001036498159
2238 0.0001036382407
2239 0.000103626672
2240 0.0001036151098
2241 0.000103603554
2242 0.0001035920046
2243 0.0001035804617
2244 0.0001035689252
2245 0.0001035573951
2246 0.0001035458715
2247 0.0001035343542
2248 0.0001035228433
2249 0.0001035113389
2250 0.0001034998408
2251 0.0001034883491
2252 0.0001034768638
2253 0.0001034653849
2254 0.0001034539123
2255 0.0001034424461
2256 0.0001034309863
2257 0.0001034195327
2258 0.0001034080856
2259 0.0001033966447
2260 0.0001033852102
2261 0.000103373782
2262 0.0001033623601
2263 0.0001033509445
2264 0.0001033395352
2265 0.0001033281323
2266 0.0001033167356
2267 0.0001033053452
2268 0.000103293961
2269 0.0001032825832
2270 0.0001032712116
2271 0.0001032598462
2272 0.0001032484871
2273 0.0001032371343
2274 0.0001032257877
2275 0.0001032144473
2276 0.0001032031131
2277 0.0001031917852
2278 0.0001031804635
2279 0.000103169148
2280 0.0001031578387
2281 0.0001031465355
2282 0.0001031352386
2283 0.0001031239479
2284 0.0001031126633
2285 0.0001031013849
2286 0.0001030901127
2287 0.0001030788467
2288 0.0001030675867
2289 0.000103056333
2290 0.0001030450854
2291 0.0001030338439
2292 0.0001030226085
2293 0.0001030113793
2294 0.0001030001562
2295 0.0001029889392
2296 0.0001029777283
2297 0.0001029665235
2298 0.0001029553247
2299 0.0001029441321
2300 0.0001029329456
2301 0.0001029217651
2302 0.0001029105907
2303 0.0001028994224
2304 0.0001028882601
2305 0.0001028771039
2306 0.0001028659537
2307 0.0001028548096
2308 0.0001028436715
2309 0.0001028325394
2310 0.0001028214134
2311 0.0001028102933
2312 0.0001027991793
2313 0.0001027880713
2314 0.0001027769693
2315 0.0001027658732
2316 0.0001027547832
2317 0.0001027436991
2318 0.000102732621
2319 0.0001027215489
2320 0.0001027104828
2321 0.0001026994226
2322 0.0001026883683
2323 0.00010267732
2324 0.0001026662777
2325 0.0001026552413
2326 0.0001026442108
2327 0.0001026331862
2328 0.0001026221676
2329 0.0001026111548
2330 0.000102600148
2331 0.0001025891471
2332 0.000102578152
2333 0.0001025671629
2334 0.0001025561796
2335 0.0001025452023
2336 0.0001025342308
2337 0.0001025232651
2338 0.0001025123053
2339 0.0001025013514
2340 0.0001024904033
2341 0.0001024794611
2342 0.0001024685247
2343 0.0001024575941
2344 0.0001024466694
2345 0.0001024357505
2346 0.0001024248374
2347 0.0001024139301
2348 0.0001024030287
2349 0.000102392133
2350 0.0001023812431
2351 0.000102370359
2352 0.0001023594807
2353 0.0001023486081
2354 0.0001023377414
2355 0.0001023268804
2356 0.0001023160252
2357 0.0001023051757
2358 0.0001022943319
2359 0.000102283494
2360 0.0001022726617
2361 0.0001022618352
2362 0.0001022510144
2363 0.0001022401993
2364 0.00010222939
2365 0.0001022185864
2366 0.0001022077884
2367 0.0001021969962
2368 0.0001021862097
2369 0.0001021754288
2370 0.0001021646537
2371 0.0001021538842
2372 0.0001021431204
2373 0.0001021323623
2374 0.0001021216098
2375 0.000102110863
2376 0.0001021001218
2377 0.0001020893863
2378 0.0001020786564
2379 0.0001020679322
2380 0.0001020572136
2381 0.0001020465006
2382 0.0001020357932
2383 0.0001020250915
2384 0.0001020143953
2385 0.0001020037048
2386 0.0001019930199
2387 0.0001019823405
2388 0.0001019716668
2389 0.0001019609986
2390 0.000101950336
2391 0.000101939679
2392 0.0001019290276
2393 0.0001019183817
2394 0.0001019077414
2395 0.0001018971066
2396 0.0001018864774
2397 0.0001018758537
2398 0.0001018652355
2399 0.0001018546229
2400 0.0001018440158
2401 0.0001018334142
2402 0.0001018228182
2403 0.0001018122276
2404 0.0001018016426
2405 0.000101791063
2406 0.000101780489
2407 0.0001017699204
2408 0.0001017593574
2409 0.0001017487998
2410 0.0001017382477
2411 0.000101727701
2412 0.0001017171598
2413 0.0001017066241
2414 0.0001016960938
2415 0.000101685569
2416 0.0001016750496
2417 0.0001016645357
2418 0.0001016540272
2419 0.0001016435241
2420 0.0001016330264
2421 0.0001016225342
2422 0.0001016120474
2423 0.000101601566
2424 0.00010159109
2425 0.0001015806194
2426 0.0001015701541
2427 0.0001015596943
2428 0.0001015492399
2429 0.0001015387908
2430 0.0001015283471
2431 0.0001015179088
2432 0.0001015074758
2433 0.0001014970482
2434 0.000101486626
2435 0.0001014762091
2436 0.0001014657975
2437 0.0001014553913
2438 0.0001014449904
2439 0.0001014345949
2440 0.0001014242047
2441 0.0001014138198
2442 0.0001014034402
2443 0.0001013930659
2444 0.0001013826969
2445 0.0001013723332
2446 0.0001013619748
2447 0.0001013516217
2448 0.0001013412739
2449 0.0001013309314
2450 0.0001013205941
2451 0.0001013102622
2452 0.0001012999354
2453 0.000101289614
2454 0.0001012792978
2455 0.0001012689868
2456 0.0001012586811
2457 0.0001012483807
2458 0.0001012380854
2459 0.0001012277955
2460 0.0001012175107
2461 0.0001012072311
2462 0.0001011969568
2463 0.0001011866877
2464 0.0001011764238
2465 0.0001011661651
2466 0.0001011559116
2467 0.0001011456633
2468 0.0001011354202
2469 0.0001011251823
2470 0.0001011149495
2471 0.0001011047219
2472 0.0001010944995
2473 0.0001010842823
2474 0.0001010740702
2475 0.0001010638633
2476 0.0001010536615
2477 0.0001010434649
2478 0.0001010332734
2479 0.000101023087
2480 0.0001010129058
2481 0.0001010027297
2482 0.0001009925588
2483 0.0001009823929
2484 0.0001009722322
2485 0.0001009620766
2486 0.0001009519261
2487 0.0001009417807
2488 0.0001009316403
2489 0.0001009215051
2490 0.000100911375
2491 0.0001009012499
2492 0.0001008911299
2493 0.000100881015
2494 0.0001008709052
2495 0.0001008608004
2496 0.0001008507007
2497 0.0001008406061
2498 0.0001008305164
2499 0.0001008204319
2500 0.0001008103524
2501 0.0001008002779
2502 0.0001007902084
2503 0.000100780144
2504 0.0001007700846
2505 0.0001007600302
2506 0.0001007499808
2507 0.0001007399365
2508 0.0001007298971
2509 0.0001007198627
2510 0.0001007098334
2511 0.000100699809
2512 0.0001006897896
2513 0.0001006797752
2514 0.0001006697658
2515 0.0001006597614
2516 0.0001006497619
2517 0.0001006397674
2518 0.0001006297778
2519 0.0001006197932
2520 0.0001006098136
2521 0.0001005998389
2522 0.0001005898691
2523 0.0001005799043
2524 0.0001005699444
2525 0.0001005599894
2526 0.0001005500394
2527 0.0001005400943
2528 0.0001005301541
2529 0.0001005202188
2530 0.0001005102884
2531 0.000100500363
2532 0.0001004904424
2533 0.0001004805267
2534 0.0001004706159
2535 0.00010046071
2536 0.000100450809
2537 0.0001004409129
2538 0.0001004310216
2539 0.0001004211352
2540 0.0001004112537
2541 0.000100401377
2542 0.0001003915052
2543 0.0001003816382
2544 0.0001003717761
2545 0.0001003619188
2546 0.0001003520663
2547 0.0001003422187
2548 0.0001003323759
2549 0.000100322538
2550 0.0001003127049
2551 0.0001003028765
2552 0.000100293053
2553 0.0001002832343
2554 0.0001002734205
2555 0.0001002636114
2556 0.0001002538071
2557 0.0001002440076
2558 0.0001002342128
2559 0.0001002244229
2560 0.0001002146378
2561 0.0001002048574
2562 0.0001001950818
2563 0.0001001853109
2564 0.0001001755449
2565 0.0001001657835
2566 0.000100156027
2567 0.0001001462752
2568 0.0001001365281
2569 0.0001001267858
2570 0.0001001170482
2571 0.0001001073153
2572 0.0001000975872
2573 0.0001000878638
2574 0.0001000781451
2575 0.0001000684311
2576 0.0001000587219
2577 0.0001000490173
2578 0.0001000393175
2579 0.0001000296223
2580 0.0001000199319
2581 0.0001000102461
2582 0.0001000005651
2583 9.99908887e-05
2584 9.998121699e-05
2585 9.997154997e-05
2586 9.996188761e-05
2587 9.995222993e-05
2588 9.99425769e-05
2589 9.993292854e-05
2590 9.992328483e-05
2591 9.991364577e-05
2592 9.990401136e-05
2593 9.98943816e-05
2594 9.988475647e-05
2595 9.987513598e-05
2596 9.986552012e-05
2597 9.985590888e-05
2598 9.984630227e-05
2599 9.983670028e-05
2600 9.982710291e-05
2601 9.981751014e-05
2602 9.980792198e-05
2603 9.979833843e-05
2604 9.978875948e-05
2605 9.977918512e-05
2606 9.976961535e-05
2607 9.976005017e-05
2608 9.975048957e-05
2609 9.974093355e-05
2610 9.973138211e-05
2611 9.972183524e-05
2612 9.971229294e-05
2613 9.97027552e-05
2614 9.969322202e-05
2615 9.96836934e-05
2616 9.967416932e-05
2617 9.96646498e-05
2618 9.965513482e-05
2619 9.964562438e-05
2620 9.963611848e-05
2621 9.962661711e-05
2622 9.961712027e-05
2623 9.960762795e-05
2624 9.959814015e-05
2625 9.958865687e-05
2626 9.957917811e-05
2627 9.956970385e-05
2628 9.95602341e-05
2629 9.955076885e-05
2630 9.95413081e-05
2631 9.953185184e-05
2632 9.952240007e-05
2633 9.951295279e-05
2634 9.950350999e-05
2635 9.949407166e-05
2636 9.948463782e-05
2637 9.947520844e-05
2638 9.946578353e-05
2639 9.945636308e-05
2640 9.94469471e-05
2641 9.943753556e-05
2642 9.942812848e-05
2643 9.941872585e-05
2644 9.940932766e-05
2645 9.939993392e-05
2646 9.939054461e-05
2647 9.938115973e-05
2648 9.937177928e-05
2649 9.936240326e-05
2650 9.935303166e-05
2651 9.934366447e-05
2652 9.93343017e-05
2653 9.932494334e-05
2654 9.931558939e-05
2655 9.930623984e-05
2656 9.929689469e-05
2657 9.928755394e-05
2658 9.927821757e-05
2659 9.92688856e-05
2660 9.925955801e-05
2661 9.92502348e-05
2662 9.924091596e-05
2663 9.92316015e-05
2664 9.922229141e-05
2665 9.921298569e-05
2666 9.920368433e-05
2667 9.919438732e-05
2668 9.918509467e-05
2669 9.917580637e-05
2670 9.916652242e-05
2671 9.915724281e-05
2672 9.914796755e-05
2673 9.913869662e-05
2674 9.912943002e-05
2675 9.912016775e-05
2676 9.911090981e-05
2677 9.910165619e-05
2678 9.909240688e-05
2679 9.908316189e-05
2680 9.907392122e-05
2681 9.906468485e-05
2682 9.905545278e-05
2683 9.904622501e-05
2684 9.903700154e-05
2685 9.902778237e-05
2686 9.901856748e-05
2687 9.900935688e-05
2688 9.900015056e-05
2689 9.899094852e-05
2690 9.898175076e-05
2691 9.897255726e-05
2692 9.896336804e-05
2693 9.895418307e-05
2694 9.894500237e-05
2695 9.893582593e-05
2696 9.892665374e-05
2697 9.89174858e-05
2698 9.890832211e-05
2699 9.889916266e-05
2700 9.889000745e-05
2701 9.888085647e-05
2702 9.887170973e-05
2703 9.886256722e-05
2704 9.885342893e-05
2705 9.884429486e-05
2706 9.883516501e-05
2707 9.882603938e-05
2708 9.881691796e-05
2709 9.880780075e-05
2710 9.879868774e-05
2711 9.878957893e-05
2712 9.878047432e-05
2713 9.87713739e-05
2714 9.876227767e-05
2715 9.875318563e-05
2716 9.874409778e-05
2717 9.87350141e-05
2718 9.87259346e-05
2719 9.871685928e-05
2720 9.870778812e-05
2721 9.869872113e-05
2722 9.86896583e-05
2723 9.868059963e-05
2724 9.867154512e-05
2725 9.866249476e-05
2726 9.865344855e-05
2727 9.864440649e-05
2728 9.863536856e-05
2729 9.862633478e-05
2730 9.861730513e-05
2731 9.860827962e-05
2732 9.859925823e-05
2733 9.859024097e-05
2734 9.858122782e-05
2735 9.85722188e-05
2736 9.856321389e-05
2737 9.85542131e-05
2738 9.854521641e-05
2739 9.853622383e-05
2740 9.852723535e-05
2741 9.851825096e-05
2742 9.850927068e-05
2743 9.850029448e-05
2744 9.849132237e-05
2745 9.848235435e-05
2746 9.84733904e-05
2747 9.846443054e-05
2748 9.845547475e-05
2749 9.844652303e-05
2750 9.843757538e-05
2751 9.842863179e-05
2752 9.841969227e-05
2753 9.84107568e-05
2754 9.840182539e-05
2755 9.839289803e-05
2756 9.838397472e-05
2757 9.837505545e-05
2758 9.836614023e-05
2759 9.835722904e-05
2760 9.834832189e-05
2761 9.833941877e-05
2762 9.833051968e-05
2763 9.832162461e-05
2764 9.831273356e-05
2765 9.830384654e-05
2766 9.829496352e-05
2767 9.828608452e-05
2768 9.827720953e-05
2769 9.826833855e-05
2770 9.825947157e-05
2771 9.825060858e-05
2772 9.824174959e-05
2773 9.82328946e-05
2774 9.822404359e-05
2775 9.821519657e-05
2776 9.820635353e-05
2777 9.819751447e-05
2778 9.818867939e-05
2779 9.817984828e-05
2780 9.817102115e-05
2781 9.816219797e-05
2782 9.815337877e-05
2783 9.814456352e-05
2784 9.813575223e-05
2785 9.812694489e-05
2786 9.81181415e-05
2787 9.810934206e-05
2788 9.810054657e-05
2789 9.809175502e-05
2790 9.80829674e-05
2791 9.807418372e-05
2792 9.806540397e-05
2793 9.805662815e-05
2794 9.804785626e-05
2795 9.803908828e-05
2796 9.803032423e-05
2797 9.802156409e-05
2798 9.801280787e-05
2799 9.800405555e-05
2800 9.799530714e-05
2801 9.798656263e-05
2802 9.797782203e-05
2803 9.796908532e-05
2804 9.79603525e-05
2805 9.795162358e-05
2806 9.794289854e-05
2807 9.793417739e-05
2808 9.792546012e-05
2809 9.791674673e-05
2810 9.790803721e-05
2811 9.789933157e-05
2812 9.789062979e-05
2813 9.788193188e-05
2814 9.787323783e-05
2815 9.786454764e-05
2816 9.785586131e-05
2817 9.784717884e-05
2818 9.783850021e-05
2819 9.782982543e-05
2820 9.782115449e-05
2821 9.78124874e-05
2822 9.780382414e-05
2823 9.779516472e-05
2824 9.778650914e-05
2825 9.777785738e-05
2826 9.776920944e-05
2827 9.776056533e-05
2828 9.775192504e-05
2829 9.774328857e-05
2830 9.773465591e-05
2831 9.772602706e-05
2832 9.771740202e-05
2833 9.770878078e-05
2834 9.770016335e-05
2835 9.769154971e-05
2836 9.768293987e-05
2837 9.767433382e-05
2838 9.766573157e-05
2839 9.76571331e-05
2840 9.764853841e-05
2841 9.76399475e-05
2842 9.763136037e-05
2843 9.762277702e-05
2844 9.761419744e-05
2845 9.760562162e-05
2846 9.759704958e-05
2847 9.758848129e-05
2848 9.757991677e-05
2849 9.7571356e-05
2850 9.756279898e-05
2851 9.755424572e-05
2852 9.75456962e-05
2853 9.753715043e-05
2854 9.75286084e-05
2855 9.752007012e-05
2856 9.751153556e-05
2857 9.750300474e-05
2858 9.749447765e-05
2859 9.748595429e-05
2860 9.747743465e-05
2861 9.746891874e-05
2862 9.746040654e-05
2863 9.745189806e-05
2864 9.744339329e-05
2865 9.743489223e-05
2866 9.742639488e-05
2867 9.741790123e-05
2868 9.740941128e-05
2869 9.740092503e-05
2870 9.739244248e-05
2871 9.738396361e-05
2872 9.737548844e-05
2873 9.736701696e-05
2874 9.735854916e-05
2875 9.735008503e-05
2876 9.734162459e-05
2877 9.733316782e-05
2878 9.732471473e-05
2879 9.73162653e-05
2880 9.730781954e-05
2881 9.729937745e-05
2882 9.729093901e-05
2883 9.728250423e-05
2884 9.727407311e-05
2885 9.726564564e-05
2886 9.725722182e-05
2887 9.724880165e-05
2888 9.724038512e-05
2889 9.723197223e-05
2890 9.722356297e-05
2891 9.721515736e-05
2892 9.720675537e-05
2893 9.719835702e-05
2894 9.718996229e-05
2895 9.718157119e-05
2896 9.71731837e-05
2897 9.716479984e-05
2898 9.715641959e-05
2899 9.714804295e-05
2900 9.713966993e-05
2901 9.713130051e-05
2902 9.712293469e-05
2903 9.711457248e-05
2904 9.710621386e-05
2905 9.709785884e-05
2906 9.708950741e-05
2907 9.708115958e-05
2908 9.707281533e-05
2909 9.706447467e-05
2910 9.705613758e-05
2911 9.704780408e-05
2912 9.703947416e-05
2913 9.70311478e-05
2914 9.702282502e-05
2915 9.701450581e-05
2916 9.700619016e-05
2917 9.699787808e-05
2918 9.698956955e-05
2919 9.698126458e-05
2920 9.697296317e-05
2921 9.696466531e-05
2922 9.695637099e-05
2923 9.694808023e-05
2924 9.6939793e-05
2925 9.693150932e-05
2926 9.692322918e-05
2927 9.691495257e-05
2928 9.690667949e-05
2929 9.689840994e-05
2930 9.689014392e-05
2931 9.688188143e-05
2932 9.687362246e-05
2933 9.6865367e-05
2934 9.685711507e-05
2935 9.684886664e-05
2936 9.684062173e-05
2937 9.683238032e-05
2938 9.682414243e-05
2939 9.681590803e-05
2940 9.680767713e-05
2941 9.679944974e-05
2942 9.679122583e-05
2943 9.678300542e-05
2944 9.67747885e-05
2945 9.676657507e-05
2946 9.675836512e-05
2947 9.675015865e-05
2948 9.674195566e-05
2949 9.673375615e-05
2950 9.672556011e-05
2951 9.671736754e-05
2952 9.670917844e-05
2953 9.67009928e-05
2954 9.669281063e-05
2955 9.668463192e-05
2956 9.667645667e-05
2957 9.666828487e-05
2958 9.666011652e-05
2959 9.665195163e-05
2960 9.664379018e-05
2961 9.663563218e-05
2962 9.662747761e-05
2963 9.661932649e-05
2964 9.661117881e-05
2965 9.660303456e-05
2966 9.659489374e-05
2967 9.658675635e-05
2968 9.657862238e-05
2969 9.657049184e-05
2970 9.656236472e-05
2971 9.655424102e-05
2972 9.654612074e-05
2973 9.653800387e-05
2974 9.652989041e-05
2975 9.652178035e-05
2976 9.651367371e-05
2977 9.650557047e-05
2978 9.649747062e-05
2979 9.648937418e-05
2980 9.648128113e-05
2981 9.647319147e-05
2982 9.646510521e-05
2983 9.645702233e-05
2984 9.644894284e-05
2985 9.644086673e-05
2986 9.6432794e-05
2987 9.642472465e-05
2988 9.641665867e-05
2989 9.640859606e-05
2990 9.640053683e-05
2991 9.639248096e-05
2992 9.638442846e-05
2993 9.637637932e-05
2994 9.636833354e-05
2995 9.636029112e-05
2996 9.635225205e-05
2997 9.634421633e-05
2998 9.633618396e-05
2999 9.632815495e-05
3000 9.632012927e-05
3001 9.631210694e-05
3002 9.630408795e-05
3003 9.629607229e-05
3004 9.628805997e-05
3005 9.628005098e-05
3006 9.627204532e-05
3007 9.626404299e-05
3008 9.625604399e-05
3009 9.62480483e-05
3010 9.624005594e-05
3011 9.623206689e-05
3012 9.622408116e-05
3013 9.621609874e-05
3014 9.620811963e-05
3015 9.620014383e-05
3016 9.619217133e-05
3017 9.618420213e-05
3018 9.617623624e-05
3019 9.616827364e-05
3020 9.616031434e-05
3021 9.615235833e-05
3022 9.614440561e-05
3023 9.613645617e-05
3024 9.612851003e-05
3025 9.612056716e-05
3026 9.611262758e-05
3027 9.610469127e-05
3028 9.609675824e-05
3029 9.608882849e-05
3030 9.6080902e-05
3031 9.607297878e-05
3032 9.606505883e-05
3033 9.605714214e-05
3034 9.604922872e-05
3035 9.604131855e-05
3036 9.603341163e-05
3037 9.602550797e-05
3038 9.601760757e-05
3039 9.600971041e-05
3040 9.600181649e-05
3041 9.599392583e-05
3042 9.59860384e-05
3043 9.597815421e-05
3044 9.597027326e-05
3045 9.596239555e-05
3046 9.595452106e-05
3047 9.594664981e-05
3048 9.593878178e-05
3049 9.593091698e-05
3050 9.59230554e-05
3051 9.591519704e-05
3052 9.59073419e-05
3053 9.589948998e-05
3054 9.589164126e-05
3055 9.588379576e-05
3056 9.587595347e-05
3057 9.586811438e-05
3058 9.58602785e-05
3059 9.585244582e-05
3060 9.584461633e-05
3061 9.583679005e-05
3062 9.582896695e-05
3063 9.582114705e-05
3064 9.581333034e-05
3065 9.580551682e-05
3066 9.579770648e-05
3067 9.578989933e-05
3068 9.578209535e-05
3069 9.577429455e-05
3070 9.576649693e-05
3071 9.575870248e-05
3072 9.57509112e-05
3073 9.574312309e-05
3074 9.573533815e-05
3075 9.572755637e-05
3076 9.571977775e-05
3077 9.571200229e-05
3078 9.570422999e-05
3079 9.569646085e-05
3080 9.568869485e-05
3081 9.568093201e-05
3082 9.567317231e-05
3083 9.566541576e-05
3084 9.565766235e-05
3085 9.564991209e-05
3086 9.564216496e-05
3087 9.563442097e-05
3088 9.562668011e-05
3089 9.561894239e-05
3090 9.561120779e-05
3091 9.560347632e-05
3092 9.559574798e-05
3093 9.558802276e-05
3094 9.558030066e-05
3095 9.557258167e-05
3096 9.556486581e-05
3097 9.555715305e-05
3098 9.554944341e-05
3099 9.554173688e-05
3100 9.553403345e-05
3101 9.552633313e-05
3102 9.551863591e-05
3103 9.55109418e-05
3104 9.550325077e-05
3105 9.549556285e-05
3106 9.548787802e-05
3107 9.548019628e-05
3108 9.547251762e-05
3109 9.546484206e-05
3110 9.545716958e-05
3111 9.544950018e-05
3112 9.544183386e-05
3113 9.543417062e-05
3114 9.542651045e-05
3115 9.541885336e-05
3116 9.541119934e-05
3117 9.540354839e-05
3118 9.53959005e-05
3119 9.538825568e-05
3120 9.538061392e-05
3121 9.537297522e-05
3122 9.536533958e-05
3123 9.5357707e-05
3124 9.535007747e-05
3125 9.534245098e-05
3126 9.533482755e-05
3127 9.532720717e-05
3128 9.531958983e-05
3129 9.531197553e-05
3130 9.530436427e-05
3131 9.529675605e-05
3132 9.528915087e-05
3133 9.528154872e-05
3134 9.52739496e-05
3135 9.526635351e-05
3136 9.525876045e-05
3137 9.525117041e-05
3138 9.52435834e-05
3139 9.52359994e-05
3140 9.522841843e-05
3141 9.522084047e-05
3142 9.521326552e-05
3143 9.520569359e-05
3144 9.519812467e-05
3145 9.519055875e-05
3146 9.518299584e-05
3147 9.517543594e-05
3148 9.516787903e-05
3149 9.516032513e-05
3150 9.515277422e-05
3151 9.51452263e-05
3152 9.513768138e-05
3153 9.513013945e-05
3154 9.512260051e-05
3155 9.511506456e-05
3156 9.510753158e-05
3157 9.510000159e-05
3158 9.509247458e-05
3159 9.508495055e-05
3160 9.50774295e-05
3161 9.506991141e-05
3162 9.50623963e-05
3163 9.505488416e-05
3164 9.504737499e-05
3165 9.503986878e-05
3166 9.503236553e-05
3167 9.502486525e-05
3168 9.501736792e-05
3169 9.500987355e-05
3170 9.500238213e-05
3171 9.499489367e-05
3172 9.498740816e-05
3173 9.49799256e-05
3174 9.497244598e-05
3175 9.49649693e-05
3176 9.495749557e-05
3177 9.495002478e-05
3178 9.494255693e-05
3179 9.493509201e-05
3180 9.492763003e-05
3181 9.492017097e-05
3182 9.491271485e-05
3183 9.490526165e-05
3184 9.489781138e-05
3185 9.489036404e-05
3186 9.488291961e-05
3187 9.487547811e-05
3188 9.486803952e-05
3189 9.486060385e-05
3190 9.485317108e-05
3191 9.484574124e-05
3192 9.48383143e-05
3193 9.483089026e-05
3194 9.482346913e-05
3195 9.481605091e-05
3196 9.480863558e-05
3197 9.480122316e-05
3198 9.479381363e-05
3199 9.478640699e-05
3200 9.477900325e-05
3201 9.47716024e-05
3202 9.476420444e-05
3203 9.475680936e-05
3204 9.474941717e-05
3205 9.474202786e-05
3206 9.473464143e-05
3207 9.472725788e-05
3208 9.471987721e-05
3209 9.471249941e-05
3210 9.470512448e-05
3211 9.469775242e-05
3212 9.469038323e-05
3213 9.468301691e-05
3214 9.467565346e-05
3215 9.466829286e-05
3216 9.466093513e-05
3217 9.465358025e-05
3218 9.464622823e-05
3219 9.463887906e-05
3220 9.463153275e-05
3221 9.462418929e-05
3222 9.461684867e-05
3223 9.460951091e-05
3224 9.460217598e-05
3225 9.45948439e-05
3226 9.458751466e-05
3227 9.458018826e-05
3228 9.457286469e-05
3229 9.456554396e-05
3230 9.455822606e-05
3231 9.455091099e-05
3232 9.454359875e-05
3233 9.453628934e-05
3234 9.452898275e-05
3235 9.452167899e-05
3236 9.451437804e-05
3237 9.450707992e-05
3238 9.449978461e-05
3239 9.449249211e-05
3240 9.448520243e-05
3241 9.447791556e-05
3242 9.44706315e-05
3243 9.446335025e-05
3244 9.44560718e-05
3245 9.444879615e-05
3246 9.444152331e-05
3247 9.443425326e-05
3248 9.442698602e-05
3249 9.441972156e-05
3250 9.44124599e-05
3251 9.440520104e-05
3252 9.439794496e-05
3253 9.439069167e-05
3254 9.438344116e-05
3255 9.437619344e-05
3256 9.43689485e-05
3257 9.436170635e-05
3258 9.435446696e-05
3259 9.434723036e-05
3260 9.433999653e-05
3261 9.433276547e-05
3262 9.432553718e-05
3263 9.431831167e-05
3264 9.431108891e-05
3265 9.430386893e-05
3266 9.42966517e-05
3267 9.428943724e-05
3268 9.428222553e-05
3269 9.427501658e-05
3270 9.426781039e-05
3271 9.426060695e-05
3272 9.425340626e-05
3273 9.424620832e-05
3274 9.423901313e-05
3275 9.423182069e-05
3276 9.422463099e-05
3277 9.421744403e-05
3278 9.421025981e-05
3279 9.420307833e-05
3280 9.419589958e-05
3281 9.418872357e-05
3282 9.418155029e-05
3283 9.417437975e-05
3284 9.416721193e-05
3285 9.416004684e-05
3286 9.415288447e-05
3287 9.414572483e-05
3288 9.413856791e-05
3289 9.41314137e-05
3290 9.412426222e-05
3291 9.411711345e-05
3292 9.41099674e-05
3293 9.410282405e-05
3294 9.409568342e-05
3295 9.40885455e-05
3296 9.408141028e-05
3297 9.407427777e-05
3298 9.406714796e-05
3299 9.406002085e-05
3300 9.405289644e-05
3301 9.404577472e-05
3302 9.403865571e-05
3303 9.403153938e-05
3304 9.402442575e-05
3305 9.401731481e-05
3306 9.401020656e-05
3307 9.400310099e-05
3308 9.399599811e-05
3309 9.398889791e-05
3310 9.398180039e-05
3311 9.397470555e-05
3312 9.396761338e-05
3313 9.39605239e-05
3314 9.395343708e-05
3315 9.394635294e-05
3316 9.393927147e-05
3317 9.393219266e-05
3318 9.392511653e-05
3319 9.391804305e-05
3320 9.391097224e-05
3321 9.390390409e-05
3322 9.38968386e-05
3323 9.388977577e-05
3324 9.388271559e-05
3325 9.387565807e-05
3326 9.386860319e-05
3327 9.386155097e-05
3328 9.38545014e-05
3329 9.384745447e-05
3330 9.384041019e-05
3331 9.383336855e-05
3332 9.382632955e-05
3333 9.381929319e-05
3334 9.381225947e-05
3335 9.380522838e-05
3336 9.379819993e-05
3337 9.379117411e-05
3338 9.378415092e-05
3339 9.377713036e-05
3340 9.377011243e-05
3341 9.376309712e-05
3342 9.375608444e-05
3343 9.374907438e-05
3344 9.374206693e-05
3345 9.373506211e-05
3346 9.37280599e-05
3347 9.372106031e-05
3348 9.371406332e-05
3349 9.370706895e-05
3350 9.370007719e-05
3351 9.369308804e-05
3352 9.368610149e-05
3353 9.367911755e-05
3354 9.367213621e-05
3355 9.366515747e-05
3356 9.365818133e-05
3357 9.365120779e-05
3358 9.364423684e-05
3359 9.363726848e-05
3360 9.363030272e-05
3361 9.362333955e-05
3362 9.361637896e-05
3363 9.360942096e-05
3364 9.360246555e-05
3365 9.359551272e-05
3366 9.358856247e-05
3367 9.358161481e-05
3368 9.357466972e-05
3369 9.35677272e-05
3370 9.356078726e-05
3371 9.35538499e-05
3372 9.35469151e-05
3373 9.353998288e-05
3374 9.353305322e-05
3375 9.352612613e-05
3376 9.35192016e-05
3377 9.351227964e-05
3378 9.350536023e-05
3379 9.349844339e-05
3380 9.34915291e-05
3381 9.348461737e-05
3382 9.347770819e-05
3383 9.347080157e-05
3384 9.34638975e-05
3385 9.345699597e-05
3386 9.345009699e-05
3387 9.344320056e-05
3388 9.343630667e-05
3389 9.342941533e-05
3390 9.342252652e-05
3391 9.341564026e-05
3392 9.340875653e-05
3393 9.340187534e-05
3394 9.339499668e-05
3395 9.338812055e-05
3396 9.338124695e-05
3397 9.337437588e-05
3398 9.336750734e-05
3399 9.336064133e-05
3400 9.335377784e-05
3401 9.334691687e-05
3402 9.334005842e-05
3403 9.333320249e-05
3404 9.332634908e-05
3405 9.331949818e-05
3406 9.33126498e-05
3407 9.330580392e-05
3408 9.329896056e-05
3409 9.329211971e-05
3410 9.328528137e-05
3411 9.327844553e-05
3412 9.327161219e-05
3413 9.326478136e-05
3414 9.325795303e-05
3415 9.325112719e-05
3416 9.324430385e-05
3417 9.323748301e-05
3418 9.323066467e-05
3419 9.322384881e-05
3420 9.321703545e-05
3421 9.321022457e-05
3422 9.320341619e-05
3423 9.319661029e-05
3424 9.318980687e-05
3425 9.318300593e-05
3426 9.317620748e-05
3427 9.316941151e-05
3428 9.316261801e-05
3429 9.315582699e-05
3430 9.314903844e-05
3431 9.314225237e-05
3432 9.313546877e-05
3433 9.312868763e-05
3434 9.312190897e-05
3435 9.311513277e-05
3436 9.310835904e-05
3437 9.310158776e-05
3438 9.309481895e-05
3439 9.308805261e-05
3440 9.308128871e-05
3441 9.307452728e-05
3442 9.30677683e-05
3443 9.306101177e-05
3444 9.30542577e-05
3445 9.304750608e-05
3446 9.30407569e-05
3447 9.303401017e-05
3448 9.302726589e-05
3449 9.302052405e-05
3450 9.301378465e-05
3451 9.30070477e-05
3452 9.300031318e-05
3453 9.29935811e-05
3454 9.298685146e-05
3455 9.298012425e-05
3456 9.297339947e-05
3457 9.296667712e-05
3458 9.295995721e-05
3459 9.295323972e-05
3460 9.294652466e-05
3461 9.293981202e-05
3462 9.293310181e-05
3463 9.292639402e-05
3464 9.291968865e-05
3465 9.291298569e-05
3466 9.290628516e-05
3467 9.289958703e-05
3468 9.289289133e-05
3469 9.288619803e-05
3470 9.287950715e-05
3471 9.287281867e-05
3472 9.286613261e-05
3473 9.285944895e-05
3474 9.285276769e-05
3475 9.284608883e-05
3476 9.283941238e-05
3477 9.283273833e-05
3478 9.282606667e-05
3479 9.281939742e-05
3480 9.281273055e-05
3481 9.280606608e-05
3482 9.279940401e-05
3483 9.279274432e-05
3484 9.278608702e-05
3485 9.277943211e-05
3486 9.277277959e-05
3487 9.276612945e-05
3488 9.275948169e-05
3489 9.275283631e-05
3490 9.274619332e-05
3491 9.27395527e-05
3492 9.273291446e-05
3493 9.272627859e-05
3494 9.27196451e-05
3495 9.271301398e-05
3496 9.270638523e-05
3497 9.269975885e-05
3498 9.269313483e-05
3499 9.268651318e-05
3500 9.26798939e-05
3501 9.267327698e-05
3502 9.266666242e-05
3503 9.266005022e-05
3504 9.265344038e-05
3505 9.26468329e-05
3506 9.264022777e-05
3507 9.2633625e-05
3508 9.262702457e-05
3509 9.26204265e-05
3510 9.261383078e-05
3511 9.260723741e-05
3512 9.260064638e-05
3513 9.25940577e-05
3514 9.258747136e-05
3515 9.258088736e-05
3516 9.25743057e-05
3517 9.256772638e-05
3518 9.25611494e-05
3519 9.255457475e-05
3520 9.254800244e-05
3521 9.254143246e-05
3522 9.253486482e-05
3523 9.25282995e-05
3524 9.252173651e-05
3525 9.251517585e-05
3526 9.250861751e-05
3527 9.25020615e-05
3528 9.249550781e-05
3529 9.248895644e-05
3530 9.248240739e-05
3531 9.247586066e-05
3532 9.246931624e-05
3533 9.246277414e-05
3534 9.245623435e-05
3535 9.244969688e-05
3536 9.244316172e-05
3537 9.243662886e-05
3538 9.243009831e-05
3539 9.242357007e-05
3540 9.241704414e-05
3541 9.24105205e-05
3542 9.240399917e-05
3543 9.239748014e-05
3544 9.239096341e-05
3545 9.238444898e-05
3546 9.237793684e-05
3547 9.237142699e-05
3548 9.236491944e-05
3549 9.235841418e-05
3550 9.235191122e-05
3551 9.234541054e-05
3552 9.233891214e-05
3553 9.233241604e-05
3554 9.232592221e-05
3555 9.231943067e-05
3556 9.231294142e-05
3557 9.230645444e-05
3558 9.229996974e-05
3559 9.229348732e-05
3560 9.228700717e-05
3561 9.22805293e-05
3562 9.22740537e-05
3563 9.226758037e-05
3564 9.226110931e-05
3565 9.225464052e-05
3566 9.2248174e-05
3567 9.224170974e-05
3568 9.223524775e-05
3569 9.222878802e-05
3570 9.222233055e-05
3571 9.221587534e-05
3572 9.220942239e-05
3573 9.22029717e-05
3574 9.219652327e-05
3575 9.219007708e-05
3576 9.218363315e-05
3577 9.217719148e-05
3578 9.217075205e-05
3579 9.216431487e-05
3580 9.215787994e-05
3581 9.215144725e-05
3582 9.214501681e-05
3583 9.213858861e-05
3584 9.213216265e-05
3585 9.212573893e-05
3586 9.211931746e-05
3587 9.211289822e-05
3588 9.210648121e-05
3589 9.210006644e-05
3590 9.20936539e-05
3591 9.20872436e-05
3592 9.208083552e-05
3593 9.207442968e-05
3594 9.206802606e-05
3595 9.206162466e-05
3596 9.20552255e-05
3597 9.204882855e-05
3598 9.204243383e-05
3599 9.203604133e-05
3600 9.202965105e-05
3601 9.202326298e-05
3602 9.201687713e-05
3603 9.20104935e-05
3604 9.200411208e-05
3605 9.199773287e-05
3606 9.199135588e-05
3607 9.198498109e-05
3608 9.197860851e-05
3609 9.197223814e-05
3610 9.196586998e-05
3611 9.195950401e-05
3612 9.195314025e-05
3613 9.19467787e-05
3614 9.194041934e-05
3615 9.193406218e-05
3616 9.192770722e-05
3617 9.192135445e-05
3618 9.191500388e-05
3619 9.19086555e-05
3620 9.190230931e-05
3621 9.189596532e-05
3622 9.188962351e-05
3623 9.188328389e-05
3624 9.187694645e-05
3625 9.18706112e-05
3626 9.186427814e-05
3627 9.185794726e-05
3628 9.185161855e-05
3629 9.184529203e-05
3630 9.183896769e-05
3631 9.183264552e-05
3632 9.182632553e-05
3633 9.182000771e-05
3634 9.181369206e-05
3635 9.180737859e-05
3636 9.180106729e-05
3637 9.179475815e-05
3638 9.178845118e-05
3639 9.178214638e-05
3640 9.177584375e-05
3641 9.176954327e-05
3642 9.176324496e-05
3643 9.175694881e-05
3644 9.175065482e-05
3645 9.174436299e-05
3646 9.173807331e-05
3647 9.173178579e-05
3648 9.172550042e-05
3649 9.171921721e-05
3650 9.171293615e-05
3651 9.170665723e-05
3652 9.170038047e-05
3653 9.169410585e-05
3654 9.168783338e-05
3655 9.168156306e-05
3656 9.167529488e-05
3657 9.166902884e-05
3658 9.166276494e-05
3659 9.165650318e-05
3660 9.165024356e-05
3661 9.164398607e-05
3662 9.163773072e-05
3663 9.163147751e-05
3664 9.162522643e-05
3665 9.161897748e-05
3666 9.161273066e-05
3667 9.160648597e-05
3668 9.16002434e-05
3669 9.159400297e-05
3670 9.158776466e-05
3671 9.158152847e-05
3672 9.15752944e-05
3673 9.156906246e-05
3674 9.156283264e-05
3675 9.155660493e-05
3676 9.155037935e-05
3677 9.154415587e-05
3678 9.153793452e-05
3679 9.153171527e-05
3680 9.152549814e-05
3681 9.151928312e-05
3682 9.151307021e-05
3683 9.150685941e-05
3684 9.150065071e-05
3685 9.149444412e-05
3686 9.148823964e-05
3687 9.148203725e-05
3688 9.147583697e-05
3689 9.146963879e-05
3690 9.146344271e-05
3691 9.145724873e-05
3692 9.145105685e-05
3693 9.144486705e-05
3694 9.143867936e-05
3695 9.143249376e-05
3696 9.142631024e-05
3697 9.142012882e-05
3698 9.141394949e-05
3699 9.140777225e-05
3700 9.140159709e-05
3701 9.139542402e-05
3702 9.138925303e-05
3703 9.138308412e-05
3704 9.13769173e-05
3705 9.137075255e-05
3706 9.136458989e-05
3707 9.13584293e-05
3708 9.135227079e-05
3709 9.134611435e-05
3710 9.133995999e-05
3711 9.13338077e-05
3712 9.132765749e-05
3713 9.132150934e-05
3714 9.131536326e-05
3715 9.130921925e-05
3716 9.13030773e-05
3717 9.129693742e-05
3718 9.129079961e-05
3719 9.128466386e-05
3720 9.127853016e-05
3721 9.127239853e-05
3722 9.126626896e-05
3723 9.126014145e-05
3724 9.125401599e-05
3725 9.124789258e-05
3726 9.124177124e-05
3727 9.123565194e-05
3728 9.122953469e-05
3729 9.12234195e-05
3730 9.121730635e-05
3731 9.121119525e-05
3732 9.12050862e-05
3733 9.11989792e-05
3734 9.119287423e-05
3735 9.118677131e-05
3736 9.118067044e-05
3737 9.11745716e-05
3738 9.11684748e-05
3739 9.116238004e-05
3740 9.115628732e-05
3741 9.115019663e-05
3742 9.114410797e-05
3743 9.113802135e-05
3744 9.113193676e-05
3745 9.11258542e-05
3746 9.111977367e-05
3747 9.111369517e-05
3748 9.11076187e-05
3749 9.110154425e-05
3750 9.109547183e-05
3751 9.108940143e-05
3752 9.108333305e-05
3753 9.107726669e-05
3754 9.107120235e-05
3755 9.106514003e-05
3756 9.105907973e-05
3757 9.105302144e-05
3758 9.104696517e-05
3759 9.104091091e-05
3760 9.103485866e-05
3761 9.102880843e-05
3762 9.10227602e-05
3763 9.101671399e-05
3764 9.101066978e-05
3765 9.100462758e-05
3766 9.099858738e-05
3767 9.099254919e-05
3768 9.0986513e-05
3769 9.098047881e-05
3770 9.097444662e-05
3771 9.096841643e-05
3772 9.096238824e-05
3773 9.095636205e-05
3774 9.095033785e-05
3775 9.094431564e-05
3776 9.093829543e-05
3777 9.093227721e-05
3778 9.092626098e-05
3779 9.092024675e-05
3780 9.09142345e-05
3781 9.090822423e-05
3782 9.090221596e-05
3783 9.089620967e-05
3784 9.089020536e-05
3785 9.088420303e-05
3786 9.087820269e-05
3787 9.087220433e-05
3788 9.086620794e-05
3789 9.086021354e-05
3790 9.085422111e-05
3791 9.084823065e-05
3792 9.084224217e-05
3793 9.083625567e-05
3794 9.083027113e-05
3795 9.082428857e-05
3796 9.081830797e-05
3797 9.081232935e-05
3798 9.080635269e-05
3799 9.0800378e-05
3800 9.079440527e-05
3801 9.078843451e-05
3802 9.078246571e-05
3803 9.077649887e-05
3804 9.077053399e-05
3805 9.076457107e-05
3806 9.075861011e-05
3807 9.075265111e-05
3808 9.074669406e-05
3809 9.074073897e-05
3810 9.073478583e-05
3811 9.072883464e-05
3812 9.07228854e-05
3813 9.071693812e-05
3814 9.071099278e-05
3815 9.070504939e-05
3816 9.069910794e-05
3817 9.069316845e-05
3818 9.068723089e-05
3819 9.068129528e-05
3820 9.067536161e-05
3821 9.066942988e-05
3822 9.06635001e-05
3823 9.065757225e-05
3824 9.065164633e-05
3825 9.064572236e-05
3826 9.063980032e-05
3827 9.063388021e-05
3828 9.062796203e-05
3829 9.062204579e-05
3830 9.061613148e-05
3831 9.06102191e-05
3832 9.060430864e-05
3833 9.059840012e-05
3834 9.059249351e-05
3835 9.058658884e-05
3836 9.058068609e-05
3837 9.057478526e-05
3838 9.056888635e-05
3839 9.056298936e-05
3840 9.055709429e-05
3841 9.055120114e-05
3842 9.054530991e-05
3843 9.053942059e-05
3844 9.053353319e-05
3845 9.05276477e-05
3846 9.052176412e-05
3847 9.051588246e-05
3848 9.05100027e-05
3849 9.050412486e-05
3850 9.049824892e-05
3851 9.049237489e-05
3852 9.048650276e-05
3853 9.048063255e-05
3854 9.047476423e-05
3855 9.046889782e-05
3856 9.04630333e-05
3857 9.045717069e-05
3858 9.045130998e-05
3859 9.044545116e-05
3860 9.043959425e-05
3861 9.043373922e-05
3862 9.04278861e-05
3863 9.042203486e-05
3864 9.041618552e-05
3865 9.041033807e-05
3866 9.040449251e-05
3867 9.039864884e-05
3868 9.039280706e-05
3869 9.038696717e-05
3870 9.038112916e-05
3871 9.037529304e-05
3872 9.03694588e-05
3873 9.036362644e-05
3874 9.035779596e-05
3875 9.035196737e-05
3876 9.034614065e-05
3877 9.034031582e-05
3878 9.033449285e-05
3879 9.032867177e-05
3880 9.032285256e-05
3881 9.031703523e-05
3882 9.031121976e-05
3883 9.030540617e-05
3884 9.029959445e-05
3885 9.02937846e-05
3886 9.028797662e-05
3887 9.028217051e-05
3888 9.027636626e-05
3889 9.027056388e-05
3890 9.026476336e-05
3891 9.025896471e-05
3892 9.025316791e-05
3893 9.024737298e-05
3894 9.024157991e-05
3895 9.023578869e-05
3896 9.022999934e-05
3897 9.022421184e-05
3898 9.02184262e-05
3899 9.021264241e-05
3900 9.020686047e-05
3901 9.020108039e-05
3902 9.019530216e-05
3903 9.018952578e-05
3904 9.018375125e-05
3905 9.017797856e-05
3906 9.017220773e-05
3907 9.016643874e-05
3908 9.016067159e-05
3909 9.015490629e-05
3910 9.014914283e-05
3911 9.014338121e-05
3912 9.013762144e-05
3913 9.01318635e-05
3914 9.01261074e-05
3915 9.012035314e-05
3916 9.011460072e-05
3917 9.010885013e-05
3918 9.010310137e-05
3919 9.009735445e-05
3920 9.009160936e-05
3921 9.008586611e-05
3922 9.008012468e-05
3923 9.007438508e-05
3924 9.006864731e-05
3925 9.006291137e-05
3926 9.005717725e-05
3927 9.005144496e-05
3928 9.004571449e-05
3929 9.003998584e-05
3930 9.003425902e-05
3931 9.002853402e-05
3932 9.002281083e-05
3933 9.001708947e-05
3934 9.001136992e-05
3935 9.000565219e-05
3936 8.999993628e-05
3937 8.999422218e-05
3938 8.998850989e-05
3939 8.998279941e-05
3940 8.997709075e-05
3941 8.99713839e-05
3942 8.996567886e-05
3943 8.995997562e-05
3944 8.995427419e-05
3945 8.994857457e-05
3946 8.994287676e-05
3947 8.993718074e-05
3948 8.993148653e-05
3949 8.992579413e-05
3950 8.992010352e-05
3951 8.991441472e-05
3952 8.990872771e-05
3953 8.99030425e-05
3954 8.989735909e-05
3955 8.989167748e-05
3956 8.988599765e-05
3957 8.988031963e-05
3958 8.987464339e-05
3959 8.986896895e-05
3960 8.98632963e-05
3961 8.985762544e-05
3962 8.985195637e-05
3963 8.984628909e-05
3964 8.984062359e-05
3965 8.983495988e-05
3966 8.982929795e-05
3967 8.982363781e-05
3968 8.981797945e-05
3969 8.981232287e-05
3970 8.980666807e-05
3971 8.980101505e-05
3972 8.979536381e-05
3973 8.978971435e-05
3974 8.978406667e-05
3975 8.977842076e-05
3976 8.977277662e-05
3977 8.976713426e-05
3978 8.976149368e-05
3979 8.975585486e-05
3980 8.975021781e-05
3981 8.974458254e-05
3982 8.973894903e-05
3983 8.973331729e-05
3984 8.972768732e-05
3985 8.972205911e-05
3986 8.971643267e-05
3987 8.971080799e-05
3988 8.970518508e-05
3989 8.969956392e-05
3990 8.969394453e-05
3991 8.96883269e-05
3992 8.968271102e-05
3993 8.96770969e-05
3994 8.967148454e-05
3995 8.966587394e-05
3996 8.966026509e-05
3997 8.965465799e-05
3998 8.964905265e-05
3999 8.964344906e-05
4000 8.963784722e-05
4001 8.963224713e-05
4002 8.962664879e-05
4003 8.962105219e-05
4004 8.961545735e-05
4005 8.960986425e-05
4006 8.960427289e-05
4007 8.959868328e-05
4008 8.959309541e-05
4009 8.958750928e-05
4010 8.95819249e-05
4011 8.957634225e-05
4012 8.957076135e-05
4013 8.956518218e-05
4014 8.955960475e-05
4015 8.955402905e-05
4016 8.954845509e-05
4017 8.954288286e-05
4018 8.953731237e-05
4019 8.953174361e-05
4020 8.952617658e-05
4021 8.952061128e-05
4022 8.951504771e-05
4023 8.950948587e-05
4024 8.950392576e-05
4025 8.949836737e-05
4026 8.949281071e-05
4027 8.948725577e-05
4028 8.948170256e-05
4029 8.947615107e-05
4030 8.94706013e-05
4031 8.946505325e-05
4032 8.945950692e-05
4033 8.945396231e-05
4034 8.944841942e-05
4035 8.944287825e-05
4036 8.943733879e-05
4037 8.943180104e-05
4038 8.942626501e-05
4039 8.94207307e-05
4040 8.941519809e-05
4041 8.94096672e-05
4042 8.940413801e-05
4043 8.939861054e-05
4044 8.939308477e-05
4045 8.938756071e-05
4046 8.938203836e-05
4047 8.937651771e-05
4048 8.937099877e-05
4049 8.936548153e-05
4050 8.935996599e-05
4051 8.935445216e-05
4052 8.934894003e-05
4053 8.934342959e-05
4054 8.933792086e-05
4055 8.933241382e-05
4056 8.932690848e-05
4057 8.932140483e-05
4058 8.931590288e-05
4059 8.931040263e-05
4060 8.930490406e-05
4061 8.929940719e-05
4062 8.929391201e-05
4063 8.928841853e-05
4064 8.928292673e-05
4065 8.927743662e-05
4066 8.927194819e-05
4067 8.926646146e-05
4068 8.92609764e-05
4069 8.925549304e-05
4070 8.925001136e-05
4071 8.924453136e-05
4072 8.923905304e-05
4073 8.92335764e-05
4074 8.922810145e-05
4075 8.922262817e-05
4076 8.921715657e-05
4077 8.921168665e-05
4078 8.92062184e-05
4079 8.920075183e-05
4080 8.919528694e-05
4081 8.918982372e-05
4082 8.918436217e-05
4083 8.917890229e-05
4084 8.917344408e-05
4085 8.916798755e-05
4086 8.916253268e-05
4087 8.915707948e-05
4088 8.915162795e-05
4089 8.914617808e-05
4090 8.914072988e-05
4091 8.913528335e-05
4092 8.912983847e-05
4093 8.912439526e-05
4094 8.911895372e-05
4095 8.911351383e-05
4096 8.91080756e-05
4097 8.910263903e-05
4098 8.909720412e-05
4099 8.909177087e-05
4100 8.908633927e-05
4101 8.908090933e-05
4102 8.907548104e-05
4103 8.907005441e-05
4104 8.906462943e-05
4105 8.90592061e-05
4106 8.905378442e-05
4107 8.904836439e-05
4108 8.904294601e-05
4109 8.903752928e-05
4110 8.903211419e-05
4111 8.902670076e-05
4112 8.902128896e-05
4113 8.901587881e-05
4114 8.901047031e-05
4115 8.900506345e-05
4116 8.899965823e-05
4117 8.899425465e-05
4118 8.898885271e-05
4119 8.898345241e-05
4120 8.897805374e-05
4121 8.897265672e-05
4122 8.896726133e-05
4123 8.896186758e-05
4124 8.895647546e-05
4125 8.895108497e-05
4126 8.894569612e-05
4127 8.89403089e-05
4128 8.893492331e-05
4129 8.892953935e-05
4130 8.892415702e-05
4131 8.891877632e-05
4132 8.891339725e-05
4133 8.89080198e-05
4134 8.890264398e-05
4135 8.889726979e-05
4136 8.889189721e-05
4137 8.888652626e-05
4138 8.888115694e-05
4139 8.887578923e-05
4140 8.887042315e-05
4141 8.886505868e-05
4142 8.885969583e-05
4143 8.88543346e-05
4144 8.884897499e-05
4145 8.884361699e-05
4146 8.883826061e-05
4147 8.883290585e-05
4148 8.882755269e-05
4149 8.882220115e-05
4150 8.881685122e-05
4151 8.88115029e-05
4152 8.880615619e-05
4153 8.88008111e-05
4154 8.87954676e-05
4155 8.879012572e-05
4156 8.878478544e-05
4157 8.877944677e-05
4158 8.87741097e-05
4159 8.876877424e-05
4160 8.876344038e-05
4161 8.875810812e-05
4162 8.875277746e-05
4163 8.874744841e-05
4164 8.874212095e-05
4165 8.873679509e-05
4166 8.873147083e-05
4167 8.872614816e-05
4168 8.87208271e-05
4169 8.871550762e-05
4170 8.871018975e-05
4171 8.870487346e-05
4172 8.869955877e-05
4173 8.869424567e-05
4174 8.868893416e-05
4175 8.868362424e-05
4176 8.867831591e-05
4177 8.867300916e-05
4178 8.866770401e-05
4179 8.866240044e-05
4180 8.865709846e-05
4181 8.865179806e-05
4182 8.864649925e-05
4183 8.864120202e-05
4184 8.863590637e-05
4185 8.86306123e-05
4186 8.862531982e-05
4187 8.862002891e-05
4188 8.861473959e-05
4189 8.860945184e-05
4190 8.860416566e-05
4191 8.859888107e-05
4192 8.859359805e-05
4193 8.85883166e-05
4194 8.858303673e-05
4195 8.857775844e-05
4196 8.857248171e-05
4197 8.856720656e-05
4198 8.856193297e-05
4199 8.855666096e-05
4200 8.855139051e-05
4201 8.854612163e-05
4202 8.854085432e-05
4203 8.853558858e-05
4204 8.85303244e-05
4205 8.852506179e-05
4206 8.851980074e-05
4207 8.851454125e-05
4208 8.850928332e-05
4209 8.850402696e-05
4210 8.849877216e-05
4211 8.849351891e-05
4212 8.848826723e-05
4213 8.84830171e-05
4214 8.847776853e-05
4215 8.847252152e-05
4216 8.846727606e-05
4217 8.846203215e-05
4218 8.84567898e-05
4219 8.845154901e-05
4220 8.844630976e-05
4221 8.844107207e-05
4222 8.843583593e-05
4223 8.843060133e-05
4224 8.842536829e-05
4225 8.842013679e-05
4226 8.841490684e-05
4227 8.840967844e-05
4228 8.840445158e-05
4229 8.839922627e-05
4230 8.83940025e-05
4231 8.838878028e-05
4232 8.838355959e-05
4233 8.837834045e-05
4234 8.837312285e-05
4235 8.836790679e-05
4236 8.836269227e-05
4237 8.835747928e-05
4238 8.835226783e-05
4239 8.834705792e-05
4240 8.834184955e-05
4241 8.833664271e-05
4242 8.83314374e-05
4243 8.832623363e-05
4244 8.832103139e-05
4245 8.831583068e-05
4246 8.83106315e-05
4247 8.830543386e-05
4248 8.830023774e-05
4249 8.829504315e-05
4250 8.828985009e-05
4251 8.828465855e-05
4252 8.827946854e-05
4253 8.827428006e-05
4254 8.82690931e-05
4255 8.826390766e-05
4256 8.825872375e-05
4257 8.825354135e-05
4258 8.824836048e-05
4259 8.824318113e-05
4260 8.82380033e-05
4261 8.823282699e-05
4262 8.82276522e-05
4263 8.822247892e-05
4264 8.821730716e-05
4265 8.821213691e-05
4266 8.820696818e-05
4267 8.820180097e-05
4268 8.819663526e-05
4269 8.819147107e-05
4270 8.818630839e-05
4271 8.818114722e-05
4272 8.817598756e-05
4273 8.817082941e-05
4274 8.816567277e-05
4275 8.816051764e-05
4276 8.815536401e-05
4277 8.815021189e-05
4278 8.814506128e-05
4279 8.813991217e-05
4280 8.813476456e-05
4281 8.812961845e-05
4282 8.812447385e-05
4283 8.811933075e-05
4284 8.811418915e-05
4285 8.810904905e-05
4286 8.810391044e-05
4287 8.809877334e-05
4288 8.809363773e-05
4289 8.808850362e-05
4290 8.808337101e-05
4291 8.807823989e-05
4292 8.807311026e-05
4293 8.806798213e-05
4294 8.806285549e-05
4295 8.805773034e-05
4296 8.805260668e-05
4297 8.804748452e-05
4298 8.804236384e-05
4299 8.803724465e-05
4300 8.803212695e-05
4301 8.802701074e-05
4302 8.802189601e-05
4303 8.801678277e-05
4304 8.801167101e-05
4305 8.800656074e-05
4306 8.800145195e-05
4307 8.799634464e-05
4308 8.799123882e-05
4309 8.798613447e-05
4310 8.798103161e-05
4311 8.797593022e-05
4312 8.797083032e-05
4313 8.796573189e-05
4314 8.796063494e-05
4315 8.795553946e-05
4316 8.795044546e-05
4317 8.794535294e-05
4318 8.794026189e-05
4319 8.793517231e-05
4320 8.793008421e-05
4321 8.792499757e-05
4322 8.791991241e-05
4323 8.791482872e-05
4324 8.79097465e-05
4325 8.790466574e-05
4326 8.789958646e-05
4327 8.789450864e-05
4328 8.788943228e-05
4329 8.78843574e-05
4330 8.787928397e-05
4331 8.787421202e-05
4332 8.786914152e-05
4333 8.786407249e-05
4334 8.785900492e-05
4335 8.785393881e-05
4336 8.784887416e-05
4337 8.784381097e-05
4338 8.783874924e-05
4339 8.783368897e-05
4340 8.782863015e-05
4341 8.782357279e-05
4342 8.781851689e-05
4343 8.781346244e-05
4344 8.780840944e-05
4345 8.78033579e-05
4346 8.779830781e-05
4347 8.779325918e-05
4348 8.778821199e-05
4349 8.778316626e-05
4350 8.777812197e-05
4351 8.777307914e-05
4352 8.776803775e-05
4353 8.776299781e-05
4354 8.775795932e-05
4355 8.775292227e-05
4356 8.774788667e-05
4357 8.774285251e-05
4358 8.77378198e-05
4359 8.773278852e-05
4360 8.77277587e-05
4361 8.772273031e-05
4362 8.771770336e-05
4363 8.771267786e-05
4364 8.770765379e-05
4365 8.770263116e-05
4366 8.769760997e-05
4367 8.769259021e-05
4368 8.76875719e-05
4369 8.768255501e-05
4370 8.767753957e-05
4371 8.767252555e-05
4372 8.766751297e-05
4373 8.766250183e-05
4374 8.765749211e-05
4375 8.765248383e-05
4376 8.764747697e-05
4377 8.764247155e-05
4378 8.763746756e-05
4379 8.763246499e-05
4380 8.762746385e-05
4381 8.762246414e-05
4382 8.761746585e-05
4383 8.761246899e-05
4384 8.760747355e-05
4385 8.760247954e-05
4386 8.759748695e-05
4387 8.759249578e-05
4388 8.758750603e-05
4389 8.758251771e-05
4390 8.75775308e-05
4391 8.757254532e-05
4392 8.756756125e-05
4393 8.75625786e-05
4394 8.755759737e-05
4395 8.755261756e-05
4396 8.754763916e-05
4397 8.754266217e-05
4398 8.75376866e-05
4399 8.753271245e-05
4400 8.75277397e-05
4401 8.752276837e-05
4402 8.751779845e-05
4403 8.751282995e-05
4404 8.750786285e-05
4405 8.750289716e-05
4406 8.749793288e-05
4407 8.749297e-05
4408 8.748800854e-05
4409 8.748304848e-05
4410 8.747808982e-05
4411 8.747313258e-05
4412 8.746817673e-05
4413 8.746322229e-05
4414 8.745826925e-05
4415 8.745331762e-05
4416 8.744836738e-05
4417 8.744341855e-05
4418 8.743847111e-05
4419 8.743352508e-05
4420 8.742858044e-05
4421 8.74236372e-05
4422 8.741869536e-05
4423 8.741375492e-05
4424 8.740881587e-05
4425 8.740387822e-05
4426 8.739894196e-05
4427 8.739400709e-05
4428 8.738907362e-05
4429 8.738414154e-05
4430 8.737921085e-05
4431 8.737428155e-05
4432 8.736935364e-05
4433 8.736442712e-05
4434 8.735950199e-05
4435 8.735457825e-05
4436 8.734965589e-05
4437 8.734473492e-05
4438 8.733981534e-05
4439 8.733489714e-05
4440 8.732998033e-05
4441 8.73250649e-05
4442 8.732015085e-05
4443 8.731523819e-05
4444 8.731032691e-05
4445 8.730541701e-05
4446 8.730050848e-05
4447 8.729560134e-05
4448 8.729069558e-05
4449 8.728579119e-05
4450 8.728088819e-05
4451 8.727598656e-05
4452 8.72710863e-05
4453 8.726618742e-05
4454 8.726128992e-05
4455 8.725639379e-05
4456 8.725149903e-05
4457 8.724660564e-05
4458 8.724171363e-05
4459 8.723682299e-05
4460 8.723193372e-05
4461 8.722704582e-05
4462 8.722215928e-05
4463 8.721727412e-05
4464 8.721239032e-05
4465 8.720750789e-05
4466 8.720262683e-05
4467 8.719774713e-05
4468 8.71928688e-05
4469 8.718799184e-05
4470 8.718311623e-05
4471 8.717824199e-05
4472 8.717336911e-05
4473 8.716849759e-05
4474 8.716362744e-05
4475 8.715875864e-05
4476 8.71538912e-05
4477 8.714902513e-05
4478 8.714416041e-05
4479 8.713929704e-05
4480 8.713443504e-05
4481 8.712957439e-05
4482 8.712471509e-05
4483 8.711985715e-05
4484 8.711500057e-05
4485 8.711014534e-05
4486 8.710529146e-05
4487 8.710043893e-05
4488 8.709558775e-05
4489 8.709073793e-05
4490 8.708588945e-05
4491 8.708104233e-05
4492 8.707619655e-05
4493 8.707135212e-05
4494 8.706650904e-05
4495 8.70616673e-05
4496 8.705682691e-05
4497 8.705198787e-05
4498 8.704715017e-05
4499 8.704231381e-05
4500 8.70374788e-05
4501 8.703264513e-05
4502 8.70278128e-05
4503 8.702298182e-05
4504 8.701815217e-05
4505 8.701332386e-05
4506 8.70084969e-05
4507 8.700367127e-05
4508 8.699884698e-05
4509 8.699402402e-05
4510 8.698920241e-05
4511 8.698438212e-05
4512 8.697956318e-05
4513 8.697474557e-05
4514 8.696992929e-05
4515 8.696511435e-05
4516 8.696030073e-05
4517 8.695548845e-05
4518 8.695067751e-05
4519 8.694586789e-05
4520 8.69410596e-05
4521 8.693625264e-05
4522 8.693144701e-05
4523 8.692664271e-05
4524 8.692183973e-05
4525 8.691703808e-05
4526 8.691223776e-05
4527 8.690743877e-05
4528 8.690264109e-05
4529 8.689784474e-05
4530 8.689304972e-05
4531 8.688825602e-05
4532 8.688346364e-05
4533 8.687867258e-05
4534 8.687388284e-05
4535 8.686909442e-05
4536 8.686430732e-05
4537 8.685952154e-05
4538 8.685473708e-05
4539 8.684995393e-05
4540 8.68451721e-05
4541 8.684039159e-05
4542 8.68356124e-05
4543 8.683083451e-05
4544 8.682605795e-05
4545 8.682128269e-05
4546 8.681650875e-05
4547 8.681173612e-05
4548 8.68069648e-05
4549 8.68021948e-05
4550 8.67974261e-05
4551 8.679265871e-05
4552 8.678789264e-05
4553 8.678312787e-05
4554 8.677836441e-05
4555 8.677360225e-05
4556 8.67688414e-05
4557 8.676408186e-05
4558 8.675932362e-05
4559 8.675456669e-05
4560 8.674981106e-05
4561 8.674505673e-05
4562 8.674030371e-05
4563 8.673555199e-05
4564 8.673080157e-05
4565 8.672605245e-05
4566 8.672130463e-05
4567 8.671655811e-05
4568 8.671181289e-05
4569 8.670706896e-05
4570 8.670232634e-05
4571 8.669758501e-05
4572 8.669284497e-05
4573 8.668810623e-05
4574 8.668336879e-05
4575 8.667863264e-05
4576 8.667389779e-05
4577 8.666916422e-05
4578 8.666443195e-05
4579 8.665970097e-05
4580 8.665497129e-05
4581 8.665024289e-05
4582 8.664551578e-05
4583 8.664078996e-05
4584 8.663606543e-05
4585 8.663134219e-05
4586 8.662662024e-05
4587 8.662189957e-05
4588 8.661718019e-05
4589 8.661246209e-05
4590 8.660774528e-05
4591 8.660302975e-05
4592 8.659831551e-05
4593 8.659360254e-05
4594 8.658889086e-05
4595 8.658418047e-05
4596 8.657947135e-05
4597 8.657476351e-05
4598 8.657005696e-05
4599 8.656535168e-05
4600 8.656064768e-05
4601 8.655594496e-05
4602 8.655124351e-05
4603 8.654654334e-05
4604 8.654184445e-05
4605 8.653714683e-05
4606 8.653245049e-05
4607 8.652775542e-05
4608 8.652306163e-05
4609 8.651836911e-05
4610 8.651367786e-05
4611 8.650898788e-05
4612 8.650429917e-05
4613 8.649961174e-05
4614 8.649492557e-05
4615 8.649024067e-05
4616 8.648555704e-05
4617 8.648087468e-05
4618 8.647619359e-05
4619 8.647151376e-05
4620 8.64668352e-05
4621 8.64621579e-05
4622 8.645748187e-05
4623 8.64528071e-05
4624 8.64481336e-05
4625 8.644346136e-05
4626 8.643879038e-05
4627 8.643412066e-05
4628 8.642945221e-05
4629 8.642478501e-05
4630 8.642011908e-05
4631 8.64154544e-05
4632 8.641079098e-05
4633 8.640612883e-05
4634 8.640146792e-05
4635 8.639680828e-05
4636 8.639214989e-05
4637 8.638749276e-05
4638 8.638283688e-05
4639 8.637818225e-05
4640 8.637352888e-05
4641 8.636887677e-05
4642 8.63642259e-05
4643 8.635957629e-05
4644 8.635492793e-05
4645 8.635028082e-05
4646 8.634563496e-05
4647 8.634099035e-05
4648 8.633634699e-05
4649 8.633170487e-05
4650 8.632706401e-05
4651 8.632242439e-05
4652 8.631778602e-05
4653 8.631314889e-05
4654 8.630851301e-05
4655 8.630387837e-05
4656 8.629924498e-05
4657 8.629461283e-05
4658 8.628998193e-05
4659 8.628535226e-05
4660 8.628072384e-05
4661 8.627609666e-05
4662 8.627147072e-05
4663 8.626684602e-05
4664 8.626222256e-05
4665 8.625760034e-05
4666 8.625297935e-05
4667 8.624835961e-05
4668 8.62437411e-05
4669 8.623912382e-05
4670 8.623450779e-05
4671 8.622989298e-05
4672 8.622527941e-05
4673 8.622066708e-05
4674 8.621605598e-05
4675 8.621144611e-05
4676 8.620683748e-05
4677 8.620223007e-05
4678 8.61976239e-05
4679 8.619301896e-05
4680 8.618841524e-05
4681 8.618381276e-05
4682 8.61792115e-05
4683 8.617461148e-05
4684 8.617001268e-05
4685 8.61654151e-05
4686 8.616081876e-05
4687 8.615622363e-05
4688 8.615162974e-05
4689 8.614703707e-05
4690 8.614244562e-05
4691 8.613785539e-05
4692 8.613326639e-05
4693 8.612867861e-05
4694 8.612409206e-05
4695 8.611950672e-05
4696 8.61149226e-05
4697 8.611033971e-05
4698 8.610575803e-05
4699 8.610117757e-05
4700 8.609659833e-05
4701 8.60920203e-05
4702 8.60874435e-05
4703 8.608286791e-05
4704 8.607829353e-05
4705 8.607372037e-05
4706 8.606914843e-05
4707 8.60645777e-05
4708 8.606000818e-05
4709 8.605543988e-05
4710 8.605087278e-05
4711 8.60463069e-05
4712 8.604174223e-05
4713 8.603717877e-05
4714 8.603261652e-05
4715 8.602805548e-05
4716 8.602349565e-05
4717 8.601893703e-05
4718 8.601437961e-05
4719 8.600982341e-05
4720 8.60052684e-05
4721 8.600071461e-05
4722 8.599616202e-05
4723 8.599161063e-05
4724 8.598706045e-05
4725 8.598251147e-05
4726 8.59779637e-05
4727 8.597341712e-05
4728 8.596887175e-05
4729 8.596432758e-05
4730 8.595978461e-05
4731 8.595524284e-05
4732 8.595070228e-05
4733 8.594616291e-05
4734 8.594162473e-05
4735 8.593708776e-05
4736 8.593255198e-05
4737 8.59280174e-05
4738 8.592348402e-05
4739 8.591895183e-05
4740 8.591442084e-05
4741 8.590989104e-05
4742 8.590536244e-05
4743 8.590083503e-05
4744 8.589630881e-05
4745 8.589178378e-05
4746 8.588725995e-05
4747 8.58827373e-05
4748 8.587821585e-05
4749 8.587369559e-05
4750 8.586917651e-05
4751 8.586465863e-05
4752 8.586014193e-05
4753 8.585562642e-05
4754 8.58511121e-05
4755 8.584659897e-05
4756 8.584208702e-05
4757 8.583757625e-05
4758 8.583306668e-05
4759 8.582855828e-05
4760 8.582405107e-05
4761 8.581954504e-05
4762 8.58150402e-05
4763 8.581053654e-05
4764 8.580603405e-05
4765 8.580153275e-05
4766 8.579703263e-05
4767 8.579253369e-05
4768 8.578803593e-05
4769 8.578353935e-05
4770 8.577904395e-05
4771 8.577454972e-05
4772 8.577005667e-05
4773 8.57655648e-05
4774 8.576107411e-05
4775 8.575658458e-05
4776 8.575209624e-05
4777 8.574760907e-05
4778 8.574312307e-05
4779 8.573863824e-05
4780 8.573415459e-05
4781 8.572967211e-05
4782 8.57251908e-05
4783 8.572071067e-05
4784 8.57162317e-05
4785 8.57117539e-05
4786 8.570727727e-05
4787 8.570280181e-05
4788 8.569832752e-05
4789 8.56938544e-05
4790 8.568938244e-05
4791 8.568491166e-05
4792 8.568044203e-05
4793 8.567597357e-05
4794 8.567150628e-05
4795 8.566704015e-05
4796 8.566257519e-05
4797 8.565811139e-05
4798 8.565364875e-05
4799 8.564918727e-05
4800 8.564472696e-05
4801 8.564026781e-05
4802 8.563580981e-05
4803 8.563135298e-05
4804 8.562689731e-05
4805 8.562244279e-05
4806 8.561798944e-05
4807 8.561353724e-05
4808 8.56090862e-05
4809 8.560463632e-05
4810 8.560018759e-05
4811 8.559574002e-05
4812 8.55912936e-05
4813 8.558684834e-05
4814 8.558240423e-05
4815 8.557796128e-05
4816 8.557351948e-05
4817 8.556907883e-05
4818 8.556463933e-05
4819 8.556020098e-05
4820 8.555576379e-05
4821 8.555132775e-05
4822 8.554689285e-05
4823 8.554245911e-05
4824 8.553802651e-05
4825 8.553359506e-05
4826 8.552916476e-05
4827 8.552473561e-05
4828 8.55203076e-05
4829 8.551588074e-05
4830 8.551145503e-05
4831 8.550703046e-05
4832 8.550260703e-05
4833 8.549818475e-05
4834 8.549376361e-05
4835 8.548934361e-05
4836 8.548492476e-05
4837 8.548050705e-05
4838 8.547609048e-05
4839 8.547167505e-05
4840 8.546726076e-05
4841 8.546284761e-05
4842 8.54584356e-05
4843 8.545402473e-05
4844 8.5449615e-05
4845 8.54452064e-05
4846 8.544079894e-05
4847 8.543639262e-05
4848 8.543198743e-05
4849 8.542758338e-05
4850 8.542318046e-05
4851 8.541877868e-05
4852 8.541437803e-05
4853 8.540997852e-05
4854 8.540558014e-05
4855 8.540118289e-05
4856 8.539678677e-05
4857 8.539239178e-05
4858 8.538799793e-05
4859 8.53836052e-05
4860 8.537921361e-05
4861 8.537482314e-05
4862 8.53704338e-05
4863 8.536604559e-05
4864 8.536165851e-05
4865 8.535727255e-05
4866 8.535288772e-05
4867 8.534850402e-05
4868 8.534412144e-05
4869 8.533973999e-05
4870 8.533535966e-05
4871 8.533098046e-05
4872 8.532660238e-05
4873 8.532222542e-05
4874 8.531784958e-05
4875 8.531347487e-05
4876 8.530910128e-05
4877 8.530472881e-05
4878 8.530035746e-05
4879 8.529598723e-05
4880 8.529161811e-05
4881 8.528725012e-05
4882 8.528288325e-05
4883 8.527851749e-05
4884 8.527415285e-05
4885 8.526978932e-05
4886 8.526542692e-05
4887 8.526106563e-05
4888 8.525670545e-05
4889 8.525234639e-05
4890 8.524798844e-05
4891 8.524363161e-05
4892 8.523927589e-05
4893 8.523492128e-05
4894 8.523056778e-05
4895 8.52262154e-05
4896 8.522186412e-05
4897 8.521751396e-05
4898 8.521316491e-05
4899 8.520881697e-05
4900 8.520447013e-05
4901 8.520012441e-05
4902 8.519577979e-05
4903 8.519143628e-05
4904 8.518709387e-05
4905 8.518275258e-05
4906 8.517841239e-05
4907 8.51740733e-05
4908 8.516973532e-05
4909 8.516539845e-05
4910 8.516106267e-05
4911 8.515672801e-05
4912 8.515239444e-05
4913 8.514806198e-05
4914 8.514373062e-05
4915 8.513940036e-05
4916 8.51350712e-05
4917 8.513074314e-05
4918 8.512641618e-05
4919 8.512209032e-05
4920 8.511776556e-05
4921 8.51134419e-05
4922 8.510911934e-05
4923 8.510479787e-05
4924 8.51004775e-05
4925 8.509615823e-05
4926 8.509184005e-05
4927 8.508752297e-05
4928 8.508320698e-05
4929 8.507889209e-05
4930 8.507457829e-05
4931 8.507026559e-05
4932 8.506595397e-05
4933 8.506164345e-05
4934 8.505733403e-05
4935 8.505302569e-05
4936 8.504871844e-05
4937 8.504441229e-05
4938 8.504010722e-05
4939 8.503580325e-05
4940 8.503150036e-05
4941 8.502719856e-05
4942 8.502289785e-05
4943 8.501859823e-05
4944 8.501429969e-05
4945 8.501000224e-05
4946 8.500570588e-05
4947 8.50014106e-05
4948 8.499711641e-05
4949 8.49928233e-05
4950 8.498853127e-05
4951 8.498424033e-05
4952 8.497995047e-05
4953 8.49756617e-05
4954 8.4971374e-05
4955 8.496708739e-05
4956 8.496280186e-05
4957 8.495851741e-05
4958 8.495423404e-05
4959 8.494995175e-05
4960 8.494567053e-05
4961 8.49413904e-05
4962 8.493711134e-05
4963 8.493283337e-05
4964 8.492855647e-05
4965 8.492428064e-05
4966 8.492000589e-05
4967 8.491573222e-05
4968 8.491145962e-05
4969 8.49071881e-05
4970 8.490291765e-05
4971 8.489864828e-05
4972 8.489437998e-05
4973 8.489011275e-05
4974 8.488584659e-05
4975 8.488158151e-05
4976 8.487731749e-05
4977 8.487305455e-05
4978 8.486879268e-05
4979 8.486453188e-05
4980 8.486027214e-05
4981 8.485601348e-05
4982 8.485175588e-05
4983 8.484749936e-05
4984 8.48432439e-05
4985 8.48389895e-05
4986 8.483473618e-05
4987 8.483048391e-05
4988 8.482623272e-05
4989 8.482198259e-05
4990 8.481773352e-05
4991 8.481348552e-05
4992 8.480923858e-05
4993 8.480499271e-05
4994 8.480074789e-05
4995 8.479650414e-05
4996 8.479226145e-05
4997 8.478801983e-05
4998 8.478377926e-05
4999 8.477953975e-05
5000 8.47753013e-05
5001 8.477106392e-05
5002 8.476682759e-05
5003 8.476259232e-05
5004 8.47583581e-05
5005 8.475412495e-05
5006 8.474989285e-05
5007 8.474566181e-05
5008 8.474143182e-05
5009 8.473720289e-05
5010 8.473297501e-05
5011 8.472874819e-05
5012 8.472452242e-05
5013 8.472029771e-05
5014 8.471607405e-05
5015 8.471185144e-05
5016 8.470762989e-05
5017 8.470340938e-05
5018 8.469918993e-05
5019 8.469497153e-05
5020 8.469075417e-05
5021 8.468653787e-05
5022 8.468232262e-05
5023 8.467810842e-05
5024 8.467389526e-05
5025 8.466968315e-05
5026 8.466547209e-05
5027 8.466126208e-05
5028 8.465705311e-05
5029 8.465284519e-05
5030 8.464863832e-05
5031 8.464443249e-05
5032 8.46402277e-05
5033 8.463602396e-05
5034 8.463182126e-05
5035 8.462761961e-05
5036 8.4623419e-05
5037 8.461921943e-05
5038 8.46150209e-05
5039 8.461082341e-05
5040 8.460662697e-05
5041 8.460243156e-05
5042 8.45982372e-05
5043 8.459404387e-05
5044 8.458985159e-05
5045 8.458566034e-05
5046 8.458147013e-05
5047 8.457728096e-05
5048 8.457309282e-05
5049 8.456890573e-05
5050 8.456471967e-05
5051 8.456053464e-05
5052 8.455635065e-05
5053 8.455216769e-05
5054 8.454798577e-05
5055 8.454380489e-05
5056 8.453962503e-05
5057 8.453544621e-05
5058 8.453126842e-05
5059 8.452709167e-05
5060 8.452291595e-05
5061 8.451874125e-05
5062 8.451456759e-05
5063 8.451039496e-05
5064 8.450622336e-05
5065 8.450205278e-05
5066 8.449788324e-05
5067 8.449371473e-05
5068 8.448954724e-05
5069 8.448538078e-05
5070 8.448121535e-05
5071 8.447705094e-05
5072 8.447288756e-05
5073 8.446872521e-05
5074 8.446456388e-05
5075 8.446040358e-05
5076 8.44562443e-05
5077 8.445208604e-05
5078 8.444792881e-05
5079 8.44437726e-05
5080 8.443961742e-05
5081 8.443546325e-05
5082 8.443131011e-05
5083 8.442715799e-05
5084 8.442300689e-05
5085 8.441885681e-05
5086 8.441470775e-05
5087 8.441055971e-05
5088 8.440641268e-05
5089 8.440226668e-05
5090 8.439812169e-05
5091 8.439397773e-05
5092 8.438983478e-05
5093 8.438569284e-05
5094 8.438155192e-05
5095 8.437741202e-05
5096 8.437327314e-05
5097 8.436913526e-05
5098 8.436499841e-05
5099 8.436086256e-05
5100 8.435672773e-05
5101 8.435259392e-05
5102 8.434846111e-05
5103 8.434432932e-05
5104 8.434019854e-05
5105 8.433606877e-05
5106 8.433194001e-05
5107 8.432781227e-05
5108 8.432368553e-05
5109 8.43195598e-05
5110 8.431543508e-05
5111 8.431131137e-05
5112 8.430718867e-05
5113 8.430306698e-05
5114 8.429894629e-05
5115 8.429482661e-05
5116 8.429070794e-05
5117 8.428659027e-05
5118 8.428247361e-05
5119 8.427835795e-05
5120 8.42742433e-05
5121 8.427012965e-05
5122 8.426601701e-05
5123 8.426190537e-05
5124 8.425779473e-05
5125 8.42536851e-05
5126 8.424957646e-05
5127 8.424546883e-05
5128 8.42413622e-05
5129 8.423725657e-05
5130 8.423315194e-05
5131 8.422904831e-05
5132 8.422494568e-05
5133 8.422084405e-05
5134 8.421674342e-05
5135 8.421264378e-05
5136 8.420854515e-05
5137 8.420444751e-05
5138 8.420035086e-05
5139 8.419625522e-05
5140 8.419216057e-05
5141 8.418806691e-05
5142 8.418397425e-05
5143 8.417988259e-05
5144 8.417579191e-05
5145 8.417170224e-05
5146 8.416761355e-05
5147 8.416352586e-05
5148 8.415943916e-05
5149 8.415535345e-05
5150 8.415126874e-05
5151 8.414718501e-05
5152 8.414310228e-05
5153 8.413902054e-05
5154 8.413493978e-05
5155 8.413086002e-05
5156 8.412678124e-05
5157 8.412270346e-05
5158 8.411862666e-05
5159 8.411455085e-05
5160 8.411047602e-05
5161 8.410640219e-05
5162 8.410232933e-05
5163 8.409825747e-05
5164 8.409418659e-05
5165 8.40901167e-05
5166 8.408604779e-05
5167 8.408197986e-05
5168 8.407791292e-05
5169 8.407384696e-05
5170 8.406978199e-05
5171 8.4065718e-05
5172 8.406165498e-05
5173 8.405759296e-05
5174 8.405353191e-05
5175 8.404947184e-05
5176 8.404541276e-05
5177 8.404135465e-05
5178 8.403729752e-05
5179 8.403324137e-05
5180 8.402918621e-05
5181 8.402513201e-05
5182 8.40210788e-05
5183 8.401702657e-05
5184 8.401297531e-05
5185 8.400892502e-05
5186 8.400487572e-05
5187 8.400082739e-05
5188 8.399678003e-05
5189 8.399273365e-05
5190 8.398868825e-05
5191 8.398464382e-05
5192 8.398060036e-05
5193 8.397655787e-05
5194 8.397251636e-05
5195 8.396847582e-05
5196 8.396443625e-05
5197 8.396039766e-05
5198 8.395636003e-05
5199 8.395232338e-05
5200 8.394828769e-05
5201 8.394425298e-05
5202 8.394021923e-05
5203 8.393618646e-05
5204 8.393215465e-05
5205 8.392812381e-05
5206 8.392409394e-05
5207 8.392006503e-05
5208 8.39160371e-05
5209 8.391201013e-05
5210 8.390798412e-05
5211 8.390395908e-05
5212 8.389993501e-05
5213 8.38959119e-05
5214 8.389188975e-05
5215 8.388786857e-05
5216 8.388384835e-05
5217 8.38798291e-05
5218 8.387581081e-05
5219 8.387179348e-05
5220 8.386777711e-05
5221 8.386376171e-05
5222 8.385974726e-05
5223 8.385573378e-05
5224 8.385172125e-05
5225 8.384770969e-05
5226 8.384369908e-05
5227 8.383968944e-05
5228 8.383568075e-05
5229 8.383167302e-05
5230 8.382766625e-05
5231 8.382366044e-05
5232 8.381965558e-05
5233 8.381565168e-05
5234 8.381164873e-05
5235 8.380764674e-05
5236 8.380364571e-05
5237 8.379964563e-05
5238 8.379564651e-05
5239 8.379164834e-05
5240 8.378765112e-05
5241 8.378365486e-05
5242 8.377965955e-05
5243 8.377566519e-05
5244 8.377167178e-05
5245 8.376767933e-05
5246 8.376368783e-05
5247 8.375969728e-05
5248 8.375570767e-05
5249 8.375171902e-05
5250 8.374773132e-05
5251 8.374374457e-05
5252 8.373975876e-05
5253 8.373577391e-05
5254 8.373179e-05
5255 8.372780704e-05
5256 8.372382502e-05
5257 8.371984396e-05
5258 8.371586384e-05
5259 8.371188466e-05
5260 8.370790643e-05
5261 8.370392915e-05
5262 8.369995281e-05
5263 8.369597741e-05
5264 8.369200296e-05
5265 8.368802946e-05
5266 8.368405689e-05
5267 8.368008527e-05
5268 8.367611459e-05
5269 8.367214485e-05
5270 8.366817606e-05
5271 8.36642082e-05
5272 8.366024129e-05
5273 8.365627531e-05
5274 8.365231028e-05
5275 8.364834618e-05
5276 8.364438303e-05
5277 8.364042081e-05
5278 8.363645953e-05
5279 8.363249919e-05
5280 8.362853979e-05
5281 8.362458132e-05
5282 8.362062379e-05
5283 8.36166672e-05
5284 8.361271154e-05
5285 8.360875682e-05
5286 8.360480303e-05
5287 8.360085018e-05
5288 8.359689826e-05
5289 8.359294728e-05
5290 8.358899723e-05
5291 8.358504811e-05
5292 8.358109992e-05
5293 8.357715267e-05
5294 8.357320635e-05
5295 8.356926096e-05
5296 8.35653165e-05
5297 8.356137298e-05
5298 8.355743038e-05
5299 8.355348871e-05
5300 8.354954797e-05
5301 8.354560816e-05
5302 8.354166929e-05
5303 8.353773133e-05
5304 8.353379431e-05
5305 8.352985821e-05
5306 8.352592305e-05
5307 8.35219888e-05
5308 8.351805549e-05
5309 8.35141231e-05
5310 8.351019163e-05
5311 8.35062611e-05
5312 8.350233148e-05
5313 8.349840279e-05
5314 8.349447503e-05
5315 8.349054819e-05
5316 8.348662227e-05
5317 8.348269727e-05
5318 8.34787732e-05
5319 8.347485005e-05
5320 8.347092782e-05
5321 8.346700651e-05
5322 8.346308612e-05
5323 8.345916665e-05
5324 8.345524811e-05
5325 8.345133048e-05
5326 8.344741377e-05
5327 8.344349798e-05
5328 8.343958311e-05
5329 8.343566916e-05
5330 8.343175613e-05
5331 8.342784401e-05
5332 8.342393281e-05
5333 8.342002253e-05
5334 8.341611316e-05
5335 8.341220471e-05
5336 8.340829718e-05
5337 8.340439056e-05
5338 8.340048485e-05
5339 8.339658006e-05
5340 8.339267618e-05
5341 8.338877322e-05
5342 8.338487117e-05
5343 8.338097003e-05
5344 8.33770698e-05
5345 8.337317049e-05
5346 8.336927209e-05
5347 8.33653746e-05
5348 8.336147802e-05
5349 8.335758235e-05
5350 8.335368759e-05
5351 8.334979374e-05
5352 8.33459008e-05
5353 8.334200877e-05
5354 8.333811765e-05
5355 8.333422743e-05
5356 8.333033813e-05
5357 8.332644973e-05
5358 8.332256223e-05
5359 8.331867565e-05
5360 8.331478997e-05
5361 8.33109052e-05
5362 8.330702133e-05
5363 8.330313837e-05
5364 8.329925631e-05
5365 8.329537515e-05
5366 8.32914949e-05
5367 8.328761556e-05
5368 8.328373712e-05
5369 8.327985958e-05
5370 8.327598294e-05
5371 8.32721072e-05
5372 8.326823237e-05
5373 8.326435844e-05
5374 8.326048541e-05
5375 8.325661328e-05
5376 8.325274205e-05
5377 8.324887172e-05
5378 8.324500229e-05
5379 8.324113375e-05
5380 8.323726612e-05
5381 8.323339939e-05
5382 8.322953355e-05
5383 8.322566861e-05
5384 8.322180457e-05
5385 8.321794142e-05
5386 8.321407917e-05
5387 8.321021782e-05
5388 8.320635736e-05
5389 8.32024978e-05
5390 8.319863914e-05
5391 8.319478136e-05
5392 8.319092449e-05
5393 8.31870685e-05
5394 8.318321341e-05
5395 8.317935921e-05
5396 8.317550591e-05
5397 8.31716535e-05
5398 8.316780198e-05
5399 8.316395135e-05
5400 8.316010161e-05
5401 8.315625277e-05
5402 8.315240481e-05
5403 8.314855774e-05
5404 8.314471157e-05
5405 8.314086628e-05
5406 8.313702188e-05
5407 8.313317837e-05
5408 8.312933575e-05
5409 8.312549402e-05
5410 8.312165318e-05
5411 8.311781322e-05
5412 8.311397415e-05
5413 8.311013596e-05
5414 8.310629866e-05
5415 8.310246225e-05
5416 8.309862672e-05
5417 8.309479208e-05
5418 8.309095832e-05
5419 8.308712545e-05
5420 8.308329346e-05
5421 8.307946235e-05
5422 8.307563213e-05
5423 8.307180279e-05
5424 8.306797433e-05
5425 8.306414675e-05
5426 8.306032006e-05
5427 8.305649424e-05
5428 8.305266931e-05
5429 8.304884526e-05
5430 8.304502209e-05
5431 8.304119979e-05
5432 8.303737838e-05
5433 8.303355785e-05
5434 8.302973819e-05
5435 8.302591942e-05
5436 8.302210152e-05
5437 8.30182845e-05
5438 8.301446836e-05
5439 8.301065309e-05
5440 8.30068387e-05
5441 8.300302519e-05
5442 8.299921255e-05
5443 8.299540079e-05
5444 8.29915899e-05
5445 8.298777989e-05
5446 8.298397075e-05
5447 8.298016249e-05
5448 8.29763551e-05
5449 8.297254858e-05
5450 8.296874294e-05
5451 8.296493817e-05
5452 8.296113427e-05
5453 8.295733124e-05
5454 8.295352908e-05
5455 8.29497278e-05
5456 8.294592739e-05
5457 8.294212784e-05
5458 8.293832917e-05
5459 8.293453137e-05
5460 8.293073443e-05
5461 8.292693837e-05
5462 8.292314317e-05
5463 8.291934884e-05
5464 8.291555538e-05
5465 8.291176279e-05
5466 8.290797107e-05
5467 8.290418021e-05
5468 8.290039021e-05
5469 8.289660109e-05
5470 8.289281283e-05
5471 8.288902543e-05
5472 8.28852389e-05
5473 8.288145324e-05
5474 8.287766844e-05
5475 8.28738845e-05
5476 8.287010143e-05
5477 8.286631922e-05
5478 8.286253787e-05
5479 8.285875739e-05
5480 8.285497777e-05
5481 8.285119901e-05
5482 8.284742111e-05
5483 8.284364407e-05
5484 8.28398679e-05
5485 8.283609258e-05
5486 8.283231812e-05
5487 8.282854453e-05
5488 8.282477179e-05
5489 8.282099991e-05
5490 8.28172289e-05
5491 8.281345874e-05
5492 8.280968943e-05
5493 8.280592099e-05
5494 8.28021534e-05
5495 8.279838667e-05
5496 8.27946208e-05
5497 8.279085578e-05
5498 8.278709162e-05
5499 8.278332831e-05
5500 8.277956586e-05
5501 8.277580426e-05
5502 8.277204352e-05
5503 8.276828363e-05
5504 8.27645246e-05
5505 8.276076642e-05
5506 8.275700909e-05
5507 8.275325262e-05
5508 8.2749497e-05
5509 8.274574223e-05
5510 8.274198831e-05
5511 8.273823524e-05
5512 8.273448303e-05
5513 8.273073166e-05
5514 8.272698115e-05
5515 8.272323148e-05
5516 8.271948267e-05
5517 8.27157347e-05
5518 8.271198758e-05
5519 8.270824131e-05
5520 8.270449589e-05
5521 8.270075132e-05
5522 8.26970076e-05
5523 8.269326472e-05
5524 8.268952269e-05
5525 8.26857815e-05
5526 8.268204117e-05
5527 8.267830167e-05
5528 8.267456303e-05
5529 8.267082523e-05
5530 8.266708827e-05
5531 8.266335216e-05
5532 8.265961689e-05
5533 8.265588246e-05
5534 8.265214888e-05
5535 8.264841615e-05
5536 8.264468425e-05
5537 8.26409532e-05
5538 8.263722299e-05
5539 8.263349362e-05
5540 8.262976509e-05
5541 8.26260374e-05
5542 8.262231056e-05
5543 8.261858455e-05
5544 8.261485939e-05
5545 8.261113506e-05
5546 8.260741157e-05
5547 8.260368893e-05
5548 8.259996712e-05
5549 8.259624615e-05
5550 8.259252601e-05
5551 8.258880672e-05
5552 8.258508826e-05
5553 8.258137064e-05
5554 8.257765386e-05
5555 8.257393791e-05
5556 8.25702228e-05
5557 8.256650852e-05
5558 8.256279508e-05
5559 8.255908247e-05
5560 8.25553707e-05
5561 8.255165976e-05
5562 8.254794966e-05
5563 8.254424039e-05
5564 8.254053195e-05
5565 8.253682435e-05
5566 8.253311758e-05
5567 8.252941164e-05
5568 8.252570653e-05
5569 8.252200226e-05
5570 8.251829881e-05
5571 8.25145962e-05
5572 8.251089441e-05
5573 8.250719346e-05
5574 8.250349334e-05
5575 8.249979404e-05
5576 8.249609558e-05
5577 8.249239794e-05
5578 8.248870114e-05
5579 8.248500516e-05
5580 8.248131001e-05
5581 8.247761569e-05
5582 8.247392219e-05
5583 8.247022952e-05
5584 8.246653768e-05
5585 8.246284666e-05
5586 8.245915647e-05
5587 8.24554671e-05
5588 8.245177856e-05
5589 8.244809085e-05
5590 8.244440396e-05
5591 8.244071789e-05
5592 8.243703265e-05
5593 8.243334823e-05
5594 8.242966463e-05
5595 8.242598186e-05
5596 8.242229991e-05
5597 8.241861878e-05
5598 8.241493848e-05
5599 8.241125899e-05
5600 8.240758033e-05
5601 8.240390249e-05
5602 8.240022546e-05
5603 8.239654926e-05
5604 8.239287388e-05
5605 8.238919932e-05
5606 8.238552558e-05
5607 8.238185265e-05
5608 8.237818055e-05
5609 8.237450926e-05
5610 8.237083879e-05
5611 8.236716914e-05
5612 8.23635003e-05
5613 8.235983228e-05
5614 8.235616508e-05
5615 8.23524987e-05
5616 8.234883313e-05
5617 8.234516838e-05
5618 8.234150444e-05
5619 8.233784132e-05
5620 8.233417901e-05
5621 8.233051752e-05
5622 8.232685684e-05
5623 8.232319697e-05
5624 8.231953792e-05
5625 8.231587968e-05
5626 8.231222225e-05
5627 8.230856564e-05
5628 8.230490983e-05
5629 8.230125484e-05
5630 8.229760066e-05
5631 8.229394729e-05
5632 8.229029474e-05
5633 8.228664299e-05
5634 8.228299205e-05
5635 8.227934193e-05
5636 8.227569261e-05
5637 8.22720441e-05
5638 8.22683964e-05
5639 8.226474951e-05
5640 8.226110343e-05
5641 8.225745815e-05
5642 8.225381368e-05
5643 8.225017002e-05
5644 8.224652717e-05
5645 8.224288512e-05
5646 8.223924388e-05
5647 8.223560345e-05
5648 8.223196382e-05
5649 8.222832499e-05
5650 8.222468697e-05
5651 8.222104976e-05
5652 8.221741335e-05
5653 8.221377774e-05
5654 8.221014294e-05
5655 8.220650894e-05
5656 8.220287575e-05
5657 8.219924335e-05
5658 8.219561176e-05
5659 8.219198097e-05
5660 8.218835099e-05
5661 8.21847218e-05
5662 8.218109342e-05
5663 8.217746583e-05
5664 8.217383905e-05
5665 8.217021307e-05
5666 8.216658788e-05
5667 8.21629635e-05
5668 8.215933991e-05
5669 8.215571713e-05
5670 8.215209514e-05
5671 8.214847395e-05
5672 8.214485356e-05
5673 8.214123397e-05
5674 8.213761517e-05
5675 8.213399718e-05
5676 8.213037997e-05
5677 8.212676357e-05
5678 8.212314796e-05
5679 8.211953314e-05
5680 8.211591913e-05
5681 8.21123059e-05
5682 8.210869347e-05
5683 8.210508184e-05
5684 8.2101471e-05
5685 8.209786095e-05
5686 8.20942517e-05
5687 8.209064324e-05
5688 8.208703558e-05
5689 8.20834287e-05
5690 8.207982262e-05
5691 8.207621733e-05
5692 8.207261283e-05
5693 8.206900913e-05
5694 8.206540621e-05
5695 8.206180409e-05
5696 8.205820275e-05
5697 8.205460221e-05
5698 8.205100245e-05
5699 8.204740349e-05
5700 8.204380531e-05
5701 8.204020793e-05
5702 8.203661133e-05
5703 8.203301552e-05
5704 8.20294205e-05
5705 8.202582626e-05
5706 8.202223281e-05
5707 8.201864015e-05
5708 8.201504828e-05
5709 8.201145719e-05
5710 8.200786689e-05
5711 8.200427738e-05
5712 8.200068865e-05
5713 8.19971007e-05
5714 8.199351354e-05
5715 8.198992716e-05
5716 8.198634157e-05
5717 8.198275677e-05
5718 8.197917274e-05
5719 8.19755895e-05
5720 8.197200704e-05
5721 8.196842537e-05
5722 8.196484447e-05
5723 8.196126436e-05
5724 8.195768504e-05
5725 8.195410649e-05
5726 8.195052872e-05
5727 8.194695174e-05
5728 8.194337553e-05
5729 8.193980011e-05
5730 8.193622546e-05
5731 8.19326516e-05
5732 8.192907851e-05
5733 8.19255062e-05
5734 8.192193467e-05
5735 8.191836392e-05
5736 8.191479395e-05
5737 8.191122476e-05
5738 8.190765634e-05
5739 8.19040887e-05
5740 8.190052184e-05
5741 8.189695575e-05
5742 8.189339044e-05
5743 8.188982591e-05
5744 8.188626215e-05
5745 8.188269916e-05
5746 8.187913696e-05
5747 8.187557552e-05
5748 8.187201486e-05
5749 8.186845498e-05
5750 8.186489587e-05
5751 8.186133753e-05
5752 8.185777997e-05
5753 8.185422317e-05
5754 8.185066716e-05
5755 8.184711191e-05
5756 8.184355743e-05
5757 8.184000373e-05
5758 8.18364508e-05
5759 8.183289864e-05
5760 8.182934725e-05
5761 8.182579663e-05
5762 8.182224678e-05
5763 8.18186977e-05
5764 8.181514939e-05
5765 8.181160185e-05
5766 8.180805508e-05
5767 8.180450908e-05
5768 8.180096384e-05
5769 8.179741938e-05
5770 8.179387568e-05
5771 8.179033275e-05
5772 8.178679058e-05
5773 8.178324919e-05
5774 8.177970856e-05
5775 8.177616869e-05
5776 8.177262959e-05
5777 8.176909126e-05
5778 8.176555369e-05
5779 8.176201689e-05
5780 8.175848086e-05
5781 8.175494558e-05
5782 8.175141107e-05
5783 8.174787733e-05
5784 8.174434435e-05
5785 8.174081213e-05
5786 8.173728068e-05
5787 8.173374999e-05
5788 8.173022006e-05
5789 8.172669089e-05
5790 8.172316248e-05
5791 8.171963484e-05
5792 8.171610796e-05
5793 8.171258184e-05
5794 8.170905647e-05
5795 8.170553187e-05
5796 8.170200803e-05
5797 8.169848495e-05
5798 8.169496263e-05
5799 8.169144107e-05
5800 8.168792026e-05
5801 8.168440022e-05
5802 8.168088093e-05
5803 8.16773624e-05
5804 8.167384463e-05
5805 8.167032762e-05
5806 8.166681136e-05
5807 8.166329586e-05
5808 8.165978112e-05
5809 8.165626713e-05
5810 8.16527539e-05
5811 8.164924143e-05
5812 8.164572971e-05
5813 8.164221874e-05
5814 8.163870853e-05
5815 8.163519908e-05
5816 8.163169038e-05
5817 8.162818243e-05
5818 8.162467524e-05
5819 8.16211688e-05
5820 8.161766311e-05
5821 8.161415817e-05
5822 8.161065399e-05
5823 8.160715056e-05
5824 8.160364788e-05
5825 8.160014596e-05
5826 8.159664478e-05
5827 8.159314436e-05
5828 8.158964468e-05
5829 8.158614576e-05
5830 8.158264759e-05
5831 8.157915016e-05
5832 8.157565349e-05
5833 8.157215756e-05
5834 8.156866239e-05
5835 8.156516796e-05
5836 8.156167428e-05
5837 8.155818135e-05
5838 8.155468917e-05
5839 8.155119773e-05
5840 8.154770705e-05
5841 8.15442171e-05
5842 8.154072791e-05
5843 8.153723946e-05
5844 8.153375176e-05
5845 8.15302648e-05
5846 8.152677859e-05
5847 8.152329313e-05
5848 8.151980841e-05
5849 8.151632443e-05
5850 8.15128412e-05
5851 8.150935871e-05
5852 8.150587697e-05
5853 8.150239597e-05
5854 8.149891571e-05
5855 8.14954362e-05
5856 8.149195743e-05
5857 8.14884794e-05
5858 8.148500211e-05
5859 8.148152557e-05
5860 8.147804976e-05
5861 8.14745747e-05
5862 8.147110038e-05
5863 8.14676268e-05
5864 8.146415396e-05
5865 8.146068186e-05
5866 8.14572105e-05
5867 8.145373988e-05
5868 8.145026999e-05
5869 8.144680085e-05
5870 8.144333245e-05
5871 8.143986478e-05
5872 8.143639785e-05
5873 8.143293166e-05
5874 8.142946621e-05
5875 8.14260015e-05
5876 8.142253752e-05
5877 8.141907428e-05
5878 8.141561177e-05
5879 8.141215e-05
5880 8.140868897e-05
5881 8.140522867e-05
5882 8.140176911e-05
5883 8.139831028e-05
5884 8.139485219e-05
5885 8.139139483e-05
5886 8.138793821e-05
5887 8.138448232e-05
5888 8.138102716e-05
5889 8.137757274e-05
5890 8.137411905e-05
5891 8.137066609e-05
5892 8.136721387e-05
5893 8.136376237e-05
5894 8.136031161e-05
5895 8.135686158e-05
5896 8.135341229e-05
5897 8.134996372e-05
5898 8.134651588e-05
5899 8.134306878e-05
5900 8.13396224e-05
5901 8.133617676e-05
5902 8.133273184e-05
5903 8.132928766e-05
5904 8.13258442e-05
5905 8.132240147e-05
5906 8.131895947e-05
5907 8.13155182e-05
5908 8.131207766e-05
5909 8.130863784e-05
5910 8.130519875e-05
5911 8.130176039e-05
5912 8.129832276e-05
5913 8.129488585e-05
5914 8.129144967e-05
5915 8.128801422e-05
5916 8.128457949e-05
5917 8.128114548e-05
5918 8.12777122e-05
5919 8.127427965e-05
5920 8.127084782e-05
5921 8.126741672e-05
5922 8.126398634e-05
5923 8.126055668e-05
5924 8.125712775e-05
5925 8.125369954e-05
5926 8.125027205e-05
5927 8.124684529e-05
5928 8.124341925e-05
5929 8.123999393e-05
5930 8.123656934e-05
5931 8.123314546e-05
5932 8.122972231e-05
5933 8.122629987e-05
5934 8.122287816e-05
5935 8.121945717e-05
5936 8.12160369e-05
5937 8.121261735e-05
5938 8.120919852e-05
5939 8.120578041e-05
5940 8.120236302e-05
5941 8.119894634e-05
5942 8.119553039e-05
5943 8.119211515e-05
5944 8.118870063e-05
5945 8.118528683e-05
5946 8.118187375e-05
5947 8.117846139e-05
5948 8.117504974e-05
5949 8.117163881e-05
5950 8.116822859e-05
5951 8.116481909e-05
5952 8.116141031e-05
5953 8.115800224e-05
5954 8.115459489e-05
5955 8.115118826e-05
5956 8.114778233e-05
5957 8.114437713e-05
5958 8.114097264e-05
5959 8.113756886e-05
5960 8.113416579e-05
5961 8.113076344e-05
5962 8.11273618e-05
5963 8.112396088e-05
5964 8.112056067e-05
5965 8.111716117e-05
5966 8.111376238e-05
5967 8.11103643e-05
5968 8.110696694e-05
5969 8.110357029e-05
5970 8.110017435e-05
5971 8.109677912e-05
5972 8.10933846e-05
5973 8.108999079e-05
5974 8.108659769e-05
5975 8.10832053e-05
5976 8.107981362e-05
5977 8.107642264e-05
5978 8.107303238e-05
5979 8.106964283e-05
5980 8.106625398e-05
5981 8.106286585e-05
5982 8.105947842e-05
5983 8.10560917e-05
5984 8.105270568e-05
5985 8.104932038e-05
5986 8.104593578e-05
5987 8.104255188e-05
5988 8.10391687e-05
5989 8.103578622e-05
5990 8.103240444e-05
5991 8.102902337e-05
5992 8.102564301e-05
5993 8.102226335e-05
5994 8.101888439e-05
5995 8.101550614e-05
5996 8.10121286e-05
5997 8.100875175e-05
5998 8.100537562e-05
5999 8.100200018e-05
6000 8.099862545e-05
6001 8.099525142e-05
6002 8.099187809e-05
6003 8.098850547e-05
6004 8.098513355e-05
6005 8.098176233e-05
6006 8.097839181e-05
6007 8.097502199e-05
6008 8.097165288e-05
6009 8.096828446e-05
6010 8.096491675e-05
6011 8.096154973e-05
6012 8.095818342e-05
6013 8.09548178e-05
6014 8.095145289e-05
6015 8.094808867e-05
6016 8.094472515e-05
6017 8.094136233e-05
6018 8.093800021e-05
6019 8.093463879e-05
6020 8.093127807e-05
6021 8.092791804e-05
6022 8.092455871e-05
6023 8.092120008e-05
6024 8.091784215e-05
6025 8.091448491e-05
6026 8.091112836e-05
6027 8.090777252e-05
6028 8.090441737e-05
6029 8.090106291e-05
6030 8.089770915e-05
6031 8.089435609e-05
6032 8.089100372e-05
6033 8.088765204e-05
6034 8.088430106e-05
6035 8.088095078e-05
6036 8.087760118e-05
6037 8.087425228e-05
6038 8.087090408e-05
6039 8.086755656e-05
6040 8.086420974e-05
6041 8.086086362e-05
6042 8.085751818e-05
6043 8.085417344e-05
6044 8.085082938e-05
6045 8.084748602e-05
6046 8.084414335e-05
6047 8.084080137e-05
6048 8.083746008e-05
6049 8.083411949e-05
6050 8.083077958e-05
6051 8.082744036e-05
6052 8.082410183e-05
6053 8.082076399e-05
6054 8.081742684e-05
6055 8.081409038e-05
6056 8.081075461e-05
6057 8.080741953e-05
6058 8.080408513e-05
6059 8.080075142e-05
6060 8.07974184e-05
6061 8.079408607e-05
6062 8.079075442e-05
6063 8.078742346e-05
6064 8.078409319e-05
6065 8.07807636e-05
6066 8.07774347e-05
6067 8.077410649e-05
6068 8.077077896e-05
6069 8.076745211e-05
6070 8.076412596e-05
6071 8.076080048e-05
6072 8.075747569e-05
6073 8.075415159e-05
6074 8.075082817e-05
6075 8.074750543e-05
6076 8.074418337e-05
6077 8.0740862e-05
6078 8.073754132e-05
6079 8.073422131e-05
6080 8.073090199e-05
6081 8.072758335e-05
6082 8.072426539e-05
6083 8.072094811e-05
6084 8.071763152e-05
6085 8.07143156e-05
6086 8.071100037e-05
6087 8.070768582e-05
6088 8.070437195e-05
6089 8.070105876e-05
6090 8.069774624e-05
6091 8.069443441e-05
6092 8.069112326e-05
6093 8.068781279e-05
6094 8.068450299e-05
6095 8.068119388e-05
6096 8.067788544e-05
6097 8.067457768e-05
6098 8.06712706e-05
6099 8.06679642e-05
6100 8.066465847e-05
6101 8.066135343e-05
6102 8.065804905e-05
6103 8.065474536e-05
6104 8.065144234e-05
6105 8.064814e-05
6106 8.064483833e-05
6107 8.064153734e-05
6108 8.063823703e-05
6109 8.063493739e-05
6110 8.063163843e-05
6111 8.062834014e-05
6112 8.062504252e-05
6113 8.062174558e-05
6114 8.061844931e-05
6115 8.061515372e-05
6116 8.06118588e-05
6117 8.060856455e-05
6118 8.060527098e-05
6119 8.060197808e-05
6120 8.059868585e-05
6121 8.05953943e-05
6122 8.059210341e-05
6123 8.05888132e-05
6124 8.058552366e-05
6125 8.058223479e-05
6126 8.057894659e-05
6127 8.057565906e-05
6128 8.057237221e-05
6129 8.056908602e-05
6130 8.05658005e-05
6131 8.056251566e-05
6132 8.055923148e-05
6133 8.055594797e-05
6134 8.055266513e-05
6135 8.054938296e-05
6136 8.054610146e-05
6137 8.054282062e-05
6138 8.053954046e-05
6139 8.053626096e-05
6140 8.053298213e-05
6141 8.052970397e-05
6142 8.052642647e-05
6143 8.052314965e-05
6144 8.051987348e-05
6145 8.051659799e-05
6146 8.051332316e-05
6147 8.051004899e-05
6148 8.05067755e-05
6149 8.050350266e-05
6150 8.05002305e-05
6151 8.049695899e-05
6152 8.049368815e-05
6153 8.049041798e-05
6154 8.048714847e-05
6155 8.048387963e-05
6156 8.048061144e-05
6157 8.047734393e-05
6158 8.047407707e-05
6159 8.047081088e-05
6160 8.046754535e-05
6161 8.046428048e-05
6162 8.046101628e-05
6163 8.045775273e-05
6164 8.045448985e-05
6165 8.045122763e-05
6166 8.044796608e-05
6167 8.044470518e-05
6168 8.044144494e-05
6169 8.043818537e-05
6170 8.043492645e-05
6171 8.043166819e-05
6172 8.04284106e-05
6173 8.042515366e-05
6174 8.042189739e-05
6175 8.041864177e-05
6176 8.041538681e-05
6177 8.041213251e-05
6178 8.040887887e-05
6179 8.040562588e-05
6180 8.040237356e-05
6181 8.039912189e-05
6182 8.039587088e-05
6183 8.039262052e-05
6184 8.038937083e-05
6185 8.038612179e-05
6186 8.03828734e-05
6187 8.037962568e-05
6188 8.037637861e-05
6189 8.037313219e-05
6190 8.036988643e-05
6191 8.036664133e-05
6192 8.036339688e-05
6193 8.036015308e-05
6194 8.035690994e-05
6195 8.035366745e-05
6196 8.035042562e-05
6197 8.034718444e-05
6198 8.034394392e-05
6199 8.034070405e-05
6200 8.033746483e-05
6201 8.033422627e-05
6202 8.033098835e-05
6203 8.032775109e-05
6204 8.032451449e-05
6205 8.032127853e-05
6206 8.031804323e-05
6207 8.031480857e-05
6208 8.031157457e-05
6209 8.030834122e-05
6210 8.030510852e-05
6211 8.030187647e-05
6212 8.029864507e-05
6213 8.029541432e-05
6214 8.029218423e-05
6215 8.028895478e-05
6216 8.028572598e-05
6217 8.028249783e-05
6218 8.027927032e-05
6219 8.027604347e-05
6220 8.027281727e-05
6221 8.026959171e-05
6222 8.02663668e-05
6223 8.026314254e-05
6224 8.025991893e-05
6225 8.025669596e-05
6226 8.025347364e-05
6227 8.025025197e-05
6228 8.024703094e-05
6229 8.024381056e-05
6230 8.024059083e-05
6231 8.023737174e-05
6232 8.02341533e-05
6233 8.02309355e-05
6234 8.022771835e-05
6235 8.022450184e-05
6236 8.022128598e-05
6237 8.021807076e-05
6238 8.021485619e-05
6239 8.021164226e-05
6240 8.020842897e-05
6241 8.020521633e-05
6242 8.020200433e-05
6243 8.019879298e-05
6244 8.019558227e-05
6245 8.019237219e-05
6246 8.018916277e-05
6247 8.018595398e-05
6248 8.018274584e-05
6249 8.017953833e-05
6250 8.017633147e-05
6251 8.017312525e-05
6252 8.016991968e-05
6253 8.016671474e-05
6254 8.016351044e-05
6255 8.016030678e-05
6256 8.015710377e-05
6257 8.015390139e-05
6258 8.015069965e-05
6259 8.014749855e-05
6260 8.014429809e-05
6261 8.014109827e-05
6262 8.013789909e-05
6263 8.013470055e-05
6264 8.013150264e-05
6265 8.012830538e-05
6266 8.012510875e-05
6267 8.012191276e-05
6268 8.01187174e-05
6269 8.011552268e-05
6270 8.01123286e-05
6271 8.010913516e-05
6272 8.010594235e-05
6273 8.010275018e-05
6274 8.009955865e-05
6275 8.009636775e-05
6276 8.009317748e-05
6277 8.008998785e-05
6278 8.008679886e-05
6279 8.00836105e-05
6280 8.008042278e-05
6281 8.007723569e-05
6282 8.007404923e-05
6283 8.007086341e-05
6284 8.006767822e-05
6285 8.006449366e-05
6286 8.006130974e-05
6287 8.005812645e-05
6288 8.00549438e-05
6289 8.005176177e-05
6290 8.004858038e-05
6291 8.004539962e-05
6292 8.004221949e-05
6293 8.003904e-05
6294 8.003586113e-05
6295 8.00326829e-05
6296 8.00295053e-05
6297 8.002632833e-05
6298 8.002315198e-05
6299 8.001997627e-05
6300 8.001680119e-05
6301 8.001362674e-05
6302 8.001045292e-05
6303 8.000727973e-05
6304 8.000410717e-05
6305 8.000093523e-05
6306 7.999776393e-05
6307 7.999459325e-05
6308 7.99914232e-05
6309 7.998825378e-05
6310 7.998508499e-05
6311 7.998191682e-05
6312 7.997874928e-05
6313 7.997558237e-05
6314 7.997241609e-05
6315 7.996925043e-05
6316 7.99660854e-05
6317 7.9962921e-05
6318 7.995975722e-05
6319 7.995659406e-05
6320 7.995343154e-05
6321 7.995026964e-05
6322 7.994710836e-05
6323 7.994394771e-05
6324 7.994078768e-05
6325 7.993762828e-05
6326 7.99344695e-05
6327 7.993131134e-05
6328 7.992815381e-05
6329 7.992499691e-05
6330 7.992184062e-05
6331 7.991868496e-05
6332 7.991552992e-05
6333 7.991237551e-05
6334 7.990922172e-05
6335 7.990606855e-05
6336 7.9902916e-05
6337 7.989976407e-05
6338 7.989661277e-05
6339 7.989346208e-05
6340 7.989031202e-05
6341 7.988716258e-05
6342 7.988401376e-05
6343 7.988086556e-05
6344 7.987771798e-05
6345 7.987457102e-05
6346 7.987142468e-05
6347 7.986827895e-05
6348 7.986513385e-05
6349 7.986198937e-05
6350 7.985884551e-05
6351 7.985570226e-05
6352 7.985255964e-05
6353 7.984941763e-05
6354 7.984627624e-05
6355 7.984313547e-05
6356 7.983999531e-05
6357 7.983685578e-05
6358 7.983371686e-05
6359 7.983057855e-05
6360 7.982744087e-05
6361 7.98243038e-05
6362 7.982116734e-05
6363 7.981803151e-05
6364 7.981489628e-05
6365 7.981176168e-05
6366 7.980862769e-05
6367 7.980549431e-05
6368 7.980236155e-05
6369 7.979922941e-05
6370 7.979609788e-05
6371 7.979296696e-05
6372 7.978983666e-05
6373 7.978670697e-05
6374 7.97835779e-05
6375 7.978044944e-05
6376 7.977732159e-05
6377 7.977419435e-05
6378 7.977106773e-05
6379 7.976794172e-05
6380 7.976481633e-05
6381 7.976169154e-05
6382 7.975856737e-05
6383 7.975544381e-05
6384 7.975232086e-05
6385 7.974919852e-05
6386 7.974607679e-05
6387 7.974295568e-05
6388 7.973983517e-05
6389 7.973671528e-05
6390 7.973359599e-05
6391 7.973047732e-05
6392 7.972735925e-05
6393 7.97242418e-05
6394 7.972112495e-05
6395 7.971800871e-05
6396 7.971489309e-05
6397 7.971177807e-05
6398 7.970866366e-05
6399 7.970554985e-05
6400 7.970243666e-05
6401 7.969932407e-05
6402 7.96962121e-05
6403 7.969310073e-05
6404 7.968998996e-05
6405 7.96868798e-05
6406 7.968377025e-05
6407 7.968066131e-05
6408 7.967755297e-05
6409 7.967444524e-05
6410 7.967133812e-05
6411 7.96682316e-05
6412 7.966512569e-05
6413 7.966202038e-05
6414 7.965891568e-05
6415 7.965581158e-05
6416 7.965270808e-05
6417 7.96496052e-05
6418 7.964650291e-05
6419 7.964340123e-05
6420 7.964030015e-05
6421 7.963719968e-05
6422 7.963409981e-05
6423 7.963100054e-05
6424 7.962790188e-05
6425 7.962480382e-05
6426 7.962170636e-05
6427 7.961860951e-05
6428 7.961551325e-05
6429 7.96124176e-05
6430 7.960932255e-05
6431 7.96062281e-05
6432 7.960313426e-05
6433 7.960004101e-05
6434 7.959694837e-05
6435 7.959385632e-05
6436 7.959076488e-05
6437 7.958767404e-05
6438 7.958458379e-05
6439 7.958149415e-05
6440 7.95784051e-05
6441 7.957531666e-05
6442 7.957222881e-05
6443 7.956914157e-05
6444 7.956605492e-05
6445 7.956296887e-05
6446 7.955988342e-05
6447 7.955679857e-05
6448 7.955371431e-05
6449 7.955063066e-05
6450 7.95475476e-05
6451 7.954446514e-05
6452 7.954138327e-05
6453 7.953830201e-05
6454 7.953522133e-05
6455 7.953214126e-05
6456 7.952906178e-05
6457 7.95259829e-05
6458 7.952290461e-05
6459 7.951982692e-05
6460 7.951674983e-05
6461 7.951367333e-05
6462 7.951059742e-05
6463 7.950752211e-05
6464 7.95044474e-05
6465 7.950137328e-05
6466 7.949829975e-05
6467 7.949522682e-05
6468 7.949215448e-05
6469 7.948908274e-05
6470 7.948601158e-05
6471 7.948294103e-05
6472 7.947987106e-05
6473 7.947680169e-05
6474 7.947373291e-05
6475 7.947066472e-05
6476 7.946759712e-05
6477 7.946453012e-05
6478 7.946146371e-05
6479 7.945839789e-05
6480 7.945533266e-05
6481 7.945226802e-05
6482 7.944920397e-05
6483 7.944614052e-05
6484 7.944307765e-05
6485 7.944001538e-05
6486 7.943695369e-05
6487 7.94338926e-05
6488 7.943083209e-05
6489 7.942777217e-05
6490 7.942471285e-05
6491 7.942165411e-05
6492 7.941859596e-05
6493 7.94155384e-05
6494 7.941248143e-05
6495 7.940942505e-05
6496 7.940636925e-05
6497 7.940331404e-05
6498 7.940025942e-05
6499 7.939720539e-05
6500 7.939415195e-05
6501 7.939109909e-05
6502 7.938804682e-05
6503 7.938499513e-05
6504 7.938194403e-05
6505 7.937889352e-05
6506 7.93758436e-05
6507 7.937279426e-05
6508 7.93697455e-05
6509 7.936669733e-05
6510 7.936364975e-05
6511 7.936060275e-05
6512 7.935755634e-05
6513 7.935451051e-05
6514 7.935146526e-05
6515 7.93484206e-05
6516 7.934537653e-05
6517 7.934233303e-05
6518 7.933929012e-05
6519 7.93362478e-05
6520 7.933320606e-05
6521 7.93301649e-05
6522 7.932712432e-05
6523 7.932408433e-05
6524 7.932104491e-05
6525 7.931800609e-05
6526 7.931496784e-05
6527 7.931193017e-05
6528 7.930889309e-05
6529 7.930585659e-05
6530 7.930282066e-05
6531 7.929978532e-05
6532 7.929675056e-05
6533 7.929371639e-05
6534 7.929068279e-05
6535 7.928764977e-05
6536 7.928461733e-05
6537 7.928158547e-05
6538 7.927855419e-05
6539 7.927552349e-05
6540 7.927249337e-05
6541 7.926946383e-05
6542 7.926643487e-05
6543 7.926340648e-05
6544 7.926037868e-05
6545 7.925735145e-05
6546 7.92543248e-05
6547 7.925129873e-05
6548 7.924827324e-05
6549 7.924524832e-05
6550 7.924222398e-05
6551 7.923920022e-05
6552 7.923617703e-05
6553 7.923315443e-05
6554 7.923013239e-05
6555 7.922711094e-05
6556 7.922409006e-05
6557 7.922106975e-05
6558 7.921805002e-05
6559 7.921503087e-05
6560 7.921201229e-05
6561 7.920899429e-05
6562 7.920597686e-05
6563 7.920296001e-05
6564 7.919994373e-05
6565 7.919692802e-05
6566 7.919391289e-05
6567 7.919089834e-05
6568 7.918788435e-05
6569 7.918487094e-05
6570 7.918185811e-05
6571 7.917884585e-05
6572 7.917583415e-05
6573 7.917282304e-05
6574 7.916981249e-05
6575 7.916680252e-05
6576 7.916379312e-05
6577 7.916078429e-05
6578 7.915777603e-05
6579 7.915476835e-05
6580 7.915176123e-05
6581 7.914875469e-05
6582 7.914574872e-05
6583 7.914274331e-05
6584 7.913973848e-05
6585 7.913673422e-05
6586 7.913373053e-05
6587 7.913072741e-05
6588 7.912772486e-05
6589 7.912472288e-05
6590 7.912172147e-05
6591 7.911872062e-05
6592 7.911572035e-05
6593 7.911272065e-05
6594 7.910972151e-05
6595 7.910672294e-05
6596 7.910372494e-05
6597 7.910072751e-05
6598 7.909773065e-05
6599 7.909473435e-05
6600 7.909173862e-05
6601 7.908874346e-05
6602 7.908574886e-05
6603 7.908275484e-05
6604 7.907976137e-05
6605 7.907676848e-05
6606 7.907377615e-05
6607 7.907078439e-05
6608 7.906779319e-05
6609 7.906480256e-05
6610 7.90618125e-05
6611 7.9058823e-05
6612 7.905583406e-05
6613 7.905284569e-05
6614 7.904985789e-05
6615 7.904687065e-05
6616 7.904388397e-05
6617 7.904089786e-05
6618 7.903791231e-05
6619 7.903492732e-05
6620 7.90319429e-05
6621 7.902895905e-05
6622 7.902597575e-05
6623 7.902299302e-05
6624 7.902001085e-05
6625 7.901702925e-05
6626 7.90140482e-05
6627 7.901106772e-05
6628 7.90080878e-05
6629 7.900510844e-05
6630 7.900212965e-05
6631 7.899915141e-05
6632 7.899617374e-05
6633 7.899319663e-05
6634 7.899022008e-05
6635 7.898724409e-05
6636 7.898426866e-05
6637 7.898129379e-05
6638 7.897831948e-05
6639 7.897534573e-05
6640 7.897237254e-05
6641 7.896939991e-05
6642 7.896642784e-05
6643 7.896345633e-05
6644 7.896048538e-05
6645 7.895751498e-05
6646 7.895454515e-05
6647 7.895157587e-05
6648 7.894860715e-05
6649 7.894563899e-05
6650 7.894267139e-05
6651 7.893970435e-05
6652 7.893673786e-05
6653 7.893377193e-05
6654 7.893080656e-05
6655 7.892784174e-05
6656 7.892487748e-05
6657 7.892191378e-05
6658 7.891895063e-05
6659 7.891598804e-05
6660 7.891302601e-05
6661 7.891006453e-05
6662 7.890710361e-05
6663 7.890414324e-05
6664 7.890118343e-05
6665 7.889822417e-05
6666 7.889526547e-05
6667 7.889230733e-05
6668 7.888934973e-05
6669 7.888639269e-05
6670 7.888343621e-05
6671 7.888048028e-05
6672 7.88775249e-05
6673 7.887457008e-05
6674 7.887161581e-05
6675 7.886866209e-05
6676 7.886570893e-05
6677 7.886275632e-05
6678 7.885980426e-05
6679 7.885685276e-05
6680 7.88539018e-05
6681 7.88509514e-05
6682 7.884800155e-05
6683 7.884505225e-05
6684 7.884210351e-05
6685 7.883915531e-05
6686 7.883620767e-05
6687 7.883326058e-05
6688 7.883031403e-05
6689 7.882736804e-05
6690 7.88244226e-05
6691 7.882147771e-05
6692 7.881853337e-05
6693 7.881558958e-05
6694 7.881264634e-05
6695 7.880970364e-05
6696 7.88067615e-05
6697 7.880381991e-05
6698 7.880087886e-05
6699 7.879793837e-05
6700 7.879499842e-05
6701 7.879205902e-05
6702 7.878912017e-05
6703 7.878618187e-05
6704 7.878324411e-05
6705 7.878030691e-05
6706 7.877737025e-05
6707 7.877443413e-05
6708 7.877149857e-05
6709 7.876856355e-05
6710 7.876562908e-05
6711 7.876269515e-05
6712 7.875976177e-05
6713 7.875682894e-05
6714 7.875389665e-05
6715 7.875096491e-05
6716 7.874803372e-05
6717 7.874510307e-05
6718 7.874217296e-05
6719 7.87392434e-05
6720 7.873631439e-05
6721 7.873338592e-05
6722 7.873045799e-05
6723 7.872753061e-05
6724 7.872460377e-05
6725 7.872167748e-05
6726 7.871875173e-05
6727 7.871582652e-05
6728 7.871290186e-05
6729 7.870997774e-05
6730 7.870705417e-05
6731 7.870413113e-05
6732 7.870120864e-05
6733 7.869828669e-05
6734 7.869536529e-05
6735 7.869244442e-05
6736 7.86895241e-05
6737 7.868660432e-05
6738 7.868368508e-05
6739 7.868076639e-05
6740 7.867784823e-05
6741 7.867493062e-05
6742 7.867201354e-05
6743 7.866909701e-05
6744 7.866618102e-05
6745 7.866326557e-05
6746 7.866035066e-05
6747 7.865743628e-05
6748 7.865452245e-05
6749 7.865160916e-05
6750 7.864869641e-05
6751 7.864578419e-05
6752 7.864287252e-05
6753 7.863996138e-05
6754 7.863705079e-05
6755 7.863414073e-05
6756 7.863123121e-05
6757 7.862832223e-05
6758 7.862541378e-05
6759 7.862250588e-05
6760 7.861959851e-05
6761 7.861669168e-05
6762 7.861378538e-05
6763 7.861087963e-05
6764 7.860797441e-05
6765 7.860506973e-05
6766 7.860216558e-05
6767 7.859926197e-05
6768 7.85963589e-05
6769 7.859345636e-05
6770 7.859055436e-05
6771 7.858765289e-05
6772 7.858475196e-05
6773 7.858185157e-05
6774 7.857895171e-05
6775 7.857605238e-05
6776 7.857315359e-05
6777 7.857025534e-05
6778 7.856735762e-05
6779 7.856446043e-05
6780 7.856156378e-05
6781 7.855866766e-05
6782 7.855577207e-05
6783 7.855287702e-05
6784 7.85499825e-05
6785 7.854708852e-05
6786 7.854419507e-05
6787 7.854130215e-05
6788 7.853840976e-05
6789 7.853551791e-05
6790 7.853262659e-05
6791 7.85297358e-05
6792 7.852684554e-05
6793 7.852395581e-05
6794 7.852106662e-05
6795 7.851817796e-05
6796 7.851528983e-05
6797 7.851240223e-05
6798 7.850951516e-05
6799 7.850662862e-05
6800 7.850374261e-05
6801 7.850085713e-05
6802 7.849797219e-05
6803 7.849508777e-05
6804 7.849220388e-05
6805 7.848932052e-05
6806 7.84864377e-05
6807 7.84835554e-05
6808 7.848067363e-05
6809 7.847779239e-05
6810 7.847491168e-05
6811 7.847203149e-05
6812 7.846915184e-05
6813 7.846627271e-05
6814 7.846339411e-05
6815 7.846051604e-05
6816 7.84576385e-05
6817 7.845476148e-05
6818 7.8451885e-05
6819 7.844900904e-05
6820 7.84461336e-05
6821 7.84432587e-05
6822 7.844038432e-05
6823 7.843751046e-05
6824 7.843463714e-05
6825 7.843176434e-05
6826 7.842889206e-05
6827 7.842602031e-05
6828 7.842314909e-05
6829 7.842027839e-05
6830 7.841740822e-05
6831 7.841453857e-05
6832 7.841166945e-05
6833 7.840880085e-05
6834 7.840593278e-05
6835 7.840306523e-05
6836 7.840019821e-05
6837 7.839733171e-05
6838 7.839446573e-05
6839 7.839160028e-05
6840 7.838873535e-05
6841 7.838587095e-05
6842 7.838300707e-05
6843 7.838014371e-05
6844 7.837728087e-05
6845 7.837441856e-05
6846 7.837155677e-05
6847 7.83686955e-05
6848 7.836583476e-05
6849 7.836297453e-05
6850 7.836011483e-05
6851 7.835725565e-05
6852 7.835439699e-05
6853 7.835153886e-05
6854 7.834868124e-05
6855 7.834582415e-05
6856 7.834296757e-05
6857 7.834011152e-05
6858 7.833725599e-05
6859 7.833440097e-05
6860 7.833154648e-05
6861 7.832869251e-05
6862 7.832583906e-05
6863 7.832298612e-05
6864 7.832013371e-05
6865 7.831728182e-05
6866 7.831443044e-05
6867 7.831157959e-05
6868 7.830872925e-05
6869 7.830587943e-05
6870 7.830303013e-05
6871 7.830018135e-05
6872 7.829733309e-05
6873 7.829448534e-05
6874 7.829163812e-05
6875 7.828879141e-05
6876 7.828594521e-05
6877 7.828309954e-05
6878 7.828025438e-05
6879 7.827740974e-05
6880 7.827456561e-05
6881 7.827172201e-05
6882 7.826887892e-05
6883 7.826603634e-05
6884 7.826319428e-05
6885 7.826035274e-05
6886 7.825751171e-05
6887 7.82546712e-05
6888 7.82518312e-05
6889 7.824899172e-05
6890 7.824615276e-05
6891 7.824331431e-05
6892 7.824047637e-05
6893 7.823763895e-05
6894 7.823480204e-05
6895 7.823196565e-05
6896 7.822912977e-05
6897 7.822629441e-05
6898 7.822345956e-05
6899 7.822062522e-05
6900 7.821779139e-05
6901 7.821495808e-05
6902 7.821212529e-05
6903 7.8209293e-05
6904 7.820646123e-05
6905 7.820362997e-05
6906 7.820079922e-05
6907 7.819796899e-05
6908 7.819513927e-05
6909 7.819231006e-05
6910 7.818948136e-05
6911 7.818665317e-05
6912 7.818382549e-05
6913 7.818099833e-05
6914 7.817817168e-05
6915 7.817534553e-05
6916 7.81725199e-05
6917 7.816969478e-05
6918 7.816687017e-05
6919 7.816404607e-05
6920 7.816122248e-05
6921 7.81583994e-05
6922 7.815557683e-05
6923 7.815275476e-05
6924 7.814993321e-05
6925 7.814711217e-05
6926 7.814429164e-05
6927 7.814147161e-05
6928 7.81386521e-05
6929 7.813583309e-05
6930 7.813301459e-05
6931 7.81301966e-05
6932 7.812737912e-05
6933 7.812456214e-05
6934 7.812174568e-05
6935 7.811892972e-05
6936 7.811611426e-05
6937 7.811329932e-05
6938 7.811048488e-05
6939 7.810767095e-05
6940 7.810485753e-05
6941 7.810204461e-05
6942 7.80992322e-05
6943 7.80964203e-05
6944 7.80936089e-05
6945 7.809079801e-05
6946 7.808798762e-05
6947 7.808517774e-05
6948 7.808236837e-05
6949 7.80795595e-05
6950 7.807675113e-05
6951 7.807394327e-05
6952 7.807113592e-05
6953 7.806832907e-05
6954 7.806552272e-05
6955 7.806271688e-05
6956 7.805991154e-05
6957 7.805710671e-05
6958 7.805430238e-05
6959 7.805149855e-05
6960 7.804869523e-05
6961 7.804589241e-05
6962 7.80430901e-05
6963 7.804028828e-05
6964 7.803748697e-05
6965 7.803468617e-05
6966 7.803188586e-05
6967 7.802908606e-05
6968 7.802628676e-05
6969 7.802348796e-05
6970 7.802068967e-05
6971 7.801789187e-05
6972 7.801509458e-05
6973 7.801229779e-05
6974 7.80095015e-05
6975 7.800670571e-05
6976 7.800391042e-05
6977 7.800111563e-05
6978 7.799832135e-05
6979 7.799552756e-05
6980 7.799273427e-05
6981 7.798994149e-05
6982 7.79871492e-05
6983 7.798435742e-05
6984 7.798156613e-05
6985 7.797877534e-05
6986 7.797598506e-05
6987 7.797319527e-05
6988 7.797040598e-05
6989 7.796761719e-05
6990 7.796482889e-05
6991 7.79620411e-05
6992 7.795925381e-05
6993 7.795646701e-05
6994 7.795368071e-05
6995 7.795089491e-05
6996 7.794810961e-05
6997 7.79453248e-05
6998 7.794254049e-05
6999 7.793975668e-05
7000 7.793697337e-05
7001 7.793419055e-05
7002 7.793140823e-05
7003 7.79286264e-05
7004 7.792584508e-05
7005 7.792306424e-05
7006 7.792028391e-05
7007 7.791750407e-05
7008 7.791472473e-05
7009 7.791194588e-05
7010 7.790916753e-05
7011 7.790638967e-05
7012 7.790361231e-05
7013 7.790083544e-05
7014 7.789805907e-05
7015 7.789528319e-05
7016 7.789250781e-05
7017 7.788973292e-05
7018 7.788695853e-05
7019 7.788418463e-05
7020 7.788141122e-05
7021 7.787863831e-05
7022 7.787586589e-05
7023 7.787309396e-05
7024 7.787032253e-05
7025 7.786755159e-05
7026 7.786478114e-05
7027 7.786201119e-05
7028 7.785924173e-05
7029 7.785647276e-05
7030 7.785370428e-05
7031 7.78509363e-05
7032 7.784816881e-05
7033 7.784540181e-05
7034 7.78426353e-05
7035 7.783986928e-05
7036 7.783710376e-05
7037 7.783433872e-05
7038 7.783157418e-05
7039 7.782881013e-05
7040 7.782604656e-05
7041 7.782328349e-05
7042 7.782052091e-05
7043 7.781775882e-05
7044 7.781499722e-05
7045 7.781223611e-05
7046 7.780947549e-05
7047 7.780671536e-05
7048 7.780395572e-05
7049 7.780119656e-05
7050 7.77984379e-05
7051 7.779567973e-05
7052 7.779292204e-05
7053 7.779016485e-05
7054 7.778740814e-05
7055 7.778465192e-05
7056 7.778189619e-05
7057 7.777914094e-05
7058 7.777638619e-05
7059 7.777363192e-05
7060 7.777087814e-05
7061 7.776812485e-05
7062 7.776537204e-05
7063 7.776261972e-05
7064 7.775986789e-05
7065 7.775711655e-05
7066 7.775436569e-05
7067 7.775161532e-05
7068 7.774886544e-05
7069 7.774611604e-05
7070 7.774336712e-05
7071 7.77406187e-05
7072 7.773787076e-05
7073 7.77351233e-05
7074 7.773237633e-05
7075 7.772962985e-05
7076 7.772688385e-05
7077 7.772413833e-05
7078 7.77213933e-05
7079 7.771864876e-05
7080 7.77159047e-05
7081 7.771316112e-05
7082 7.771041803e-05
7083 7.770767542e-05
7084 7.77049333e-05
7085 7.770219166e-05
7086 7.76994505e-05
7087 7.769670983e-05
7088 7.769396964e-05
7089 7.769122993e-05
7090 7.768849071e-05
7091 7.768575197e-05
7092 7.768301371e-05
7093 7.768027594e-05
7094 7.767753864e-05
7095 7.767480183e-05
7096 7.76720655e-05
7097 7.766932966e-05
7098 7.766659429e-05
7099 7.766385941e-05
7100 7.7661125e-05
7101 7.765839108e-05
7102 7.765565764e-05
7103 7.765292468e-05
7104 7.765019221e-05
7105 7.764746021e-05
7106 7.764472869e-05
7107 7.764199766e-05
7108 7.76392671e-05
7109 7.763653702e-05
7110 7.763380743e-05
7111 7.763107831e-05
7112 7.762834968e-05
7113 7.762562152e-05
7114 7.762289384e-05
7115 7.762016664e-05
7116 7.761743992e-05
7117 7.761471368e-05
7118 7.761198792e-05
7119 7.760926263e-05
7120 7.760653783e-05
7121 7.76038135e-05
7122 7.760108965e-05
7123 7.759836628e-05
7124 7.759564339e-05
7125 7.759292097e-05
7126 7.759019904e-05
7127 7.758747758e-05
7128 7.758475659e-05
7129 7.758203609e-05
7130 7.757931606e-05
7131 7.757659651e-05
7132 7.757387743e-05
7133 7.757115883e-05
7134 7.756844071e-05
7135 7.756572306e-05
7136 7.756300589e-05
7137 7.756028919e-05
7138 7.755757297e-05
7139 7.755485723e-05
7140 7.755214196e-05
7141 7.754942717e-05
7142 7.754671285e-05
7143 7.754399901e-05
7144 7.754128564e-05
7145 7.753857274e-05
7146 7.753586033e-05
7147 7.753314838e-05
7148 7.753043691e-05
7149 7.752772591e-05
7150 7.752501539e-05
7151 7.752230534e-05
7152 7.751959577e-05
7153 7.751688666e-05
7154 7.751417804e-05
7155 7.751146988e-05
7156 7.75087622e-05
7157 7.750605499e-05
7158 7.750334825e-05
7159 7.750064199e-05
7160 7.74979362e-05
7161 7.749523088e-05
7162 7.749252603e-05
7163 7.748982165e-05
7164 7.748711775e-05
7165 7.748441432e-05
7166 7.748171136e-05
7167 7.747900887e-05
7168 7.747630685e-05
7169 7.74736053e-05
7170 7.747090423e-05
7171 7.746820362e-05
7172 7.746550349e-05
7173 7.746280382e-05
7174 7.746010463e-05
7175 7.745740591e-05
7176 7.745470765e-05
7177 7.745200987e-05
7178 7.744931256e-05
7179 7.744661571e-05
7180 7.744391934e-05
7181 7.744122343e-05
7182 7.7438528e-05
7183 7.743583303e-05
7184 7.743313853e-05
7185 7.74304445e-05
7186 7.742775094e-05
7187 7.742505785e-05
7188 7.742236523e-05
7189 7.741967307e-05
7190 7.741698138e-05
7191 7.741429016e-05
7192 7.741159941e-05
7193 7.740890913e-05
7194 7.740621931e-05
7195 7.740352996e-05
7196 7.740084108e-05
7197 7.739815266e-05
7198 7.739546471e-05
7199 7.739277723e-05
7200 7.739009021e-05
7201 7.738740366e-05
7202 7.738471758e-05
7203 7.738203196e-05
7204 7.737934681e-05
7205 7.737666212e-05
7206 7.737397791e-05
7207 7.737129415e-05
7208 7.736861086e-05
7209 7.736592804e-05
7210 7.736324568e-05
7211 7.736056379e-05
7212 7.735788236e-05
7213 7.735520139e-05
7214 7.735252089e-05
7215 7.734984086e-05
7216 7.734716129e-05
7217 7.734448218e-05
7218 7.734180354e-05
7219 7.733912536e-05
7220 7.733644764e-05
7221 7.733377039e-05
7222 7.73310936e-05
7223 7.732841727e-05
7224 7.732574141e-05
7225 7.732306601e-05
7226 7.732039107e-05
7227 7.73177166e-05
7228 7.731504259e-05
7229 7.731236904e-05
7230 7.730969595e-05
7231 7.730702333e-05
7232 7.730435116e-05
7233 7.730167946e-05
7234 7.729900822e-05
7235 7.729633744e-05
7236 7.729366713e-05
7237 7.729099727e-05
7238 7.728832787e-05
7239 7.728565894e-05
7240 7.728299047e-05
7241 7.728032245e-05
7242 7.72776549e-05
7243 7.727498781e-05
7244 7.727232118e-05
7245 7.726965501e-05
7246 7.726698929e-05
7247 7.726432404e-05
7248 7.726165925e-05
7249 7.725899492e-05
7250 7.725633104e-05
7251 7.725366763e-05
7252 7.725100467e-05
7253 7.724834218e-05
7254 7.724568014e-05
7255 7.724301856e-05
7256 7.724035744e-05
7257 7.723769678e-05
7258 7.723503657e-05
7259 7.723237683e-05
7260 7.722971754e-05
7261 7.722705871e-05
7262 7.722440034e-05
7263 7.722174242e-05
7264 7.721908496e-05
7265 7.721642796e-05
7266 7.721377142e-05
7267 7.721111533e-05
7268 7.72084597e-05
7269 7.720580453e-05
7270 7.720314981e-05
7271 7.720049555e-05
7272 7.719784175e-05
7273 7.71951884e-05
7274 7.719253551e-05
7275 7.718988307e-05
7276 7.718723109e-05
7277 7.718457956e-05
7278 7.718192849e-05
7279 7.717927788e-05
7280 7.717662772e-05
7281 7.717397801e-05
7282 7.717132876e-05
7283 7.716867997e-05
7284 7.716603163e-05
7285 7.716338374e-05
7286 7.716073631e-05
7287 7.715808933e-05
7288 7.715544281e-05
7289 7.715279674e-05
7290 7.715015112e-05
7291 7.714750596e-05
7292 7.714486125e-05
7293 7.714221699e-05
7294 7.713957319e-05
7295 7.713692984e-05
7296 7.713428694e-05
7297 7.713164449e-05
7298 7.71290025e-05
7299 7.712636096e-05
7300 7.712371987e-05
7301 7.712107924e-05
7302 7.711843905e-05
7303 7.711579932e-05
7304 7.711316004e-05
7305 7.711052121e-05
7306 7.710788284e-05
7307 7.710524491e-05
7308 7.710260744e-05
7309 7.709997041e-05
7310 7.709733384e-05
7311 7.709469772e-05
7312 7.709206205e-05
7313 7.708942683e-05
7314 7.708679206e-05
7315 7.708415774e-05
7316 7.708152387e-05
7317 7.707889045e-05
7318 7.707625748e-05
7319 7.707362496e-05
7320 7.707099289e-05
7321 7.706836126e-05
7322 7.706573009e-05
7323 7.706309937e-05
7324 7.706046909e-05
7325 7.705783927e-05
7326 7.705520989e-05
7327 7.705258096e-05
7328 7.704995248e-05
7329 7.704732445e-05
7330 7.704469687e-05
7331 7.704206973e-05
7332 7.703944304e-05
7333 7.70368168e-05
7334 7.703419101e-05
7335 7.703156566e-05
7336 7.702894077e-05
7337 7.702631632e-05
7338 7.702369231e-05
7339 7.702106875e-05
7340 7.701844564e-05
7341 7.701582298e-05
7342 7.701320076e-05
7343 7.701057899e-05
7344 7.700795767e-05
7345 7.700533679e-05
7346 7.700271636e-05
7347 7.700009637e-05
7348 7.699747683e-05
7349 7.699485774e-05
7350 7.699223909e-05
7351 7.698962088e-05
7352 7.698700312e-05
7353 7.698438581e-05
7354 7.698176894e-05
7355 7.697915251e-05
7356 7.697653653e-05
7357 7.697392099e-05
7358 7.69713059e-05
7359 7.696869126e-05
7360 7.696607705e-05
7361 7.696346329e-05
7362 7.696084998e-05
7363 7.69582371e-05
7364 7.695562467e-05
7365 7.695301269e-05
7366 7.695040115e-05
7367 7.694779005e-05
7368 7.694517939e-05
7369 7.694256918e-05
7370 7.693995941e-05
7371 7.693735008e-05
7372 7.693474119e-05
7373 7.693213275e-05
7374 7.692952475e-05
7375 7.692691719e-05
7376 7.692431007e-05
7377 7.692170339e-05
7378 7.691909716e-05
7379 7.691649137e-05
7380 7.691388602e-05
7381 7.69112811e-05
7382 7.690867664e-05
7383 7.690607261e-05
7384 7.690346902e-05
7385 7.690086587e-05
7386 7.689826317e-05
7387 7.68956609e-05
7388 7.689305907e-05
7389 7.689045769e-05
7390 7.688785674e-05
7391 7.688525624e-05
7392 7.688265617e-05
7393 7.688005654e-05
7394 7.687745736e-05
7395 7.687485861e-05
7396 7.68722603e-05
7397 7.686966243e-05
7398 7.6867065e-05
7399 7.686446801e-05
7400 7.686187145e-05
7401 7.685927534e-05
7402 7.685667966e-05
7403 7.685408443e-05
7404 7.685148963e-05
7405 7.684889526e-05
7406 7.684630134e-05
7407 7.684370785e-05
7408 7.68411148e-05
7409 7.683852219e-05
7410 7.683593002e-05
7411 7.683333828e-05
7412 7.683074698e-05
7413 7.682815612e-05
7414 7.682556569e-05
7415 7.68229757e-05
7416 7.682038615e-05
7417 7.681779703e-05
7418 7.681520835e-05
7419 7.681262011e-05
7420 7.68100323e-05
7421 7.680744493e-05
7422 7.680485799e-05
7423 7.680227149e-05
7424 7.679968542e-05
7425 7.679709979e-05
7426 7.67945146e-05
7427 7.679192984e-05
7428 7.678934551e-05
7429 7.678676162e-05
7430 7.678417817e-05
7431 7.678159515e-05
7432 7.677901256e-05
7433 7.677643041e-05
7434 7.677384869e-05
7435 7.67712674e-05
7436 7.676868655e-05
7437 7.676610614e-05
7438 7.676352615e-05
7439 7.67609466e-05
7440 7.675836749e-05
7441 7.675578881e-05
7442 7.675321056e-05
7443 7.675063274e-05
7444 7.674805535e-05
7445 7.67454784e-05
7446 7.674290188e-05
7447 7.67403258e-05
7448 7.673775014e-05
7449 7.673517492e-05
7450 7.673260013e-05
7451 7.673002577e-05
7452 7.672745185e-05
7453 7.672487835e-05
7454 7.672230529e-05
7455 7.671973266e-05
7456 7.671716046e-05
7457 7.671458869e-05
7458 7.671201735e-05
7459 7.670944644e-05
7460 7.670687597e-05
7461 7.670430592e-05
7462 7.670173631e-05
7463 7.669916712e-05
7464 7.669659837e-05
7465 7.669403004e-05
7466 7.669146215e-05
7467 7.668889468e-05
7468 7.668632765e-05
7469 7.668376104e-05
7470 7.668119486e-05
7471 7.667862912e-05
7472 7.66760638e-05
7473 7.667349891e-05
7474 7.667093445e-05
7475 7.666837042e-05
7476 7.666580682e-05
7477 7.666324364e-05
7478 7.66606809e-05
7479 7.665811858e-05
7480 7.665555669e-05
7481 7.665299523e-05
7482 7.66504342e-05
7483 7.664787359e-05
7484 7.664531342e-05
7485 7.664275367e-05
7486 7.664019434e-05
7487 7.663763545e-05
7488 7.663507698e-05
7489 7.663251894e-05
7490 7.662996132e-05
7491 7.662740414e-05
7492 7.662484738e-05
7493 7.662229104e-05
7494 7.661973513e-05
7495 7.661717965e-05
7496 7.66146246e-05
7497 7.661206997e-05
7498 7.660951576e-05
7499 7.660696198e-05
7500 7.660440863e-05
7501 7.66018557e-05
7502 7.65993032e-05
7503 7.659675113e-05
7504 7.659419947e-05
7505 7.659164825e-05
7506 7.658909745e-05
7507 7.658654707e-05
7508 7.658399712e-05
7509 7.658144759e-05
7510 7.657889848e-05
7511 7.657634981e-05
7512 7.657380155e-05
7513 7.657125372e-05
7514 7.656870631e-05
7515 7.656615933e-05
7516 7.656361277e-05
7517 7.656106663e-05
7518 7.655852092e-05
7519 7.655597563e-05
7520 7.655343076e-05
7521 7.655088631e-05
7522 7.654834229e-05
7523 7.654579869e-05
7524 7.654325552e-05
7525 7.654071276e-05
7526 7.653817043e-05
7527 7.653562852e-05
7528 7.653308703e-05
7529 7.653054597e-05
7530 7.652800532e-05
7531 7.65254651e-05
7532 7.65229253e-05
7533 7.652038592e-05
7534 7.651784696e-05
7535 7.651530843e-05
7536 7.651277031e-05
7537 7.651023262e-05
7538 7.650769534e-05
7539 7.650515849e-05
7540 7.650262205e-05
7541 7.650008604e-05
7542 7.649755045e-05
7543 7.649501528e-05
7544 7.649248053e-05
7545 7.648994619e-05
7546 7.648741228e-05
7547 7.648487879e-05
7548 7.648234572e-05
7549 7.647981306e-05
7550 7.647728083e-05
7551 7.647474901e-05
7552 7.647221762e-05
7553 7.646968664e-05
7554 7.646715608e-05
7555 7.646462594e-05
7556 7.646209622e-05
7557 7.645956691e-05
7558 7.645703803e-05
7559 7.645450956e-05
7560 7.645198151e-05
7561 7.644945388e-05
7562 7.644692667e-05
7563 7.644439988e-05
7564 7.64418735e-05
7565 7.643934754e-05
7566 7.643682199e-05
7567 7.643429687e-05
7568 7.643177216e-05
7569 7.642924787e-05
7570 7.642672399e-05
7571 7.642420053e-05
7572 7.642167749e-05
7573 7.641915487e-05
7574 7.641663266e-05
7575 7.641411086e-05
7576 7.641158949e-05
7577 7.640906853e-05
7578 7.640654798e-05
7579 7.640402785e-05
7580 7.640150814e-05
7581 7.639898884e-05
7582 7.639646996e-05
7583 7.639395149e-05
7584 7.639143344e-05
7585 7.63889158e-05
7586 7.638639857e-05
7587 7.638388177e-05
7588 7.638136537e-05
7589 7.637884939e-05
7590 7.637633383e-05
7591 7.637381868e-05
7592 7.637130394e-05
7593 7.636878962e-05
7594 7.636627571e-05
7595 7.636376221e-05
7596 7.636124913e-05
7597 7.635873646e-05
7598 7.635622421e-05
7599 7.635371236e-05
7600 7.635120093e-05
7601 7.634868992e-05
7602 7.634617932e-05
7603 7.634366913e-05
7604 7.634115935e-05
7605 7.633864998e-05
7606 7.633614103e-05
7607 7.633363249e-05
7608 7.633112436e-05
7609 7.632861665e-05
7610 7.632610934e-05
7611 7.632360245e-05
7612 7.632109597e-05
7613 7.63185899e-05
7614 7.631608424e-05
7615 7.631357899e-05
7616 7.631107416e-05
7617 7.630856973e-05
7618 7.630606572e-05
7619 7.630356212e-05
7620 7.630105892e-05
7621 7.629855614e-05
7622 7.629605377e-05
7623 7.629355181e-05
7624 7.629105026e-05
7625 7.628854912e-05
7626 7.628604839e-05
7627 7.628354806e-05
7628 7.628104815e-05
7629 7.627854865e-05
7630 7.627604956e-05
7631 7.627355088e-05
7632 7.62710526e-05
7633 7.626855474e-05
7634 7.626605728e-05
7635 7.626356023e-05
7636 7.62610636e-05
7637 7.625856737e-05
7638 7.625607154e-05
7639 7.625357613e-05
7640 7.625108113e-05
7641 7.624858653e-05
7642 7.624609234e-05
7643 7.624359856e-05
7644 7.624110519e-05
7645 7.623861222e-05
7646 7.623611967e-05
7647 7.623362752e-05
7648 7.623113577e-05
7649 7.622864444e-05
7650 7.622615351e-05
7651 7.622366299e-05
7652 7.622117287e-05
7653 7.621868316e-05
7654 7.621619386e-05
7655 7.621370497e-05
7656 7.621121648e-05
7657 7.62087284e-05
7658 7.620624072e-05
7659 7.620375345e-05
7660 7.620126658e-05
7661 7.619878012e-05
7662 7.619629407e-05
7663 7.619380842e-05
7664 7.619132318e-05
7665 7.618883834e-05
7666 7.618635391e-05
7667 7.618386988e-05
7668 7.618138626e-05
7669 7.617890304e-05
7670 7.617642023e-05
7671 7.617393782e-05
7672 7.617145582e-05
7673 7.616897422e-05
7674 7.616649303e-05
7675 7.616401223e-05
7676 7.616153185e-05
7677 7.615905186e-05
7678 7.615657228e-05
7679 7.615409311e-05
7680 7.615161433e-05
7681 7.614913597e-05
7682 7.6146658e-05
7683 7.614418044e-05
7684 7.614170328e-05
7685 7.613922652e-05
7686 7.613675017e-05
7687 7.613427421e-05
7688 7.613179866e-05
7689 7.612932352e-05
7690 7.612684877e-05
7691 7.612437443e-05
7692 7.612190049e-05
7693 7.611942695e-05
7694 7.611695382e-05
7695 7.611448108e-05
7696 7.611200875e-05
7697 7.610953682e-05
7698 7.610706529e-05
7699 7.610459416e-05
7700 7.610212343e-05
7701 7.60996531e-05
7702 7.609718318e-05
7703 7.609471365e-05
7704 7.609224453e-05
7705 7.60897758e-05
7706 7.608730748e-05
7707 7.608483956e-05
7708 7.608237203e-05
7709 7.607990491e-05
7710 7.607743819e-05
7711 7.607497186e-05
7712 7.607250594e-05
7713 7.607004042e-05
7714 7.606757529e-05
7715 7.606511057e-05
7716 7.606264624e-05
7717 7.606018232e-05
7718 7.605771879e-05
7719 7.605525566e-05
7720 7.605279293e-05
7721 7.60503306e-05
7722 7.604786867e-05
7723 7.604540713e-05
7724 7.6042946e-05
7725 7.604048526e-05
7726 7.603802492e-05
7727 7.603556498e-05
7728 7.603310543e-05
7729 7.603064629e-05
7730 7.602818754e-05
7731 7.602572919e-05
7732 7.602327123e-05
7733 7.602081368e-05
7734 7.601835652e-05
7735 7.601589976e-05
7736 7.601344339e-05
7737 7.601098742e-05
7738 7.600853185e-05
7739 7.600607668e-05
7740 7.60036219e-05
7741 7.600116752e-05
7742 7.599871353e-05
7743 7.599625994e-05
7744 7.599380675e-05
7745 7.599135395e-05
7746 7.598890155e-05
7747 7.598644954e-05
7748 7.598399793e-05
7749 7.598154672e-05
7750 7.59790959e-05
7751 7.597664547e-05
7752 7.597419544e-05
7753 7.597174581e-05
7754 7.596929657e-05
7755 7.596684772e-05
7756 7.596439927e-05
7757 7.596195122e-05
7758 7.595950355e-05
7759 7.595705629e-05
7760 7.595460941e-05
7761 7.595216293e-05
7762 7.594971685e-05
7763 7.594727116e-05
7764 7.594482586e-05
7765 7.594238096e-05
7766 7.593993645e-05
7767 7.593749233e-05
7768 7.593504861e-05
7769 7.593260528e-05
7770 7.593016234e-05
7771 7.592771979e-05
7772 7.592527764e-05
7773 7.592283588e-05
7774 7.592039452e-05
7775 7.591795354e-05
7776 7.591551296e-05
7777 7.591307277e-05
7778 7.591063297e-05
7779 7.590819357e-05
7780 7.590575455e-05
7781 7.590331593e-05
7782 7.59008777e-05
7783 7.589843987e-05
7784 7.589600242e-05
7785 7.589356536e-05
7786 7.58911287e-05
7787 7.588869243e-05
7788 7.588625654e-05
7789 7.588382105e-05
7790 7.588138595e-05
7791 7.587895124e-05
7792 7.587651692e-05
7793 7.587408299e-05
7794 7.587164945e-05
7795 7.586921631e-05
7796 7.586678355e-05
7797 7.586435118e-05
7798 7.58619192e-05
7799 7.585948761e-05
7800 7.585705641e-05
7801 7.58546256e-05
7802 7.585219518e-05
7803 7.584976515e-05
7804 7.584733551e-05
7805 7.584490626e-05
7806 7.58424774e-05
7807 7.584004892e-05
7808 7.583762083e-05
7809 7.583519314e-05
7810 7.583276583e-05
7811 7.583033891e-05
7812 7.582791238e-05
7813 7.582548623e-05
7814 7.582306048e-05
7815 7.582063511e-05
7816 7.581821013e-05
7817 7.581578554e-05
7818 7.581336133e-05
7819 7.581093752e-05
7820 7.580851409e-05
7821 7.580609104e-05
7822 7.580366839e-05
7823 7.580124612e-05
7824 7.579882424e-05
7825 7.579640274e-05
7826 7.579398164e-05
7827 7.579156092e-05
7828 7.578914058e-05
7829 7.578672063e-05
7830 7.578430107e-05
7831 7.57818819e-05
7832 7.577946311e-05
7833 7.57770447e-05
7834 7.577462669e-05
7835 7.577220905e-05
7836 7.576979181e-05
7837 7.576737495e-05
7838 7.576495847e-05
7839 7.576254238e-05
7840 7.576012668e-05
7841 7.575771136e-05
7842 7.575529642e-05
7843 7.575288187e-05
7844 7.575046771e-05
7845 7.574805393e-05
7846 7.574564053e-05
7847 7.574322752e-05
7848 7.574081489e-05
7849 7.573840265e-05
7850 7.573599079e-05
7851 7.573357932e-05
7852 7.573116822e-05
7853 7.572875752e-05
7854 7.572634719e-05
7855 7.572393725e-05
7856 7.57215277e-05
7857 7.571911852e-05
7858 7.571670973e-05
7859 7.571430132e-05
7860 7.57118933e-05
7861 7.570948566e-05
7862 7.57070784e-05
7863 7.570467152e-05
7864 7.570226503e-05
7865 7.569985892e-05
7866 7.569745319e-05
7867 7.569504785e-05
7868 7.569264288e-05
7869 7.56902383e-05
7870 7.56878341e-05
7871 7.568543028e-05
7872 7.568302684e-05
7873 7.568062379e-05
7874 7.567822111e-05
7875 7.567581882e-05
7876 7.567341691e-05
7877 7.567101538e-05
7878 7.566861423e-05
7879 7.566621346e-05
7880 7.566381307e-05
7881 7.566141307e-05
7882 7.565901344e-05
7883 7.56566142e-05
7884 7.565421533e-05
7885 7.565181685e-05
7886 7.564941874e-05
7887 7.564702102e-05
7888 7.564462367e-05
7889 7.564222671e-05
7890 7.563983012e-05
7891 7.563743391e-05
7892 7.563503809e-05
7893 7.563264264e-05
7894 7.563024757e-05
7895 7.562785289e-05
7896 7.562545858e-05
7897 7.562306465e-05
7898 7.562067109e-05
7899 7.561827792e-05
7900 7.561588513e-05
7901 7.561349271e-05
7902 7.561110067e-05
7903 7.560870902e-05
7904 7.560631773e-05
7905 7.560392683e-05
7906 7.560153631e-05
7907 7.559914616e-05
7908 7.559675639e-05
7909 7.5594367e-05
7910 7.559197799e-05
7911 7.558958935e-05
7912 7.558720109e-05
7913 7.558481321e-05
7914 7.55824257e-05
7915 7.558003858e-05
7916 7.557765183e-05
7917 7.557526545e-05
7918 7.557287946e-05
7919 7.557049384e-05
7920 7.556810859e-05
7921 7.556572372e-05
7922 7.556333923e-05
7923 7.556095512e-05
7924 7.555857138e-05
7925 7.555618801e-05
7926 7.555380503e-05
7927 7.555142242e-05
7928 7.554904018e-05
7929 7.554665832e-05
7930 7.554427683e-05
7931 7.554189572e-05
7932 7.553951499e-05
7933 7.553713463e-05
7934 7.553475465e-05
7935 7.553237504e-05
7936 7.55299958e-05
7937 7.552761694e-05
7938 7.552523846e-05
7939 7.552286035e-05
7940 7.552048261e-05
7941 7.551810525e-05
7942 7.551572826e-05
7943 7.551335164e-05
7944 7.55109754e-05
7945 7.550859954e-05
7946 7.550622404e-05
7947 7.550384893e-05
7948 7.550147418e-05
7949 7.549909981e-05
7950 7.549672581e-05
7951 7.549435218e-05
7952 7.549197893e-05
7953 7.548960605e-05
7954 7.548723354e-05
7955 7.548486141e-05
7956 7.548248965e-05
7957 7.548011826e-05
7958 7.547774724e-05
7959 7.54753766e-05
7960 7.547300633e-05
7961 7.547063643e-05
7962 7.54682669e-05
7963 7.546589775e-05
7964 7.546352896e-05
7965 7.546116055e-05
7966 7.545879251e-05
7967 7.545642484e-05
7968 7.545405754e-05
7969 7.545169062e-05
7970 7.544932406e-05
7971 7.544695788e-05
7972 7.544459206e-05
7973 7.544222662e-05
7974 7.543986155e-05
7975 7.543749685e-05
7976 7.543513252e-05
7977 7.543276856e-05
7978 7.543040497e-05
7979 7.542804175e-05
7980 7.54256789e-05
7981 7.542331643e-05
7982 7.542095432e-05
7983 7.541859258e-05
7984 7.541623121e-05
7985 7.541387021e-05
7986 7.541150958e-05
7987 7.540914932e-05
7988 7.540678943e-05
7989 7.54044299e-05
7990 7.540207075e-05
7991 7.539971197e-05
7992 7.539735355e-05
7993 7.539499551e-05
7994 7.539263783e-05
7995 7.539028052e-05
7996 7.538792358e-05
7997 7.538556701e-05
7998 7.53832108e-05
7999 7.538085497e-05
8000 7.53784995e-05
8001 7.53761444e-05
8002 7.537378967e-05
8003 7.53714353e-05
8004 7.536908131e-05
8005 7.536672768e-05
8006 7.536437442e-05
8007 7.536202152e-05
8008 7.535966899e-05
8009 7.535731684e-05
8010 7.535496504e-05
8011 7.535261362e-05
8012 7.535026256e-05
8013 7.534791187e-05
8014 7.534556154e-05
8015 7.534321158e-05
8016 7.534086199e-05
8017 7.533851276e-05
8018 7.53361639e-05
8019 7.533381541e-05
8020 7.533146728e-05
8021 7.532911952e-05
8022 7.532677212e-05
8023 7.532442509e-05
8024 7.532207843e-05
8025 7.531973213e-05
8026 7.531738619e-05
8027 7.531504062e-05
8028 7.531269542e-05
8029 7.531035058e-05
8030 7.530800611e-05
8031 7.5305662e-05
8032 7.530331826e-05
8033 7.530097488e-05
8034 7.529863186e-05
8035 7.529628921e-05
8036 7.529394693e-05
8037 7.5291605e-05
8038 7.528926345e-05
8039 7.528692225e-05
8040 7.528458142e-05
8041 7.528224096e-05
8042 7.527990086e-05
8043 7.527756112e-05
8044 7.527522175e-05
8045 7.527288273e-05
8046 7.527054409e-05
8047 7.52682058e-05
8048 7.526586788e-05
8049 7.526353032e-05
8050 7.526119313e-05
8051 7.525885629e-05
8052 7.525651983e-05
8053 7.525418372e-05
8054 7.525184797e-05
8055 7.524951259e-05
8056 7.524717757e-05
8057 7.524484291e-05
8058 7.524250862e-05
8059 7.524017469e-05
8060 7.523784111e-05
8061 7.52355079e-05
8062 7.523317506e-05
8063 7.523084257e-05
8064 7.522851045e-05
8065 7.522617868e-05
8066 7.522384728e-05
8067 7.522151624e-05
8068 7.521918556e-05
8069 7.521685524e-05
8070 7.521452528e-05
8071 7.521219569e-05
8072 7.520986645e-05
8073 7.520753758e-05
8074 7.520520906e-05
8075 7.520288091e-05
8076 7.520055311e-05
8077 7.519822568e-05
8078 7.519589861e-05
8079 7.519357189e-05
8080 7.519124554e-05
8081 7.518891954e-05
8082 7.518659391e-05
8083 7.518426864e-05
8084 7.518194372e-05
8085 7.517961916e-05
8086 7.517729497e-05
8087 7.517497113e-05
8088 7.517264765e-05
8089 7.517032453e-05
8090 7.516800177e-05
8091 7.516567937e-05
8092 7.516335733e-05
8093 7.516103565e-05
8094 7.515871432e-05
8095 7.515639335e-05
8096 7.515407274e-05
8097 7.515175249e-05
8098 7.51494326e-05
8099 7.514711307e-05
8100 7.514479389e-05
8101 7.514247507e-05
8102 7.514015661e-05
8103 7.513783851e-05
8104 7.513552076e-05
8105 7.513320337e-05
8106 7.513088634e-05
8107 7.512856967e-05
8108 7.512625335e-05
8109 7.512393739e-05
8110 7.512162179e-05
8111 7.511930655e-05
8112 7.511699166e-05
8113 7.511467712e-05
8114 7.511236295e-05
8115 7.511004913e-05
8116 7.510773567e-05
8117 7.510542256e-05
8118 7.510310981e-05
8119 7.510079741e-05
8120 7.509848537e-05
8121 7.509617369e-05
8122 7.509386236e-05
8123 7.509155139e-05
8124 7.508924078e-05
8125 7.508693052e-05
8126 7.508462061e-05
8127 7.508231106e-05
8128 7.508000187e-05
8129 7.507769303e-05
8130 7.507538454e-05
8131 7.507307641e-05
8132 7.507076864e-05
8133 7.506846122e-05
8134 7.506615415e-05
8135 7.506384744e-05
8136 7.506154108e-05
8137 7.505923508e-05
8138 7.505692943e-05
8139 7.505462414e-05
8140 7.50523192e-05
8141 7.505001461e-05
8142 7.504771038e-05
8143 7.50454065e-05
8144 7.504310297e-05
8145 7.50407998e-05
8146 7.503849698e-05
8147 7.503619452e-05
8148 7.50338924e-05
8149 7.503159065e-05
8150 7.502928924e-05
8151 7.502698819e-05
8152 7.502468749e-05
8153 7.502238714e-05
8154 7.502008714e-05
8155 7.50177875e-05
8156 7.501548821e-05
8157 7.501318927e-05
8158 7.501089069e-05
8159 7.500859245e-05
8160 7.500629457e-05
8161 7.500399704e-05
8162 7.500169987e-05
8163 7.499940304e-05
8164 7.499710657e-05
8165 7.499481044e-05
8166 7.499251467e-05
8167 7.499021925e-05
8168 7.498792418e-05
8169 7.498562947e-05
8170 7.49833351e-05
8171 7.498104108e-05
8172 7.497874742e-05
8173 7.497645411e-05
8174 7.497416114e-05
8175 7.497186853e-05
8176 7.496957627e-05
8177 7.496728436e-05
8178 7.49649928e-05
8179 7.496270158e-05
8180 7.496041072e-05
8181 7.495812021e-05
8182 7.495583005e-05
8183 7.495354024e-05
8184 7.495125078e-05
8185 7.494896167e-05
8186 7.49466729e-05
8187 7.494438449e-05
8188 7.494209643e-05
8189 7.493980871e-05
8190 7.493752135e-05
8191 7.493523433e-05
8192 7.493294766e-05
8193 7.493066134e-05
8194 7.492837537e-05
8195 7.492608975e-05
8196 7.492380448e-05
8197 7.492151956e-05
8198 7.491923498e-05
8199 7.491695075e-05
8200 7.491466687e-05
8201 7.491238334e-05
8202 7.491010016e-05
8203 7.490781732e-05
8204 7.490553484e-05
8205 7.49032527e-05
8206 7.49009709e-05
8207 7.489868946e-05
8208 7.489640836e-05
8209 7.489412761e-05
8210 7.489184721e-05
8211 7.488956715e-05
8212 7.488728745e-05
8213 7.488500808e-05
8214 7.488272907e-05
8215 7.48804504e-05
8216 7.487817208e-05
8217 7.48758941e-05
8218 7.487361648e-05
8219 7.487133919e-05
8220 7.486906226e-05
8221 7.486678567e-05
8222 7.486450943e-05
8223 7.486223353e-05
8224 7.485995798e-05
8225 7.485768277e-05
8226 7.485540791e-05
8227 7.48531334e-05
8228 7.485085923e-05
8229 7.48485854e-05
8230 7.484631193e-05
8231 7.484403879e-05
8232 7.4841766e-05
8233 7.483949356e-05
8234 7.483722146e-05
8235 7.483494971e-05
8236 7.48326783e-05
8237 7.483040724e-05
8238 7.482813652e-05
8239 7.482586615e-05
8240 7.482359612e-05
8241 7.482132643e-05
8242 7.481905709e-05
8243 7.481678809e-05
8244 7.481451944e-05
8245 7.481225113e-05
8246 7.480998316e-05
8247 7.480771554e-05
8248 7.480544826e-05
8249 7.480318133e-05
8250 7.480091474e-05
8251 7.479864849e-05
8252 7.479638258e-05
8253 7.479411702e-05
8254 7.47918518e-05
8255 7.478958693e-05
8256 7.478732239e-05
8257 7.47850582e-05
8258 7.478279436e-05
8259 7.478053085e-05
8260 7.477826769e-05
8261 7.477600487e-05
8262 7.477374239e-05
8263 7.477148026e-05
8264 7.476921847e-05
8265 7.476695702e-05
8266 7.476469591e-05
8267 7.476243514e-05
8268 7.476017471e-05
8269 7.475791463e-05
8270 7.475565489e-05
8271 7.475339549e-05
8272 7.475113643e-05
8273 7.474887771e-05
8274 7.474661933e-05
8275 7.47443613e-05
8276 7.47421036e-05
8277 7.473984625e-05
8278 7.473758924e-05
8279 7.473533257e-05
8280 7.473307624e-05
8281 7.473082024e-05
8282 7.472856459e-05
8283 7.472630928e-05
8284 7.472405432e-05
8285 7.472179969e-05
8286 7.47195454e-05
8287 7.471729145e-05
8288 7.471503784e-05
8289 7.471278457e-05
8290 7.471053164e-05
8291 7.470827905e-05
8292 7.47060268e-05
8293 7.470377489e-05
8294 7.470152331e-05
8295 7.469927208e-05
8296 7.469702119e-05
8297 7.469477063e-05
8298 7.469252042e-05
8299 7.469027054e-05
8300 7.468802101e-05
8301 7.468577181e-05
8302 7.468352295e-05
8303 7.468127442e-05
8304 7.467902624e-05
8305 7.46767784e-05
8306 7.467453089e-05
8307 7.467228372e-05
8308 7.467003689e-05
8309 7.46677904e-05
8310 7.466554424e-05
8311 7.466329843e-05
8312 7.466105295e-05
8313 7.465880781e-05
8314 7.4656563e-05
8315 7.465431854e-05
8316 7.465207441e-05
8317 7.464983062e-05
8318 7.464758716e-05
8319 7.464534404e-05
8320 7.464310126e-05
8321 7.464085882e-05
8322 7.463861671e-05
8323 7.463637494e-05
8324 7.463413351e-05
8325 7.463189241e-05
8326 7.462965165e-05
8327 7.462741123e-05
8328 7.462517114e-05
8329 7.462293139e-05
8330 7.462069197e-05
8331 7.461845289e-05
8332 7.461621415e-05
8333 7.461397574e-05
8334 7.461173767e-05
8335 7.460949993e-05
8336 7.460726253e-05
8337 7.460502546e-05
8338 7.460278873e-05
8339 7.460055234e-05
8340 7.459831628e-05
8341 7.459608055e-05
8342 7.459384516e-05
8343 7.459161011e-05
8344 7.458937539e-05
8345 7.4587141e-05
8346 7.458490695e-05
8347 7.458267324e-05
8348 7.458043985e-05
8349 7.457820681e-05
8350 7.457597409e-05
8351 7.457374171e-05
8352 7.457150967e-05
8353 7.456927796e-05
8354 7.456704658e-05
8355 7.456481554e-05
8356 7.456258483e-05
8357 7.456035445e-05
8358 7.455812441e-05
8359 7.45558947e-05
8360 7.455366532e-05
8361 7.455143628e-05
8362 7.454920757e-05
8363 7.45469792e-05
8364 7.454475115e-05
8365 7.454252344e-05
8366 7.454029607e-05
8367 7.453806902e-05
8368 7.453584231e-05
8369 7.453361593e-05
8370 7.453138988e-05
8371 7.452916417e-05
8372 7.452693879e-05
8373 7.452471374e-05
8374 7.452248902e-05
8375 7.452026463e-05
8376 7.451804058e-05
8377 7.451581686e-05
8378 7.451359347e-05
8379 7.451137041e-05
8380 7.450914768e-05
8381 7.450692528e-05
8382 7.450470322e-05
8383 7.450248149e-05
8384 7.450026009e-05
8385 7.449803901e-05
8386 7.449581828e-05
8387 7.449359787e-05
8388 7.449137779e-05
8389 7.448915804e-05
8390 7.448693863e-05
8391 7.448471954e-05
8392 7.448250078e-05
8393 7.448028236e-05
8394 7.447806427e-05
8395 7.44758465e-05
8396 7.447362907e-05
8397 7.447141196e-05
8398 7.446919519e-05
8399 7.446697875e-05
8400 7.446476263e-05
8401 7.446254685e-05
8402 7.446033139e-05
8403 7.445811627e-05
8404 7.445590147e-05
8405 7.4453687e-05
8406 7.445147287e-05
8407 7.444925906e-05
8408 7.444704558e-05
8409 7.444483243e-05
8410 7.444261961e-05
8411 7.444040712e-05
8412 7.443819495e-05
8413 7.443598312e-05
8414 7.443377161e-05
8415 7.443156043e-05
8416 7.442934958e-05
8417 7.442713906e-05
8418 7.442492887e-05
8419 7.442271901e-05
8420 7.442050947e-05
8421 7.441830026e-05
8422 7.441609138e-05
8423 7.441388283e-05
8424 7.44116746e-05
8425 7.44094667e-05
8426 7.440725913e-05
8427 7.440505189e-05
8428 7.440284498e-05
8429 7.440063839e-05
8430 7.439843213e-05
8431 7.439622619e-05
8432 7.439402058e-05
8433 7.43918153e-05
8434 7.438961035e-05
8435 7.438740573e-05
8436 7.438520143e-05
8437 7.438299745e-05
8438 7.43807938e-05
8439 7.437859048e-05
8440 7.437638749e-05
8441 7.437418482e-05
8442 7.437198248e-05
8443 7.436978046e-05
8444 7.436757877e-05
8445 7.436537741e-05
8446 7.436317637e-05
8447 7.436097566e-05
8448 7.435877527e-05
8449 7.435657521e-05
8450 7.435437548e-05
8451 7.435217607e-05
8452 7.434997698e-05
8453 7.434777822e-05
8454 7.434557978e-05
8455 7.434338167e-05
8456 7.434118389e-05
8457 7.433898643e-05
8458 7.433678929e-05
8459 7.433459248e-05
8460 7.4332396e-05
8461 7.433019983e-05
8462 7.4328004e-05
8463 7.432580848e-05
8464 7.432361329e-05
8465 7.432141843e-05
8466 7.431922389e-05
8467 7.431702967e-05
8468 7.431483578e-05
8469 7.431264221e-05
8470 7.431044896e-05
8471 7.430825604e-05
8472 7.430606344e-05
8473 7.430387117e-05
8474 7.430167922e-05
8475 7.429948759e-05
8476 7.429729628e-05
8477 7.42951053e-05
8478 7.429291464e-05
8479 7.429072431e-05
8480 7.428853429e-05
8481 7.42863446e-05
8482 7.428415523e-05
8483 7.428196619e-05
8484 7.427977747e-05
8485 7.427758907e-05
8486 7.427540099e-05
8487 7.427321323e-05
8488 7.42710258e-05
8489 7.426883869e-05
8490 7.42666519e-05
8491 7.426446543e-05
8492 7.426227928e-05
8493 7.426009346e-05
8494 7.425790796e-05
8495 7.425572278e-05
8496 7.425353792e-05
8497 7.425135338e-05
8498 7.424916916e-05
8499 7.424698527e-05
8500 7.424480169e-05
8501 7.424261844e-05
8502 7.424043551e-05
8503 7.42382529e-05
8504 7.423607061e-05
8505 7.423388864e-05
8506 7.423170699e-05
8507 7.422952566e-05
8508 7.422734465e-05
8509 7.422516396e-05
8510 7.422298359e-05
8511 7.422080355e-05
8512 7.421862382e-05
8513 7.421644441e-05
8514 7.421426532e-05
8515 7.421208656e-05
8516 7.420990811e-05
8517 7.420772998e-05
8518 7.420555217e-05
8519 7.420337468e-05
8520 7.420119752e-05
8521 7.419902067e-05
8522 7.419684413e-05
8523 7.419466792e-05
8524 7.419249203e-05
8525 7.419031646e-05
8526 7.41881412e-05
8527 7.418596627e-05
8528 7.418379165e-05
8529 7.418161735e-05
8530 7.417944337e-05
8531 7.417726971e-05
8532 7.417509637e-05
8533 7.417292334e-05
8534 7.417075064e-05
8535 7.416857825e-05
8536 7.416640618e-05
8537 7.416423443e-05
8538 7.4162063e-05
8539 7.415989188e-05
8540 7.415772108e-05
8541 7.41555506e-05
8542 7.415338044e-05
8543 7.415121059e-05
8544 7.414904106e-05
8545 7.414687185e-05
8546 7.414470296e-05
8547 7.414253438e-05
8548 7.414036613e-05
8549 7.413819818e-05
8550 7.413603056e-05
8551 7.413386325e-05
8552 7.413169626e-05
8553 7.412952958e-05
8554 7.412736323e-05
8555 7.412519718e-05
8556 7.412303146e-05
8557 7.412086605e-05
8558 7.411870096e-05
8559 7.411653618e-05
8560 7.411437172e-05
8561 7.411220758e-05
8562 7.411004375e-05
8563 7.410788023e-05
8564 7.410571704e-05
8565 7.410355416e-05
8566 7.410139159e-05
8567 7.409922934e-05
8568 7.409706741e-05
8569 7.409490579e-05
8570 7.409274448e-05
8571 7.409058349e-05
8572 7.408842282e-05
8573 7.408626246e-05
8574 7.408410242e-05
8575 7.408194269e-05
8576 7.407978327e-05
8577 7.407762417e-05
8578 7.407546539e-05
8579 7.407330692e-05
8580 7.407114876e-05
8581 7.406899092e-05
8582 7.406683339e-05
8583 7.406467618e-05
8584 7.406251928e-05
8585 7.40603627e-05
8586 7.405820643e-05
8587 7.405605047e-05
8588 7.405389483e-05
8589 7.40517395e-05
8590 7.404958448e-05
8591 7.404742978e-05
8592 7.404527539e-05
8593 7.404312131e-05
8594 7.404096755e-05
8595 7.40388141e-05
8596 7.403666097e-05
8597 7.403450814e-05
8598 7.403235563e-05
8599 7.403020344e-05
8600 7.402805155e-05
8601 7.402589998e-05
8602 7.402374872e-05
8603 7.402159777e-05
8604 7.401944714e-05
8605 7.401729682e-05
8606 7.401514681e-05
8607 7.401299711e-05
8608 7.401084773e-05
8609 7.400869865e-05
8610 7.400654989e-05
8611 7.400440144e-05
8612 7.400225331e-05
8613 7.400010548e-05
8614 7.399795797e-05
8615 7.399581076e-05
8616 7.399366387e-05
8617 7.399151729e-05
8618 7.398937103e-05
8619 7.398722507e-05
8620 7.398507942e-05
8621 7.398293409e-05
8622 7.398078907e-05
8623 7.397864435e-05
8624 7.397649995e-05
8625 7.397435586e-05
8626 7.397221208e-05
8627 7.397006861e-05
8628 7.396792545e-05
8629 7.39657826e-05
8630 7.396364006e-05
8631 7.396149784e-05
8632 7.395935592e-05
8633 7.395721431e-05
8634 7.395507301e-05
8635 7.395293202e-05
8636 7.395079135e-05
8637 7.394865098e-05
8638 7.394651092e-05
8639 7.394437117e-05
8640 7.394223173e-05
8641 7.39400926e-05
8642 7.393795378e-05
8643 7.393581527e-05
8644 7.393367707e-05
8645 7.393153918e-05
8646 7.392940159e-05
8647 7.392726432e-05
8648 7.392512735e-05
8649 7.392299069e-05
8650 7.392085435e-05
8651 7.391871831e-05
8652 7.391658258e-05
8653 7.391444715e-05
8654 7.391231204e-05
8655 7.391017723e-05
8656 7.390804274e-05
8657 7.390590855e-05
8658 7.390377466e-05
8659 7.390164109e-05
8660 7.389950783e-05
8661 7.389737487e-05
8662 7.389524222e-05
8663 7.389310988e-05
8664 7.389097784e-05
8665 7.388884612e-05
8666 7.38867147e-05
8667 7.388458359e-05
8668 7.388245278e-05
8669 7.388032228e-05
8670 7.387819209e-05
8671 7.387606221e-05
8672 7.387393263e-05
8673 7.387180336e-05
8674 7.38696744e-05
8675 7.386754575e-05
8676 7.38654174e-05
8677 7.386328935e-05
8678 7.386116162e-05
8679 7.385903419e-05
8680 7.385690707e-05
8681 7.385478025e-05
8682 7.385265374e-05
8683 7.385052753e-05
8684 7.384840164e-05
8685 7.384627604e-05
8686 7.384415076e-05
8687 7.384202578e-05
8688 7.38399011e-05
8689 7.383777673e-05
8690 7.383565267e-05
8691 7.383352891e-05
8692 7.383140545e-05
8693 7.382928231e-05
8694 7.382715946e-05
8695 7.382503693e-05
8696 7.382291469e-05
8697 7.382079277e-05
8698 7.381867114e-05
8699 7.381654983e-05
8700 7.381442881e-05
8701 7.381230811e-05
8702 7.38101877e-05
8703 7.38080676e-05
8704 7.380594781e-05
8705 7.380382832e-05
8706 7.380170913e-05
8707 7.379959025e-05
8708 7.379747167e-05
8709 7.37953534e-05
8710 7.379323543e-05
8711 7.379111776e-05
8712 7.37890004e-05
8713 7.378688334e-05
8714 7.378476659e-05
8715 7.378265014e-05
8716 7.378053399e-05
8717 7.377841815e-05
8718 7.377630261e-05
8719 7.377418737e-05
8720 7.377207244e-05
8721 7.376995781e-05
8722 7.376784348e-05
8723 7.376572945e-05
8724 7.376361573e-05
8725 7.376150231e-05
8726 7.375938919e-05
8727 7.375727638e-05
8728 7.375516387e-05
8729 7.375305166e-05
8730 7.375093975e-05
8731 7.374882815e-05
8732 7.374671685e-05
8733 7.374460585e-05
8734 7.374249515e-05
8735 7.374038476e-05
8736 7.373827466e-05
8737 7.373616487e-05
8738 7.373405538e-05
8739 7.373194619e-05
8740 7.372983731e-05
8741 7.372772872e-05
8742 7.372562044e-05
8743 7.372351245e-05
8744 7.372140477e-05
8745 7.371929739e-05
8746 7.371719032e-05
8747 7.371508354e-05
8748 7.371297706e-05
8749 7.371087089e-05
8750 7.370876501e-05
8751 7.370665944e-05
8752 7.370455417e-05
8753 7.370244919e-05
8754 7.370034452e-05
8755 7.369824015e-05
8756 7.369613608e-05
8757 7.369403231e-05
8758 7.369192884e-05
8759 7.368982567e-05
8760 7.36877228e-05
8761 7.368562023e-05
8762 7.368351796e-05
8763 7.368141599e-05
8764 7.367931432e-05
8765 7.367721295e-05
8766 7.367511188e-05
8767 7.36730111e-05
8768 7.367091063e-05
8769 7.366881046e-05
8770 7.366671059e-05
8771 7.366461101e-05
8772 7.366251174e-05
8773 7.366041276e-05
8774 7.365831408e-05
8775 7.365621571e-05
8776 7.365411763e-05
8777 7.365201985e-05
8778 7.364992236e-05
8779 7.364782518e-05
8780 7.36457283e-05
8781 7.364363171e-05
8782 7.364153542e-05
8783 7.363943943e-05
8784 7.363734374e-05
8785 7.363524835e-05
8786 7.363315326e-05
8787 7.363105846e-05
8788 7.362896396e-05
8789 7.362686976e-05
8790 7.362477586e-05
8791 7.362268225e-05
8792 7.362058894e-05
8793 7.361849593e-05
8794 7.361640322e-05
8795 7.36143108e-05
8796 7.361221869e-05
8797 7.361012686e-05
8798 7.360803534e-05
8799 7.360594411e-05
8800 7.360385319e-05
8801 7.360176255e-05
8802 7.359967222e-05
8803 7.359758218e-05
8804 7.359549244e-05
8805 7.359340299e-05
8806 7.359131384e-05
8807 7.358922499e-05
8808 7.358713643e-05
8809 7.358504817e-05
8810 7.358296021e-05
8811 7.358087254e-05
8812 7.357878517e-05
8813 7.35766981e-05
8814 7.357461132e-05
8815 7.357252484e-05
8816 7.357043865e-05
8817 7.356835276e-05
8818 7.356626716e-05
8819 7.356418186e-05
8820 7.356209686e-05
8821 7.356001215e-05
8822 7.355792773e-05
8823 7.355584361e-05
8824 7.355375979e-05
8825 7.355167626e-05
8826 7.354959303e-05
8827 7.354751009e-05
8828 7.354542745e-05
8829 7.35433451e-05
8830 7.354126304e-05
8831 7.353918129e-05
8832 7.353709982e-05
8833 7.353501865e-05
8834 7.353293778e-05
8835 7.353085719e-05
8836 7.352877691e-05
8837 7.352669691e-05
8838 7.352461722e-05
8839 7.352253781e-05
8840 7.35204587e-05
8841 7.351837989e-05
8842 7.351630136e-05
8843 7.351422313e-05
8844 7.35121452e-05
8845 7.351006756e-05
8846 7.350799021e-05
8847 7.350591316e-05
8848 7.350383639e-05
8849 7.350175993e-05
8850 7.349968375e-05
8851 7.349760787e-05
8852 7.349553228e-05
8853 7.349345699e-05
8854 7.349138199e-05
8855 7.348930728e-05
8856 7.348723286e-05
8857 7.348515874e-05
8858 7.348308491e-05
8859 7.348101137e-05
8860 7.347893812e-05
8861 7.347686517e-05
8862 7.347479251e-05
8863 7.347272014e-05
8864 7.347064806e-05
8865 7.346857628e-05
8866 7.346650479e-05
8867 7.346443359e-05
8868 7.346236268e-05
8869 7.346029206e-05
8870 7.345822174e-05
8871 7.345615171e-05
8872 7.345408196e-05
8873 7.345201251e-05
8874 7.344994336e-05
8875 7.344787449e-05
8876 7.344580591e-05
8877 7.344373763e-05
8878 7.344166964e-05
8879 7.343960194e-05
8880 7.343753452e-05
8881 7.34354674e-05
8882 7.343340058e-05
8883 7.343133404e-05
8884 7.342926779e-05
8885 7.342720183e-05
8886 7.342513617e-05
8887 7.342307079e-05
8888 7.342100571e-05
8889 7.341894091e-05
8890 7.341687641e-05
8891 7.341481219e-05
8892 7.341274827e-05
8893 7.341068463e-05
8894 7.340862129e-05
8895 7.340655824e-05
8896 7.340449547e-05
8897 7.3402433e-05
8898 7.340037081e-05
8899 7.339830892e-05
8900 7.339624731e-05
8901 7.3394186e-05
8902 7.339212497e-05
8903 7.339006423e-05
8904 7.338800378e-05
8905 7.338594363e-05
8906 7.338388376e-05
8907 7.338182418e-05
8908 7.337976488e-05
8909 7.337770588e-05
8910 7.337564717e-05
8911 7.337358874e-05
8912 7.337153061e-05
8913 7.336947276e-05
8914 7.33674152e-05
8915 7.336535793e-05
8916 7.336330095e-05
8917 7.336124425e-05
8918 7.335918785e-05
8919 7.335713173e-05
8920 7.33550759e-05
8921 7.335302036e-05
8922 7.335096511e-05
8923 7.334891014e-05
8924 7.334685546e-05
8925 7.334480107e-05
8926 7.334274697e-05
8927 7.334069316e-05
8928 7.333863963e-05
8929 7.333658639e-05
8930 7.333453344e-05
8931 7.333248077e-05
8932 7.333042839e-05
8933 7.33283763e-05
8934 7.33263245e-05
8935 7.332427298e-05
8936 7.332222175e-05
8937 7.332017081e-05
8938 7.331812016e-05
8939 7.331606979e-05
8940 7.33140197e-05
8941 7.331196991e-05
8942 7.33099204e-05
8943 7.330787118e-05
8944 7.330582224e-05
8945 7.330377359e-05
8946 7.330172523e-05
8947 7.329967715e-05
8948 7.329762936e-05
8949 7.329558185e-05
8950 7.329353463e-05
8951 7.32914877e-05
8952 7.328944105e-05
8953 7.328739469e-05
8954 7.328534861e-05
8955 7.328330282e-05
8956 7.328125731e-05
8957 7.327921209e-05
8958 7.327716716e-05
8959 7.327512251e-05
8960 7.327307815e-05
8961 7.327103407e-05
8962 7.326899027e-05
8963 7.326694676e-05
8964 7.326490354e-05
8965 7.32628606e-05
8966 7.326081795e-05
8967 7.325877558e-05
8968 7.325673349e-05
8969 7.325469169e-05
8970 7.325265018e-05
8971 7.325060895e-05
8972 7.3248568e-05
8973 7.324652734e-05
8974 7.324448696e-05
8975 7.324244686e-05
8976 7.324040705e-05
8977 7.323836753e-05
8978 7.323632828e-05
8979 7.323428933e-05
8980 7.323225065e-05
8981 7.323021226e-05
8982 7.322817415e-05
8983 7.322613633e-05
8984 7.322409879e-05
8985 7.322206153e-05
8986 7.322002456e-05
8987 7.321798787e-05
8988 7.321595146e-05
8989 7.321391534e-05
8990 7.32118795e-05
8991 7.320984394e-05
8992 7.320780867e-05
8993 7.320577367e-05
8994 7.320373897e-05
8995 7.320170454e-05
8996 7.31996704e-05
8997 7.319763653e-05
8998 7.319560296e-05
8999 7.319356966e-05
9000 7.319153665e-05
9001 7.318950392e-05
9002 7.318747147e-05
9003 7.31854393e-05
9004 7.318340742e-05
9005 7.318137581e-05
9006 7.317934449e-05
9007 7.317731345e-05
9008 7.31752827e-05
9009 7.317325222e-05
9010 7.317122203e-05
9011 7.316919212e-05
9012 7.316716248e-05
9013 7.316513314e-05
9014 7.316310407e-05
9015 7.316107528e-05
9016 7.315904678e-05
9017 7.315701855e-05
9018 7.315499061e-05
9019 7.315296295e-05
9020 7.315093557e-05
9021 7.314890847e-05
9022 7.314688165e-05
9023 7.314485511e-05
9024 7.314282885e-05
9025 7.314080288e-05
9026 7.313877718e-05
9027 7.313675176e-05
9028 7.313472663e-05
9029 7.313270177e-05
9030 7.31306772e-05
9031 7.312865291e-05
9032 7.312662889e-05
9033 7.312460516e-05
9034 7.31225817e-05
9035 7.312055853e-05
9036 7.311853563e-05
9037 7.311651302e-05
9038 7.311449068e-05
9039 7.311246863e-05
9040 7.311044685e-05
9041 7.310842536e-05
9042 7.310640414e-05
9043 7.31043832e-05
9044 7.310236254e-05
9045 7.310034216e-05
9046 7.309832206e-05
9047 7.309630224e-05
9048 7.30942827e-05
9049 7.309226344e-05
9050 7.309024446e-05
9051 7.308822575e-05
9052 7.308620732e-05
9053 7.308418918e-05
9054 7.308217131e-05
9055 7.308015372e-05
9056 7.30781364e-05
9057 7.307611937e-05
9058 7.307410262e-05
9059 7.307208614e-05
9060 7.307006994e-05
9061 7.306805402e-05
9062 7.306603838e-05
9063 7.306402301e-05
9064 7.306200793e-05
9065 7.305999312e-05
9066 7.305797859e-05
9067 7.305596433e-05
9068 7.305395036e-05
9069 7.305193666e-05
9070 7.304992324e-05
9071 7.304791009e-05
9072 7.304589723e-05
9073 7.304388464e-05
9074 7.304187233e-05
9075 7.303986029e-05
9076 7.303784854e-05
9077 7.303583706e-05
9078 7.303382585e-05
9079 7.303181493e-05
9080 7.302980428e-05
9081 7.30277939e-05
9082 7.302578381e-05
9083 7.302377399e-05
9084 7.302176445e-05
9085 7.301975518e-05
9086 7.301774619e-05
9087 7.301573748e-05
9088 7.301372904e-05
9089 7.301172088e-05
9090 7.300971299e-05
9091 7.300770538e-05
9092 7.300569805e-05
9093 7.300369099e-05
9094 7.300168421e-05
9095 7.299967771e-05
9096 7.299767148e-05
9097 7.299566552e-05
9098 7.299365984e-05
9099 7.299165444e-05
9100 7.298964931e-05
9101 7.298764446e-05
9102 7.298563989e-05
9103 7.298363558e-05
9104 7.298163156e-05
9105 7.297962781e-05
9106 7.297762433e-05
9107 7.297562113e-05
9108 7.29736182e-05
9109 7.297161555e-05
9110 7.296961317e-05
9111 7.296761107e-05
9112 7.296560924e-05
9113 7.296360769e-05
9114 7.296160641e-05
9115 7.295960541e-05
9116 7.295760468e-05
9117 7.295560422e-05
9118 7.295360404e-05
9119 7.295160414e-05
9120 7.29496045e-05
9121 7.294760514e-05
9122 7.294560606e-05
9123 7.294360725e-05
9124 7.294160871e-05
9125 7.293961045e-05
9126 7.293761246e-05
9127 7.293561474e-05
9128 7.29336173e-05
9129 7.293162013e-05
9130 7.292962324e-05
9131 7.292762661e-05
9132 7.292563026e-05
9133 7.292363419e-05
9134 7.292163839e-05
9135 7.291964286e-05
9136 7.29176476e-05
9137 7.291565262e-05
9138 7.291365791e-05
9139 7.291166347e-05
9140 7.29096693e-05
9141 7.290767541e-05
9142 7.290568179e-05
9143 7.290368844e-05
9144 7.290169537e-05
9145 7.289970257e-05
9146 7.289771003e-05
9147 7.289571778e-05
9148 7.289372579e-05
9149 7.289173408e-05
9150 7.288974264e-05
9151 7.288775147e-05
9152 7.288576057e-05
9153 7.288376994e-05
9154 7.288177959e-05
9155 7.287978951e-05
9156 7.28777997e-05
9157 7.287581016e-05
9158 7.287382089e-05
9159 7.28718319e-05
9160 7.286984317e-05
9161 7.286785472e-05
9162 7.286586654e-05
9163 7.286387863e-05
9164 7.286189099e-05
9165 7.285990362e-05
9166 7.285791652e-05
9167 7.28559297e-05
9168 7.285394314e-05
9169 7.285195685e-05
9170 7.284997084e-05
9171 7.28479851e-05
9172 7.284599963e-05
9173 7.284401442e-05
9174 7.284202949e-05
9175 7.284004483e-05
9176 7.283806044e-05
9177 7.283607632e-05
9178 7.283409247e-05
9179 7.283210889e-05
9180 7.283012558e-05
9181 7.282814254e-05
9182 7.282615977e-05
9183 7.282417727e-05
9184 7.282219504e-05
9185 7.282021308e-05
9186 7.281823138e-05
9187 7.281624996e-05
9188 7.281426881e-05
9189 7.281228793e-05
9190 7.281030732e-05
9191 7.280832697e-05
9192 7.28063469e-05
9193 7.280436709e-05
9194 7.280238756e-05
9195 7.280040829e-05
9196 7.279842929e-05
9197 7.279645056e-05
9198 7.27944721e-05
9199 7.279249391e-05
9200 7.279051599e-05
9201 7.278853833e-05
9202 7.278656095e-05
9203 7.278458383e-05
9204 7.278260698e-05
9205 7.27806304e-05
9206 7.277865409e-05
9207 7.277667805e-05
9208 7.277470228e-05
9209 7.277272677e-05
9210 7.277075153e-05
9211 7.276877656e-05
9212 7.276680186e-05
9213 7.276482742e-05
9214 7.276285326e-05
9215 7.276087936e-05
9216 7.275890572e-05
9217 7.275693236e-05
9218 7.275495927e-05
9219 7.275298644e-05
9220 7.275101388e-05
9221 7.274904158e-05
9222 7.274706956e-05
9223 7.27450978e-05
9224 7.27431263e-05
9225 7.274115508e-05
9226 7.273918412e-05
9227 7.273721343e-05
9228 7.273524301e-05
9229 7.273327285e-05
9230 7.273130296e-05
9231 7.272933334e-05
9232 7.272736398e-05
9233 7.272539489e-05
9234 7.272342606e-05
9235 7.272145751e-05
9236 7.271948922e-05
9237 7.271752119e-05
9238 7.271555343e-05
9239 7.271358594e-05
9240 7.271161872e-05
9241 7.270965176e-05
9242 7.270768506e-05
9243 7.270571863e-05
9244 7.270375247e-05
9245 7.270178658e-05
9246 7.269982095e-05
9247 7.269785558e-05
9248 7.269589048e-05
9249 7.269392565e-05
9250 7.269196108e-05
9251 7.268999678e-05
9252 7.268803274e-05
9253 7.268606897e-05
9254 7.268410546e-05
9255 7.268214222e-05
9256 7.268017925e-05
9257 7.267821653e-05
9258 7.267625409e-05
9259 7.267429191e-05
9260 7.267232999e-05
9261 7.267036834e-05
9262 7.266840695e-05
9263 7.266644583e-05
9264 7.266448497e-05
9265 7.266252438e-05
9266 7.266056405e-05
9267 7.265860399e-05
9268 7.265664419e-05
9269 7.265468465e-05
9270 7.265272538e-05
9271 7.265076637e-05
9272 7.264880763e-05
9273 7.264684915e-05
9274 7.264489093e-05
9275 7.264293298e-05
9276 7.264097529e-05
9277 7.263901787e-05
9278 7.263706071e-05
9279 7.263510381e-05
9280 7.263314718e-05
9281 7.263119081e-05
9282 7.262923471e-05
9283 7.262727886e-05
9284 7.262532328e-05
9285 7.262336797e-05
9286 7.262141292e-05
9287 7.261945813e-05
9288 7.26175036e-05
9289 7.261554934e-05
9290 7.261359533e-05
9291 7.26116416e-05
9292 7.260968812e-05
9293 7.260773491e-05
9294 7.260578196e-05
9295 7.260382927e-05
9296 7.260187685e-05
9297 7.259992469e-05
9298 7.259797279e-05
9299 7.259602115e-05
9300 7.259406978e-05
9301 7.259211866e-05
9302 7.259016781e-05
9303 7.258821722e-05
9304 7.25862669e-05
9305 7.258431683e-05
9306 7.258236703e-05
9307 7.258041749e-05
9308 7.257846821e-05
9309 7.25765192e-05
9310 7.257457044e-05
9311 7.257262195e-05
9312 7.257067371e-05
9313 7.256872574e-05
9314 7.256677803e-05
9315 7.256483059e-05
9316 7.25628834e-05
9317 7.256093647e-05
9318 7.255898981e-05
9319 7.255704341e-05
9320 7.255509726e-05
9321 7.255315138e-05
9322 7.255120576e-05
9323 7.25492604e-05
9324 7.254731531e-05
9325 7.254537047e-05
9326 7.254342589e-05
9327 7.254148157e-05
9328 7.253953752e-05
9329 7.253759372e-05
9330 7.253565019e-05
9331 7.253370691e-05
9332 7.25317639e-05
9333 7.252982114e-05
9334 7.252787865e-05
9335 7.252593641e-05
9336 7.252399444e-05
9337 7.252205273e-05
9338 7.252011127e-05
9339 7.251817008e-05
9340 7.251622914e-05
9341 7.251428847e-05
9342 7.251234805e-05
9343 7.25104079e-05
9344 7.2508468e-05
9345 7.250652836e-05
9346 7.250458899e-05
9347 7.250264987e-05
9348 7.250071101e-05
9349 7.249877241e-05
9350 7.249683407e-05
9351 7.249489599e-05
9352 7.249295817e-05
9353 7.24910206e-05
9354 7.24890833e-05
9355 7.248714625e-05
9356 7.248520947e-05
9357 7.248327294e-05
9358 7.248133667e-05
9359 7.247940066e-05
9360 7.247746491e-05
9361 7.247552941e-05
9362 7.247359418e-05
9363 7.24716592e-05
9364 7.246972448e-05
9365 7.246779002e-05
9366 7.246585582e-05
9367 7.246392188e-05
9368 7.246198819e-05
9369 7.246005476e-05
9370 7.245812159e-05
9371 7.245618868e-05
9372 7.245425602e-05
9373 7.245232363e-05
9374 7.245039149e-05
9375 7.244845961e-05
9376 7.244652798e-05
9377 7.244459662e-05
9378 7.244266551e-05
9379 7.244073465e-05
9380 7.243880406e-05
9381 7.243687372e-05
9382 7.243494364e-05
9383 7.243301382e-05
9384 7.243108425e-05
9385 7.242915494e-05
9386 7.242722589e-05
9387 7.24252971e-05
9388 7.242336856e-05
9389 7.242144028e-05
9390 7.241951225e-05
9391 7.241758448e-05
9392 7.241565697e-05
9393 7.241372972e-05
9394 7.241180272e-05
9395 7.240987597e-05
9396 7.240794949e-05
9397 7.240602326e-05
9398 7.240409728e-05
9399 7.240217157e-05
9400 7.24002461e-05
9401 7.23983209e-05
9402 7.239639595e-05
9403 7.239447126e-05
9404 7.239254682e-05
9405 7.239062264e-05
9406 7.238869871e-05
9407 7.238677504e-05
9408 7.238485162e-05
9409 7.238292846e-05
9410 7.238100556e-05
9411 7.237908291e-05
9412 7.237716052e-05
9413 7.237523838e-05
9414 7.237331649e-05
9415 7.237139487e-05
9416 7.236947349e-05
9417 7.236755238e-05
9418 7.236563151e-05
9419 7.23637109e-05
9420 7.236179055e-05
9421 7.235987045e-05
9422 7.235795061e-05
9423 7.235603102e-05
9424 7.235411169e-05
9425 7.235219261e-05
9426 7.235027378e-05
9427 7.234835521e-05
9428 7.234643689e-05
9429 7.234451883e-05
9430 7.234260102e-05
9431 7.234068347e-05
9432 7.233876617e-05
9433 7.233684912e-05
9434 7.233493233e-05
9435 7.233301579e-05
9436 7.233109951e-05
9437 7.232918348e-05
9438 7.23272677e-05
9439 7.232535218e-05
9440 7.232343691e-05
9441 7.232152189e-05
9442 7.231960713e-05
9443 7.231769262e-05
9444 7.231577837e-05
9445 7.231386437e-05
9446 7.231195062e-05
9447 7.231003712e-05
9448 7.230812388e-05
9449 7.230621089e-05
9450 7.230429815e-05
9451 7.230238567e-05
9452 7.230047344e-05
9453 7.229856146e-05
9454 7.229664974e-05
9455 7.229473827e-05
9456 7.229282705e-05
9457 7.229091608e-05
9458 7.228900537e-05
9459 7.22870949e-05
9460 7.228518469e-05
9461 7.228327474e-05
9462 7.228136503e-05
9463 7.227945558e-05
9464 7.227754638e-05
9465 7.227563743e-05
9466 7.227372874e-05
9467 7.227182029e-05
9468 7.22699121e-05
9469 7.226800416e-05
9470 7.226609647e-05
9471 7.226418904e-05
9472 7.226228185e-05
9473 7.226037492e-05
9474 7.225846824e-05
9475 7.225656181e-05
9476 7.225465563e-05
9477 7.22527497e-05
9478 7.225084402e-05
9479 7.22489386e-05
9480 7.224703343e-05
9481 7.22451285e-05
9482 7.224322383e-05
9483 7.224131941e-05
9484 7.223941524e-05
9485 7.223751132e-05
9486 7.223560766e-05
9487 7.223370424e-05
9488 7.223180107e-05
9489 7.222989816e-05
9490 7.22279955e-05
9491 7.222609308e-05
9492 7.222419092e-05
9493 7.222228901e-05
9494 7.222038734e-05
9495 7.221848593e-05
9496 7.221658477e-05
9497 7.221468386e-05
9498 7.22127832e-05
9499 7.221088278e-05
9500 7.220898262e-05
9501 7.220708271e-05
9502 7.220518305e-05
9503 7.220328364e-05
9504 7.220138448e-05
9505 7.219948556e-05
9506 7.21975869e-05
9507 7.219568849e-05
9508 7.219379033e-05
9509 7.219189241e-05
9510 7.218999475e-05
9511 7.218809733e-05
9512 7.218620017e-05
9513 7.218430325e-05
9514 7.218240658e-05
9515 7.218051017e-05
9516 7.2178614e-05
9517 7.217671808e-05
9518 7.217482241e-05
9519 7.217292699e-05
9520 7.217103181e-05
9521 7.216913689e-05
9522 7.216724221e-05
9523 7.216534779e-05
9524 7.216345361e-05
9525 7.216155968e-05
9526 7.2159666e-05
9527 7.215777256e-05
9528 7.215587938e-05
9529 7.215398644e-05
9530 7.215209376e-05
9531 7.215020132e-05
9532 7.214830913e-05
9533 7.214641718e-05
9534 7.214452549e-05
9535 7.214263404e-05
9536 7.214074284e-05
9537 7.213885189e-05
9538 7.213696119e-05
9539 7.213507073e-05
9540 7.213318052e-05
9541 7.213129056e-05
9542 7.212940085e-05
9543 7.212751138e-05
9544 7.212562216e-05
9545 7.212373319e-05
9546 7.212184447e-05
9547 7.211995599e-05
9548 7.211806777e-05
9549 7.211617978e-05
9550 7.211429205e-05
9551 7.211240456e-05
9552 7.211051732e-05
9553 7.210863033e-05
9554 7.210674358e-05
9555 7.210485708e-05
9556 7.210297083e-05
9557 7.210108482e-05
9558 7.209919906e-05
9559 7.209731355e-05
9560 7.209542828e-05
9561 7.209354326e-05
9562 7.209165849e-05
9563 7.208977396e-05
9564 7.208788968e-05
9565 7.208600564e-05
9566 7.208412185e-05
9567 7.208223831e-05
9568 7.208035501e-05
9569 7.207847196e-05
9570 7.207658916e-05
9571 7.20747066e-05
9572 7.207282429e-05
9573 7.207094222e-05
9574 7.20690604e-05
9575 7.206717882e-05
9576 7.206529749e-05
9577 7.206341641e-05
9578 7.206153557e-05
9579 7.205965497e-05
9580 7.205777463e-05
9581 7.205589452e-05
9582 7.205401466e-05
9583 7.205213505e-05
9584 7.205025568e-05
9585 7.204837656e-05
9586 7.204649768e-05
9587 7.204461905e-05
9588 7.204274066e-05
9589 7.204086252e-05
9590 7.203898462e-05
9591 7.203710697e-05
9592 7.203522956e-05
9593 7.20333524e-05
9594 7.203147548e-05
9595 7.20295988e-05
9596 7.202772237e-05
9597 7.202584619e-05
9598 7.202397024e-05
9599 7.202209455e-05
9600 7.202021909e-05
9601 7.201834389e-05
9602 7.201646892e-05
9603 7.20145942e-05
9604 7.201271972e-05
9605 7.201084549e-05
9606 7.20089715e-05
9607 7.200709775e-05
9608 7.200522425e-05
9609 7.200335099e-05
9610 7.200147798e-05
9611 7.199960521e-05
9612 7.199773268e-05
9613 7.19958604e-05
9614 7.199398836e-05
9615 7.199211656e-05
9616 7.199024501e-05
9617 7.19883737e-05
9618 7.198650263e-05
9619 7.198463181e-05
9620 7.198276123e-05
9621 7.198089089e-05
9622 7.197902079e-05
9623 7.197715094e-05
9624 7.197528133e-05
9625 7.197341197e-05
9626 7.197154284e-05
9627 7.196967396e-05
9628 7.196780532e-05
9629 7.196593693e-05
9630 7.196406877e-05
9631 7.196220086e-05
9632 7.196033319e-05
9633 7.195846577e-05
9634 7.195659858e-05
9635 7.195473164e-05
9636 7.195286494e-05
9637 7.195099848e-05
9638 7.194913227e-05
9639 7.19472663e-05
9640 7.194540056e-05
9641 7.194353508e-05
9642 7.194166983e-05
9643 7.193980482e-05
9644 7.193794006e-05
9645 7.193607554e-05
9646 7.193421125e-05
9647 7.193234721e-05
9648 7.193048342e-05
9649 7.192861986e-05
9650 7.192675655e-05
9651 7.192489347e-05
9652 7.192303064e-05
9653 7.192116805e-05
9654 7.19193057e-05
9655 7.191744359e-05
9656 7.191558172e-05
9657 7.191372009e-05
9658 7.191185871e-05
9659 7.190999756e-05
9660 7.190813666e-05
9661 7.190627599e-05
9662 7.190441557e-05
9663 7.190255539e-05
9664 7.190069545e-05
9665 7.189883575e-05
9666 7.189697629e-05
9667 7.189511707e-05
9668 7.189325809e-05
9669 7.189139935e-05
9670 7.188954085e-05
9671 7.188768259e-05
9672 7.188582457e-05
9673 7.188396679e-05
9674 7.188210925e-05
9675 7.188025195e-05
9676 7.187839489e-05
9677 7.187653807e-05
9678 7.187468149e-05
9679 7.187282516e-05
9680 7.187096906e-05
9681 7.18691132e-05
9682 7.186725757e-05
9683 7.186540219e-05
9684 7.186354705e-05
9685 7.186169215e-05
9686 7.185983749e-05
9687 7.185798306e-05
9688 7.185612888e-05
9689 7.185427493e-05
9690 7.185242123e-05
9691 7.185056776e-05
9692 7.184871453e-05
9693 7.184686155e-05
9694 7.18450088e-05
9695 7.184315628e-05
9696 7.184130401e-05
9697 7.183945198e-05
9698 7.183760018e-05
9699 7.183574863e-05
9700 7.183389731e-05
9701 7.183204623e-05
9702 7.183019539e-05
9703 7.182834479e-05
9704 7.182649442e-05
9705 7.18246443e-05
9706 7.182279441e-05
9707 7.182094476e-05
9708 7.181909535e-05
9709 7.181724618e-05
9710 7.181539724e-05
9711 7.181354855e-05
9712 7.181170009e-05
9713 7.180985187e-05
9714 7.180800389e-05
9715 7.180615614e-05
9716 7.180430863e-05
9717 7.180246136e-05
9718 7.180061433e-05
9719 7.179876754e-05
9720 7.179692098e-05
9721 7.179507466e-05
9722 7.179322858e-05
9723 7.179138273e-05
9724 7.178953712e-05
9725 7.178769175e-05
9726 7.178584662e-05
9727 7.178400172e-05
9728 7.178215706e-05
9729 7.178031264e-05
9730 7.177846845e-05
9731 7.17766245e-05
9732 7.177478079e-05
9733 7.177293732e-05
9734 7.177109408e-05
9735 7.176925108e-05
9736 7.176740831e-05
9737 7.176556578e-05
9738 7.176372349e-05
9739 7.176188144e-05
9740 7.176003962e-05
9741 7.175819803e-05
9742 7.175635669e-05
9743 7.175451558e-05
9744 7.17526747e-05
9745 7.175083406e-05
9746 7.174899366e-05
9747 7.17471535e-05
9748 7.174531357e-05
9749 7.174347387e-05
9750 7.174163441e-05
9751 7.173979519e-05
9752 7.17379562e-05
9753 7.173611745e-05
9754 7.173427894e-05
9755 7.173244066e-05
9756 7.173060261e-05
9757 7.17287648e-05
9758 7.172692723e-05
9759 7.172508989e-05
9760 7.172325279e-05
9761 7.172141592e-05
9762 7.171957929e-05
9763 7.171774289e-05
9764 7.171590673e-05
9765 7.17140708e-05
9766 7.171223511e-05
9767 7.171039965e-05
9768 7.170856443e-05
9769 7.170672944e-05
9770 7.170489469e-05
9771 7.170306017e-05
9772 7.170122589e-05
9773 7.169939184e-05
9774 7.169755803e-05
9775 7.169572445e-05
9776 7.16938911e-05
9777 7.169205799e-05
9778 7.169022511e-05
9779 7.168839247e-05
9780 7.168656006e-05
9781 7.168472789e-05
9782 7.168289595e-05
9783 7.168106424e-05
9784 7.167923277e-05
9785 7.167740153e-05
9786 7.167557053e-05
9787 7.167373976e-05
9788 7.167190922e-05
9789 7.167007892e-05
9790 7.166824885e-05
9791 7.166641901e-05
9792 7.166458941e-05
9793 7.166276004e-05
9794 7.166093091e-05
9795 7.165910201e-05
9796 7.165727334e-05
9797 7.16554449e-05
9798 7.16536167e-05
9799 7.165178873e-05
9800 7.1649961e-05
9801 7.16481335e-05
9802 7.164630623e-05
9803 7.164447919e-05
9804 7.164265239e-05
9805 7.164082582e-05
9806 7.163899948e-05
9807 7.163717338e-05
9808 7.16353475e-05
9809 7.163352187e-05
9810 7.163169646e-05
9811 7.162987128e-05
9812 7.162804634e-05
9813 7.162622163e-05
9814 7.162439716e-05
9815 7.162257291e-05
9816 7.16207489e-05
9817 7.161892512e-05
9818 7.161710157e-05
9819 7.161527826e-05
9820 7.161345517e-05
9821 7.161163232e-05
9822 7.16098097e-05
9823 7.160798731e-05
9824 7.160616516e-05
9825 7.160434324e-05
9826 7.160252154e-05
9827 7.160070008e-05
9828 7.159887885e-05
9829 7.159705786e-05
9830 7.159523709e-05
9831 7.159341656e-05
9832 7.159159625e-05
9833 7.158977618e-05
9834 7.158795634e-05
9835 7.158613673e-05
9836 7.158431736e-05
9837 7.158249821e-05
9838 7.158067929e-05
9839 7.157886061e-05
9840 7.157704216e-05
9841 7.157522394e-05
9842 7.157340594e-05
9843 7.157158818e-05
9844 7.156977065e-05
9845 7.156795336e-05
9846 7.156613629e-05
9847 7.156431945e-05
9848 7.156250284e-05
9849 7.156068647e-05
9850 7.155887032e-05
9851 7.155705441e-05
9852 7.155523872e-05
9853 7.155342327e-05
9854 7.155160804e-05
9855 7.154979305e-05
9856 7.154797828e-05
9857 7.154616375e-05
9858 7.154434945e-05
9859 7.154253537e-05
9860 7.154072153e-05
9861 7.153890791e-05
9862 7.153709453e-05
9863 7.153528138e-05
9864 7.153346845e-05
9865 7.153165576e-05
9866 7.152984329e-05
9867 7.152803106e-05
9868 7.152621905e-05
9869 7.152440727e-05
9870 7.152259573e-05
9871 7.152078441e-05
9872 7.151897332e-05
9873 7.151716246e-05
9874 7.151535183e-05
9875 7.151354143e-05
9876 7.151173126e-05
9877 7.150992132e-05
9878 7.15081116e-05
9879 7.150630212e-05
9880 7.150449286e-05
9881 7.150268384e-05
9882 7.150087504e-05
9883 7.149906647e-05
9884 7.149725813e-05
9885 7.149545002e-05
9886 7.149364213e-05
9887 7.149183448e-05
9888 7.149002705e-05
9889 7.148821986e-05
9890 7.148641289e-05
9891 7.148460615e-05
9892 7.148279963e-05
9893 7.148099335e-05
9894 7.147918729e-05
9895 7.147738146e-05
9896 7.147557586e-05
9897 7.147377049e-05
9898 7.147196535e-05
9899 7.147016043e-05
9900 7.146835574e-05
9901 7.146655128e-05
9902 7.146474705e-05
9903 7.146294305e-05
9904 7.146113927e-05
9905 7.145933572e-05
9906 7.14575324e-05
9907 7.14557293e-05
9908 7.145392644e-05
9909 7.14521238e-05
9910 7.145032139e-05
9911 7.14485192e-05
9912 7.144671724e-05
9913 7.144491551e-05
9914 7.144311401e-05
9915 7.144131273e-05
9916 7.143951168e-05
9917 7.143771086e-05
9918 7.143591027e-05
9919 7.14341099e-05
9920 7.143230976e-05
9921 7.143050984e-05
9922 7.142871016e-05
9923 7.142691069e-05
9924 7.142511146e-05
9925 7.142331245e-05
9926 7.142151367e-05
9927 7.141971512e-05
9928 7.141791679e-05
9929 7.141611869e-05
9930 7.141432081e-05
9931 7.141252316e-05
9932 7.141072574e-05
9933 7.140892854e-05
9934 7.140713157e-05
9935 7.140533482e-05
9936 7.140353831e-05
9937 7.140174201e-05
9938 7.139994595e-05
9939 7.13981501e-05
9940 7.139635449e-05
9941 7.13945591e-05
9942 7.139276394e-05
9943 7.1390969e-05
9944 7.138917429e-05
9945 7.13873798e-05
9946 7.138558554e-05
9947 7.13837915e-05
9948 7.138199769e-05
9949 7.138020411e-05
9950 7.137841075e-05
9951 7.137661761e-05
9952 7.13748247e-05
9953 7.137303202e-05
9954 7.137123956e-05
9955 7.136944732e-05
9956 7.136765532e-05
9957 7.136586353e-05
9958 7.136407197e-05
9959 7.136228064e-05
9960 7.136048953e-05
9961 7.135869864e-05
9962 7.135690798e-05
9963 7.135511755e-05
9964 7.135332734e-05
9965 7.135153735e-05
9966 7.134974759e-05
9967 7.134795805e-05
9968 7.134616874e-05
9969 7.134437965e-05
9970 7.134259079e-05
9971 7.134080215e-05
9972 7.133901373e-05
9973 7.133722554e-05
9974 7.133543757e-05
9975 7.133364983e-05
9976 7.133186231e-05
9977 7.133007501e-05
9978 7.132828794e-05
9979 7.132650109e-05
9980 7.132471447e-05
9981 7.132292807e-05
9982 7.132114189e-05
9983 7.131935594e-05
9984 7.131757021e-05
9985 7.13157847e-05
9986 7.131399942e-05
9987 7.131221436e-05
9988 7.131042953e-05
9989 7.130864491e-05
9990 7.130686052e-05
9991 7.130507636e-05
9992 7.130329242e-05
9993 7.13015087e-05
9994 7.12997252e-05
9995 7.129794193e-05
9996 7.129615888e-05
9997 7.129437605e-05
9998 7.129259345e-05
9999 7.129081106e-05
inf 0.05
