# potencia: beta=2.5 dmax=10000 inf=0.05
# fase: f04
# cenario: sd02 (β = 2,5)
# d = objetos distintos entre dois pedidos ao mesmo objeto
0 0.7081695834
1 0.1251878787
2 0.04542909996
3 0.02213029948
4 0.01266812262
5 0.00803080616
6 0.005462509049
7 0.003912121208
8 0.002914278121
9 0.002239428853
10 0.001764637713
11 0.001419659374
12 0.001162194695
13 0.0009656442976
14 0.0008126604453
15 0.0006915718588
16 0.0005943126385
17 0.0005151764554
18 0.000450042229
19 0.000395878832
20 0.0003504201189
21 0.0003119468233
22 0.0002791371753
23 0.0002509626925
24 0.0002266142667
25 0.0002054489374
26 0.0001869510286
27 0.0001707034078
28 0.0001563659813
29 0.0001436594279
30 0.0001323527699
31 0.0001222537878
32 0.0001132015621
33 0.0001050606242
34 9.771633248e-05
35 9.107119128e-05
36 8.504190091e-05
37 7.955697799e-05
38 7.455482444e-05
39 6.998215166e-05
40 6.579268762e-05
41 6.194611058e-05
42 5.84071655e-05
43 5.514492853e-05
44 5.213219187e-05
45 4.934494738e-05
46 4.676195123e-05
47 4.436435542e-05
48 4.213539498e-05
49 4.006012117e-05
50 3.812517354e-05
51 3.631858421e-05
52 3.462960959e-05
53 3.304858502e-05
54 3.156679906e-05
55 3.01763843e-05
56 2.887022245e-05
57 2.764186143e-05
58 2.648544293e-05
59 2.539563891e-05
60 2.436759579e-05
61 2.339688528e-05
62 2.247946111e-05
63 2.161162059e-05
64 2.078997073e-05
65 2.001139805e-05
66 1.927304177e-05
67 1.857226995e-05
68 1.790665814e-05
69 1.727397033e-05
70 1.667214189e-05
71 1.609926423e-05
72 1.555357111e-05
73 1.50334262e-05
74 1.453731199e-05
75 1.406381966e-05
76 1.361164007e-05
77 1.317955548e-05
78 1.276643214e-05
79 1.23712135e-05
80 1.199291408e-05
81 1.163061389e-05
82 1.128345337e-05
83 1.095062871e-05
84 1.063138768e-05
85 1.03250257e-05
86 1.003088238e-05
87 9.748338228e-06
88 9.476811729e-06
89 9.215756597e-06
90 8.964659293e-06
91 8.723036728e-06
92 8.49043415e-06
93 8.266423203e-06
94 8.050600135e-06
95 7.842584141e-06
96 7.642015844e-06
97 7.448555879e-06
98 7.261883593e-06
99 7.081695834e-06
100 6.907705837e-06
101 6.739642186e-06
102 6.57724785e-06
103 6.420279295e-06
104 6.268505652e-06
105 6.121707943e-06
106 5.979678371e-06
107 5.842219644e-06
108 5.70914436e-06
109 5.580274418e-06
110 5.455440487e-06
111 5.334481493e-06
112 5.217244149e-06
113 5.103582518e-06
114 4.993357592e-06
115 4.886436916e-06
116 4.782694218e-06
117 4.682009075e-06
118 4.584266596e-06
119 4.489357122e-06
120 4.397175947e-06
121 4.307623055e-06
122 4.220602879e-06
123 4.136024061e-06
124 4.05379924e-06
125 3.973844846e-06
126 3.896080908e-06
127 3.820430867e-06
128 3.746821414e-06
129 3.67518232e-06
130 3.60544629e-06
131 3.537548815e-06
132 3.471428039e-06
133 3.407024633e-06
134 3.344281668e-06
135 3.283144507e-06
136 3.223560693e-06
137 3.165479851e-06
138 3.108853584e-06
139 3.05363539e-06
140 2.99978057e-06
141 2.947246146e-06
142 2.895990786e-06
143 2.845974727e-06
144 2.797159708e-06
145 2.749508901e-06
146 2.702986848e-06
147 2.657559403e-06
148 2.613193675e-06
149 2.569857971e-06
150 2.527521748e-06
151 2.486155562e-06
152 2.445731023e-06
153 2.406220748e-06
154 2.367598325e-06
155 2.329838264e-06
156 2.292915966e-06
157 2.256807685e-06
158 2.221490491e-06
159 2.186942239e-06
160 2.153141538e-06
161 2.120067718e-06
162 2.087700804e-06
163 2.056021488e-06
164 2.025011104e-06
165 1.994651598e-06
166 1.964925513e-06
167 1.935815956e-06
168 1.907306584e-06
169 1.87938158e-06
170 1.852025634e-06
171 1.825223922e-06
172 1.798962091e-06
173 1.773226238e-06
174 1.748002896e-06
175 1.723279017e-06
176 1.699041956e-06
177 1.675279459e-06
178 1.651979646e-06
179 1.629130996e-06
180 1.60672234e-06
181 1.584742844e-06
182 1.563181999e-06
183 1.542029606e-06
184 1.521275771e-06
185 1.500910891e-06
186 1.480925643e-06
187 1.461310976e-06
188 1.442058102e-06
189 1.423158487e-06
190 1.40460384e-06
191 1.386386107e-06
192 1.368497464e-06
193 1.350930306e-06
194 1.333677244e-06
195 1.316731093e-06
196 1.30008487e-06
197 1.283731783e-06
198 1.26766523e-06
199 1.251878787e-06
200 1.236366206e-06
201 1.22112141e-06
202 1.206138484e-06
203 1.191411673e-06
204 1.176935376e-06
205 1.162704139e-06
206 1.148712656e-06
207 1.134955757e-06
208 1.12142841e-06
209 1.108125714e-06
210 1.095042894e-06
211 1.0821753e-06
212 1.069518401e-06
213 1.057067781e-06
214 1.04481914e-06
215 1.032768282e-06
216 1.020911121e-06
217 1.009243673e-06
218 9.97762052e-07
219 9.864624705e-07
220 9.753412344e-07
221 9.643947407e-07
222 9.536194752e-07
223 9.430120094e-07
224 9.325689987e-07
225 9.222871793e-07
226 9.121633664e-07
227 9.021944516e-07
228 8.923774012e-07
229 8.827092536e-07
230 8.731871174e-07
231 8.638081697e-07
232 8.54569654e-07
233 8.454688784e-07
234 8.365032136e-07
235 8.276700917e-07
236 8.189670038e-07
237 8.103914993e-07
238 8.019411833e-07
239 7.936137161e-07
240 7.854068107e-07
241 7.773182325e-07
242 7.693457968e-07
243 7.614873683e-07
244 7.537408594e-07
245 7.461042291e-07
246 7.385754815e-07
247 7.311526651e-07
248 7.238338712e-07
249 7.16617233e-07
250 7.095009245e-07
251 7.024831595e-07
252 6.955621905e-07
253 6.887363074e-07
254 6.820038375e-07
255 6.753631433e-07
256 6.688126227e-07
257 6.623507075e-07
258 6.559758625e-07
259 6.496865852e-07
260 6.434814045e-07
261 6.373588802e-07
262 6.31317602e-07
263 6.253561889e-07
264 6.194732887e-07
265 6.136675767e-07
266 6.079377559e-07
267 6.022825554e-07
268 5.967007304e-07
269 5.911910614e-07
270 5.857523535e-07
271 5.803834361e-07
272 5.750831618e-07
273 5.698504064e-07
274 5.646840682e-07
275 5.59583067e-07
276 5.545463444e-07
277 5.495728627e-07
278 5.446616047e-07
279 5.398115729e-07
280 5.350217895e-07
281 5.302912957e-07
282 5.256191512e-07
283 5.210044339e-07
284 5.164462394e-07
285 5.119436808e-07
286 5.074958879e-07
287 5.031020072e-07
288 4.987612016e-07
289 4.944726495e-07
290 4.90235545e-07
291 4.860490972e-07
292 4.819125302e-07
293 4.778250824e-07
294 4.737860065e-07
295 4.697945689e-07
296 4.658500497e-07
297 4.619517421e-07
298 4.580989524e-07
299 4.542909996e-07
300 4.505272149e-07
301 4.468069419e-07
302 4.431295361e-07
303 4.394943643e-07
304 4.35900805e-07
305 4.323482478e-07
306 4.288360931e-07
307 4.253637521e-07
308 4.219306463e-07
309 4.185362076e-07
310 4.151798779e-07
311 4.118611088e-07
312 4.085793616e-07
313 4.053341071e-07
314 4.02124825e-07
315 3.989510045e-07
316 3.958121432e-07
317 3.927077477e-07
318 3.896373328e-07
319 3.866004219e-07
320 3.835965463e-07
321 3.806252456e-07
322 3.776860668e-07
323 3.747785649e-07
324 3.719023024e-07
325 3.690568489e-07
326 3.662417814e-07
327 3.634566841e-07
328 3.60701148e-07
329 3.579747708e-07
330 3.552771571e-07
331 3.526079178e-07
332 3.499666704e-07
333 3.473530386e-07
334 3.447666523e-07
335 3.422071473e-07
336 3.396741656e-07
337 3.371673548e-07
338 3.346863682e-07
339 3.322308649e-07
340 3.298005093e-07
341 3.273949712e-07
342 3.250139257e-07
343 3.226570531e-07
344 3.203240389e-07
345 3.180145734e-07
346 3.157283518e-07
347 3.134650743e-07
348 3.112244456e-07
349 3.090061752e-07
350 3.068099771e-07
351 3.046355696e-07
352 3.024826756e-07
353 3.003510222e-07
354 2.982403407e-07
355 2.961503665e-07
356 2.940808393e-07
357 2.920315024e-07
358 2.900021035e-07
359 2.879923937e-07
360 2.860021281e-07
361 2.840310656e-07
362 2.820789685e-07
363 2.801456029e-07
364 2.782307384e-07
365 2.763341478e-07
366 2.744556077e-07
367 2.725948978e-07
368 2.707518009e-07
369 2.689261034e-07
370 2.671175947e-07
371 2.653260672e-07
372 2.635513165e-07
373 2.617931411e-07
374 2.600513425e-07
375 2.583257251e-07
376 2.566160962e-07
377 2.549222657e-07
378 2.532440466e-07
379 2.515812542e-07
380 2.499337068e-07
381 2.48301225e-07
382 2.466836323e-07
383 2.450807544e-07
384 2.434924198e-07
385 2.419184592e-07
386 2.403587058e-07
387 2.388129951e-07
388 2.372811651e-07
389 2.357630558e-07
390 2.342585096e-07
391 2.327673712e-07
392 2.312894873e-07
393 2.298247069e-07
394 2.283728808e-07
395 2.269338623e-07
396 2.255075063e-07
397 2.240936701e-07
398 2.226922125e-07
399 2.213029948e-07
400 2.199258797e-07
401 2.185607321e-07
402 2.172074185e-07
403 2.158658074e-07
404 2.14535769e-07
405 2.132171753e-07
406 2.119098999e-07
407 2.106138183e-07
408 2.093288075e-07
409 2.080547463e-07
410 2.067915149e-07
411 2.055389953e-07
412 2.04297071e-07
413 2.030656271e-07
414 2.018445501e-07
415 2.00633728e-07
416 1.994330504e-07
417 1.982424083e-07
418 1.970616941e-07
419 1.958908016e-07
420 1.94729626e-07
421 1.93578064e-07
422 1.924360133e-07
423 1.913033732e-07
424 1.901800443e-07
425 1.890659284e-07
426 1.879609286e-07
427 1.868649491e-07
428 1.857778955e-07
429 1.846996747e-07
430 1.836301944e-07
431 1.825693639e-07
432 1.815170934e-07
433 1.804732942e-07
434 1.79437879e-07
435 1.784107612e-07
436 1.773918557e-07
437 1.763810782e-07
438 1.753783456e-07
439 1.743835756e-07
440 1.733966871e-07
441 1.724176002e-07
442 1.714462356e-07
443 1.704825152e-07
444 1.695263619e-07
445 1.685776994e-07
446 1.676364524e-07
447 1.667025467e-07
448 1.657759086e-07
449 1.648564657e-07
450 1.639441463e-07
451 1.630388797e-07
452 1.621405957e-07
453 1.612492255e-07
454 1.603647006e-07
455 1.594869537e-07
456 1.586159181e-07
457 1.577515279e-07
458 1.568937183e-07
459 1.560424248e-07
460 1.551975839e-07
461 1.54359133e-07
462 1.5352701e-07
463 1.527011536e-07
464 1.518815033e-07
465 1.510679993e-07
466 1.502605825e-07
467 1.494591943e-07
468 1.486637771e-07
469 1.478742737e-07
470 1.470906278e-07
471 1.463127836e-07
472 1.45540686e-07
473 1.447742805e-07
474 1.440135133e-07
475 1.432583311e-07
476 1.425086814e-07
477 1.417645122e-07
478 1.41025772e-07
479 1.402924101e-07
480 1.395643761e-07
481 1.388416205e-07
482 1.381240941e-07
483 1.374117483e-07
484 1.367045353e-07
485 1.360024075e-07
486 1.35305318e-07
487 1.346132205e-07
488 1.33926069e-07
489 1.332438182e-07
490 1.325664233e-07
491 1.3189384e-07
492 1.312260243e-07
493 1.305629328e-07
494 1.299045229e-07
495 1.292507519e-07
496 1.28601578e-07
497 1.279569597e-07
498 1.27316856e-07
499 1.266812262e-07
500 1.260500304e-07
501 1.254232288e-07
502 1.24800782e-07
503 1.241826514e-07
504 1.235687986e-07
505 1.229591854e-07
506 1.223537744e-07
507 1.217525284e-07
508 1.211554105e-07
509 1.205623846e-07
510 1.199734145e-07
511 1.193884646e-07
512 1.188074998e-07
513 1.182304852e-07
514 1.176573864e-07
515 1.170881692e-07
516 1.165227999e-07
517 1.159612452e-07
518 1.154034719e-07
519 1.148494475e-07
520 1.142991396e-07
521 1.137525162e-07
522 1.132095456e-07
523 1.126701966e-07
524 1.12134438e-07
525 1.116022394e-07
526 1.110735702e-07
527 1.105484005e-07
528 1.100267005e-07
529 1.095084408e-07
530 1.089935923e-07
531 1.084821262e-07
532 1.07974014e-07
533 1.074692274e-07
534 1.069677386e-07
535 1.064695198e-07
536 1.059745437e-07
537 1.054827832e-07
538 1.049942115e-07
539 1.045088021e-07
540 1.040265287e-07
541 1.035473653e-07
542 1.030712862e-07
543 1.025982658e-07
544 1.021282791e-07
545 1.016613009e-07
546 1.011973066e-07
547 1.007362717e-07
548 1.00278172e-07
549 9.982298346e-08
550 9.937068242e-08
551 9.892124533e-08
552 9.847464892e-08
553 9.803087016e-08
554 9.758988621e-08
555 9.71516745e-08
556 9.671621265e-08
557 9.628347853e-08
558 9.58534502e-08
559 9.542610594e-08
560 9.500142426e-08
561 9.457938387e-08
562 9.415996368e-08
563 9.374314281e-08
564 9.332890059e-08
565 9.291721654e-08
566 9.250807039e-08
567 9.210144206e-08
568 9.169731167e-08
569 9.129565951e-08
570 9.089646608e-08
571 9.049971206e-08
572 9.010537833e-08
573 8.971344593e-08
574 8.932389609e-08
575 8.893671023e-08
576 8.855186993e-08
577 8.816935696e-08
578 8.778915324e-08
579 8.741124089e-08
580 8.703560218e-08
581 8.666221955e-08
582 8.629107562e-08
583 8.592215316e-08
584 8.555543509e-08
585 8.519090451e-08
586 8.482854468e-08
587 8.4468339e-08
588 8.411027104e-08
589 8.375432451e-08
590 8.340048327e-08
591 8.304873136e-08
592 8.269905293e-08
593 8.235143228e-08
594 8.200585389e-08
595 8.166230235e-08
596 8.13207624e-08
597 8.098121892e-08
598 8.064365694e-08
599 8.03080616e-08
600 7.997441821e-08
601 7.964271219e-08
602 7.93129291e-08
603 7.898505463e-08
604 7.865907461e-08
605 7.833497497e-08
606 7.801274181e-08
607 7.769236132e-08
608 7.737381983e-08
609 7.705710379e-08
610 7.674219977e-08
611 7.642909446e-08
612 7.611777468e-08
613 7.580822736e-08
614 7.550043954e-08
615 7.519439839e-08
616 7.489009118e-08
617 7.45875053e-08
618 7.428662825e-08
619 7.398744765e-08
620 7.368995121e-08
621 7.339412677e-08
622 7.309996227e-08
623 7.280744574e-08
624 7.251656534e-08
625 7.222730932e-08
626 7.193966603e-08
627 7.165362394e-08
628 7.13691716e-08
629 7.108629767e-08
630 7.08049909e-08
631 7.052524016e-08
632 7.024703439e-08
633 6.997036263e-08
634 6.969521404e-08
635 6.942157785e-08
636 6.914944338e-08
637 6.887880005e-08
638 6.860963739e-08
639 6.834194498e-08
640 6.807571252e-08
641 6.781092979e-08
642 6.754758665e-08
643 6.728567306e-08
644 6.702517905e-08
645 6.676609475e-08
646 6.650841036e-08
647 6.625211618e-08
648 6.599720257e-08
649 6.574365998e-08
650 6.549147896e-08
651 6.524065012e-08
652 6.499116414e-08
653 6.47430118e-08
654 6.449618395e-08
655 6.425067151e-08
656 6.400646548e-08
657 6.376355693e-08
658 6.352193703e-08
659 6.328159699e-08
660 6.30425281e-08
661 6.280472175e-08
662 6.256816936e-08
663 6.233286245e-08
664 6.20987926e-08
665 6.186595146e-08
666 6.163433075e-08
667 6.140392227e-08
668 6.117471785e-08
669 6.094670944e-08
670 6.0719889e-08
671 6.049424861e-08
672 6.026978037e-08
673 6.004647647e-08
674 5.982432916e-08
675 5.960333074e-08
676 5.938347359e-08
677 5.916475014e-08
678 5.894715288e-08
679 5.873067437e-08
680 5.851530724e-08
681 5.830104414e-08
682 5.808787781e-08
683 5.787580106e-08
684 5.766480672e-08
685 5.74548877e-08
686 5.724603698e-08
687 5.703824756e-08
688 5.683151253e-08
689 5.662582502e-08
690 5.64211782e-08
691 5.621756533e-08
692 5.60149797e-08
693 5.581341464e-08
694 5.561286357e-08
695 5.541331992e-08
696 5.521477721e-08
697 5.501722899e-08
698 5.482066887e-08
699 5.462509049e-08
700 5.443048756e-08
701 5.423685384e-08
702 5.404418312e-08
703 5.385246927e-08
704 5.366170617e-08
705 5.347188778e-08
706 5.328300809e-08
707 5.309506114e-08
708 5.290804101e-08
709 5.272194183e-08
710 5.253675779e-08
711 5.235248311e-08
712 5.216911205e-08
713 5.198663892e-08
714 5.180505808e-08
715 5.162436392e-08
716 5.14445509e-08
717 5.126561348e-08
718 5.10875462e-08
719 5.091034362e-08
720 5.073400036e-08
721 5.055851105e-08
722 5.03838704e-08
723 5.021007313e-08
724 5.003711402e-08
725 4.986498786e-08
726 4.969368952e-08
727 4.952321389e-08
728 4.935355588e-08
729 4.918471046e-08
730 4.901667264e-08
731 4.884943745e-08
732 4.868299998e-08
733 4.851735534e-08
734 4.835249868e-08
735 4.818842518e-08
736 4.802513007e-08
737 4.786260861e-08
738 4.770085609e-08
739 4.753986784e-08
740 4.737963923e-08
741 4.722016565e-08
742 4.706144253e-08
743 4.690346533e-08
744 4.674622957e-08
745 4.658973077e-08
746 4.643396449e-08
747 4.627892633e-08
748 4.612461192e-08
749 4.597101693e-08
750 4.581813705e-08
751 4.566596799e-08
752 4.551450553e-08
753 4.536374544e-08
754 4.521368355e-08
755 4.50643157e-08
756 4.491563776e-08
757 4.476764566e-08
758 4.462033532e-08
759 4.447370272e-08
760 4.432774384e-08
761 4.418245472e-08
762 4.403783141e-08
763 4.389386999e-08
764 4.375056657e-08
765 4.360791729e-08
766 4.346591832e-08
767 4.332456584e-08
768 4.318385609e-08
769 4.30437853e-08
770 4.290434975e-08
771 4.276554575e-08
772 4.262736961e-08
773 4.248981769e-08
774 4.235288638e-08
775 4.221657207e-08
776 4.20808712e-08
777 4.194578022e-08
778 4.181129561e-08
779 4.167741387e-08
780 4.154413154e-08
781 4.141144518e-08
782 4.127935135e-08
783 4.114784666e-08
784 4.101692773e-08
785 4.088659123e-08
786 4.075683381e-08
787 4.062765218e-08
788 4.049904305e-08
789 4.037100317e-08
790 4.02435293e-08
791 4.011661822e-08
792 3.999026676e-08
793 3.986447173e-08
794 3.973923e-08
795 3.961453843e-08
796 3.949039392e-08
797 3.93667934e-08
798 3.92437338e-08
799 3.912121208e-08
800 3.899922522e-08
801 3.887777023e-08
802 3.875684412e-08
803 3.863644394e-08
804 3.851656675e-08
805 3.839720964e-08
806 3.82783697e-08
807 3.816004406e-08
808 3.804222986e-08
809 3.792492427e-08
810 3.780812446e-08
811 3.769182763e-08
812 3.7576031e-08
813 3.746073181e-08
814 3.734592731e-08
815 3.723161478e-08
816 3.711779152e-08
817 3.700445482e-08
818 3.689160203e-08
819 3.677923049e-08
820 3.666733755e-08
821 3.655592062e-08
822 3.644497708e-08
823 3.633450435e-08
824 3.622449986e-08
825 3.611496108e-08
826 3.600588546e-08
827 3.589727049e-08
828 3.578911367e-08
829 3.568141252e-08
830 3.557416458e-08
831 3.54673674e-08
832 3.536101854e-08
833 3.525511558e-08
834 3.514965613e-08
835 3.504463781e-08
836 3.494005823e-08
837 3.483591505e-08
838 3.473220593e-08
839 3.462892855e-08
840 3.452608059e-08
841 3.442365977e-08
842 3.43216638e-08
843 3.422009043e-08
844 3.41189374e-08
845 3.401820248e-08
846 3.391788346e-08
847 3.381797812e-08
848 3.371848427e-08
849 3.361939975e-08
850 3.352072238e-08
851 3.342245002e-08
852 3.332458053e-08
853 3.32271118e-08
854 3.313004171e-08
855 3.303336817e-08
856 3.29370891e-08
857 3.284120243e-08
858 3.274570612e-08
859 3.265059811e-08
860 3.255587638e-08
861 3.246153893e-08
862 3.236758373e-08
863 3.227400881e-08
864 3.218081219e-08
865 3.20879919e-08
866 3.1995546e-08
867 3.190347254e-08
868 3.18117696e-08
869 3.172043525e-08
870 3.162946761e-08
871 3.153886478e-08
872 3.144862487e-08
873 3.135874603e-08
874 3.126922639e-08
875 3.118006412e-08
876 3.109125738e-08
877 3.100280435e-08
878 3.091470323e-08
879 3.08269522e-08
880 3.07395495e-08
881 3.065249333e-08
882 3.056578194e-08
883 3.047941357e-08
884 3.039338649e-08
885 3.030769895e-08
886 3.022234924e-08
887 3.013733565e-08
888 3.005265647e-08
889 2.996831002e-08
890 2.988429462e-08
891 2.98006086e-08
892 2.97172503e-08
893 2.963421807e-08
894 2.955151028e-08
895 2.946912529e-08
896 2.93870615e-08
897 2.930531728e-08
898 2.922389105e-08
899 2.914278121e-08
900 2.906198618e-08
901 2.89815044e-08
902 2.890133431e-08
903 2.882147435e-08
904 2.874192299e-08
905 2.866267869e-08
906 2.858373993e-08
907 2.85051052e-08
908 2.842677299e-08
909 2.834874181e-08
910 2.827101018e-08
911 2.819357661e-08
912 2.811643965e-08
913 2.803959782e-08
914 2.796304968e-08
915 2.788679379e-08
916 2.781082871e-08
917 2.773515303e-08
918 2.765976532e-08
919 2.758466417e-08
920 2.75098482e-08
921 2.7435316e-08
922 2.73610662e-08
923 2.728709742e-08
924 2.721340829e-08
925 2.713999746e-08
926 2.706686358e-08
927 2.69940053e-08
928 2.69214213e-08
929 2.684911024e-08
930 2.67770708e-08
931 2.670530169e-08
932 2.663380159e-08
933 2.65625692e-08
934 2.649160325e-08
935 2.642090245e-08
936 2.635046553e-08
937 2.628029122e-08
938 2.621037827e-08
939 2.614072543e-08
940 2.607133144e-08
941 2.600219509e-08
942 2.593331514e-08
943 2.586469036e-08
944 2.579631955e-08
945 2.57282015e-08
946 2.5660335e-08
947 2.559271887e-08
948 2.552535191e-08
949 2.545823296e-08
950 2.539136082e-08
951 2.532473435e-08
952 2.525835238e-08
953 2.519221376e-08
954 2.512631734e-08
955 2.506066198e-08
956 2.499524655e-08
957 2.493006993e-08
958 2.486513099e-08
959 2.480042863e-08
960 2.473596173e-08
961 2.467172919e-08
962 2.460772992e-08
963 2.454396284e-08
964 2.448042685e-08
965 2.441712089e-08
966 2.435404388e-08
967 2.429119477e-08
968 2.422857248e-08
969 2.416617598e-08
970 2.410400422e-08
971 2.404205615e-08
972 2.398033075e-08
973 2.391882698e-08
974 2.385754382e-08
975 2.379648026e-08
976 2.373563529e-08
977 2.367500789e-08
978 2.361459708e-08
979 2.355440186e-08
980 2.349442123e-08
981 2.343465423e-08
982 2.337509986e-08
983 2.331575716e-08
984 2.325662516e-08
985 2.31977029e-08
986 2.313898943e-08
987 2.30804838e-08
988 2.302218505e-08
989 2.296409226e-08
990 2.290620448e-08
991 2.284852078e-08
992 2.279104025e-08
993 2.273376197e-08
994 2.267668501e-08
995 2.261980847e-08
996 2.256313145e-08
997 2.250665305e-08
998 2.245037237e-08
999 2.239428853e-08
1000 2.233840064e-08
1001 2.228270782e-08
1002 2.222720919e-08
1003 2.217190389e-08
1004 2.211679106e-08
1005 2.206186982e-08
1006 2.200713933e-08
1007 2.195259874e-08
1008 2.189824719e-08
1009 2.184408385e-08
1010 2.179010788e-08
1011 2.173631845e-08
1012 2.168271473e-08
1013 2.162929589e-08
1014 2.157606112e-08
1015 2.152300961e-08
1016 2.147014053e-08
1017 2.141745309e-08
1018 2.136494649e-08
1019 2.131261992e-08
1020 2.12604726e-08
1021 2.120850373e-08
1022 2.115671253e-08
1023 2.110509823e-08
1024 2.105366004e-08
1025 2.100239719e-08
1026 2.095130892e-08
1027 2.090039446e-08
1028 2.084965305e-08
1029 2.079908394e-08
1030 2.074868638e-08
1031 2.069845961e-08
1032 2.064840289e-08
1033 2.05985155e-08
1034 2.054879668e-08
1035 2.04992457e-08
1036 2.044986185e-08
1037 2.040064439e-08
1038 2.035159261e-08
1039 2.030270579e-08
1040 2.025398321e-08
1041 2.020542417e-08
1042 2.015702797e-08
1043 2.010879389e-08
1044 2.006072125e-08
1045 2.001280935e-08
1046 1.99650575e-08
1047 1.991746501e-08
1048 1.98700312e-08
1049 1.982275538e-08
1050 1.97756369e-08
1051 1.972867506e-08
1052 1.968186921e-08
1053 1.963521867e-08
1054 1.958872279e-08
1055 1.95423809e-08
1056 1.949619236e-08
1057 1.94501565e-08
1058 1.940427269e-08
1059 1.935854027e-08
1060 1.931295861e-08
1061 1.926752706e-08
1062 1.922224499e-08
1063 1.917711177e-08
1064 1.913212678e-08
1065 1.908728937e-08
1066 1.904259895e-08
1067 1.899805487e-08
1068 1.895365654e-08
1069 1.890940333e-08
1070 1.886529464e-08
1071 1.882132985e-08
1072 1.877750838e-08
1073 1.873382962e-08
1074 1.869029296e-08
1075 1.864689782e-08
1076 1.860364361e-08
1077 1.856052974e-08
1078 1.851755562e-08
1079 1.847472067e-08
1080 1.843202431e-08
1081 1.838946597e-08
1082 1.834704507e-08
1083 1.830476105e-08
1084 1.826261333e-08
1085 1.822060135e-08
1086 1.817872455e-08
1087 1.813698238e-08
1088 1.809537427e-08
1089 1.805389967e-08
1090 1.801255803e-08
1091 1.797134881e-08
1092 1.793027145e-08
1093 1.788932543e-08
1094 1.784851019e-08
1095 1.78078252e-08
1096 1.776726993e-08
1097 1.772684385e-08
1098 1.768654642e-08
1099 1.764637713e-08
1100 1.760633544e-08
1101 1.756642085e-08
1102 1.752663282e-08
1103 1.748697084e-08
1104 1.744743441e-08
1105 1.740802301e-08
1106 1.736873613e-08
1107 1.732957326e-08
1108 1.729053391e-08
1109 1.725161758e-08
1110 1.721282376e-08
1111 1.717415196e-08
1112 1.713560169e-08
1113 1.709717245e-08
1114 1.705886377e-08
1115 1.702067515e-08
1116 1.69826061e-08
1117 1.694465616e-08
1118 1.690682483e-08
1119 1.686911165e-08
1120 1.683151614e-08
1121 1.679403783e-08
1122 1.675667625e-08
1123 1.671943092e-08
1124 1.66823014e-08
1125 1.664528721e-08
1126 1.660838789e-08
1127 1.657160299e-08
1128 1.653493205e-08
1129 1.649837462e-08
1130 1.646193025e-08
1131 1.642559848e-08
1132 1.638937887e-08
1133 1.635327097e-08
1134 1.631727435e-08
1135 1.628138856e-08
1136 1.624561316e-08
1137 1.620994772e-08
1138 1.617439181e-08
1139 1.613894498e-08
1140 1.610360682e-08
1141 1.606837689e-08
1142 1.603325476e-08
1143 1.599824002e-08
1144 1.596333225e-08
1145 1.592853101e-08
1146 1.58938359e-08
1147 1.58592465e-08
1148 1.582476239e-08
1149 1.579038316e-08
1150 1.575610841e-08
1151 1.572193773e-08
1152 1.56878707e-08
1153 1.565390693e-08
1154 1.562004601e-08
1155 1.558628755e-08
1156 1.555263114e-08
1157 1.551907639e-08
1158 1.548562291e-08
1159 1.54522703e-08
1160 1.541901817e-08
1161 1.538586613e-08
1162 1.535281379e-08
1163 1.531986078e-08
1164 1.52870067e-08
1165 1.525425118e-08
1166 1.522159384e-08
1167 1.518903429e-08
1168 1.515657216e-08
1169 1.512420708e-08
1170 1.509193867e-08
1171 1.505976657e-08
1172 1.50276904e-08
1173 1.49957098e-08
1174 1.496382439e-08
1175 1.493203383e-08
1176 1.490033773e-08
1177 1.486873575e-08
1178 1.483722753e-08
1179 1.48058127e-08
1180 1.477449092e-08
1181 1.474326182e-08
1182 1.471212506e-08
1183 1.468108028e-08
1184 1.465012714e-08
1185 1.461926528e-08
1186 1.458849437e-08
1187 1.455781405e-08
1188 1.452722399e-08
1189 1.449672385e-08
1190 1.446631327e-08
1191 1.443599194e-08
1192 1.440575951e-08
1193 1.437561564e-08
1194 1.434556e-08
1195 1.431559226e-08
1196 1.42857121e-08
1197 1.425591917e-08
1198 1.422621316e-08
1199 1.419659374e-08
1200 1.416706058e-08
1201 1.413761336e-08
1202 1.410825176e-08
1203 1.407897547e-08
1204 1.404978415e-08
1205 1.40206775e-08
1206 1.39916552e-08
1207 1.396271694e-08
1208 1.393386239e-08
1209 1.390509126e-08
1210 1.387640324e-08
1211 1.3847798e-08
1212 1.381927525e-08
1213 1.379083469e-08
1214 1.3762476e-08
1215 1.373419888e-08
1216 1.370600304e-08
1217 1.367788817e-08
1218 1.364985398e-08
1219 1.362190016e-08
1220 1.359402642e-08
1221 1.356623246e-08
1222 1.3538518e-08
1223 1.351088274e-08
1224 1.348332639e-08
1225 1.345584866e-08
1226 1.342844926e-08
1227 1.340112791e-08
1228 1.337388432e-08
1229 1.33467182e-08
1230 1.331962927e-08
1231 1.329261725e-08
1232 1.326568187e-08
1233 1.323882283e-08
1234 1.321203987e-08
1235 1.31853327e-08
1236 1.315870105e-08
1237 1.313214465e-08
1238 1.310566322e-08
1239 1.307925649e-08
1240 1.305292419e-08
1241 1.302666605e-08
1242 1.300048181e-08
1243 1.297437118e-08
1244 1.294833392e-08
1245 1.292236976e-08
1246 1.289647842e-08
1247 1.287065965e-08
1248 1.284491319e-08
1249 1.281923877e-08
1250 1.279363615e-08
1251 1.276810505e-08
1252 1.274264523e-08
1253 1.271725642e-08
1254 1.269193838e-08
1255 1.266669085e-08
1256 1.264151357e-08
1257 1.26164063e-08
1258 1.259136879e-08
1259 1.256640078e-08
1260 1.254150204e-08
1261 1.25166723e-08
1262 1.249191133e-08
1263 1.246721889e-08
1264 1.244259472e-08
1265 1.241803859e-08
1266 1.239355026e-08
1267 1.236912947e-08
1268 1.234477601e-08
1269 1.232048962e-08
1270 1.229627006e-08
1271 1.227211711e-08
1272 1.224803053e-08
1273 1.222401008e-08
1274 1.220005553e-08
1275 1.217616665e-08
1276 1.21523432e-08
1277 1.212858496e-08
1278 1.21048917e-08
1279 1.208126318e-08
1280 1.205769919e-08
1281 1.203419949e-08
1282 1.201076386e-08
1283 1.198739207e-08
1284 1.196408391e-08
1285 1.194083914e-08
1286 1.191765756e-08
1287 1.189453892e-08
1288 1.187148303e-08
1289 1.184848965e-08
1290 1.182555858e-08
1291 1.180268959e-08
1292 1.177988246e-08
1293 1.175713699e-08
1294 1.173445296e-08
1295 1.171183015e-08
1296 1.168926836e-08
1297 1.166676737e-08
1298 1.164432697e-08
1299 1.162194695e-08
1300 1.15996271e-08
1301 1.157736722e-08
1302 1.15551671e-08
1303 1.153302653e-08
1304 1.15109453e-08
1305 1.148892322e-08
1306 1.146696008e-08
1307 1.144505567e-08
1308 1.14232098e-08
1309 1.140142226e-08
1310 1.137969285e-08
1311 1.135802138e-08
1312 1.133640764e-08
1313 1.131485144e-08
1314 1.129335259e-08
1315 1.127191088e-08
1316 1.125052611e-08
1317 1.122919811e-08
1318 1.120792666e-08
1319 1.118671159e-08
1320 1.116555269e-08
1321 1.114444978e-08
1322 1.112340267e-08
1323 1.110241116e-08
1324 1.108147507e-08
1325 1.106059421e-08
1326 1.103976839e-08
1327 1.101899743e-08
1328 1.099828114e-08
1329 1.097761934e-08
1330 1.095701183e-08
1331 1.093645845e-08
1332 1.0915959e-08
1333 1.089551331e-08
1334 1.087512119e-08
1335 1.085478246e-08
1336 1.083449694e-08
1337 1.081426446e-08
1338 1.079408483e-08
1339 1.077395788e-08
1340 1.075388344e-08
1341 1.073386132e-08
1342 1.071389135e-08
1343 1.069397335e-08
1344 1.067410716e-08
1345 1.06542926e-08
1346 1.06345295e-08
1347 1.061481768e-08
1348 1.059515697e-08
1349 1.057554721e-08
1350 1.055598822e-08
1351 1.053647984e-08
1352 1.051702189e-08
1353 1.049761422e-08
1354 1.047825664e-08
1355 1.045894901e-08
1356 1.043969114e-08
1357 1.042048288e-08
1358 1.040132407e-08
1359 1.038221453e-08
1360 1.036315411e-08
1361 1.034414264e-08
1362 1.032517996e-08
1363 1.030626591e-08
1364 1.028740034e-08
1365 1.026858308e-08
1366 1.024981397e-08
1367 1.023109285e-08
1368 1.021241957e-08
1369 1.019379397e-08
1370 1.017521589e-08
1371 1.015668518e-08
1372 1.013820168e-08
1373 1.011976524e-08
1374 1.01013757e-08
1375 1.008303291e-08
1376 1.006473672e-08
1377 1.004648697e-08
1378 1.002828352e-08
1379 1.001012622e-08
1380 9.9920149e-09
1381 9.973949428e-09
1382 9.95592965e-09
1383 9.937955417e-09
1384 9.920026582e-09
1385 9.902142998e-09
1386 9.884304517e-09
1387 9.866510994e-09
1388 9.848762282e-09
1389 9.831058237e-09
1390 9.813398715e-09
1391 9.795783572e-09
1392 9.778212663e-09
1393 9.760685848e-09
1394 9.743202982e-09
1395 9.725763926e-09
1396 9.708368537e-09
1397 9.691016676e-09
1398 9.673708202e-09
1399 9.656442976e-09
1400 9.63922086e-09
1401 9.622041714e-09
1402 9.604905401e-09
1403 9.587811785e-09
1404 9.570760727e-09
1405 9.553752092e-09
1406 9.536785746e-09
1407 9.519861551e-09
1408 9.502979374e-09
1409 9.486139081e-09
1410 9.469340539e-09
1411 9.452583613e-09
1412 9.435868173e-09
1413 9.419194086e-09
1414 9.40256122e-09
1415 9.385969444e-09
1416 9.369418629e-09
1417 9.352908644e-09
1418 9.336439359e-09
1419 9.320010647e-09
1420 9.303622378e-09
1421 9.287274424e-09
1422 9.270966659e-09
1423 9.254698954e-09
1424 9.238471185e-09
1425 9.222283224e-09
1426 9.206134947e-09
1427 9.190026227e-09
1428 9.173956942e-09
1429 9.157926967e-09
1430 9.141936177e-09
1431 9.125984451e-09
1432 9.110071666e-09
1433 9.094197699e-09
1434 9.078362428e-09
1435 9.062565733e-09
1436 9.046807494e-09
1437 9.031087588e-09
1438 9.015405897e-09
1439 8.999762302e-09
1440 8.984156683e-09
1441 8.968588922e-09
1442 8.953058901e-09
1443 8.937566503e-09
1444 8.92211161e-09
1445 8.906694106e-09
1446 8.891313874e-09
1447 8.875970799e-09
1448 8.860664765e-09
1449 8.845395658e-09
1450 8.830163363e-09
1451 8.814967765e-09
1452 8.799808753e-09
1453 8.784686211e-09
1454 8.769600028e-09
1455 8.754550091e-09
1456 8.739536289e-09
1457 8.724558509e-09
1458 8.709616641e-09
1459 8.694710574e-09
1460 8.679840198e-09
1461 8.665005403e-09
1462 8.65020608e-09
1463 8.63544212e-09
1464 8.620713414e-09
1465 8.606019854e-09
1466 8.591361332e-09
1467 8.576737741e-09
1468 8.562148975e-09
1469 8.547594925e-09
1470 8.533075487e-09
1471 8.518590555e-09
1472 8.504140022e-09
1473 8.489723785e-09
1474 8.475341739e-09
1475 8.460993778e-09
1476 8.446679801e-09
1477 8.432399703e-09
1478 8.418153381e-09
1479 8.403940732e-09
1480 8.389761655e-09
1481 8.375616047e-09
1482 8.361503807e-09
1483 8.347424834e-09
1484 8.333379027e-09
1485 8.319366286e-09
1486 8.30538651e-09
1487 8.2914396e-09
1488 8.277525456e-09
1489 8.263643981e-09
1490 8.249795075e-09
1491 8.23597864e-09
1492 8.222194578e-09
1493 8.208442791e-09
1494 8.194723184e-09
1495 8.181035658e-09
1496 8.167380118e-09
1497 8.153756468e-09
1498 8.140164611e-09
1499 8.126604453e-09
1500 8.113075898e-09
1501 8.099578852e-09
1502 8.08611322e-09
1503 8.07267891e-09
1504 8.059275826e-09
1505 8.045903876e-09
1506 8.032562967e-09
1507 8.019253006e-09
1508 8.005973901e-09
1509 7.99272556e-09
1510 7.979507892e-09
1511 7.966320805e-09
1512 7.953164208e-09
1513 7.940038011e-09
1514 7.926942124e-09
1515 7.913876456e-09
1516 7.900840918e-09
1517 7.887835421e-09
1518 7.874859876e-09
1519 7.861914194e-09
1520 7.848998287e-09
1521 7.836112066e-09
1522 7.823255445e-09
1523 7.810428336e-09
1524 7.797630651e-09
1525 7.784862305e-09
1526 7.77212321e-09
1527 7.759413281e-09
1528 7.746732431e-09
1529 7.734080576e-09
1530 7.72145763e-09
1531 7.708863508e-09
1532 7.696298126e-09
1533 7.683761399e-09
1534 7.671253243e-09
1535 7.658773575e-09
1536 7.646322312e-09
1537 7.63389937e-09
1538 7.621504666e-09
1539 7.609138118e-09
1540 7.596799645e-09
1541 7.584489163e-09
1542 7.572206592e-09
1543 7.55995185e-09
1544 7.547724855e-09
1545 7.535525529e-09
1546 7.523353789e-09
1547 7.511209556e-09
1548 7.499092749e-09
1549 7.48700329e-09
1550 7.4749411e-09
1551 7.462906098e-09
1552 7.450898206e-09
1553 7.438917346e-09
1554 7.426963439e-09
1555 7.415036408e-09
1556 7.403136176e-09
1557 7.391262663e-09
1558 7.379415795e-09
1559 7.367595493e-09
1560 7.355801681e-09
1561 7.344034283e-09
1562 7.332293223e-09
1563 7.320578426e-09
1564 7.308889815e-09
1565 7.297227315e-09
1566 7.285590852e-09
1567 7.273980351e-09
1568 7.262395737e-09
1569 7.250836936e-09
1570 7.239303875e-09
1571 7.227796479e-09
1572 7.216314676e-09
1573 7.204858392e-09
1574 7.193427554e-09
1575 7.18202209e-09
1576 7.170641927e-09
1577 7.159286993e-09
1578 7.147957216e-09
1579 7.136652526e-09
1580 7.125372849e-09
1581 7.114118116e-09
1582 7.102888255e-09
1583 7.091683196e-09
1584 7.080502868e-09
1585 7.069347201e-09
1586 7.058216126e-09
1587 7.047109572e-09
1588 7.036027471e-09
1589 7.024969752e-09
1590 7.013936348e-09
1591 7.002927189e-09
1592 6.991942207e-09
1593 6.980981334e-09
1594 6.970044502e-09
1595 6.959131642e-09
1596 6.948242688e-09
1597 6.937377573e-09
1598 6.926536228e-09
1599 6.915718588e-09
1600 6.904924585e-09
1601 6.894154154e-09
1602 6.883407228e-09
1603 6.872683742e-09
1604 6.861983629e-09
1605 6.851306824e-09
1606 6.840653262e-09
1607 6.830022878e-09
1608 6.819415607e-09
1609 6.808831385e-09
1610 6.798270146e-09
1611 6.787731828e-09
1612 6.777216366e-09
1613 6.766723697e-09
1614 6.756253756e-09
1615 6.745806482e-09
1616 6.735381809e-09
1617 6.724979677e-09
1618 6.714600022e-09
1619 6.704242782e-09
1620 6.693907894e-09
1621 6.683595297e-09
1622 6.673304928e-09
1623 6.663036727e-09
1624 6.652790632e-09
1625 6.642566582e-09
1626 6.632364516e-09
1627 6.622184372e-09
1628 6.612026091e-09
1629 6.601889613e-09
1630 6.591774876e-09
1631 6.581681822e-09
1632 6.57161039e-09
1633 6.561560521e-09
1634 6.551532156e-09
1635 6.541525235e-09
1636 6.5315397e-09
1637 6.521575491e-09
1638 6.511632551e-09
1639 6.501710821e-09
1640 6.491810243e-09
1641 6.481930758e-09
1642 6.47207231e-09
1643 6.46223484e-09
1644 6.452418292e-09
1645 6.442622608e-09
1646 6.43284773e-09
1647 6.423093604e-09
1648 6.41336017e-09
1649 6.403647374e-09
1650 6.39395516e-09
1651 6.38428347e-09
1652 6.374632249e-09
1653 6.365001442e-09
1654 6.355390993e-09
1655 6.345800847e-09
1656 6.336230948e-09
1657 6.326681242e-09
1658 6.317151674e-09
1659 6.307642189e-09
1660 6.298152733e-09
1661 6.288683253e-09
1662 6.279233692e-09
1663 6.269803999e-09
1664 6.260394119e-09
1665 6.251003999e-09
1666 6.241633585e-09
1667 6.232282825e-09
1668 6.222951665e-09
1669 6.213640052e-09
1670 6.204347935e-09
1671 6.195075259e-09
1672 6.185821974e-09
1673 6.176588028e-09
1674 6.167373367e-09
1675 6.158177941e-09
1676 6.149001697e-09
1677 6.139844585e-09
1678 6.130706553e-09
1679 6.12158755e-09
1680 6.112487526e-09
1681 6.103406428e-09
1682 6.094344208e-09
1683 6.085300814e-09
1684 6.076276196e-09
1685 6.067270304e-09
1686 6.058283088e-09
1687 6.049314499e-09
1688 6.040364486e-09
1689 6.031433001e-09
1690 6.022519993e-09
1691 6.013625415e-09
1692 6.004749216e-09
1693 5.995891349e-09
1694 5.987051764e-09
1695 5.978230413e-09
1696 5.969427248e-09
1697 5.96064222e-09
1698 5.951875282e-09
1699 5.943126385e-09
1700 5.934395483e-09
1701 5.925682526e-09
1702 5.916987469e-09
1703 5.908310263e-09
1704 5.899650862e-09
1705 5.891009219e-09
1706 5.882385286e-09
1707 5.873779018e-09
1708 5.865190367e-09
1709 5.856619288e-09
1710 5.848065734e-09
1711 5.839529659e-09
1712 5.831011018e-09
1713 5.822509763e-09
1714 5.814025851e-09
1715 5.805559236e-09
1716 5.797109871e-09
1717 5.788677713e-09
1718 5.780262715e-09
1719 5.771864833e-09
1720 5.763484023e-09
1721 5.75512024e-09
1722 5.746773439e-09
1723 5.738443575e-09
1724 5.730130606e-09
1725 5.721834487e-09
1726 5.713555173e-09
1727 5.705292622e-09
1728 5.697046789e-09
1729 5.688817631e-09
1730 5.680605105e-09
1731 5.672409167e-09
1732 5.664229775e-09
1733 5.656066886e-09
1734 5.647920456e-09
1735 5.639790444e-09
1736 5.631676806e-09
1737 5.623579501e-09
1738 5.615498485e-09
1739 5.607433717e-09
1740 5.599385156e-09
1741 5.591352758e-09
1742 5.583336483e-09
1743 5.575336289e-09
1744 5.567352134e-09
1745 5.559383976e-09
1746 5.551431776e-09
1747 5.543495492e-09
1748 5.535575082e-09
1749 5.527670507e-09
1750 5.519781724e-09
1751 5.511908695e-09
1752 5.504051378e-09
1753 5.496209733e-09
1754 5.48838372e-09
1755 5.480573299e-09
1756 5.47277843e-09
1757 5.464999073e-09
1758 5.457235188e-09
1759 5.449486736e-09
1760 5.441753678e-09
1761 5.434035975e-09
1762 5.426333586e-09
1763 5.418646473e-09
1764 5.410974598e-09
1765 5.403317921e-09
1766 5.395676403e-09
1767 5.388050006e-09
1768 5.380438692e-09
1769 5.372842422e-09
1770 5.365261158e-09
1771 5.357694863e-09
1772 5.350143497e-09
1773 5.342607023e-09
1774 5.335085403e-09
1775 5.327578601e-09
1776 5.320086577e-09
1777 5.312609296e-09
1778 5.305146719e-09
1779 5.297698809e-09
1780 5.29026553e-09
1781 5.282846844e-09
1782 5.275442715e-09
1783 5.268053106e-09
1784 5.26067798e-09
1785 5.253317301e-09
1786 5.245971033e-09
1787 5.238639138e-09
1788 5.231321582e-09
1789 5.224018328e-09
1790 5.21672934e-09
1791 5.209454583e-09
1792 5.20219402e-09
1793 5.194947616e-09
1794 5.187715336e-09
1795 5.180497144e-09
1796 5.173293005e-09
1797 5.166102883e-09
1798 5.158926745e-09
1799 5.151764554e-09
1800 5.144616276e-09
1801 5.137481876e-09
1802 5.13036132e-09
1803 5.123254573e-09
1804 5.116161601e-09
1805 5.109082369e-09
1806 5.102016843e-09
1807 5.09496499e-09
1808 5.087926774e-09
1809 5.080902163e-09
1810 5.073891121e-09
1811 5.066893617e-09
1812 5.059909616e-09
1813 5.052939084e-09
1814 5.045981989e-09
1815 5.039038296e-09
1816 5.032107973e-09
1817 5.025190987e-09
1818 5.018287305e-09
1819 5.011396894e-09
1820 5.00451972e-09
1821 4.997655752e-09
1822 4.990804957e-09
1823 4.983967302e-09
1824 4.977142755e-09
1825 4.970331284e-09
1826 4.963532856e-09
1827 4.95674744e-09
1828 4.949975002e-09
1829 4.943215513e-09
1830 4.936468939e-09
1831 4.929735248e-09
1832 4.92301441e-09
1833 4.916306393e-09
1834 4.909611165e-09
1835 4.902928696e-09
1836 4.896258953e-09
1837 4.889601905e-09
1838 4.882957523e-09
1839 4.876325774e-09
1840 4.869706627e-09
1841 4.863100053e-09
1842 4.85650602e-09
1843 4.849924497e-09
1844 4.843355455e-09
1845 4.836798863e-09
1846 4.83025469e-09
1847 4.823722906e-09
1848 4.817203481e-09
1849 4.810696386e-09
1850 4.804201589e-09
1851 4.797719062e-09
1852 4.791248774e-09
1853 4.784790696e-09
1854 4.778344798e-09
1855 4.77191105e-09
1856 4.765489424e-09
1857 4.75907989e-09
1858 4.752682418e-09
1859 4.74629698e-09
1860 4.739923545e-09
1861 4.733562087e-09
1862 4.727212574e-09
1863 4.720874979e-09
1864 4.714549273e-09
1865 4.708235428e-09
1866 4.701933413e-09
1867 4.695643202e-09
1868 4.689364766e-09
1869 4.683098076e-09
1870 4.676843104e-09
1871 4.670599822e-09
1872 4.664368202e-09
1873 4.658148216e-09
1874 4.651939835e-09
1875 4.645743033e-09
1876 4.639557782e-09
1877 4.633384053e-09
1878 4.627221819e-09
1879 4.621071053e-09
1880 4.614931728e-09
1881 4.608803815e-09
1882 4.602687288e-09
1883 4.596582119e-09
1884 4.590488281e-09
1885 4.584405748e-09
1886 4.578334493e-09
1887 4.572274487e-09
1888 4.566225706e-09
1889 4.560188122e-09
1890 4.554161707e-09
1891 4.548146437e-09
1892 4.542142284e-09
1893 4.536149222e-09
1894 4.530167225e-09
1895 4.524196265e-09
1896 4.518236319e-09
1897 4.512287358e-09
1898 4.506349357e-09
1899 4.50042229e-09
1900 4.494506132e-09
1901 4.488600856e-09
1902 4.482706436e-09
1903 4.476822848e-09
1904 4.470950065e-09
1905 4.465088063e-09
1906 4.459236814e-09
1907 4.453396295e-09
1908 4.44756648e-09
1909 4.441747344e-09
1910 4.435938861e-09
1911 4.430141007e-09
1912 4.424353756e-09
1913 4.418577084e-09
1914 4.412810965e-09
1915 4.407055376e-09
1916 4.401310291e-09
1917 4.395575685e-09
1918 4.389851535e-09
1919 4.384137815e-09
1920 4.378434501e-09
1921 4.372741569e-09
1922 4.367058994e-09
1923 4.361386753e-09
1924 4.355724821e-09
1925 4.350073174e-09
1926 4.344431788e-09
1927 4.33880064e-09
1928 4.333179704e-09
1929 4.327568958e-09
1930 4.321968378e-09
1931 4.316377939e-09
1932 4.310797619e-09
1933 4.305227394e-09
1934 4.299667241e-09
1935 4.294117135e-09
1936 4.288577055e-09
1937 4.283046975e-09
1938 4.277526874e-09
1939 4.272016728e-09
1940 4.266516514e-09
1941 4.261026209e-09
1942 4.25554579e-09
1943 4.250075234e-09
1944 4.244614519e-09
1945 4.239163621e-09
1946 4.233722519e-09
1947 4.228291188e-09
1948 4.222869608e-09
1949 4.217457754e-09
1950 4.212055606e-09
1951 4.20666314e-09
1952 4.201280334e-09
1953 4.195907167e-09
1954 4.190543615e-09
1955 4.185189656e-09
1956 4.17984527e-09
1957 4.174510433e-09
1958 4.169185123e-09
1959 4.16386932e-09
1960 4.158563001e-09
1961 4.153266143e-09
1962 4.147978727e-09
1963 4.142700729e-09
1964 4.137432129e-09
1965 4.132172905e-09
1966 4.126923035e-09
1967 4.121682499e-09
1968 4.116451274e-09
1969 4.11122934e-09
1970 4.106016675e-09
1971 4.100813258e-09
1972 4.095619068e-09
1973 4.090434084e-09
1974 4.085258286e-09
1975 4.080091651e-09
1976 4.07493416e-09
1977 4.069785792e-09
1978 4.064646525e-09
1979 4.059516339e-09
1980 4.054395214e-09
1981 4.049283129e-09
1982 4.044180063e-09
1983 4.039085997e-09
1984 4.034000908e-09
1985 4.028924778e-09
1986 4.023857587e-09
1987 4.018799312e-09
1988 4.013749936e-09
1989 4.008709436e-09
1990 4.003677795e-09
1991 3.99865499e-09
1992 3.993641003e-09
1993 3.988635814e-09
1994 3.983639403e-09
1995 3.978651749e-09
1996 3.973672833e-09
1997 3.968702637e-09
1998 3.963741139e-09
1999 3.95878832e-09
2000 3.953844161e-09
2001 3.948908643e-09
2002 3.943981746e-09
2003 3.93906345e-09
2004 3.934153737e-09
2005 3.929252586e-09
2006 3.92435998e-09
2007 3.919475898e-09
2008 3.914600323e-09
2009 3.909733233e-09
2010 3.904874612e-09
2011 3.900024439e-09
2012 3.895182696e-09
2013 3.890349364e-09
2014 3.885524424e-09
2015 3.880707858e-09
2016 3.875899646e-09
2017 3.871099771e-09
2018 3.866308214e-09
2019 3.861524955e-09
2020 3.856749977e-09
2021 3.851983262e-09
2022 3.84722479e-09
2023 3.842474544e-09
2024 3.837732505e-09
2025 3.832998655e-09
2026 3.828272976e-09
2027 3.82355545e-09
2028 3.818846058e-09
2029 3.814144783e-09
2030 3.809451607e-09
2031 3.804766511e-09
2032 3.800089479e-09
2033 3.795420491e-09
2034 3.79075953e-09
2035 3.78610658e-09
2036 3.78146162e-09
2037 3.776824635e-09
2038 3.772195607e-09
2039 3.767574518e-09
2040 3.76296135e-09
2041 3.758356086e-09
2042 3.753758709e-09
2043 3.749169202e-09
2044 3.744587546e-09
2045 3.740013725e-09
2046 3.735447722e-09
2047 3.730889519e-09
2048 3.726339099e-09
2049 3.721796446e-09
2050 3.717261541e-09
2051 3.712734369e-09
2052 3.708214912e-09
2053 3.703703153e-09
2054 3.699199076e-09
2055 3.694702663e-09
2056 3.690213898e-09
2057 3.685732765e-09
2058 3.681259246e-09
2059 3.676793324e-09
2060 3.672334984e-09
2061 3.667884209e-09
2062 3.663440982e-09
2063 3.659005287e-09
2064 3.654577107e-09
2065 3.650156427e-09
2066 3.645743229e-09
2067 3.641337497e-09
2068 3.636939216e-09
2069 3.632548369e-09
2070 3.628164939e-09
2071 3.623788911e-09
2072 3.619420269e-09
2073 3.615058997e-09
2074 3.610705078e-09
2075 3.606358498e-09
2076 3.602019239e-09
2077 3.597687286e-09
2078 3.593362623e-09
2079 3.589045235e-09
2080 3.584735105e-09
2081 3.580432219e-09
2082 3.57613656e-09
2083 3.571848112e-09
2084 3.567566861e-09
2085 3.563292791e-09
2086 3.559025886e-09
2087 3.554766131e-09
2088 3.55051351e-09
2089 3.546268008e-09
2090 3.54202961e-09
2091 3.5377983e-09
2092 3.533574064e-09
2093 3.529356886e-09
2094 3.52514675e-09
2095 3.520943642e-09
2096 3.516747547e-09
2097 3.51255845e-09
2098 3.508376335e-09
2099 3.504201189e-09
2100 3.500032994e-09
2101 3.495871738e-09
2102 3.491717405e-09
2103 3.48756998e-09
2104 3.483429449e-09
2105 3.479295796e-09
2106 3.475169007e-09
2107 3.471049068e-09
2108 3.466935964e-09
2109 3.46282968e-09
2110 3.458730201e-09
2111 3.454637514e-09
2112 3.450551604e-09
2113 3.446472456e-09
2114 3.442400056e-09
2115 3.43833439e-09
2116 3.434275443e-09
2117 3.430223201e-09
2118 3.426177649e-09
2119 3.422138775e-09
2120 3.418106563e-09
2121 3.414080999e-09
2122 3.410062069e-09
2123 3.40604976e-09
2124 3.402044057e-09
2125 3.398044946e-09
2126 3.394052413e-09
2127 3.390066445e-09
2128 3.386087027e-09
2129 3.382114145e-09
2130 3.378147787e-09
2131 3.374187938e-09
2132 3.370234584e-09
2133 3.366287711e-09
2134 3.362347307e-09
2135 3.358413357e-09
2136 3.354485848e-09
2137 3.350564766e-09
2138 3.346650098e-09
2139 3.34274183e-09
2140 3.338839949e-09
2141 3.334944441e-09
2142 3.331055294e-09
2143 3.327172493e-09
2144 3.323296025e-09
2145 3.319425878e-09
2146 3.315562037e-09
2147 3.31170449e-09
2148 3.307853223e-09
2149 3.304008224e-09
2150 3.300169479e-09
2151 3.296336975e-09
2152 3.292510699e-09
2153 3.288690638e-09
2154 3.284876779e-09
2155 3.28106911e-09
2156 3.277267617e-09
2157 3.273472287e-09
2158 3.269683108e-09
2159 3.265900066e-09
2160 3.26212315e-09
2161 3.258352345e-09
2162 3.25458764e-09
2163 3.250829022e-09
2164 3.247076479e-09
2165 3.243329996e-09
2166 3.239589563e-09
2167 3.235855166e-09
2168 3.232126793e-09
2169 3.228404432e-09
2170 3.224688069e-09
2171 3.220977693e-09
2172 3.217273291e-09
2173 3.213574851e-09
2174 3.209882361e-09
2175 3.206195807e-09
2176 3.202515179e-09
2177 3.198840463e-09
2178 3.195171647e-09
2179 3.19150872e-09
2180 3.187851669e-09
2181 3.184200482e-09
2182 3.180555147e-09
2183 3.176915652e-09
2184 3.173281985e-09
2185 3.169654133e-09
2186 3.166032086e-09
2187 3.16241583e-09
2188 3.158805354e-09
2189 3.155200647e-09
2190 3.151601696e-09
2191 3.14800849e-09
2192 3.144421016e-09
2193 3.140839263e-09
2194 3.13726322e-09
2195 3.133692874e-09
2196 3.130128214e-09
2197 3.126569228e-09
2198 3.123015905e-09
2199 3.119468233e-09
2200 3.115926201e-09
2201 3.112389796e-09
2202 3.108859008e-09
2203 3.105333825e-09
2204 3.101814236e-09
2205 3.098300229e-09
2206 3.094791793e-09
2207 3.091288917e-09
2208 3.087791588e-09
2209 3.084299796e-09
2210 3.08081353e-09
2211 3.077332779e-09
2212 3.07385753e-09
2213 3.070387774e-09
2214 3.066923498e-09
2215 3.063464692e-09
2216 3.060011345e-09
2217 3.056563445e-09
2218 3.053120982e-09
2219 3.049683944e-09
2220 3.046252321e-09
2221 3.042826101e-09
2222 3.039405274e-09
2223 3.035989828e-09
2224 3.032579753e-09
2225 3.029175039e-09
2226 3.025775673e-09
2227 3.022381645e-09
2228 3.018992946e-09
2229 3.015609563e-09
2230 3.012231486e-09
2231 3.008858704e-09
2232 3.005491207e-09
2233 3.002128984e-09
2234 2.998772025e-09
2235 2.995420319e-09
2236 2.992073855e-09
2237 2.988732622e-09
2238 2.985396611e-09
2239 2.982065811e-09
2240 2.978740211e-09
2241 2.9754198e-09
2242 2.97210457e-09
2243 2.968794508e-09
2244 2.965489605e-09
2245 2.962189851e-09
2246 2.958895234e-09
2247 2.955605746e-09
2248 2.952321375e-09
2249 2.949042111e-09
2250 2.945767945e-09
2251 2.942498865e-09
2252 2.939234862e-09
2253 2.935975926e-09
2254 2.932722046e-09
2255 2.929473213e-09
2256 2.926229416e-09
2257 2.922990645e-09
2258 2.919756891e-09
2259 2.916528143e-09
2260 2.913304392e-09
2261 2.910085627e-09
2262 2.906871839e-09
2263 2.903663017e-09
2264 2.900459152e-09
2265 2.897260234e-09
2266 2.894066253e-09
2267 2.8908772e-09
2268 2.887693064e-09
2269 2.884513836e-09
2270 2.881339506e-09
2271 2.878170064e-09
2272 2.875005502e-09
2273 2.871845808e-09
2274 2.868690974e-09
2275 2.86554099e-09
2276 2.862395845e-09
2277 2.859255532e-09
2278 2.85612004e-09
2279 2.85298936e-09
2280 2.849863481e-09
2281 2.846742396e-09
2282 2.843626093e-09
2283 2.840514565e-09
2284 2.837407801e-09
2285 2.834305792e-09
2286 2.831208529e-09
2287 2.828116002e-09
2288 2.825028202e-09
2289 2.82194512e-09
2290 2.818866747e-09
2291 2.815793073e-09
2292 2.812724089e-09
2293 2.809659786e-09
2294 2.806600154e-09
2295 2.803545185e-09
2296 2.80049487e-09
2297 2.797449199e-09
2298 2.794408163e-09
2299 2.791371753e-09
2300 2.78833996e-09
2301 2.785312776e-09
2302 2.78229019e-09
2303 2.779272195e-09
2304 2.776258781e-09
2305 2.773249938e-09
2306 2.77024566e-09
2307 2.767245935e-09
2308 2.764250757e-09
2309 2.761260114e-09
2310 2.758274e-09
2311 2.755292405e-09
2312 2.75231532e-09
2313 2.749342736e-09
2314 2.746374646e-09
2315 2.743411039e-09
2316 2.740451907e-09
2317 2.737497242e-09
2318 2.734547035e-09
2319 2.731601278e-09
2320 2.728659961e-09
2321 2.725723076e-09
2322 2.722790615e-09
2323 2.719862568e-09
2324 2.716938928e-09
2325 2.714019686e-09
2326 2.711104833e-09
2327 2.708194361e-09
2328 2.705288262e-09
2329 2.702386526e-09
2330 2.699489146e-09
2331 2.696596113e-09
2332 2.693707419e-09
2333 2.690823056e-09
2334 2.687943014e-09
2335 2.685067286e-09
2336 2.682195864e-09
2337 2.679328739e-09
2338 2.676465902e-09
2339 2.673607346e-09
2340 2.670753063e-09
2341 2.667903044e-09
2342 2.665057281e-09
2343 2.662215766e-09
2344 2.659378491e-09
2345 2.656545447e-09
2346 2.653716626e-09
2347 2.650892021e-09
2348 2.648071624e-09
2349 2.645255425e-09
2350 2.642443418e-09
2351 2.639635594e-09
2352 2.636831945e-09
2353 2.634032463e-09
2354 2.631237141e-09
2355 2.62844597e-09
2356 2.625658942e-09
2357 2.62287605e-09
2358 2.620097286e-09
2359 2.617322641e-09
2360 2.614552108e-09
2361 2.611785679e-09
2362 2.609023346e-09
2363 2.606265102e-09
2364 2.603510939e-09
2365 2.600760848e-09
2366 2.598014823e-09
2367 2.595272855e-09
2368 2.592534937e-09
2369 2.589801061e-09
2370 2.587071219e-09
2371 2.584345404e-09
2372 2.581623608e-09
2373 2.578905824e-09
2374 2.576192043e-09
2375 2.573482259e-09
2376 2.570776463e-09
2377 2.568074649e-09
2378 2.565376809e-09
2379 2.562682934e-09
2380 2.559993018e-09
2381 2.557307054e-09
2382 2.554625033e-09
2383 2.551946949e-09
2384 2.549272793e-09
2385 2.546602559e-09
2386 2.543936238e-09
2387 2.541273825e-09
2388 2.538615311e-09
2389 2.535960689e-09
2390 2.533309951e-09
2391 2.530663091e-09
2392 2.528020101e-09
2393 2.525380974e-09
2394 2.522745703e-09
2395 2.520114279e-09
2396 2.517486697e-09
2397 2.514862949e-09
2398 2.512243027e-09
2399 2.509626925e-09
2400 2.507014635e-09
2401 2.504406151e-09
2402 2.501801465e-09
2403 2.499200569e-09
2404 2.496603458e-09
2405 2.494010123e-09
2406 2.491420558e-09
2407 2.488834756e-09
2408 2.48625271e-09
2409 2.483674412e-09
2410 2.481099856e-09
2411 2.478529034e-09
2412 2.475961941e-09
2413 2.473398568e-09
2414 2.470838909e-09
2415 2.468282957e-09
2416 2.465730705e-09
2417 2.463182147e-09
2418 2.460637274e-09
2419 2.458096081e-09
2420 2.455558561e-09
2421 2.453024707e-09
2422 2.450494511e-09
2423 2.447967968e-09
2424 2.44544507e-09
2425 2.442925811e-09
2426 2.440410184e-09
2427 2.437898182e-09
2428 2.435389798e-09
2429 2.432885026e-09
2430 2.430383859e-09
2431 2.427886291e-09
2432 2.425392315e-09
2433 2.422901923e-09
2434 2.420415111e-09
2435 2.41793187e-09
2436 2.415452194e-09
2437 2.412976077e-09
2438 2.410503512e-09
2439 2.408034493e-09
2440 2.405569013e-09
2441 2.403107066e-09
2442 2.400648645e-09
2443 2.398193743e-09
2444 2.395742354e-09
2445 2.393294472e-09
2446 2.39085009e-09
2447 2.388409202e-09
2448 2.385971801e-09
2449 2.383537881e-09
2450 2.381107436e-09
2451 2.378680459e-09
2452 2.376256944e-09
2453 2.373836884e-09
2454 2.371420273e-09
2455 2.369007105e-09
2456 2.366597374e-09
2457 2.364191073e-09
2458 2.361788195e-09
2459 2.359388736e-09
2460 2.356992688e-09
2461 2.354600045e-09
2462 2.352210801e-09
2463 2.34982495e-09
2464 2.347442485e-09
2465 2.345063401e-09
2466 2.342687691e-09
2467 2.340315349e-09
2468 2.337946369e-09
2469 2.335580745e-09
2470 2.333218471e-09
2471 2.330859541e-09
2472 2.328503947e-09
2473 2.326151686e-09
2474 2.32380275e-09
2475 2.321457133e-09
2476 2.319114829e-09
2477 2.316775833e-09
2478 2.314440138e-09
2479 2.312107739e-09
2480 2.309778629e-09
2481 2.307452802e-09
2482 2.305130253e-09
2483 2.302810975e-09
2484 2.300494963e-09
2485 2.298182211e-09
2486 2.295872712e-09
2487 2.293566462e-09
2488 2.291263453e-09
2489 2.288963681e-09
2490 2.286667138e-09
2491 2.284373821e-09
2492 2.282083722e-09
2493 2.279796836e-09
2494 2.277513157e-09
2495 2.275232679e-09
2496 2.272955397e-09
2497 2.270681305e-09
2498 2.268410397e-09
2499 2.266142667e-09
2500 2.263878109e-09
2501 2.261616719e-09
2502 2.25935849e-09
2503 2.257103416e-09
2504 2.254851492e-09
2505 2.252602713e-09
2506 2.250357072e-09
2507 2.248114563e-09
2508 2.245875183e-09
2509 2.243638924e-09
2510 2.241405781e-09
2511 2.239175748e-09
2512 2.236948821e-09
2513 2.234724993e-09
2514 2.232504258e-09
2515 2.230286612e-09
2516 2.228072049e-09
2517 2.225860564e-09
2518 2.22365215e-09
2519 2.221446802e-09
2520 2.219244515e-09
2521 2.217045284e-09
2522 2.214849103e-09
2523 2.212655966e-09
2524 2.210465868e-09
2525 2.208278804e-09
2526 2.206094768e-09
2527 2.203913755e-09
2528 2.201735759e-09
2529 2.199560776e-09
2530 2.1973888e-09
2531 2.195219825e-09
2532 2.193053846e-09
2533 2.190890857e-09
2534 2.188730855e-09
2535 2.186573832e-09
2536 2.184419785e-09
2537 2.182268707e-09
2538 2.180120593e-09
2539 2.177975439e-09
2540 2.175833238e-09
2541 2.173693986e-09
2542 2.171557678e-09
2543 2.169424308e-09
2544 2.167293871e-09
2545 2.165166361e-09
2546 2.163041775e-09
2547 2.160920106e-09
2548 2.158801349e-09
2549 2.156685499e-09
2550 2.154572552e-09
2551 2.152462502e-09
2552 2.150355343e-09
2553 2.148251072e-09
2554 2.146149682e-09
2555 2.144051168e-09
2556 2.141955527e-09
2557 2.139862752e-09
2558 2.137772838e-09
2559 2.135685781e-09
2560 2.133601575e-09
2561 2.131520216e-09
2562 2.129441698e-09
2563 2.127366016e-09
2564 2.125293166e-09
2565 2.123223143e-09
2566 2.121155941e-09
2567 2.119091556e-09
2568 2.117029982e-09
2569 2.114971216e-09
2570 2.112915251e-09
2571 2.110862083e-09
2572 2.108811707e-09
2573 2.106764118e-09
2574 2.104719312e-09
2575 2.102677283e-09
2576 2.100638027e-09
2577 2.098601538e-09
2578 2.096567813e-09
2579 2.094536845e-09
2580 2.092508631e-09
2581 2.090483166e-09
2582 2.088460444e-09
2583 2.086440461e-09
2584 2.084423212e-09
2585 2.082408693e-09
2586 2.080396898e-09
2587 2.078387824e-09
2588 2.076381464e-09
2589 2.074377816e-09
2590 2.072376872e-09
2591 2.070378631e-09
2592 2.068383085e-09
2593 2.066390231e-09
2594 2.064400064e-09
2595 2.06241258e-09
2596 2.060427774e-09
2597 2.05844564e-09
2598 2.056466175e-09
2599 2.054489374e-09
2600 2.052515233e-09
2601 2.050543746e-09
2602 2.048574909e-09
2603 2.046608718e-09
2604 2.044645167e-09
2605 2.042684253e-09
2606 2.040725971e-09
2607 2.038770316e-09
2608 2.036817284e-09
2609 2.03486687e-09
2610 2.03291907e-09
2611 2.030973879e-09
2612 2.029031293e-09
2613 2.027091307e-09
2614 2.025153917e-09
2615 2.023219119e-09
2616 2.021286907e-09
2617 2.019357278e-09
2618 2.017430226e-09
2619 2.015505748e-09
2620 2.01358384e-09
2621 2.011664496e-09
2622 2.009747712e-09
2623 2.007833485e-09
2624 2.005921808e-09
2625 2.00401268e-09
2626 2.002106094e-09
2627 2.000202046e-09
2628 1.998300533e-09
2629 1.996401549e-09
2630 1.994505091e-09
2631 1.992611154e-09
2632 1.990719734e-09
2633 1.988830827e-09
2634 1.986944427e-09
2635 1.985060532e-09
2636 1.983179137e-09
2637 1.981300237e-09
2638 1.979423828e-09
2639 1.977549906e-09
2640 1.975678467e-09
2641 1.973809506e-09
2642 1.97194302e-09
2643 1.970079003e-09
2644 1.968217453e-09
2645 1.966358364e-09
2646 1.964501733e-09
2647 1.962647555e-09
2648 1.960795826e-09
2649 1.958946542e-09
2650 1.957099699e-09
2651 1.955255292e-09
2652 1.953413319e-09
2653 1.951573773e-09
2654 1.949736652e-09
2655 1.947901951e-09
2656 1.946069667e-09
2657 1.944239794e-09
2658 1.942412329e-09
2659 1.940587269e-09
2660 1.938764608e-09
2661 1.936944342e-09
2662 1.935126469e-09
2663 1.933310983e-09
2664 1.931497881e-09
2665 1.929687158e-09
2666 1.927878811e-09
2667 1.926072836e-09
2668 1.924269228e-09
2669 1.922467984e-09
2670 1.9206691e-09
2671 1.918872571e-09
2672 1.917078394e-09
2673 1.915286564e-09
2674 1.913497079e-09
2675 1.911709933e-09
2676 1.909925123e-09
2677 1.908142645e-09
2678 1.906362495e-09
2679 1.90458467e-09
2680 1.902809165e-09
2681 1.901035976e-09
2682 1.899265099e-09
2683 1.897496531e-09
2684 1.895730268e-09
2685 1.893966306e-09
2686 1.892204641e-09
2687 1.890445269e-09
2688 1.888688186e-09
2689 1.886933389e-09
2690 1.885180874e-09
2691 1.883430637e-09
2692 1.881682673e-09
2693 1.87993698e-09
2694 1.878193554e-09
2695 1.87645239e-09
2696 1.874713485e-09
2697 1.872976835e-09
2698 1.871242437e-09
2699 1.869510286e-09
2700 1.86778038e-09
2701 1.866052713e-09
2702 1.864327283e-09
2703 1.862604086e-09
2704 1.860883117e-09
2705 1.859164374e-09
2706 1.857447853e-09
2707 1.85573355e-09
2708 1.85402146e-09
2709 1.852311582e-09
2710 1.85060391e-09
2711 1.848898442e-09
2712 1.847195173e-09
2713 1.8454941e-09
2714 1.843795219e-09
2715 1.842098528e-09
2716 1.840404021e-09
2717 1.838711695e-09
2718 1.837021548e-09
2719 1.835333574e-09
2720 1.833647771e-09
2721 1.831964136e-09
2722 1.830282663e-09
2723 1.828603351e-09
2724 1.826926195e-09
2725 1.825251192e-09
2726 1.823578338e-09
2727 1.821907629e-09
2728 1.820239063e-09
2729 1.818572635e-09
2730 1.816908343e-09
2731 1.815246182e-09
2732 1.813586149e-09
2733 1.81192824e-09
2734 1.810272453e-09
2735 1.808618783e-09
2736 1.806967227e-09
2737 1.805317782e-09
2738 1.803670444e-09
2739 1.80202521e-09
2740 1.800382076e-09
2741 1.798741039e-09
2742 1.797102095e-09
2743 1.795465241e-09
2744 1.793830473e-09
2745 1.792197789e-09
2746 1.790567184e-09
2747 1.788938656e-09
2748 1.7873122e-09
2749 1.785687814e-09
2750 1.784065494e-09
2751 1.782445236e-09
2752 1.780827038e-09
2753 1.779210896e-09
2754 1.777596807e-09
2755 1.775984767e-09
2756 1.774374772e-09
2757 1.772766821e-09
2758 1.771160908e-09
2759 1.769557032e-09
2760 1.767955188e-09
2761 1.766355373e-09
2762 1.764757585e-09
2763 1.763161819e-09
2764 1.761568072e-09
2765 1.759976342e-09
2766 1.758386625e-09
2767 1.756798917e-09
2768 1.755213215e-09
2769 1.753629516e-09
2770 1.752047818e-09
2771 1.750468116e-09
2772 1.748890407e-09
2773 1.747314688e-09
2774 1.745740956e-09
2775 1.744169208e-09
2776 1.74259944e-09
2777 1.741031649e-09
2778 1.739465832e-09
2779 1.737901986e-09
2780 1.736340108e-09
2781 1.734780194e-09
2782 1.733222242e-09
2783 1.731666248e-09
2784 1.730112208e-09
2785 1.728560121e-09
2786 1.727009981e-09
2787 1.725461788e-09
2788 1.723915537e-09
2789 1.722371225e-09
2790 1.720828849e-09
2791 1.719288406e-09
2792 1.717749893e-09
2793 1.716213307e-09
2794 1.714678644e-09
2795 1.713145902e-09
2796 1.711615077e-09
2797 1.710086167e-09
2798 1.708559168e-09
2799 1.707034078e-09
2800 1.705510892e-09
2801 1.703989609e-09
2802 1.702470225e-09
2803 1.700952736e-09
2804 1.699437141e-09
2805 1.697923435e-09
2806 1.696411617e-09
2807 1.694901682e-09
2808 1.693393629e-09
2809 1.691887453e-09
2810 1.690383152e-09
2811 1.688880723e-09
2812 1.687380162e-09
2813 1.685881468e-09
2814 1.684384636e-09
2815 1.682889665e-09
2816 1.68139655e-09
2817 1.679905289e-09
2818 1.67841588e-09
2819 1.676928318e-09
2820 1.675442601e-09
2821 1.673958727e-09
2822 1.672476692e-09
2823 1.670996493e-09
2824 1.669518128e-09
2825 1.668041593e-09
2826 1.666566886e-09
2827 1.665094003e-09
2828 1.663622942e-09
2829 1.6621537e-09
2830 1.660686274e-09
2831 1.65922066e-09
2832 1.657756858e-09
2833 1.656294862e-09
2834 1.654834671e-09
2835 1.653376281e-09
2836 1.651919691e-09
2837 1.650464896e-09
2838 1.649011894e-09
2839 1.647560682e-09
2840 1.646111258e-09
2841 1.644663618e-09
2842 1.64321776e-09
2843 1.641773681e-09
2844 1.640331378e-09
2845 1.638890848e-09
2846 1.637452089e-09
2847 1.636015097e-09
2848 1.63457987e-09
2849 1.633146406e-09
2850 1.6317147e-09
2851 1.630284751e-09
2852 1.628856556e-09
2853 1.627430112e-09
2854 1.626005416e-09
2855 1.624582466e-09
2856 1.623161259e-09
2857 1.621741791e-09
2858 1.620324061e-09
2859 1.618908065e-09
2860 1.617493801e-09
2861 1.616081266e-09
2862 1.614670458e-09
2863 1.613261373e-09
2864 1.611854009e-09
2865 1.610448363e-09
2866 1.609044433e-09
2867 1.607642216e-09
2868 1.606241708e-09
2869 1.604842909e-09
2870 1.603445814e-09
2871 1.602050421e-09
2872 1.600656728e-09
2873 1.599264732e-09
2874 1.597874429e-09
2875 1.596485819e-09
2876 1.595098897e-09
2877 1.593713661e-09
2878 1.592330109e-09
2879 1.590948238e-09
2880 1.589568045e-09
2881 1.588189528e-09
2882 1.586812685e-09
2883 1.585437511e-09
2884 1.584064006e-09
2885 1.582692165e-09
2886 1.581321988e-09
2887 1.57995347e-09
2888 1.57858661e-09
2889 1.577221405e-09
2890 1.575857853e-09
2891 1.57449595e-09
2892 1.573135694e-09
2893 1.571777083e-09
2894 1.570420115e-09
2895 1.569064785e-09
2896 1.567711093e-09
2897 1.566359035e-09
2898 1.565008609e-09
2899 1.563659813e-09
2900 1.562312643e-09
2901 1.560967098e-09
2902 1.559623175e-09
2903 1.558280871e-09
2904 1.556940183e-09
2905 1.555601111e-09
2906 1.554263649e-09
2907 1.552927798e-09
2908 1.551593553e-09
2909 1.550260912e-09
2910 1.548929873e-09
2911 1.547600434e-09
2912 1.546272591e-09
2913 1.544946344e-09
2914 1.543621688e-09
2915 1.542298621e-09
2916 1.540977142e-09
2917 1.539657247e-09
2918 1.538338935e-09
2919 1.537022202e-09
2920 1.535707046e-09
2921 1.534393466e-09
2922 1.533081458e-09
2923 1.53177102e-09
2924 1.53046215e-09
2925 1.529154845e-09
2926 1.527849102e-09
2927 1.52654492e-09
2928 1.525242297e-09
2929 1.523941228e-09
2930 1.522641714e-09
2931 1.521343749e-09
2932 1.520047334e-09
2933 1.518752464e-09
2934 1.517459139e-09
2935 1.516167354e-09
2936 1.514877109e-09
2937 1.5135884e-09
2938 1.512301226e-09
2939 1.511015584e-09
2940 1.509731471e-09
2941 1.508448885e-09
2942 1.507167825e-09
2943 1.505888287e-09
2944 1.504610269e-09
2945 1.503333769e-09
2946 1.502058785e-09
2947 1.500785315e-09
2948 1.499513355e-09
2949 1.498242904e-09
2950 1.49697396e-09
2951 1.495706519e-09
2952 1.49444058e-09
2953 1.493176141e-09
2954 1.4919132e-09
2955 1.490651753e-09
2956 1.489391799e-09
2957 1.488133335e-09
2958 1.48687636e-09
2959 1.48562087e-09
2960 1.484366864e-09
2961 1.48311434e-09
2962 1.481863294e-09
2963 1.480613726e-09
2964 1.479365632e-09
2965 1.478119011e-09
2966 1.47687386e-09
2967 1.475630176e-09
2968 1.474387959e-09
2969 1.473147205e-09
2970 1.471907912e-09
2971 1.470670079e-09
2972 1.469433702e-09
2973 1.46819878e-09
2974 1.466965311e-09
2975 1.465733292e-09
2976 1.464502721e-09
2977 1.463273595e-09
2978 1.462045914e-09
2979 1.460819674e-09
2980 1.459594874e-09
2981 1.45837151e-09
2982 1.457149582e-09
2983 1.455929086e-09
2984 1.454710022e-09
2985 1.453492386e-09
2986 1.452276176e-09
2987 1.45106139e-09
2988 1.449848027e-09
2989 1.448636083e-09
2990 1.447425558e-09
2991 1.446216448e-09
2992 1.445008751e-09
2993 1.443802467e-09
2994 1.442597591e-09
2995 1.441394123e-09
2996 1.440192059e-09
2997 1.438991399e-09
2998 1.43779214e-09
2999 1.436594279e-09
3000 1.435397815e-09
3001 1.434202746e-09
3002 1.433009069e-09
3003 1.431816783e-09
3004 1.430625885e-09
3005 1.429436373e-09
3006 1.428248245e-09
3007 1.4270615e-09
3008 1.425876134e-09
3009 1.424692147e-09
3010 1.423509535e-09
3011 1.422328298e-09
3012 1.421148432e-09
3013 1.419969936e-09
3014 1.418792808e-09
3015 1.417617045e-09
3016 1.416442646e-09
3017 1.415269609e-09
3018 1.414097931e-09
3019 1.412927611e-09
3020 1.411758646e-09
3021 1.410591035e-09
3022 1.409424776e-09
3023 1.408259866e-09
3024 1.407096303e-09
3025 1.405934086e-09
3026 1.404773212e-09
3027 1.40361368e-09
3028 1.402455488e-09
3029 1.401298632e-09
3030 1.400143113e-09
3031 1.398988927e-09
3032 1.397836072e-09
3033 1.396684548e-09
3034 1.39553435e-09
3035 1.394385479e-09
3036 1.393237931e-09
3037 1.392091705e-09
3038 1.390946798e-09
3039 1.38980321e-09
3040 1.388660937e-09
3041 1.387519979e-09
3042 1.386380332e-09
3043 1.385241995e-09
3044 1.384104966e-09
3045 1.382969244e-09
3046 1.381834826e-09
3047 1.38070171e-09
3048 1.379569895e-09
3049 1.378439378e-09
3050 1.377310157e-09
3051 1.376182232e-09
3052 1.375055599e-09
3053 1.373930257e-09
3054 1.372806203e-09
3055 1.371683437e-09
3056 1.370561956e-09
3057 1.369441759e-09
3058 1.368322842e-09
3059 1.367205205e-09
3060 1.366088846e-09
3061 1.364973763e-09
3062 1.363859953e-09
3063 1.362747415e-09
3064 1.361636148e-09
3065 1.360526149e-09
3066 1.359417416e-09
3067 1.358309947e-09
3068 1.357203742e-09
3069 1.356098797e-09
3070 1.354995111e-09
3071 1.353892683e-09
3072 1.352791509e-09
3073 1.351691589e-09
3074 1.350592921e-09
3075 1.349495503e-09
3076 1.348399332e-09
3077 1.347304408e-09
3078 1.346210728e-09
3079 1.345118291e-09
3080 1.344027094e-09
3081 1.342937136e-09
3082 1.341848415e-09
3083 1.34076093e-09
3084 1.339674678e-09
3085 1.338589657e-09
3086 1.337505867e-09
3087 1.336423305e-09
3088 1.335341968e-09
3089 1.334261857e-09
3090 1.333182968e-09
3091 1.3321053e-09
3092 1.331028852e-09
3093 1.32995362e-09
3094 1.328879605e-09
3095 1.327806803e-09
3096 1.326735213e-09
3097 1.325664834e-09
3098 1.324595663e-09
3099 1.323527699e-09
3100 1.322460941e-09
3101 1.321395385e-09
3102 1.320331031e-09
3103 1.319267877e-09
3104 1.318205921e-09
3105 1.317145162e-09
3106 1.316085597e-09
3107 1.315027225e-09
3108 1.313970044e-09
3109 1.312914053e-09
3110 1.311859249e-09
3111 1.310805632e-09
3112 1.309753199e-09
3113 1.308701948e-09
3114 1.307651878e-09
3115 1.306602988e-09
3116 1.305555275e-09
3117 1.304508737e-09
3118 1.303463374e-09
3119 1.302419184e-09
3120 1.301376163e-09
3121 1.300334312e-09
3122 1.299293629e-09
3123 1.298254111e-09
3124 1.297215757e-09
3125 1.296178565e-09
3126 1.295142534e-09
3127 1.294107662e-09
3128 1.293073947e-09
3129 1.292041388e-09
3130 1.291009982e-09
3131 1.28997973e-09
3132 1.288950627e-09
3133 1.287922674e-09
3134 1.286895868e-09
3135 1.285870208e-09
3136 1.284845692e-09
3137 1.283822318e-09
3138 1.282800085e-09
3139 1.281778992e-09
3140 1.280759036e-09
3141 1.279740215e-09
3142 1.278722529e-09
3143 1.277705976e-09
3144 1.276690554e-09
3145 1.275676261e-09
3146 1.274663095e-09
3147 1.273651057e-09
3148 1.272640142e-09
3149 1.271630351e-09
3150 1.270621681e-09
3151 1.269614131e-09
3152 1.268607698e-09
3153 1.267602383e-09
3154 1.266598182e-09
3155 1.265595095e-09
3156 1.26459312e-09
3157 1.263592255e-09
3158 1.262592498e-09
3159 1.261593849e-09
3160 1.260596305e-09
3161 1.259599865e-09
3162 1.258604527e-09
3163 1.25761029e-09
3164 1.256617153e-09
3165 1.255625113e-09
3166 1.254634169e-09
3167 1.253644319e-09
3168 1.252655563e-09
3169 1.251667898e-09
3170 1.250681323e-09
3171 1.249695836e-09
3172 1.248711436e-09
3173 1.247728121e-09
3174 1.24674589e-09
3175 1.245764742e-09
3176 1.244784673e-09
3177 1.243805684e-09
3178 1.242827773e-09
3179 1.241850937e-09
3180 1.240875176e-09
3181 1.239900489e-09
3182 1.238926872e-09
3183 1.237954326e-09
3184 1.236982848e-09
3185 1.236012437e-09
3186 1.235043092e-09
3187 1.23407481e-09
3188 1.233107591e-09
3189 1.232141433e-09
3190 1.231176334e-09
3191 1.230212294e-09
3192 1.22924931e-09
3193 1.228287381e-09
3194 1.227326505e-09
3195 1.226366681e-09
3196 1.225407908e-09
3197 1.224450184e-09
3198 1.223493508e-09
3199 1.222537878e-09
3200 1.221583292e-09
3201 1.220629749e-09
3202 1.219677249e-09
3203 1.218725788e-09
3204 1.217775367e-09
3205 1.216825982e-09
3206 1.215877634e-09
3207 1.21493032e-09
3208 1.213984039e-09
3209 1.213038789e-09
3210 1.21209457e-09
3211 1.211151379e-09
3212 1.210209215e-09
3213 1.209268077e-09
3214 1.208327964e-09
3215 1.207388873e-09
3216 1.206450804e-09
3217 1.205513755e-09
3218 1.204577724e-09
3219 1.203642711e-09
3220 1.202708713e-09
3221 1.20177573e-09
3222 1.20084376e-09
3223 1.199912801e-09
3224 1.198982853e-09
3225 1.198053913e-09
3226 1.19712598e-09
3227 1.196199053e-09
3228 1.195273131e-09
3229 1.194348212e-09
3230 1.193424294e-09
3231 1.192501377e-09
3232 1.191579459e-09
3233 1.190658538e-09
3234 1.189738613e-09
3235 1.188819683e-09
3236 1.187901747e-09
3237 1.186984802e-09
3238 1.186068848e-09
3239 1.185153883e-09
3240 1.184239907e-09
3241 1.183326916e-09
3242 1.182414911e-09
3243 1.181503889e-09
3244 1.18059385e-09
3245 1.179684792e-09
3246 1.178776713e-09
3247 1.177869613e-09
3248 1.17696349e-09
3249 1.176058343e-09
3250 1.175154169e-09
3251 1.174250969e-09
3252 1.17334874e-09
3253 1.172447481e-09
3254 1.171547191e-09
3255 1.170647869e-09
3256 1.169749513e-09
3257 1.168852122e-09
3258 1.167955694e-09
3259 1.167060228e-09
3260 1.166165724e-09
3261 1.165272179e-09
3262 1.164379592e-09
3263 1.163487962e-09
3264 1.162597288e-09
3265 1.161707568e-09
3266 1.1608188e-09
3267 1.159930985e-09
3268 1.15904412e-09
3269 1.158158204e-09
3270 1.157273235e-09
3271 1.156389213e-09
3272 1.155506136e-09
3273 1.154624003e-09
3274 1.153742813e-09
3275 1.152862563e-09
3276 1.151983254e-09
3277 1.151104883e-09
3278 1.15022745e-09
3279 1.149350953e-09
3280 1.14847539e-09
3281 1.147600761e-09
3282 1.146727064e-09
3283 1.145854299e-09
3284 1.144982462e-09
3285 1.144111555e-09
3286 1.143241574e-09
3287 1.142372519e-09
3288 1.141504389e-09
3289 1.140637182e-09
3290 1.139770898e-09
3291 1.138905534e-09
3292 1.138041089e-09
3293 1.137177563e-09
3294 1.136314954e-09
3295 1.135453261e-09
3296 1.134592482e-09
3297 1.133732617e-09
3298 1.132873663e-09
3299 1.132015621e-09
3300 1.131158488e-09
3301 1.130302263e-09
3302 1.129446945e-09
3303 1.128592534e-09
3304 1.127739026e-09
3305 1.126886423e-09
3306 1.126034721e-09
3307 1.12518392e-09
3308 1.12433402e-09
3309 1.123485017e-09
3310 1.122636912e-09
3311 1.121789703e-09
3312 1.120943388e-09
3313 1.120097968e-09
3314 1.119253439e-09
3315 1.118409802e-09
3316 1.117567055e-09
3317 1.116725197e-09
3318 1.115884226e-09
3319 1.115044141e-09
3320 1.114204942e-09
3321 1.113366627e-09
3322 1.112529194e-09
3323 1.111692643e-09
3324 1.110856973e-09
3325 1.110022181e-09
3326 1.109188268e-09
3327 1.108355231e-09
3328 1.10752307e-09
3329 1.106691784e-09
3330 1.10586137e-09
3331 1.105031829e-09
3332 1.104203159e-09
3333 1.103375358e-09
3334 1.102548427e-09
3335 1.101722362e-09
3336 1.100897164e-09
3337 1.10007283e-09
3338 1.099249361e-09
3339 1.098426754e-09
3340 1.097605009e-09
3341 1.096784124e-09
3342 1.095964099e-09
3343 1.095144931e-09
3344 1.094326621e-09
3345 1.093509166e-09
3346 1.092692566e-09
3347 1.09187682e-09
3348 1.091061925e-09
3349 1.090247882e-09
3350 1.089434689e-09
3351 1.088622345e-09
3352 1.087810849e-09
3353 1.087000199e-09
3354 1.086190395e-09
3355 1.085381435e-09
3356 1.084573319e-09
3357 1.083766044e-09
3358 1.082959611e-09
3359 1.082154017e-09
3360 1.081349262e-09
3361 1.080545345e-09
3362 1.079742264e-09
3363 1.078940018e-09
3364 1.078138607e-09
3365 1.077338029e-09
3366 1.076538283e-09
3367 1.075739368e-09
3368 1.074941282e-09
3369 1.074144026e-09
3370 1.073347596e-09
3371 1.072551994e-09
3372 1.071757217e-09
3373 1.070963264e-09
3374 1.070170134e-09
3375 1.069377826e-09
3376 1.068586339e-09
3377 1.067795672e-09
3378 1.067005824e-09
3379 1.066216794e-09
3380 1.06542858e-09
3381 1.064641182e-09
3382 1.063854598e-09
3383 1.063068828e-09
3384 1.062283869e-09
3385 1.061499723e-09
3386 1.060716386e-09
3387 1.059933858e-09
3388 1.059152138e-09
3389 1.058371225e-09
3390 1.057591118e-09
3391 1.056811816e-09
3392 1.056033318e-09
3393 1.055255622e-09
3394 1.054478727e-09
3395 1.053702634e-09
3396 1.052927339e-09
3397 1.052152843e-09
3398 1.051379145e-09
3399 1.050606242e-09
3400 1.049834135e-09
3401 1.049062822e-09
3402 1.048292302e-09
3403 1.047522574e-09
3404 1.046753638e-09
3405 1.045985491e-09
3406 1.045218133e-09
3407 1.044451563e-09
3408 1.04368578e-09
3409 1.042920783e-09
3410 1.04215657e-09
3411 1.041393142e-09
3412 1.040630496e-09
3413 1.039868631e-09
3414 1.039107548e-09
3415 1.038347244e-09
3416 1.037587718e-09
3417 1.03682897e-09
3418 1.036070999e-09
3419 1.035313803e-09
3420 1.034557382e-09
3421 1.033801734e-09
3422 1.033046859e-09
3423 1.032292755e-09
3424 1.031539422e-09
3425 1.030786858e-09
3426 1.030035062e-09
3427 1.029284034e-09
3428 1.028533773e-09
3429 1.027784276e-09
3430 1.027035545e-09
3431 1.026287576e-09
3432 1.02554037e-09
3433 1.024793925e-09
3434 1.024048241e-09
3435 1.023303316e-09
3436 1.02255915e-09
3437 1.021815741e-09
3438 1.021073088e-09
3439 1.020331191e-09
3440 1.019590048e-09
3441 1.018849659e-09
3442 1.018110022e-09
3443 1.017371137e-09
3444 1.016633002e-09
3445 1.015895617e-09
3446 1.01515898e-09
3447 1.014423091e-09
3448 1.013687949e-09
3449 1.012953552e-09
3450 1.0122199e-09
3451 1.011486992e-09
3452 1.010754826e-09
3453 1.010023402e-09
3454 1.009292719e-09
3455 1.008562775e-09
3456 1.007833571e-09
3457 1.007105104e-09
3458 1.006377375e-09
3459 1.005650381e-09
3460 1.004924122e-09
3461 1.004198598e-09
3462 1.003473806e-09
3463 1.002749747e-09
3464 1.002026419e-09
3465 1.001303821e-09
3466 1.000581953e-09
3467 9.998608125e-10
3468 9.991403998e-10
3469 9.984207136e-10
3470 9.977017529e-10
3471 9.969835168e-10
3472 9.962660044e-10
3473 9.955492148e-10
3474 9.948331469e-10
3475 9.941177998e-10
3476 9.934031727e-10
3477 9.926892646e-10
3478 9.919760746e-10
3479 9.912636017e-10
3480 9.90551845e-10
3481 9.898408035e-10
3482 9.891304765e-10
3483 9.884208628e-10
3484 9.877119617e-10
3485 9.870037722e-10
3486 9.862962934e-10
3487 9.855895243e-10
3488 9.84883464e-10
3489 9.841781117e-10
3490 9.834734664e-10
3491 9.827695272e-10
3492 9.820662933e-10
3493 9.813637636e-10
3494 9.806619373e-10
3495 9.799608134e-10
3496 9.792603912e-10
3497 9.785606696e-10
3498 9.778616478e-10
3499 9.771633248e-10
3500 9.764656999e-10
3501 9.75768772e-10
3502 9.750725403e-10
3503 9.743770039e-10
3504 9.736821618e-10
3505 9.729880133e-10
3506 9.722945574e-10
3507 9.716017932e-10
3508 9.709097199e-10
3509 9.702183365e-10
3510 9.695276422e-10
3511 9.688376361e-10
3512 9.681483173e-10
3513 9.674596849e-10
3514 9.66771738e-10
3515 9.660844758e-10
3516 9.653978975e-10
3517 9.64712002e-10
3518 9.640267886e-10
3519 9.633422563e-10
3520 9.626584044e-10
3521 9.619752319e-10
3522 9.61292738e-10
3523 9.606109217e-10
3524 9.599297823e-10
3525 9.592493189e-10
3526 9.585695306e-10
3527 9.578904165e-10
3528 9.572119759e-10
3529 9.565342077e-10
3530 9.558571113e-10
3531 9.551806856e-10
3532 9.5450493e-10
3533 9.538298434e-10
3534 9.531554251e-10
3535 9.524816742e-10
3536 9.518085898e-10
3537 9.511361712e-10
3538 9.504644175e-10
3539 9.497933277e-10
3540 9.491229012e-10
3541 9.48453137e-10
3542 9.477840343e-10
3543 9.471155922e-10
3544 9.4644781e-10
3545 9.457806867e-10
3546 9.451142216e-10
3547 9.444484138e-10
3548 9.437832624e-10
3549 9.431187667e-10
3550 9.424549259e-10
3551 9.41791739e-10
3552 9.411292052e-10
3553 9.404673238e-10
3554 9.398060939e-10
3555 9.391455147e-10
3556 9.384855853e-10
3557 9.37826305e-10
3558 9.371676729e-10
3559 9.365096882e-10
3560 9.3585235e-10
3561 9.351956576e-10
3562 9.345396102e-10
3563 9.338842069e-10
3564 9.332294469e-10
3565 9.325753294e-10
3566 9.319218536e-10
3567 9.312690187e-10
3568 9.306168239e-10
3569 9.299652683e-10
3570 9.293143513e-10
3571 9.286640718e-10
3572 9.280144293e-10
3573 9.273654228e-10
3574 9.267170515e-10
3575 9.260693147e-10
3576 9.254222116e-10
3577 9.247757414e-10
3578 9.241299032e-10
3579 9.234846962e-10
3580 9.228401198e-10
3581 9.22196173e-10
3582 9.215528552e-10
3583 9.209101655e-10
3584 9.20268103e-10
3585 9.196266671e-10
3586 9.18985857e-10
3587 9.183456718e-10
3588 9.177061108e-10
3589 9.170671732e-10
3590 9.164288582e-10
3591 9.157911651e-10
3592 9.15154093e-10
3593 9.145176412e-10
3594 9.138818089e-10
3595 9.132465953e-10
3596 9.126119997e-10
3597 9.119780212e-10
3598 9.113446592e-10
3599 9.107119128e-10
3600 9.100797813e-10
3601 9.094482638e-10
3602 9.088173598e-10
3603 9.081870683e-10
3604 9.075573885e-10
3605 9.069283199e-10
3606 9.062998615e-10
3607 9.056720126e-10
3608 9.050447725e-10
3609 9.044181404e-10
3610 9.037921156e-10
3611 9.031666972e-10
3612 9.025418846e-10
3613 9.019176769e-10
3614 9.012940735e-10
3615 9.006710735e-10
3616 9.000486763e-10
3617 8.99426881e-10
3618 8.98805687e-10
3619 8.981850934e-10
3620 8.975650996e-10
3621 8.969457047e-10
3622 8.963269081e-10
3623 8.95708709e-10
3624 8.950911067e-10
3625 8.944741004e-10
3626 8.938576893e-10
3627 8.932418728e-10
3628 8.926266501e-10
3629 8.920120205e-10
3630 8.913979832e-10
3631 8.907845375e-10
3632 8.901716826e-10
3633 8.895594179e-10
3634 8.889477426e-10
3635 8.88336656e-10
3636 8.877261573e-10
3637 8.871162459e-10
3638 8.865069209e-10
3639 8.858981817e-10
3640 8.852900276e-10
3641 8.846824577e-10
3642 8.840754715e-10
3643 8.834690681e-10
3644 8.82863247e-10
3645 8.822580072e-10
3646 8.816533482e-10
3647 8.810492692e-10
3648 8.804457695e-10
3649 8.798428483e-10
3650 8.79240505e-10
3651 8.786387389e-10
3652 8.780375492e-10
3653 8.774369353e-10
3654 8.768368964e-10
3655 8.762374318e-10
3656 8.756385408e-10
3657 8.750402227e-10
3658 8.744424768e-10
3659 8.738453025e-10
3660 8.732486989e-10
3661 8.726526654e-10
3662 8.720572013e-10
3663 8.714623059e-10
3664 8.708679785e-10
3665 8.702742184e-10
3666 8.696810249e-10
3667 8.690883973e-10
3668 8.684963349e-10
3669 8.67904837e-10
3670 8.67313903e-10
3671 8.667235321e-10
3672 8.661337237e-10
3673 8.65544477e-10
3674 8.649557914e-10
3675 8.643676662e-10
3676 8.637801006e-10
3677 8.631930941e-10
3678 8.62606646e-10
3679 8.620207554e-10
3680 8.614354219e-10
3681 8.608506446e-10
3682 8.602664229e-10
3683 8.596827562e-10
3684 8.590996437e-10
3685 8.585170848e-10
3686 8.579350788e-10
3687 8.57353625e-10
3688 8.567727228e-10
3689 8.561923715e-10
3690 8.556125703e-10
3691 8.550333187e-10
3692 8.54454616e-10
3693 8.538764615e-10
3694 8.532988545e-10
3695 8.527217943e-10
3696 8.521452804e-10
3697 8.51569312e-10
3698 8.509938884e-10
3699 8.504190091e-10
3700 8.498446733e-10
3701 8.492708805e-10
3702 8.486976298e-10
3703 8.481249207e-10
3704 8.475527525e-10
3705 8.469811246e-10
3706 8.464100363e-10
3707 8.458394869e-10
3708 8.452694758e-10
3709 8.447000023e-10
3710 8.441310659e-10
3711 8.435626657e-10
3712 8.429948013e-10
3713 8.424274719e-10
3714 8.418606769e-10
3715 8.412944156e-10
3716 8.407286874e-10
3717 8.401634916e-10
3718 8.395988277e-10
3719 8.390346949e-10
3720 8.384710927e-10
3721 8.379080203e-10
3722 8.373454772e-10
3723 8.367834627e-10
3724 8.362219761e-10
3725 8.356610168e-10
3726 8.351005843e-10
3727 8.345406778e-10
3728 8.339812967e-10
3729 8.334224404e-10
3730 8.328641082e-10
3731 8.323062996e-10
3732 8.317490138e-10
3733 8.311922503e-10
3734 8.306360084e-10
3735 8.300802876e-10
3736 8.295250871e-10
3737 8.289704063e-10
3738 8.284162447e-10
3739 8.278626016e-10
3740 8.273094763e-10
3741 8.267568683e-10
3742 8.262047769e-10
3743 8.256532016e-10
3744 8.251021416e-10
3745 8.245515963e-10
3746 8.240015653e-10
3747 8.234520478e-10
3748 8.229030431e-10
3749 8.223545508e-10
3750 8.218065702e-10
3751 8.212591006e-10
3752 8.207121416e-10
3753 8.201656923e-10
3754 8.196197523e-10
3755 8.190743209e-10
3756 8.185293976e-10
3757 8.179849816e-10
3758 8.174410725e-10
3759 8.168976696e-10
3760 8.163547722e-10
3761 8.158123798e-10
3762 8.152704919e-10
3763 8.147291077e-10
3764 8.141882266e-10
3765 8.136478482e-10
3766 8.131079717e-10
3767 8.125685966e-10
3768 8.120297223e-10
3769 8.114913482e-10
3770 8.109534737e-10
3771 8.104160981e-10
3772 8.098792209e-10
3773 8.093428416e-10
3774 8.088069594e-10
3775 8.082715739e-10
3776 8.077366844e-10
3777 8.072022903e-10
3778 8.06668391e-10
3779 8.061349861e-10
3780 8.056020747e-10
3781 8.050696565e-10
3782 8.045377307e-10
3783 8.040062969e-10
3784 8.034753543e-10
3785 8.029449025e-10
3786 8.024149409e-10
3787 8.018854688e-10
3788 8.013564858e-10
3789 8.008279911e-10
3790 8.002999843e-10
3791 7.997724647e-10
3792 7.992454318e-10
3793 7.98718885e-10
3794 7.981928237e-10
3795 7.976672473e-10
3796 7.971421553e-10
3797 7.966175472e-10
3798 7.960934222e-10
3799 7.955697799e-10
3800 7.950466197e-10
3801 7.94523941e-10
3802 7.940017432e-10
3803 7.934800258e-10
3804 7.929587882e-10
3805 7.924380298e-10
3806 7.919177501e-10
3807 7.913979485e-10
3808 7.908786245e-10
3809 7.903597774e-10
3810 7.898414067e-10
3811 7.893235119e-10
3812 7.888060924e-10
3813 7.882891476e-10
3814 7.877726769e-10
3815 7.872566799e-10
3816 7.86741156e-10
3817 7.862261045e-10
3818 7.857115249e-10
3819 7.851974168e-10
3820 7.846837794e-10
3821 7.841706124e-10
3822 7.83657915e-10
3823 7.831456869e-10
3824 7.826339273e-10
3825 7.821226358e-10
3826 7.816118118e-10
3827 7.811014548e-10
3828 7.805915642e-10
3829 7.800821394e-10
3830 7.7957318e-10
3831 7.790646853e-10
3832 7.785566549e-10
3833 7.780490881e-10
3834 7.775419845e-10
3835 7.770353435e-10
3836 7.765291646e-10
3837 7.760234471e-10
3838 7.755181906e-10
3839 7.750133946e-10
3840 7.745090584e-10
3841 7.740051816e-10
3842 7.735017636e-10
3843 7.729988039e-10
3844 7.72496302e-10
3845 7.719942572e-10
3846 7.714926691e-10
3847 7.709915371e-10
3848 7.704908608e-10
3849 7.699906395e-10
3850 7.694908728e-10
3851 7.6899156e-10
3852 7.684927008e-10
3853 7.679942945e-10
3854 7.674963406e-10
3855 7.669988386e-10
3856 7.66501788e-10
3857 7.660051882e-10
3858 7.655090387e-10
3859 7.650133391e-10
3860 7.645180886e-10
3861 7.64023287e-10
3862 7.635289335e-10
3863 7.630350278e-10
3864 7.625415692e-10
3865 7.620485573e-10
3866 7.615559915e-10
3867 7.610638713e-10
3868 7.605721962e-10
3869 7.600809657e-10
3870 7.595901793e-10
3871 7.590998364e-10
3872 7.586099366e-10
3873 7.581204792e-10
3874 7.576314639e-10
3875 7.571428901e-10
3876 7.566547572e-10
3877 7.561670648e-10
3878 7.556798124e-10
3879 7.551929994e-10
3880 7.547066254e-10
3881 7.542206898e-10
3882 7.537351921e-10
3883 7.532501318e-10
3884 7.527655084e-10
3885 7.522813214e-10
3886 7.517975704e-10
3887 7.513142547e-10
3888 7.508313739e-10
3889 7.503489275e-10
3890 7.498669149e-10
3891 7.493853358e-10
3892 7.489041895e-10
3893 7.484234756e-10
3894 7.479431936e-10
3895 7.47463343e-10
3896 7.469839233e-10
3897 7.465049339e-10
3898 7.460263744e-10
3899 7.455482444e-10
3900 7.450705432e-10
3901 7.445932704e-10
3902 7.441164256e-10
3903 7.436400081e-10
3904 7.431640176e-10
3905 7.426884535e-10
3906 7.422133154e-10
3907 7.417386027e-10
3908 7.412643149e-10
3909 7.407904517e-10
3910 7.403170124e-10
3911 7.398439966e-10
3912 7.393714039e-10
3913 7.388992336e-10
3914 7.384274854e-10
3915 7.379561588e-10
3916 7.374852532e-10
3917 7.370147682e-10
3918 7.365447033e-10
3919 7.36075058e-10
3920 7.356058319e-10
3921 7.351370244e-10
3922 7.346686351e-10
3923 7.342006635e-10
3924 7.337331091e-10
3925 7.332659715e-10
3926 7.327992501e-10
3927 7.323329445e-10
3928 7.318670543e-10
3929 7.314015788e-10
3930 7.309365177e-10
3931 7.304718706e-10
3932 7.300076368e-10
3933 7.295438159e-10
3934 7.290804076e-10
3935 7.286174112e-10
3936 7.281548264e-10
3937 7.276926526e-10
3938 7.272308894e-10
3939 7.267695363e-10
3940 7.263085928e-10
3941 7.258480586e-10
3942 7.25387933e-10
3943 7.249282158e-10
3944 7.244689062e-10
3945 7.240100041e-10
3946 7.235515087e-10
3947 7.230934198e-10
3948 7.226357368e-10
3949 7.221784592e-10
3950 7.217215867e-10
3951 7.212651187e-10
3952 7.208090547e-10
3953 7.203533944e-10
3954 7.198981373e-10
3955 7.194432828e-10
3956 7.189888307e-10
3957 7.185347803e-10
3958 7.180811312e-10
3959 7.17627883e-10
3960 7.171750352e-10
3961 7.167225874e-10
3962 7.162705391e-10
3963 7.158188899e-10
3964 7.153676393e-10
3965 7.149167868e-10
3966 7.14466332e-10
3967 7.140162745e-10
3968 7.135666138e-10
3969 7.131173494e-10
3970 7.126684809e-10
3971 7.122200079e-10
3972 7.117719299e-10
3973 7.113242465e-10
3974 7.108769572e-10
3975 7.104300615e-10
3976 7.09983559e-10
3977 7.095374494e-10
3978 7.09091732e-10
3979 7.086464066e-10
3980 7.082014726e-10
3981 7.077569296e-10
3982 7.073127771e-10
3983 7.068690148e-10
3984 7.064256422e-10
3985 7.059826588e-10
3986 7.055400642e-10
3987 7.05097858e-10
3988 7.046560397e-10
3989 7.042146088e-10
3990 7.037735651e-10
3991 7.033329079e-10
3992 7.028926369e-10
3993 7.024527517e-10
3994 7.020132518e-10
3995 7.015741367e-10
3996 7.011354061e-10
3997 7.006970595e-10
3998 7.002590965e-10
3999 6.998215166e-10
4000 6.993843194e-10
4001 6.989475046e-10
4002 6.985110715e-10
4003 6.980750199e-10
4004 6.976393493e-10
4005 6.972040593e-10
4006 6.967691494e-10
4007 6.963346193e-10
4008 6.959004684e-10
4009 6.954666964e-10
4010 6.950333028e-10
4011 6.946002872e-10
4012 6.941676492e-10
4013 6.937353884e-10
4014 6.933035044e-10
4015 6.928719966e-10
4016 6.924408648e-10
4017 6.920101084e-10
4018 6.915797271e-10
4019 6.911497205e-10
4020 6.90720088e-10
4021 6.902908294e-10
4022 6.898619442e-10
4023 6.894334319e-10
4024 6.890052921e-10
4025 6.885775245e-10
4026 6.881501287e-10
4027 6.877231041e-10
4028 6.872964504e-10
4029 6.868701672e-10
4030 6.86444254e-10
4031 6.860187105e-10
4032 6.855935362e-10
4033 6.851687308e-10
4034 6.847442937e-10
4035 6.843202247e-10
4036 6.838965232e-10
4037 6.83473189e-10
4038 6.830502215e-10
4039 6.826276204e-10
4040 6.822053852e-10
4041 6.817835156e-10
4042 6.813620111e-10
4043 6.809408713e-10
4044 6.805200959e-10
4045 6.800996844e-10
4046 6.796796365e-10
4047 6.792599516e-10
4048 6.788406295e-10
4049 6.784216696e-10
4050 6.780030717e-10
4051 6.775848353e-10
4052 6.7716696e-10
4053 6.767494454e-10
4054 6.763322911e-10
4055 6.759154967e-10
4056 6.754990618e-10
4057 6.75082986e-10
4058 6.746672689e-10
4059 6.742519102e-10
4060 6.738369093e-10
4061 6.73422266e-10
4062 6.730079797e-10
4063 6.725940502e-10
4064 6.721804771e-10
4065 6.717672599e-10
4066 6.713543982e-10
4067 6.709418916e-10
4068 6.705297399e-10
4069 6.701179425e-10
4070 6.69706499e-10
4071 6.692954092e-10
4072 6.688846725e-10
4073 6.684742886e-10
4074 6.680642572e-10
4075 6.676545778e-10
4076 6.6724525e-10
4077 6.668362734e-10
4078 6.664276478e-10
4079 6.660193725e-10
4080 6.656114474e-10
4081 6.65203872e-10
4082 6.647966459e-10
4083 6.643897687e-10
4084 6.639832401e-10
4085 6.635770596e-10
4086 6.631712269e-10
4087 6.627657416e-10
4088 6.623606033e-10
4089 6.619558116e-10
4090 6.615513662e-10
4091 6.611472667e-10
4092 6.607435127e-10
4093 6.603401037e-10
4094 6.599370395e-10
4095 6.595343197e-10
4096 6.591319438e-10
4097 6.587299115e-10
4098 6.583282224e-10
4099 6.579268762e-10
4100 6.575258725e-10
4101 6.571252108e-10
4102 6.567248908e-10
4103 6.563249122e-10
4104 6.559252746e-10
4105 6.555259776e-10
4106 6.551270207e-10
4107 6.547284038e-10
4108 6.543301263e-10
4109 6.539321879e-10
4110 6.535345882e-10
4111 6.531373269e-10
4112 6.527404036e-10
4113 6.523438179e-10
4114 6.519475694e-10
4115 6.515516579e-10
4116 6.511560829e-10
4117 6.50760844e-10
4118 6.503659409e-10
4119 6.499713732e-10
4120 6.495771405e-10
4121 6.491832426e-10
4122 6.487896789e-10
4123 6.483964492e-10
4124 6.480035531e-10
4125 6.476109903e-10
4126 6.472187603e-10
4127 6.468268627e-10
4128 6.464352974e-10
4129 6.460440638e-10
4130 6.456531616e-10
4131 6.452625904e-10
4132 6.4487235e-10
4133 6.444824399e-10
4134 6.440928597e-10
4135 6.437036092e-10
4136 6.43314688e-10
4137 6.429260956e-10
4138 6.425378317e-10
4139 6.421498961e-10
4140 6.417622883e-10
4141 6.413750079e-10
4142 6.409880547e-10
4143 6.406014282e-10
4144 6.402151281e-10
4145 6.398291541e-10
4146 6.394435058e-10
4147 6.390581828e-10
4148 6.386731848e-10
4149 6.382885115e-10
4150 6.379041624e-10
4151 6.375201373e-10
4152 6.371364357e-10
4153 6.367530574e-10
4154 6.36370002e-10
4155 6.359872691e-10
4156 6.356048584e-10
4157 6.352227695e-10
4158 6.348410021e-10
4159 6.344595559e-10
4160 6.340784304e-10
4161 6.336976254e-10
4162 6.333171405e-10
4163 6.329369753e-10
4164 6.325571296e-10
4165 6.321776029e-10
4166 6.31798395e-10
4167 6.314195054e-10
4168 6.310409338e-10
4169 6.3066268e-10
4170 6.302847435e-10
4171 6.299071239e-10
4172 6.295298211e-10
4173 6.291528346e-10
4174 6.28776164e-10
4175 6.283998091e-10
4176 6.280237695e-10
4177 6.276480448e-10
4178 6.272726348e-10
4179 6.268975391e-10
4180 6.265227573e-10
4181 6.261482891e-10
4182 6.257741341e-10
4183 6.254002921e-10
4184 6.250267627e-10
4185 6.246535456e-10
4186 6.242806404e-10
4187 6.239080467e-10
4188 6.235357644e-10
4189 6.231637929e-10
4190 6.227921321e-10
4191 6.224207814e-10
4192 6.220497407e-10
4193 6.216790096e-10
4194 6.213085878e-10
4195 6.209384749e-10
4196 6.205686705e-10
4197 6.201991744e-10
4198 6.198299863e-10
4199 6.194611058e-10
4200 6.190925325e-10
4201 6.187242662e-10
4202 6.183563065e-10
4203 6.17988653e-10
4204 6.176213056e-10
4205 6.172542637e-10
4206 6.168875272e-10
4207 6.165210957e-10
4208 6.161549688e-10
4209 6.157891462e-10
4210 6.154236276e-10
4211 6.150584127e-10
4212 6.146935012e-10
4213 6.143288927e-10
4214 6.139645869e-10
4215 6.136005835e-10
4216 6.132368821e-10
4217 6.128734825e-10
4218 6.125103843e-10
4219 6.121475872e-10
4220 6.117850908e-10
4221 6.114228949e-10
4222 6.110609992e-10
4223 6.106994032e-10
4224 6.103381068e-10
4225 6.099771095e-10
4226 6.096164111e-10
4227 6.092560112e-10
4228 6.088959096e-10
4229 6.085361058e-10
4230 6.081765996e-10
4231 6.078173907e-10
4232 6.074584788e-10
4233 6.070998635e-10
4234 6.067415445e-10
4235 6.063835215e-10
4236 6.060257943e-10
4237 6.056683624e-10
4238 6.053112255e-10
4239 6.049543835e-10
4240 6.045978358e-10
4241 6.042415823e-10
4242 6.038856226e-10
4243 6.035299565e-10
4244 6.031745835e-10
4245 6.028195034e-10
4246 6.024647158e-10
4247 6.021102206e-10
4248 6.017560173e-10
4249 6.014021056e-10
4250 6.010484853e-10
4251 6.00695156e-10
4252 6.003421174e-10
4253 5.999893692e-10
4254 5.996369112e-10
4255 5.992847429e-10
4256 5.989328641e-10
4257 5.985812746e-10
4258 5.982299739e-10
4259 5.978789617e-10
4260 5.975282379e-10
4261 5.97177802e-10
4262 5.968276538e-10
4263 5.964777929e-10
4264 5.961282191e-10
4265 5.957789321e-10
4266 5.954299315e-10
4267 5.95081217e-10
4268 5.947327884e-10
4269 5.943846454e-10
4270 5.940367876e-10
4271 5.936892147e-10
4272 5.933419265e-10
4273 5.929949226e-10
4274 5.926482028e-10
4275 5.923017668e-10
4276 5.919556141e-10
4277 5.916097447e-10
4278 5.91264158e-10
4279 5.90918854e-10
4280 5.905738322e-10
4281 5.902290923e-10
4282 5.898846342e-10
4283 5.895404574e-10
4284 5.891965616e-10
4285 5.888529467e-10
4286 5.885096122e-10
4287 5.88166558e-10
4288 5.878237836e-10
4289 5.874812888e-10
4290 5.871390734e-10
4291 5.867971369e-10
4292 5.864554792e-10
4293 5.861140999e-10
4294 5.857729988e-10
4295 5.854321755e-10
4296 5.850916298e-10
4297 5.847513613e-10
4298 5.844113698e-10
4299 5.84071655e-10
4300 5.837322167e-10
4301 5.833930544e-10
4302 5.830541679e-10
4303 5.82715557e-10
4304 5.823772213e-10
4305 5.820391606e-10
4306 5.817013745e-10
4307 5.813638629e-10
4308 5.810266253e-10
4309 5.806896615e-10
4310 5.803529713e-10
4311 5.800165543e-10
4312 5.796804103e-10
4313 5.793445389e-10
4314 5.790089399e-10
4315 5.78673613e-10
4316 5.78338558e-10
4317 5.780037744e-10
4318 5.776692622e-10
4319 5.773350209e-10
4320 5.770010502e-10
4321 5.7666735e-10
4322 5.763339199e-10
4323 5.760007597e-10
4324 5.75667869e-10
4325 5.753352476e-10
4326 5.750028952e-10
4327 5.746708115e-10
4328 5.743389963e-10
4329 5.740074492e-10
4330 5.736761701e-10
4331 5.733451585e-10
4332 5.730144143e-10
4333 5.726839371e-10
4334 5.723537266e-10
4335 5.720237827e-10
4336 5.71694105e-10
4337 5.713646933e-10
4338 5.710355472e-10
4339 5.707066665e-10
4340 5.70378051e-10
4341 5.700497002e-10
4342 5.697216141e-10
4343 5.693937922e-10
4344 5.690662344e-10
4345 5.687389403e-10
4346 5.684119097e-10
4347 5.680851423e-10
4348 5.677586378e-10
4349 5.67432396e-10
4350 5.671064166e-10
4351 5.667806993e-10
4352 5.664552438e-10
4353 5.661300499e-10
4354 5.658051174e-10
4355 5.654804458e-10
4356 5.65156035e-10
4357 5.648318847e-10
4358 5.645079947e-10
4359 5.641843646e-10
4360 5.638609942e-10
4361 5.635378832e-10
4362 5.632150314e-10
4363 5.628924384e-10
4364 5.625701041e-10
4365 5.622480281e-10
4366 5.619262103e-10
4367 5.616046502e-10
4368 5.612833477e-10
4369 5.609623025e-10
4370 5.606415143e-10
4371 5.603209829e-10
4372 5.60000708e-10
4373 5.596806893e-10
4374 5.593609266e-10
4375 5.590414196e-10
4376 5.58722168e-10
4377 5.584031716e-10
4378 5.580844302e-10
4379 5.577659434e-10
4380 5.57447711e-10
4381 5.571297327e-10
4382 5.568120083e-10
4383 5.564945375e-10
4384 5.561773201e-10
4385 5.558603558e-10
4386 5.555436443e-10
4387 5.552271854e-10
4388 5.549109788e-10
4389 5.545950242e-10
4390 5.542793215e-10
4391 5.539638703e-10
4392 5.536486704e-10
4393 5.533337215e-10
4394 5.530190234e-10
4395 5.527045757e-10
4396 5.523903784e-10
4397 5.52076431e-10
4398 5.517627334e-10
4399 5.514492853e-10
4400 5.511360864e-10
4401 5.508231365e-10
4402 5.505104354e-10
4403 5.501979826e-10
4404 5.498857782e-10
4405 5.495738216e-10
4406 5.492621128e-10
4407 5.489506515e-10
4408 5.486394373e-10
4409 5.483284701e-10
4410 5.480177496e-10
4411 5.477072756e-10
4412 5.473970477e-10
4413 5.470870658e-10
4414 5.467773296e-10
4415 5.464678389e-10
4416 5.461585933e-10
4417 5.458495927e-10
4418 5.455408368e-10
4419 5.452323253e-10
4420 5.449240581e-10
4421 5.446160347e-10
4422 5.443082551e-10
4423 5.44000719e-10
4424 5.43693426e-10
4425 5.43386376e-10
4426 5.430795688e-10
4427 5.42773004e-10
4428 5.424666814e-10
4429 5.421606008e-10
4430 5.418547619e-10
4431 5.415491645e-10
4432 5.412438083e-10
4433 5.409386931e-10
4434 5.406338187e-10
4435 5.403291848e-10
4436 5.400247912e-10
4437 5.397206375e-10
4438 5.394167237e-10
4439 5.391130493e-10
4440 5.388096143e-10
4441 5.385064183e-10
4442 5.382034611e-10
4443 5.379007425e-10
4444 5.375982622e-10
4445 5.372960199e-10
4446 5.369940156e-10
4447 5.366922488e-10
4448 5.363907193e-10
4449 5.36089427e-10
4450 5.357883716e-10
4451 5.354875528e-10
4452 5.351869704e-10
4453 5.348866242e-10
4454 5.345865138e-10
4455 5.342866392e-10
4456 5.33987e-10
4457 5.336875961e-10
4458 5.33388427e-10
4459 5.330894928e-10
4460 5.32790793e-10
4461 5.324923275e-10
4462 5.32194096e-10
4463 5.318960983e-10
4464 5.315983342e-10
4465 5.313008034e-10
4466 5.310035056e-10
4467 5.307064407e-10
4468 5.304096084e-10
4469 5.301130085e-10
4470 5.298166408e-10
4471 5.29520505e-10
4472 5.292246008e-10
4473 5.289289281e-10
4474 5.286334866e-10
4475 5.283382761e-10
4476 5.280432963e-10
4477 5.27748547e-10
4478 5.274540281e-10
4479 5.271597392e-10
4480 5.268656801e-10
4481 5.265718506e-10
4482 5.262782504e-10
4483 5.259848794e-10
4484 5.256917373e-10
4485 5.253988239e-10
4486 5.251061389e-10
4487 5.248136822e-10
4488 5.245214534e-10
4489 5.242294524e-10
4490 5.239376789e-10
4491 5.236461327e-10
4492 5.233548136e-10
4493 5.230637213e-10
4494 5.227728556e-10
4495 5.224822164e-10
4496 5.221918033e-10
4497 5.219016161e-10
4498 5.216116547e-10
4499 5.213219187e-10
4500 5.21032408e-10
4501 5.207431223e-10
4502 5.204540615e-10
4503 5.201652252e-10
4504 5.198766134e-10
4505 5.195882256e-10
4506 5.193000618e-10
4507 5.190121216e-10
4508 5.187244049e-10
4509 5.184369115e-10
4510 5.181496411e-10
4511 5.178625935e-10
4512 5.175757685e-10
4513 5.172891658e-10
4514 5.170027853e-10
4515 5.167166267e-10
4516 5.164306897e-10
4517 5.161449743e-10
4518 5.158594801e-10
4519 5.155742069e-10
4520 5.152891546e-10
4521 5.150043228e-10
4522 5.147197114e-10
4523 5.144353202e-10
4524 5.141511489e-10
4525 5.138671973e-10
4526 5.135834652e-10
4527 5.132999524e-10
4528 5.130166586e-10
4529 5.127335837e-10
4530 5.124507275e-10
4531 5.121680896e-10
4532 5.118856699e-10
4533 5.116034682e-10
4534 5.113214843e-10
4535 5.110397179e-10
4536 5.107581688e-10
4537 5.104768369e-10
4538 5.101957218e-10
4539 5.099148234e-10
4540 5.096341415e-10
4541 5.093536759e-10
4542 5.090734263e-10
4543 5.087933925e-10
4544 5.085135743e-10
4545 5.082339716e-10
4546 5.07954584e-10
4547 5.076754114e-10
4548 5.073964535e-10
4549 5.071177102e-10
4550 5.068391812e-10
4551 5.065608664e-10
4552 5.062827654e-10
4553 5.060048782e-10
4554 5.057272045e-10
4555 5.05449744e-10
4556 5.051724966e-10
4557 5.04895462e-10
4558 5.046186402e-10
4559 5.043420307e-10
4560 5.040656335e-10
4561 5.037894483e-10
4562 5.035134749e-10
4563 5.032377131e-10
4564 5.029621627e-10
4565 5.026868234e-10
4566 5.024116952e-10
4567 5.021367777e-10
4568 5.018620708e-10
4569 5.015875743e-10
4570 5.013132878e-10
4571 5.010392114e-10
4572 5.007653446e-10
4573 5.004916874e-10
4574 5.002182395e-10
4575 4.999450007e-10
4576 4.996719709e-10
4577 4.993991497e-10
4578 4.99126537e-10
4579 4.988541327e-10
4580 4.985819364e-10
4581 4.98309948e-10
4582 4.980381673e-10
4583 4.977665941e-10
4584 4.974952281e-10
4585 4.972240692e-10
4586 4.969531172e-10
4587 4.966823718e-10
4588 4.964118329e-10
4589 4.961415003e-10
4590 4.958713737e-10
4591 4.95601453e-10
4592 4.953317379e-10
4593 4.950622283e-10
4594 4.947929239e-10
4595 4.945238246e-10
4596 4.942549301e-10
4597 4.939862403e-10
4598 4.93717755e-10
4599 4.934494738e-10
4600 4.931813968e-10
4601 4.929135235e-10
4602 4.92645854e-10
4603 4.923783879e-10
4604 4.92111125e-10
4605 4.918440652e-10
4606 4.915772082e-10
4607 4.913105539e-10
4608 4.910441021e-10
4609 4.907778525e-10
4610 4.90511805e-10
4611 4.902459594e-10
4612 4.899803154e-10
4613 4.897148729e-10
4614 4.894496317e-10
4615 4.891845915e-10
4616 4.889197523e-10
4617 4.886551137e-10
4618 4.883906757e-10
4619 4.881264379e-10
4620 4.878624002e-10
4621 4.875985625e-10
4622 4.873349244e-10
4623 4.870714859e-10
4624 4.868082467e-10
4625 4.865452067e-10
4626 4.862823655e-10
4627 4.860197232e-10
4628 4.857572793e-10
4629 4.854950339e-10
4630 4.852329866e-10
4631 4.849711373e-10
4632 4.847094857e-10
4633 4.844480318e-10
4634 4.841867752e-10
4635 4.839257159e-10
4636 4.836648536e-10
4637 4.834041881e-10
4638 4.831437192e-10
4639 4.828834468e-10
4640 4.826233706e-10
4641 4.823634905e-10
4642 4.821038062e-10
4643 4.818443177e-10
4644 4.815850246e-10
4645 4.813259268e-10
4646 4.810670242e-10
4647 4.808083164e-10
4648 4.805498035e-10
4649 4.80291485e-10
4650 4.800333609e-10
4651 4.79775431e-10
4652 4.795176951e-10
4653 4.79260153e-10
4654 4.790028045e-10
4655 4.787456494e-10
4656 4.784886875e-10
4657 4.782319187e-10
4658 4.779753428e-10
4659 4.777189595e-10
4660 4.774627687e-10
4661 4.772067702e-10
4662 4.769509639e-10
4663 4.766953494e-10
4664 4.764399268e-10
4665 4.761846957e-10
4666 4.759296559e-10
4667 4.756748074e-10
4668 4.754201499e-10
4669 4.751656832e-10
4670 4.749114071e-10
4671 4.746573215e-10
4672 4.744034262e-10
4673 4.741497209e-10
4674 4.738962056e-10
4675 4.7364288e-10
4676 4.73389744e-10
4677 4.731367973e-10
4678 4.728840397e-10
4679 4.726314712e-10
4680 4.723790915e-10
4681 4.721269005e-10
4682 4.718748979e-10
4683 4.716230835e-10
4684 4.713714573e-10
4685 4.711200189e-10
4686 4.708687683e-10
4687 4.706177053e-10
4688 4.703668296e-10
4689 4.701161411e-10
4690 4.698656396e-10
4691 4.69615325e-10
4692 4.69365197e-10
4693 4.691152554e-10
4694 4.688655002e-10
4695 4.686159311e-10
4696 4.683665479e-10
4697 4.681173505e-10
4698 4.678683387e-10
4699 4.676195123e-10
4700 4.673708711e-10
4701 4.671224149e-10
4702 4.668741436e-10
4703 4.666260571e-10
4704 4.66378155e-10
4705 4.661304373e-10
4706 4.658829037e-10
4707 4.656355542e-10
4708 4.653883884e-10
4709 4.651414063e-10
4710 4.648946077e-10
4711 4.646479923e-10
4712 4.644015601e-10
4713 4.641553108e-10
4714 4.639092443e-10
4715 4.636633603e-10
4716 4.634176588e-10
4717 4.631721395e-10
4718 4.629268023e-10
4719 4.62681647e-10
4720 4.624366734e-10
4721 4.621918813e-10
4722 4.619472706e-10
4723 4.617028412e-10
4724 4.614585927e-10
4725 4.612145251e-10
4726 4.609706382e-10
4727 4.607269319e-10
4728 4.604834058e-10
4729 4.602400599e-10
4730 4.599968941e-10
4731 4.59753908e-10
4732 4.595111016e-10
4733 4.592684747e-10
4734 4.590260271e-10
4735 4.587837587e-10
4736 4.585416692e-10
4737 4.582997586e-10
4738 4.580580265e-10
4739 4.57816473e-10
4740 4.575750977e-10
4741 4.573339006e-10
4742 4.570928814e-10
4743 4.5685204e-10
4744 4.566113762e-10
4745 4.563708899e-10
4746 4.561305809e-10
4747 4.55890449e-10
4748 4.55650494e-10
4749 4.554107158e-10
4750 4.551711143e-10
4751 4.549316891e-10
4752 4.546924403e-10
4753 4.544533676e-10
4754 4.542144708e-10
4755 4.539757498e-10
4756 4.537372044e-10
4757 4.534988344e-10
4758 4.532606397e-10
4759 4.530226202e-10
4760 4.527847756e-10
4761 4.525471058e-10
4762 4.523096106e-10
4763 4.520722898e-10
4764 4.518351434e-10
4765 4.515981711e-10
4766 4.513613727e-10
4767 4.511247481e-10
4768 4.508882972e-10
4769 4.506520197e-10
4770 4.504159156e-10
4771 4.501799845e-10
4772 4.499442265e-10
4773 4.497086413e-10
4774 4.494732287e-10
4775 4.492379886e-10
4776 4.490029209e-10
4777 4.487680253e-10
4778 4.485333017e-10
4779 4.4829875e-10
4780 4.480643699e-10
4781 4.478301614e-10
4782 4.475961242e-10
4783 4.473622582e-10
4784 4.471285632e-10
4785 4.468950392e-10
4786 4.466616858e-10
4787 4.46428503e-10
4788 4.461954906e-10
4789 4.459626484e-10
4790 4.457299763e-10
4791 4.454974741e-10
4792 4.452651416e-10
4793 4.450329788e-10
4794 4.448009854e-10
4795 4.445691612e-10
4796 4.443375062e-10
4797 4.441060201e-10
4798 4.438747029e-10
4799 4.436435542e-10
4800 4.434125741e-10
4801 4.431817623e-10
4802 4.429511187e-10
4803 4.42720643e-10
4804 4.424903353e-10
4805 4.422601952e-10
4806 4.420302226e-10
4807 4.418004175e-10
4808 4.415707796e-10
4809 4.413413087e-10
4810 4.411120048e-10
4811 4.408828676e-10
4812 4.40653897e-10
4813 4.404250929e-10
4814 4.40196455e-10
4815 4.399679833e-10
4816 4.397396776e-10
4817 4.395115377e-10
4818 4.392835634e-10
4819 4.390557547e-10
4820 4.388281113e-10
4821 4.386006332e-10
4822 4.383733201e-10
4823 4.381461719e-10
4824 4.379191884e-10
4825 4.376923696e-10
4826 4.374657152e-10
4827 4.37239225e-10
4828 4.37012899e-10
4829 4.36786737e-10
4830 4.365607388e-10
4831 4.363349042e-10
4832 4.361092332e-10
4833 4.358837256e-10
4834 4.356583812e-10
4835 4.354331998e-10
4836 4.352081814e-10
4837 4.349833257e-10
4838 4.347586326e-10
4839 4.34534102e-10
4840 4.343097337e-10
4841 4.340855275e-10
4842 4.338614834e-10
4843 4.336376011e-10
4844 4.334138805e-10
4845 4.331903215e-10
4846 4.329669239e-10
4847 4.327436876e-10
4848 4.325206123e-10
4849 4.32297698e-10
4850 4.320749445e-10
4851 4.318523517e-10
4852 4.316299194e-10
4853 4.314076474e-10
4854 4.311855357e-10
4855 4.30963584e-10
4856 4.307417922e-10
4857 4.305201602e-10
4858 4.302986879e-10
4859 4.30077375e-10
4860 4.298562214e-10
4861 4.29635227e-10
4862 4.294143916e-10
4863 4.291937151e-10
4864 4.289731974e-10
4865 4.287528382e-10
4866 4.285326375e-10
4867 4.28312595e-10
4868 4.280927108e-10
4869 4.278729845e-10
4870 4.276534161e-10
4871 4.274340054e-10
4872 4.272147522e-10
4873 4.269956565e-10
4874 4.267767181e-10
4875 4.265579367e-10
4876 4.263393124e-10
4877 4.261208449e-10
4878 4.259025341e-10
4879 4.256843799e-10
4880 4.254663821e-10
4881 4.252485405e-10
4882 4.25030855e-10
4883 4.248133255e-10
4884 4.245959519e-10
4885 4.243787339e-10
4886 4.241616715e-10
4887 4.239447645e-10
4888 4.237280128e-10
4889 4.235114161e-10
4890 4.232949745e-10
4891 4.230786876e-10
4892 4.228625555e-10
4893 4.226465779e-10
4894 4.224307547e-10
4895 4.222150857e-10
4896 4.219995709e-10
4897 4.217842101e-10
4898 4.215690031e-10
4899 4.213539498e-10
4900 4.2113905e-10
4901 4.209243037e-10
4902 4.207097106e-10
4903 4.204952707e-10
4904 4.202809837e-10
4905 4.200668497e-10
4906 4.198528683e-10
4907 4.196390395e-10
4908 4.194253631e-10
4909 4.19211839e-10
4910 4.189984671e-10
4911 4.187852472e-10
4912 4.185721791e-10
4913 4.183592628e-10
4914 4.181464981e-10
4915 4.179338848e-10
4916 4.177214229e-10
4917 4.175091122e-10
4918 4.172969524e-10
4919 4.170849436e-10
4920 4.168730856e-10
4921 4.166613782e-10
4922 4.164498212e-10
4923 4.162384147e-10
4924 4.160271583e-10
4925 4.15816052e-10
4926 4.156050957e-10
4927 4.153942891e-10
4928 4.151836323e-10
4929 4.149731249e-10
4930 4.14762767e-10
4931 4.145525583e-10
4932 4.143424987e-10
4933 4.141325881e-10
4934 4.139228264e-10
4935 4.137132134e-10
4936 4.13503749e-10
4937 4.13294433e-10
4938 4.130852653e-10
4939 4.128762458e-10
4940 4.126673743e-10
4941 4.124586507e-10
4942 4.122500749e-10
4943 4.120416468e-10
4944 4.118333661e-10
4945 4.116252328e-10
4946 4.114172468e-10
4947 4.112094078e-10
4948 4.110017158e-10
4949 4.107941706e-10
4950 4.105867721e-10
4951 4.103795202e-10
4952 4.101724147e-10
4953 4.099654555e-10
4954 4.097586425e-10
4955 4.095519755e-10
4956 4.093454545e-10
4957 4.091390791e-10
4958 4.089328494e-10
4959 4.087267653e-10
4960 4.085208265e-10
4961 4.083150329e-10
4962 4.081093844e-10
4963 4.079038809e-10
4964 4.076985223e-10
4965 4.074933084e-10
4966 4.07288239e-10
4967 4.070833141e-10
4968 4.068785335e-10
4969 4.066738972e-10
4970 4.064694048e-10
4971 4.062650564e-10
4972 4.060608518e-10
4973 4.058567909e-10
4974 4.056528735e-10
4975 4.054490995e-10
4976 4.052454688e-10
4977 4.050419813e-10
4978 4.048386367e-10
4979 4.046354351e-10
4980 4.044323762e-10
4981 4.0422946e-10
4982 4.040266862e-10
4983 4.038240549e-10
4984 4.036215657e-10
4985 4.034192187e-10
4986 4.032170137e-10
4987 4.030149506e-10
4988 4.028130292e-10
4989 4.026112494e-10
4990 4.024096111e-10
4991 4.022081141e-10
4992 4.020067583e-10
4993 4.018055437e-10
4994 4.0160447e-10
4995 4.014035372e-10
4996 4.01202745e-10
4997 4.010020935e-10
4998 4.008015824e-10
4999 4.006012117e-10
5000 4.004009812e-10
5001 4.002008908e-10
5002 4.000009403e-10
5003 3.998011296e-10
5004 3.996014587e-10
5005 3.994019273e-10
5006 3.992025354e-10
5007 3.990032829e-10
5008 3.988041695e-10
5009 3.986051952e-10
5010 3.984063599e-10
5011 3.982076634e-10
5012 3.980091056e-10
5013 3.978106864e-10
5014 3.976124056e-10
5015 3.974142632e-10
5016 3.97216259e-10
5017 3.970183928e-10
5018 3.968206647e-10
5019 3.966230743e-10
5020 3.964256217e-10
5021 3.962283067e-10
5022 3.960311292e-10
5023 3.958340889e-10
5024 3.956371859e-10
5025 3.954404201e-10
5026 3.952437911e-10
5027 3.950472991e-10
5028 3.948509437e-10
5029 3.94654725e-10
5030 3.944586428e-10
5031 3.942626969e-10
5032 3.940668873e-10
5033 3.938712138e-10
5034 3.936756763e-10
5035 3.934802746e-10
5036 3.932850088e-10
5037 3.930898785e-10
5038 3.928948838e-10
5039 3.927000244e-10
5040 3.925053004e-10
5041 3.923107115e-10
5042 3.921162576e-10
5043 3.919219386e-10
5044 3.917277544e-10
5045 3.915337049e-10
5046 3.9133979e-10
5047 3.911460094e-10
5048 3.909523632e-10
5049 3.907588512e-10
5050 3.905654732e-10
5051 3.903722292e-10
5052 3.90179119e-10
5053 3.899861426e-10
5054 3.897932997e-10
5055 3.896005903e-10
5056 3.894080143e-10
5057 3.892155715e-10
5058 3.890232618e-10
5059 3.888310851e-10
5060 3.886390413e-10
5061 3.884471303e-10
5062 3.882553519e-10
5063 3.88063706e-10
5064 3.878721926e-10
5065 3.876808114e-10
5066 3.874895624e-10
5067 3.872984455e-10
5068 3.871074606e-10
5069 3.869166074e-10
5070 3.867258859e-10
5071 3.865352961e-10
5072 3.863448377e-10
5073 3.861545107e-10
5074 3.859643149e-10
5075 3.857742502e-10
5076 3.855843166e-10
5077 3.853945138e-10
5078 3.852048418e-10
5079 3.850153005e-10
5080 3.848258897e-10
5081 3.846366094e-10
5082 3.844474593e-10
5083 3.842584395e-10
5084 3.840695497e-10
5085 3.8388079e-10
5086 3.8369216e-10
5087 3.835036598e-10
5088 3.833152892e-10
5089 3.831270482e-10
5090 3.829389365e-10
5091 3.827509541e-10
5092 3.825631009e-10
5093 3.823753767e-10
5094 3.821877815e-10
5095 3.820003151e-10
5096 3.818129774e-10
5097 3.816257683e-10
5098 3.814386876e-10
5099 3.812517354e-10
5100 3.810649114e-10
5101 3.808782155e-10
5102 3.806916477e-10
5103 3.805052078e-10
5104 3.803188957e-10
5105 3.801327113e-10
5106 3.799466545e-10
5107 3.797607251e-10
5108 3.795749231e-10
5109 3.793892483e-10
5110 3.792037007e-10
5111 3.790182801e-10
5112 3.788329864e-10
5113 3.786478195e-10
5114 3.784627793e-10
5115 3.782778656e-10
5116 3.780930784e-10
5117 3.779084176e-10
5118 3.77723883e-10
5119 3.775394745e-10
5120 3.77355192e-10
5121 3.771710355e-10
5122 3.769870047e-10
5123 3.768030997e-10
5124 3.766193202e-10
5125 3.764356661e-10
5126 3.762521375e-10
5127 3.76068734e-10
5128 3.758854558e-10
5129 3.757023025e-10
5130 3.755192741e-10
5131 3.753363706e-10
5132 3.751535917e-10
5133 3.749709375e-10
5134 3.747884077e-10
5135 3.746060023e-10
5136 3.744237211e-10
5137 3.742415641e-10
5138 3.740595312e-10
5139 3.738776222e-10
5140 3.73695837e-10
5141 3.735141755e-10
5142 3.733326376e-10
5143 3.731512232e-10
5144 3.729699323e-10
5145 3.727887646e-10
5146 3.726077201e-10
5147 3.724267986e-10
5148 3.722460001e-10
5149 3.720653245e-10
5150 3.718847716e-10
5151 3.717043414e-10
5152 3.715240337e-10
5153 3.713438484e-10
5154 3.711637854e-10
5155 3.709838447e-10
5156 3.708040261e-10
5157 3.706243294e-10
5158 3.704447547e-10
5159 3.702653017e-10
5160 3.700859704e-10
5161 3.699067607e-10
5162 3.697276725e-10
5163 3.695487056e-10
5164 3.6936986e-10
5165 3.691911355e-10
5166 3.690125321e-10
5167 3.688340496e-10
5168 3.68655688e-10
5169 3.684774471e-10
5170 3.682993268e-10
5171 3.68121327e-10
5172 3.679434477e-10
5173 3.677656886e-10
5174 3.675880498e-10
5175 3.67410531e-10
5176 3.672331323e-10
5177 3.670558535e-10
5178 3.668786944e-10
5179 3.66701655e-10
5180 3.665247352e-10
5181 3.663479349e-10
5182 3.66171254e-10
5183 3.659946923e-10
5184 3.658182498e-10
5185 3.656419264e-10
5186 3.654657219e-10
5187 3.652896363e-10
5188 3.651136694e-10
5189 3.649378212e-10
5190 3.647620915e-10
5191 3.645864803e-10
5192 3.644109874e-10
5193 3.642356127e-10
5194 3.640603562e-10
5195 3.638852177e-10
5196 3.637101972e-10
5197 3.635352945e-10
5198 3.633605095e-10
5199 3.631858421e-10
5200 3.630112923e-10
5201 3.628368599e-10
5202 3.626625448e-10
5203 3.624883469e-10
5204 3.623142662e-10
5205 3.621403025e-10
5206 3.619664557e-10
5207 3.617927257e-10
5208 3.616191124e-10
5209 3.614456157e-10
5210 3.612722356e-10
5211 3.610989718e-10
5212 3.609258244e-10
5213 3.607527932e-10
5214 3.605798781e-10
5215 3.60407079e-10
5216 3.602343958e-10
5217 3.600618284e-10
5218 3.598893767e-10
5219 3.597170407e-10
5220 3.595448202e-10
5221 3.59372715e-10
5222 3.592007252e-10
5223 3.590288506e-10
5224 3.588570911e-10
5225 3.586854467e-10
5226 3.585139171e-10
5227 3.583425024e-10
5228 3.581712024e-10
5229 3.58000017e-10
5230 3.578289461e-10
5231 3.576579897e-10
5232 3.574871475e-10
5233 3.573164197e-10
5234 3.571458059e-10
5235 3.569753061e-10
5236 3.568049203e-10
5237 3.566346484e-10
5238 3.564644901e-10
5239 3.562944455e-10
5240 3.561245145e-10
5241 3.559546969e-10
5242 3.557849926e-10
5243 3.556154016e-10
5244 3.554459237e-10
5245 3.552765589e-10
5246 3.551073071e-10
5247 3.549381681e-10
5248 3.547691419e-10
5249 3.546002283e-10
5250 3.544314273e-10
5251 3.542627388e-10
5252 3.540941627e-10
5253 3.539256989e-10
5254 3.537573472e-10
5255 3.535891076e-10
5256 3.534209801e-10
5257 3.532529644e-10
5258 3.530850605e-10
5259 3.529172683e-10
5260 3.527495878e-10
5261 3.525820188e-10
5262 3.524145611e-10
5263 3.522472148e-10
5264 3.520799798e-10
5265 3.519128559e-10
5266 3.51745843e-10
5267 3.51578941e-10
5268 3.514121499e-10
5269 3.512454696e-10
5270 3.510788999e-10
5271 3.509124408e-10
5272 3.507460922e-10
5273 3.50579854e-10
5274 3.50413726e-10
5275 3.502477082e-10
5276 3.500818005e-10
5277 3.499160029e-10
5278 3.497503151e-10
5279 3.495847371e-10
5280 3.494192689e-10
5281 3.492539103e-10
5282 3.490886612e-10
5283 3.489235216e-10
5284 3.487584913e-10
5285 3.485935703e-10
5286 3.484287585e-10
5287 3.482640557e-10
5288 3.480994618e-10
5289 3.479349769e-10
5290 3.477706008e-10
5291 3.476063333e-10
5292 3.474421745e-10
5293 3.472781242e-10
5294 3.471141823e-10
5295 3.469503487e-10
5296 3.467866234e-10
5297 3.466230062e-10
5298 3.464594971e-10
5299 3.462960959e-10
5300 3.461328026e-10
5301 3.459696171e-10
5302 3.458065393e-10
5303 3.456435691e-10
5304 3.454807063e-10
5305 3.45317951e-10
5306 3.45155303e-10
5307 3.449927623e-10
5308 3.448303287e-10
5309 3.446680021e-10
5310 3.445057825e-10
5311 3.443436697e-10
5312 3.441816638e-10
5313 3.440197645e-10
5314 3.438579718e-10
5315 3.436962857e-10
5316 3.435347059e-10
5317 3.433732325e-10
5318 3.432118653e-10
5319 3.430506043e-10
5320 3.428894493e-10
5321 3.427284003e-10
5322 3.425674572e-10
5323 3.424066198e-10
5324 3.422458882e-10
5325 3.420852622e-10
5326 3.419247417e-10
5327 3.417643266e-10
5328 3.416040168e-10
5329 3.414438124e-10
5330 3.412837131e-10
5331 3.411237188e-10
5332 3.409638296e-10
5333 3.408040452e-10
5334 3.406443657e-10
5335 3.404847909e-10
5336 3.403253207e-10
5337 3.40165955e-10
5338 3.400066939e-10
5339 3.398475371e-10
5340 3.396884845e-10
5341 3.395295362e-10
5342 3.39370692e-10
5343 3.392119518e-10
5344 3.390533155e-10
5345 3.388947831e-10
5346 3.387363544e-10
5347 3.385780294e-10
5348 3.38419808e-10
5349 3.3826169e-10
5350 3.381036755e-10
5351 3.379457643e-10
5352 3.377879563e-10
5353 3.376302515e-10
5354 3.374726498e-10
5355 3.37315151e-10
5356 3.371577551e-10
5357 3.37000462e-10
5358 3.368432716e-10
5359 3.366861839e-10
5360 3.365291986e-10
5361 3.363723159e-10
5362 3.362155355e-10
5363 3.360588574e-10
5364 3.359022815e-10
5365 3.357458077e-10
5366 3.35589436e-10
5367 3.354331662e-10
5368 3.352769982e-10
5369 3.35120932e-10
5370 3.349649675e-10
5371 3.348091046e-10
5372 3.346533432e-10
5373 3.344976833e-10
5374 3.343421247e-10
5375 3.341866673e-10
5376 3.340313111e-10
5377 3.338760561e-10
5378 3.33720902e-10
5379 3.335658488e-10
5380 3.334108965e-10
5381 3.33256045e-10
5382 3.331012941e-10
5383 3.329466438e-10
5384 3.32792094e-10
5385 3.326376446e-10
5386 3.324832955e-10
5387 3.323290467e-10
5388 3.321748981e-10
5389 3.320208495e-10
5390 3.31866901e-10
5391 3.317130523e-10
5392 3.315593035e-10
5393 3.314056545e-10
5394 3.312521051e-10
5395 3.310986553e-10
5396 3.30945305e-10
5397 3.307920541e-10
5398 3.306389025e-10
5399 3.304858502e-10
5400 3.303328971e-10
5401 3.30180043e-10
5402 3.30027288e-10
5403 3.298746319e-10
5404 3.297220746e-10
5405 3.29569616e-10
5406 3.294172562e-10
5407 3.292649949e-10
5408 3.291128321e-10
5409 3.289607678e-10
5410 3.288088018e-10
5411 3.286569341e-10
5412 3.285051646e-10
5413 3.283534931e-10
5414 3.282019197e-10
5415 3.280504443e-10
5416 3.278990666e-10
5417 3.277477868e-10
5418 3.275966046e-10
5419 3.274455201e-10
5420 3.272945331e-10
5421 3.271436436e-10
5422 3.269928514e-10
5423 3.268421565e-10
5424 3.266915588e-10
5425 3.265410582e-10
5426 3.263906547e-10
5427 3.262403482e-10
5428 3.260901385e-10
5429 3.259400257e-10
5430 3.257900096e-10
5431 3.256400901e-10
5432 3.254902672e-10
5433 3.253405408e-10
5434 3.251909108e-10
5435 3.250413771e-10
5436 3.248919396e-10
5437 3.247425984e-10
5438 3.245933532e-10
5439 3.24444204e-10
5440 3.242951508e-10
5441 3.241461934e-10
5442 3.239973318e-10
5443 3.238485658e-10
5444 3.236998955e-10
5445 3.235513207e-10
5446 3.234028414e-10
5447 3.232544574e-10
5448 3.231061688e-10
5449 3.229579753e-10
5450 3.22809877e-10
5451 3.226618738e-10
5452 3.225139655e-10
5453 3.223661522e-10
5454 3.222184336e-10
5455 3.220708098e-10
5456 3.219232807e-10
5457 3.217758462e-10
5458 3.216285062e-10
5459 3.214812606e-10
5460 3.213341094e-10
5461 3.211870525e-10
5462 3.210400897e-10
5463 3.208932211e-10
5464 3.207464466e-10
5465 3.20599766e-10
5466 3.204531793e-10
5467 3.203066864e-10
5468 3.201602873e-10
5469 3.200139818e-10
5470 3.198677699e-10
5471 3.197216515e-10
5472 3.195756266e-10
5473 3.19429695e-10
5474 3.192838566e-10
5475 3.191381115e-10
5476 3.189924595e-10
5477 3.188469005e-10
5478 3.187014345e-10
5479 3.185560615e-10
5480 3.184107812e-10
5481 3.182655936e-10
5482 3.181204988e-10
5483 3.179754965e-10
5484 3.178305867e-10
5485 3.176857694e-10
5486 3.175410445e-10
5487 3.173964118e-10
5488 3.172518713e-10
5489 3.17107423e-10
5490 3.169630667e-10
5491 3.168188024e-10
5492 3.166746301e-10
5493 3.165305495e-10
5494 3.163865607e-10
5495 3.162426636e-10
5496 3.160988581e-10
5497 3.159551442e-10
5498 3.158115217e-10
5499 3.156679906e-10
5500 3.155245507e-10
5501 3.153812022e-10
5502 3.152379448e-10
5503 3.150947784e-10
5504 3.149517031e-10
5505 3.148087187e-10
5506 3.146658252e-10
5507 3.145230225e-10
5508 3.143803105e-10
5509 3.142376891e-10
5510 3.140951583e-10
5511 3.139527179e-10
5512 3.13810368e-10
5513 3.136681085e-10
5514 3.135259392e-10
5515 3.133838601e-10
5516 3.132418711e-10
5517 3.130999722e-10
5518 3.129581633e-10
5519 3.128164442e-10
5520 3.12674815e-10
5521 3.125332756e-10
5522 3.123918258e-10
5523 3.122504656e-10
5524 3.12109195e-10
5525 3.119680138e-10
5526 3.118269221e-10
5527 3.116859196e-10
5528 3.115450064e-10
5529 3.114041824e-10
5530 3.112634475e-10
5531 3.111228016e-10
5532 3.109822446e-10
5533 3.108417765e-10
5534 3.107013973e-10
5535 3.105611068e-10
5536 3.104209049e-10
5537 3.102807917e-10
5538 3.10140767e-10
5539 3.100008307e-10
5540 3.098609828e-10
5541 3.097212232e-10
5542 3.095815519e-10
5543 3.094419687e-10
5544 3.093024736e-10
5545 3.091630665e-10
5546 3.090237474e-10
5547 3.088845162e-10
5548 3.087453727e-10
5549 3.08606317e-10
5550 3.08467349e-10
5551 3.083284685e-10
5552 3.081896756e-10
5553 3.080509702e-10
5554 3.079123521e-10
5555 3.077738213e-10
5556 3.076353778e-10
5557 3.074970214e-10
5558 3.073587522e-10
5559 3.072205699e-10
5560 3.070824746e-10
5561 3.069444662e-10
5562 3.068065447e-10
5563 3.066687098e-10
5564 3.065309617e-10
5565 3.063933002e-10
5566 3.062557251e-10
5567 3.061182366e-10
5568 3.059808345e-10
5569 3.058435187e-10
5570 3.057062891e-10
5571 3.055691457e-10
5572 3.054320885e-10
5573 3.052951173e-10
5574 3.05158232e-10
5575 3.050214327e-10
5576 3.048847193e-10
5577 3.047480916e-10
5578 3.046115496e-10
5579 3.044750932e-10
5580 3.043387224e-10
5581 3.042024371e-10
5582 3.040662372e-10
5583 3.039301227e-10
5584 3.037940935e-10
5585 3.036581494e-10
5586 3.035222906e-10
5587 3.033865168e-10
5588 3.03250828e-10
5589 3.031152242e-10
5590 3.029797053e-10
5591 3.028442711e-10
5592 3.027089217e-10
5593 3.02573657e-10
5594 3.024384769e-10
5595 3.023033813e-10
5596 3.021683702e-10
5597 3.020334435e-10
5598 3.018986011e-10
5599 3.01763843e-10
5600 3.016291691e-10
5601 3.014945793e-10
5602 3.013600736e-10
5603 3.012256519e-10
5604 3.010913141e-10
5605 3.009570601e-10
5606 3.0082289e-10
5607 3.006888036e-10
5608 3.005548008e-10
5609 3.004208816e-10
5610 3.00287046e-10
5611 3.001532938e-10
5612 3.00019625e-10
5613 2.998860395e-10
5614 2.997525373e-10
5615 2.996191183e-10
5616 2.994857824e-10
5617 2.993525295e-10
5618 2.992193597e-10
5619 2.990862727e-10
5620 2.989532686e-10
5621 2.988203474e-10
5622 2.986875088e-10
5623 2.985547529e-10
5624 2.984220796e-10
5625 2.982894888e-10
5626 2.981569805e-10
5627 2.980245545e-10
5628 2.978922109e-10
5629 2.977599496e-10
5630 2.976277705e-10
5631 2.974956735e-10
5632 2.973636585e-10
5633 2.972317256e-10
5634 2.970998746e-10
5635 2.969681054e-10
5636 2.968364181e-10
5637 2.967048125e-10
5638 2.965732886e-10
5639 2.964418463e-10
5640 2.963104855e-10
5641 2.961792062e-10
5642 2.960480084e-10
5643 2.959168918e-10
5644 2.957858566e-10
5645 2.956549026e-10
5646 2.955240297e-10
5647 2.953932379e-10
5648 2.952625272e-10
5649 2.951318974e-10
5650 2.950013485e-10
5651 2.948708804e-10
5652 2.947404931e-10
5653 2.946101865e-10
5654 2.944799606e-10
5655 2.943498152e-10
5656 2.942197503e-10
5657 2.940897659e-10
5658 2.939598618e-10
5659 2.938300381e-10
5660 2.937002946e-10
5661 2.935706314e-10
5662 2.934410482e-10
5663 2.933115451e-10
5664 2.93182122e-10
5665 2.930527789e-10
5666 2.929235156e-10
5667 2.927943321e-10
5668 2.926652284e-10
5669 2.925362044e-10
5670 2.9240726e-10
5671 2.922783951e-10
5672 2.921496097e-10
5673 2.920209038e-10
5674 2.918922772e-10
5675 2.9176373e-10
5676 2.91635262e-10
5677 2.915068731e-10
5678 2.913785634e-10
5679 2.912503327e-10
5680 2.91122181e-10
5681 2.909941083e-10
5682 2.908661144e-10
5683 2.907381993e-10
5684 2.90610363e-10
5685 2.904826053e-10
5686 2.903549262e-10
5687 2.902273257e-10
5688 2.900998037e-10
5689 2.899723602e-10
5690 2.89844995e-10
5691 2.897177081e-10
5692 2.895904994e-10
5693 2.89463369e-10
5694 2.893363166e-10
5695 2.892093423e-10
5696 2.89082446e-10
5697 2.889556277e-10
5698 2.888288872e-10
5699 2.887022245e-10
5700 2.885756396e-10
5701 2.884491324e-10
5702 2.883227028e-10
5703 2.881963508e-10
5704 2.880700762e-10
5705 2.879438791e-10
5706 2.878177595e-10
5707 2.876917171e-10
5708 2.87565752e-10
5709 2.874398641e-10
5710 2.873140533e-10
5711 2.871883196e-10
5712 2.870626629e-10
5713 2.869370832e-10
5714 2.868115804e-10
5715 2.866861544e-10
5716 2.865608052e-10
5717 2.864355328e-10
5718 2.863103369e-10
5719 2.861852177e-10
5720 2.86060175e-10
5721 2.859352088e-10
5722 2.85810319e-10
5723 2.856855055e-10
5724 2.855607684e-10
5725 2.854361075e-10
5726 2.853115227e-10
5727 2.851870141e-10
5728 2.850625815e-10
5729 2.84938225e-10
5730 2.848139443e-10
5731 2.846897396e-10
5732 2.845656106e-10
5733 2.844415574e-10
5734 2.843175799e-10
5735 2.841936781e-10
5736 2.840698518e-10
5737 2.839461011e-10
5738 2.838224258e-10
5739 2.836988259e-10
5740 2.835753013e-10
5741 2.834518521e-10
5742 2.83328478e-10
5743 2.832051792e-10
5744 2.830819554e-10
5745 2.829588067e-10
5746 2.82835733e-10
5747 2.827127342e-10
5748 2.825898102e-10
5749 2.824669611e-10
5750 2.823441868e-10
5751 2.822214871e-10
5752 2.820988621e-10
5753 2.819763117e-10
5754 2.818538357e-10
5755 2.817314343e-10
5756 2.816091072e-10
5757 2.814868545e-10
5758 2.813646761e-10
5759 2.812425719e-10
5760 2.811205419e-10
5761 2.80998586e-10
5762 2.808767042e-10
5763 2.807548963e-10
5764 2.806331624e-10
5765 2.805115024e-10
5766 2.803899162e-10
5767 2.802684038e-10
5768 2.801469651e-10
5769 2.800256001e-10
5770 2.799043086e-10
5771 2.797830907e-10
5772 2.796619462e-10
5773 2.795408752e-10
5774 2.794198776e-10
5775 2.792989532e-10
5776 2.791781021e-10
5777 2.790573242e-10
5778 2.789366195e-10
5779 2.788159878e-10
5780 2.786954292e-10
5781 2.785749435e-10
5782 2.784545307e-10
5783 2.783341908e-10
5784 2.782139237e-10
5785 2.780937293e-10
5786 2.779736076e-10
5787 2.778535586e-10
5788 2.777335821e-10
5789 2.776136781e-10
5790 2.774938466e-10
5791 2.773740875e-10
5792 2.772544007e-10
5793 2.771347862e-10
5794 2.77015244e-10
5795 2.768957739e-10
5796 2.76776376e-10
5797 2.766570501e-10
5798 2.765377962e-10
5799 2.764186143e-10
5800 2.762995043e-10
5801 2.761804661e-10
5802 2.760614997e-10
5803 2.759426051e-10
5804 2.758237821e-10
5805 2.757050307e-10
5806 2.75586351e-10
5807 2.754677427e-10
5808 2.753492058e-10
5809 2.752307404e-10
5810 2.751123463e-10
5811 2.749940235e-10
5812 2.74875772e-10
5813 2.747575916e-10
5814 2.746394823e-10
5815 2.745214441e-10
5816 2.744034769e-10
5817 2.742855807e-10
5818 2.741677554e-10
5819 2.740500009e-10
5820 2.739323172e-10
5821 2.738147042e-10
5822 2.73697162e-10
5823 2.735796903e-10
5824 2.734622893e-10
5825 2.733449588e-10
5826 2.732276987e-10
5827 2.73110509e-10
5828 2.729933897e-10
5829 2.728763407e-10
5830 2.72759362e-10
5831 2.726424534e-10
5832 2.72525615e-10
5833 2.724088467e-10
5834 2.722921483e-10
5835 2.7217552e-10
5836 2.720589616e-10
5837 2.719424731e-10
5838 2.718260544e-10
5839 2.717097054e-10
5840 2.715934262e-10
5841 2.714772166e-10
5842 2.713610766e-10
5843 2.712450062e-10
5844 2.711290052e-10
5845 2.710130737e-10
5846 2.708972116e-10
5847 2.707814189e-10
5848 2.706656954e-10
5849 2.705500411e-10
5850 2.70434456e-10
5851 2.7031894e-10
5852 2.702034931e-10
5853 2.700881152e-10
5854 2.699728063e-10
5855 2.698575663e-10
5856 2.697423951e-10
5857 2.696272927e-10
5858 2.695122591e-10
5859 2.693972942e-10
5860 2.692823979e-10
5861 2.691675702e-10
5862 2.690528111e-10
5863 2.689381204e-10
5864 2.688234982e-10
5865 2.687089444e-10
5866 2.685944589e-10
5867 2.684800416e-10
5868 2.683656926e-10
5869 2.682514118e-10
5870 2.681371991e-10
5871 2.680230544e-10
5872 2.679089778e-10
5873 2.677949691e-10
5874 2.676810284e-10
5875 2.675671555e-10
5876 2.674533504e-10
5877 2.67339613e-10
5878 2.672259434e-10
5879 2.671123414e-10
5880 2.66998807e-10
5881 2.668853402e-10
5882 2.667719409e-10
5883 2.66658609e-10
5884 2.665453445e-10
5885 2.664321473e-10
5886 2.663190175e-10
5887 2.662059548e-10
5888 2.660929594e-10
5889 2.659800311e-10
5890 2.658671699e-10
5891 2.657543757e-10
5892 2.656416485e-10
5893 2.655289882e-10
5894 2.654163948e-10
5895 2.653038683e-10
5896 2.651914085e-10
5897 2.650790155e-10
5898 2.649666891e-10
5899 2.648544293e-10
5900 2.647422362e-10
5901 2.646301095e-10
5902 2.645180493e-10
5903 2.644060556e-10
5904 2.642941282e-10
5905 2.641822671e-10
5906 2.640704723e-10
5907 2.639587438e-10
5908 2.638470814e-10
5909 2.637354851e-10
5910 2.636239549e-10
5911 2.635124907e-10
5912 2.634010925e-10
5913 2.632897602e-10
5914 2.631784938e-10
5915 2.630672931e-10
5916 2.629561583e-10
5917 2.628450892e-10
5918 2.627340857e-10
5919 2.626231479e-10
5920 2.625122756e-10
5921 2.624014689e-10
5922 2.622907276e-10
5923 2.621800517e-10
5924 2.620694412e-10
5925 2.619588961e-10
5926 2.618484162e-10
5927 2.617380015e-10
5928 2.61627652e-10
5929 2.615173676e-10
5930 2.614071483e-10
5931 2.61296994e-10
5932 2.611869047e-10
5933 2.610768803e-10
5934 2.609669208e-10
5935 2.608570261e-10
5936 2.607471962e-10
5937 2.60637431e-10
5938 2.605277305e-10
5939 2.604180946e-10
5940 2.603085233e-10
5941 2.601990165e-10
5942 2.600895743e-10
5943 2.599801964e-10
5944 2.59870883e-10
5945 2.597616338e-10
5946 2.59652449e-10
5947 2.595433284e-10
5948 2.59434272e-10
5949 2.593252798e-10
5950 2.592163516e-10
5951 2.591074875e-10
5952 2.589986874e-10
5953 2.588899512e-10
5954 2.587812789e-10
5955 2.586726705e-10
5956 2.585641259e-10
5957 2.58455645e-10
5958 2.583472279e-10
5959 2.582388744e-10
5960 2.581305845e-10
5961 2.580223582e-10
5962 2.579141954e-10
5963 2.578060961e-10
5964 2.576980602e-10
5965 2.575900876e-10
5966 2.574821784e-10
5967 2.573743325e-10
5968 2.572665498e-10
5969 2.571588303e-10
5970 2.570511739e-10
5971 2.569435805e-10
5972 2.568360503e-10
5973 2.56728583e-10
5974 2.566211787e-10
5975 2.565138372e-10
5976 2.564065586e-10
5977 2.562993429e-10
5978 2.561921898e-10
5979 2.560850995e-10
5980 2.559780718e-10
5981 2.558711068e-10
5982 2.557642043e-10
5983 2.556573643e-10
5984 2.555505868e-10
5985 2.554438718e-10
5986 2.553372191e-10
5987 2.552306287e-10
5988 2.551241006e-10
5989 2.550176348e-10
5990 2.549112311e-10
5991 2.548048896e-10
5992 2.546986102e-10
5993 2.545923928e-10
5994 2.544862375e-10
5995 2.543801441e-10
5996 2.542741126e-10
5997 2.54168143e-10
5998 2.540622352e-10
5999 2.539563891e-10
6000 2.538506048e-10
6001 2.537448822e-10
6002 2.536392212e-10
6003 2.535336218e-10
6004 2.534280839e-10
6005 2.533226076e-10
6006 2.532171926e-10
6007 2.531118391e-10
6008 2.53006547e-10
6009 2.529013161e-10
6010 2.527961465e-10
6011 2.526910381e-10
6012 2.525859909e-10
6013 2.524810049e-10
6014 2.523760799e-10
6015 2.522712159e-10
6016 2.52166413e-10
6017 2.520616709e-10
6018 2.519569898e-10
6019 2.518523696e-10
6020 2.517478101e-10
6021 2.516433114e-10
6022 2.515388734e-10
6023 2.514344961e-10
6024 2.513301794e-10
6025 2.512259233e-10
6026 2.511217278e-10
6027 2.510175927e-10
6028 2.509135181e-10
6029 2.508095039e-10
6030 2.5070555e-10
6031 2.506016564e-10
6032 2.504978231e-10
6033 2.503940501e-10
6034 2.502903372e-10
6035 2.501866844e-10
6036 2.500830917e-10
6037 2.499795591e-10
6038 2.498760864e-10
6039 2.497726737e-10
6040 2.49669321e-10
6041 2.49566028e-10
6042 2.494627949e-10
6043 2.493596216e-10
6044 2.49256508e-10
6045 2.491534541e-10
6046 2.490504598e-10
6047 2.489475251e-10
6048 2.4884465e-10
6049 2.487418344e-10
6050 2.486390782e-10
6051 2.485363815e-10
6052 2.484337441e-10
6053 2.483311661e-10
6054 2.482286474e-10
6055 2.481261878e-10
6056 2.480237875e-10
6057 2.479214464e-10
6058 2.478191643e-10
6059 2.477169414e-10
6060 2.476147774e-10
6061 2.475126724e-10
6062 2.474106264e-10
6063 2.473086392e-10
6064 2.472067109e-10
6065 2.471048415e-10
6066 2.470030307e-10
6067 2.469012787e-10
6068 2.467995853e-10
6069 2.466979506e-10
6070 2.465963745e-10
6071 2.464948569e-10
6072 2.463933978e-10
6073 2.462919972e-10
6074 2.46190655e-10
6075 2.460893711e-10
6076 2.459881456e-10
6077 2.458869784e-10
6078 2.457858694e-10
6079 2.456848186e-10
6080 2.455838259e-10
6081 2.454828914e-10
6082 2.453820149e-10
6083 2.452811965e-10
6084 2.45180436e-10
6085 2.450797335e-10
6086 2.449790889e-10
6087 2.448785021e-10
6088 2.447779731e-10
6089 2.446775019e-10
6090 2.445770885e-10
6091 2.444767327e-10
6092 2.443764345e-10
6093 2.44276194e-10
6094 2.44176011e-10
6095 2.440758855e-10
6096 2.439758175e-10
6097 2.438758069e-10
6098 2.437758537e-10
6099 2.436759579e-10
6100 2.435761193e-10
6101 2.43476338e-10
6102 2.433766139e-10
6103 2.43276947e-10
6104 2.431773373e-10
6105 2.430777846e-10
6106 2.429782889e-10
6107 2.428788503e-10
6108 2.427794687e-10
6109 2.426801439e-10
6110 2.425808761e-10
6111 2.42481665e-10
6112 2.423825108e-10
6113 2.422834133e-10
6114 2.421843726e-10
6115 2.420853885e-10
6116 2.41986461e-10
6117 2.418875902e-10
6118 2.417887758e-10
6119 2.41690018e-10
6120 2.415913166e-10
6121 2.414926717e-10
6122 2.413940832e-10
6123 2.412955509e-10
6124 2.41197075e-10
6125 2.410986554e-10
6126 2.410002919e-10
6127 2.409019846e-10
6128 2.408037335e-10
6129 2.407055384e-10
6130 2.406073994e-10
6131 2.405093164e-10
6132 2.404112894e-10
6133 2.403133183e-10
6134 2.402154031e-10
6135 2.401175437e-10
6136 2.400197401e-10
6137 2.399219923e-10
6138 2.398243002e-10
6139 2.397266638e-10
6140 2.396290831e-10
6141 2.395315579e-10
6142 2.394340883e-10
6143 2.393366742e-10
6144 2.392393156e-10
6145 2.391420124e-10
6146 2.390447647e-10
6147 2.389475722e-10
6148 2.388504351e-10
6149 2.387533533e-10
6150 2.386563267e-10
6151 2.385593553e-10
6152 2.38462439e-10
6153 2.383655779e-10
6154 2.382687718e-10
6155 2.381720208e-10
6156 2.380753248e-10
6157 2.379786837e-10
6158 2.378820975e-10
6159 2.377855662e-10
6160 2.376890897e-10
6161 2.37592668e-10
6162 2.374963011e-10
6163 2.373999889e-10
6164 2.373037314e-10
6165 2.372075284e-10
6166 2.371113801e-10
6167 2.370152863e-10
6168 2.369192471e-10
6169 2.368232623e-10
6170 2.36727332e-10
6171 2.36631456e-10
6172 2.365356344e-10
6173 2.364398671e-10
6174 2.363441541e-10
6175 2.362484953e-10
6176 2.361528907e-10
6177 2.360573403e-10
6178 2.35961844e-10
6179 2.358664017e-10
6180 2.357710135e-10
6181 2.356756793e-10
6182 2.355803991e-10
6183 2.354851728e-10
6184 2.353900003e-10
6185 2.352948817e-10
6186 2.351998169e-10
6187 2.351048059e-10
6188 2.350098486e-10
6189 2.34914945e-10
6190 2.34820095e-10
6191 2.347252986e-10
6192 2.346305558e-10
6193 2.345358665e-10
6194 2.344412308e-10
6195 2.343466484e-10
6196 2.342521195e-10
6197 2.34157644e-10
6198 2.340632217e-10
6199 2.339688528e-10
6200 2.338745372e-10
6201 2.337802747e-10
6202 2.336860655e-10
6203 2.335919094e-10
6204 2.334978063e-10
6205 2.334037564e-10
6206 2.333097595e-10
6207 2.332158155e-10
6208 2.331219246e-10
6209 2.330280865e-10
6210 2.329343013e-10
6211 2.328405689e-10
6212 2.327468894e-10
6213 2.326532626e-10
6214 2.325596885e-10
6215 2.324661671e-10
6216 2.323726983e-10
6217 2.322792821e-10
6218 2.321859185e-10
6219 2.320926075e-10
6220 2.319993489e-10
6221 2.319061428e-10
6222 2.318129891e-10
6223 2.317198878e-10
6224 2.316268388e-10
6225 2.315338421e-10
6226 2.314408977e-10
6227 2.313480055e-10
6228 2.312551655e-10
6229 2.311623776e-10
6230 2.310696419e-10
6231 2.309769582e-10
6232 2.308843266e-10
6233 2.30791747e-10
6234 2.306992193e-10
6235 2.306067436e-10
6236 2.305143197e-10
6237 2.304219477e-10
6238 2.303296276e-10
6239 2.302373592e-10
6240 2.301451425e-10
6241 2.300529775e-10
6242 2.299608642e-10
6243 2.298688025e-10
6244 2.297767925e-10
6245 2.296848339e-10
6246 2.295929269e-10
6247 2.295010714e-10
6248 2.294092673e-10
6249 2.293175146e-10
6250 2.292258132e-10
6251 2.291341632e-10
6252 2.290425645e-10
6253 2.289510171e-10
6254 2.288595209e-10
6255 2.287680758e-10
6256 2.286766819e-10
6257 2.285853391e-10
6258 2.284940474e-10
6259 2.284028067e-10
6260 2.28311617e-10
6261 2.282204783e-10
6262 2.281293905e-10
6263 2.280383536e-10
6264 2.279473675e-10
6265 2.278564323e-10
6266 2.277655478e-10
6267 2.276747141e-10
6268 2.275839311e-10
6269 2.274931988e-10
6270 2.274025171e-10
6271 2.27311886e-10
6272 2.272213054e-10
6273 2.271307754e-10
6274 2.270402959e-10
6275 2.269498668e-10
6276 2.268594881e-10
6277 2.267691598e-10
6278 2.266788819e-10
6279 2.265886543e-10
6280 2.264984769e-10
6281 2.264083498e-10
6282 2.263182728e-10
6283 2.262282461e-10
6284 2.261382695e-10
6285 2.260483429e-10
6286 2.259584664e-10
6287 2.2586864e-10
6288 2.257788635e-10
6289 2.25689137e-10
6290 2.255994604e-10
6291 2.255098336e-10
6292 2.254202567e-10
6293 2.253307296e-10
6294 2.252412523e-10
6295 2.251518247e-10
6296 2.250624469e-10
6297 2.249731186e-10
6298 2.248838401e-10
6299 2.247946111e-10
6300 2.247054316e-10
6301 2.246163017e-10
6302 2.245272213e-10
6303 2.244381903e-10
6304 2.243492087e-10
6305 2.242602766e-10
6306 2.241713937e-10
6307 2.240825602e-10
6308 2.23993776e-10
6309 2.23905041e-10
6310 2.238163552e-10
6311 2.237277185e-10
6312 2.23639131e-10
6313 2.235505926e-10
6314 2.234621033e-10
6315 2.23373663e-10
6316 2.232852717e-10
6317 2.231969294e-10
6318 2.23108636e-10
6319 2.230203914e-10
6320 2.229321958e-10
6321 2.228440489e-10
6322 2.227559508e-10
6323 2.226679015e-10
6324 2.225799009e-10
6325 2.22491949e-10
6326 2.224040458e-10
6327 2.223161911e-10
6328 2.222283851e-10
6329 2.221406275e-10
6330 2.220529185e-10
6331 2.21965258e-10
6332 2.218776459e-10
6333 2.217900822e-10
6334 2.217025669e-10
6335 2.216150999e-10
6336 2.215276812e-10
6337 2.214403108e-10
6338 2.213529886e-10
6339 2.212657146e-10
6340 2.211784888e-10
6341 2.210913111e-10
6342 2.210041816e-10
6343 2.209171e-10
6344 2.208300666e-10
6345 2.207430811e-10
6346 2.206561435e-10
6347 2.205692539e-10
6348 2.204824122e-10
6349 2.203956184e-10
6350 2.203088724e-10
6351 2.202221741e-10
6352 2.201355237e-10
6353 2.200489209e-10
6354 2.199623659e-10
6355 2.198758585e-10
6356 2.197893987e-10
6357 2.197029865e-10
6358 2.196166219e-10
6359 2.195303048e-10
6360 2.194440351e-10
6361 2.19357813e-10
6362 2.192716382e-10
6363 2.191855109e-10
6364 2.190994309e-10
6365 2.190133982e-10
6366 2.189274128e-10
6367 2.188414747e-10
6368 2.187555837e-10
6369 2.1866974e-10
6370 2.185839434e-10
6371 2.18498194e-10
6372 2.184124916e-10
6373 2.183268363e-10
6374 2.18241228e-10
6375 2.181556667e-10
6376 2.180701523e-10
6377 2.179846849e-10
6378 2.178992644e-10
6379 2.178138907e-10
6380 2.177285638e-10
6381 2.176432837e-10
6382 2.175580504e-10
6383 2.174728638e-10
6384 2.173877239e-10
6385 2.173026307e-10
6386 2.17217584e-10
6387 2.17132584e-10
6388 2.170476305e-10
6389 2.169627236e-10
6390 2.168778631e-10
6391 2.167930491e-10
6392 2.167082816e-10
6393 2.166235604e-10
6394 2.165388856e-10
6395 2.164542571e-10
6396 2.163696749e-10
6397 2.16285139e-10
6398 2.162006493e-10
6399 2.161162059e-10
6400 2.160318086e-10
6401 2.159474574e-10
6402 2.158631523e-10
6403 2.157788933e-10
6404 2.156946803e-10
6405 2.156105134e-10
6406 2.155263924e-10
6407 2.154423173e-10
6408 2.153582882e-10
6409 2.152743049e-10
6410 2.151903675e-10
6411 2.151064759e-10
6412 2.150226301e-10
6413 2.1493883e-10
6414 2.148550756e-10
6415 2.147713669e-10
6416 2.146877039e-10
6417 2.146040865e-10
6418 2.145205147e-10
6419 2.144369884e-10
6420 2.143535076e-10
6421 2.142700724e-10
6422 2.141866826e-10
6423 2.141033382e-10
6424 2.140200393e-10
6425 2.139367857e-10
6426 2.138535774e-10
6427 2.137704144e-10
6428 2.136872967e-10
6429 2.136042243e-10
6430 2.13521197e-10
6431 2.134382149e-10
6432 2.13355278e-10
6433 2.132723862e-10
6434 2.131895394e-10
6435 2.131067377e-10
6436 2.13023981e-10
6437 2.129412693e-10
6438 2.128586026e-10
6439 2.127759808e-10
6440 2.126934038e-10
6441 2.126108718e-10
6442 2.125283845e-10
6443 2.124459421e-10
6444 2.123635444e-10
6445 2.122811914e-10
6446 2.121988832e-10
6447 2.121166196e-10
6448 2.120344007e-10
6449 2.119522264e-10
6450 2.118700966e-10
6451 2.117880114e-10
6452 2.117059708e-10
6453 2.116239746e-10
6454 2.115420228e-10
6455 2.114601155e-10
6456 2.113782526e-10
6457 2.11296434e-10
6458 2.112146598e-10
6459 2.111329299e-10
6460 2.110512442e-10
6461 2.109696028e-10
6462 2.108880056e-10
6463 2.108064525e-10
6464 2.107249437e-10
6465 2.106434789e-10
6466 2.105620582e-10
6467 2.104806815e-10
6468 2.103993489e-10
6469 2.103180603e-10
6470 2.102368156e-10
6471 2.101556149e-10
6472 2.100744581e-10
6473 2.099933451e-10
6474 2.09912276e-10
6475 2.098312507e-10
6476 2.097502692e-10
6477 2.096693314e-10
6478 2.095884373e-10
6479 2.095075869e-10
6480 2.094267802e-10
6481 2.093460171e-10
6482 2.092652976e-10
6483 2.091846217e-10
6484 2.091039893e-10
6485 2.090234004e-10
6486 2.08942855e-10
6487 2.08862353e-10
6488 2.087818945e-10
6489 2.087014793e-10
6490 2.086211075e-10
6491 2.08540779e-10
6492 2.084604938e-10
6493 2.083802519e-10
6494 2.083000532e-10
6495 2.082198977e-10
6496 2.081397854e-10
6497 2.080597163e-10
6498 2.079796902e-10
6499 2.078997073e-10
6500 2.078197674e-10
6501 2.077398705e-10
6502 2.076600166e-10
6503 2.075802057e-10
6504 2.075004377e-10
6505 2.074207126e-10
6506 2.073410305e-10
6507 2.072613911e-10
6508 2.071817946e-10
6509 2.071022409e-10
6510 2.070227299e-10
6511 2.069432616e-10
6512 2.068638361e-10
6513 2.067844532e-10
6514 2.06705113e-10
6515 2.066258154e-10
6516 2.065465603e-10
6517 2.064673478e-10
6518 2.063881779e-10
6519 2.063090504e-10
6520 2.062299654e-10
6521 2.061509228e-10
6522 2.060719227e-10
6523 2.059929649e-10
6524 2.059140494e-10
6525 2.058351763e-10
6526 2.057563455e-10
6527 2.056775569e-10
6528 2.055988106e-10
6529 2.055201065e-10
6530 2.054414445e-10
6531 2.053628247e-10
6532 2.05284247e-10
6533 2.052057114e-10
6534 2.051272178e-10
6535 2.050487663e-10
6536 2.049703568e-10
6537 2.048919892e-10
6538 2.048136636e-10
6539 2.047353799e-10
6540 2.04657138e-10
6541 2.045789381e-10
6542 2.045007799e-10
6543 2.044226636e-10
6544 2.04344589e-10
6545 2.042665562e-10
6546 2.041885651e-10
6547 2.041106156e-10
6548 2.040327078e-10
6549 2.039548417e-10
6550 2.038770171e-10
6551 2.037992341e-10
6552 2.037214926e-10
6553 2.036437927e-10
6554 2.035661342e-10
6555 2.034885172e-10
6556 2.034109416e-10
6557 2.033334074e-10
6558 2.032559146e-10
6559 2.031784632e-10
6560 2.03101053e-10
6561 2.030236841e-10
6562 2.029463565e-10
6563 2.028690701e-10
6564 2.027918249e-10
6565 2.027146209e-10
6566 2.02637458e-10
6567 2.025603362e-10
6568 2.024832555e-10
6569 2.024062159e-10
6570 2.023292173e-10
6571 2.022522597e-10
6572 2.021753431e-10
6573 2.020984674e-10
6574 2.020216326e-10
6575 2.019448388e-10
6576 2.018680858e-10
6577 2.017913736e-10
6578 2.017147022e-10
6579 2.016380716e-10
6580 2.015614818e-10
6581 2.014849327e-10
6582 2.014084242e-10
6583 2.013319565e-10
6584 2.012555294e-10
6585 2.011791429e-10
6586 2.011027969e-10
6587 2.010264916e-10
6588 2.009502267e-10
6589 2.008740024e-10
6590 2.007978185e-10
6591 2.007216751e-10
6592 2.006455721e-10
6593 2.005695095e-10
6594 2.004934872e-10
6595 2.004175053e-10
6596 2.003415637e-10
6597 2.002656624e-10
6598 2.001898013e-10
6599 2.001139805e-10
6600 2.000381998e-10
6601 1.999624593e-10
6602 1.99886759e-10
6603 1.998110987e-10
6604 1.997354786e-10
6605 1.996598985e-10
6606 1.995843585e-10
6607 1.995088584e-10
6608 1.994333984e-10
6609 1.993579783e-10
6610 1.992825981e-10
6611 1.992072578e-10
6612 1.991319574e-10
6613 1.990566968e-10
6614 1.98981476e-10
6615 1.989062951e-10
6616 1.988311539e-10
6617 1.987560524e-10
6618 1.986809906e-10
6619 1.986059685e-10
6620 1.985309861e-10
6621 1.984560433e-10
6622 1.983811401e-10
6623 1.983062765e-10
6624 1.982314524e-10
6625 1.981566678e-10
6626 1.980819227e-10
6627 1.980072171e-10
6628 1.97932551e-10
6629 1.978579242e-10
6630 1.977833368e-10
6631 1.977087888e-10
6632 1.976342801e-10
6633 1.975598108e-10
6634 1.974853807e-10
6635 1.974109898e-10
6636 1.973366382e-10
6637 1.972623258e-10
6638 1.971880525e-10
6639 1.971138184e-10
6640 1.970396234e-10
6641 1.969654675e-10
6642 1.968913507e-10
6643 1.968172729e-10
6644 1.967432341e-10
6645 1.966692344e-10
6646 1.965952735e-10
6647 1.965213516e-10
6648 1.964474687e-10
6649 1.963736246e-10
6650 1.962998193e-10
6651 1.962260529e-10
6652 1.961523253e-10
6653 1.960786364e-10
6654 1.960049863e-10
6655 1.95931375e-10
6656 1.958578023e-10
6657 1.957842683e-10
6658 1.95710773e-10
6659 1.956373162e-10
6660 1.955638981e-10
6661 1.954905185e-10
6662 1.954171775e-10
6663 1.95343875e-10
6664 1.952706109e-10
6665 1.951973854e-10
6666 1.951241983e-10
6667 1.950510495e-10
6668 1.949779392e-10
6669 1.949048672e-10
6670 1.948318336e-10
6671 1.947588383e-10
6672 1.946858812e-10
6673 1.946129624e-10
6674 1.945400819e-10
6675 1.944672395e-10
6676 1.943944353e-10
6677 1.943216693e-10
6678 1.942489414e-10
6679 1.941762516e-10
6680 1.941035999e-10
6681 1.940309862e-10
6682 1.939584106e-10
6683 1.93885873e-10
6684 1.938133733e-10
6685 1.937409116e-10
6686 1.936684878e-10
6687 1.935961019e-10
6688 1.935237538e-10
6689 1.934514436e-10
6690 1.933791713e-10
6691 1.933069367e-10
6692 1.932347399e-10
6693 1.931625808e-10
6694 1.930904595e-10
6695 1.930183759e-10
6696 1.929463299e-10
6697 1.928743216e-10
6698 1.928023508e-10
6699 1.927304177e-10
6700 1.926585222e-10
6701 1.925866641e-10
6702 1.925148436e-10
6703 1.924430606e-10
6704 1.923713151e-10
6705 1.92299607e-10
6706 1.922279363e-10
6707 1.92156303e-10
6708 1.920847071e-10
6709 1.920131485e-10
6710 1.919416273e-10
6711 1.918701433e-10
6712 1.917986966e-10
6713 1.917272871e-10
6714 1.916559148e-10
6715 1.915845798e-10
6716 1.915132819e-10
6717 1.914420211e-10
6718 1.913707975e-10
6719 1.912996109e-10
6720 1.912284615e-10
6721 1.91157349e-10
6722 1.910862736e-10
6723 1.910152352e-10
6724 1.909442337e-10
6725 1.908732692e-10
6726 1.908023416e-10
6727 1.907314509e-10
6728 1.90660597e-10
6729 1.905897801e-10
6730 1.905189999e-10
6731 1.904482565e-10
6732 1.903775499e-10
6733 1.9030688e-10
6734 1.902362469e-10
6735 1.901656504e-10
6736 1.900950907e-10
6737 1.900245675e-10
6738 1.89954081e-10
6739 1.898836311e-10
6740 1.898132178e-10
6741 1.89742841e-10
6742 1.896725008e-10
6743 1.89602197e-10
6744 1.895319297e-10
6745 1.894616989e-10
6746 1.893915045e-10
6747 1.893213465e-10
6748 1.892512249e-10
6749 1.891811396e-10
6750 1.891110907e-10
6751 1.890410781e-10
6752 1.889711017e-10
6753 1.889011617e-10
6754 1.888312578e-10
6755 1.887613902e-10
6756 1.886915587e-10
6757 1.886217635e-10
6758 1.885520043e-10
6759 1.884822813e-10
6760 1.884125943e-10
6761 1.883429434e-10
6762 1.882733286e-10
6763 1.882037498e-10
6764 1.88134207e-10
6765 1.880647001e-10
6766 1.879952292e-10
6767 1.879257942e-10
6768 1.878563951e-10
6769 1.877870319e-10
6770 1.877177045e-10
6771 1.87648413e-10
6772 1.875791573e-10
6773 1.875099373e-10
6774 1.874407531e-10
6775 1.873716047e-10
6776 1.873024919e-10
6777 1.872334148e-10
6778 1.871643734e-10
6779 1.870953676e-10
6780 1.870263975e-10
6781 1.869574629e-10
6782 1.868885639e-10
6783 1.868197004e-10
6784 1.867508725e-10
6785 1.8668208e-10
6786 1.86613323e-10
6787 1.865446015e-10
6788 1.864759154e-10
6789 1.864072647e-10
6790 1.863386494e-10
6791 1.862700694e-10
6792 1.862015247e-10
6793 1.861330154e-10
6794 1.860645414e-10
6795 1.859961026e-10
6796 1.85927699e-10
6797 1.858593307e-10
6798 1.857909975e-10
6799 1.857226995e-10
6800 1.856544367e-10
6801 1.85586209e-10
6802 1.855180164e-10
6803 1.854498588e-10
6804 1.853817363e-10
6805 1.853136489e-10
6806 1.852455964e-10
6807 1.851775789e-10
6808 1.851095964e-10
6809 1.850416488e-10
6810 1.849737362e-10
6811 1.849058584e-10
6812 1.848380155e-10
6813 1.847702074e-10
6814 1.847024342e-10
6815 1.846346957e-10
6816 1.84566992e-10
6817 1.844993231e-10
6818 1.844316889e-10
6819 1.843640894e-10
6820 1.842965246e-10
6821 1.842289945e-10
6822 1.84161499e-10
6823 1.840940381e-10
6824 1.840266118e-10
6825 1.8395922e-10
6826 1.838918629e-10
6827 1.838245402e-10
6828 1.83757252e-10
6829 1.836899983e-10
6830 1.836227791e-10
6831 1.835555943e-10
6832 1.834884439e-10
6833 1.834213279e-10
6834 1.833542463e-10
6835 1.83287199e-10
6836 1.83220186e-10
6837 1.831532073e-10
6838 1.830862629e-10
6839 1.830193527e-10
6840 1.829524768e-10
6841 1.828856351e-10
6842 1.828188276e-10
6843 1.827520542e-10
6844 1.826853149e-10
6845 1.826186098e-10
6846 1.825519388e-10
6847 1.824853018e-10
6848 1.824186989e-10
6849 1.823521301e-10
6850 1.822855952e-10
6851 1.822190943e-10
6852 1.821526274e-10
6853 1.820861944e-10
6854 1.820197953e-10
6855 1.819534301e-10
6856 1.818870988e-10
6857 1.818208013e-10
6858 1.817545377e-10
6859 1.816883079e-10
6860 1.816221118e-10
6861 1.815559495e-10
6862 1.81489821e-10
6863 1.814237261e-10
6864 1.81357665e-10
6865 1.812916375e-10
6866 1.812256437e-10
6867 1.811596835e-10
6868 1.810937569e-10
6869 1.810278639e-10
6870 1.809620044e-10
6871 1.808961785e-10
6872 1.808303861e-10
6873 1.807646272e-10
6874 1.806989018e-10
6875 1.806332098e-10
6876 1.805675513e-10
6877 1.805019262e-10
6878 1.804363344e-10
6879 1.80370776e-10
6880 1.80305251e-10
6881 1.802397593e-10
6882 1.801743009e-10
6883 1.801088757e-10
6884 1.800434838e-10
6885 1.799781252e-10
6886 1.799127997e-10
6887 1.798475075e-10
6888 1.797822484e-10
6889 1.797170225e-10
6890 1.796518297e-10
6891 1.7958667e-10
6892 1.795215433e-10
6893 1.794564498e-10
6894 1.793913892e-10
6895 1.793263617e-10
6896 1.792613672e-10
6897 1.791964057e-10
6898 1.791314771e-10
6899 1.790665814e-10
6900 1.790017187e-10
6901 1.789368888e-10
6902 1.788720919e-10
6903 1.788073277e-10
6904 1.787425964e-10
6905 1.786778979e-10
6906 1.786132321e-10
6907 1.785485992e-10
6908 1.784839989e-10
6909 1.784194314e-10
6910 1.783548966e-10
6911 1.782903944e-10
6912 1.782259249e-10
6913 1.781614881e-10
6914 1.780970838e-10
6915 1.780327121e-10
6916 1.77968373e-10
6917 1.779040665e-10
6918 1.778397925e-10
6919 1.77775551e-10
6920 1.777113419e-10
6921 1.776471654e-10
6922 1.775830212e-10
6923 1.775189095e-10
6924 1.774548302e-10
6925 1.773907833e-10
6926 1.773267687e-10
6927 1.772627865e-10
6928 1.771988366e-10
6929 1.771349189e-10
6930 1.770710336e-10
6931 1.770071805e-10
6932 1.769433596e-10
6933 1.76879571e-10
6934 1.768158145e-10
6935 1.767520902e-10
6936 1.76688398e-10
6937 1.76624738e-10
6938 1.765611101e-10
6939 1.764975143e-10
6940 1.764339505e-10
6941 1.763704188e-10
6942 1.763069191e-10
6943 1.762434514e-10
6944 1.761800157e-10
6945 1.761166119e-10
6946 1.760532401e-10
6947 1.759899002e-10
6948 1.759265922e-10
6949 1.758633161e-10
6950 1.758000718e-10
6951 1.757368594e-10
6952 1.756736788e-10
6953 1.7561053e-10
6954 1.755474129e-10
6955 1.754843277e-10
6956 1.754212741e-10
6957 1.753582523e-10
6958 1.752952621e-10
6959 1.752323037e-10
6960 1.751693769e-10
6961 1.751064817e-10
6962 1.750436181e-10
6963 1.749807861e-10
6964 1.749179857e-10
6965 1.748552168e-10
6966 1.747924795e-10
6967 1.747297737e-10
6968 1.746670994e-10
6969 1.746044565e-10
6970 1.745418451e-10
6971 1.744792651e-10
6972 1.744167165e-10
6973 1.743541993e-10
6974 1.742917135e-10
6975 1.74229259e-10
6976 1.741668359e-10
6977 1.74104444e-10
6978 1.740420835e-10
6979 1.739797542e-10
6980 1.739174561e-10
6981 1.738551893e-10
6982 1.737929537e-10
6983 1.737307493e-10
6984 1.73668576e-10
6985 1.736064339e-10
6986 1.735443229e-10
6987 1.73482243e-10
6988 1.734201942e-10
6989 1.733581765e-10
6990 1.732961898e-10
6991 1.732342341e-10
6992 1.731723095e-10
6993 1.731104158e-10
6994 1.730485531e-10
6995 1.729867213e-10
6996 1.729249205e-10
6997 1.728631506e-10
6998 1.728014115e-10
6999 1.727397033e-10
7000 1.72678026e-10
7001 1.726163795e-10
7002 1.725547638e-10
7003 1.724931789e-10
7004 1.724316247e-10
7005 1.723701013e-10
7006 1.723086087e-10
7007 1.722471467e-10
7008 1.721857154e-10
7009 1.721243148e-10
7010 1.720629449e-10
7011 1.720016056e-10
7012 1.719402968e-10
7013 1.718790187e-10
7014 1.718177712e-10
7015 1.717565542e-10
7016 1.716953677e-10
7017 1.716342117e-10
7018 1.715730862e-10
7019 1.715119912e-10
7020 1.714509267e-10
7021 1.713898926e-10
7022 1.713288889e-10
7023 1.712679156e-10
7024 1.712069727e-10
7025 1.711460601e-10
7026 1.710851778e-10
7027 1.710243259e-10
7028 1.709635043e-10
7029 1.70902713e-10
7030 1.708419519e-10
7031 1.70781221e-10
7032 1.707205204e-10
7033 1.7065985e-10
7034 1.705992097e-10
7035 1.705385996e-10
7036 1.704780197e-10
7037 1.704174699e-10
7038 1.703569501e-10
7039 1.702964605e-10
7040 1.702360009e-10
7041 1.701755714e-10
7042 1.701151719e-10
7043 1.700548025e-10
7044 1.69994463e-10
7045 1.699341534e-10
7046 1.698738739e-10
7047 1.698136242e-10
7048 1.697534045e-10
7049 1.696932146e-10
7050 1.696330547e-10
7051 1.695729246e-10
7052 1.695128243e-10
7053 1.694527538e-10
7054 1.693927132e-10
7055 1.693327023e-10
7056 1.692727212e-10
7057 1.692127698e-10
7058 1.691528481e-10
7059 1.690929562e-10
7060 1.690330939e-10
7061 1.689732613e-10
7062 1.689134583e-10
7063 1.68853685e-10
7064 1.687939413e-10
7065 1.687342272e-10
7066 1.686745426e-10
7067 1.686148876e-10
7068 1.685552621e-10
7069 1.684956661e-10
7070 1.684360997e-10
7071 1.683765627e-10
7072 1.683170552e-10
7073 1.682575771e-10
7074 1.681981284e-10
7075 1.681387091e-10
7076 1.680793192e-10
7077 1.680199587e-10
7078 1.679606275e-10
7079 1.679013257e-10
7080 1.678420532e-10
7081 1.677828099e-10
7082 1.677235959e-10
7083 1.676644112e-10
7084 1.676052557e-10
7085 1.675461294e-10
7086 1.674870324e-10
7087 1.674279645e-10
7088 1.673689257e-10
7089 1.673099161e-10
7090 1.672509356e-10
7091 1.671919843e-10
7092 1.67133062e-10
7093 1.670741688e-10
7094 1.670153046e-10
7095 1.669564695e-10
7096 1.668976633e-10
7097 1.668388862e-10
7098 1.667801381e-10
7099 1.667214189e-10
7100 1.666627286e-10
7101 1.666040673e-10
7102 1.665454348e-10
7103 1.664868313e-10
7104 1.664282566e-10
7105 1.663697107e-10
7106 1.663111937e-10
7107 1.662527055e-10
7108 1.661942461e-10
7109 1.661358155e-10
7110 1.660774136e-10
7111 1.660190405e-10
7112 1.659606961e-10
7113 1.659023804e-10
7114 1.658440933e-10
7115 1.65785835e-10
7116 1.657276052e-10
7117 1.656694041e-10
7118 1.656112317e-10
7119 1.655530878e-10
7120 1.654949725e-10
7121 1.654368857e-10
7122 1.653788275e-10
7123 1.653207978e-10
7124 1.652627966e-10
7125 1.652048239e-10
7126 1.651468797e-10
7127 1.650889639e-10
7128 1.650310765e-10
7129 1.649732176e-10
7130 1.64915387e-10
7131 1.648575848e-10
7132 1.64799811e-10
7133 1.647420656e-10
7134 1.646843484e-10
7135 1.646266596e-10
7136 1.64568999e-10
7137 1.645113667e-10
7138 1.644537627e-10
7139 1.643961869e-10
7140 1.643386393e-10
7141 1.642811199e-10
7142 1.642236287e-10
7143 1.641661657e-10
7144 1.641087308e-10
7145 1.64051324e-10
7146 1.639939453e-10
7147 1.639365948e-10
7148 1.638792723e-10
7149 1.638219778e-10
7150 1.637647114e-10
7151 1.637074731e-10
7152 1.636502627e-10
7153 1.635930803e-10
7154 1.635359259e-10
7155 1.634787994e-10
7156 1.634217009e-10
7157 1.633646303e-10
7158 1.633075876e-10
7159 1.632505728e-10
7160 1.631935858e-10
7161 1.631366267e-10
7162 1.630796954e-10
7163 1.630227919e-10
7164 1.629659162e-10
7165 1.629090683e-10
7166 1.628522481e-10
7167 1.627954557e-10
7168 1.62738691e-10
7169 1.62681954e-10
7170 1.626252447e-10
7171 1.625685631e-10
7172 1.625119092e-10
7173 1.624552828e-10
7174 1.623986841e-10
7175 1.62342113e-10
7176 1.622855695e-10
7177 1.622290535e-10
7178 1.621725651e-10
7179 1.621161042e-10
7180 1.620596709e-10
7181 1.62003265e-10
7182 1.619468867e-10
7183 1.618905357e-10
7184 1.618342123e-10
7185 1.617779162e-10
7186 1.617216476e-10
7187 1.616654064e-10
7188 1.616091925e-10
7189 1.615530061e-10
7190 1.614968469e-10
7191 1.614407151e-10
7192 1.613846106e-10
7193 1.613285334e-10
7194 1.612724834e-10
7195 1.612164608e-10
7196 1.611604653e-10
7197 1.611044971e-10
7198 1.610485561e-10
7199 1.609926423e-10
7200 1.609367557e-10
7201 1.608808962e-10
7202 1.608250638e-10
7203 1.607692586e-10
7204 1.607134805e-10
7205 1.606577295e-10
7206 1.606020055e-10
7207 1.605463086e-10
7208 1.604906388e-10
7209 1.604349959e-10
7210 1.603793801e-10
7211 1.603237913e-10
7212 1.602682294e-10
7213 1.602126945e-10
7214 1.601571865e-10
7215 1.601017054e-10
7216 1.600462513e-10
7217 1.59990824e-10
7218 1.599354236e-10
7219 1.5988005e-10
7220 1.598247033e-10
7221 1.597693834e-10
7222 1.597140903e-10
7223 1.59658824e-10
7224 1.596035845e-10
7225 1.595483717e-10
7226 1.594931857e-10
7227 1.594380264e-10
7228 1.593828937e-10
7229 1.593277878e-10
7230 1.592727085e-10
7231 1.592176559e-10
7232 1.5916263e-10
7233 1.591076306e-10
7234 1.590526579e-10
7235 1.589977117e-10
7236 1.589427921e-10
7237 1.588878991e-10
7238 1.588330326e-10
7239 1.587781926e-10
7240 1.587233791e-10
7241 1.586685921e-10
7242 1.586138316e-10
7243 1.585590975e-10
7244 1.585043899e-10
7245 1.584497087e-10
7246 1.583950539e-10
7247 1.583404255e-10
7248 1.582858235e-10
7249 1.582312478e-10
7250 1.581766985e-10
7251 1.581221755e-10
7252 1.580676788e-10
7253 1.580132084e-10
7254 1.579587643e-10
7255 1.579043464e-10
7256 1.578499547e-10
7257 1.577955893e-10
7258 1.577412501e-10
7259 1.576869371e-10
7260 1.576326503e-10
7261 1.575783897e-10
7262 1.575241551e-10
7263 1.574699468e-10
7264 1.574157645e-10
7265 1.573616083e-10
7266 1.573074782e-10
7267 1.572533742e-10
7268 1.571992962e-10
7269 1.571452442e-10
7270 1.570912183e-10
7271 1.570372184e-10
7272 1.569832444e-10
7273 1.569292964e-10
7274 1.568753744e-10
7275 1.568214783e-10
7276 1.567676081e-10
7277 1.567137638e-10
7278 1.566599454e-10
7279 1.566061529e-10
7280 1.565523863e-10
7281 1.564986454e-10
7282 1.564449305e-10
7283 1.563912413e-10
7284 1.563375779e-10
7285 1.562839402e-10
7286 1.562303284e-10
7287 1.561767423e-10
7288 1.561231819e-10
7289 1.560696472e-10
7290 1.560161382e-10
7291 1.559626549e-10
7292 1.559091973e-10
7293 1.558557653e-10
7294 1.558023589e-10
7295 1.557489782e-10
7296 1.556956231e-10
7297 1.556422935e-10
7298 1.555889895e-10
7299 1.555357111e-10
7300 1.554824582e-10
7301 1.554292309e-10
7302 1.55376029e-10
7303 1.553228526e-10
7304 1.552697017e-10
7305 1.552165763e-10
7306 1.551634763e-10
7307 1.551104018e-10
7308 1.550573526e-10
7309 1.550043289e-10
7310 1.549513305e-10
7311 1.548983575e-10
7312 1.548454098e-10
7313 1.547924875e-10
7314 1.547395905e-10
7315 1.546867188e-10
7316 1.546338724e-10
7317 1.545810513e-10
7318 1.545282554e-10
7319 1.544754848e-10
7320 1.544227394e-10
7321 1.543700192e-10
7322 1.543173242e-10
7323 1.542646543e-10
7324 1.542120097e-10
7325 1.541593902e-10
7326 1.541067958e-10
7327 1.540542265e-10
7328 1.540016823e-10
7329 1.539491633e-10
7330 1.538966693e-10
7331 1.538442003e-10
7332 1.537917564e-10
7333 1.537393375e-10
7334 1.536869437e-10
7335 1.536345748e-10
7336 1.535822309e-10
7337 1.53529912e-10
7338 1.53477618e-10
7339 1.534253489e-10
7340 1.533731048e-10
7341 1.533208856e-10
7342 1.532686912e-10
7343 1.532165217e-10
7344 1.531643771e-10
7345 1.531122574e-10
7346 1.530601624e-10
7347 1.530080923e-10
7348 1.529560469e-10
7349 1.529040264e-10
7350 1.528520306e-10
7351 1.528000595e-10
7352 1.527481132e-10
7353 1.526961917e-10
7354 1.526442948e-10
7355 1.525924226e-10
7356 1.525405751e-10
7357 1.524887522e-10
7358 1.52436954e-10
7359 1.523851804e-10
7360 1.523334315e-10
7361 1.522817071e-10
7362 1.522300073e-10
7363 1.521783321e-10
7364 1.521266814e-10
7365 1.520750553e-10
7366 1.520234537e-10
7367 1.519718766e-10
7368 1.519203241e-10
7369 1.51868796e-10
7370 1.518172923e-10
7371 1.517658131e-10
7372 1.517143584e-10
7373 1.51662928e-10
7374 1.516115221e-10
7375 1.515601405e-10
7376 1.515087834e-10
7377 1.514574506e-10
7378 1.514061421e-10
7379 1.51354858e-10
7380 1.513035982e-10
7381 1.512523626e-10
7382 1.512011514e-10
7383 1.511499645e-10
7384 1.510988018e-10
7385 1.510476633e-10
7386 1.509965491e-10
7387 1.50945459e-10
7388 1.508943932e-10
7389 1.508433516e-10
7390 1.507923341e-10
7391 1.507413408e-10
7392 1.506903716e-10
7393 1.506394266e-10
7394 1.505885056e-10
7395 1.505376088e-10
7396 1.50486736e-10
7397 1.504358873e-10
7398 1.503850627e-10
7399 1.50334262e-10
7400 1.502834855e-10
7401 1.502327329e-10
7402 1.501820043e-10
7403 1.501312997e-10
7404 1.50080619e-10
7405 1.500299623e-10
7406 1.499793295e-10
7407 1.499287207e-10
7408 1.498781357e-10
7409 1.498275747e-10
7410 1.497770375e-10
7411 1.497265242e-10
7412 1.496760347e-10
7413 1.496255691e-10
7414 1.495751273e-10
7415 1.495247092e-10
7416 1.49474315e-10
7417 1.494239446e-10
7418 1.493735979e-10
7419 1.493232749e-10
7420 1.492729757e-10
7421 1.492227002e-10
7422 1.491724484e-10
7423 1.491222203e-10
7424 1.490720159e-10
7425 1.490218351e-10
7426 1.48971678e-10
7427 1.489215445e-10
7428 1.488714346e-10
7429 1.488213484e-10
7430 1.487712857e-10
7431 1.487212466e-10
7432 1.48671231e-10
7433 1.48621239e-10
7434 1.485712705e-10
7435 1.485213256e-10
7436 1.484714041e-10
7437 1.484215061e-10
7438 1.483716316e-10
7439 1.483217806e-10
7440 1.48271953e-10
7441 1.482221489e-10
7442 1.481723681e-10
7443 1.481226108e-10
7444 1.480728768e-10
7445 1.480231663e-10
7446 1.479734791e-10
7447 1.479238152e-10
7448 1.478741747e-10
7449 1.478245575e-10
7450 1.477749636e-10
7451 1.477253929e-10
7452 1.476758456e-10
7453 1.476263215e-10
7454 1.475768207e-10
7455 1.475273431e-10
7456 1.474778887e-10
7457 1.474284576e-10
7458 1.473790496e-10
7459 1.473296648e-10
7460 1.472803032e-10
7461 1.472309647e-10
7462 1.471816493e-10
7463 1.471323571e-10
7464 1.47083088e-10
7465 1.47033842e-10
7466 1.46984619e-10
7467 1.469354192e-10
7468 1.468862423e-10
7469 1.468370886e-10
7470 1.467879578e-10
7471 1.467388501e-10
7472 1.466897653e-10
7473 1.466407036e-10
7474 1.465916648e-10
7475 1.465426489e-10
7476 1.46493656e-10
7477 1.464446861e-10
7478 1.46395739e-10
7479 1.463468149e-10
7480 1.462979136e-10
7481 1.462490352e-10
7482 1.462001797e-10
7483 1.46151347e-10
7484 1.461025371e-10
7485 1.460537501e-10
7486 1.460049859e-10
7487 1.459562444e-10
7488 1.459075258e-10
7489 1.458588299e-10
7490 1.458101567e-10
7491 1.457615063e-10
7492 1.457128786e-10
7493 1.456642736e-10
7494 1.456156913e-10
7495 1.455671317e-10
7496 1.455185948e-10
7497 1.454700805e-10
7498 1.454215889e-10
7499 1.453731199e-10
7500 1.453246735e-10
7501 1.452762497e-10
7502 1.452278484e-10
7503 1.451794698e-10
7504 1.451311137e-10
7505 1.450827802e-10
7506 1.450344692e-10
7507 1.449861807e-10
7508 1.449379147e-10
7509 1.448896712e-10
7510 1.448414502e-10
7511 1.447932517e-10
7512 1.447450756e-10
7513 1.446969219e-10
7514 1.446487907e-10
7515 1.446006819e-10
7516 1.445525954e-10
7517 1.445045314e-10
7518 1.444564897e-10
7519 1.444084704e-10
7520 1.443604735e-10
7521 1.443124988e-10
7522 1.442645465e-10
7523 1.442166165e-10
7524 1.441687088e-10
7525 1.441208233e-10
7526 1.440729601e-10
7527 1.440251192e-10
7528 1.439773005e-10
7529 1.439295041e-10
7530 1.438817298e-10
7531 1.438339777e-10
7532 1.437862479e-10
7533 1.437385402e-10
7534 1.436908546e-10
7535 1.436431912e-10
7536 1.435955499e-10
7537 1.435479308e-10
7538 1.435003337e-10
7539 1.434527588e-10
7540 1.434052059e-10
7541 1.433576751e-10
7542 1.433101664e-10
7543 1.432626796e-10
7544 1.432152149e-10
7545 1.431677723e-10
7546 1.431203516e-10
7547 1.430729529e-10
7548 1.430255762e-10
7549 1.429782214e-10
7550 1.429308886e-10
7551 1.428835777e-10
7552 1.428362888e-10
7553 1.427890217e-10
7554 1.427417766e-10
7555 1.426945533e-10
7556 1.426473519e-10
7557 1.426001724e-10
7558 1.425530147e-10
7559 1.425058788e-10
7560 1.424587647e-10
7561 1.424116725e-10
7562 1.42364602e-10
7563 1.423175534e-10
7564 1.422705264e-10
7565 1.422235213e-10
7566 1.421765379e-10
7567 1.421295762e-10
7568 1.420826362e-10
7569 1.420357179e-10
7570 1.419888213e-10
7571 1.419419464e-10
7572 1.418950931e-10
7573 1.418482615e-10
7574 1.418014515e-10
7575 1.417546632e-10
7576 1.417078965e-10
7577 1.416611513e-10
7578 1.416144278e-10
7579 1.415677258e-10
7580 1.415210453e-10
7581 1.414743865e-10
7582 1.414277491e-10
7583 1.413811333e-10
7584 1.41334539e-10
7585 1.412879662e-10
7586 1.412414148e-10
7587 1.41194885e-10
7588 1.411483765e-10
7589 1.411018896e-10
7590 1.41055424e-10
7591 1.410089799e-10
7592 1.409625572e-10
7593 1.409161559e-10
7594 1.40869776e-10
7595 1.408234174e-10
7596 1.407770802e-10
7597 1.407307643e-10
7598 1.406844698e-10
7599 1.406381966e-10
7600 1.405919447e-10
7601 1.40545714e-10
7602 1.404995047e-10
7603 1.404533166e-10
7604 1.404071498e-10
7605 1.403610042e-10
7606 1.403148799e-10
7607 1.402687767e-10
7608 1.402226948e-10
7609 1.401766341e-10
7610 1.401305945e-10
7611 1.400845761e-10
7612 1.400385789e-10
7613 1.399926028e-10
7614 1.399466478e-10
7615 1.39900714e-10
7616 1.398548013e-10
7617 1.398089096e-10
7618 1.39763039e-10
7619 1.397171895e-10
7620 1.396713611e-10
7621 1.396255537e-10
7622 1.395797673e-10
7623 1.39534002e-10
7624 1.394882576e-10
7625 1.394425342e-10
7626 1.393968319e-10
7627 1.393511504e-10
7628 1.3930549e-10
7629 1.392598505e-10
7630 1.392142319e-10
7631 1.391686342e-10
7632 1.391230575e-10
7633 1.390775016e-10
7634 1.390319666e-10
7635 1.389864525e-10
7636 1.389409592e-10
7637 1.388954868e-10
7638 1.388500353e-10
7639 1.388046045e-10
7640 1.387591945e-10
7641 1.387138054e-10
7642 1.38668437e-10
7643 1.386230894e-10
7644 1.385777626e-10
7645 1.385324565e-10
7646 1.384871711e-10
7647 1.384419065e-10
7648 1.383966625e-10
7649 1.383514393e-10
7650 1.383062367e-10
7651 1.382610549e-10
7652 1.382158937e-10
7653 1.381707531e-10
7654 1.381256332e-10
7655 1.380805339e-10
7656 1.380354552e-10
7657 1.379903971e-10
7658 1.379453596e-10
7659 1.379003427e-10
7660 1.378553463e-10
7661 1.378103705e-10
7662 1.377654152e-10
7663 1.377204805e-10
7664 1.376755663e-10
7665 1.376306726e-10
7666 1.375857993e-10
7667 1.375409466e-10
7668 1.374961143e-10
7669 1.374513025e-10
7670 1.374065111e-10
7671 1.373617402e-10
7672 1.373169896e-10
7673 1.372722595e-10
7674 1.372275498e-10
7675 1.371828605e-10
7676 1.371381915e-10
7677 1.370935429e-10
7678 1.370489146e-10
7679 1.370043067e-10
7680 1.369597191e-10
7681 1.369151518e-10
7682 1.368706048e-10
7683 1.368260782e-10
7684 1.367815717e-10
7685 1.367370856e-10
7686 1.366926197e-10
7687 1.36648174e-10
7688 1.366037486e-10
7689 1.365593434e-10
7690 1.365149584e-10
7691 1.364705936e-10
7692 1.364262489e-10
7693 1.363819245e-10
7694 1.363376202e-10
7695 1.36293336e-10
7696 1.36249072e-10
7697 1.362048281e-10
7698 1.361606043e-10
7699 1.361164007e-10
7700 1.360722171e-10
7701 1.360280536e-10
7702 1.359839101e-10
7703 1.359397867e-10
7704 1.358956833e-10
7705 1.358516e-10
7706 1.358075367e-10
7707 1.357634934e-10
7708 1.357194701e-10
7709 1.356754667e-10
7710 1.356314834e-10
7711 1.3558752e-10
7712 1.355435765e-10
7713 1.35499653e-10
7714 1.354557494e-10
7715 1.354118658e-10
7716 1.35368002e-10
7717 1.353241581e-10
7718 1.352803341e-10
7719 1.352365299e-10
7720 1.351927457e-10
7721 1.351489812e-10
7722 1.351052366e-10
7723 1.350615118e-10
7724 1.350178068e-10
7725 1.349741216e-10
7726 1.349304562e-10
7727 1.348868106e-10
7728 1.348431847e-10
7729 1.347995786e-10
7730 1.347559923e-10
7731 1.347124256e-10
7732 1.346688787e-10
7733 1.346253515e-10
7734 1.345818439e-10
7735 1.345383561e-10
7736 1.344948879e-10
7737 1.344514394e-10
7738 1.344080105e-10
7739 1.343646013e-10
7740 1.343212117e-10
7741 1.342778417e-10
7742 1.342344913e-10
7743 1.341911605e-10
7744 1.341478493e-10
7745 1.341045576e-10
7746 1.340612855e-10
7747 1.34018033e-10
7748 1.339747999e-10
7749 1.339315864e-10
7750 1.338883925e-10
7751 1.33845218e-10
7752 1.33802063e-10
7753 1.337589275e-10
7754 1.337158114e-10
7755 1.336727148e-10
7756 1.336296377e-10
7757 1.335865799e-10
7758 1.335435416e-10
7759 1.335005228e-10
7760 1.334575233e-10
7761 1.334145432e-10
7762 1.333715824e-10
7763 1.333286411e-10
7764 1.332857191e-10
7765 1.332428164e-10
7766 1.33199933e-10
7767 1.33157069e-10
7768 1.331142243e-10
7769 1.330713989e-10
7770 1.330285928e-10
7771 1.329858059e-10
7772 1.329430384e-10
7773 1.3290029e-10
7774 1.328575609e-10
7775 1.328148511e-10
7776 1.327721604e-10
7777 1.32729489e-10
7778 1.326868368e-10
7779 1.326442037e-10
7780 1.326015898e-10
7781 1.325589951e-10
7782 1.325164196e-10
7783 1.324738632e-10
7784 1.324313259e-10
7785 1.323888077e-10
7786 1.323463087e-10
7787 1.323038287e-10
7788 1.322613678e-10
7789 1.32218926e-10
7790 1.321765033e-10
7791 1.321340996e-10
7792 1.32091715e-10
7793 1.320493494e-10
7794 1.320070028e-10
7795 1.319646752e-10
7796 1.319223667e-10
7797 1.318800771e-10
7798 1.318378065e-10
7799 1.317955548e-10
7800 1.317533221e-10
7801 1.317111084e-10
7802 1.316689136e-10
7803 1.316267377e-10
7804 1.315845807e-10
7805 1.315424426e-10
7806 1.315003234e-10
7807 1.314582231e-10
7808 1.314161417e-10
7809 1.313740791e-10
7810 1.313320354e-10
7811 1.312900104e-10
7812 1.312480044e-10
7813 1.312060171e-10
7814 1.311640486e-10
7815 1.31122099e-10
7816 1.310801681e-10
7817 1.310382559e-10
7818 1.309963626e-10
7819 1.30954488e-10
7820 1.309126321e-10
7821 1.308707949e-10
7822 1.308289765e-10
7823 1.307871768e-10
7824 1.307453957e-10
7825 1.307036334e-10
7826 1.306618897e-10
7827 1.306201647e-10
7828 1.305784583e-10
7829 1.305367706e-10
7830 1.304951015e-10
7831 1.30453451e-10
7832 1.304118192e-10
7833 1.303702059e-10
7834 1.303286112e-10
7835 1.302870351e-10
7836 1.302454776e-10
7837 1.302039386e-10
7838 1.301624182e-10
7839 1.301209162e-10
7840 1.300794329e-10
7841 1.30037968e-10
7842 1.299965216e-10
7843 1.299550938e-10
7844 1.299136844e-10
7845 1.298722935e-10
7846 1.29830921e-10
7847 1.29789567e-10
7848 1.297482314e-10
7849 1.297069143e-10
7850 1.296656155e-10
7851 1.296243352e-10
7852 1.295830733e-10
7853 1.295418298e-10
7854 1.295006046e-10
7855 1.294593978e-10
7856 1.294182093e-10
7857 1.293770392e-10
7858 1.293358875e-10
7859 1.29294754e-10
7860 1.292536389e-10
7861 1.292125421e-10
7862 1.291714635e-10
7863 1.291304033e-10
7864 1.290893613e-10
7865 1.290483376e-10
7866 1.290073321e-10
7867 1.289663449e-10
7868 1.289253758e-10
7869 1.288844251e-10
7870 1.288434925e-10
7871 1.288025781e-10
7872 1.287616819e-10
7873 1.287208039e-10
7874 1.28679944e-10
7875 1.286391023e-10
7876 1.285982788e-10
7877 1.285574733e-10
7878 1.28516686e-10
7879 1.284759169e-10
7880 1.284351658e-10
7881 1.283944328e-10
7882 1.283537179e-10
7883 1.283130211e-10
7884 1.282723423e-10
7885 1.282316816e-10
7886 1.281910389e-10
7887 1.281504143e-10
7888 1.281098077e-10
7889 1.280692191e-10
7890 1.280286485e-10
7891 1.279880959e-10
7892 1.279475612e-10
7893 1.279070446e-10
7894 1.278665459e-10
7895 1.278260651e-10
7896 1.277856023e-10
7897 1.277451574e-10
7898 1.277047305e-10
7899 1.276643214e-10
7900 1.276239303e-10
7901 1.27583557e-10
7902 1.275432016e-10
7903 1.275028641e-10
7904 1.274625444e-10
7905 1.274222426e-10
7906 1.273819587e-10
7907 1.273416925e-10
7908 1.273014442e-10
7909 1.272612137e-10
7910 1.272210009e-10
7911 1.27180806e-10
7912 1.271406288e-10
7913 1.271004694e-10
7914 1.270603278e-10
7915 1.270202039e-10
7916 1.269800978e-10
7917 1.269400093e-10
7918 1.268999386e-10
7919 1.268598856e-10
7920 1.268198503e-10
7921 1.267798327e-10
7922 1.267398327e-10
7923 1.266998504e-10
7924 1.266598858e-10
7925 1.266199388e-10
7926 1.265800095e-10
7927 1.265400978e-10
7928 1.265002037e-10
7929 1.264603272e-10
7930 1.264204683e-10
7931 1.26380627e-10
7932 1.263408032e-10
7933 1.263009971e-10
7934 1.262612085e-10
7935 1.262214374e-10
7936 1.261816839e-10
7937 1.261419479e-10
7938 1.261022294e-10
7939 1.260625284e-10
7940 1.260228449e-10
7941 1.259831789e-10
7942 1.259435304e-10
7943 1.259038993e-10
7944 1.258642857e-10
7945 1.258246896e-10
7946 1.257851109e-10
7947 1.257455496e-10
7948 1.257060057e-10
7949 1.256664792e-10
7950 1.256269702e-10
7951 1.255874785e-10
7952 1.255480042e-10
7953 1.255085473e-10
7954 1.254691077e-10
7955 1.254296855e-10
7956 1.253902806e-10
7957 1.253508931e-10
7958 1.253115228e-10
7959 1.252721699e-10
7960 1.252328343e-10
7961 1.251935159e-10
7962 1.251542149e-10
7963 1.251149311e-10
7964 1.250756646e-10
7965 1.250364153e-10
7966 1.249971833e-10
7967 1.249579684e-10
7968 1.249187709e-10
7969 1.248795905e-10
7970 1.248404273e-10
7971 1.248012814e-10
7972 1.247621526e-10
7973 1.247230409e-10
7974 1.246839465e-10
7975 1.246448692e-10
7976 1.24605809e-10
7977 1.24566766e-10
7978 1.245277401e-10
7979 1.244887313e-10
7980 1.244497397e-10
7981 1.244107651e-10
7982 1.243718076e-10
7983 1.243328672e-10
7984 1.242939438e-10
7985 1.242550375e-10
7986 1.242161483e-10
7987 1.24177276e-10
7988 1.241384209e-10
7989 1.240995827e-10
7990 1.240607615e-10
7991 1.240219574e-10
7992 1.239831702e-10
7993 1.239444e-10
7994 1.239056468e-10
7995 1.238669106e-10
7996 1.238281913e-10
7997 1.237894889e-10
7998 1.237508035e-10
7999 1.23712135e-10
8000 1.236734834e-10
8001 1.236348487e-10
8002 1.235962309e-10
8003 1.2355763e-10
8004 1.23519046e-10
8005 1.234804789e-10
8006 1.234419286e-10
8007 1.234033951e-10
8008 1.233648785e-10
8009 1.233263787e-10
8010 1.232878957e-10
8011 1.232494296e-10
8012 1.232109802e-10
8013 1.231725476e-10
8014 1.231341318e-10
8015 1.230957328e-10
8016 1.230573506e-10
8017 1.230189851e-10
8018 1.229806363e-10
8019 1.229423043e-10
8020 1.22903989e-10
8021 1.228656904e-10
8022 1.228274085e-10
8023 1.227891433e-10
8024 1.227508948e-10
8025 1.22712663e-10
8026 1.226744479e-10
8027 1.226362494e-10
8028 1.225980675e-10
8029 1.225599023e-10
8030 1.225217538e-10
8031 1.224836218e-10
8032 1.224455065e-10
8033 1.224074078e-10
8034 1.223693256e-10
8035 1.223312601e-10
8036 1.222932111e-10
8037 1.222551787e-10
8038 1.222171628e-10
8039 1.221791635e-10
8040 1.221411808e-10
8041 1.221032145e-10
8042 1.220652648e-10
8043 1.220273316e-10
8044 1.219894149e-10
8045 1.219515147e-10
8046 1.21913631e-10
8047 1.218757637e-10
8048 1.218379129e-10
8049 1.218000786e-10
8050 1.217622607e-10
8051 1.217244592e-10
8052 1.216866742e-10
8053 1.216489056e-10
8054 1.216111534e-10
8055 1.215734176e-10
8056 1.215356982e-10
8057 1.214979952e-10
8058 1.214603085e-10
8059 1.214226382e-10
8060 1.213849843e-10
8061 1.213473467e-10
8062 1.213097255e-10
8063 1.212721206e-10
8064 1.212345319e-10
8065 1.211969596e-10
8066 1.211594037e-10
8067 1.211218639e-10
8068 1.210843405e-10
8069 1.210468334e-10
8070 1.210093425e-10
8071 1.209718678e-10
8072 1.209344095e-10
8073 1.208969673e-10
8074 1.208595414e-10
8075 1.208221317e-10
8076 1.207847382e-10
8077 1.207473609e-10
8078 1.207099998e-10
8079 1.206726548e-10
8080 1.206353261e-10
8081 1.205980135e-10
8082 1.205607171e-10
8083 1.205234368e-10
8084 1.204861726e-10
8085 1.204489246e-10
8086 1.204116927e-10
8087 1.203744769e-10
8088 1.203372772e-10
8089 1.203000936e-10
8090 1.202629261e-10
8091 1.202257747e-10
8092 1.201886393e-10
8093 1.2015152e-10
8094 1.201144167e-10
8095 1.200773295e-10
8096 1.200402583e-10
8097 1.200032031e-10
8098 1.199661639e-10
8099 1.199291408e-10
8100 1.198921336e-10
8101 1.198551424e-10
8102 1.198181672e-10
8103 1.19781208e-10
8104 1.197442647e-10
8105 1.197073374e-10
8106 1.19670426e-10
8107 1.196335305e-10
8108 1.19596651e-10
8109 1.195597873e-10
8110 1.195229396e-10
8111 1.194861078e-10
8112 1.194492919e-10
8113 1.194124918e-10
8114 1.193757076e-10
8115 1.193389393e-10
8116 1.193021868e-10
8117 1.192654502e-10
8118 1.192287294e-10
8119 1.191920245e-10
8120 1.191553353e-10
8121 1.19118662e-10
8122 1.190820045e-10
8123 1.190453627e-10
8124 1.190087368e-10
8125 1.189721266e-10
8126 1.189355321e-10
8127 1.188989535e-10
8128 1.188623906e-10
8129 1.188258434e-10
8130 1.187893119e-10
8131 1.187527962e-10
8132 1.187162962e-10
8133 1.186798119e-10
8134 1.186433433e-10
8135 1.186068903e-10
8136 1.185704531e-10
8137 1.185340315e-10
8138 1.184976256e-10
8139 1.184612353e-10
8140 1.184248607e-10
8141 1.183885017e-10
8142 1.183521584e-10
8143 1.183158306e-10
8144 1.182795185e-10
8145 1.182432219e-10
8146 1.18206941e-10
8147 1.181706756e-10
8148 1.181344259e-10
8149 1.180981916e-10
8150 1.18061973e-10
8151 1.180257699e-10
8152 1.179895823e-10
8153 1.179534102e-10
8154 1.179172537e-10
8155 1.178811127e-10
8156 1.178449872e-10
8157 1.178088772e-10
8158 1.177727827e-10
8159 1.177367037e-10
8160 1.177006401e-10
8161 1.17664592e-10
8162 1.176285594e-10
8163 1.175925422e-10
8164 1.175565404e-10
8165 1.175205541e-10
8166 1.174845832e-10
8167 1.174486277e-10
8168 1.174126876e-10
8169 1.173767629e-10
8170 1.173408536e-10
8171 1.173049597e-10
8172 1.172690811e-10
8173 1.172332179e-10
8174 1.171973701e-10
8175 1.171615376e-10
8176 1.171257204e-10
8177 1.170899185e-10
8178 1.17054132e-10
8179 1.170183608e-10
8180 1.169826049e-10
8181 1.169468643e-10
8182 1.16911139e-10
8183 1.168754289e-10
8184 1.168397341e-10
8185 1.168040546e-10
8186 1.167683903e-10
8187 1.167327413e-10
8188 1.166971075e-10
8189 1.166614889e-10
8190 1.166258856e-10
8191 1.165902975e-10
8192 1.165547245e-10
8193 1.165191668e-10
8194 1.164836242e-10
8195 1.164480968e-10
8196 1.164125846e-10
8197 1.163770876e-10
8198 1.163416057e-10
8199 1.163061389e-10
8200 1.162706873e-10
8201 1.162352508e-10
8202 1.161998294e-10
8203 1.161644232e-10
8204 1.16129032e-10
8205 1.160936559e-10
8206 1.160582949e-10
8207 1.16022949e-10
8208 1.159876182e-10
8209 1.159523024e-10
8210 1.159170017e-10
8211 1.15881716e-10
8212 1.158464453e-10
8213 1.158111897e-10
8214 1.157759491e-10
8215 1.157407235e-10
8216 1.157055129e-10
8217 1.156703174e-10
8218 1.156351367e-10
8219 1.155999711e-10
8220 1.155648205e-10
8221 1.155296848e-10
8222 1.15494564e-10
8223 1.154594582e-10
8224 1.154243674e-10
8225 1.153892914e-10
8226 1.153542304e-10
8227 1.153191843e-10
8228 1.152841531e-10
8229 1.152491368e-10
8230 1.152141354e-10
8231 1.151791489e-10
8232 1.151441772e-10
8233 1.151092204e-10
8234 1.150742785e-10
8235 1.150393514e-10
8236 1.150044392e-10
8237 1.149695418e-10
8238 1.149346592e-10
8239 1.148997914e-10
8240 1.148649384e-10
8241 1.148301002e-10
8242 1.147952769e-10
8243 1.147604683e-10
8244 1.147256744e-10
8245 1.146908954e-10
8246 1.146561311e-10
8247 1.146213815e-10
8248 1.145866467e-10
8249 1.145519267e-10
8250 1.145172213e-10
8251 1.144825307e-10
8252 1.144478548e-10
8253 1.144131936e-10
8254 1.143785471e-10
8255 1.143439152e-10
8256 1.143092981e-10
8257 1.142746956e-10
8258 1.142401078e-10
8259 1.142055346e-10
8260 1.141709761e-10
8261 1.141364322e-10
8262 1.14101903e-10
8263 1.140673883e-10
8264 1.140328883e-10
8265 1.139984029e-10
8266 1.139639321e-10
8267 1.139294759e-10
8268 1.138950343e-10
8269 1.138606072e-10
8270 1.138261947e-10
8271 1.137917968e-10
8272 1.137574134e-10
8273 1.137230446e-10
8274 1.136886903e-10
8275 1.136543505e-10
8276 1.136200252e-10
8277 1.135857145e-10
8278 1.135514183e-10
8279 1.135171365e-10
8280 1.134828693e-10
8281 1.134486165e-10
8282 1.134143782e-10
8283 1.133801543e-10
8284 1.13345945e-10
8285 1.1331175e-10
8286 1.132775695e-10
8287 1.132434035e-10
8288 1.132092518e-10
8289 1.131751146e-10
8290 1.131409918e-10
8291 1.131068834e-10
8292 1.130727894e-10
8293 1.130387098e-10
8294 1.130046445e-10
8295 1.129705937e-10
8296 1.129365571e-10
8297 1.12902535e-10
8298 1.128685272e-10
8299 1.128345337e-10
8300 1.128005546e-10
8301 1.127665897e-10
8302 1.127326392e-10
8303 1.12698703e-10
8304 1.126647812e-10
8305 1.126308736e-10
8306 1.125969802e-10
8307 1.125631012e-10
8308 1.125292364e-10
8309 1.124953859e-10
8310 1.124615497e-10
8311 1.124277277e-10
8312 1.123939199e-10
8313 1.123601264e-10
8314 1.123263471e-10
8315 1.12292582e-10
8316 1.122588311e-10
8317 1.122250944e-10
8318 1.121913719e-10
8319 1.121576636e-10
8320 1.121239695e-10
8321 1.120902895e-10
8322 1.120566237e-10
8323 1.12022972e-10
8324 1.119893345e-10
8325 1.119557112e-10
8326 1.119221019e-10
8327 1.118885068e-10
8328 1.118549258e-10
8329 1.11821359e-10
8330 1.117878062e-10
8331 1.117542675e-10
8332 1.117207429e-10
8333 1.116872324e-10
8334 1.116537359e-10
8335 1.116202535e-10
8336 1.115867852e-10
8337 1.115533309e-10
8338 1.115198906e-10
8339 1.114864644e-10
8340 1.114530522e-10
8341 1.11419654e-10
8342 1.113862699e-10
8343 1.113528997e-10
8344 1.113195435e-10
8345 1.112862014e-10
8346 1.112528732e-10
8347 1.112195589e-10
8348 1.111862587e-10
8349 1.111529724e-10
8350 1.111197e-10
8351 1.110864416e-10
8352 1.110531971e-10
8353 1.110199665e-10
8354 1.109867499e-10
8355 1.109535472e-10
8356 1.109203584e-10
8357 1.108871834e-10
8358 1.108540224e-10
8359 1.108208752e-10
8360 1.10787742e-10
8361 1.107546226e-10
8362 1.10721517e-10
8363 1.106884253e-10
8364 1.106553475e-10
8365 1.106222834e-10
8366 1.105892332e-10
8367 1.105561969e-10
8368 1.105231743e-10
8369 1.104901656e-10
8370 1.104571706e-10
8371 1.104241895e-10
8372 1.103912221e-10
8373 1.103582685e-10
8374 1.103253287e-10
8375 1.102924027e-10
8376 1.102594904e-10
8377 1.102265918e-10
8378 1.10193707e-10
8379 1.101608359e-10
8380 1.101279786e-10
8381 1.10095135e-10
8382 1.10062305e-10
8383 1.100294888e-10
8384 1.099966863e-10
8385 1.099638975e-10
8386 1.099311223e-10
8387 1.098983609e-10
8388 1.098656131e-10
8389 1.098328789e-10
8390 1.098001584e-10
8391 1.097674516e-10
8392 1.097347584e-10
8393 1.097020788e-10
8394 1.096694128e-10
8395 1.096367605e-10
8396 1.096041218e-10
8397 1.095714966e-10
8398 1.095388851e-10
8399 1.095062871e-10
8400 1.094737028e-10
8401 1.09441132e-10
8402 1.094085747e-10
8403 1.093760311e-10
8404 1.09343501e-10
8405 1.093109844e-10
8406 1.092784813e-10
8407 1.092459918e-10
8408 1.092135158e-10
8409 1.091810533e-10
8410 1.091486044e-10
8411 1.091161689e-10
8412 1.090837469e-10
8413 1.090513384e-10
8414 1.090189434e-10
8415 1.089865619e-10
8416 1.089541938e-10
8417 1.089218392e-10
8418 1.08889498e-10
8419 1.088571703e-10
8420 1.08824856e-10
8421 1.087925551e-10
8422 1.087602677e-10
8423 1.087279936e-10
8424 1.08695733e-10
8425 1.086634858e-10
8426 1.086312519e-10
8427 1.085990315e-10
8428 1.085668244e-10
8429 1.085346307e-10
8430 1.085024504e-10
8431 1.084702834e-10
8432 1.084381297e-10
8433 1.084059895e-10
8434 1.083738625e-10
8435 1.083417489e-10
8436 1.083096486e-10
8437 1.082775616e-10
8438 1.082454879e-10
8439 1.082134275e-10
8440 1.081813804e-10
8441 1.081493466e-10
8442 1.081173261e-10
8443 1.080853188e-10
8444 1.080533248e-10
8445 1.080213441e-10
8446 1.079893766e-10
8447 1.079574223e-10
8448 1.079254813e-10
8449 1.078935535e-10
8450 1.07861639e-10
8451 1.078297376e-10
8452 1.077978495e-10
8453 1.077659746e-10
8454 1.077341128e-10
8455 1.077022643e-10
8456 1.076704289e-10
8457 1.076386067e-10
8458 1.076067976e-10
8459 1.075750018e-10
8460 1.07543219e-10
8461 1.075114494e-10
8462 1.07479693e-10
8463 1.074479497e-10
8464 1.074162195e-10
8465 1.073845024e-10
8466 1.073527984e-10
8467 1.073211076e-10
8468 1.072894298e-10
8469 1.072577651e-10
8470 1.072261135e-10
8471 1.07194475e-10
8472 1.071628496e-10
8473 1.071312372e-10
8474 1.070996378e-10
8475 1.070680515e-10
8476 1.070364783e-10
8477 1.070049181e-10
8478 1.069733709e-10
8479 1.069418367e-10
8480 1.069103156e-10
8481 1.068788074e-10
8482 1.068473122e-10
8483 1.068158301e-10
8484 1.067843609e-10
8485 1.067529047e-10
8486 1.067214615e-10
8487 1.066900312e-10
8488 1.066586139e-10
8489 1.066272096e-10
8490 1.065958181e-10
8491 1.065644397e-10
8492 1.065330741e-10
8493 1.065017215e-10
8494 1.064703818e-10
8495 1.06439055e-10
8496 1.064077411e-10
8497 1.063764401e-10
8498 1.06345152e-10
8499 1.063138768e-10
8500 1.062826144e-10
8501 1.062513649e-10
8502 1.062201283e-10
8503 1.061889046e-10
8504 1.061576936e-10
8505 1.061264956e-10
8506 1.060953103e-10
8507 1.060641379e-10
8508 1.060329783e-10
8509 1.060018315e-10
8510 1.059706976e-10
8511 1.059395764e-10
8512 1.05908468e-10
8513 1.058773724e-10
8514 1.058462896e-10
8515 1.058152196e-10
8516 1.057841623e-10
8517 1.057531178e-10
8518 1.057220861e-10
8519 1.05691067e-10
8520 1.056600608e-10
8521 1.056290672e-10
8522 1.055980864e-10
8523 1.055671183e-10
8524 1.05536163e-10
8525 1.055052203e-10
8526 1.054742903e-10
8527 1.054433731e-10
8528 1.054124685e-10
8529 1.053815766e-10
8530 1.053506973e-10
8531 1.053198307e-10
8532 1.052889768e-10
8533 1.052581356e-10
8534 1.05227307e-10
8535 1.05196491e-10
8536 1.051656876e-10
8537 1.051348969e-10
8538 1.051041188e-10
8539 1.050733533e-10
8540 1.050426005e-10
8541 1.050118602e-10
8542 1.049811325e-10
8543 1.049504174e-10
8544 1.049197149e-10
8545 1.048890249e-10
8546 1.048583476e-10
8547 1.048276828e-10
8548 1.047970305e-10
8549 1.047663908e-10
8550 1.047357636e-10
8551 1.047051489e-10
8552 1.046745468e-10
8553 1.046439572e-10
8554 1.046133801e-10
8555 1.045828156e-10
8556 1.045522635e-10
8557 1.045217239e-10
8558 1.044911968e-10
8559 1.044606822e-10
8560 1.044301801e-10
8561 1.043996904e-10
8562 1.043692132e-10
8563 1.043387484e-10
8564 1.043082961e-10
8565 1.042778562e-10
8566 1.042474288e-10
8567 1.042170138e-10
8568 1.041866112e-10
8569 1.04156221e-10
8570 1.041258433e-10
8571 1.040954779e-10
8572 1.04065125e-10
8573 1.040347844e-10
8574 1.040044562e-10
8575 1.039741404e-10
8576 1.03943837e-10
8577 1.039135459e-10
8578 1.038832672e-10
8579 1.038530008e-10
8580 1.038227468e-10
8581 1.037925051e-10
8582 1.037622757e-10
8583 1.037320587e-10
8584 1.03701854e-10
8585 1.036716616e-10
8586 1.036414815e-10
8587 1.036113137e-10
8588 1.035811581e-10
8589 1.035510149e-10
8590 1.03520884e-10
8591 1.034907653e-10
8592 1.034606589e-10
8593 1.034305648e-10
8594 1.034004829e-10
8595 1.033704132e-10
8596 1.033403558e-10
8597 1.033103107e-10
8598 1.032802777e-10
8599 1.03250257e-10
8600 1.032202485e-10
8601 1.031902522e-10
8602 1.031602681e-10
8603 1.031302962e-10
8604 1.031003365e-10
8605 1.03070389e-10
8606 1.030404536e-10
8607 1.030105305e-10
8608 1.029806195e-10
8609 1.029507206e-10
8610 1.029208339e-10
8611 1.028909593e-10
8612 1.028610969e-10
8613 1.028312466e-10
8614 1.028014085e-10
8615 1.027715824e-10
8616 1.027417685e-10
8617 1.027119667e-10
8618 1.02682177e-10
8619 1.026523994e-10
8620 1.026226338e-10
8621 1.025928804e-10
8622 1.02563139e-10
8623 1.025334097e-10
8624 1.025036924e-10
8625 1.024739873e-10
8626 1.024442941e-10
8627 1.02414613e-10
8628 1.02384944e-10
8629 1.023552869e-10
8630 1.023256419e-10
8631 1.02296009e-10
8632 1.02266388e-10
8633 1.02236779e-10
8634 1.022071821e-10
8635 1.021775971e-10
8636 1.021480241e-10
8637 1.021184631e-10
8638 1.020889141e-10
8639 1.020593771e-10
8640 1.02029852e-10
8641 1.020003388e-10
8642 1.019708377e-10
8643 1.019413484e-10
8644 1.019118711e-10
8645 1.018824058e-10
8646 1.018529523e-10
8647 1.018235108e-10
8648 1.017940812e-10
8649 1.017646635e-10
8650 1.017352577e-10
8651 1.017058638e-10
8652 1.016764817e-10
8653 1.016471116e-10
8654 1.016177533e-10
8655 1.015884069e-10
8656 1.015590724e-10
8657 1.015297497e-10
8658 1.015004389e-10
8659 1.0147114e-10
8660 1.014418528e-10
8661 1.014125775e-10
8662 1.01383314e-10
8663 1.013540624e-10
8664 1.013248225e-10
8665 1.012955945e-10
8666 1.012663783e-10
8667 1.012371738e-10
8668 1.012079812e-10
8669 1.011788003e-10
8670 1.011496313e-10
8671 1.011204739e-10
8672 1.010913284e-10
8673 1.010621946e-10
8674 1.010330726e-10
8675 1.010039623e-10
8676 1.009748637e-10
8677 1.009457769e-10
8678 1.009167018e-10
8679 1.008876385e-10
8680 1.008585868e-10
8681 1.008295469e-10
8682 1.008005187e-10
8683 1.007715022e-10
8684 1.007424973e-10
8685 1.007135042e-10
8686 1.006845227e-10
8687 1.006555529e-10
8688 1.006265948e-10
8689 1.005976483e-10
8690 1.005687135e-10
8691 1.005397904e-10
8692 1.005108788e-10
8693 1.00481979e-10
8694 1.004530907e-10
8695 1.004242141e-10
8696 1.003953491e-10
8697 1.003664957e-10
8698 1.003376539e-10
8699 1.003088238e-10
8700 1.002800052e-10
8701 1.002511982e-10
8702 1.002224028e-10
8703 1.00193619e-10
8704 1.001648467e-10
8705 1.00136086e-10
8706 1.001073369e-10
8707 1.000785993e-10
8708 1.000498733e-10
8709 1.000211588e-10
8710 9.999245588e-11
8711 9.996376447e-11
8712 9.993508457e-11
8713 9.99064162e-11
8714 9.987775934e-11
8715 9.984911398e-11
8716 9.982048013e-11
8717 9.979185777e-11
8718 9.97632469e-11
8719 9.973464751e-11
8720 9.97060596e-11
8721 9.967748316e-11
8722 9.964891818e-11
8723 9.962036467e-11
8724 9.95918226e-11
8725 9.956329199e-11
8726 9.953477281e-11
8727 9.950626507e-11
8728 9.947776876e-11
8729 9.944928388e-11
8730 9.942081041e-11
8731 9.939234835e-11
8732 9.93638977e-11
8733 9.933545845e-11
8734 9.930703059e-11
8735 9.927861413e-11
8736 9.925020904e-11
8737 9.922181533e-11
8738 9.919343299e-11
8739 9.916506202e-11
8740 9.913670241e-11
8741 9.910835415e-11
8742 9.908001723e-11
8743 9.905169166e-11
8744 9.902337743e-11
8745 9.899507452e-11
8746 9.896678294e-11
8747 9.893850267e-11
8748 9.891023372e-11
8749 9.888197608e-11
8750 9.885372974e-11
8751 9.882549469e-11
8752 9.879727093e-11
8753 9.876905845e-11
8754 9.874085725e-11
8755 9.871266733e-11
8756 9.868448866e-11
8757 9.865632126e-11
8758 9.862816512e-11
8759 9.860002022e-11
8760 9.857188657e-11
8761 9.854376415e-11
8762 9.851565296e-11
8763 9.8487553e-11
8764 9.845946426e-11
8765 9.843138673e-11
8766 9.840332041e-11
8767 9.83752653e-11
8768 9.834722138e-11
8769 9.831918865e-11
8770 9.829116711e-11
8771 9.826315674e-11
8772 9.823515755e-11
8773 9.820716953e-11
8774 9.817919267e-11
8775 9.815122697e-11
8776 9.812327242e-11
8777 9.809532901e-11
8778 9.806739675e-11
8779 9.803947561e-11
8780 9.801156561e-11
8781 9.798366672e-11
8782 9.795577896e-11
8783 9.79279023e-11
8784 9.790003675e-11
8785 9.78721823e-11
8786 9.784433895e-11
8787 9.781650668e-11
8788 9.778868549e-11
8789 9.776087538e-11
8790 9.773307635e-11
8791 9.770528838e-11
8792 9.767751146e-11
8793 9.764974561e-11
8794 9.76219908e-11
8795 9.759424703e-11
8796 9.75665143e-11
8797 9.75387926e-11
8798 9.751108193e-11
8799 9.748338228e-11
8800 9.745569365e-11
8801 9.742801602e-11
8802 9.740034939e-11
8803 9.737269377e-11
8804 9.734504913e-11
8805 9.731741549e-11
8806 9.728979282e-11
8807 9.726218113e-11
8808 9.723458041e-11
8809 9.720699065e-11
8810 9.717941186e-11
8811 9.715184401e-11
8812 9.712428711e-11
8813 9.709674116e-11
8814 9.706920614e-11
8815 9.704168205e-11
8816 9.701416888e-11
8817 9.698666664e-11
8818 9.695917531e-11
8819 9.693169488e-11
8820 9.690422536e-11
8821 9.687676674e-11
8822 9.684931901e-11
8823 9.682188217e-11
8824 9.67944562e-11
8825 9.676704111e-11
8826 9.673963689e-11
8827 9.671224354e-11
8828 9.668486104e-11
8829 9.665748939e-11
8830 9.66301286e-11
8831 9.660277864e-11
8832 9.657543952e-11
8833 9.654811123e-11
8834 9.652079377e-11
8835 9.649348713e-11
8836 9.64661913e-11
8837 9.643890628e-11
8838 9.641163206e-11
8839 9.638436864e-11
8840 9.635711601e-11
8841 9.632987417e-11
8842 9.630264311e-11
8843 9.627542283e-11
8844 9.624821331e-11
8845 9.622101456e-11
8846 9.619382658e-11
8847 9.616664934e-11
8848 9.613948285e-11
8849 9.611232711e-11
8850 9.60851821e-11
8851 9.605804783e-11
8852 9.603092428e-11
8853 9.600381145e-11
8854 9.597670934e-11
8855 9.594961794e-11
8856 9.592253724e-11
8857 9.589546724e-11
8858 9.586840794e-11
8859 9.584135932e-11
8860 9.581432139e-11
8861 9.578729413e-11
8862 9.576027755e-11
8863 9.573327164e-11
8864 9.570627638e-11
8865 9.567929178e-11
8866 9.565231784e-11
8867 9.562535453e-11
8868 9.559840187e-11
8869 9.557145984e-11
8870 9.554452844e-11
8871 9.551760766e-11
8872 9.549069751e-11
8873 9.546379796e-11
8874 9.543690902e-11
8875 9.541003069e-11
8876 9.538316295e-11
8877 9.53563058e-11
8878 9.532945923e-11
8879 9.530262325e-11
8880 9.527579785e-11
8881 9.524898301e-11
8882 9.522217874e-11
8883 9.519538502e-11
8884 9.516860186e-11
8885 9.514182925e-11
8886 9.511506718e-11
8887 9.508831565e-11
8888 9.506157466e-11
8889 9.503484418e-11
8890 9.500812423e-11
8891 9.49814148e-11
8892 9.495471588e-11
8893 9.492802746e-11
8894 9.490134955e-11
8895 9.487468213e-11
8896 9.48480252e-11
8897 9.482137875e-11
8898 9.479474278e-11
8899 9.476811729e-11
8900 9.474150227e-11
8901 9.471489771e-11
8902 9.46883036e-11
8903 9.466171995e-11
8904 9.463514675e-11
8905 9.460858399e-11
8906 9.458203167e-11
8907 9.455548978e-11
8908 9.452895831e-11
8909 9.450243727e-11
8910 9.447592664e-11
8911 9.444942642e-11
8912 9.442293661e-11
8913 9.43964572e-11
8914 9.436998818e-11
8915 9.434352955e-11
8916 9.431708131e-11
8917 9.429064344e-11
8918 9.426421595e-11
8919 9.423779883e-11
8920 9.421139207e-11
8921 9.418499567e-11
8922 9.415860963e-11
8923 9.413223393e-11
8924 9.410586857e-11
8925 9.407951355e-11
8926 9.405316886e-11
8927 9.40268345e-11
8928 9.400051046e-11
8929 9.397419674e-11
8930 9.394789333e-11
8931 9.392160023e-11
8932 9.389531742e-11
8933 9.386904491e-11
8934 9.38427827e-11
8935 9.381653076e-11
8936 9.379028911e-11
8937 9.376405773e-11
8938 9.373783663e-11
8939 9.371162578e-11
8940 9.36854252e-11
8941 9.365923487e-11
8942 9.363305479e-11
8943 9.360688496e-11
8944 9.358072536e-11
8945 9.3554576e-11
8946 9.352843686e-11
8947 9.350230795e-11
8948 9.347618926e-11
8949 9.345008078e-11
8950 9.342398251e-11
8951 9.339789444e-11
8952 9.337181657e-11
8953 9.334574889e-11
8954 9.33196914e-11
8955 9.329364409e-11
8956 9.326760696e-11
8957 9.324158e-11
8958 9.321556321e-11
8959 9.318955658e-11
8960 9.316356011e-11
8961 9.313757379e-11
8962 9.311159761e-11
8963 9.308563158e-11
8964 9.305967569e-11
8965 9.303372992e-11
8966 9.300779428e-11
8967 9.298186876e-11
8968 9.295595336e-11
8969 9.293004807e-11
8970 9.290415289e-11
8971 9.287826781e-11
8972 9.285239282e-11
8973 9.282652792e-11
8974 9.280067311e-11
8975 9.277482838e-11
8976 9.274899373e-11
8977 9.272316914e-11
8978 9.269735462e-11
8979 9.267155017e-11
8980 9.264575576e-11
8981 9.261997141e-11
8982 9.25941971e-11
8983 9.256843284e-11
8984 9.254267861e-11
8985 9.251693441e-11
8986 9.249120023e-11
8987 9.246547608e-11
8988 9.243976194e-11
8989 9.241405781e-11
8990 9.238836368e-11
8991 9.236267956e-11
8992 9.233700543e-11
8993 9.231134129e-11
8994 9.228568714e-11
8995 9.226004296e-11
8996 9.223440877e-11
8997 9.220878454e-11
8998 9.218317027e-11
8999 9.215756597e-11
9000 9.213197163e-11
9001 9.210638723e-11
9002 9.208081278e-11
9003 9.205524827e-11
9004 9.202969369e-11
9005 9.200414905e-11
9006 9.197861433e-11
9007 9.195308953e-11
9008 9.192757464e-11
9009 9.190206967e-11
9010 9.18765746e-11
9011 9.185108944e-11
9012 9.182561417e-11
9013 9.180014879e-11
9014 9.177469329e-11
9015 9.174924768e-11
9016 9.172381194e-11
9017 9.169838608e-11
9018 9.167297008e-11
9019 9.164756394e-11
9020 9.162216765e-11
9021 9.159678122e-11
9022 9.157140464e-11
9023 9.15460379e-11
9024 9.152068099e-11
9025 9.149533392e-11
9026 9.146999667e-11
9027 9.144466924e-11
9028 9.141935164e-11
9029 9.139404384e-11
9030 9.136874585e-11
9031 9.134345767e-11
9032 9.131817928e-11
9033 9.129291068e-11
9034 9.126765187e-11
9035 9.124240285e-11
9036 9.12171636e-11
9037 9.119193413e-11
9038 9.116671442e-11
9039 9.114150448e-11
9040 9.11163043e-11
9041 9.109111387e-11
9042 9.106593318e-11
9043 9.104076225e-11
9044 9.101560105e-11
9045 9.099044959e-11
9046 9.096530785e-11
9047 9.094017584e-11
9048 9.091505355e-11
9049 9.088994098e-11
9050 9.086483812e-11
9051 9.083974496e-11
9052 9.08146615e-11
9053 9.078958774e-11
9054 9.076452366e-11
9055 9.073946928e-11
9056 9.071442457e-11
9057 9.068938955e-11
9058 9.066436419e-11
9059 9.06393485e-11
9060 9.061434247e-11
9061 9.05893461e-11
9062 9.056435938e-11
9063 9.053938231e-11
9064 9.051441489e-11
9065 9.04894571e-11
9066 9.046450894e-11
9067 9.043957041e-11
9068 9.041464151e-11
9069 9.038972223e-11
9070 9.036481255e-11
9071 9.033991249e-11
9072 9.031502204e-11
9073 9.029014118e-11
9074 9.026526992e-11
9075 9.024040825e-11
9076 9.021555616e-11
9077 9.019071366e-11
9078 9.016588073e-11
9079 9.014105737e-11
9080 9.011624358e-11
9081 9.009143935e-11
9082 9.006664468e-11
9083 9.004185956e-11
9084 9.001708399e-11
9085 8.999231796e-11
9086 8.996756147e-11
9087 8.994281452e-11
9088 8.991807709e-11
9089 8.989334918e-11
9090 8.98686308e-11
9091 8.984392193e-11
9092 8.981922257e-11
9093 8.979453271e-11
9094 8.976985236e-11
9095 8.97451815e-11
9096 8.972052014e-11
9097 8.969586825e-11
9098 8.967122586e-11
9099 8.964659293e-11
9100 8.962196948e-11
9101 8.95973555e-11
9102 8.957275098e-11
9103 8.954815592e-11
9104 8.952357032e-11
9105 8.949899416e-11
9106 8.947442745e-11
9107 8.944987017e-11
9108 8.942532233e-11
9109 8.940078392e-11
9110 8.937625494e-11
9111 8.935173538e-11
9112 8.932722523e-11
9113 8.93027245e-11
9114 8.927823317e-11
9115 8.925375125e-11
9116 8.922927872e-11
9117 8.920481559e-11
9118 8.918036185e-11
9119 8.915591749e-11
9120 8.91314825e-11
9121 8.91070569e-11
9122 8.908264066e-11
9123 8.905823379e-11
9124 8.903383628e-11
9125 8.900944812e-11
9126 8.898506932e-11
9127 8.896069986e-11
9128 8.893633975e-11
9129 8.891198897e-11
9130 8.888764753e-11
9131 8.886331542e-11
9132 8.883899263e-11
9133 8.881467916e-11
9134 8.8790375e-11
9135 8.876608015e-11
9136 8.874179461e-11
9137 8.871751837e-11
9138 8.869325143e-11
9139 8.866899378e-11
9140 8.864474541e-11
9141 8.862050633e-11
9142 8.859627653e-11
9143 8.8572056e-11
9144 8.854784474e-11
9145 8.852364274e-11
9146 8.849945001e-11
9147 8.847526652e-11
9148 8.845109229e-11
9149 8.842692731e-11
9150 8.840277157e-11
9151 8.837862506e-11
9152 8.835448779e-11
9153 8.833035974e-11
9154 8.830624092e-11
9155 8.828213132e-11
9156 8.825803093e-11
9157 8.823393975e-11
9158 8.820985778e-11
9159 8.818578501e-11
9160 8.816172143e-11
9161 8.813766705e-11
9162 8.811362186e-11
9163 8.808958584e-11
9164 8.806555901e-11
9165 8.804154135e-11
9166 8.801753285e-11
9167 8.799353353e-11
9168 8.796954336e-11
9169 8.794556235e-11
9170 8.792159049e-11
9171 8.789762778e-11
9172 8.78736742e-11
9173 8.784972977e-11
9174 8.782579447e-11
9175 8.78018683e-11
9176 8.777795126e-11
9177 8.775404333e-11
9178 8.773014452e-11
9179 8.770625482e-11
9180 8.768237423e-11
9181 8.765850274e-11
9182 8.763464034e-11
9183 8.761078704e-11
9184 8.758694283e-11
9185 8.75631077e-11
9186 8.753928166e-11
9187 8.751546468e-11
9188 8.749165678e-11
9189 8.746785795e-11
9190 8.744406817e-11
9191 8.742028746e-11
9192 8.73965158e-11
9193 8.737275318e-11
9194 8.734899962e-11
9195 8.732525509e-11
9196 8.730151959e-11
9197 8.727779313e-11
9198 8.725407569e-11
9199 8.723036728e-11
9200 8.720666788e-11
9201 8.71829775e-11
9202 8.715929613e-11
9203 8.713562376e-11
9204 8.711196039e-11
9205 8.708830602e-11
9206 8.706466063e-11
9207 8.704102424e-11
9208 8.701739683e-11
9209 8.699377839e-11
9210 8.697016893e-11
9211 8.694656844e-11
9212 8.692297692e-11
9213 8.689939435e-11
9214 8.687582074e-11
9215 8.685225609e-11
9216 8.682870038e-11
9217 8.680515361e-11
9218 8.678161578e-11
9219 8.675808689e-11
9220 8.673456693e-11
9221 8.671105589e-11
9222 8.668755378e-11
9223 8.666406058e-11
9224 8.664057629e-11
9225 8.661710091e-11
9226 8.659363444e-11
9227 8.657017687e-11
9228 8.654672819e-11
9229 8.65232884e-11
9230 8.64998575e-11
9231 8.647643548e-11
9232 8.645302234e-11
9233 8.642961807e-11
9234 8.640622268e-11
9235 8.638283614e-11
9236 8.635945847e-11
9237 8.633608966e-11
9238 8.631272969e-11
9239 8.628937858e-11
9240 8.62660363e-11
9241 8.624270287e-11
9242 8.621937827e-11
9243 8.61960625e-11
9244 8.617275556e-11
9245 8.614945744e-11
9246 8.612616814e-11
9247 8.610288765e-11
9248 8.607961597e-11
9249 8.60563531e-11
9250 8.603309902e-11
9251 8.600985375e-11
9252 8.598661726e-11
9253 8.596338956e-11
9254 8.594017065e-11
9255 8.591696051e-11
9256 8.589375915e-11
9257 8.587056656e-11
9258 8.584738273e-11
9259 8.582420767e-11
9260 8.580104137e-11
9261 8.577788382e-11
9262 8.575473502e-11
9263 8.573159496e-11
9264 8.570846364e-11
9265 8.568534107e-11
9266 8.566222722e-11
9267 8.56391221e-11
9268 8.561602571e-11
9269 8.559293803e-11
9270 8.556985907e-11
9271 8.554678882e-11
9272 8.552372728e-11
9273 8.550067444e-11
9274 8.54776303e-11
9275 8.545459486e-11
9276 8.54315681e-11
9277 8.540855003e-11
9278 8.538554064e-11
9279 8.536253993e-11
9280 8.533954789e-11
9281 8.531656452e-11
9282 8.529358982e-11
9283 8.527062378e-11
9284 8.524766639e-11
9285 8.522471765e-11
9286 8.520177757e-11
9287 8.517884612e-11
9288 8.515592332e-11
9289 8.513300915e-11
9290 8.511010361e-11
9291 8.50872067e-11
9292 8.506431842e-11
9293 8.504143875e-11
9294 8.50185677e-11
9295 8.499570525e-11
9296 8.497285142e-11
9297 8.495000618e-11
9298 8.492716954e-11
9299 8.49043415e-11
9300 8.488152205e-11
9301 8.485871118e-11
9302 8.483590889e-11
9303 8.481311518e-11
9304 8.479033005e-11
9305 8.476755348e-11
9306 8.474478547e-11
9307 8.472202603e-11
9308 8.469927515e-11
9309 8.467653281e-11
9310 8.465379903e-11
9311 8.463107378e-11
9312 8.460835708e-11
9313 8.458564892e-11
9314 8.456294928e-11
9315 8.454025817e-11
9316 8.451757559e-11
9317 8.449490153e-11
9318 8.447223598e-11
9319 8.444957894e-11
9320 8.442693041e-11
9321 8.440429038e-11
9322 8.438165885e-11
9323 8.435903581e-11
9324 8.433642127e-11
9325 8.431381521e-11
9326 8.429121764e-11
9327 8.426862854e-11
9328 8.424604791e-11
9329 8.422347576e-11
9330 8.420091207e-11
9331 8.417835685e-11
9332 8.415581008e-11
9333 8.413327177e-11
9334 8.41107419e-11
9335 8.408822048e-11
9336 8.406570751e-11
9337 8.404320297e-11
9338 8.402070686e-11
9339 8.399821919e-11
9340 8.397573993e-11
9341 8.39532691e-11
9342 8.393080669e-11
9343 8.390835269e-11
9344 8.38859071e-11
9345 8.386346991e-11
9346 8.384104113e-11
9347 8.381862074e-11
9348 8.379620875e-11
9349 8.377380514e-11
9350 8.375140992e-11
9351 8.372902308e-11
9352 8.370664461e-11
9353 8.368427452e-11
9354 8.36619128e-11
9355 8.363955944e-11
9356 8.361721445e-11
9357 8.359487781e-11
9358 8.357254952e-11
9359 8.355022958e-11
9360 8.352791798e-11
9361 8.350561473e-11
9362 8.348331981e-11
9363 8.346103323e-11
9364 8.343875497e-11
9365 8.341648504e-11
9366 8.339422343e-11
9367 8.337197013e-11
9368 8.334972515e-11
9369 8.332748847e-11
9370 8.330526011e-11
9371 8.328304004e-11
9372 8.326082826e-11
9373 8.323862478e-11
9374 8.321642959e-11
9375 8.319424269e-11
9376 8.317206406e-11
9377 8.314989371e-11
9378 8.312773164e-11
9379 8.310557783e-11
9380 8.308343229e-11
9381 8.306129501e-11
9382 8.303916598e-11
9383 8.301704521e-11
9384 8.299493269e-11
9385 8.297282841e-11
9386 8.295073237e-11
9387 8.292864457e-11
9388 8.2906565e-11
9389 8.288449367e-11
9390 8.286243056e-11
9391 8.284037566e-11
9392 8.281832899e-11
9393 8.279629053e-11
9394 8.277426028e-11
9395 8.275223824e-11
9396 8.273022439e-11
9397 8.270821875e-11
9398 8.26862213e-11
9399 8.266423203e-11
9400 8.264225096e-11
9401 8.262027806e-11
9402 8.259831335e-11
9403 8.257635681e-11
9404 8.255440844e-11
9405 8.253246823e-11
9406 8.251053619e-11
9407 8.248861231e-11
9408 8.246669658e-11
9409 8.2444789e-11
9410 8.242288957e-11
9411 8.240099828e-11
9412 8.237911513e-11
9413 8.235724012e-11
9414 8.233537323e-11
9415 8.231351448e-11
9416 8.229166385e-11
9417 8.226982134e-11
9418 8.224798694e-11
9419 8.222616066e-11
9420 8.220434248e-11
9421 8.218253241e-11
9422 8.216073044e-11
9423 8.213893656e-11
9424 8.211715078e-11
9425 8.209537308e-11
9426 8.207360348e-11
9427 8.205184195e-11
9428 8.20300885e-11
9429 8.200834312e-11
9430 8.198660581e-11
9431 8.196487657e-11
9432 8.194315539e-11
9433 8.192144226e-11
9434 8.189973719e-11
9435 8.187804018e-11
9436 8.18563512e-11
9437 8.183467027e-11
9438 8.181299738e-11
9439 8.179133253e-11
9440 8.17696757e-11
9441 8.17480269e-11
9442 8.172638613e-11
9443 8.170475337e-11
9444 8.168312863e-11
9445 8.166151191e-11
9446 8.163990319e-11
9447 8.161830247e-11
9448 8.159670976e-11
9449 8.157512504e-11
9450 8.155354831e-11
9451 8.153197958e-11
9452 8.151041883e-11
9453 8.148886606e-11
9454 8.146732127e-11
9455 8.144578445e-11
9456 8.14242556e-11
9457 8.140273472e-11
9458 8.13812218e-11
9459 8.135971684e-11
9460 8.133821983e-11
9461 8.131673078e-11
9462 8.129524967e-11
9463 8.127377651e-11
9464 8.125231129e-11
9465 8.1230854e-11
9466 8.120940464e-11
9467 8.118796322e-11
9468 8.116652971e-11
9469 8.114510413e-11
9470 8.112368647e-11
9471 8.110227672e-11
9472 8.108087488e-11
9473 8.105948094e-11
9474 8.103809491e-11
9475 8.101671677e-11
9476 8.099534653e-11
9477 8.097398419e-11
9478 8.095262972e-11
9479 8.093128315e-11
9480 8.090994445e-11
9481 8.088861362e-11
9482 8.086729067e-11
9483 8.084597559e-11
9484 8.082466837e-11
9485 8.080336902e-11
9486 8.078207752e-11
9487 8.076079387e-11
9488 8.073951808e-11
9489 8.071825013e-11
9490 8.069699002e-11
9491 8.067573775e-11
9492 8.065449332e-11
9493 8.063325671e-11
9494 8.061202794e-11
9495 8.059080699e-11
9496 8.056959386e-11
9497 8.054838854e-11
9498 8.052719104e-11
9499 8.050600135e-11
9500 8.048481946e-11
9501 8.046364537e-11
9502 8.044247908e-11
9503 8.042132059e-11
9504 8.040016989e-11
9505 8.037902697e-11
9506 8.035789184e-11
9507 8.033676448e-11
9508 8.03156449e-11
9509 8.02945331e-11
9510 8.027342906e-11
9511 8.025233279e-11
9512 8.023124427e-11
9513 8.021016352e-11
9514 8.018909052e-11
9515 8.016802527e-11
9516 8.014696776e-11
9517 8.0125918e-11
9518 8.010487598e-11
9519 8.008384169e-11
9520 8.006281514e-11
9521 8.004179631e-11
9522 8.002078521e-11
9523 7.999978183e-11
9524 7.997878616e-11
9525 7.995779821e-11
9526 7.993681797e-11
9527 7.991584543e-11
9528 7.98948806e-11
9529 7.987392347e-11
9530 7.985297403e-11
9531 7.983203228e-11
9532 7.981109822e-11
9533 7.979017185e-11
9534 7.976925316e-11
9535 7.974834214e-11
9536 7.97274388e-11
9537 7.970654313e-11
9538 7.968565512e-11
9539 7.966477478e-11
9540 7.964390209e-11
9541 7.962303706e-11
9542 7.960217969e-11
9543 7.958132996e-11
9544 7.956048787e-11
9545 7.953965343e-11
9546 7.951882662e-11
9547 7.949800745e-11
9548 7.947719591e-11
9549 7.9456392e-11
9550 7.943559571e-11
9551 7.941480703e-11
9552 7.939402598e-11
9553 7.937325253e-11
9554 7.93524867e-11
9555 7.933172847e-11
9556 7.931097784e-11
9557 7.929023481e-11
9558 7.926949937e-11
9559 7.924877153e-11
9560 7.922805127e-11
9561 7.920733859e-11
9562 7.91866335e-11
9563 7.916593598e-11
9564 7.914524604e-11
9565 7.912456366e-11
9566 7.910388885e-11
9567 7.908322161e-11
9568 7.906256192e-11
9569 7.904190978e-11
9570 7.90212652e-11
9571 7.900062817e-11
9572 7.897999868e-11
9573 7.895937673e-11
9574 7.893876232e-11
9575 7.891815544e-11
9576 7.88975561e-11
9577 7.887696428e-11
9578 7.885637998e-11
9579 7.883580321e-11
9580 7.881523395e-11
9581 7.87946722e-11
9582 7.877411796e-11
9583 7.875357123e-11
9584 7.8733032e-11
9585 7.871250027e-11
9586 7.869197603e-11
9587 7.867145929e-11
9588 7.865095003e-11
9589 7.863044826e-11
9590 7.860995396e-11
9591 7.858946715e-11
9592 7.856898781e-11
9593 7.854851594e-11
9594 7.852805154e-11
9595 7.85075946e-11
9596 7.848714512e-11
9597 7.84667031e-11
9598 7.844626853e-11
9599 7.842584141e-11
9600 7.840542174e-11
9601 7.83850095e-11
9602 7.836460471e-11
9603 7.834420736e-11
9604 7.832381743e-11
9605 7.830343494e-11
9606 7.828305986e-11
9607 7.826269222e-11
9608 7.824233198e-11
9609 7.822197917e-11
9610 7.820163376e-11
9611 7.818129577e-11
9612 7.816096517e-11
9613 7.814064198e-11
9614 7.812032619e-11
9615 7.810001779e-11
9616 7.807971677e-11
9617 7.805942315e-11
9618 7.803913691e-11
9619 7.801885805e-11
9620 7.799858657e-11
9621 7.797832246e-11
9622 7.795806572e-11
9623 7.793781634e-11
9624 7.791757433e-11
9625 7.789733968e-11
9626 7.787711238e-11
9627 7.785689244e-11
9628 7.783667985e-11
9629 7.78164746e-11
9630 7.779627669e-11
9631 7.777608612e-11
9632 7.775590289e-11
9633 7.773572699e-11
9634 7.771555842e-11
9635 7.769539717e-11
9636 7.767524325e-11
9637 7.765509664e-11
9638 7.763495735e-11
9639 7.761482537e-11
9640 7.75947007e-11
9641 7.757458333e-11
9642 7.755447326e-11
9643 7.753437049e-11
9644 7.751427502e-11
9645 7.749418683e-11
9646 7.747410594e-11
9647 7.745403232e-11
9648 7.743396599e-11
9649 7.741390694e-11
9650 7.739385516e-11
9651 7.737381065e-11
9652 7.735377341e-11
9653 7.733374343e-11
9654 7.731372071e-11
9655 7.729370525e-11
9656 7.727369704e-11
9657 7.725369609e-11
9658 7.723370238e-11
9659 7.721371591e-11
9660 7.719373668e-11
9661 7.71737647e-11
9662 7.715379994e-11
9663 7.713384241e-11
9664 7.711389211e-11
9665 7.709394904e-11
9666 7.707401318e-11
9667 7.705408454e-11
9668 7.703416312e-11
9669 7.70142489e-11
9670 7.699434189e-11
9671 7.697444208e-11
9672 7.695454948e-11
9673 7.693466407e-11
9674 7.691478585e-11
9675 7.689491482e-11
9676 7.687505098e-11
9677 7.685519432e-11
9678 7.683534485e-11
9679 7.681550254e-11
9680 7.679566742e-11
9681 7.677583946e-11
9682 7.675601866e-11
9683 7.673620504e-11
9684 7.671639857e-11
9685 7.669659925e-11
9686 7.667680709e-11
9687 7.665702208e-11
9688 7.663724422e-11
9689 7.66174735e-11
9690 7.659770992e-11
9691 7.657795347e-11
9692 7.655820416e-11
9693 7.653846198e-11
9694 7.651872693e-11
9695 7.6498999e-11
9696 7.647927819e-11
9697 7.645956449e-11
9698 7.643985791e-11
9699 7.642015844e-11
9700 7.640046607e-11
9701 7.638078081e-11
9702 7.636110265e-11
9703 7.634143159e-11
9704 7.632176762e-11
9705 7.630211074e-11
9706 7.628246095e-11
9707 7.626281824e-11
9708 7.624318261e-11
9709 7.622355406e-11
9710 7.620393258e-11
9711 7.618431817e-11
9712 7.616471083e-11
9713 7.614511056e-11
9714 7.612551734e-11
9715 7.610593119e-11
9716 7.608635208e-11
9717 7.606678003e-11
9718 7.604721503e-11
9719 7.602765707e-11
9720 7.600810615e-11
9721 7.598856227e-11
9722 7.596902542e-11
9723 7.594949561e-11
9724 7.592997282e-11
9725 7.591045706e-11
9726 7.589094832e-11
9727 7.58714466e-11
9728 7.585195189e-11
9729 7.58324642e-11
9730 7.581298351e-11
9731 7.579350983e-11
9732 7.577404316e-11
9733 7.575458348e-11
9734 7.57351308e-11
9735 7.571568511e-11
9736 7.56962464e-11
9737 7.567681469e-11
9738 7.565738996e-11
9739 7.56379722e-11
9740 7.561856143e-11
9741 7.559915762e-11
9742 7.557976079e-11
9743 7.556037092e-11
9744 7.554098802e-11
9745 7.552161208e-11
9746 7.550224309e-11
9747 7.548288106e-11
9748 7.546352598e-11
9749 7.544417785e-11
9750 7.542483666e-11
9751 7.540550241e-11
9752 7.53861751e-11
9753 7.536685472e-11
9754 7.534754128e-11
9755 7.532823476e-11
9756 7.530893517e-11
9757 7.52896425e-11
9758 7.527035675e-11
9759 7.525107792e-11
9760 7.523180599e-11
9761 7.521254098e-11
9762 7.519328287e-11
9763 7.517403167e-11
9764 7.515478736e-11
9765 7.513554995e-11
9766 7.511631943e-11
9767 7.509709581e-11
9768 7.507787907e-11
9769 7.505866921e-11
9770 7.503946624e-11
9771 7.502027014e-11
9772 7.500108092e-11
9773 7.498189856e-11
9774 7.496272308e-11
9775 7.494355446e-11
9776 7.49243927e-11
9777 7.49052378e-11
9778 7.488608976e-11
9779 7.486694856e-11
9780 7.484781422e-11
9781 7.482868672e-11
9782 7.480956606e-11
9783 7.479045225e-11
9784 7.477134527e-11
9785 7.475224512e-11
9786 7.47331518e-11
9787 7.471406531e-11
9788 7.469498565e-11
9789 7.46759128e-11
9790 7.465684677e-11
9791 7.463778756e-11
9792 7.461873516e-11
9793 7.459968956e-11
9794 7.458065077e-11
9795 7.456161879e-11
9796 7.45425936e-11
9797 7.45235752e-11
9798 7.45045636e-11
9799 7.448555879e-11
9800 7.446656077e-11
9801 7.444756952e-11
9802 7.442858506e-11
9803 7.440960738e-11
9804 7.439063646e-11
9805 7.437167232e-11
9806 7.435271495e-11
9807 7.433376434e-11
9808 7.431482049e-11
9809 7.42958834e-11
9810 7.427695307e-11
9811 7.425802949e-11
9812 7.423911265e-11
9813 7.422020257e-11
9814 7.420129922e-11
9815 7.418240262e-11
9816 7.416351275e-11
9817 7.414462961e-11
9818 7.412575321e-11
9819 7.410688353e-11
9820 7.408802058e-11
9821 7.406916435e-11
9822 7.405031483e-11
9823 7.403147203e-11
9824 7.401263595e-11
9825 7.399380657e-11
9826 7.39749839e-11
9827 7.395616793e-11
9828 7.393735866e-11
9829 7.391855608e-11
9830 7.38997602e-11
9831 7.388097102e-11
9832 7.386218851e-11
9833 7.38434127e-11
9834 7.382464356e-11
9835 7.38058811e-11
9836 7.378712532e-11
9837 7.376837621e-11
9838 7.374963377e-11
9839 7.373089799e-11
9840 7.371216888e-11
9841 7.369344643e-11
9842 7.367473063e-11
9843 7.365602149e-11
9844 7.3637319e-11
9845 7.361862315e-11
9846 7.359993396e-11
9847 7.35812514e-11
9848 7.356257548e-11
9849 7.35439062e-11
9850 7.352524355e-11
9851 7.350658753e-11
9852 7.348793813e-11
9853 7.346929536e-11
9854 7.345065921e-11
9855 7.343202968e-11
9856 7.341340676e-11
9857 7.339479045e-11
9858 7.337618075e-11
9859 7.335757766e-11
9860 7.333898117e-11
9861 7.332039128e-11
9862 7.330180798e-11
9863 7.328323128e-11
9864 7.326466117e-11
9865 7.324609765e-11
9866 7.322754071e-11
9867 7.320899035e-11
9868 7.319044657e-11
9869 7.317190936e-11
9870 7.315337873e-11
9871 7.313485467e-11
9872 7.311633717e-11
9873 7.309782624e-11
9874 7.307932186e-11
9875 7.306082405e-11
9876 7.304233279e-11
9877 7.302384807e-11
9878 7.300536991e-11
9879 7.29868983e-11
9880 7.296843322e-11
9881 7.294997469e-11
9882 7.293152269e-11
9883 7.291307723e-11
9884 7.289463829e-11
9885 7.287620588e-11
9886 7.285778e-11
9887 7.283936064e-11
9888 7.28209478e-11
9889 7.280254148e-11
9890 7.278414166e-11
9891 7.276574836e-11
9892 7.274736156e-11
9893 7.272898127e-11
9894 7.271060748e-11
9895 7.269224018e-11
9896 7.267387938e-11
9897 7.265552508e-11
9898 7.263717726e-11
9899 7.261883593e-11
9900 7.260050108e-11
9901 7.258217271e-11
9902 7.256385082e-11
9903 7.25455354e-11
9904 7.252722646e-11
9905 7.250892398e-11
9906 7.249062797e-11
9907 7.247233842e-11
9908 7.245405533e-11
9909 7.24357787e-11
9910 7.241750852e-11
9911 7.239924479e-11
9912 7.238098751e-11
9913 7.236273667e-11
9914 7.234449228e-11
9915 7.232625433e-11
9916 7.230802281e-11
9917 7.228979772e-11
9918 7.227157907e-11
9919 7.225336684e-11
9920 7.223516104e-11
9921 7.221696166e-11
9922 7.21987687e-11
9923 7.218058215e-11
9924 7.216240202e-11
9925 7.21442283e-11
9926 7.212606098e-11
9927 7.210790007e-11
9928 7.208974556e-11
9929 7.207159745e-11
9930 7.205345573e-11
9931 7.203532041e-11
9932 7.201719147e-11
9933 7.199906893e-11
9934 7.198095276e-11
9935 7.196284298e-11
9936 7.194473957e-11
9937 7.192664255e-11
9938 7.190855189e-11
9939 7.18904676e-11
9940 7.187238968e-11
9941 7.185431812e-11
9942 7.183625293e-11
9943 7.181819409e-11
9944 7.180014161e-11
9945 7.178209548e-11
9946 7.176405569e-11
9947 7.174602226e-11
9948 7.172799517e-11
9949 7.170997442e-11
9950 7.169196e-11
9951 7.167395192e-11
9952 7.165595018e-11
9953 7.163795476e-11
9954 7.161996567e-11
9955 7.160198291e-11
9956 7.158400646e-11
9957 7.156603633e-11
9958 7.154807252e-11
9959 7.153011502e-11
9960 7.151216382e-11
9961 7.149421894e-11
9962 7.147628036e-11
9963 7.145834808e-11
9964 7.144042209e-11
9965 7.14225024e-11
9966 7.140458901e-11
9967 7.13866819e-11
9968 7.136878108e-11
9969 7.135088654e-11
9970 7.133299829e-11
9971 7.131511631e-11
9972 7.129724061e-11
9973 7.127937118e-11
9974 7.126150802e-11
9975 7.124365112e-11
9976 7.122580049e-11
9977 7.120795612e-11
9978 7.119011801e-11
9979 7.117228615e-11
9980 7.115446055e-11
9981 7.11366412e-11
9982 7.111882809e-11
9983 7.110102123e-11
9984 7.108322061e-11
9985 7.106542623e-11
9986 7.104763808e-11
9987 7.102985616e-11
9988 7.101208048e-11
9989 7.099431102e-11
9990 7.097654779e-11
9991 7.095879078e-11
9992 7.094103999e-11
9993 7.092329541e-11
9994 7.090555705e-11
9995 7.08878249e-11
9996 7.087009895e-11
9997 7.085237921e-11
9998 7.083466568e-11
9999 7.081695834e-11
inf 0.05
