# potencia: beta=3 dmax=10000 inf=0.05
# fase: f04
# cenario: sd01 (β = 3,0)
# d = objetos distintos entre dois pedidos ao mesmo objeto
0 0.7903120072
1 0.0987890009
2 0.02927081508
3 0.01234862511
4 0.006322496058
5 0.003658851885
6 0.002304116639
7 0.001543578139
8 0.001084104262
9 0.0007903120072
10 0.0005937731084
11 0.0004573564857
12 0.0003597232623
13 0.0002880145799
14 0.0002341665207
15 0.0001929472674
16 0.0001608613896
17 0.0001355130328
18 0.0001152226283
19 9.87890009e-05
20 8.53376533e-05
21 7.422163855e-05
22 6.495537168e-05
23 5.716956071e-05
24 5.057996846e-05
25 4.496540779e-05
26 4.015200972e-05
27 3.600182249e-05
28 3.240444492e-05
29 2.927081508e-05
30 2.652854913e-05
31 2.411840842e-05
32 2.199159661e-05
33 2.01076737e-05
34 1.843293311e-05
35 1.69391291e-05
36 1.560247186e-05
37 1.440282853e-05
38 1.332308379e-05
39 1.234862511e-05
40 1.146692601e-05
41 1.066720666e-05
42 9.940156304e-06
43 9.277704818e-06
44 8.672834099e-06
45 8.11942146e-06
46 7.61210914e-06
47 7.146195089e-06
48 6.717541222e-06
49 6.322496058e-06
50 5.957829245e-06
51 5.620675973e-06
52 5.308489607e-06
53 5.019001214e-06
54 4.750184867e-06
55 4.500227811e-06
56 4.26750475e-06
57 4.050555615e-06
58 3.848066293e-06
59 3.658851885e-06
60 3.481842124e-06
61 3.316068642e-06
62 3.160653826e-06
63 3.014801053e-06
64 2.877786098e-06
65 2.748949576e-06
66 2.627690265e-06
67 2.513459213e-06
68 2.405754507e-06
69 2.304116639e-06
70 2.208124386e-06
71 2.117391137e-06
72 2.031561621e-06
73 1.950308983e-06
74 1.873332165e-06
75 1.800353567e-06
76 1.731116934e-06
77 1.665385474e-06
78 1.602940147e-06
79 1.543578139e-06
80 1.487111471e-06
81 1.433365751e-06
82 1.382179041e-06
83 1.333400833e-06
84 1.286891117e-06
85 1.242519538e-06
86 1.200164627e-06
87 1.159713102e-06
88 1.121059234e-06
89 1.084104262e-06
90 1.048755867e-06
91 1.014927683e-06
92 9.825388568e-07
93 9.515136425e-07
94 9.217810261e-07
95 8.932743861e-07
96 8.659311793e-07
97 8.396926528e-07
98 8.14503578e-07
99 7.903120072e-07
100 7.67069048e-07
101 7.447286557e-07
102 7.232474417e-07
103 7.025844966e-07
104 6.827012264e-07
105 6.635612009e-07
106 6.451300136e-07
107 6.273751518e-07
108 6.102658761e-07
109 5.937731084e-07
110 5.778693282e-07
111 5.625284764e-07
112 5.477258649e-07
113 5.334380938e-07
114 5.196429734e-07
115 5.063194519e-07
116 4.934475477e-07
117 4.810082867e-07
118 4.689836432e-07
119 4.573564857e-07
120 4.461105247e-07
121 4.352302656e-07
122 4.247009632e-07
123 4.145085802e-07
124 4.046397477e-07
125 3.950817283e-07
126 3.858223815e-07
127 3.768501316e-07
128 3.681539372e-07
129 3.597232623e-07
130 3.5154805e-07
131 3.43618697e-07
132 3.359260299e-07
133 3.284612832e-07
134 3.212160777e-07
135 3.141824016e-07
136 3.073525911e-07
137 3.007193133e-07
138 2.942755496e-07
139 2.880145799e-07
140 2.819299681e-07
141 2.760155483e-07
142 2.702654112e-07
143 2.646738922e-07
144 2.592355594e-07
145 2.539452027e-07
146 2.48797823e-07
147 2.437886228e-07
148 2.389129963e-07
149 2.341665207e-07
150 2.295449477e-07
151 2.250441958e-07
152 2.206603424e-07
153 2.163896168e-07
154 2.122283931e-07
155 2.081731842e-07
156 2.042206354e-07
157 2.003675184e-07
158 1.966107262e-07
159 1.929472674e-07
160 1.893742615e-07
161 1.858889339e-07
162 1.824886116e-07
163 1.791707188e-07
164 1.759327728e-07
165 1.727723801e-07
166 1.696872326e-07
167 1.666751041e-07
168 1.637338472e-07
169 1.608613896e-07
170 1.580557315e-07
171 1.553149422e-07
172 1.526371579e-07
173 1.500205783e-07
174 1.474634649e-07
175 1.449641378e-07
176 1.425209738e-07
177 1.401324043e-07
178 1.377969127e-07
179 1.355130328e-07
180 1.332793468e-07
181 1.310944833e-07
182 1.289571157e-07
183 1.268659603e-07
184 1.248197749e-07
185 1.228173571e-07
186 1.208575429e-07
187 1.189392053e-07
188 1.170612528e-07
189 1.152226283e-07
190 1.134223075e-07
191 1.116592983e-07
192 1.099326389e-07
193 1.082413974e-07
194 1.065846703e-07
195 1.049615816e-07
196 1.033712819e-07
197 1.018129473e-07
198 1.002857787e-07
199 9.87890009e-08
200 9.732186167e-08
201 9.5883631e-08
202 9.447360036e-08
203 9.309108196e-08
204 9.173540805e-08
205 9.040593021e-08
206 8.910201877e-08
207 8.782306208e-08
208 8.656846601e-08
209 8.53376533e-08
210 8.413006304e-08
211 8.294515011e-08
212 8.178238468e-08
213 8.06412517e-08
214 7.952125043e-08
215 7.842189398e-08
216 7.734270884e-08
217 7.628323451e-08
218 7.524302301e-08
219 7.422163855e-08
220 7.321865709e-08
221 7.223366603e-08
222 7.12662638e-08
223 7.031605955e-08
224 6.938267279e-08
225 6.846573311e-08
226 6.756487983e-08
227 6.667976172e-08
228 6.581003673e-08
229 6.495537168e-08
230 6.4115442e-08
231 6.328993149e-08
232 6.247853206e-08
233 6.168094346e-08
234 6.089687312e-08
235 6.012603583e-08
236 5.93681536e-08
237 5.86229554e-08
238 5.7890177e-08
239 5.716956071e-08
240 5.646085526e-08
241 5.576381559e-08
242 5.507820263e-08
243 5.440378319e-08
244 5.374032978e-08
245 5.30876204e-08
246 5.244543844e-08
247 5.181357253e-08
248 5.119181633e-08
249 5.057996846e-08
250 4.997783234e-08
251 4.938521603e-08
252 4.880193214e-08
253 4.822779768e-08
254 4.766263396e-08
255 4.710626645e-08
256 4.655852469e-08
257 4.601924215e-08
258 4.548825616e-08
259 4.496540779e-08
260 4.445054173e-08
261 4.394350625e-08
262 4.344415303e-08
263 4.295233712e-08
264 4.246791686e-08
265 4.199075374e-08
266 4.152071238e-08
267 4.105766039e-08
268 4.060146836e-08
269 4.015200972e-08
270 3.970916068e-08
271 3.92728002e-08
272 3.884280988e-08
273 3.841907389e-08
274 3.800147894e-08
275 3.758991417e-08
276 3.718427113e-08
277 3.67844437e-08
278 3.639032803e-08
279 3.600182249e-08
280 3.56188276e-08
281 3.524124602e-08
282 3.486898243e-08
283 3.450194354e-08
284 3.4140038e-08
285 3.37831764e-08
286 3.343127115e-08
287 3.308423652e-08
288 3.274198853e-08
289 3.240444492e-08
290 3.207152516e-08
291 3.174315033e-08
292 3.141924315e-08
293 3.109972788e-08
294 3.078453035e-08
295 3.047357786e-08
296 3.016679919e-08
297 2.986412454e-08
298 2.956548552e-08
299 2.927081508e-08
300 2.898004753e-08
301 2.869311846e-08
302 2.840996474e-08
303 2.813052448e-08
304 2.7854737e-08
305 2.75825428e-08
306 2.731388357e-08
307 2.704870209e-08
308 2.678694229e-08
309 2.652854913e-08
310 2.627346869e-08
311 2.602164802e-08
312 2.577303524e-08
313 2.552757942e-08
314 2.528523061e-08
315 2.50459398e-08
316 2.480965891e-08
317 2.457634077e-08
318 2.434593909e-08
319 2.411840842e-08
320 2.389370421e-08
321 2.367178268e-08
322 2.345260091e-08
323 2.323611673e-08
324 2.302228879e-08
325 2.281107645e-08
326 2.260243985e-08
327 2.239633985e-08
328 2.219273802e-08
329 2.199159661e-08
330 2.179287857e-08
331 2.159654751e-08
332 2.140256771e-08
333 2.121090407e-08
334 2.102152212e-08
335 2.083438801e-08
336 2.064946849e-08
337 2.04667309e-08
338 2.028614314e-08
339 2.01076737e-08
340 1.993129161e-08
341 1.975696644e-08
342 1.958466829e-08
343 1.941436778e-08
344 1.924603605e-08
345 1.907964474e-08
346 1.891516595e-08
347 1.875257229e-08
348 1.859183684e-08
349 1.843293311e-08
350 1.82758351e-08
351 1.812051722e-08
352 1.796695434e-08
353 1.781512173e-08
354 1.766499509e-08
355 1.751655053e-08
356 1.736976456e-08
357 1.722461408e-08
358 1.708107637e-08
359 1.69391291e-08
360 1.679875029e-08
361 1.665991835e-08
362 1.652261203e-08
363 1.638681042e-08
364 1.625249297e-08
365 1.611963946e-08
366 1.598823001e-08
367 1.585824504e-08
368 1.57296653e-08
369 1.560247186e-08
370 1.547664608e-08
371 1.535216964e-08
372 1.522902448e-08
373 1.510719287e-08
374 1.498665732e-08
375 1.486740066e-08
376 1.474940597e-08
377 1.46326566e-08
378 1.451713616e-08
379 1.440282853e-08
380 1.428971783e-08
381 1.417778844e-08
382 1.406702497e-08
383 1.395741228e-08
384 1.384893547e-08
385 1.374157986e-08
386 1.363533101e-08
387 1.353017468e-08
388 1.342609687e-08
389 1.332308379e-08
390 1.322112186e-08
391 1.31201977e-08
392 1.302029815e-08
393 1.292141023e-08
394 1.282352118e-08
395 1.272661841e-08
396 1.263068953e-08
397 1.253572234e-08
398 1.244170481e-08
399 1.234862511e-08
400 1.225647158e-08
401 1.216523271e-08
402 1.207489719e-08
403 1.198545388e-08
404 1.189689177e-08
405 1.180920004e-08
406 1.172236804e-08
407 1.163638525e-08
408 1.15512413e-08
409 1.146692601e-08
410 1.13834293e-08
411 1.130074128e-08
412 1.121885217e-08
413 1.113775235e-08
414 1.105743233e-08
415 1.097788276e-08
416 1.089909443e-08
417 1.082105825e-08
418 1.074376527e-08
419 1.066720666e-08
420 1.059137373e-08
421 1.051625788e-08
422 1.044185067e-08
423 1.036814376e-08
424 1.029512894e-08
425 1.022279808e-08
426 1.015114322e-08
427 1.008015646e-08
428 1.000983004e-08
429 9.940156304e-09
430 9.871127688e-09
431 9.802736747e-09
432 9.734976135e-09
433 9.667838606e-09
434 9.601317014e-09
435 9.535404314e-09
436 9.470093553e-09
437 9.405377876e-09
438 9.341250522e-09
439 9.277704818e-09
440 9.214734187e-09
441 9.152332136e-09
442 9.090492264e-09
443 9.029208254e-09
444 8.968473873e-09
445 8.908282975e-09
446 8.848629493e-09
447 8.789507443e-09
448 8.73091092e-09
449 8.672834099e-09
450 8.615271229e-09
451 8.558216639e-09
452 8.50166473e-09
453 8.445609979e-09
454 8.390046934e-09
455 8.334970216e-09
456 8.280374515e-09
457 8.226254592e-09
458 8.172605275e-09
459 8.11942146e-09
460 8.066698109e-09
461 8.01443025e-09
462 7.962612974e-09
463 7.911241436e-09
464 7.860310854e-09
465 7.809816507e-09
466 7.759753734e-09
467 7.710117933e-09
468 7.660904563e-09
469 7.61210914e-09
470 7.563727236e-09
471 7.515754479e-09
472 7.468186554e-09
473 7.4210192e-09
474 7.374248209e-09
475 7.327869425e-09
476 7.281878748e-09
477 7.236272124e-09
478 7.191045555e-09
479 7.146195089e-09
480 7.101716824e-09
481 7.057606908e-09
482 7.013861536e-09
483 6.970476948e-09
484 6.927449435e-09
485 6.884775329e-09
486 6.842451009e-09
487 6.800472899e-09
488 6.758837467e-09
489 6.717541222e-09
490 6.676580718e-09
491 6.63595255e-09
492 6.595653353e-09
493 6.555679805e-09
494 6.516028624e-09
495 6.476696566e-09
496 6.437680427e-09
497 6.398977041e-09
498 6.360583281e-09
499 6.322496058e-09
500 6.284712317e-09
501 6.247229043e-09
502 6.210043253e-09
503 6.173152004e-09
504 6.136552384e-09
505 6.100241518e-09
506 6.064216563e-09
507 6.028474711e-09
508 5.993013186e-09
509 5.957829245e-09
510 5.922920179e-09
511 5.888283307e-09
512 5.853915981e-09
513 5.819815586e-09
514 5.785979534e-09
515 5.752405268e-09
516 5.719090263e-09
517 5.68603202e-09
518 5.65322807e-09
519 5.620675973e-09
520 5.588373317e-09
521 5.556317717e-09
522 5.524506815e-09
523 5.492938281e-09
524 5.461609811e-09
525 5.430519128e-09
526 5.39966398e-09
527 5.36904214e-09
528 5.338651408e-09
529 5.308489607e-09
530 5.278554586e-09
531 5.248844217e-09
532 5.219356398e-09
533 5.190089047e-09
534 5.161040109e-09
535 5.132207549e-09
536 5.103589358e-09
537 5.075183545e-09
538 5.046988146e-09
539 5.019001214e-09
540 4.991220828e-09
541 4.963645085e-09
542 4.936272104e-09
543 4.909100025e-09
544 4.882127009e-09
545 4.855351235e-09
546 4.828770904e-09
547 4.802384236e-09
548 4.776189471e-09
549 4.750184867e-09
550 4.724368701e-09
551 4.698739271e-09
552 4.67329489e-09
553 4.648033891e-09
554 4.622954626e-09
555 4.598055462e-09
556 4.573334787e-09
557 4.548791004e-09
558 4.524422532e-09
559 4.500227811e-09
560 4.476205293e-09
561 4.45235345e-09
562 4.428670769e-09
563 4.405155752e-09
564 4.381806919e-09
565 4.358622804e-09
566 4.335601956e-09
567 4.312742942e-09
568 4.290044342e-09
569 4.26750475e-09
570 4.245122778e-09
571 4.22289705e-09
572 4.200826204e-09
573 4.178908894e-09
574 4.157143788e-09
575 4.135529565e-09
576 4.114064922e-09
577 4.092748566e-09
578 4.071579219e-09
579 4.050555615e-09
580 4.029676504e-09
581 4.008940645e-09
582 3.988346812e-09
583 3.967893792e-09
584 3.947580382e-09
585 3.927405393e-09
586 3.907367649e-09
587 3.887465985e-09
588 3.867699247e-09
589 3.848066293e-09
590 3.828565994e-09
591 3.809197232e-09
592 3.789958899e-09
593 3.770849898e-09
594 3.751869146e-09
595 3.733015567e-09
596 3.7142881e-09
597 3.69568569e-09
598 3.677207295e-09
599 3.658851885e-09
600 3.640618438e-09
601 3.622505942e-09
602 3.604513395e-09
603 3.586639808e-09
604 3.568884198e-09
605 3.551245593e-09
606 3.533723031e-09
607 3.51631556e-09
608 3.499022236e-09
609 3.481842124e-09
610 3.464774301e-09
611 3.44781785e-09
612 3.430971865e-09
613 3.414235446e-09
614 3.397607705e-09
615 3.381087762e-09
616 3.364674743e-09
617 3.348367786e-09
618 3.332166034e-09
619 3.316068642e-09
620 3.300074769e-09
621 3.284183586e-09
622 3.268394269e-09
623 3.252706003e-09
624 3.237117982e-09
625 3.221629405e-09
626 3.206239482e-09
627 3.190947428e-09
628 3.175752465e-09
629 3.160653826e-09
630 3.145650748e-09
631 3.130742475e-09
632 3.115928261e-09
633 3.101207364e-09
634 3.086579052e-09
635 3.072042597e-09
636 3.057597279e-09
637 3.043242386e-09
638 3.02897721e-09
639 3.014801053e-09
640 3.00071322e-09
641 2.986713026e-09
642 2.972799789e-09
643 2.958972835e-09
644 2.945231497e-09
645 2.931575113e-09
646 2.918003028e-09
647 2.904514592e-09
648 2.891109161e-09
649 2.877786098e-09
650 2.864544772e-09
651 2.851384556e-09
652 2.838304831e-09
653 2.825304982e-09
654 2.8123844e-09
655 2.799542482e-09
656 2.78677863e-09
657 2.774092252e-09
658 2.761482761e-09
659 2.748949576e-09
660 2.736492119e-09
661 2.724109821e-09
662 2.711802114e-09
663 2.699568439e-09
664 2.687408239e-09
665 2.675320964e-09
666 2.663306068e-09
667 2.651363009e-09
668 2.639491252e-09
669 2.627690265e-09
670 2.615959522e-09
671 2.604298502e-09
672 2.592706686e-09
673 2.581183562e-09
674 2.569728622e-09
675 2.558341362e-09
676 2.547021284e-09
677 2.535767893e-09
678 2.524580698e-09
679 2.513459213e-09
680 2.502402957e-09
681 2.491411451e-09
682 2.480484224e-09
683 2.469620805e-09
684 2.458820729e-09
685 2.448083536e-09
686 2.437408768e-09
687 2.426795973e-09
688 2.416244701e-09
689 2.405754507e-09
690 2.39532495e-09
691 2.384955592e-09
692 2.374646e-09
693 2.364395744e-09
694 2.354204397e-09
695 2.344071537e-09
696 2.333996744e-09
697 2.323979605e-09
698 2.314019706e-09
699 2.304116639e-09
700 2.29427e-09
701 2.284479388e-09
702 2.274744403e-09
703 2.265064653e-09
704 2.255439745e-09
705 2.245869292e-09
706 2.23635291e-09
707 2.226890216e-09
708 2.217480833e-09
709 2.208124386e-09
710 2.198820504e-09
711 2.189568817e-09
712 2.18036896e-09
713 2.171220571e-09
714 2.162123289e-09
715 2.15307676e-09
716 2.144080629e-09
717 2.135134547e-09
718 2.126238164e-09
719 2.117391137e-09
720 2.108593125e-09
721 2.099843787e-09
722 2.091142788e-09
723 2.082489794e-09
724 2.073884475e-09
725 2.065326503e-09
726 2.056815553e-09
727 2.048351302e-09
728 2.039933431e-09
729 2.031561621e-09
730 2.023235559e-09
731 2.014954933e-09
732 2.006719433e-09
733 1.998528751e-09
734 1.990382584e-09
735 1.98228063e-09
736 1.974222588e-09
737 1.966208163e-09
738 1.958237058e-09
739 1.950308983e-09
740 1.942423646e-09
741 1.934580761e-09
742 1.926780041e-09
743 1.919021205e-09
744 1.91130397e-09
745 1.90362806e-09
746 1.895993197e-09
747 1.888399108e-09
748 1.880845521e-09
749 1.873332165e-09
750 1.865858775e-09
751 1.858425083e-09
752 1.851030827e-09
753 1.843675747e-09
754 1.836359582e-09
755 1.829082075e-09
756 1.821842973e-09
757 1.814642021e-09
758 1.807478968e-09
759 1.800353567e-09
760 1.793265569e-09
761 1.786214729e-09
762 1.779200805e-09
763 1.772223555e-09
764 1.765282739e-09
765 1.758378121e-09
766 1.751509464e-09
767 1.744676535e-09
768 1.737879102e-09
769 1.731116934e-09
770 1.724389803e-09
771 1.717697483e-09
772 1.711039748e-09
773 1.704416376e-09
774 1.697827145e-09
775 1.691271835e-09
776 1.684750228e-09
777 1.678262109e-09
778 1.671807261e-09
779 1.665385474e-09
780 1.658996534e-09
781 1.652640232e-09
782 1.64631636e-09
783 1.640024712e-09
784 1.633765083e-09
785 1.627537268e-09
786 1.621341067e-09
787 1.615176279e-09
788 1.609042705e-09
789 1.602940147e-09
790 1.596868411e-09
791 1.590827301e-09
792 1.584816625e-09
793 1.578836191e-09
794 1.57288581e-09
795 1.566965292e-09
796 1.561074451e-09
797 1.555213101e-09
798 1.549381058e-09
799 1.543578139e-09
800 1.537804162e-09
801 1.532058947e-09
802 1.526342315e-09
803 1.520654089e-09
804 1.514994092e-09
805 1.509362149e-09
806 1.503758088e-09
807 1.498181734e-09
808 1.492632919e-09
809 1.487111471e-09
810 1.481617222e-09
811 1.476150006e-09
812 1.470709655e-09
813 1.465296005e-09
814 1.459908893e-09
815 1.454548156e-09
816 1.449213632e-09
817 1.443905163e-09
818 1.438622588e-09
819 1.433365751e-09
820 1.428134494e-09
821 1.422928663e-09
822 1.417748102e-09
823 1.41259266e-09
824 1.407462183e-09
825 1.402356521e-09
826 1.397275524e-09
827 1.392219043e-09
828 1.387186931e-09
829 1.382179041e-09
830 1.377195227e-09
831 1.372235345e-09
832 1.367299251e-09
833 1.362386804e-09
834 1.357497861e-09
835 1.352632281e-09
836 1.347789927e-09
837 1.342970659e-09
838 1.33817434e-09
839 1.333400833e-09
840 1.328650003e-09
841 1.323921716e-09
842 1.319215837e-09
843 1.314532235e-09
844 1.309870778e-09
845 1.305231334e-09
846 1.300613775e-09
847 1.29601797e-09
848 1.291443794e-09
849 1.286891117e-09
850 1.282359814e-09
851 1.277849761e-09
852 1.273360831e-09
853 1.268892902e-09
854 1.264445852e-09
855 1.260019558e-09
856 1.255613899e-09
857 1.251228755e-09
858 1.246864008e-09
859 1.242519538e-09
860 1.238195228e-09
861 1.233890961e-09
862 1.229606621e-09
863 1.225342093e-09
864 1.221097263e-09
865 1.216872017e-09
866 1.212666242e-09
867 1.208479826e-09
868 1.204312658e-09
869 1.200164627e-09
870 1.196035624e-09
871 1.191925539e-09
872 1.187834265e-09
873 1.183761694e-09
874 1.179707719e-09
875 1.175672235e-09
876 1.171655135e-09
877 1.167656315e-09
878 1.163675672e-09
879 1.159713102e-09
880 1.155768503e-09
881 1.151841773e-09
882 1.147932811e-09
883 1.144041517e-09
884 1.140167791e-09
885 1.136311533e-09
886 1.132472646e-09
887 1.128651032e-09
888 1.124846593e-09
889 1.121059234e-09
890 1.117288859e-09
891 1.113535372e-09
892 1.109798679e-09
893 1.106078687e-09
894 1.102375301e-09
895 1.09868843e-09
896 1.095017982e-09
897 1.091363865e-09
898 1.087725989e-09
899 1.084104262e-09
900 1.080498597e-09
901 1.076908904e-09
902 1.073335094e-09
903 1.06977708e-09
904 1.066234774e-09
905 1.062708091e-09
906 1.059196944e-09
907 1.055701247e-09
908 1.052220916e-09
909 1.048755867e-09
910 1.045306015e-09
911 1.041871277e-09
912 1.038451571e-09
913 1.035046814e-09
914 1.031656926e-09
915 1.028281824e-09
916 1.024921429e-09
917 1.021575659e-09
918 1.018244437e-09
919 1.014927683e-09
920 1.011625317e-09
921 1.008337264e-09
922 1.005063444e-09
923 1.001803781e-09
924 9.985581992e-10
925 9.953266218e-10
926 9.921089735e-10
927 9.889051795e-10
928 9.857151653e-10
929 9.825388568e-10
930 9.793761805e-10
931 9.762270634e-10
932 9.730914328e-10
933 9.699692167e-10
934 9.668603434e-10
935 9.637647416e-10
936 9.606823407e-10
937 9.576130704e-10
938 9.545568608e-10
939 9.515136425e-10
940 9.484833466e-10
941 9.454659044e-10
942 9.424612481e-10
943 9.394693099e-10
944 9.364900225e-10
945 9.335233193e-10
946 9.305691338e-10
947 9.276274e-10
948 9.246980525e-10
949 9.217810261e-10
950 9.188762561e-10
951 9.159836782e-10
952 9.131032285e-10
953 9.102348435e-10
954 9.073784601e-10
955 9.045340156e-10
956 9.017014476e-10
957 8.988806944e-10
958 8.960716942e-10
959 8.932743861e-10
960 8.904887091e-10
961 8.87714603e-10
962 8.849520077e-10
963 8.822008635e-10
964 8.794611112e-10
965 8.767326919e-10
966 8.740155471e-10
967 8.713096185e-10
968 8.686148484e-10
969 8.659311793e-10
970 8.632585541e-10
971 8.605969161e-10
972 8.579462087e-10
973 8.553063761e-10
974 8.526773625e-10
975 8.500591124e-10
976 8.474515709e-10
977 8.448546834e-10
978 8.422683953e-10
979 8.396926528e-10
980 8.37127402e-10
981 8.345725898e-10
982 8.320281629e-10
983 8.294940687e-10
984 8.269702548e-10
985 8.244566691e-10
986 8.219532599e-10
987 8.194599757e-10
988 8.169767653e-10
989 8.14503578e-10
990 8.120403632e-10
991 8.095870707e-10
992 8.071436506e-10
993 8.047100533e-10
994 8.022862295e-10
995 7.998721301e-10
996 7.974677065e-10
997 7.950729102e-10
998 7.92687693e-10
999 7.903120072e-10
1000 7.879458052e-10
1001 7.855890396e-10
1002 7.832416636e-10
1003 7.809036303e-10
1004 7.785748934e-10
1005 7.762554067e-10
1006 7.739451242e-10
1007 7.716440005e-10
1008 7.693519901e-10
1009 7.67069048e-10
1010 7.647951294e-10
1011 7.625301897e-10
1012 7.602741847e-10
1013 7.580270703e-10
1014 7.557888029e-10
1015 7.535593388e-10
1016 7.513386349e-10
1017 7.491266482e-10
1018 7.46923336e-10
1019 7.447286557e-10
1020 7.425425651e-10
1021 7.403650223e-10
1022 7.381959856e-10
1023 7.360354133e-10
1024 7.338832644e-10
1025 7.317394977e-10
1026 7.296040725e-10
1027 7.274769482e-10
1028 7.253580847e-10
1029 7.232474417e-10
1030 7.211449795e-10
1031 7.190506585e-10
1032 7.169644394e-10
1033 7.148862829e-10
1034 7.128161501e-10
1035 7.107540025e-10
1036 7.086998014e-10
1037 7.066535087e-10
1038 7.046150864e-10
1039 7.025844966e-10
1040 7.005617018e-10
1041 6.985466646e-10
1042 6.965393478e-10
1043 6.945397146e-10
1044 6.925477281e-10
1045 6.905633519e-10
1046 6.885865496e-10
1047 6.866172851e-10
1048 6.846555226e-10
1049 6.827012264e-10
1050 6.80754361e-10
1051 6.78814891e-10
1052 6.768827815e-10
1053 6.749579975e-10
1054 6.730405043e-10
1055 6.711302675e-10
1056 6.692272528e-10
1057 6.67331426e-10
1058 6.654427533e-10
1059 6.635612009e-10
1060 6.616867353e-10
1061 6.598193233e-10
1062 6.579589315e-10
1063 6.561055272e-10
1064 6.542590774e-10
1065 6.524195497e-10
1066 6.505869116e-10
1067 6.487611309e-10
1068 6.469421755e-10
1069 6.451300136e-10
1070 6.433246135e-10
1071 6.415259437e-10
1072 6.397339728e-10
1073 6.379486697e-10
1074 6.361700034e-10
1075 6.343979432e-10
1076 6.326324583e-10
1077 6.308735182e-10
1078 6.291210928e-10
1079 6.273751518e-10
1080 6.256356653e-10
1081 6.239026035e-10
1082 6.221759368e-10
1083 6.204556356e-10
1084 6.187416708e-10
1085 6.17034013e-10
1086 6.153326334e-10
1087 6.136375032e-10
1088 6.119485935e-10
1089 6.102658761e-10
1090 6.085893224e-10
1091 6.069189044e-10
1092 6.052545938e-10
1093 6.03596363e-10
1094 6.019441841e-10
1095 6.002980295e-10
1096 5.986578719e-10
1097 5.970236839e-10
1098 5.953954384e-10
1099 5.937731084e-10
1100 5.92156667e-10
1101 5.905460877e-10
1102 5.889413438e-10
1103 5.873424089e-10
1104 5.857492567e-10
1105 5.841618612e-10
1106 5.825801964e-10
1107 5.810042364e-10
1108 5.794339555e-10
1109 5.778693282e-10
1110 5.763103291e-10
1111 5.747569328e-10
1112 5.732091143e-10
1113 5.716668484e-10
1114 5.701301104e-10
1115 5.685988755e-10
1116 5.67073119e-10
1117 5.655528166e-10
1118 5.640379437e-10
1119 5.625284764e-10
1120 5.610243903e-10
1121 5.595256617e-10
1122 5.580322666e-10
1123 5.565441813e-10
1124 5.550613823e-10
1125 5.535838461e-10
1126 5.521115494e-10
1127 5.50644469e-10
1128 5.491825818e-10
1129 5.477258649e-10
1130 5.462742953e-10
1131 5.448278504e-10
1132 5.433865077e-10
1133 5.419502445e-10
1134 5.405190386e-10
1135 5.390928678e-10
1136 5.376717098e-10
1137 5.362555427e-10
1138 5.348443446e-10
1139 5.334380938e-10
1140 5.320367685e-10
1141 5.306403473e-10
1142 5.292488086e-10
1143 5.278621312e-10
1144 5.264802939e-10
1145 5.251032755e-10
1146 5.237310551e-10
1147 5.223636118e-10
1148 5.210009248e-10
1149 5.196429734e-10
1150 5.182897372e-10
1151 5.169411956e-10
1152 5.155973284e-10
1153 5.142581152e-10
1154 5.12923536e-10
1155 5.115935707e-10
1156 5.102681994e-10
1157 5.089474023e-10
1158 5.076311597e-10
1159 5.063194519e-10
1160 5.050122595e-10
1161 5.03709563e-10
1162 5.024113431e-10
1163 5.011175806e-10
1164 4.998282564e-10
1165 4.985433515e-10
1166 4.97262847e-10
1167 4.95986724e-10
1168 4.947149637e-10
1169 4.934475477e-10
1170 4.921844573e-10
1171 4.909256742e-10
1172 4.896711799e-10
1173 4.884209562e-10
1174 4.87174985e-10
1175 4.859332481e-10
1176 4.846957277e-10
1177 4.834624058e-10
1178 4.822332647e-10
1179 4.810082867e-10
1180 4.79787454e-10
1181 4.785707493e-10
1182 4.773581551e-10
1183 4.76149654e-10
1184 4.749452288e-10
1185 4.737448623e-10
1186 4.725485375e-10
1187 4.713562373e-10
1188 4.701679448e-10
1189 4.689836432e-10
1190 4.678033158e-10
1191 4.666269459e-10
1192 4.65454517e-10
1193 4.642860124e-10
1194 4.63121416e-10
1195 4.619607112e-10
1196 4.608038819e-10
1197 4.596509119e-10
1198 4.585017852e-10
1199 4.573564857e-10
1200 4.562149975e-10
1201 4.550773047e-10
1202 4.539433917e-10
1203 4.528132427e-10
1204 4.516868421e-10
1205 4.505641744e-10
1206 4.494452242e-10
1207 4.48329976e-10
1208 4.472184146e-10
1209 4.461105247e-10
1210 4.450062912e-10
1211 4.439056991e-10
1212 4.428087333e-10
1213 4.417153789e-10
1214 4.40625621e-10
1215 4.39539445e-10
1216 4.38456836e-10
1217 4.373777794e-10
1218 4.363022608e-10
1219 4.352302656e-10
1220 4.341617793e-10
1221 4.330967877e-10
1222 4.320352764e-10
1223 4.309772313e-10
1224 4.299226382e-10
1225 4.288714831e-10
1226 4.278237519e-10
1227 4.267794308e-10
1228 4.257385058e-10
1229 4.247009632e-10
1230 4.236667892e-10
1231 4.226359702e-10
1232 4.216084926e-10
1233 4.205843429e-10
1234 4.195635075e-10
1235 4.185459732e-10
1236 4.175317265e-10
1237 4.165207543e-10
1238 4.155130432e-10
1239 4.145085802e-10
1240 4.135073522e-10
1241 4.125093461e-10
1242 4.115145491e-10
1243 4.105229482e-10
1244 4.095345306e-10
1245 4.085492836e-10
1246 4.075671944e-10
1247 4.065882504e-10
1248 4.05612439e-10
1249 4.046397477e-10
1250 4.036701641e-10
1251 4.027036756e-10
1252 4.017402701e-10
1253 4.007799352e-10
1254 3.998226587e-10
1255 3.988684284e-10
1256 3.979172323e-10
1257 3.969690582e-10
1258 3.960238941e-10
1259 3.950817283e-10
1260 3.941425486e-10
1261 3.932063434e-10
1262 3.922731009e-10
1263 3.913428094e-10
1264 3.904154571e-10
1265 3.894910326e-10
1266 3.885695242e-10
1267 3.876509205e-10
1268 3.867352101e-10
1269 3.858223815e-10
1270 3.849124234e-10
1271 3.840053246e-10
1272 3.831010738e-10
1273 3.821996599e-10
1274 3.813010717e-10
1275 3.804052982e-10
1276 3.795123284e-10
1277 3.786221513e-10
1278 3.77734756e-10
1279 3.768501316e-10
1280 3.759682674e-10
1281 3.750891526e-10
1282 3.742127764e-10
1283 3.733391282e-10
1284 3.724681975e-10
1285 3.715999736e-10
1286 3.707344461e-10
1287 3.698716044e-10
1288 3.690114382e-10
1289 3.681539372e-10
1290 3.672990909e-10
1291 3.664468892e-10
1292 3.655973218e-10
1293 3.647503785e-10
1294 3.639060493e-10
1295 3.63064324e-10
1296 3.622251926e-10
1297 3.613886451e-10
1298 3.605546717e-10
1299 3.597232623e-10
1300 3.588944072e-10
1301 3.580680965e-10
1302 3.572443205e-10
1303 3.564230695e-10
1304 3.556043339e-10
1305 3.547881039e-10
1306 3.5397437e-10
1307 3.531631227e-10
1308 3.523543525e-10
1309 3.5154805e-10
1310 3.507442057e-10
1311 3.499428102e-10
1312 3.491438544e-10
1313 3.483473288e-10
1314 3.475532242e-10
1315 3.467615315e-10
1316 3.459722415e-10
1317 3.451853452e-10
1318 3.444008333e-10
1319 3.43618697e-10
1320 3.428389272e-10
1321 3.420615149e-10
1322 3.412864514e-10
1323 3.405137276e-10
1324 3.397433349e-10
1325 3.389752643e-10
1326 3.382095072e-10
1327 3.374460549e-10
1328 3.366848987e-10
1329 3.359260299e-10
1330 3.3516944e-10
1331 3.344151205e-10
1332 3.336630628e-10
1333 3.329132584e-10
1334 3.32165699e-10
1335 3.314203761e-10
1336 3.306772814e-10
1337 3.299364065e-10
1338 3.291977432e-10
1339 3.284612832e-10
1340 3.277270183e-10
1341 3.269949403e-10
1342 3.262650412e-10
1343 3.255373127e-10
1344 3.248117469e-10
1345 3.240883357e-10
1346 3.233670711e-10
1347 3.226479452e-10
1348 3.2193095e-10
1349 3.212160777e-10
1350 3.205033204e-10
1351 3.197926703e-10
1352 3.190841196e-10
1353 3.183776605e-10
1354 3.176732854e-10
1355 3.169709866e-10
1356 3.162707564e-10
1357 3.155725872e-10
1358 3.148764715e-10
1359 3.141824016e-10
1360 3.134903701e-10
1361 3.128003696e-10
1362 3.121123925e-10
1363 3.114264314e-10
1364 3.10742479e-10
1365 3.10060528e-10
1366 3.093805709e-10
1367 3.087026006e-10
1368 3.080266097e-10
1369 3.073525911e-10
1370 3.066805376e-10
1371 3.06010442e-10
1372 3.053422971e-10
1373 3.04676096e-10
1374 3.040118315e-10
1375 3.033494966e-10
1376 3.026890843e-10
1377 3.020305876e-10
1378 3.013739996e-10
1379 3.007193133e-10
1380 3.00066522e-10
1381 2.994156187e-10
1382 2.987665966e-10
1383 2.98119449e-10
1384 2.97474169e-10
1385 2.9683075e-10
1386 2.961891852e-10
1387 2.95549468e-10
1388 2.949115916e-10
1389 2.942755496e-10
1390 2.936413353e-10
1391 2.930089421e-10
1392 2.923783635e-10
1393 2.917495931e-10
1394 2.911226242e-10
1395 2.904974506e-10
1396 2.898740657e-10
1397 2.892524632e-10
1398 2.886326367e-10
1399 2.880145799e-10
1400 2.873982864e-10
1401 2.8678375e-10
1402 2.861709644e-10
1403 2.855599234e-10
1404 2.849506208e-10
1405 2.843430504e-10
1406 2.83737206e-10
1407 2.831330816e-10
1408 2.82530671e-10
1409 2.819299681e-10
1410 2.81330967e-10
1411 2.807336615e-10
1412 2.801380458e-10
1413 2.795441137e-10
1414 2.789518594e-10
1415 2.78361277e-10
1416 2.777723605e-10
1417 2.771851041e-10
1418 2.76599502e-10
1419 2.760155483e-10
1420 2.754332372e-10
1421 2.74852563e-10
1422 2.742735198e-10
1423 2.736961021e-10
1424 2.73120304e-10
1425 2.7254612e-10
1426 2.719735443e-10
1427 2.714025713e-10
1428 2.708331955e-10
1429 2.702654112e-10
1430 2.696992129e-10
1431 2.69134595e-10
1432 2.685715521e-10
1433 2.680100787e-10
1434 2.674501692e-10
1435 2.668918183e-10
1436 2.663350206e-10
1437 2.657797705e-10
1438 2.652260628e-10
1439 2.646738922e-10
1440 2.641232532e-10
1441 2.635741406e-10
1442 2.63026549e-10
1443 2.624804733e-10
1444 2.619359082e-10
1445 2.613928484e-10
1446 2.608512888e-10
1447 2.603112242e-10
1448 2.597726495e-10
1449 2.592355594e-10
1450 2.586999489e-10
1451 2.581658129e-10
1452 2.576331463e-10
1453 2.571019441e-10
1454 2.565722013e-10
1455 2.560439128e-10
1456 2.555170736e-10
1457 2.549916788e-10
1458 2.544677235e-10
1459 2.539452027e-10
1460 2.534241114e-10
1461 2.529044449e-10
1462 2.523861983e-10
1463 2.518693666e-10
1464 2.513539452e-10
1465 2.508399291e-10
1466 2.503273136e-10
1467 2.498160939e-10
1468 2.493062653e-10
1469 2.48797823e-10
1470 2.482907624e-10
1471 2.477850787e-10
1472 2.472807673e-10
1473 2.467778236e-10
1474 2.462762428e-10
1475 2.457760204e-10
1476 2.452771517e-10
1477 2.447796323e-10
1478 2.442834575e-10
1479 2.437886228e-10
1480 2.432951238e-10
1481 2.428029558e-10
1482 2.423121144e-10
1483 2.418225951e-10
1484 2.413343935e-10
1485 2.408475051e-10
1486 2.403619256e-10
1487 2.398776506e-10
1488 2.393946756e-10
1489 2.389129963e-10
1490 2.384326084e-10
1491 2.379535075e-10
1492 2.374756894e-10
1493 2.369991497e-10
1494 2.365238841e-10
1495 2.360498885e-10
1496 2.355771586e-10
1497 2.351056901e-10
1498 2.346354788e-10
1499 2.341665207e-10
1500 2.336988114e-10
1501 2.332323468e-10
1502 2.327671229e-10
1503 2.323031354e-10
1504 2.318403803e-10
1505 2.313788534e-10
1506 2.309185508e-10
1507 2.304594683e-10
1508 2.30001602e-10
1509 2.295449477e-10
1510 2.290895015e-10
1511 2.286352594e-10
1512 2.281822174e-10
1513 2.277303716e-10
1514 2.272797179e-10
1515 2.268302526e-10
1516 2.263819716e-10
1517 2.25934871e-10
1518 2.254889471e-10
1519 2.250441958e-10
1520 2.246006134e-10
1521 2.241581961e-10
1522 2.237169399e-10
1523 2.232768411e-10
1524 2.22837896e-10
1525 2.224001006e-10
1526 2.219634513e-10
1527 2.215279444e-10
1528 2.21093576e-10
1529 2.206603424e-10
1530 2.2022824e-10
1531 2.197972651e-10
1532 2.19367414e-10
1533 2.18938683e-10
1534 2.185110686e-10
1535 2.180845669e-10
1536 2.176591745e-10
1537 2.172348877e-10
1538 2.16811703e-10
1539 2.163896168e-10
1540 2.159686254e-10
1541 2.155487254e-10
1542 2.151299132e-10
1543 2.147121854e-10
1544 2.142955383e-10
1545 2.138799685e-10
1546 2.134654726e-10
1547 2.13052047e-10
1548 2.126396883e-10
1549 2.122283931e-10
1550 2.118181579e-10
1551 2.114089793e-10
1552 2.11000854e-10
1553 2.105937785e-10
1554 2.101877495e-10
1555 2.097827636e-10
1556 2.093788174e-10
1557 2.089759077e-10
1558 2.08574031e-10
1559 2.081731842e-10
1560 2.077733638e-10
1561 2.073745667e-10
1562 2.069767895e-10
1563 2.06580029e-10
1564 2.061842819e-10
1565 2.057895451e-10
1566 2.053958152e-10
1567 2.050030891e-10
1568 2.046113635e-10
1569 2.042206354e-10
1570 2.038309014e-10
1571 2.034421586e-10
1572 2.030544036e-10
1573 2.026676334e-10
1574 2.022818449e-10
1575 2.018970349e-10
1576 2.015132003e-10
1577 2.011303381e-10
1578 2.007484451e-10
1579 2.003675184e-10
1580 1.999875548e-10
1581 1.996085513e-10
1582 1.992305049e-10
1583 1.988534126e-10
1584 1.984772713e-10
1585 1.981020781e-10
1586 1.977278299e-10
1587 1.973545239e-10
1588 1.969821569e-10
1589 1.966107262e-10
1590 1.962402287e-10
1591 1.958706615e-10
1592 1.955020217e-10
1593 1.951343064e-10
1594 1.947675127e-10
1595 1.944016377e-10
1596 1.940366785e-10
1597 1.936726323e-10
1598 1.933094962e-10
1599 1.929472674e-10
1600 1.92585943e-10
1601 1.922255203e-10
1602 1.918659963e-10
1603 1.915073684e-10
1604 1.911496337e-10
1605 1.907927894e-10
1606 1.904368328e-10
1607 1.900817611e-10
1608 1.897275716e-10
1609 1.893742615e-10
1610 1.890218281e-10
1611 1.886702686e-10
1612 1.883195805e-10
1613 1.879697609e-10
1614 1.876208073e-10
1615 1.872727168e-10
1616 1.869254869e-10
1617 1.865791149e-10
1618 1.862335981e-10
1619 1.858889339e-10
1620 1.855451197e-10
1621 1.852021528e-10
1622 1.848600307e-10
1623 1.845187507e-10
1624 1.841783103e-10
1625 1.838387069e-10
1626 1.834999378e-10
1627 1.831620006e-10
1628 1.828248927e-10
1629 1.824886116e-10
1630 1.821531547e-10
1631 1.818185195e-10
1632 1.814847034e-10
1633 1.81151704e-10
1634 1.808195188e-10
1635 1.804881453e-10
1636 1.801575811e-10
1637 1.798278235e-10
1638 1.794988703e-10
1639 1.791707188e-10
1640 1.788433668e-10
1641 1.785168118e-10
1642 1.781910512e-10
1643 1.778660828e-10
1644 1.775419041e-10
1645 1.772185128e-10
1646 1.768959063e-10
1647 1.765740824e-10
1648 1.762530387e-10
1649 1.759327728e-10
1650 1.756132824e-10
1651 1.752945651e-10
1652 1.749766186e-10
1653 1.746594405e-10
1654 1.743430285e-10
1655 1.740273804e-10
1656 1.737124938e-10
1657 1.733983664e-10
1658 1.730849959e-10
1659 1.727723801e-10
1660 1.724605167e-10
1661 1.721494034e-10
1662 1.718390379e-10
1663 1.715294181e-10
1664 1.712205417e-10
1665 1.709124064e-10
1666 1.706050101e-10
1667 1.702983505e-10
1668 1.699924254e-10
1669 1.696872326e-10
1670 1.693827699e-10
1671 1.690790352e-10
1672 1.687760262e-10
1673 1.684737409e-10
1674 1.68172177e-10
1675 1.678713324e-10
1676 1.675712049e-10
1677 1.672717925e-10
1678 1.669730929e-10
1679 1.666751041e-10
1680 1.66377824e-10
1681 1.660812504e-10
1682 1.657853812e-10
1683 1.654902145e-10
1684 1.651957479e-10
1685 1.649019796e-10
1686 1.646089075e-10
1687 1.643165294e-10
1688 1.640248433e-10
1689 1.637338472e-10
1690 1.63443539e-10
1691 1.631539168e-10
1692 1.628649784e-10
1693 1.625767218e-10
1694 1.622891451e-10
1695 1.620022463e-10
1696 1.617160233e-10
1697 1.614304742e-10
1698 1.61145597e-10
1699 1.608613896e-10
1700 1.605778502e-10
1701 1.602949768e-10
1702 1.600127674e-10
1703 1.597312201e-10
1704 1.594503329e-10
1705 1.591701039e-10
1706 1.588905312e-10
1707 1.586116128e-10
1708 1.583333469e-10
1709 1.580557315e-10
1710 1.577787647e-10
1711 1.575024447e-10
1712 1.572267696e-10
1713 1.569517374e-10
1714 1.566773463e-10
1715 1.564035944e-10
1716 1.5613048e-10
1717 1.55858001e-10
1718 1.555861557e-10
1719 1.553149422e-10
1720 1.550443588e-10
1721 1.547744035e-10
1722 1.545050745e-10
1723 1.542363701e-10
1724 1.539682884e-10
1725 1.537008277e-10
1726 1.53433986e-10
1727 1.531677617e-10
1728 1.529021529e-10
1729 1.526371579e-10
1730 1.523727749e-10
1731 1.521090021e-10
1732 1.518458378e-10
1733 1.515832802e-10
1734 1.513213276e-10
1735 1.510599782e-10
1736 1.507992303e-10
1737 1.505390822e-10
1738 1.502795321e-10
1739 1.500205783e-10
1740 1.497622192e-10
1741 1.49504453e-10
1742 1.492472779e-10
1743 1.489906924e-10
1744 1.487346947e-10
1745 1.484792832e-10
1746 1.482244561e-10
1747 1.479702118e-10
1748 1.477165486e-10
1749 1.474634649e-10
1750 1.47210959e-10
1751 1.469590293e-10
1752 1.467076741e-10
1753 1.464568918e-10
1754 1.462066808e-10
1755 1.459570394e-10
1756 1.45707966e-10
1757 1.45459459e-10
1758 1.452115168e-10
1759 1.449641378e-10
1760 1.447173204e-10
1761 1.444710629e-10
1762 1.442253639e-10
1763 1.439802217e-10
1764 1.437356347e-10
1765 1.434916014e-10
1766 1.432481203e-10
1767 1.430051896e-10
1768 1.42762808e-10
1769 1.425209738e-10
1770 1.422796855e-10
1771 1.420389416e-10
1772 1.417987405e-10
1773 1.415590807e-10
1774 1.413199607e-10
1775 1.41081379e-10
1776 1.408433339e-10
1777 1.406058242e-10
1778 1.403688481e-10
1779 1.401324043e-10
1780 1.398964912e-10
1781 1.396611073e-10
1782 1.394262513e-10
1783 1.391919215e-10
1784 1.389581165e-10
1785 1.387248349e-10
1786 1.384920751e-10
1787 1.382598358e-10
1788 1.380281155e-10
1789 1.377969127e-10
1790 1.375662259e-10
1791 1.373360538e-10
1792 1.371063949e-10
1793 1.368772478e-10
1794 1.36648611e-10
1795 1.364204831e-10
1796 1.361928628e-10
1797 1.359657486e-10
1798 1.35739139e-10
1799 1.355130328e-10
1800 1.352874285e-10
1801 1.350623246e-10
1802 1.348377199e-10
1803 1.34613613e-10
1804 1.343900023e-10
1805 1.341668867e-10
1806 1.339442647e-10
1807 1.33722135e-10
1808 1.335004961e-10
1809 1.332793468e-10
1810 1.330586857e-10
1811 1.328385114e-10
1812 1.326188226e-10
1813 1.32399618e-10
1814 1.321808962e-10
1815 1.319626559e-10
1816 1.317448958e-10
1817 1.315276145e-10
1818 1.313108108e-10
1819 1.310944833e-10
1820 1.308786308e-10
1821 1.306632518e-10
1822 1.304483452e-10
1823 1.302339096e-10
1824 1.300199438e-10
1825 1.298064464e-10
1826 1.295934161e-10
1827 1.293808518e-10
1828 1.291687521e-10
1829 1.289571157e-10
1830 1.287459414e-10
1831 1.28535228e-10
1832 1.283249741e-10
1833 1.281151786e-10
1834 1.279058401e-10
1835 1.276969574e-10
1836 1.274885293e-10
1837 1.272805546e-10
1838 1.27073032e-10
1839 1.268659603e-10
1840 1.266593383e-10
1841 1.264531647e-10
1842 1.262474383e-10
1843 1.26042158e-10
1844 1.258373224e-10
1845 1.256329305e-10
1846 1.25428981e-10
1847 1.252254727e-10
1848 1.250224044e-10
1849 1.248197749e-10
1850 1.246175831e-10
1851 1.244158277e-10
1852 1.242145076e-10
1853 1.240136217e-10
1854 1.238131687e-10
1855 1.236131474e-10
1856 1.234135568e-10
1857 1.232143957e-10
1858 1.230156628e-10
1859 1.228173571e-10
1860 1.226194774e-10
1861 1.224220226e-10
1862 1.222249914e-10
1863 1.220283829e-10
1864 1.218321958e-10
1865 1.216364291e-10
1866 1.214410816e-10
1867 1.212461521e-10
1868 1.210516396e-10
1869 1.208575429e-10
1870 1.20663861e-10
1871 1.204705927e-10
1872 1.202777369e-10
1873 1.200852926e-10
1874 1.198932586e-10
1875 1.197016338e-10
1876 1.195104172e-10
1877 1.193196076e-10
1878 1.19129204e-10
1879 1.189392053e-10
1880 1.187496104e-10
1881 1.185604183e-10
1882 1.183716279e-10
1883 1.181832381e-10
1884 1.179952478e-10
1885 1.17807656e-10
1886 1.176204617e-10
1887 1.174336637e-10
1888 1.172472611e-10
1889 1.170612528e-10
1890 1.168756378e-10
1891 1.166904149e-10
1892 1.165055832e-10
1893 1.163211417e-10
1894 1.161370893e-10
1895 1.15953425e-10
1896 1.157701478e-10
1897 1.155872566e-10
1898 1.154047504e-10
1899 1.152226283e-10
1900 1.150408891e-10
1901 1.14859532e-10
1902 1.146785559e-10
1903 1.144979598e-10
1904 1.143177427e-10
1905 1.141379036e-10
1906 1.139584415e-10
1907 1.137793554e-10
1908 1.136006444e-10
1909 1.134223075e-10
1910 1.132443437e-10
1911 1.130667519e-10
1912 1.128895314e-10
1913 1.12712681e-10
1914 1.125361998e-10
1915 1.123600868e-10
1916 1.121843411e-10
1917 1.120089618e-10
1918 1.118339478e-10
1919 1.116592983e-10
1920 1.114850122e-10
1921 1.113110886e-10
1922 1.111375267e-10
1923 1.109643254e-10
1924 1.107914838e-10
1925 1.10619001e-10
1926 1.10446876e-10
1927 1.102751079e-10
1928 1.101036959e-10
1929 1.099326389e-10
1930 1.097619361e-10
1931 1.095915865e-10
1932 1.094215892e-10
1933 1.092519434e-10
1934 1.090826481e-10
1935 1.089137023e-10
1936 1.087451053e-10
1937 1.085768561e-10
1938 1.084089537e-10
1939 1.082413974e-10
1940 1.080741862e-10
1941 1.079073193e-10
1942 1.077407957e-10
1943 1.075746145e-10
1944 1.074087749e-10
1945 1.072432761e-10
1946 1.070781171e-10
1947 1.06913297e-10
1948 1.06748815e-10
1949 1.065846703e-10
1950 1.064208619e-10
1951 1.062573891e-10
1952 1.060942508e-10
1953 1.059314464e-10
1954 1.057689749e-10
1955 1.056068354e-10
1956 1.054450272e-10
1957 1.052835494e-10
1958 1.051224012e-10
1959 1.049615816e-10
1960 1.048010899e-10
1961 1.046409253e-10
1962 1.044810868e-10
1963 1.043215737e-10
1964 1.041623852e-10
1965 1.040035204e-10
1966 1.038449784e-10
1967 1.036867586e-10
1968 1.0352886e-10
1969 1.033712819e-10
1970 1.032140233e-10
1971 1.030570836e-10
1972 1.02900462e-10
1973 1.027441575e-10
1974 1.025881694e-10
1975 1.02432497e-10
1976 1.022771393e-10
1977 1.021220957e-10
1978 1.019673652e-10
1979 1.018129473e-10
1980 1.016588409e-10
1981 1.015050454e-10
1982 1.0135156e-10
1983 1.011983838e-10
1984 1.010455162e-10
1985 1.008929563e-10
1986 1.007407034e-10
1987 1.005887567e-10
1988 1.004371154e-10
1989 1.002857787e-10
1990 1.001347459e-10
1991 9.998401627e-11
1992 9.983358899e-11
1993 9.968346331e-11
1994 9.953363849e-11
1995 9.938411377e-11
1996 9.92348884e-11
1997 9.908596163e-11
1998 9.893733271e-11
1999 9.87890009e-11
2000 9.864096546e-11
2001 9.849322565e-11
2002 9.834578073e-11
2003 9.819862996e-11
2004 9.805177261e-11
2005 9.790520795e-11
2006 9.775893525e-11
2007 9.761295379e-11
2008 9.746726284e-11
2009 9.732186167e-11
2010 9.717674958e-11
2011 9.703192583e-11
2012 9.688738972e-11
2013 9.674314053e-11
2014 9.659917755e-11
2015 9.645550006e-11
2016 9.631210737e-11
2017 9.616899876e-11
2018 9.602617354e-11
2019 9.5883631e-11
2020 9.574137044e-11
2021 9.559939117e-11
2022 9.54576925e-11
2023 9.531627371e-11
2024 9.517513414e-11
2025 9.503427309e-11
2026 9.489368987e-11
2027 9.475338379e-11
2028 9.461335418e-11
2029 9.447360036e-11
2030 9.433412164e-11
2031 9.419491735e-11
2032 9.405598682e-11
2033 9.391732937e-11
2034 9.377894433e-11
2035 9.364083103e-11
2036 9.350298881e-11
2037 9.3365417e-11
2038 9.322811493e-11
2039 9.309108196e-11
2040 9.295431742e-11
2041 9.281782064e-11
2042 9.268159099e-11
2043 9.254562779e-11
2044 9.240993041e-11
2045 9.22744982e-11
2046 9.21393305e-11
2047 9.200442667e-11
2048 9.186978606e-11
2049 9.173540805e-11
2050 9.160129197e-11
2051 9.146743721e-11
2052 9.133384311e-11
2053 9.120050906e-11
2054 9.106743441e-11
2055 9.093461853e-11
2056 9.08020608e-11
2057 9.066976058e-11
2058 9.053771726e-11
2059 9.040593021e-11
2060 9.027439881e-11
2061 9.014312244e-11
2062 9.001210048e-11
2063 8.988133232e-11
2064 8.975081733e-11
2065 8.962055492e-11
2066 8.949054446e-11
2067 8.936078536e-11
2068 8.923127699e-11
2069 8.910201877e-11
2070 8.897301007e-11
2071 8.884425031e-11
2072 8.871573888e-11
2073 8.858747518e-11
2074 8.845945862e-11
2075 8.833168859e-11
2076 8.820416452e-11
2077 8.80768858e-11
2078 8.794985185e-11
2079 8.782306208e-11
2080 8.76965159e-11
2081 8.757021273e-11
2082 8.744415198e-11
2083 8.731833308e-11
2084 8.719275544e-11
2085 8.706741848e-11
2086 8.694232163e-11
2087 8.681746432e-11
2088 8.669284597e-11
2089 8.656846601e-11
2090 8.644432387e-11
2091 8.632041898e-11
2092 8.619675078e-11
2093 8.60733187e-11
2094 8.595012217e-11
2095 8.582716064e-11
2096 8.570443355e-11
2097 8.558194033e-11
2098 8.545968043e-11
2099 8.53376533e-11
2100 8.521585838e-11
2101 8.509429512e-11
2102 8.497296297e-11
2103 8.485186138e-11
2104 8.47309898e-11
2105 8.461034769e-11
2106 8.44899345e-11
2107 8.436974969e-11
2108 8.424979271e-11
2109 8.413006304e-11
2110 8.401056013e-11
2111 8.389128344e-11
2112 8.377223244e-11
2113 8.36534066e-11
2114 8.353480538e-11
2115 8.341642825e-11
2116 8.329827469e-11
2117 8.318034416e-11
2118 8.306263614e-11
2119 8.294515011e-11
2120 8.282788554e-11
2121 8.271084192e-11
2122 8.259401871e-11
2123 8.247741541e-11
2124 8.236103149e-11
2125 8.224486644e-11
2126 8.212891975e-11
2127 8.20131909e-11
2128 8.189767938e-11
2129 8.178238468e-11
2130 8.166730629e-11
2131 8.155244371e-11
2132 8.143779643e-11
2133 8.132336395e-11
2134 8.120914576e-11
2135 8.109514136e-11
2136 8.098135025e-11
2137 8.086777194e-11
2138 8.075440592e-11
2139 8.06412517e-11
2140 8.052830879e-11
2141 8.041557669e-11
2142 8.030305491e-11
2143 8.019074296e-11
2144 8.007864035e-11
2145 7.99667466e-11
2146 7.985506121e-11
2147 7.974358371e-11
2148 7.963231361e-11
2149 7.952125043e-11
2150 7.941039368e-11
2151 7.92997429e-11
2152 7.918929759e-11
2153 7.907905728e-11
2154 7.89690215e-11
2155 7.885918978e-11
2156 7.874956163e-11
2157 7.86401366e-11
2158 7.85309142e-11
2159 7.842189398e-11
2160 7.831307545e-11
2161 7.820445817e-11
2162 7.809604165e-11
2163 7.798782544e-11
2164 7.787980908e-11
2165 7.77719921e-11
2166 7.766437404e-11
2167 7.755695445e-11
2168 7.744973287e-11
2169 7.734270884e-11
2170 7.723588191e-11
2171 7.712925163e-11
2172 7.702281753e-11
2173 7.691657918e-11
2174 7.681053611e-11
2175 7.670468789e-11
2176 7.659903407e-11
2177 7.649357419e-11
2178 7.638830782e-11
2179 7.628323451e-11
2180 7.617835382e-11
2181 7.60736653e-11
2182 7.596916852e-11
2183 7.586486304e-11
2184 7.576074842e-11
2185 7.565682423e-11
2186 7.555309002e-11
2187 7.544954538e-11
2188 7.534618985e-11
2189 7.524302301e-11
2190 7.514004444e-11
2191 7.503725369e-11
2192 7.493465035e-11
2193 7.483223399e-11
2194 7.473000417e-11
2195 7.462796049e-11
2196 7.45261025e-11
2197 7.44244298e-11
2198 7.432294195e-11
2199 7.422163855e-11
2200 7.412051916e-11
2201 7.401958338e-11
2202 7.391883078e-11
2203 7.381826096e-11
2204 7.371787349e-11
2205 7.361766797e-11
2206 7.351764398e-11
2207 7.341780111e-11
2208 7.331813895e-11
2209 7.321865709e-11
2210 7.311935513e-11
2211 7.302023265e-11
2212 7.292128926e-11
2213 7.282252455e-11
2214 7.272393811e-11
2215 7.262552955e-11
2216 7.252729846e-11
2217 7.242924444e-11
2218 7.23313671e-11
2219 7.223366603e-11
2220 7.213614084e-11
2221 7.203879114e-11
2222 7.194161652e-11
2223 7.18446166e-11
2224 7.174779099e-11
2225 7.165113928e-11
2226 7.15546611e-11
2227 7.145835605e-11
2228 7.136222375e-11
2229 7.12662638e-11
2230 7.117047582e-11
2231 7.107485943e-11
2232 7.097941424e-11
2233 7.088413988e-11
2234 7.078903594e-11
2235 7.069410207e-11
2236 7.059933787e-11
2237 7.050474297e-11
2238 7.041031699e-11
2239 7.031605955e-11
2240 7.022197027e-11
2241 7.012804879e-11
2242 7.003429473e-11
2243 6.994070771e-11
2244 6.984728736e-11
2245 6.975403332e-11
2246 6.966094521e-11
2247 6.956802266e-11
2248 6.947526531e-11
2249 6.938267279e-11
2250 6.929024473e-11
2251 6.919798077e-11
2252 6.910588054e-11
2253 6.901394368e-11
2254 6.892216983e-11
2255 6.883055863e-11
2256 6.873910972e-11
2257 6.864782273e-11
2258 6.855669731e-11
2259 6.846573311e-11
2260 6.837492976e-11
2261 6.828428691e-11
2262 6.819380421e-11
2263 6.810348131e-11
2264 6.801331784e-11
2265 6.792331346e-11
2266 6.783346782e-11
2267 6.774378056e-11
2268 6.765425135e-11
2269 6.756487983e-11
2270 6.747566565e-11
2271 6.738660847e-11
2272 6.729770794e-11
2273 6.720896372e-11
2274 6.712037547e-11
2275 6.703194284e-11
2276 6.694366549e-11
2277 6.685554308e-11
2278 6.676757527e-11
2279 6.667976172e-11
2280 6.65921021e-11
2281 6.650459607e-11
2282 6.641724328e-11
2283 6.633004341e-11
2284 6.624299612e-11
2285 6.615610108e-11
2286 6.606935795e-11
2287 6.59827664e-11
2288 6.589632611e-11
2289 6.581003673e-11
2290 6.572389795e-11
2291 6.563790944e-11
2292 6.555207086e-11
2293 6.546638189e-11
2294 6.53808422e-11
2295 6.529545147e-11
2296 6.521020938e-11
2297 6.51251156e-11
2298 6.504016981e-11
2299 6.495537168e-11
2300 6.48707209e-11
2301 6.478621715e-11
2302 6.470186011e-11
2303 6.461764946e-11
2304 6.453358487e-11
2305 6.444966605e-11
2306 6.436589266e-11
2307 6.42822644e-11
2308 6.419878095e-11
2309 6.4115442e-11
2310 6.403224723e-11
2311 6.394919634e-11
2312 6.386628901e-11
2313 6.378352493e-11
2314 6.370090379e-11
2315 6.361842529e-11
2316 6.353608912e-11
2317 6.345389496e-11
2318 6.337184252e-11
2319 6.328993149e-11
2320 6.320816156e-11
2321 6.312653244e-11
2322 6.304504381e-11
2323 6.296369537e-11
2324 6.288248684e-11
2325 6.280141789e-11
2326 6.272048824e-11
2327 6.263969758e-11
2328 6.255904562e-11
2329 6.247853206e-11
2330 6.23981566e-11
2331 6.231791894e-11
2332 6.22378188e-11
2333 6.215785587e-11
2334 6.207802987e-11
2335 6.199834049e-11
2336 6.191878746e-11
2337 6.183937047e-11
2338 6.176008923e-11
2339 6.168094346e-11
2340 6.160193287e-11
2341 6.152305717e-11
2342 6.144431606e-11
2343 6.136570927e-11
2344 6.128723651e-11
2345 6.120889748e-11
2346 6.113069192e-11
2347 6.105261952e-11
2348 6.097468002e-11
2349 6.089687312e-11
2350 6.081919855e-11
2351 6.074165602e-11
2352 6.066424525e-11
2353 6.058696596e-11
2354 6.050981788e-11
2355 6.043280073e-11
2356 6.035591423e-11
2357 6.027915809e-11
2358 6.020253205e-11
2359 6.012603583e-11
2360 6.004966916e-11
2361 5.997343175e-11
2362 5.989732335e-11
2363 5.982134366e-11
2364 5.974549243e-11
2365 5.966976939e-11
2366 5.959417425e-11
2367 5.951870675e-11
2368 5.944336662e-11
2369 5.93681536e-11
2370 5.929306741e-11
2371 5.921810779e-11
2372 5.914327447e-11
2373 5.906856718e-11
2374 5.899398567e-11
2375 5.891952966e-11
2376 5.884519889e-11
2377 5.87709931e-11
2378 5.869691202e-11
2379 5.86229554e-11
2380 5.854912297e-11
2381 5.847541448e-11
2382 5.840182965e-11
2383 5.832836824e-11
2384 5.825502998e-11
2385 5.818181462e-11
2386 5.81087219e-11
2387 5.803575156e-11
2388 5.796290334e-11
2389 5.7890177e-11
2390 5.781757227e-11
2391 5.77450889e-11
2392 5.767272664e-11
2393 5.760048524e-11
2394 5.752836444e-11
2395 5.745636399e-11
2396 5.738448364e-11
2397 5.731272315e-11
2398 5.724108225e-11
2399 5.716956071e-11
2400 5.709815827e-11
2401 5.702687468e-11
2402 5.695570971e-11
2403 5.688466309e-11
2404 5.681373459e-11
2405 5.674292396e-11
2406 5.667223096e-11
2407 5.660165534e-11
2408 5.653119685e-11
2409 5.646085526e-11
2410 5.639063033e-11
2411 5.63205218e-11
2412 5.625052945e-11
2413 5.618065302e-11
2414 5.611089228e-11
2415 5.6041247e-11
2416 5.597171692e-11
2417 5.590230182e-11
2418 5.583300145e-11
2419 5.576381559e-11
2420 5.569474398e-11
2421 5.56257864e-11
2422 5.555694262e-11
2423 5.548821239e-11
2424 5.541959548e-11
2425 5.535109166e-11
2426 5.52827007e-11
2427 5.521442236e-11
2428 5.514625641e-11
2429 5.507820263e-11
2430 5.501026077e-11
2431 5.494243062e-11
2432 5.487471194e-11
2433 5.48071045e-11
2434 5.473960807e-11
2435 5.467222243e-11
2436 5.460494735e-11
2437 5.45377826e-11
2438 5.447072796e-11
2439 5.440378319e-11
2440 5.433694809e-11
2441 5.427022241e-11
2442 5.420360594e-11
2443 5.413709846e-11
2444 5.407069973e-11
2445 5.400440955e-11
2446 5.393822768e-11
2447 5.387215391e-11
2448 5.380618802e-11
2449 5.374032978e-11
2450 5.367457897e-11
2451 5.360893539e-11
2452 5.35433988e-11
2453 5.347796899e-11
2454 5.341264574e-11
2455 5.334742885e-11
2456 5.328231808e-11
2457 5.321731322e-11
2458 5.315241407e-11
2459 5.30876204e-11
2460 5.3022932e-11
2461 5.295834865e-11
2462 5.289387015e-11
2463 5.282949628e-11
2464 5.276522682e-11
2465 5.270106158e-11
2466 5.263700033e-11
2467 5.257304286e-11
2468 5.250918897e-11
2469 5.244543844e-11
2470 5.238179107e-11
2471 5.231824665e-11
2472 5.225480497e-11
2473 5.219146582e-11
2474 5.212822899e-11
2475 5.206509429e-11
2476 5.200206149e-11
2477 5.19391304e-11
2478 5.187630082e-11
2479 5.181357253e-11
2480 5.175094533e-11
2481 5.168841902e-11
2482 5.16259934e-11
2483 5.156366827e-11
2484 5.150144341e-11
2485 5.143931864e-11
2486 5.137729374e-11
2487 5.131536853e-11
2488 5.125354279e-11
2489 5.119181633e-11
2490 5.113018895e-11
2491 5.106866045e-11
2492 5.100723063e-11
2493 5.09458993e-11
2494 5.088466625e-11
2495 5.08235313e-11
2496 5.076249424e-11
2497 5.070155487e-11
2498 5.064071301e-11
2499 5.057996846e-11
2500 5.051932103e-11
2501 5.045877051e-11
2502 5.039831672e-11
2503 5.033795946e-11
2504 5.027769854e-11
2505 5.021753377e-11
2506 5.015746495e-11
2507 5.00974919e-11
2508 5.003761443e-11
2509 4.997783234e-11
2510 4.991814545e-11
2511 4.985855355e-11
2512 4.979905648e-11
2513 4.973965403e-11
2514 4.968034603e-11
2515 4.962113227e-11
2516 4.956201258e-11
2517 4.950298677e-11
2518 4.944405465e-11
2519 4.938521603e-11
2520 4.932647074e-11
2521 4.926781858e-11
2522 4.920925937e-11
2523 4.915079293e-11
2524 4.909241907e-11
2525 4.903413762e-11
2526 4.897594838e-11
2527 4.891785117e-11
2528 4.885984582e-11
2529 4.880193214e-11
2530 4.874410995e-11
2531 4.868637908e-11
2532 4.862873933e-11
2533 4.857119053e-11
2534 4.85137325e-11
2535 4.845636507e-11
2536 4.839908805e-11
2537 4.834190126e-11
2538 4.828480453e-11
2539 4.822779768e-11
2540 4.817088054e-11
2541 4.811405293e-11
2542 4.805731466e-11
2543 4.800066557e-11
2544 4.794410549e-11
2545 4.788763423e-11
2546 4.783125162e-11
2547 4.777495749e-11
2548 4.771875166e-11
2549 4.766263396e-11
2550 4.760660423e-11
2551 4.755066228e-11
2552 4.749480794e-11
2553 4.743904105e-11
2554 4.738336143e-11
2555 4.732776891e-11
2556 4.727226332e-11
2557 4.72168445e-11
2558 4.716151226e-11
2559 4.710626645e-11
2560 4.70511069e-11
2561 4.699603343e-11
2562 4.694104587e-11
2563 4.688614407e-11
2564 4.683132785e-11
2565 4.677659705e-11
2566 4.67219515e-11
2567 4.666739103e-11
2568 4.661291548e-11
2569 4.655852469e-11
2570 4.650421848e-11
2571 4.64499967e-11
2572 4.639585918e-11
2573 4.634180576e-11
2574 4.628783627e-11
2575 4.623395055e-11
2576 4.618014844e-11
2577 4.612642978e-11
2578 4.60727944e-11
2579 4.601924215e-11
2580 4.596577285e-11
2581 4.591238636e-11
2582 4.585908252e-11
2583 4.580586115e-11
2584 4.57527221e-11
2585 4.569966522e-11
2586 4.564669034e-11
2587 4.559379731e-11
2588 4.554098597e-11
2589 4.548825616e-11
2590 4.543560772e-11
2591 4.53830405e-11
2592 4.533055433e-11
2593 4.527814907e-11
2594 4.522582456e-11
2595 4.517358064e-11
2596 4.512141716e-11
2597 4.506933396e-11
2598 4.501733088e-11
2599 4.496540779e-11
2600 4.491356451e-11
2601 4.48618009e-11
2602 4.48101168e-11
2603 4.475851206e-11
2604 4.470698654e-11
2605 4.465554007e-11
2606 4.46041725e-11
2607 4.455288369e-11
2608 4.450167349e-11
2609 4.445054173e-11
2610 4.439948828e-11
2611 4.434851299e-11
2612 4.429761569e-11
2613 4.424679625e-11
2614 4.419605452e-11
2615 4.414539034e-11
2616 4.409480357e-11
2617 4.404429407e-11
2618 4.399386167e-11
2619 4.394350625e-11
2620 4.389322764e-11
2621 4.384302571e-11
2622 4.37929003e-11
2623 4.374285128e-11
2624 4.369287849e-11
2625 4.364298179e-11
2626 4.359316104e-11
2627 4.354341609e-11
2628 4.34937468e-11
2629 4.344415303e-11
2630 4.339463462e-11
2631 4.334519144e-11
2632 4.329582335e-11
2633 4.324653019e-11
2634 4.319731184e-11
2635 4.314816814e-11
2636 4.309909897e-11
2637 4.305010416e-11
2638 4.30011836e-11
2639 4.295233712e-11
2640 4.29035646e-11
2641 4.285486589e-11
2642 4.280624086e-11
2643 4.275768936e-11
2644 4.270921126e-11
2645 4.266080642e-11
2646 4.26124747e-11
2647 4.256421595e-11
2648 4.251603005e-11
2649 4.246791686e-11
2650 4.241987623e-11
2651 4.237190804e-11
2652 4.232401214e-11
2653 4.22761884e-11
2654 4.222843669e-11
2655 4.218075686e-11
2656 4.213314879e-11
2657 4.208561233e-11
2658 4.203814736e-11
2659 4.199075374e-11
2660 4.194343133e-11
2661 4.189618001e-11
2662 4.184899963e-11
2663 4.180189006e-11
2664 4.175485118e-11
2665 4.170788285e-11
2666 4.166098493e-11
2667 4.16141573e-11
2668 4.156739983e-11
2669 4.152071238e-11
2670 4.147409481e-11
2671 4.142754701e-11
2672 4.138106884e-11
2673 4.133466017e-11
2674 4.128832087e-11
2675 4.124205081e-11
2676 4.119584986e-11
2677 4.114971789e-11
2678 4.110365478e-11
2679 4.105766039e-11
2680 4.10117346e-11
2681 4.096587728e-11
2682 4.09200883e-11
2683 4.087436754e-11
2684 4.082871486e-11
2685 4.078313014e-11
2686 4.073761326e-11
2687 4.069216409e-11
2688 4.06467825e-11
2689 4.060146836e-11
2690 4.055622156e-11
2691 4.051104196e-11
2692 4.046592945e-11
2693 4.042088389e-11
2694 4.037590517e-11
2695 4.033099315e-11
2696 4.028614772e-11
2697 4.024136876e-11
2698 4.019665613e-11
2699 4.015200972e-11
2700 4.01074294e-11
2701 4.006291505e-11
2702 4.001846656e-11
2703 3.997408379e-11
2704 3.992976663e-11
2705 3.988551495e-11
2706 3.984132864e-11
2707 3.979720757e-11
2708 3.975315162e-11
2709 3.970916068e-11
2710 3.966523462e-11
2711 3.962137333e-11
2712 3.957757668e-11
2713 3.953384455e-11
2714 3.949017683e-11
2715 3.94465734e-11
2716 3.940303414e-11
2717 3.935955893e-11
2718 3.931614766e-11
2719 3.92728002e-11
2720 3.922951644e-11
2721 3.918629627e-11
2722 3.914313956e-11
2723 3.91000462e-11
2724 3.905701607e-11
2725 3.901404906e-11
2726 3.897114505e-11
2727 3.892830393e-11
2728 3.888552557e-11
2729 3.884280988e-11
2730 3.880015672e-11
2731 3.8757566e-11
2732 3.871503758e-11
2733 3.867257136e-11
2734 3.863016723e-11
2735 3.858782507e-11
2736 3.854554477e-11
2737 3.850332622e-11
2738 3.846116929e-11
2739 3.841907389e-11
2740 3.83770399e-11
2741 3.83350672e-11
2742 3.829315569e-11
2743 3.825130525e-11
2744 3.820951577e-11
2745 3.816778714e-11
2746 3.812611926e-11
2747 3.8084512e-11
2748 3.804296526e-11
2749 3.800147894e-11
2750 3.796005291e-11
2751 3.791868707e-11
2752 3.787738132e-11
2753 3.783613553e-11
2754 3.779494961e-11
2755 3.775382345e-11
2756 3.771275693e-11
2757 3.767174995e-11
2758 3.763080239e-11
2759 3.758991417e-11
2760 3.754908515e-11
2761 3.750831525e-11
2762 3.746760435e-11
2763 3.742695234e-11
2764 3.738635912e-11
2765 3.734582458e-11
2766 3.730534862e-11
2767 3.726493113e-11
2768 3.7224572e-11
2769 3.718427113e-11
2770 3.714402842e-11
2771 3.710384375e-11
2772 3.706371703e-11
2773 3.702364815e-11
2774 3.698363701e-11
2775 3.69436835e-11
2776 3.690378751e-11
2777 3.686394895e-11
2778 3.682416772e-11
2779 3.67844437e-11
2780 3.67447768e-11
2781 3.670516691e-11
2782 3.666561393e-11
2783 3.662611776e-11
2784 3.65866783e-11
2785 3.654729544e-11
2786 3.650796909e-11
2787 3.646869913e-11
2788 3.642948548e-11
2789 3.639032803e-11
2790 3.635122668e-11
2791 3.631218132e-11
2792 3.627319187e-11
2793 3.623425822e-11
2794 3.619538026e-11
2795 3.61565579e-11
2796 3.611779105e-11
2797 3.607907959e-11
2798 3.604042344e-11
2799 3.600182249e-11
2800 3.596327664e-11
2801 3.59247858e-11
2802 3.588634987e-11
2803 3.584796875e-11
2804 3.580964235e-11
2805 3.577137056e-11
2806 3.573315328e-11
2807 3.569499043e-11
2808 3.56568819e-11
2809 3.56188276e-11
2810 3.558082744e-11
2811 3.55428813e-11
2812 3.550498911e-11
2813 3.546715076e-11
2814 3.542936615e-11
2815 3.53916352e-11
2816 3.535395781e-11
2817 3.531633388e-11
2818 3.527876331e-11
2819 3.524124602e-11
2820 3.52037819e-11
2821 3.516637087e-11
2822 3.512901284e-11
2823 3.509170769e-11
2824 3.505445535e-11
2825 3.501725572e-11
2826 3.498010871e-11
2827 3.494301421e-11
2828 3.490597215e-11
2829 3.486898243e-11
2830 3.483204495e-11
2831 3.479515962e-11
2832 3.475832636e-11
2833 3.472154507e-11
2834 3.468481565e-11
2835 3.464813802e-11
2836 3.461151208e-11
2837 3.457493775e-11
2838 3.453841493e-11
2839 3.450194354e-11
2840 3.446552347e-11
2841 3.442915465e-11
2842 3.439283698e-11
2843 3.435657037e-11
2844 3.432035473e-11
2845 3.428418998e-11
2846 3.424807602e-11
2847 3.421201276e-11
2848 3.417600012e-11
2849 3.4140038e-11
2850 3.410412633e-11
2851 3.4068265e-11
2852 3.403245393e-11
2853 3.399669303e-11
2854 3.396098223e-11
2855 3.392532141e-11
2856 3.388971051e-11
2857 3.385414943e-11
2858 3.381863809e-11
2859 3.37831764e-11
2860 3.374776427e-11
2861 3.371240161e-11
2862 3.367708834e-11
2863 3.364182438e-11
2864 3.360660963e-11
2865 3.357144402e-11
2866 3.353632745e-11
2867 3.350125984e-11
2868 3.34662411e-11
2869 3.343127115e-11
2870 3.339634991e-11
2871 3.336147729e-11
2872 3.33266532e-11
2873 3.329187757e-11
2874 3.32571503e-11
2875 3.322247131e-11
2876 3.318784053e-11
2877 3.315325785e-11
2878 3.311872321e-11
2879 3.308423652e-11
2880 3.304979769e-11
2881 3.301540665e-11
2882 3.29810633e-11
2883 3.294676757e-11
2884 3.291251937e-11
2885 3.287831863e-11
2886 3.284416525e-11
2887 3.281005917e-11
2888 3.277600028e-11
2889 3.274198853e-11
2890 3.270802381e-11
2891 3.267410606e-11
2892 3.264023518e-11
2893 3.260641111e-11
2894 3.257263375e-11
2895 3.253890303e-11
2896 3.250521887e-11
2897 3.247158118e-11
2898 3.243798989e-11
2899 3.240444492e-11
2900 3.237094619e-11
2901 3.233749361e-11
2902 3.230408711e-11
2903 3.227072661e-11
2904 3.223741203e-11
2905 3.220414329e-11
2906 3.217092031e-11
2907 3.213774302e-11
2908 3.210461133e-11
2909 3.207152516e-11
2910 3.203848444e-11
2911 3.20054891e-11
2912 3.197253904e-11
2913 3.19396342e-11
2914 3.19067745e-11
2915 3.187395985e-11
2916 3.184119019e-11
2917 3.180846544e-11
2918 3.177578551e-11
2919 3.174315033e-11
2920 3.171055983e-11
2921 3.167801393e-11
2922 3.164551255e-11
2923 3.161305562e-11
2924 3.158064305e-11
2925 3.154827479e-11
2926 3.151595074e-11
2927 3.148367083e-11
2928 3.145143499e-11
2929 3.141924315e-11
2930 3.138709522e-11
2931 3.135499114e-11
2932 3.132293082e-11
2933 3.12909142e-11
2934 3.12589412e-11
2935 3.122701174e-11
2936 3.119512575e-11
2937 3.116328316e-11
2938 3.11314839e-11
2939 3.109972788e-11
2940 3.106801504e-11
2941 3.10363453e-11
2942 3.100471859e-11
2943 3.097313484e-11
2944 3.094159397e-11
2945 3.091009592e-11
2946 3.08786406e-11
2947 3.084722794e-11
2948 3.081585788e-11
2949 3.078453035e-11
2950 3.075324526e-11
2951 3.072200254e-11
2952 3.069080214e-11
2953 3.065964397e-11
2954 3.062852796e-11
2955 3.059745404e-11
2956 3.056642214e-11
2957 3.053543219e-11
2958 3.050448412e-11
2959 3.047357786e-11
2960 3.044271333e-11
2961 3.041189047e-11
2962 3.038110921e-11
2963 3.035036947e-11
2964 3.031967119e-11
2965 3.028901429e-11
2966 3.025839872e-11
2967 3.022782438e-11
2968 3.019729123e-11
2969 3.016679919e-11
2970 3.013634818e-11
2971 3.010593814e-11
2972 3.007556901e-11
2973 3.004524071e-11
2974 3.001495317e-11
2975 2.998470632e-11
2976 2.995450011e-11
2977 2.992433445e-11
2978 2.989420928e-11
2979 2.986412454e-11
2980 2.983408015e-11
2981 2.980407605e-11
2982 2.977411217e-11
2983 2.974418844e-11
2984 2.97143048e-11
2985 2.968446117e-11
2986 2.96546575e-11
2987 2.962489371e-11
2988 2.959516974e-11
2989 2.956548552e-11
2990 2.953584098e-11
2991 2.950623606e-11
2992 2.94766707e-11
2993 2.944714482e-11
2994 2.941765836e-11
2995 2.938821126e-11
2996 2.935880345e-11
2997 2.932943486e-11
2998 2.930010542e-11
2999 2.927081508e-11
3000 2.924156377e-11
3001 2.921235142e-11
3002 2.918317797e-11
3003 2.915404335e-11
3004 2.91249475e-11
3005 2.909589036e-11
3006 2.906687185e-11
3007 2.903789192e-11
3008 2.90089505e-11
3009 2.898004753e-11
3010 2.895118295e-11
3011 2.892235668e-11
3012 2.889356867e-11
3013 2.886481885e-11
3014 2.883610716e-11
3015 2.880743354e-11
3016 2.877879792e-11
3017 2.875020025e-11
3018 2.872164045e-11
3019 2.869311846e-11
3020 2.866463423e-11
3021 2.863618769e-11
3022 2.860777877e-11
3023 2.857940743e-11
3024 2.855107358e-11
3025 2.852277718e-11
3026 2.849451815e-11
3027 2.846629645e-11
3028 2.8438112e-11
3029 2.840996474e-11
3030 2.838185462e-11
3031 2.835378157e-11
3032 2.832574553e-11
3033 2.829774645e-11
3034 2.826978425e-11
3035 2.824185888e-11
3036 2.821397028e-11
3037 2.818611838e-11
3038 2.815830314e-11
3039 2.813052448e-11
3040 2.810278235e-11
3041 2.807507668e-11
3042 2.804740742e-11
3043 2.801977451e-11
3044 2.799217788e-11
3045 2.796461749e-11
3046 2.793709326e-11
3047 2.790960514e-11
3048 2.788215307e-11
3049 2.7854737e-11
3050 2.782735685e-11
3051 2.780001258e-11
3052 2.777270412e-11
3053 2.774543142e-11
3054 2.771819441e-11
3055 2.769099304e-11
3056 2.766382726e-11
3057 2.763669699e-11
3058 2.76096022e-11
3059 2.75825428e-11
3060 2.755551876e-11
3061 2.752853001e-11
3062 2.750157649e-11
3063 2.747465814e-11
3064 2.744777492e-11
3065 2.742092675e-11
3066 2.739411359e-11
3067 2.736733538e-11
3068 2.734059206e-11
3069 2.731388357e-11
3070 2.728720986e-11
3071 2.726057086e-11
3072 2.723396654e-11
3073 2.720739681e-11
3074 2.718086164e-11
3075 2.715436097e-11
3076 2.712789473e-11
3077 2.710146288e-11
3078 2.707506535e-11
3079 2.704870209e-11
3080 2.702237305e-11
3081 2.699607817e-11
3082 2.69698174e-11
3083 2.694359068e-11
3084 2.691739794e-11
3085 2.689123915e-11
3086 2.686511425e-11
3087 2.683902317e-11
3088 2.681296587e-11
3089 2.678694229e-11
3090 2.676095237e-11
3091 2.673499606e-11
3092 2.670907332e-11
3093 2.668318407e-11
3094 2.665732827e-11
3095 2.663150587e-11
3096 2.660571681e-11
3097 2.657996104e-11
3098 2.65542385e-11
3099 2.652854913e-11
3100 2.65028929e-11
3101 2.647726974e-11
3102 2.645167959e-11
3103 2.642612242e-11
3104 2.640059815e-11
3105 2.637510675e-11
3106 2.634964815e-11
3107 2.632422231e-11
3108 2.629882918e-11
3109 2.627346869e-11
3110 2.624814079e-11
3111 2.622284545e-11
3112 2.619758259e-11
3113 2.617235218e-11
3114 2.614715415e-11
3115 2.612198846e-11
3116 2.609685505e-11
3117 2.607175388e-11
3118 2.604668489e-11
3119 2.602164802e-11
3120 2.599664324e-11
3121 2.597167048e-11
3122 2.59467297e-11
3123 2.592182084e-11
3124 2.589694385e-11
3125 2.587209869e-11
3126 2.58472853e-11
3127 2.582250363e-11
3128 2.579775362e-11
3129 2.577303524e-11
3130 2.574834843e-11
3131 2.572369313e-11
3132 2.569906931e-11
3133 2.56744769e-11
3134 2.564991586e-11
3135 2.562538613e-11
3136 2.560088768e-11
3137 2.557642044e-11
3138 2.555198437e-11
3139 2.552757942e-11
3140 2.550320554e-11
3141 2.547886268e-11
3142 2.545455079e-11
3143 2.543026982e-11
3144 2.540601972e-11
3145 2.538180045e-11
3146 2.535761195e-11
3147 2.533345418e-11
3148 2.530932708e-11
3149 2.528523061e-11
3150 2.526116472e-11
3151 2.523712936e-11
3152 2.521312448e-11
3153 2.518915004e-11
3154 2.516520598e-11
3155 2.514129226e-11
3156 2.511740883e-11
3157 2.509355564e-11
3158 2.506973265e-11
3159 2.50459398e-11
3160 2.502217705e-11
3161 2.499844435e-11
3162 2.497474166e-11
3163 2.495106892e-11
3164 2.492742609e-11
3165 2.490381312e-11
3166 2.488022996e-11
3167 2.485667657e-11
3168 2.483315291e-11
3169 2.480965891e-11
3170 2.478619455e-11
3171 2.476275976e-11
3172 2.473935451e-11
3173 2.471597874e-11
3174 2.469263241e-11
3175 2.466931548e-11
3176 2.46460279e-11
3177 2.462276962e-11
3178 2.459954059e-11
3179 2.457634077e-11
3180 2.455317012e-11
3181 2.453002859e-11
3182 2.450691612e-11
3183 2.448383269e-11
3184 2.446077823e-11
3185 2.443775271e-11
3186 2.441475608e-11
3187 2.43917883e-11
3188 2.436884932e-11
3189 2.434593909e-11
3190 2.432305757e-11
3191 2.430020471e-11
3192 2.427738047e-11
3193 2.425458481e-11
3194 2.423181768e-11
3195 2.420907904e-11
3196 2.418636883e-11
3197 2.416368703e-11
3198 2.414103357e-11
3199 2.411840842e-11
3200 2.409581154e-11
3201 2.407324288e-11
3202 2.405070239e-11
3203 2.402819003e-11
3204 2.400570576e-11
3205 2.398324954e-11
3206 2.396082131e-11
3207 2.393842105e-11
3208 2.391604869e-11
3209 2.389370421e-11
3210 2.387138755e-11
3211 2.384909867e-11
3212 2.382683754e-11
3213 2.38046041e-11
3214 2.378239831e-11
3215 2.376022014e-11
3216 2.373806953e-11
3217 2.371594644e-11
3218 2.369385084e-11
3219 2.367178268e-11
3220 2.364974192e-11
3221 2.362772851e-11
3222 2.360574241e-11
3223 2.358378358e-11
3224 2.356185198e-11
3225 2.353994756e-11
3226 2.351807029e-11
3227 2.349622012e-11
3228 2.3474397e-11
3229 2.345260091e-11
3230 2.343083179e-11
3231 2.34090896e-11
3232 2.33873743e-11
3233 2.336568586e-11
3234 2.334402422e-11
3235 2.332238936e-11
3236 2.330078121e-11
3237 2.327919976e-11
3238 2.325764494e-11
3239 2.323611673e-11
3240 2.321461508e-11
3241 2.319313996e-11
3242 2.317169131e-11
3243 2.31502691e-11
3244 2.312887329e-11
3245 2.310750383e-11
3246 2.30861607e-11
3247 2.306484384e-11
3248 2.304355321e-11
3249 2.302228879e-11
3250 2.300105051e-11
3251 2.297983836e-11
3252 2.295865227e-11
3253 2.293749223e-11
3254 2.291635818e-11
3255 2.289525008e-11
3256 2.28741679e-11
3257 2.285311159e-11
3258 2.283208112e-11
3259 2.281107645e-11
3260 2.279009753e-11
3261 2.276914434e-11
3262 2.274821681e-11
3263 2.272731493e-11
3264 2.270643865e-11
3265 2.268558793e-11
3266 2.266476272e-11
3267 2.2643963e-11
3268 2.262318873e-11
3269 2.260243985e-11
3270 2.258171635e-11
3271 2.256101817e-11
3272 2.254034527e-11
3273 2.251969763e-11
3274 2.24990752e-11
3275 2.247847794e-11
3276 2.245790581e-11
3277 2.243735878e-11
3278 2.241683681e-11
3279 2.239633985e-11
3280 2.237586788e-11
3281 2.235542085e-11
3282 2.233499873e-11
3283 2.231460147e-11
3284 2.229422904e-11
3285 2.22738814e-11
3286 2.225355852e-11
3287 2.223326035e-11
3288 2.221298686e-11
3289 2.219273802e-11
3290 2.217251377e-11
3291 2.21523141e-11
3292 2.213213895e-11
3293 2.211198829e-11
3294 2.209186209e-11
3295 2.207176031e-11
3296 2.20516829e-11
3297 2.203162984e-11
3298 2.201160109e-11
3299 2.199159661e-11
3300 2.197161636e-11
3301 2.19516603e-11
3302 2.193172841e-11
3303 2.191182064e-11
3304 2.189193695e-11
3305 2.187207732e-11
3306 2.18522417e-11
3307 2.183243006e-11
3308 2.181264236e-11
3309 2.179287857e-11
3310 2.177313864e-11
3311 2.175342255e-11
3312 2.173373026e-11
3313 2.171406172e-11
3314 2.169441692e-11
3315 2.16747958e-11
3316 2.165519833e-11
3317 2.163562449e-11
3318 2.161607423e-11
3319 2.159654751e-11
3320 2.157704431e-11
3321 2.155756459e-11
3322 2.15381083e-11
3323 2.151867542e-11
3324 2.149926591e-11
3325 2.147987974e-11
3326 2.146051687e-11
3327 2.144117727e-11
3328 2.142186089e-11
3329 2.140256771e-11
3330 2.138329769e-11
3331 2.13640508e-11
3332 2.1344827e-11
3333 2.132562626e-11
3334 2.130644854e-11
3335 2.128729381e-11
3336 2.126816203e-11
3337 2.124905317e-11
3338 2.122996719e-11
3339 2.121090407e-11
3340 2.119186376e-11
3341 2.117284624e-11
3342 2.115385146e-11
3343 2.11348794e-11
3344 2.111593001e-11
3345 2.109700328e-11
3346 2.107809915e-11
3347 2.105921761e-11
3348 2.104035861e-11
3349 2.102152212e-11
3350 2.100270811e-11
3351 2.098391655e-11
3352 2.096514739e-11
3353 2.094640061e-11
3354 2.092767618e-11
3355 2.090897406e-11
3356 2.089029421e-11
3357 2.087163661e-11
3358 2.085300122e-11
3359 2.083438801e-11
3360 2.081579695e-11
3361 2.0797228e-11
3362 2.077868112e-11
3363 2.07601563e-11
3364 2.074165349e-11
3365 2.072317265e-11
3366 2.070471377e-11
3367 2.068627681e-11
3368 2.066786172e-11
3369 2.064946849e-11
3370 2.063109708e-11
3371 2.061274746e-11
3372 2.059441958e-11
3373 2.057611343e-11
3374 2.055782897e-11
3375 2.053956617e-11
3376 2.0521325e-11
3377 2.050310541e-11
3378 2.048490739e-11
3379 2.04667309e-11
3380 2.044857591e-11
3381 2.043044238e-11
3382 2.041233028e-11
3383 2.039423959e-11
3384 2.037617027e-11
3385 2.035812229e-11
3386 2.034009562e-11
3387 2.032209023e-11
3388 2.030410608e-11
3389 2.028614314e-11
3390 2.026820139e-11
3391 2.025028079e-11
3392 2.023238131e-11
3393 2.021450292e-11
3394 2.019664558e-11
3395 2.017880928e-11
3396 2.016099397e-11
3397 2.014319962e-11
3398 2.012542621e-11
3399 2.01076737e-11
3400 2.008994207e-11
3401 2.007223128e-11
3402 2.00545413e-11
3403 2.00368721e-11
3404 2.001922365e-11
3405 2.000159593e-11
3406 1.998398889e-11
3407 1.996640251e-11
3408 1.994883676e-11
3409 1.993129161e-11
3410 1.991376703e-11
3411 1.989626299e-11
3412 1.987877945e-11
3413 1.98613164e-11
3414 1.984387379e-11
3415 1.98264516e-11
3416 1.98090498e-11
3417 1.979166836e-11
3418 1.977430725e-11
3419 1.975696644e-11
3420 1.973964589e-11
3421 1.972234559e-11
3422 1.97050655e-11
3423 1.968780559e-11
3424 1.967056583e-11
3425 1.96533462e-11
3426 1.963614665e-11
3427 1.961896717e-11
3428 1.960180773e-11
3429 1.958466829e-11
3430 1.956754882e-11
3431 1.95504493e-11
3432 1.95333697e-11
3433 1.951630999e-11
3434 1.949927014e-11
3435 1.948225012e-11
3436 1.946524991e-11
3437 1.944826946e-11
3438 1.943130876e-11
3439 1.941436778e-11
3440 1.939744648e-11
3441 1.938054485e-11
3442 1.936366284e-11
3443 1.934680044e-11
3444 1.93299576e-11
3445 1.931313432e-11
3446 1.929633055e-11
3447 1.927954627e-11
3448 1.926278144e-11
3449 1.924603605e-11
3450 1.922931007e-11
3451 1.921260346e-11
3452 1.919591619e-11
3453 1.917924825e-11
3454 1.91625996e-11
3455 1.914597021e-11
3456 1.912936006e-11
3457 1.911276911e-11
3458 1.909619735e-11
3459 1.907964474e-11
3460 1.906311125e-11
3461 1.904659686e-11
3462 1.903010154e-11
3463 1.901362526e-11
3464 1.8997168e-11
3465 1.898072972e-11
3466 1.896431041e-11
3467 1.894791003e-11
3468 1.893152855e-11
3469 1.891516595e-11
3470 1.88988222e-11
3471 1.888249728e-11
3472 1.886619115e-11
3473 1.884990379e-11
3474 1.883363517e-11
3475 1.881738527e-11
3476 1.880115406e-11
3477 1.878494151e-11
3478 1.87687476e-11
3479 1.875257229e-11
3480 1.873641557e-11
3481 1.87202774e-11
3482 1.870415776e-11
3483 1.868805662e-11
3484 1.867197396e-11
3485 1.865590974e-11
3486 1.863986395e-11
3487 1.862383655e-11
3488 1.860782752e-11
3489 1.859183684e-11
3490 1.857586447e-11
3491 1.855991039e-11
3492 1.854397458e-11
3493 1.852805701e-11
3494 1.851215765e-11
3495 1.849627647e-11
3496 1.848041346e-11
3497 1.846456858e-11
3498 1.84487418e-11
3499 1.843293311e-11
3500 1.841714248e-11
3501 1.840136988e-11
3502 1.838561528e-11
3503 1.836987866e-11
3504 1.835416e-11
3505 1.833845927e-11
3506 1.832277643e-11
3507 1.830711148e-11
3508 1.829146438e-11
3509 1.82758351e-11
3510 1.826022362e-11
3511 1.824462993e-11
3512 1.822905398e-11
3513 1.821349575e-11
3514 1.819795523e-11
3515 1.818243238e-11
3516 1.816692718e-11
3517 1.81514396e-11
3518 1.813596962e-11
3519 1.812051722e-11
3520 1.810508237e-11
3521 1.808966504e-11
3522 1.807426522e-11
3523 1.805888286e-11
3524 1.804351796e-11
3525 1.802817048e-11
3526 1.801284041e-11
3527 1.799752771e-11
3528 1.798223236e-11
3529 1.796695434e-11
3530 1.795169362e-11
3531 1.793645018e-11
3532 1.792122399e-11
3533 1.790601503e-11
3534 1.789082328e-11
3535 1.78756487e-11
3536 1.786049129e-11
3537 1.7845351e-11
3538 1.783022782e-11
3539 1.781512173e-11
3540 1.780003269e-11
3541 1.778496069e-11
3542 1.77699057e-11
3543 1.77548677e-11
3544 1.773984667e-11
3545 1.772484257e-11
3546 1.770985538e-11
3547 1.769488509e-11
3548 1.767993167e-11
3549 1.766499509e-11
3550 1.765007533e-11
3551 1.763517237e-11
3552 1.762028618e-11
3553 1.760541674e-11
3554 1.759056403e-11
3555 1.757572802e-11
3556 1.756090869e-11
3557 1.754610601e-11
3558 1.753131997e-11
3559 1.751655053e-11
3560 1.750179768e-11
3561 1.74870614e-11
3562 1.747234165e-11
3563 1.745763842e-11
3564 1.744295168e-11
3565 1.742828141e-11
3566 1.741362759e-11
3567 1.739899019e-11
3568 1.738436919e-11
3569 1.736976456e-11
3570 1.73551763e-11
3571 1.734060436e-11
3572 1.732604873e-11
3573 1.731150939e-11
3574 1.729698632e-11
3575 1.728247948e-11
3576 1.726798886e-11
3577 1.725351444e-11
3578 1.723905618e-11
3579 1.722461408e-11
3580 1.721018811e-11
3581 1.719577824e-11
3582 1.718138445e-11
3583 1.716700672e-11
3584 1.715264504e-11
3585 1.713829936e-11
3586 1.712396968e-11
3587 1.710965597e-11
3588 1.709535821e-11
3589 1.708107637e-11
3590 1.706681044e-11
3591 1.705256039e-11
3592 1.70383262e-11
3593 1.702410785e-11
3594 1.700990531e-11
3595 1.699571857e-11
3596 1.69815476e-11
3597 1.696739238e-11
3598 1.695325289e-11
3599 1.69391291e-11
3600 1.6925021e-11
3601 1.691092856e-11
3602 1.689685176e-11
3603 1.688279058e-11
3604 1.6868745e-11
3605 1.685471499e-11
3606 1.684070054e-11
3607 1.682670162e-11
3608 1.681271821e-11
3609 1.679875029e-11
3610 1.678479784e-11
3611 1.677086084e-11
3612 1.675693926e-11
3613 1.674303309e-11
3614 1.67291423e-11
3615 1.671526687e-11
3616 1.670140678e-11
3617 1.668756202e-11
3618 1.667373254e-11
3619 1.665991835e-11
3620 1.664611941e-11
3621 1.663233571e-11
3622 1.661856722e-11
3623 1.660481393e-11
3624 1.65910758e-11
3625 1.657735283e-11
3626 1.656364498e-11
3627 1.654995225e-11
3628 1.65362746e-11
3629 1.652261203e-11
3630 1.650896449e-11
3631 1.649533199e-11
3632 1.648171449e-11
3633 1.646811198e-11
3634 1.645452442e-11
3635 1.644095182e-11
3636 1.642739413e-11
3637 1.641385135e-11
3638 1.640032345e-11
3639 1.638681042e-11
3640 1.637331222e-11
3641 1.635982885e-11
3642 1.634636027e-11
3643 1.633290648e-11
3644 1.631946745e-11
3645 1.630604315e-11
3646 1.629263358e-11
3647 1.62792387e-11
3648 1.626585851e-11
3649 1.625249297e-11
3650 1.623914207e-11
3651 1.62258058e-11
3652 1.621248412e-11
3653 1.619917702e-11
3654 1.618588448e-11
3655 1.617260647e-11
3656 1.615934299e-11
3657 1.614609401e-11
3658 1.613285951e-11
3659 1.611963946e-11
3660 1.610643386e-11
3661 1.609324268e-11
3662 1.60800659e-11
3663 1.60669035e-11
3664 1.605375546e-11
3665 1.604062177e-11
3666 1.602750239e-11
3667 1.601439732e-11
3668 1.600130653e-11
3669 1.598823001e-11
3670 1.597516773e-11
3671 1.596211968e-11
3672 1.594908583e-11
3673 1.593606617e-11
3674 1.592306067e-11
3675 1.591006933e-11
3676 1.589709211e-11
3677 1.5884129e-11
3678 1.587117999e-11
3679 1.585824504e-11
3680 1.584532414e-11
3681 1.583241728e-11
3682 1.581952444e-11
3683 1.580664558e-11
3684 1.579378071e-11
3685 1.578092979e-11
3686 1.576809281e-11
3687 1.575526974e-11
3688 1.574246058e-11
3689 1.57296653e-11
3690 1.571688389e-11
3691 1.570411631e-11
3692 1.569136256e-11
3693 1.567862262e-11
3694 1.566589647e-11
3695 1.565318408e-11
3696 1.564048545e-11
3697 1.562780055e-11
3698 1.561512936e-11
3699 1.560247186e-11
3700 1.558982804e-11
3701 1.557719788e-11
3702 1.556458136e-11
3703 1.555197847e-11
3704 1.553938917e-11
3705 1.552681346e-11
3706 1.551425131e-11
3707 1.550170271e-11
3708 1.548916764e-11
3709 1.547664608e-11
3710 1.546413802e-11
3711 1.545164343e-11
3712 1.54391623e-11
3713 1.54266946e-11
3714 1.541424033e-11
3715 1.540179946e-11
3716 1.538937197e-11
3717 1.537695785e-11
3718 1.536455708e-11
3719 1.535216964e-11
3720 1.533979551e-11
3721 1.532743468e-11
3722 1.531508712e-11
3723 1.530275282e-11
3724 1.529043176e-11
3725 1.527812393e-11
3726 1.52658293e-11
3727 1.525354787e-11
3728 1.52412796e-11
3729 1.522902448e-11
3730 1.52167825e-11
3731 1.520455364e-11
3732 1.519233787e-11
3733 1.518013519e-11
3734 1.516794558e-11
3735 1.515576901e-11
3736 1.514360547e-11
3737 1.513145495e-11
3738 1.511931742e-11
3739 1.510719287e-11
3740 1.509508127e-11
3741 1.508298262e-11
3742 1.50708969e-11
3743 1.505882409e-11
3744 1.504676417e-11
3745 1.503471712e-11
3746 1.502268293e-11
3747 1.501066157e-11
3748 1.499865305e-11
3749 1.498665732e-11
3750 1.497467439e-11
3751 1.496270423e-11
3752 1.495074682e-11
3753 1.493880215e-11
3754 1.49268702e-11
3755 1.491495095e-11
3756 1.490304439e-11
3757 1.48911505e-11
3758 1.487926926e-11
3759 1.486740066e-11
3760 1.485554468e-11
3761 1.484370131e-11
3762 1.483187051e-11
3763 1.482005229e-11
3764 1.480824662e-11
3765 1.479645348e-11
3766 1.478467287e-11
3767 1.477290476e-11
3768 1.476114913e-11
3769 1.474940597e-11
3770 1.473767527e-11
3771 1.4725957e-11
3772 1.471425115e-11
3773 1.470255771e-11
3774 1.469087665e-11
3775 1.467920797e-11
3776 1.466755163e-11
3777 1.465590764e-11
3778 1.464427597e-11
3779 1.46326566e-11
3780 1.462104952e-11
3781 1.460945472e-11
3782 1.459787217e-11
3783 1.458630186e-11
3784 1.457474378e-11
3785 1.456319791e-11
3786 1.455166422e-11
3787 1.454014271e-11
3788 1.452863337e-11
3789 1.451713616e-11
3790 1.450565109e-11
3791 1.449417813e-11
3792 1.448271726e-11
3793 1.447126847e-11
3794 1.445983175e-11
3795 1.444840707e-11
3796 1.443699443e-11
3797 1.44255938e-11
3798 1.441420517e-11
3799 1.440282853e-11
3800 1.439146386e-11
3801 1.438011114e-11
3802 1.436877036e-11
3803 1.43574415e-11
3804 1.434612455e-11
3805 1.433481949e-11
3806 1.43235263e-11
3807 1.431224497e-11
3808 1.430097549e-11
3809 1.428971783e-11
3810 1.427847199e-11
3811 1.426723794e-11
3812 1.425601568e-11
3813 1.424480518e-11
3814 1.423360644e-11
3815 1.422241943e-11
3816 1.421124414e-11
3817 1.420008055e-11
3818 1.418892866e-11
3819 1.417778844e-11
3820 1.416665988e-11
3821 1.415554296e-11
3822 1.414443767e-11
3823 1.413334399e-11
3824 1.412226192e-11
3825 1.411119142e-11
3826 1.410013249e-11
3827 1.408908512e-11
3828 1.407804928e-11
3829 1.406702497e-11
3830 1.405601216e-11
3831 1.404501085e-11
3832 1.403402101e-11
3833 1.402304264e-11
3834 1.401207572e-11
3835 1.400112022e-11
3836 1.399017615e-11
3837 1.397924348e-11
3838 1.396832219e-11
3839 1.395741228e-11
3840 1.394651373e-11
3841 1.393562652e-11
3842 1.392475064e-11
3843 1.391388608e-11
3844 1.390303282e-11
3845 1.389219084e-11
3846 1.388136013e-11
3847 1.387054067e-11
3848 1.385973246e-11
3849 1.384893547e-11
3850 1.38381497e-11
3851 1.382737512e-11
3852 1.381661173e-11
3853 1.38058595e-11
3854 1.379511843e-11
3855 1.378438849e-11
3856 1.377366968e-11
3857 1.376296199e-11
3858 1.375226538e-11
3859 1.374157986e-11
3860 1.373090541e-11
3861 1.372024201e-11
3862 1.370958965e-11
3863 1.369894831e-11
3864 1.368831798e-11
3865 1.367769865e-11
3866 1.366709031e-11
3867 1.365649292e-11
3868 1.36459065e-11
3869 1.363533101e-11
3870 1.362476644e-11
3871 1.361421279e-11
3872 1.360367003e-11
3873 1.359313816e-11
3874 1.358261716e-11
3875 1.357210701e-11
3876 1.35616077e-11
3877 1.355111922e-11
3878 1.354064155e-11
3879 1.353017468e-11
3880 1.351971859e-11
3881 1.350927328e-11
3882 1.349883872e-11
3883 1.348841491e-11
3884 1.347800182e-11
3885 1.346759946e-11
3886 1.345720779e-11
3887 1.344682681e-11
3888 1.343645651e-11
3889 1.342609687e-11
3890 1.341574787e-11
3891 1.340540951e-11
3892 1.339508177e-11
3893 1.338476463e-11
3894 1.337445809e-11
3895 1.336416213e-11
3896 1.335387673e-11
3897 1.334360188e-11
3898 1.333333757e-11
3899 1.332308379e-11
3900 1.331284052e-11
3901 1.330260774e-11
3902 1.329238545e-11
3903 1.328217363e-11
3904 1.327197227e-11
3905 1.326178135e-11
3906 1.325160087e-11
3907 1.32414308e-11
3908 1.323127113e-11
3909 1.322112186e-11
3910 1.321098296e-11
3911 1.320085443e-11
3912 1.319073625e-11
3913 1.31806284e-11
3914 1.317053088e-11
3915 1.316044368e-11
3916 1.315036677e-11
3917 1.314030014e-11
3918 1.313024379e-11
3919 1.31201977e-11
3920 1.311016185e-11
3921 1.310013624e-11
3922 1.309012084e-11
3923 1.308011566e-11
3924 1.307012066e-11
3925 1.306013585e-11
3926 1.305016121e-11
3927 1.304019671e-11
3928 1.303024237e-11
3929 1.302029815e-11
3930 1.301036404e-11
3931 1.300044005e-11
3932 1.299052614e-11
3933 1.29806223e-11
3934 1.297072854e-11
3935 1.296084482e-11
3936 1.295097115e-11
3937 1.29411075e-11
3938 1.293125386e-11
3939 1.292141023e-11
3940 1.291157659e-11
3941 1.290175292e-11
3942 1.289193921e-11
3943 1.288213546e-11
3944 1.287234164e-11
3945 1.286255775e-11
3946 1.285278377e-11
3947 1.284301969e-11
3948 1.283326549e-11
3949 1.282352118e-11
3950 1.281378672e-11
3951 1.280406212e-11
3952 1.279434735e-11
3953 1.278464241e-11
3954 1.277494729e-11
3955 1.276526196e-11
3956 1.275558642e-11
3957 1.274592066e-11
3958 1.273626466e-11
3959 1.272661841e-11
3960 1.27169819e-11
3961 1.270735511e-11
3962 1.269773804e-11
3963 1.268813068e-11
3964 1.2678533e-11
3965 1.2668945e-11
3966 1.265936666e-11
3967 1.264979798e-11
3968 1.264023894e-11
3969 1.263068953e-11
3970 1.262114973e-11
3971 1.261161954e-11
3972 1.260209894e-11
3973 1.259258793e-11
3974 1.258308648e-11
3975 1.257359458e-11
3976 1.256411223e-11
3977 1.255463942e-11
3978 1.254517612e-11
3979 1.253572234e-11
3980 1.252627805e-11
3981 1.251684324e-11
3982 1.250741791e-11
3983 1.249800203e-11
3984 1.248859561e-11
3985 1.247919862e-11
3986 1.246981106e-11
3987 1.246043291e-11
3988 1.245106417e-11
3989 1.244170481e-11
3990 1.243235483e-11
3991 1.242301422e-11
3992 1.241368296e-11
3993 1.240436105e-11
3994 1.239504847e-11
3995 1.23857452e-11
3996 1.237645125e-11
3997 1.236716659e-11
3998 1.235789121e-11
3999 1.234862511e-11
4000 1.233936827e-11
4001 1.233012068e-11
4002 1.232088233e-11
4003 1.231165321e-11
4004 1.23024333e-11
4005 1.229322259e-11
4006 1.228402108e-11
4007 1.227482874e-11
4008 1.226564558e-11
4009 1.225647158e-11
4010 1.224730672e-11
4011 1.223815099e-11
4012 1.222900439e-11
4013 1.221986691e-11
4014 1.221073852e-11
4015 1.220161922e-11
4016 1.219250901e-11
4017 1.218340785e-11
4018 1.217431576e-11
4019 1.216523271e-11
4020 1.215615869e-11
4021 1.21470937e-11
4022 1.213803771e-11
4023 1.212899073e-11
4024 1.211995273e-11
4025 1.211092372e-11
4026 1.210190366e-11
4027 1.209289257e-11
4028 1.208389041e-11
4029 1.207489719e-11
4030 1.20659129e-11
4031 1.205693751e-11
4032 1.204797102e-11
4033 1.203901342e-11
4034 1.20300647e-11
4035 1.202112485e-11
4036 1.201219385e-11
4037 1.200327169e-11
4038 1.199435837e-11
4039 1.198545388e-11
4040 1.197655819e-11
4041 1.196767131e-11
4042 1.195879321e-11
4043 1.19499239e-11
4044 1.194106335e-11
4045 1.193221156e-11
4046 1.192336852e-11
4047 1.191453421e-11
4048 1.190570863e-11
4049 1.189689177e-11
4050 1.188808361e-11
4051 1.187928414e-11
4052 1.187049335e-11
4053 1.186171123e-11
4054 1.185293778e-11
4055 1.184417297e-11
4056 1.183541681e-11
4057 1.182666927e-11
4058 1.181793036e-11
4059 1.180920004e-11
4060 1.180047833e-11
4061 1.179176521e-11
4062 1.178306065e-11
4063 1.177436467e-11
4064 1.176567724e-11
4065 1.175699835e-11
4066 1.1748328e-11
4067 1.173966617e-11
4068 1.173101285e-11
4069 1.172236804e-11
4070 1.171373172e-11
4071 1.170510388e-11
4072 1.169648451e-11
4073 1.16878736e-11
4074 1.167927114e-11
4075 1.167067712e-11
4076 1.166209154e-11
4077 1.165351437e-11
4078 1.164494561e-11
4079 1.163638525e-11
4080 1.162783327e-11
4081 1.161928968e-11
4082 1.161075445e-11
4083 1.160222758e-11
4084 1.159370906e-11
4085 1.158519887e-11
4086 1.157669702e-11
4087 1.156820347e-11
4088 1.155971824e-11
4089 1.15512413e-11
4090 1.154277265e-11
4091 1.153431227e-11
4092 1.152586017e-11
4093 1.151741631e-11
4094 1.15089807e-11
4095 1.150055333e-11
4096 1.149213419e-11
4097 1.148372326e-11
4098 1.147532053e-11
4099 1.146692601e-11
4100 1.145853966e-11
4101 1.14501615e-11
4102 1.14417915e-11
4103 1.143342965e-11
4104 1.142507595e-11
4105 1.141673039e-11
4106 1.140839295e-11
4107 1.140006363e-11
4108 1.139174242e-11
4109 1.13834293e-11
4110 1.137512427e-11
4111 1.136682732e-11
4112 1.135853843e-11
4113 1.13502576e-11
4114 1.134198482e-11
4115 1.133372007e-11
4116 1.132546336e-11
4117 1.131721466e-11
4118 1.130897397e-11
4119 1.130074128e-11
4120 1.129251657e-11
4121 1.128429985e-11
4122 1.12760911e-11
4123 1.126789031e-11
4124 1.125969746e-11
4125 1.125151256e-11
4126 1.124333559e-11
4127 1.123516654e-11
4128 1.12270054e-11
4129 1.121885217e-11
4130 1.121070682e-11
4131 1.120256937e-11
4132 1.119443978e-11
4133 1.118631806e-11
4134 1.117820419e-11
4135 1.117009817e-11
4136 1.116199998e-11
4137 1.115390962e-11
4138 1.114582708e-11
4139 1.113775235e-11
4140 1.112968541e-11
4141 1.112162626e-11
4142 1.111357489e-11
4143 1.110553129e-11
4144 1.109749545e-11
4145 1.108946736e-11
4146 1.108144701e-11
4147 1.10734344e-11
4148 1.106542951e-11
4149 1.105743233e-11
4150 1.104944285e-11
4151 1.104146107e-11
4152 1.103348698e-11
4153 1.102552057e-11
4154 1.101756182e-11
4155 1.100961073e-11
4156 1.100166728e-11
4157 1.099373148e-11
4158 1.098580331e-11
4159 1.097788276e-11
4160 1.096996982e-11
4161 1.096206449e-11
4162 1.095416675e-11
4163 1.094627659e-11
4164 1.093839401e-11
4165 1.0930519e-11
4166 1.092265154e-11
4167 1.091479163e-11
4168 1.090693927e-11
4169 1.089909443e-11
4170 1.089125711e-11
4171 1.088342731e-11
4172 1.087560501e-11
4173 1.08677902e-11
4174 1.085998288e-11
4175 1.085218304e-11
4176 1.084439066e-11
4177 1.083660575e-11
4178 1.082882828e-11
4179 1.082105825e-11
4180 1.081329566e-11
4181 1.080554048e-11
4182 1.079779273e-11
4183 1.079005237e-11
4184 1.078231942e-11
4185 1.077459385e-11
4186 1.076687566e-11
4187 1.075916484e-11
4188 1.075146138e-11
4189 1.074376527e-11
4190 1.073607651e-11
4191 1.072839508e-11
4192 1.072072098e-11
4193 1.071305419e-11
4194 1.070539472e-11
4195 1.069774254e-11
4196 1.069009766e-11
4197 1.068246005e-11
4198 1.067482973e-11
4199 1.066720666e-11
4200 1.065959086e-11
4201 1.06519823e-11
4202 1.064438098e-11
4203 1.063678689e-11
4204 1.062920002e-11
4205 1.062162037e-11
4206 1.061404792e-11
4207 1.060648267e-11
4208 1.059892461e-11
4209 1.059137373e-11
4210 1.058383001e-11
4211 1.057629346e-11
4212 1.056876406e-11
4213 1.056124181e-11
4214 1.05537267e-11
4215 1.054621871e-11
4216 1.053871784e-11
4217 1.053122409e-11
4218 1.052373744e-11
4219 1.051625788e-11
4220 1.050878541e-11
4221 1.050132002e-11
4222 1.049386169e-11
4223 1.048641043e-11
4224 1.047896622e-11
4225 1.047152906e-11
4226 1.046409893e-11
4227 1.045667582e-11
4228 1.044925974e-11
4229 1.044185067e-11
4230 1.04344486e-11
4231 1.042705353e-11
4232 1.041966544e-11
4233 1.041228434e-11
4234 1.04049102e-11
4235 1.039754302e-11
4236 1.03901828e-11
4237 1.038282952e-11
4238 1.037548318e-11
4239 1.036814376e-11
4240 1.036081127e-11
4241 1.035348569e-11
4242 1.034616702e-11
4243 1.033885524e-11
4244 1.033155035e-11
4245 1.032425234e-11
4246 1.03169612e-11
4247 1.030967693e-11
4248 1.030239951e-11
4249 1.029512894e-11
4250 1.02878652e-11
4251 1.028060831e-11
4252 1.027335823e-11
4253 1.026611497e-11
4254 1.025887852e-11
4255 1.025164886e-11
4256 1.0244426e-11
4257 1.023720992e-11
4258 1.023000062e-11
4259 1.022279808e-11
4260 1.021560231e-11
4261 1.020841329e-11
4262 1.020123101e-11
4263 1.019405546e-11
4264 1.018688665e-11
4265 1.017972455e-11
4266 1.017256917e-11
4267 1.016542049e-11
4268 1.015827851e-11
4269 1.015114322e-11
4270 1.014401461e-11
4271 1.013689267e-11
4272 1.01297774e-11
4273 1.012266878e-11
4274 1.011556682e-11
4275 1.010847149e-11
4276 1.01013828e-11
4277 1.009430074e-11
4278 1.00872253e-11
4279 1.008015646e-11
4280 1.007309423e-11
4281 1.00660386e-11
4282 1.005898955e-11
4283 1.005194709e-11
4284 1.004491119e-11
4285 1.003788186e-11
4286 1.003085909e-11
4287 1.002384287e-11
4288 1.001683319e-11
4289 1.000983004e-11
4290 1.000283342e-11
4291 9.995843325e-12
4292 9.988859736e-12
4293 9.981882652e-12
4294 9.974912064e-12
4295 9.967947964e-12
4296 9.960990346e-12
4297 9.954039202e-12
4298 9.947094523e-12
4299 9.940156304e-12
4300 9.933224535e-12
4301 9.92629921e-12
4302 9.919380322e-12
4303 9.912467862e-12
4304 9.905561823e-12
4305 9.898662198e-12
4306 9.89176898e-12
4307 9.88488216e-12
4308 9.878001732e-12
4309 9.871127688e-12
4310 9.86426002e-12
4311 9.857398722e-12
4312 9.850543786e-12
4313 9.843695204e-12
4314 9.83685297e-12
4315 9.830017075e-12
4316 9.823187513e-12
4317 9.816364275e-12
4318 9.809547356e-12
4319 9.802736747e-12
4320 9.795932441e-12
4321 9.789134432e-12
4322 9.78234271e-12
4323 9.775557271e-12
4324 9.768778105e-12
4325 9.762005206e-12
4326 9.755238567e-12
4327 9.74847818e-12
4328 9.741724038e-12
4329 9.734976135e-12
4330 9.728234462e-12
4331 9.721499012e-12
4332 9.714769779e-12
4333 9.708046755e-12
4334 9.701329934e-12
4335 9.694619307e-12
4336 9.687914868e-12
4337 9.681216609e-12
4338 9.674524524e-12
4339 9.667838606e-12
4340 9.661158846e-12
4341 9.654485239e-12
4342 9.647817777e-12
4343 9.641156453e-12
4344 9.63450126e-12
4345 9.627852191e-12
4346 9.621209239e-12
4347 9.614572397e-12
4348 9.607941658e-12
4349 9.601317014e-12
4350 9.59469846e-12
4351 9.588085987e-12
4352 9.581479589e-12
4353 9.574879259e-12
4354 9.568284989e-12
4355 9.561696774e-12
4356 9.555114606e-12
4357 9.548538478e-12
4358 9.541968383e-12
4359 9.535404314e-12
4360 9.528846264e-12
4361 9.522294227e-12
4362 9.515748196e-12
4363 9.509208163e-12
4364 9.502674122e-12
4365 9.496146065e-12
4366 9.489623987e-12
4367 9.48310788e-12
4368 9.476597738e-12
4369 9.470093553e-12
4370 9.463595319e-12
4371 9.457103029e-12
4372 9.450616676e-12
4373 9.444136253e-12
4374 9.437661754e-12
4375 9.431193172e-12
4376 9.4247305e-12
4377 9.418273731e-12
4378 9.411822859e-12
4379 9.405377876e-12
4380 9.398938777e-12
4381 9.392505555e-12
4382 9.386078201e-12
4383 9.379656711e-12
4384 9.373241078e-12
4385 9.366831294e-12
4386 9.360427353e-12
4387 9.354029248e-12
4388 9.347636973e-12
4389 9.341250522e-12
4390 9.334869886e-12
4391 9.328495061e-12
4392 9.322126038e-12
4393 9.315762813e-12
4394 9.309405377e-12
4395 9.303053725e-12
4396 9.296707849e-12
4397 9.290367744e-12
4398 9.284033403e-12
4399 9.277704818e-12
4400 9.271381985e-12
4401 9.265064895e-12
4402 9.258753543e-12
4403 9.252447922e-12
4404 9.246148026e-12
4405 9.239853848e-12
4406 9.233565382e-12
4407 9.22728262e-12
4408 9.221005557e-12
4409 9.214734187e-12
4410 9.208468502e-12
4411 9.202208496e-12
4412 9.195954164e-12
4413 9.189705497e-12
4414 9.183462491e-12
4415 9.177225138e-12
4416 9.170993433e-12
4417 9.164767368e-12
4418 9.158546938e-12
4419 9.152332136e-12
4420 9.146122956e-12
4421 9.139919391e-12
4422 9.133721435e-12
4423 9.127529082e-12
4424 9.121342325e-12
4425 9.115161158e-12
4426 9.108985575e-12
4427 9.102815569e-12
4428 9.096651134e-12
4429 9.090492264e-12
4430 9.084338953e-12
4431 9.078191194e-12
4432 9.072048981e-12
4433 9.065912307e-12
4434 9.059781168e-12
4435 9.053655555e-12
4436 9.047535464e-12
4437 9.041420887e-12
4438 9.035311819e-12
4439 9.029208254e-12
4440 9.023110184e-12
4441 9.017017605e-12
4442 9.01093051e-12
4443 9.004848892e-12
4444 8.998772746e-12
4445 8.992702065e-12
4446 8.986636844e-12
4447 8.980577075e-12
4448 8.974522754e-12
4449 8.968473873e-12
4450 8.962430427e-12
4451 8.95639241e-12
4452 8.950359816e-12
4453 8.944332638e-12
4454 8.93831087e-12
4455 8.932294506e-12
4456 8.926283541e-12
4457 8.920277968e-12
4458 8.914277782e-12
4459 8.908282975e-12
4460 8.902293542e-12
4461 8.896309478e-12
4462 8.890330775e-12
4463 8.884357429e-12
4464 8.878389433e-12
4465 8.872426781e-12
4466 8.866469467e-12
4467 8.860517485e-12
4468 8.854570829e-12
4469 8.848629493e-12
4470 8.842693472e-12
4471 8.836762759e-12
4472 8.830837348e-12
4473 8.824917234e-12
4474 8.81900241e-12
4475 8.813092871e-12
4476 8.807188611e-12
4477 8.801289623e-12
4478 8.795395903e-12
4479 8.789507443e-12
4480 8.783624239e-12
4481 8.777746284e-12
4482 8.771873573e-12
4483 8.766006099e-12
4484 8.760143857e-12
4485 8.754286841e-12
4486 8.748435045e-12
4487 8.742588464e-12
4488 8.736747091e-12
4489 8.73091092e-12
4490 8.725079947e-12
4491 8.719254165e-12
4492 8.713433568e-12
4493 8.707618151e-12
4494 8.701807908e-12
4495 8.696002833e-12
4496 8.69020292e-12
4497 8.684408164e-12
4498 8.678618559e-12
4499 8.672834099e-12
4500 8.667054778e-12
4501 8.661280591e-12
4502 8.655511532e-12
4503 8.649747596e-12
4504 8.643988776e-12
4505 8.638235067e-12
4506 8.632486464e-12
4507 8.62674296e-12
4508 8.62100455e-12
4509 8.615271229e-12
4510 8.60954299e-12
4511 8.603819829e-12
4512 8.598101739e-12
4513 8.592388714e-12
4514 8.58668075e-12
4515 8.580977841e-12
4516 8.575279981e-12
4517 8.569587164e-12
4518 8.563899385e-12
4519 8.558216639e-12
4520 8.552538919e-12
4521 8.54686622e-12
4522 8.541198537e-12
4523 8.535535864e-12
4524 8.529878196e-12
4525 8.524225527e-12
4526 8.518577851e-12
4527 8.512935163e-12
4528 8.507297458e-12
4529 8.50166473e-12
4530 8.496036973e-12
4531 8.490414182e-12
4532 8.484796352e-12
4533 8.479183477e-12
4534 8.473575552e-12
4535 8.467972571e-12
4536 8.462374528e-12
4537 8.456781419e-12
4538 8.451193238e-12
4539 8.445609979e-12
4540 8.440031637e-12
4541 8.434458206e-12
4542 8.428889682e-12
4543 8.423326059e-12
4544 8.417767331e-12
4545 8.412213493e-12
4546 8.406664539e-12
4547 8.401120465e-12
4548 8.395581265e-12
4549 8.390046934e-12
4550 8.384517465e-12
4551 8.378992855e-12
4552 8.373473097e-12
4553 8.367958186e-12
4554 8.362448117e-12
4555 8.356942885e-12
4556 8.351442484e-12
4557 8.345946909e-12
4558 8.340456155e-12
4559 8.334970216e-12
4560 8.329489087e-12
4561 8.324012763e-12
4562 8.318541238e-12
4563 8.313074508e-12
4564 8.307612567e-12
4565 8.30215541e-12
4566 8.296703031e-12
4567 8.291255426e-12
4568 8.285812589e-12
4569 8.280374515e-12
4570 8.274941198e-12
4571 8.269512635e-12
4572 8.264088818e-12
4573 8.258669743e-12
4574 8.253255406e-12
4575 8.2478458e-12
4576 8.242440921e-12
4577 8.237040763e-12
4578 8.231645322e-12
4579 8.226254592e-12
4580 8.220868568e-12
4581 8.215487244e-12
4582 8.210110617e-12
4583 8.20473868e-12
4584 8.199371428e-12
4585 8.194008857e-12
4586 8.188650961e-12
4587 8.183297736e-12
4588 8.177949175e-12
4589 8.172605275e-12
4590 8.16726603e-12
4591 8.161931434e-12
4592 8.156601483e-12
4593 8.151276172e-12
4594 8.145955496e-12
4595 8.14063945e-12
4596 8.135328028e-12
4597 8.130021226e-12
4598 8.124719038e-12
4599 8.11942146e-12
4600 8.114128487e-12
4601 8.108840113e-12
4602 8.103556334e-12
4603 8.098277144e-12
4604 8.093002539e-12
4605 8.087732514e-12
4606 8.082467063e-12
4607 8.077206182e-12
4608 8.071949866e-12
4609 8.066698109e-12
4610 8.061450908e-12
4611 8.056208256e-12
4612 8.05097015e-12
4613 8.045736583e-12
4614 8.040507552e-12
4615 8.03528305e-12
4616 8.030063075e-12
4617 8.024847619e-12
4618 8.019636679e-12
4619 8.01443025e-12
4620 8.009228327e-12
4621 8.004030904e-12
4622 7.998837978e-12
4623 7.993649542e-12
4624 7.988465593e-12
4625 7.983286126e-12
4626 7.978111135e-12
4627 7.972940616e-12
4628 7.967774564e-12
4629 7.962612974e-12
4630 7.957455842e-12
4631 7.952303161e-12
4632 7.947154929e-12
4633 7.94201114e-12
4634 7.936871788e-12
4635 7.93173687e-12
4636 7.926606381e-12
4637 7.921480315e-12
4638 7.916358669e-12
4639 7.911241436e-12
4640 7.906128614e-12
4641 7.901020195e-12
4642 7.895916177e-12
4643 7.890816555e-12
4644 7.885721322e-12
4645 7.880630476e-12
4646 7.875544011e-12
4647 7.870461922e-12
4648 7.865384205e-12
4649 7.860310854e-12
4650 7.855241866e-12
4651 7.850177236e-12
4652 7.845116959e-12
4653 7.84006103e-12
4654 7.835009444e-12
4655 7.829962197e-12
4656 7.824919285e-12
4657 7.819880702e-12
4658 7.814846444e-12
4659 7.809816507e-12
4660 7.804790885e-12
4661 7.799769574e-12
4662 7.79475257e-12
4663 7.789739868e-12
4664 7.784731462e-12
4665 7.77972735e-12
4666 7.774727525e-12
4667 7.769731984e-12
4668 7.764740722e-12
4669 7.759753734e-12
4670 7.754771015e-12
4671 7.749792562e-12
4672 7.744818369e-12
4673 7.739848432e-12
4674 7.734882747e-12
4675 7.729921308e-12
4676 7.724964112e-12
4677 7.720011154e-12
4678 7.715062429e-12
4679 7.710117933e-12
4680 7.705177661e-12
4681 7.700241609e-12
4682 7.695309772e-12
4683 7.690382146e-12
4684 7.685458726e-12
4685 7.680539508e-12
4686 7.675624487e-12
4687 7.670713659e-12
4688 7.665807019e-12
4689 7.660904563e-12
4690 7.656006287e-12
4691 7.651112185e-12
4692 7.646222254e-12
4693 7.64133649e-12
4694 7.636454886e-12
4695 7.63157744e-12
4696 7.626704147e-12
4697 7.621835002e-12
4698 7.616970001e-12
4699 7.61210914e-12
4700 7.607252414e-12
4701 7.602399818e-12
4702 7.597551349e-12
4703 7.592707002e-12
4704 7.587866772e-12
4705 7.583030656e-12
4706 7.578198649e-12
4707 7.573370746e-12
4708 7.568546943e-12
4709 7.563727236e-12
4710 7.55891162e-12
4711 7.554100091e-12
4712 7.549292646e-12
4713 7.544489278e-12
4714 7.539689985e-12
4715 7.534894761e-12
4716 7.530103603e-12
4717 7.525316506e-12
4718 7.520533466e-12
4719 7.515754479e-12
4720 7.51097954e-12
4721 7.506208645e-12
4722 7.501441789e-12
4723 7.496678969e-12
4724 7.49192018e-12
4725 7.487165418e-12
4726 7.482414679e-12
4727 7.477667958e-12
4728 7.472925251e-12
4729 7.468186554e-12
4730 7.463451863e-12
4731 7.458721173e-12
4732 7.453994481e-12
4733 7.449271781e-12
4734 7.44455307e-12
4735 7.439838344e-12
4736 7.435127598e-12
4737 7.430420828e-12
4738 7.42571803e-12
4739 7.4210192e-12
4740 7.416324334e-12
4741 7.411633426e-12
4742 7.406946475e-12
4743 7.402263474e-12
4744 7.39758442e-12
4745 7.392909309e-12
4746 7.388238136e-12
4747 7.383570898e-12
4748 7.37890759e-12
4749 7.374248209e-12
4750 7.369592749e-12
4751 7.364941207e-12
4752 7.36029358e-12
4753 7.355649861e-12
4754 7.351010049e-12
4755 7.346374137e-12
4756 7.341742124e-12
4757 7.337114003e-12
4758 7.332489772e-12
4759 7.327869425e-12
4760 7.32325296e-12
4761 7.318640372e-12
4762 7.314031656e-12
4763 7.30942681e-12
4764 7.304825828e-12
4765 7.300228707e-12
4766 7.295635442e-12
4767 7.29104603e-12
4768 7.286460467e-12
4769 7.281878748e-12
4770 7.277300869e-12
4771 7.272726827e-12
4772 7.268156618e-12
4773 7.263590237e-12
4774 7.259027681e-12
4775 7.254468944e-12
4776 7.249914025e-12
4777 7.245362918e-12
4778 7.240815619e-12
4779 7.236272124e-12
4780 7.231732431e-12
4781 7.227196533e-12
4782 7.222664429e-12
4783 7.218136113e-12
4784 7.213611581e-12
4785 7.20909083e-12
4786 7.204573856e-12
4787 7.200060655e-12
4788 7.195551222e-12
4789 7.191045555e-12
4790 7.186543648e-12
4791 7.182045499e-12
4792 7.177551103e-12
4793 7.173060456e-12
4794 7.168573554e-12
4795 7.164090394e-12
4796 7.159610971e-12
4797 7.155135282e-12
4798 7.150663322e-12
4799 7.146195089e-12
4800 7.141730577e-12
4801 7.137269784e-12
4802 7.132812704e-12
4803 7.128359335e-12
4804 7.123909673e-12
4805 7.119463713e-12
4806 7.115021452e-12
4807 7.110582886e-12
4808 7.106148012e-12
4809 7.101716824e-12
4810 7.09728932e-12
4811 7.092865495e-12
4812 7.088445347e-12
4813 7.08402887e-12
4814 7.079616061e-12
4815 7.075206917e-12
4816 7.070801434e-12
4817 7.066399607e-12
4818 7.062001433e-12
4819 7.057606908e-12
4820 7.053216029e-12
4821 7.048828791e-12
4822 7.044445191e-12
4823 7.040065225e-12
4824 7.03568889e-12
4825 7.031316181e-12
4826 7.026947095e-12
4827 7.022581628e-12
4828 7.018219776e-12
4829 7.013861536e-12
4830 7.009506903e-12
4831 7.005155875e-12
4832 7.000808447e-12
4833 6.996464615e-12
4834 6.992124377e-12
4835 6.987787728e-12
4836 6.983454664e-12
4837 6.979125182e-12
4838 6.974799278e-12
4839 6.970476948e-12
4840 6.96615819e-12
4841 6.961842998e-12
4842 6.957531369e-12
4843 6.9532233e-12
4844 6.948918788e-12
4845 6.944617827e-12
4846 6.940320415e-12
4847 6.936026548e-12
4848 6.931736223e-12
4849 6.927449435e-12
4850 6.923166181e-12
4851 6.918886457e-12
4852 6.914610261e-12
4853 6.910337587e-12
4854 6.906068433e-12
4855 6.901802795e-12
4856 6.897540669e-12
4857 6.893282052e-12
4858 6.889026939e-12
4859 6.884775329e-12
4860 6.880527216e-12
4861 6.876282597e-12
4862 6.872041469e-12
4863 6.867803828e-12
4864 6.86356967e-12
4865 6.859338992e-12
4866 6.855111791e-12
4867 6.850888062e-12
4868 6.846667803e-12
4869 6.842451009e-12
4870 6.838237677e-12
4871 6.834027804e-12
4872 6.829821386e-12
4873 6.825618419e-12
4874 6.8214189e-12
4875 6.817222825e-12
4876 6.813030191e-12
4877 6.808840995e-12
4878 6.804655232e-12
4879 6.800472899e-12
4880 6.796293993e-12
4881 6.792118511e-12
4882 6.787946448e-12
4883 6.783777801e-12
4884 6.779612567e-12
4885 6.775450743e-12
4886 6.771292324e-12
4887 6.767137307e-12
4888 6.762985689e-12
4889 6.758837467e-12
4890 6.754692636e-12
4891 6.750551194e-12
4892 6.746413136e-12
4893 6.74227846e-12
4894 6.738147162e-12
4895 6.734019239e-12
4896 6.729894687e-12
4897 6.725773502e-12
4898 6.721655682e-12
4899 6.717541222e-12
4900 6.71343012e-12
4901 6.709322372e-12
4902 6.705217974e-12
4903 6.701116923e-12
4904 6.697019216e-12
4905 6.69292485e-12
4906 6.68883382e-12
4907 6.684746124e-12
4908 6.680661757e-12
4909 6.676580718e-12
4910 6.672503002e-12
4911 6.668428606e-12
4912 6.664357526e-12
4913 6.66028976e-12
4914 6.656225303e-12
4915 6.652164153e-12
4916 6.648106306e-12
4917 6.644051758e-12
4918 6.640000508e-12
4919 6.63595255e-12
4920 6.631907881e-12
4921 6.627866499e-12
4922 6.623828401e-12
4923 6.619793581e-12
4924 6.615762038e-12
4925 6.611733769e-12
4926 6.607708768e-12
4927 6.603687035e-12
4928 6.599668564e-12
4929 6.595653353e-12
4930 6.591641399e-12
4931 6.587632697e-12
4932 6.583627246e-12
4933 6.579625041e-12
4934 6.575626079e-12
4935 6.571630358e-12
4936 6.567637873e-12
4937 6.563648621e-12
4938 6.5596626e-12
4939 6.555679805e-12
4940 6.551700235e-12
4941 6.547723884e-12
4942 6.543750751e-12
4943 6.539780831e-12
4944 6.535814123e-12
4945 6.531850621e-12
4946 6.527890324e-12
4947 6.523933227e-12
4948 6.519979328e-12
4949 6.516028624e-12
4950 6.512081111e-12
4951 6.508136786e-12
4952 6.504195645e-12
4953 6.500257686e-12
4954 6.496322906e-12
4955 6.4923913e-12
4956 6.488462867e-12
4957 6.484537602e-12
4958 6.480615503e-12
4959 6.476696566e-12
4960 6.472780788e-12
4961 6.468868166e-12
4962 6.464958697e-12
4963 6.461052378e-12
4964 6.457149205e-12
4965 6.453249175e-12
4966 6.449352286e-12
4967 6.445458533e-12
4968 6.441567915e-12
4969 6.437680427e-12
4970 6.433796066e-12
4971 6.42991483e-12
4972 6.426036715e-12
4973 6.422161718e-12
4974 6.418289836e-12
4975 6.414421066e-12
4976 6.410555404e-12
4977 6.406692849e-12
4978 6.402833395e-12
4979 6.398977041e-12
4980 6.395123783e-12
4981 6.391273618e-12
4982 6.387426544e-12
4983 6.383582556e-12
4984 6.379741652e-12
4985 6.375903829e-12
4986 6.372069083e-12
4987 6.368237412e-12
4988 6.364408813e-12
4989 6.360583281e-12
4990 6.356760816e-12
4991 6.352941412e-12
4992 6.349125068e-12
4993 6.34531178e-12
4994 6.341501544e-12
4995 6.337694359e-12
4996 6.333890221e-12
4997 6.330089127e-12
4998 6.326291073e-12
4999 6.322496058e-12
5000 6.318704077e-12
5001 6.314915128e-12
5002 6.311129208e-12
5003 6.307346313e-12
5004 6.303566442e-12
5005 6.299789589e-12
5006 6.296015754e-12
5007 6.292244932e-12
5008 6.288477121e-12
5009 6.284712317e-12
5010 6.280950518e-12
5011 6.277191721e-12
5012 6.273435922e-12
5013 6.269683119e-12
5014 6.265933309e-12
5015 6.262186488e-12
5016 6.258442654e-12
5017 6.254701804e-12
5018 6.250963934e-12
5019 6.247229043e-12
5020 6.243497126e-12
5021 6.239768181e-12
5022 6.236042205e-12
5023 6.232319194e-12
5024 6.228599147e-12
5025 6.22488206e-12
5026 6.22116793e-12
5027 6.217456754e-12
5028 6.21374853e-12
5029 6.210043253e-12
5030 6.206340922e-12
5031 6.202641534e-12
5032 6.198945085e-12
5033 6.195251573e-12
5034 6.191560994e-12
5035 6.187873346e-12
5036 6.184188626e-12
5037 6.180506831e-12
5038 6.176827958e-12
5039 6.173152004e-12
5040 6.169478966e-12
5041 6.165808842e-12
5042 6.162141628e-12
5043 6.158477322e-12
5044 6.154815921e-12
5045 6.151157421e-12
5046 6.147501821e-12
5047 6.143849116e-12
5048 6.140199305e-12
5049 6.136552384e-12
5050 6.132908351e-12
5051 6.129267202e-12
5052 6.125628935e-12
5053 6.121993547e-12
5054 6.118361035e-12
5055 6.114731397e-12
5056 6.111104628e-12
5057 6.107480728e-12
5058 6.103859692e-12
5059 6.100241518e-12
5060 6.096626203e-12
5061 6.093013744e-12
5062 6.089404139e-12
5063 6.085797384e-12
5064 6.082193478e-12
5065 6.078592416e-12
5066 6.074994196e-12
5067 6.071398816e-12
5068 6.067806273e-12
5069 6.064216563e-12
5070 6.060629684e-12
5071 6.057045633e-12
5072 6.053464408e-12
5073 6.049886006e-12
5074 6.046310423e-12
5075 6.042737657e-12
5076 6.039167706e-12
5077 6.035600566e-12
5078 6.032036236e-12
5079 6.028474711e-12
5080 6.024915989e-12
5081 6.021360068e-12
5082 6.017806944e-12
5083 6.014256616e-12
5084 6.010709079e-12
5085 6.007164333e-12
5086 6.003622373e-12
5087 6.000083197e-12
5088 5.996546802e-12
5089 5.993013186e-12
5090 5.989482345e-12
5091 5.985954278e-12
5092 5.982428981e-12
5093 5.978906452e-12
5094 5.975386688e-12
5095 5.971869686e-12
5096 5.968355443e-12
5097 5.964843957e-12
5098 5.961335226e-12
5099 5.957829245e-12
5100 5.954326014e-12
5101 5.950825528e-12
5102 5.947327786e-12
5103 5.943832785e-12
5104 5.940340521e-12
5105 5.936850993e-12
5106 5.933364197e-12
5107 5.929880131e-12
5108 5.926398793e-12
5109 5.922920179e-12
5110 5.919444287e-12
5111 5.915971114e-12
5112 5.912500658e-12
5113 5.909032916e-12
5114 5.905567885e-12
5115 5.902105562e-12
5116 5.898645946e-12
5117 5.895189033e-12
5118 5.891734821e-12
5119 5.888283307e-12
5120 5.884834488e-12
5121 5.881388362e-12
5122 5.877944926e-12
5123 5.874504178e-12
5124 5.871066115e-12
5125 5.867630734e-12
5126 5.864198033e-12
5127 5.860768009e-12
5128 5.857340659e-12
5129 5.853915981e-12
5130 5.850493973e-12
5131 5.847074631e-12
5132 5.843657953e-12
5133 5.840243937e-12
5134 5.83683258e-12
5135 5.833423879e-12
5136 5.830017831e-12
5137 5.826614435e-12
5138 5.823213688e-12
5139 5.819815586e-12
5140 5.816420128e-12
5141 5.81302731e-12
5142 5.809637131e-12
5143 5.806249588e-12
5144 5.802864677e-12
5145 5.799482398e-12
5146 5.796102746e-12
5147 5.79272572e-12
5148 5.789351317e-12
5149 5.785979534e-12
5150 5.782610369e-12
5151 5.779243819e-12
5152 5.775879882e-12
5153 5.772518555e-12
5154 5.769159836e-12
5155 5.765803722e-12
5156 5.762450211e-12
5157 5.7590993e-12
5158 5.755750987e-12
5159 5.752405268e-12
5160 5.749062143e-12
5161 5.745721607e-12
5162 5.742383659e-12
5163 5.739048296e-12
5164 5.735715515e-12
5165 5.732385314e-12
5166 5.729057691e-12
5167 5.725732644e-12
5168 5.722410168e-12
5169 5.719090263e-12
5170 5.715772925e-12
5171 5.712458153e-12
5172 5.709145943e-12
5173 5.705836293e-12
5174 5.702529201e-12
5175 5.699224664e-12
5176 5.69592268e-12
5177 5.692623246e-12
5178 5.68932636e-12
5179 5.68603202e-12
5180 5.682740222e-12
5181 5.679450965e-12
5182 5.676164246e-12
5183 5.672880062e-12
5184 5.669598411e-12
5185 5.666319292e-12
5186 5.6630427e-12
5187 5.659768634e-12
5188 5.656497092e-12
5189 5.65322807e-12
5190 5.649961567e-12
5191 5.64669758e-12
5192 5.643436107e-12
5193 5.640177145e-12
5194 5.636920691e-12
5195 5.633666745e-12
5196 5.630415302e-12
5197 5.627166361e-12
5198 5.623919918e-12
5199 5.620675973e-12
5200 5.617434522e-12
5201 5.614195563e-12
5202 5.610959094e-12
5203 5.607725112e-12
5204 5.604493615e-12
5205 5.6012646e-12
5206 5.598038065e-12
5207 5.594814008e-12
5208 5.591592426e-12
5209 5.588373317e-12
5210 5.585156679e-12
5211 5.581942508e-12
5212 5.578730804e-12
5213 5.575521563e-12
5214 5.572314783e-12
5215 5.569110462e-12
5216 5.565908597e-12
5217 5.562709186e-12
5218 5.559512227e-12
5219 5.556317717e-12
5220 5.553125654e-12
5221 5.549936035e-12
5222 5.546748859e-12
5223 5.543564123e-12
5224 5.540381825e-12
5225 5.537201961e-12
5226 5.534024531e-12
5227 5.530849532e-12
5228 5.52767696e-12
5229 5.524506815e-12
5230 5.521339093e-12
5231 5.518173793e-12
5232 5.515010911e-12
5233 5.511850447e-12
5234 5.508692397e-12
5235 5.505536758e-12
5236 5.50238353e-12
5237 5.499232709e-12
5238 5.496084294e-12
5239 5.492938281e-12
5240 5.489794669e-12
5241 5.486653455e-12
5242 5.483514638e-12
5243 5.480378214e-12
5244 5.477244181e-12
5245 5.474112538e-12
5246 5.470983282e-12
5247 5.46785641e-12
5248 5.464731921e-12
5249 5.461609811e-12
5250 5.45849008e-12
5251 5.455372724e-12
5252 5.452257742e-12
5253 5.44914513e-12
5254 5.446034888e-12
5255 5.442927012e-12
5256 5.4398215e-12
5257 5.43671835e-12
5258 5.433617561e-12
5259 5.430519128e-12
5260 5.427423051e-12
5261 5.424329327e-12
5262 5.421237954e-12
5263 5.41814893e-12
5264 5.415062252e-12
5265 5.411977918e-12
5266 5.408895926e-12
5267 5.405816274e-12
5268 5.402738959e-12
5269 5.39966398e-12
5270 5.396591334e-12
5271 5.393521018e-12
5272 5.390453031e-12
5273 5.387387371e-12
5274 5.384324035e-12
5275 5.381263021e-12
5276 5.378204326e-12
5277 5.375147949e-12
5278 5.372093888e-12
5279 5.36904214e-12
5280 5.365992703e-12
5281 5.362945575e-12
5282 5.359900754e-12
5283 5.356858237e-12
5284 5.353818022e-12
5285 5.350780108e-12
5286 5.347744491e-12
5287 5.344711171e-12
5288 5.341680144e-12
5289 5.338651408e-12
5290 5.335624962e-12
5291 5.332600802e-12
5292 5.329578928e-12
5293 5.326559337e-12
5294 5.323542026e-12
5295 5.320526994e-12
5296 5.317514238e-12
5297 5.314503756e-12
5298 5.311495547e-12
5299 5.308489607e-12
5300 5.305485935e-12
5301 5.302484529e-12
5302 5.299485386e-12
5303 5.296488505e-12
5304 5.293493883e-12
5305 5.290501518e-12
5306 5.287511408e-12
5307 5.28452355e-12
5308 5.281537944e-12
5309 5.278554586e-12
5310 5.275573475e-12
5311 5.272594608e-12
5312 5.269617983e-12
5313 5.266643599e-12
5314 5.263671452e-12
5315 5.260701542e-12
5316 5.257733865e-12
5317 5.25476842e-12
5318 5.251805205e-12
5319 5.248844217e-12
5320 5.245885455e-12
5321 5.242928916e-12
5322 5.239974599e-12
5323 5.237022501e-12
5324 5.234072619e-12
5325 5.231124953e-12
5326 5.2281795e-12
5327 5.225236258e-12
5328 5.222295224e-12
5329 5.219356398e-12
5330 5.216419776e-12
5331 5.213485356e-12
5332 5.210553137e-12
5333 5.207623117e-12
5334 5.204695293e-12
5335 5.201769663e-12
5336 5.198846226e-12
5337 5.195924979e-12
5338 5.19300592e-12
5339 5.190089047e-12
5340 5.187174358e-12
5341 5.184261852e-12
5342 5.181351525e-12
5343 5.178443377e-12
5344 5.175537404e-12
5345 5.172633605e-12
5346 5.169731978e-12
5347 5.166832521e-12
5348 5.163935232e-12
5349 5.161040109e-12
5350 5.158147149e-12
5351 5.155256351e-12
5352 5.152367713e-12
5353 5.149481233e-12
5354 5.146596908e-12
5355 5.143714737e-12
5356 5.140834717e-12
5357 5.137956848e-12
5358 5.135081126e-12
5359 5.132207549e-12
5360 5.129336117e-12
5361 5.126466825e-12
5362 5.123599674e-12
5363 5.12073466e-12
5364 5.117871782e-12
5365 5.115011038e-12
5366 5.112152425e-12
5367 5.109295942e-12
5368 5.106441587e-12
5369 5.103589358e-12
5370 5.100739252e-12
5371 5.097891268e-12
5372 5.095045404e-12
5373 5.092201658e-12
5374 5.089360027e-12
5375 5.086520511e-12
5376 5.083683107e-12
5377 5.080847812e-12
5378 5.078014626e-12
5379 5.075183545e-12
5380 5.072354569e-12
5381 5.069527695e-12
5382 5.066702921e-12
5383 5.063880245e-12
5384 5.061059666e-12
5385 5.058241181e-12
5386 5.055424788e-12
5387 5.052610486e-12
5388 5.049798273e-12
5389 5.046988146e-12
5390 5.044180104e-12
5391 5.041374144e-12
5392 5.038570265e-12
5393 5.035768465e-12
5394 5.032968742e-12
5395 5.030171094e-12
5396 5.02737552e-12
5397 5.024582016e-12
5398 5.021790582e-12
5399 5.019001214e-12
5400 5.016213913e-12
5401 5.013428675e-12
5402 5.010645498e-12
5403 5.007864382e-12
5404 5.005085323e-12
5405 5.002308319e-12
5406 4.99953337e-12
5407 4.996760473e-12
5408 4.993989627e-12
5409 4.991220828e-12
5410 4.988454076e-12
5411 4.985689369e-12
5412 4.982926704e-12
5413 4.98016608e-12
5414 4.977407494e-12
5415 4.974650946e-12
5416 4.971896433e-12
5417 4.969143953e-12
5418 4.966393504e-12
5419 4.963645085e-12
5420 4.960898693e-12
5421 4.958154328e-12
5422 4.955411986e-12
5423 4.952671666e-12
5424 4.949933366e-12
5425 4.947197085e-12
5426 4.944462819e-12
5427 4.941730569e-12
5428 4.939000331e-12
5429 4.936272104e-12
5430 4.933545886e-12
5431 4.930821675e-12
5432 4.92809947e-12
5433 4.925379268e-12
5434 4.922661067e-12
5435 4.919944867e-12
5436 4.917230664e-12
5437 4.914518457e-12
5438 4.911808245e-12
5439 4.909100025e-12
5440 4.906393796e-12
5441 4.903689555e-12
5442 4.900987302e-12
5443 4.898287033e-12
5444 4.895588748e-12
5445 4.892892445e-12
5446 4.890198121e-12
5447 4.887505775e-12
5448 4.884815405e-12
5449 4.882127009e-12
5450 4.879440585e-12
5451 4.876756132e-12
5452 4.874073648e-12
5453 4.871393131e-12
5454 4.868714579e-12
5455 4.866037991e-12
5456 4.863363364e-12
5457 4.860690697e-12
5458 4.858019988e-12
5459 4.855351235e-12
5460 4.852684436e-12
5461 4.85001959e-12
5462 4.847356695e-12
5463 4.844695749e-12
5464 4.842036751e-12
5465 4.839379698e-12
5466 4.836724588e-12
5467 4.83407142e-12
5468 4.831420193e-12
5469 4.828770904e-12
5470 4.826123552e-12
5471 4.823478134e-12
5472 4.82083465e-12
5473 4.818193096e-12
5474 4.815553473e-12
5475 4.812915777e-12
5476 4.810280007e-12
5477 4.807646162e-12
5478 4.805014239e-12
5479 4.802384236e-12
5480 4.799756153e-12
5481 4.797129987e-12
5482 4.794505737e-12
5483 4.7918834e-12
5484 4.789262975e-12
5485 4.786644461e-12
5486 4.784027855e-12
5487 4.781413156e-12
5488 4.778800362e-12
5489 4.776189471e-12
5490 4.773580482e-12
5491 4.770973393e-12
5492 4.768368202e-12
5493 4.765764907e-12
5494 4.763163507e-12
5495 4.760564e-12
5496 4.757966384e-12
5497 4.755370658e-12
5498 4.752776819e-12
5499 4.750184867e-12
5500 4.747594799e-12
5501 4.745006614e-12
5502 4.742420309e-12
5503 4.739835884e-12
5504 4.737253336e-12
5505 4.734672664e-12
5506 4.732093867e-12
5507 4.729516942e-12
5508 4.726941887e-12
5509 4.724368701e-12
5510 4.721797383e-12
5511 4.719227931e-12
5512 4.716660342e-12
5513 4.714094616e-12
5514 4.71153075e-12
5515 4.708968743e-12
5516 4.706408594e-12
5517 4.703850299e-12
5518 4.701293859e-12
5519 4.698739271e-12
5520 4.696186533e-12
5521 4.693635644e-12
5522 4.691086603e-12
5523 4.688539406e-12
5524 4.685994054e-12
5525 4.683450543e-12
5526 4.680908873e-12
5527 4.678369042e-12
5528 4.675831048e-12
5529 4.67329489e-12
5530 4.670760565e-12
5531 4.668228073e-12
5532 4.66569741e-12
5533 4.663168577e-12
5534 4.660641571e-12
5535 4.658116391e-12
5536 4.655593034e-12
5537 4.6530715e-12
5538 4.650551786e-12
5539 4.648033891e-12
5540 4.645517814e-12
5541 4.643003552e-12
5542 4.640491104e-12
5543 4.637980469e-12
5544 4.635471644e-12
5545 4.632964629e-12
5546 4.630459421e-12
5547 4.627956019e-12
5548 4.625454421e-12
5549 4.622954626e-12
5550 4.620456632e-12
5551 4.617960437e-12
5552 4.61546604e-12
5553 4.612973439e-12
5554 4.610482633e-12
5555 4.607993619e-12
5556 4.605506397e-12
5557 4.603020965e-12
5558 4.60053732e-12
5559 4.598055462e-12
5560 4.595575389e-12
5561 4.5930971e-12
5562 4.590620592e-12
5563 4.588145864e-12
5564 4.585672914e-12
5565 4.583201741e-12
5566 4.580732344e-12
5567 4.57826472e-12
5568 4.575798868e-12
5569 4.573334787e-12
5570 4.570872475e-12
5571 4.56841193e-12
5572 4.565953151e-12
5573 4.563496136e-12
5574 4.561040883e-12
5575 4.558587392e-12
5576 4.556135659e-12
5577 4.553685685e-12
5578 4.551237467e-12
5579 4.548791004e-12
5580 4.546346293e-12
5581 4.543903335e-12
5582 4.541462126e-12
5583 4.539022666e-12
5584 4.536584952e-12
5585 4.534148984e-12
5586 4.531714759e-12
5587 4.529282277e-12
5588 4.526851535e-12
5589 4.524422532e-12
5590 4.521995267e-12
5591 4.519569738e-12
5592 4.517145943e-12
5593 4.514723881e-12
5594 4.51230355e-12
5595 4.509884949e-12
5596 4.507468076e-12
5597 4.50505293e-12
5598 4.502639508e-12
5599 4.500227811e-12
5600 4.497817835e-12
5601 4.49540958e-12
5602 4.493003044e-12
5603 4.490598225e-12
5604 4.488195123e-12
5605 4.485793734e-12
5606 4.483394059e-12
5607 4.480996094e-12
5608 4.47859984e-12
5609 4.476205293e-12
5610 4.473812454e-12
5611 4.471421319e-12
5612 4.469031889e-12
5613 4.46664416e-12
5614 4.464258133e-12
5615 4.461873804e-12
5616 4.459491173e-12
5617 4.457110238e-12
5618 4.454730998e-12
5619 4.45235345e-12
5620 4.449977595e-12
5621 4.447603429e-12
5622 4.445230952e-12
5623 4.442860163e-12
5624 4.440491059e-12
5625 4.438123638e-12
5626 4.435757901e-12
5627 4.433393845e-12
5628 4.431031468e-12
5629 4.428670769e-12
5630 4.426311747e-12
5631 4.4239544e-12
5632 4.421598727e-12
5633 4.419244726e-12
5634 4.416892396e-12
5635 4.414541734e-12
5636 4.412192741e-12
5637 4.409845414e-12
5638 4.407499751e-12
5639 4.405155752e-12
5640 4.402813415e-12
5641 4.400472738e-12
5642 4.39813372e-12
5643 4.395796359e-12
5644 4.393460655e-12
5645 4.391126604e-12
5646 4.388794207e-12
5647 4.386463461e-12
5648 4.384134366e-12
5649 4.381806919e-12
5650 4.379481119e-12
5651 4.377156965e-12
5652 4.374834455e-12
5653 4.372513588e-12
5654 4.370194362e-12
5655 4.367876777e-12
5656 4.365560829e-12
5657 4.363246519e-12
5658 4.360933844e-12
5659 4.358622804e-12
5660 4.356313396e-12
5661 4.354005619e-12
5662 4.351699472e-12
5663 4.349394953e-12
5664 4.347092061e-12
5665 4.344790795e-12
5666 4.342491153e-12
5667 4.340193133e-12
5668 4.337896735e-12
5669 4.335601956e-12
5670 4.333308796e-12
5671 4.331017252e-12
5672 4.328727324e-12
5673 4.32643901e-12
5674 4.324152309e-12
5675 4.321867219e-12
5676 4.319583739e-12
5677 4.317301867e-12
5678 4.315021602e-12
5679 4.312742942e-12
5680 4.310465887e-12
5681 4.308190434e-12
5682 4.305916583e-12
5683 4.303644331e-12
5684 4.301373678e-12
5685 4.299104622e-12
5686 4.296837162e-12
5687 4.294571296e-12
5688 4.292307023e-12
5689 4.290044342e-12
5690 4.28778325e-12
5691 4.285523747e-12
5692 4.283265832e-12
5693 4.281009502e-12
5694 4.278754757e-12
5695 4.276501595e-12
5696 4.274250015e-12
5697 4.272000015e-12
5698 4.269751594e-12
5699 4.26750475e-12
5700 4.265259483e-12
5701 4.263015791e-12
5702 4.260773672e-12
5703 4.258533125e-12
5704 4.256294148e-12
5705 4.254056741e-12
5706 4.251820902e-12
5707 4.249586629e-12
5708 4.247353922e-12
5709 4.245122778e-12
5710 4.242893197e-12
5711 4.240665177e-12
5712 4.238438716e-12
5713 4.236213814e-12
5714 4.233990469e-12
5715 4.231768679e-12
5716 4.229548444e-12
5717 4.227329761e-12
5718 4.225112631e-12
5719 4.22289705e-12
5720 4.220683018e-12
5721 4.218470533e-12
5722 4.216259595e-12
5723 4.214050201e-12
5724 4.211842351e-12
5725 4.209636043e-12
5726 4.207431275e-12
5727 4.205228047e-12
5728 4.203026357e-12
5729 4.200826204e-12
5730 4.198627586e-12
5731 4.196430502e-12
5732 4.194234951e-12
5733 4.192040931e-12
5734 4.189848441e-12
5735 4.187657479e-12
5736 4.185468045e-12
5737 4.183280137e-12
5738 4.181093754e-12
5739 4.178908894e-12
5740 4.176725556e-12
5741 4.174543739e-12
5742 4.172363441e-12
5743 4.170184661e-12
5744 4.168007398e-12
5745 4.165831651e-12
5746 4.163657417e-12
5747 4.161484696e-12
5748 4.159313487e-12
5749 4.157143788e-12
5750 4.154975597e-12
5751 4.152808914e-12
5752 4.150643738e-12
5753 4.148480066e-12
5754 4.146317898e-12
5755 4.144157232e-12
5756 4.141998067e-12
5757 4.139840402e-12
5758 4.137684235e-12
5759 4.135529565e-12
5760 4.133376391e-12
5761 4.131224712e-12
5762 4.129074525e-12
5763 4.126925831e-12
5764 4.124778627e-12
5765 4.122632913e-12
5766 4.120488686e-12
5767 4.118345946e-12
5768 4.116204692e-12
5769 4.114064922e-12
5770 4.111926634e-12
5771 4.109789829e-12
5772 4.107654503e-12
5773 4.105520657e-12
5774 4.103388288e-12
5775 4.101257396e-12
5776 4.099127979e-12
5777 4.097000036e-12
5778 4.094873565e-12
5779 4.092748566e-12
5780 4.090625037e-12
5781 4.088502976e-12
5782 4.086382383e-12
5783 4.084263257e-12
5784 4.082145595e-12
5785 4.080029398e-12
5786 4.077914662e-12
5787 4.075801388e-12
5788 4.073689574e-12
5789 4.071579219e-12
5790 4.069470321e-12
5791 4.067362879e-12
5792 4.065256892e-12
5793 4.063152359e-12
5794 4.061049278e-12
5795 4.058947648e-12
5796 4.056847468e-12
5797 4.054748737e-12
5798 4.052651453e-12
5799 4.050555615e-12
5800 4.048461223e-12
5801 4.046368274e-12
5802 4.044276767e-12
5803 4.042186702e-12
5804 4.040098076e-12
5805 4.038010889e-12
5806 4.03592514e-12
5807 4.033840827e-12
5808 4.031757948e-12
5809 4.029676504e-12
5810 4.027596492e-12
5811 4.025517911e-12
5812 4.023440761e-12
5813 4.021365039e-12
5814 4.019290745e-12
5815 4.017217877e-12
5816 4.015146434e-12
5817 4.013076416e-12
5818 4.01100782e-12
5819 4.008940645e-12
5820 4.006874891e-12
5821 4.004810555e-12
5822 4.002747638e-12
5823 4.000686137e-12
5824 3.998626052e-12
5825 3.99656738e-12
5826 3.994510122e-12
5827 3.992454275e-12
5828 3.990399839e-12
5829 3.988346812e-12
5830 3.986295194e-12
5831 3.984244982e-12
5832 3.982196176e-12
5833 3.980148774e-12
5834 3.978102776e-12
5835 3.97605818e-12
5836 3.974014984e-12
5837 3.971973189e-12
5838 3.969932791e-12
5839 3.967893792e-12
5840 3.965856188e-12
5841 3.963819979e-12
5842 3.961785164e-12
5843 3.959751741e-12
5844 3.95771971e-12
5845 3.955689069e-12
5846 3.953659817e-12
5847 3.951631952e-12
5848 3.949605474e-12
5849 3.947580382e-12
5850 3.945556673e-12
5851 3.943534348e-12
5852 3.941513405e-12
5853 3.939493842e-12
5854 3.937475659e-12
5855 3.935458854e-12
5856 3.933443426e-12
5857 3.931429374e-12
5858 3.929416697e-12
5859 3.927405393e-12
5860 3.925395462e-12
5861 3.923386902e-12
5862 3.921379713e-12
5863 3.919373892e-12
5864 3.917369439e-12
5865 3.915366353e-12
5866 3.913364632e-12
5867 3.911364275e-12
5868 3.909365281e-12
5869 3.907367649e-12
5870 3.905371379e-12
5871 3.903376467e-12
5872 3.901382914e-12
5873 3.899390719e-12
5874 3.89739988e-12
5875 3.895410395e-12
5876 3.893422265e-12
5877 3.891435487e-12
5878 3.889450061e-12
5879 3.887465985e-12
5880 3.885483258e-12
5881 3.88350188e-12
5882 3.881521848e-12
5883 3.879543163e-12
5884 3.877565822e-12
5885 3.875589824e-12
5886 3.873615169e-12
5887 3.871641855e-12
5888 3.869669882e-12
5889 3.867699247e-12
5890 3.86572995e-12
5891 3.86376199e-12
5892 3.861795365e-12
5893 3.859830075e-12
5894 3.857866118e-12
5895 3.855903493e-12
5896 3.853942199e-12
5897 3.851982236e-12
5898 3.850023601e-12
5899 3.848066293e-12
5900 3.846110312e-12
5901 3.844155657e-12
5902 3.842202326e-12
5903 3.840250318e-12
5904 3.838299632e-12
5905 3.836350267e-12
5906 3.834402222e-12
5907 3.832455496e-12
5908 3.830510087e-12
5909 3.828565994e-12
5910 3.826623217e-12
5911 3.824681755e-12
5912 3.822741605e-12
5913 3.820802767e-12
5914 3.818865241e-12
5915 3.816929024e-12
5916 3.814994116e-12
5917 3.813060515e-12
5918 3.811128221e-12
5919 3.809197232e-12
5920 3.807267548e-12
5921 3.805339166e-12
5922 3.803412087e-12
5923 3.801486309e-12
5924 3.79956183e-12
5925 3.797638651e-12
5926 3.795716769e-12
5927 3.793796184e-12
5928 3.791876894e-12
5929 3.789958899e-12
5930 3.788042197e-12
5931 3.786126787e-12
5932 3.784212668e-12
5933 3.782299839e-12
5934 3.7803883e-12
5935 3.778478048e-12
5936 3.776569083e-12
5937 3.774661404e-12
5938 3.772755009e-12
5939 3.770849898e-12
5940 3.76894607e-12
5941 3.767043522e-12
5942 3.765142256e-12
5943 3.763242268e-12
5944 3.761343558e-12
5945 3.759446126e-12
5946 3.75754997e-12
5947 3.755655088e-12
5948 3.753761481e-12
5949 3.751869146e-12
5950 3.749978083e-12
5951 3.74808829e-12
5952 3.746199768e-12
5953 3.744312513e-12
5954 3.742426527e-12
5955 3.740541806e-12
5956 3.738658351e-12
5957 3.73677616e-12
5958 3.734895233e-12
5959 3.733015567e-12
5960 3.731137163e-12
5961 3.729260019e-12
5962 3.727384134e-12
5963 3.725509506e-12
5964 3.723636136e-12
5965 3.721764021e-12
5966 3.719893161e-12
5967 3.718023555e-12
5968 3.716155201e-12
5969 3.7142881e-12
5970 3.712422248e-12
5971 3.710557646e-12
5972 3.708694293e-12
5973 3.706832187e-12
5974 3.704971328e-12
5975 3.703111714e-12
5976 3.701253344e-12
5977 3.699396217e-12
5978 3.697540333e-12
5979 3.69568569e-12
5980 3.693832287e-12
5981 3.691980123e-12
5982 3.690129197e-12
5983 3.688279508e-12
5984 3.686431055e-12
5985 3.684583837e-12
5986 3.682737854e-12
5987 3.680893103e-12
5988 3.679049584e-12
5989 3.677207295e-12
5990 3.675366237e-12
5991 3.673526408e-12
5992 3.671687806e-12
5993 3.669850431e-12
5994 3.668014281e-12
5995 3.666179357e-12
5996 3.664345656e-12
5997 3.662513178e-12
5998 3.660681921e-12
5999 3.658851885e-12
6000 3.657023069e-12
6001 3.655195471e-12
6002 3.653369091e-12
6003 3.651543928e-12
6004 3.64971998e-12
6005 3.647897246e-12
6006 3.646075726e-12
6007 3.644255419e-12
6008 3.642436323e-12
6009 3.640618438e-12
6010 3.638801762e-12
6011 3.636986295e-12
6012 3.635172035e-12
6013 3.633358981e-12
6014 3.631547134e-12
6015 3.62973649e-12
6016 3.62792705e-12
6017 3.626118813e-12
6018 3.624311777e-12
6019 3.622505942e-12
6020 3.620701306e-12
6021 3.618897868e-12
6022 3.617095628e-12
6023 3.615294585e-12
6024 3.613494737e-12
6025 3.611696084e-12
6026 3.609898624e-12
6027 3.608102356e-12
6028 3.606307281e-12
6029 3.604513395e-12
6030 3.6027207e-12
6031 3.600929193e-12
6032 3.599138873e-12
6033 3.59734974e-12
6034 3.595561793e-12
6035 3.593775031e-12
6036 3.591989452e-12
6037 3.590205056e-12
6038 3.588421842e-12
6039 3.586639808e-12
6040 3.584858954e-12
6041 3.583079279e-12
6042 3.581300782e-12
6043 3.579523461e-12
6044 3.577747317e-12
6045 3.575972347e-12
6046 3.574198551e-12
6047 3.572425928e-12
6048 3.570654477e-12
6049 3.568884198e-12
6050 3.567115088e-12
6051 3.565347147e-12
6052 3.563580374e-12
6053 3.561814769e-12
6054 3.56005033e-12
6055 3.558287056e-12
6056 3.556524946e-12
6057 3.554764e-12
6058 3.553004215e-12
6059 3.551245593e-12
6060 3.54948813e-12
6061 3.547731827e-12
6062 3.545976683e-12
6063 3.544222696e-12
6064 3.542469866e-12
6065 3.540718192e-12
6066 3.538967672e-12
6067 3.537218306e-12
6068 3.535470092e-12
6069 3.533723031e-12
6070 3.53197712e-12
6071 3.53023236e-12
6072 3.528488748e-12
6073 3.526746285e-12
6074 3.525004968e-12
6075 3.523264798e-12
6076 3.521525773e-12
6077 3.519787892e-12
6078 3.518051155e-12
6079 3.51631556e-12
6080 3.514581106e-12
6081 3.512847793e-12
6082 3.51111562e-12
6083 3.509384585e-12
6084 3.507654688e-12
6085 3.505925928e-12
6086 3.504198303e-12
6087 3.502471814e-12
6088 3.500746458e-12
6089 3.499022236e-12
6090 3.497299145e-12
6091 3.495577186e-12
6092 3.493856357e-12
6093 3.492136658e-12
6094 3.490418086e-12
6095 3.488700643e-12
6096 3.486984326e-12
6097 3.485269134e-12
6098 3.483555067e-12
6099 3.481842124e-12
6100 3.480130304e-12
6101 3.478419606e-12
6102 3.476710029e-12
6103 3.475001572e-12
6104 3.473294234e-12
6105 3.471588015e-12
6106 3.469882913e-12
6107 3.468178927e-12
6108 3.466476057e-12
6109 3.464774301e-12
6110 3.463073659e-12
6111 3.46137413e-12
6112 3.459675713e-12
6113 3.457978407e-12
6114 3.456282211e-12
6115 3.454587124e-12
6116 3.452893146e-12
6117 3.451200274e-12
6118 3.44950851e-12
6119 3.44781785e-12
6120 3.446128296e-12
6121 3.444439845e-12
6122 3.442752497e-12
6123 3.441066251e-12
6124 3.439381106e-12
6125 3.437697061e-12
6126 3.436014115e-12
6127 3.434332268e-12
6128 3.432651518e-12
6129 3.430971865e-12
6130 3.429293307e-12
6131 3.427615844e-12
6132 3.425939475e-12
6133 3.424264199e-12
6134 3.422590015e-12
6135 3.420916923e-12
6136 3.41924492e-12
6137 3.417574007e-12
6138 3.415904183e-12
6139 3.414235446e-12
6140 3.412567796e-12
6141 3.410901232e-12
6142 3.409235753e-12
6143 3.407571358e-12
6144 3.405908046e-12
6145 3.404245817e-12
6146 3.402584669e-12
6147 3.400924602e-12
6148 3.399265614e-12
6149 3.397607705e-12
6150 3.395950875e-12
6151 3.394295121e-12
6152 3.392640443e-12
6153 3.390986841e-12
6154 3.389334314e-12
6155 3.38768286e-12
6156 3.386032478e-12
6157 3.384383169e-12
6158 3.38273493e-12
6159 3.381087762e-12
6160 3.379441663e-12
6161 3.377796632e-12
6162 3.376152668e-12
6163 3.374509772e-12
6164 3.372867941e-12
6165 3.371227175e-12
6166 3.369587473e-12
6167 3.367948834e-12
6168 3.366311258e-12
6169 3.364674743e-12
6170 3.363039289e-12
6171 3.361404894e-12
6172 3.359771559e-12
6173 3.358139281e-12
6174 3.35650806e-12
6175 3.354877896e-12
6176 3.353248788e-12
6177 3.351620733e-12
6178 3.349993733e-12
6179 3.348367786e-12
6180 3.34674289e-12
6181 3.345119046e-12
6182 3.343496252e-12
6183 3.341874508e-12
6184 3.340253812e-12
6185 3.338634165e-12
6186 3.337015564e-12
6187 3.335398009e-12
6188 3.333781499e-12
6189 3.332166034e-12
6190 3.330551613e-12
6191 3.328938234e-12
6192 3.327325897e-12
6193 3.325714601e-12
6194 3.324104346e-12
6195 3.32249513e-12
6196 3.320886952e-12
6197 3.319279812e-12
6198 3.317673709e-12
6199 3.316068642e-12
6200 3.31446461e-12
6201 3.312861612e-12
6202 3.311259648e-12
6203 3.309658717e-12
6204 3.308058818e-12
6205 3.306459949e-12
6206 3.304862111e-12
6207 3.303265302e-12
6208 3.301669522e-12
6209 3.300074769e-12
6210 3.298481043e-12
6211 3.296888344e-12
6212 3.295296669e-12
6213 3.293706019e-12
6214 3.292116393e-12
6215 3.290527789e-12
6216 3.288940207e-12
6217 3.287353647e-12
6218 3.285768107e-12
6219 3.284183586e-12
6220 3.282600084e-12
6221 3.281017599e-12
6222 3.279436132e-12
6223 3.277855681e-12
6224 3.276276245e-12
6225 3.274697824e-12
6226 3.273120416e-12
6227 3.271544022e-12
6228 3.26996864e-12
6229 3.268394269e-12
6230 3.266820908e-12
6231 3.265248557e-12
6232 3.263677215e-12
6233 3.262106882e-12
6234 3.260537555e-12
6235 3.258969235e-12
6236 3.25740192e-12
6237 3.255835611e-12
6238 3.254270305e-12
6239 3.252706003e-12
6240 3.251142703e-12
6241 3.249580405e-12
6242 3.248019107e-12
6243 3.24645881e-12
6244 3.244899512e-12
6245 3.243341212e-12
6246 3.24178391e-12
6247 3.240227605e-12
6248 3.238672296e-12
6249 3.237117982e-12
6250 3.235564662e-12
6251 3.234012336e-12
6252 3.232461003e-12
6253 3.230910662e-12
6254 3.229361312e-12
6255 3.227812953e-12
6256 3.226265584e-12
6257 3.224719203e-12
6258 3.22317381e-12
6259 3.221629405e-12
6260 3.220085986e-12
6261 3.218543553e-12
6262 3.217002105e-12
6263 3.215461642e-12
6264 3.213922161e-12
6265 3.212383663e-12
6266 3.210846147e-12
6267 3.209309612e-12
6268 3.207774057e-12
6269 3.206239482e-12
6270 3.204705885e-12
6271 3.203173266e-12
6272 3.201641625e-12
6273 3.20011096e-12
6274 3.19858127e-12
6275 3.197052555e-12
6276 3.195524814e-12
6277 3.193998046e-12
6278 3.192472251e-12
6279 3.190947428e-12
6280 3.189423575e-12
6281 3.187900692e-12
6282 3.186378779e-12
6283 3.184857835e-12
6284 3.183337858e-12
6285 3.181818849e-12
6286 3.180300805e-12
6287 3.178783727e-12
6288 3.177267614e-12
6289 3.175752465e-12
6290 3.17423828e-12
6291 3.172725056e-12
6292 3.171212794e-12
6293 3.169701494e-12
6294 3.168191153e-12
6295 3.166681772e-12
6296 3.165173349e-12
6297 3.163665885e-12
6298 3.162159377e-12
6299 3.160653826e-12
6300 3.15914923e-12
6301 3.15764559e-12
6302 3.156142903e-12
6303 3.15464117e-12
6304 3.153140389e-12
6305 3.15164056e-12
6306 3.150141682e-12
6307 3.148643755e-12
6308 3.147146777e-12
6309 3.145650748e-12
6310 3.144155666e-12
6311 3.142661533e-12
6312 3.141168345e-12
6313 3.139676104e-12
6314 3.138184807e-12
6315 3.136694455e-12
6316 3.135205047e-12
6317 3.133716581e-12
6318 3.132229057e-12
6319 3.130742475e-12
6320 3.129256833e-12
6321 3.127772131e-12
6322 3.126288368e-12
6323 3.124805544e-12
6324 3.123323657e-12
6325 3.121842707e-12
6326 3.120362693e-12
6327 3.118883615e-12
6328 3.117405471e-12
6329 3.115928261e-12
6330 3.114451984e-12
6331 3.11297664e-12
6332 3.111502227e-12
6333 3.110028745e-12
6334 3.108556194e-12
6335 3.107084572e-12
6336 3.105613879e-12
6337 3.104144113e-12
6338 3.102675276e-12
6339 3.101207364e-12
6340 3.099740379e-12
6341 3.098274318e-12
6342 3.096809182e-12
6343 3.09534497e-12
6344 3.093881681e-12
6345 3.092419313e-12
6346 3.090957868e-12
6347 3.089497343e-12
6348 3.088037738e-12
6349 3.086579052e-12
6350 3.085121285e-12
6351 3.083664435e-12
6352 3.082208503e-12
6353 3.080753487e-12
6354 3.079299387e-12
6355 3.077846202e-12
6356 3.076393931e-12
6357 3.074942574e-12
6358 3.073492129e-12
6359 3.072042597e-12
6360 3.070593976e-12
6361 3.069146265e-12
6362 3.067699465e-12
6363 3.066253573e-12
6364 3.06480859e-12
6365 3.063364515e-12
6366 3.061921347e-12
6367 3.060479086e-12
6368 3.05903773e-12
6369 3.057597279e-12
6370 3.056157732e-12
6371 3.054719089e-12
6372 3.053281349e-12
6373 3.051844511e-12
6374 3.050408574e-12
6375 3.048973538e-12
6376 3.047539401e-12
6377 3.046106164e-12
6378 3.044673826e-12
6379 3.043242386e-12
6380 3.041811843e-12
6381 3.040382196e-12
6382 3.038953445e-12
6383 3.037525589e-12
6384 3.036098627e-12
6385 3.034672559e-12
6386 3.033247384e-12
6387 3.031823102e-12
6388 3.030399711e-12
6389 3.02897721e-12
6390 3.0275556e-12
6391 3.02613488e-12
6392 3.024715048e-12
6393 3.023296104e-12
6394 3.021878048e-12
6395 3.020460878e-12
6396 3.019044595e-12
6397 3.017629196e-12
6398 3.016214683e-12
6399 3.014801053e-12
6400 3.013388307e-12
6401 3.011976443e-12
6402 3.010565461e-12
6403 3.00915536e-12
6404 3.007746139e-12
6405 3.006337799e-12
6406 3.004930337e-12
6407 3.003523754e-12
6408 3.002118049e-12
6409 3.00071322e-12
6410 2.999309269e-12
6411 2.997906192e-12
6412 2.996503991e-12
6413 2.995102664e-12
6414 2.993702211e-12
6415 2.992302631e-12
6416 2.990903923e-12
6417 2.989506087e-12
6418 2.988109121e-12
6419 2.986713026e-12
6420 2.9853178e-12
6421 2.983923444e-12
6422 2.982529955e-12
6423 2.981137334e-12
6424 2.97974558e-12
6425 2.978354692e-12
6426 2.97696467e-12
6427 2.975575512e-12
6428 2.974187219e-12
6429 2.972799789e-12
6430 2.971413222e-12
6431 2.970027517e-12
6432 2.968642674e-12
6433 2.967258691e-12
6434 2.965875569e-12
6435 2.964493306e-12
6436 2.963111901e-12
6437 2.961731355e-12
6438 2.960351667e-12
6439 2.958972835e-12
6440 2.95759486e-12
6441 2.95621774e-12
6442 2.954841475e-12
6443 2.953466063e-12
6444 2.952091506e-12
6445 2.950717801e-12
6446 2.949344949e-12
6447 2.947972948e-12
6448 2.946601797e-12
6449 2.945231497e-12
6450 2.943862047e-12
6451 2.942493445e-12
6452 2.941125692e-12
6453 2.939758786e-12
6454 2.938392727e-12
6455 2.937027515e-12
6456 2.935663148e-12
6457 2.934299625e-12
6458 2.932936948e-12
6459 2.931575113e-12
6460 2.930214122e-12
6461 2.928853973e-12
6462 2.927494666e-12
6463 2.9261362e-12
6464 2.924778574e-12
6465 2.923421788e-12
6466 2.922065841e-12
6467 2.920710733e-12
6468 2.919356462e-12
6469 2.918003028e-12
6470 2.916650431e-12
6471 2.91529867e-12
6472 2.913947743e-12
6473 2.912597652e-12
6474 2.911248394e-12
6475 2.90989997e-12
6476 2.908552378e-12
6477 2.907205618e-12
6478 2.90585969e-12
6479 2.904514592e-12
6480 2.903170324e-12
6481 2.901826886e-12
6482 2.900484276e-12
6483 2.899142495e-12
6484 2.897801541e-12
6485 2.896461414e-12
6486 2.895122113e-12
6487 2.893783637e-12
6488 2.892445987e-12
6489 2.891109161e-12
6490 2.889773159e-12
6491 2.888437979e-12
6492 2.887103622e-12
6493 2.885770087e-12
6494 2.884437373e-12
6495 2.88310548e-12
6496 2.881774406e-12
6497 2.880444152e-12
6498 2.879114716e-12
6499 2.877786098e-12
6500 2.876458298e-12
6501 2.875131314e-12
6502 2.873805147e-12
6503 2.872479795e-12
6504 2.871155257e-12
6505 2.869831534e-12
6506 2.868508625e-12
6507 2.867186528e-12
6508 2.865865244e-12
6509 2.864544772e-12
6510 2.863225111e-12
6511 2.86190626e-12
6512 2.860588219e-12
6513 2.859270987e-12
6514 2.857954564e-12
6515 2.856638949e-12
6516 2.855324141e-12
6517 2.85401014e-12
6518 2.852696946e-12
6519 2.851384556e-12
6520 2.850072972e-12
6521 2.848762192e-12
6522 2.847452215e-12
6523 2.846143042e-12
6524 2.844834671e-12
6525 2.843527102e-12
6526 2.842220334e-12
6527 2.840914366e-12
6528 2.839609199e-12
6529 2.838304831e-12
6530 2.837001262e-12
6531 2.835698491e-12
6532 2.834396517e-12
6533 2.83309534e-12
6534 2.83179496e-12
6535 2.830495376e-12
6536 2.829196586e-12
6537 2.827898591e-12
6538 2.82660139e-12
6539 2.825304982e-12
6540 2.824009367e-12
6541 2.822714543e-12
6542 2.821420512e-12
6543 2.820127271e-12
6544 2.81883482e-12
6545 2.817543159e-12
6546 2.816252287e-12
6547 2.814962204e-12
6548 2.813672908e-12
6549 2.8123844e-12
6550 2.811096678e-12
6551 2.809809742e-12
6552 2.808523592e-12
6553 2.807238227e-12
6554 2.805953645e-12
6555 2.804669848e-12
6556 2.803386833e-12
6557 2.802104601e-12
6558 2.800823151e-12
6559 2.799542482e-12
6560 2.798262594e-12
6561 2.796983485e-12
6562 2.795705156e-12
6563 2.794427606e-12
6564 2.793150835e-12
6565 2.791874841e-12
6566 2.790599624e-12
6567 2.789325184e-12
6568 2.788051519e-12
6569 2.78677863e-12
6570 2.785506516e-12
6571 2.784235175e-12
6572 2.782964609e-12
6573 2.781694815e-12
6574 2.780425794e-12
6575 2.779157544e-12
6576 2.777890066e-12
6577 2.776623358e-12
6578 2.77535742e-12
6579 2.774092252e-12
6580 2.772827853e-12
6581 2.771564222e-12
6582 2.770301358e-12
6583 2.769039262e-12
6584 2.767777932e-12
6585 2.766517369e-12
6586 2.76525757e-12
6587 2.763998536e-12
6588 2.762740267e-12
6589 2.761482761e-12
6590 2.760226019e-12
6591 2.758970038e-12
6592 2.75771482e-12
6593 2.756460363e-12
6594 2.755206666e-12
6595 2.75395373e-12
6596 2.752701554e-12
6597 2.751450136e-12
6598 2.750199477e-12
6599 2.748949576e-12
6600 2.747700432e-12
6601 2.746452045e-12
6602 2.745204413e-12
6603 2.743957538e-12
6604 2.742711417e-12
6605 2.741466051e-12
6606 2.740221439e-12
6607 2.73897758e-12
6608 2.737734474e-12
6609 2.736492119e-12
6610 2.735250517e-12
6611 2.734009665e-12
6612 2.732769564e-12
6613 2.731530213e-12
6614 2.730291611e-12
6615 2.729053758e-12
6616 2.727816653e-12
6617 2.726580295e-12
6618 2.725344685e-12
6619 2.724109821e-12
6620 2.722875703e-12
6621 2.72164233e-12
6622 2.720409702e-12
6623 2.719177819e-12
6624 2.717946679e-12
6625 2.716716282e-12
6626 2.715486628e-12
6627 2.714257715e-12
6628 2.713029544e-12
6629 2.711802114e-12
6630 2.710575425e-12
6631 2.709349475e-12
6632 2.708124264e-12
6633 2.706899792e-12
6634 2.705676058e-12
6635 2.704453061e-12
6636 2.703230802e-12
6637 2.702009278e-12
6638 2.700788491e-12
6639 2.699568439e-12
6640 2.698349122e-12
6641 2.697130539e-12
6642 2.695912689e-12
6643 2.694695573e-12
6644 2.693479189e-12
6645 2.692263538e-12
6646 2.691048617e-12
6647 2.689834428e-12
6648 2.688620969e-12
6649 2.687408239e-12
6650 2.686196239e-12
6651 2.684984968e-12
6652 2.683774425e-12
6653 2.682564609e-12
6654 2.68135552e-12
6655 2.680147158e-12
6656 2.678939522e-12
6657 2.677732611e-12
6658 2.676526426e-12
6659 2.675320964e-12
6660 2.674116226e-12
6661 2.672912212e-12
6662 2.67170892e-12
6663 2.67050635e-12
6664 2.669304502e-12
6665 2.668103375e-12
6666 2.666902969e-12
6667 2.665703283e-12
6668 2.664504316e-12
6669 2.663306068e-12
6670 2.662108538e-12
6671 2.660911726e-12
6672 2.659715631e-12
6673 2.658520254e-12
6674 2.657325592e-12
6675 2.656131646e-12
6676 2.654938415e-12
6677 2.653745899e-12
6678 2.652554097e-12
6679 2.651363009e-12
6680 2.650172633e-12
6681 2.64898297e-12
6682 2.647794019e-12
6683 2.64660578e-12
6684 2.645418251e-12
6685 2.644231433e-12
6686 2.643045324e-12
6687 2.641859925e-12
6688 2.640675234e-12
6689 2.639491252e-12
6690 2.638307977e-12
6691 2.63712541e-12
6692 2.635943549e-12
6693 2.634762394e-12
6694 2.633581945e-12
6695 2.632402201e-12
6696 2.631223162e-12
6697 2.630044826e-12
6698 2.628867194e-12
6699 2.627690265e-12
6700 2.626514039e-12
6701 2.625338514e-12
6702 2.624163691e-12
6703 2.622989568e-12
6704 2.621816146e-12
6705 2.620643424e-12
6706 2.619471401e-12
6707 2.618300077e-12
6708 2.617129451e-12
6709 2.615959522e-12
6710 2.614790291e-12
6711 2.613621757e-12
6712 2.612453919e-12
6713 2.611286777e-12
6714 2.610120329e-12
6715 2.608954577e-12
6716 2.607789518e-12
6717 2.606625153e-12
6718 2.605461481e-12
6719 2.604298502e-12
6720 2.603136214e-12
6721 2.601974619e-12
6722 2.600813714e-12
6723 2.599653499e-12
6724 2.598493975e-12
6725 2.59733514e-12
6726 2.596176995e-12
6727 2.595019537e-12
6728 2.593862768e-12
6729 2.592706686e-12
6730 2.591551291e-12
6731 2.590396582e-12
6732 2.589242559e-12
6733 2.588089222e-12
6734 2.586936569e-12
6735 2.585784601e-12
6736 2.584633317e-12
6737 2.583482716e-12
6738 2.582332797e-12
6739 2.581183562e-12
6740 2.580035008e-12
6741 2.578887135e-12
6742 2.577739943e-12
6743 2.576593432e-12
6744 2.5754476e-12
6745 2.574302448e-12
6746 2.573157975e-12
6747 2.572014179e-12
6748 2.570871062e-12
6749 2.569728622e-12
6750 2.568586859e-12
6751 2.567445772e-12
6752 2.56630536e-12
6753 2.565165624e-12
6754 2.564026563e-12
6755 2.562888177e-12
6756 2.561750464e-12
6757 2.560613424e-12
6758 2.559477057e-12
6759 2.558341362e-12
6760 2.55720634e-12
6761 2.556071988e-12
6762 2.554938308e-12
6763 2.553805297e-12
6764 2.552672957e-12
6765 2.551541286e-12
6766 2.550410283e-12
6767 2.549279949e-12
6768 2.548150283e-12
6769 2.547021284e-12
6770 2.545892952e-12
6771 2.544765287e-12
6772 2.543638287e-12
6773 2.542511953e-12
6774 2.541386284e-12
6775 2.540261279e-12
6776 2.539136937e-12
6777 2.53801326e-12
6778 2.536890245e-12
6779 2.535767893e-12
6780 2.534646203e-12
6781 2.533525174e-12
6782 2.532404806e-12
6783 2.531285099e-12
6784 2.530166051e-12
6785 2.529047663e-12
6786 2.527929935e-12
6787 2.526812864e-12
6788 2.525696452e-12
6789 2.524580698e-12
6790 2.5234656e-12
6791 2.522351159e-12
6792 2.521237375e-12
6793 2.520124246e-12
6794 2.519011772e-12
6795 2.517899953e-12
6796 2.516788788e-12
6797 2.515678276e-12
6798 2.514568418e-12
6799 2.513459213e-12
6800 2.51235066e-12
6801 2.511242759e-12
6802 2.510135509e-12
6803 2.50902891e-12
6804 2.507922961e-12
6805 2.506817662e-12
6806 2.505713013e-12
6807 2.504609013e-12
6808 2.503505661e-12
6809 2.502402957e-12
6810 2.5013009e-12
6811 2.500199491e-12
6812 2.499098728e-12
6813 2.497998611e-12
6814 2.49689914e-12
6815 2.495800314e-12
6816 2.494702132e-12
6817 2.493604595e-12
6818 2.492507702e-12
6819 2.491411451e-12
6820 2.490315844e-12
6821 2.489220879e-12
6822 2.488126555e-12
6823 2.487032873e-12
6824 2.485939832e-12
6825 2.484847432e-12
6826 2.483755671e-12
6827 2.48266455e-12
6828 2.481574067e-12
6829 2.480484224e-12
6830 2.479395018e-12
6831 2.47830645e-12
6832 2.477218519e-12
6833 2.476131225e-12
6834 2.475044567e-12
6835 2.473958545e-12
6836 2.472873158e-12
6837 2.471788406e-12
6838 2.470704288e-12
6839 2.469620805e-12
6840 2.468537954e-12
6841 2.467455737e-12
6842 2.466374152e-12
6843 2.465293199e-12
6844 2.464212878e-12
6845 2.463133188e-12
6846 2.462054128e-12
6847 2.460975699e-12
6848 2.459897899e-12
6849 2.458820729e-12
6850 2.457744188e-12
6851 2.456668274e-12
6852 2.455592989e-12
6853 2.454518331e-12
6854 2.453444301e-12
6855 2.452370896e-12
6856 2.451298118e-12
6857 2.450225966e-12
6858 2.449154438e-12
6859 2.448083536e-12
6860 2.447013257e-12
6861 2.445943603e-12
6862 2.444874571e-12
6863 2.443806163e-12
6864 2.442738377e-12
6865 2.441671213e-12
6866 2.440604671e-12
6867 2.439538749e-12
6868 2.438473449e-12
6869 2.437408768e-12
6870 2.436344707e-12
6871 2.435281266e-12
6872 2.434218443e-12
6873 2.433156238e-12
6874 2.432094652e-12
6875 2.431033683e-12
6876 2.429973331e-12
6877 2.428913595e-12
6878 2.427854476e-12
6879 2.426795973e-12
6880 2.425738084e-12
6881 2.424680811e-12
6882 2.423624151e-12
6883 2.422568106e-12
6884 2.421512674e-12
6885 2.420457855e-12
6886 2.419403649e-12
6887 2.418350055e-12
6888 2.417297072e-12
6889 2.416244701e-12
6890 2.41519294e-12
6891 2.41414179e-12
6892 2.413091249e-12
6893 2.412041318e-12
6894 2.410991997e-12
6895 2.409943283e-12
6896 2.408895178e-12
6897 2.40784768e-12
6898 2.40680079e-12
6899 2.405754507e-12
6900 2.40470883e-12
6901 2.403663758e-12
6902 2.402619293e-12
6903 2.401575432e-12
6904 2.400532176e-12
6905 2.399489524e-12
6906 2.398447476e-12
6907 2.397406031e-12
6908 2.396365189e-12
6909 2.39532495e-12
6910 2.394285312e-12
6911 2.393246276e-12
6912 2.392207841e-12
6913 2.391170007e-12
6914 2.390132773e-12
6915 2.389096139e-12
6916 2.388060104e-12
6917 2.387024668e-12
6918 2.385989831e-12
6919 2.384955592e-12
6920 2.383921951e-12
6921 2.382888906e-12
6922 2.381856459e-12
6923 2.380824608e-12
6924 2.379793352e-12
6925 2.378762693e-12
6926 2.377732628e-12
6927 2.376703158e-12
6928 2.375674282e-12
6929 2.374646e-12
6930 2.373618311e-12
6931 2.372591216e-12
6932 2.371564712e-12
6933 2.370538801e-12
6934 2.369513482e-12
6935 2.368488753e-12
6936 2.367464616e-12
6937 2.366441069e-12
6938 2.365418111e-12
6939 2.364395744e-12
6940 2.363373965e-12
6941 2.362352775e-12
6942 2.361332173e-12
6943 2.36031216e-12
6944 2.359292733e-12
6945 2.358273894e-12
6946 2.357255641e-12
6947 2.356237974e-12
6948 2.355220893e-12
6949 2.354204397e-12
6950 2.353188486e-12
6951 2.352173159e-12
6952 2.351158417e-12
6953 2.350144258e-12
6954 2.349130682e-12
6955 2.348117689e-12
6956 2.347105279e-12
6957 2.34609345e-12
6958 2.345082203e-12
6959 2.344071537e-12
6960 2.343061451e-12
6961 2.342051946e-12
6962 2.341043021e-12
6963 2.340034675e-12
6964 2.339026908e-12
6965 2.33801972e-12
6966 2.33701311e-12
6967 2.336007077e-12
6968 2.335001623e-12
6969 2.333996744e-12
6970 2.332992443e-12
6971 2.331988718e-12
6972 2.330985568e-12
6973 2.329982993e-12
6974 2.328980994e-12
6975 2.327979569e-12
6976 2.326978718e-12
6977-6978 4.651956881e-12
6979-6980 4.64795921e-12
6981-6982 4.643966118e-12
6983-6984 4.639977598e-12
6985-6986 4.635993645e-12
6987-6988 4.632014252e-12
6989-6990 4.628039412e-12
6991-6992 4.624069118e-12
6993-6994 4.620103364e-12
6995-6996 4.616142144e-12
6997-6998 4.612185451e-12
6999-7000 4.608233278e-12
7001-7002 4.60428562e-12
7003-7004 4.60034247e-12
7005-7006 4.596403821e-12
7007-7008 4.592469666e-12
7009-7010 4.58854e-12
7011-7012 4.584614817e-12
7013-7014 4.580694109e-12
7015-7016 4.57677787e-12
7017-7018 4.572866094e-12
7019-7020 4.568958775e-12
7021-7022 4.565055906e-12
7023-7024 4.561157481e-12
7025-7026 4.557263494e-12
7027-7028 4.553373938e-12
7029-7030 4.549488807e-12
7031-7032 4.545608094e-12
7033-7034 4.541731794e-12
7035-7036 4.5378599e-12
7037-7038 4.533992406e-12
7039-7040 4.530129306e-12
7041-7042 4.526270593e-12
7043-7044 4.522416261e-12
7045-7046 4.518566304e-12
7047-7048 4.514720716e-12
7049-7050 4.51087949e-12
7051-7052 4.507042621e-12
7053-7054 4.503210102e-12
7055-7056 4.499381927e-12
7057-7058 4.49555809e-12
7059-7060 4.491738585e-12
7061-7062 4.487923405e-12
7063-7064 4.484112544e-12
7065-7066 4.480305998e-12
7067-7068 4.476503758e-12
7069-7070 4.472705819e-12
7071-7072 4.468912176e-12
7073-7074 4.465122822e-12
7075-7076 4.46133775e-12
7077-7078 4.457556956e-12
7079-7080 4.453780432e-12
7081-7082 4.450008173e-12
7083-7084 4.446240173e-12
7085-7086 4.442476426e-12
7087-7088 4.438716926e-12
7089-7090 4.434961666e-12
7091-7092 4.431210642e-12
7093-7094 4.427463846e-12
7095-7096 4.423721273e-12
7097-7098 4.419982917e-12
7099-7100 4.416248773e-12
7101-7102 4.412518833e-12
7103-7104 4.408793093e-12
7105-7106 4.405071545e-12
7107-7108 4.401354186e-12
7109-7110 4.397641007e-12
7111-7112 4.393932005e-12
7113-7114 4.390227172e-12
7115-7116 4.386526503e-12
7117-7118 4.382829992e-12
7119-7120 4.379137633e-12
7121-7122 4.375449421e-12
7123-7124 4.371765349e-12
7125-7126 4.368085412e-12
7127-7128 4.364409604e-12
7129-7130 4.36073792e-12
7131-7132 4.357070352e-12
7133-7134 4.353406896e-12
7135-7136 4.349747546e-12
7137-7138 4.346092296e-12
7139-7140 4.342441141e-12
7141-7142 4.338794074e-12
7143-7144 4.33515109e-12
7145-7146 4.331512184e-12
7147-7148 4.327877348e-12
7149-7150 4.324246579e-12
7151-7152 4.32061987e-12
7153-7154 4.316997215e-12
7155-7156 4.313378609e-12
7157-7158 4.309764046e-12
7159-7160 4.306153521e-12
7161-7162 4.302547027e-12
7163-7164 4.29894456e-12
7165-7166 4.295346113e-12
7167-7168 4.291751681e-12
7169-7170 4.288161259e-12
7171-7172 4.28457484e-12
7173-7174 4.28099242e-12
7175-7176 4.277413993e-12
7177-7178 4.273839552e-12
7179-7180 4.270269093e-12
7181-7182 4.26670261e-12
7183-7184 4.263140098e-12
7185-7186 4.25958155e-12
7187-7188 4.256026962e-12
7189-7190 4.252476328e-12
7191-7192 4.248929643e-12
7193-7194 4.2453869e-12
7195-7196 4.241848095e-12
7197-7198 4.238313221e-12
7199-7200 4.234782275e-12
7201-7202 4.231255249e-12
7203-7204 4.227732139e-12
7205-7206 4.224212939e-12
7207-7208 4.220697645e-12
7209-7210 4.217186249e-12
7211-7212 4.213678747e-12
7213-7214 4.210175135e-12
7215-7216 4.206675405e-12
7217-7218 4.203179553e-12
7219-7220 4.199687573e-12
7221-7222 4.196199461e-12
7223-7224 4.19271521e-12
7225-7226 4.189234816e-12
7227-7228 4.185758273e-12
7229-7230 4.182285575e-12
7231-7232 4.178816718e-12
7233-7234 4.175351696e-12
7235-7236 4.171890504e-12
7237-7238 4.168433136e-12
7239-7240 4.164979588e-12
7241-7242 4.161529853e-12
7243-7244 4.158083928e-12
7245-7246 4.154641805e-12
7247-7248 4.151203481e-12
7249-7250 4.14776895e-12
7251-7252 4.144338207e-12
7253-7254 4.140911246e-12
7255-7256 4.137488062e-12
7257-7258 4.134068651e-12
7259-7260 4.130653006e-12
7261-7262 4.127241124e-12
7263-7264 4.123832997e-12
7265-7266 4.120428622e-12
7267-7268 4.117027994e-12
7269-7270 4.113631106e-12
7271-7272 4.110237954e-12
7273-7274 4.106848534e-12
7275-7276 4.103462838e-12
7277-7278 4.100080864e-12
7279-7280 4.096702604e-12
7281-7282 4.093328055e-12
7283-7284 4.089957212e-12
7285-7286 4.086590068e-12
7287-7288 4.08322662e-12
7289-7290 4.079866861e-12
7291-7292 4.076510788e-12
7293-7294 4.073158394e-12
7295-7296 4.069809676e-12
7297-7298 4.066464627e-12
7299-7300 4.063123243e-12
7301-7302 4.059785518e-12
7303-7304 4.056451449e-12
7305-7306 4.053121029e-12
7307-7308 4.049794254e-12
7309-7310 4.046471119e-12
7311-7312 4.043151619e-12
7313-7314 4.039835748e-12
7315-7316 4.036523503e-12
7317-7318 4.033214877e-12
7319-7320 4.029909866e-12
7321-7322 4.026608466e-12
7323-7324 4.02331067e-12
7325-7326 4.020016475e-12
7327-7328 4.016725875e-12
7329-7330 4.013438865e-12
7331-7332 4.010155441e-12
7333-7334 4.006875598e-12
7335-7336 4.00359933e-12
7337-7338 4.000326633e-12
7339-7340 3.997057503e-12
7341-7342 3.993791933e-12
7343-7344 3.990529919e-12
7345-7346 3.987271457e-12
7347-7348 3.984016542e-12
7349-7350 3.980765169e-12
7351-7352 3.977517332e-12
7353-7354 3.974273028e-12
7355-7356 3.971032251e-12
7357-7358 3.967794996e-12
7359-7360 3.96456126e-12
7361-7362 3.961331036e-12
7363-7364 3.958104321e-12
7365-7366 3.954881109e-12
7367-7368 3.951661396e-12
7369-7370 3.948445177e-12
7371-7372 3.945232447e-12
7373-7374 3.942023202e-12
7375-7376 3.938817436e-12
7377-7378 3.935615146e-12
7379-7380 3.932416326e-12
7381-7382 3.929220971e-12
7383-7384 3.926029078e-12
7385-7386 3.922840641e-12
7387-7388 3.919655655e-12
7389-7390 3.916474117e-12
7391-7392 3.913296021e-12
7393-7394 3.910121362e-12
7395-7396 3.906950136e-12
7397-7398 3.903782339e-12
7399-7400 3.900617966e-12
7401-7402 3.897457011e-12
7403-7404 3.894299471e-12
7405-7406 3.891145341e-12
7407-7408 3.887994616e-12
7409-7410 3.884847292e-12
7411-7412 3.881703364e-12
7413-7414 3.878562828e-12
7415-7416 3.875425678e-12
7417-7418 3.872291911e-12
7419-7420 3.869161521e-12
7421-7422 3.866034505e-12
7423-7424 3.862910858e-12
7425-7426 3.859790574e-12
7427-7428 3.856673651e-12
7429-7430 3.853560082e-12
7431-7432 3.850449864e-12
7433-7434 3.847342993e-12
7435-7436 3.844239463e-12
7437-7438 3.84113927e-12
7439-7440 3.838042409e-12
7441-7442 3.834948877e-12
7443-7444 3.831858669e-12
7445-7446 3.82877178e-12
7447-7448 3.825688205e-12
7449-7450 3.822607941e-12
7451-7452 3.819530983e-12
7453-7454 3.816457326e-12
7455-7456 3.813386966e-12
7457-7458 3.810319899e-12
7459-7460 3.80725612e-12
7461-7462 3.804195625e-12
7463-7464 3.801138409e-12
7465-7466 3.798084469e-12
7467-7468 3.795033799e-12
7469-7470 3.791986395e-12
7471-7472 3.788942253e-12
7473-7474 3.785901368e-12
7475-7476 3.782863737e-12
7477-7478 3.779829354e-12
7479-7480 3.776798216e-12
7481-7482 3.773770318e-12
7483-7484 3.770745656e-12
7485-7486 3.767724226e-12
7487-7488 3.764706022e-12
7489-7490 3.761691041e-12
7491-7492 3.758679279e-12
7493-7494 3.755670731e-12
7495-7496 3.752665394e-12
7497-7498 3.749663261e-12
7499-7500 3.746664331e-12
7501-7502 3.743668597e-12
7503-7504 3.740676056e-12
7505-7506 3.737686704e-12
7507-7508 3.734700537e-12
7509-7510 3.731717549e-12
7511-7512 3.728737737e-12
7513-7514 3.725761098e-12
7515-7516 3.722787625e-12
7517-7518 3.719817316e-12
7519-7520 3.716850166e-12
7521-7522 3.713886171e-12
7523-7524 3.710925326e-12
7525-7526 3.707967628e-12
7527-7528 3.705013072e-12
7529-7530 3.702061655e-12
7531-7532 3.699113371e-12
7533-7534 3.696168217e-12
7535-7536 3.693226189e-12
7537-7538 3.690287283e-12
7539-7540 3.687351493e-12
7541-7542 3.684418817e-12
7543-7544 3.68148925e-12
7545-7546 3.678562789e-12
7547-7548 3.675639427e-12
7549-7550 3.672719163e-12
7551-7552 3.669801992e-12
7553-7554 3.666887909e-12
7555-7556 3.66397691e-12
7557-7558 3.661068992e-12
7559-7560 3.658164151e-12
7561-7562 3.655262381e-12
7563-7564 3.65236368e-12
7565-7566 3.649468043e-12
7567-7568 3.646575466e-12
7569-7570 3.643685945e-12
7571-7572 3.640799476e-12
7573-7574 3.637916056e-12
7575-7576 3.635035679e-12
7577-7578 3.632158342e-12
7579-7580 3.629284041e-12
7581-7582 3.626412772e-12
7583-7584 3.623544531e-12
7585-7586 3.620679314e-12
7587-7588 3.617817117e-12
7589-7590 3.614957936e-12
7591-7592 3.612101768e-12
7593-7594 3.609248607e-12
7595-7596 3.60639845e-12
7597-7598 3.603551293e-12
7599-7600 3.600707133e-12
7601-7602 3.597865965e-12
7603-7604 3.595027785e-12
7605-7606 3.59219259e-12
7607-7608 3.589360375e-12
7609-7610 3.586531137e-12
7611-7612 3.583704872e-12
7613-7614 3.580881575e-12
7615-7616 3.578061243e-12
7617-7618 3.575243872e-12
7619-7620 3.572429458e-12
7621-7622 3.569617998e-12
7623-7624 3.566809486e-12
7625-7626 3.56400392e-12
7627-7628 3.561201296e-12
7629-7630 3.55840161e-12
7631-7632 3.555604857e-12
7633-7634 3.552811035e-12
7635-7636 3.550020139e-12
7637-7638 3.547232165e-12
7639-7640 3.54444711e-12
7641-7642 3.541664969e-12
7643-7644 3.53888574e-12
7645-7646 3.536109417e-12
7647-7648 3.533335998e-12
7649-7650 3.530565479e-12
7651-7652 3.527797855e-12
7653-7654 3.525033123e-12
7655-7656 3.52227128e-12
7657-7658 3.519512321e-12
7659-7660 3.516756242e-12
7661-7662 3.514003041e-12
7663-7664 3.511252712e-12
7665-7666 3.508505253e-12
7667-7668 3.50576066e-12
7669-7670 3.503018929e-12
7671-7672 3.500280056e-12
7673-7674 3.497544037e-12
7675-7676 3.494810869e-12
7677-7678 3.492080548e-12
7679-7680 3.489353071e-12
7681-7682 3.486628433e-12
7683-7684 3.483906631e-12
7685-7686 3.481187661e-12
7687-7688 3.47847152e-12
7689-7690 3.475758204e-12
7691-7692 3.473047709e-12
7693-7694 3.470340031e-12
7695-7696 3.467635168e-12
7697-7698 3.464933115e-12
7699-7700 3.462233868e-12
7701-7702 3.459537424e-12
7703-7704 3.45684378e-12
7705-7706 3.454152931e-12
7707-7708 3.451464875e-12
7709-7710 3.448779606e-12
7711-7712 3.446097123e-12
7713-7714 3.443417421e-12
7715-7716 3.440740496e-12
7717-7718 3.438066346e-12
7719-7720 3.435394966e-12
7721-7722 3.432726352e-12
7723-7724 3.430060502e-12
7725-7726 3.427397412e-12
7727-7728 3.424737078e-12
7729-7730 3.422079496e-12
7731-7732 3.419424664e-12
7733-7734 3.416772576e-12
7735-7736 3.414123231e-12
7737-7738 3.411476624e-12
7739-7740 3.408832752e-12
7741-7742 3.406191611e-12
7743-7744 3.403553197e-12
7745-7746 3.400917508e-12
7747-7748 3.39828454e-12
7749-7750 3.395654289e-12
7751-7752 3.393026752e-12
7753-7754 3.390401925e-12
7755-7756 3.387779804e-12
7757-7758 3.385160387e-12
7759-7760 3.382543669e-12
7761-7762 3.379929648e-12
7763-7764 3.37731832e-12
7765-7766 3.37470968e-12
7767-7768 3.372103727e-12
7769-7770 3.369500456e-12
7771-7772 3.366899864e-12
7773-7774 3.364301948e-12
7775-7776 3.361706703e-12
7777-7778 3.359114128e-12
7779-7780 3.356524217e-12
7781-7782 3.353936968e-12
7783-7784 3.351352378e-12
7785-7786 3.348770442e-12
7787-7788 3.346191159e-12
7789-7790 3.343614523e-12
7791-7792 3.341040532e-12
7793-7794 3.338469182e-12
7795-7796 3.33590047e-12
7797-7798 3.333334393e-12
7799-7800 3.330770947e-12
7801-7802 3.328210129e-12
7803-7804 3.325651935e-12
7805-7806 3.323096363e-12
7807-7808 3.320543408e-12
7809-7810 3.317993067e-12
7811-7812 3.315445338e-12
7813-7814 3.312900216e-12
7815-7816 3.310357699e-12
7817-7818 3.307817783e-12
7819-7820 3.305280464e-12
7821-7822 3.30274574e-12
7823-7824 3.300213607e-12
7825-7826 3.297684062e-12
7827-7828 3.295157101e-12
7829-7830 3.292632721e-12
7831-7832 3.290110919e-12
7833-7834 3.287591692e-12
7835-7836 3.285075036e-12
7837-7838 3.282560948e-12
7839-7840 3.280049425e-12
7841-7842 3.277540463e-12
7843-7844 3.27503406e-12
7845-7846 3.272530211e-12
7847-7848 3.270028914e-12
7849-7850 3.267530166e-12
7851-7852 3.265033963e-12
7853-7854 3.262540301e-12
7855-7856 3.260049179e-12
7857-7858 3.257560592e-12
7859-7860 3.255074537e-12
7861-7862 3.252591011e-12
7863-7864 3.250110011e-12
7865-7866 3.247631534e-12
7867-7868 3.245155576e-12
7869-7870 3.242682134e-12
7871-7872 3.240211206e-12
7873-7874 3.237742787e-12
7875-7876 3.235276875e-12
7877-7878 3.232813466e-12
7879-7880 3.230352558e-12
7881-7882 3.227894147e-12
7883-7884 3.225438229e-12
7885-7886 3.222984803e-12
7887-7888 3.220533864e-12
7889-7890 3.218085409e-12
7891-7892 3.215639436e-12
7893-7894 3.213195941e-12
7895-7896 3.210754921e-12
7897-7898 3.208316374e-12
7899-7900 3.205880294e-12
7901-7902 3.203446681e-12
7903-7904 3.20101553e-12
7905-7906 3.198586839e-12
7907-7908 3.196160603e-12
7909-7910 3.193736821e-12
7911-7912 3.19131549e-12
7913-7914 3.188896605e-12
7915-7916 3.186480164e-12
7917-7918 3.184066164e-12
7919-7920 3.181654602e-12
7921-7922 3.179245474e-12
7923-7924 3.176838778e-12
7925-7926 3.174434511e-12
7927-7928 3.172032669e-12
7929-7930 3.169633249e-12
7931-7932 3.167236249e-12
7933-7934 3.164841665e-12
7935-7936 3.162449495e-12
7937-7938 3.160059735e-12
7939-7940 3.157672382e-12
7941-7942 3.155287433e-12
7943-7944 3.152904885e-12
7945-7946 3.150524736e-12
7947-7948 3.148146981e-12
7949-7950 3.145771619e-12
7951-7952 3.143398646e-12
7953-7954 3.141028059e-12
7955-7956 3.138659855e-12
7957-7958 3.136294031e-12
7959-7960 3.133930584e-12
7961-7962 3.131569511e-12
7963-7964 3.12921081e-12
7965-7966 3.126854476e-12
7967-7968 3.124500508e-12
7969-7970 3.122148902e-12
7971-7972 3.119799656e-12
7973-7974 3.117452765e-12
7975-7976 3.115108229e-12
7977-7978 3.112766042e-12
7979-7980 3.110426203e-12
7981-7982 3.108088708e-12
7983-7984 3.105753555e-12
7985-7986 3.103420741e-12
7987-7988 3.101090263e-12
7989-7990 3.098762117e-12
7991-7992 3.096436301e-12
7993-7994 3.094112812e-12
7995-7996 3.091791647e-12
7997-7998 3.089472804e-12
7999-8000 3.087156278e-12
8001-8002 3.084842068e-12
8003-8004 3.082530171e-12
8005-8006 3.080220583e-12
8007-8008 3.077913302e-12
8009-8010 3.075608324e-12
8011-8012 3.073305648e-12
8013-8014 3.071005269e-12
8015-8016 3.068707186e-12
8017-8018 3.066411395e-12
8019-8020 3.064117894e-12
8021-8022 3.061826679e-12
8023-8024 3.059537748e-12
8025-8026 3.057251098e-12
8027-8028 3.054966727e-12
8029-8030 3.05268463e-12
8031-8032 3.050404806e-12
8033-8034 3.048127251e-12
8035-8036 3.045851964e-12
8037-8038 3.04357894e-12
8039-8040 3.041308177e-12
8041-8042 3.039039673e-12
8043-8044 3.036773424e-12
8045-8046 3.034509428e-12
8047-8048 3.032247682e-12
8049-8050 3.029988183e-12
8051-8052 3.027730929e-12
8053-8054 3.025475916e-12
8055-8056 3.023223142e-12
8057-8058 3.020972603e-12
8059-8060 3.018724298e-12
8061-8062 3.016478224e-12
8063-8064 3.014234377e-12
8065-8066 3.011992755e-12
8067-8068 3.009753355e-12
8069-8070 3.007516175e-12
8071-8072 3.005281211e-12
8073-8074 3.003048462e-12
8075-8076 3.000817923e-12
8077-8078 2.998589593e-12
8079-8080 2.996363469e-12
8081-8082 2.994139547e-12
8083-8084 2.991917826e-12
8085-8086 2.989698303e-12
8087-8088 2.987480974e-12
8089-8090 2.985265838e-12
8091-8092 2.98305289e-12
8093-8094 2.98084213e-12
8095-8096 2.978633554e-12
8097-8098 2.976427158e-12
8099-8100 2.974222942e-12
8101-8102 2.972020901e-12
8103-8104 2.969821034e-12
8105-8106 2.967623337e-12
8107-8108 2.965427808e-12
8109-8110 2.963234445e-12
8111-8112 2.961043244e-12
8113-8114 2.958854202e-12
8115-8116 2.956667318e-12
8117-8118 2.954482589e-12
8119-8120 2.952300011e-12
8121-8122 2.950119583e-12
8123-8124 2.947941301e-12
8125-8126 2.945765164e-12
8127-8128 2.943591167e-12
8129-8130 2.94141931e-12
8131-8132 2.939249588e-12
8133-8134 2.937082e-12
8135-8136 2.934916543e-12
8137-8138 2.932753214e-12
8139-8140 2.93059201e-12
8141-8142 2.92843293e-12
8143-8144 2.92627597e-12
8145-8146 2.924121127e-12
8147-8148 2.9219684e-12
8149-8150 2.919817786e-12
8151-8152 2.917669281e-12
8153-8154 2.915522884e-12
8155-8156 2.913378592e-12
8157-8158 2.911236402e-12
8159-8160 2.909096311e-12
8161-8162 2.906958318e-12
8163-8164 2.904822419e-12
8165-8166 2.902688612e-12
8167-8168 2.900556895e-12
8169-8170 2.898427265e-12
8171-8172 2.896299718e-12
8173-8174 2.894174254e-12
8175-8176 2.892050869e-12
8177-8178 2.88992956e-12
8179-8180 2.887810325e-12
8181-8182 2.885693163e-12
8183-8184 2.883578069e-12
8185-8186 2.881465041e-12
8187-8188 2.879354078e-12
8189-8190 2.877245176e-12
8191-8192 2.875138333e-12
8193-8194 2.873033547e-12
8195-8196 2.870930814e-12
8197-8198 2.868830133e-12
8199-8200 2.866731501e-12
8201-8202 2.864634916e-12
8203-8204 2.862540374e-12
8205-8206 2.860447874e-12
8207-8208 2.858357413e-12
8209-8210 2.856268988e-12
8211-8212 2.854182597e-12
8213-8214 2.852098238e-12
8215-8216 2.850015908e-12
8217-8218 2.847935605e-12
8219-8220 2.845857325e-12
8221-8222 2.843781068e-12
8223-8224 2.841706829e-12
8225-8226 2.839634607e-12
8227-8228 2.8375644e-12
8229-8230 2.835496204e-12
8231-8232 2.833430018e-12
8233-8234 2.831365839e-12
8235-8236 2.829303664e-12
8237-8238 2.827243492e-12
8239-8240 2.825185319e-12
8241-8242 2.823129144e-12
8243-8244 2.821074963e-12
8245-8246 2.819022775e-12
8247-8248 2.816972576e-12
8249-8250 2.814924366e-12
8251-8252 2.81287814e-12
8253-8254 2.810833897e-12
8255-8256 2.808791635e-12
8257-8258 2.806751351e-12
8259-8260 2.804713042e-12
8261-8262 2.802676706e-12
8263-8264 2.800642341e-12
8265-8266 2.798609945e-12
8267-8268 2.796579515e-12
8269-8270 2.794551048e-12
8271-8272 2.792524542e-12
8273-8274 2.790499996e-12
8275-8276 2.788477406e-12
8277-8278 2.78645677e-12
8279-8280 2.784438086e-12
8281-8282 2.782421352e-12
8283-8284 2.780406565e-12
8285-8286 2.778393722e-12
8287-8288 2.776382822e-12
8289-8290 2.774373862e-12
8291-8292 2.77236684e-12
8293-8294 2.770361753e-12
8295-8296 2.768358599e-12
8297-8299 4.149536064e-12
8300-8302 4.145038735e-12
8303-8305 4.140547903e-12
8306-8308 4.136063555e-12
8309-8311 4.131585681e-12
8312-8314 4.127114268e-12
8315-8317 4.122649306e-12
8318-8320 4.118190781e-12
8321-8323 4.113738683e-12
8324-8326 4.109293001e-12
8327-8329 4.104853722e-12
8330-8332 4.100420835e-12
8333-8335 4.095994328e-12
8336-8338 4.091574191e-12
8339-8341 4.087160411e-12
8342-8344 4.082752978e-12
8345-8347 4.078351879e-12
8348-8350 4.073957103e-12
8351-8353 4.06956864e-12
8354-8356 4.065186478e-12
8357-8359 4.060810604e-12
8360-8362 4.056441009e-12
8363-8365 4.052077681e-12
8366-8368 4.047720609e-12
8369-8371 4.043369781e-12
8372-8374 4.039025186e-12
8375-8377 4.034686814e-12
8378-8380 4.030354652e-12
8381-8383 4.026028691e-12
8384-8386 4.021708918e-12
8387-8389 4.017395323e-12
8390-8392 4.013087894e-12
8393-8395 4.008786621e-12
8396-8398 4.004491493e-12
8399-8401 4.000202499e-12
8402-8404 3.995919627e-12
8405-8407 3.991642867e-12
8408-8410 3.987372208e-12
8411-8413 3.983107639e-12
8414-8416 3.97884915e-12
8417-8419 3.974596728e-12
8420-8422 3.970350365e-12
8423-8425 3.966110048e-12
8426-8428 3.961875767e-12
8429-8431 3.957647512e-12
8432-8434 3.953425271e-12
8435-8437 3.949209034e-12
8438-8440 3.94499879e-12
8441-8443 3.940794528e-12
8444-8446 3.936596239e-12
8447-8449 3.932403911e-12
8450-8452 3.928217534e-12
8453-8455 3.924037097e-12
8456-8458 3.91986259e-12
8459-8461 3.915694002e-12
8462-8464 3.911531323e-12
8465-8467 3.907374542e-12
8468-8470 3.903223648e-12
8471-8473 3.899078632e-12
8474-8476 3.894939483e-12
8477-8479 3.890806191e-12
8480-8482 3.886678745e-12
8483-8485 3.882557135e-12
8486-8488 3.87844135e-12
8489-8491 3.874331381e-12
8492-8494 3.870227217e-12
8495-8497 3.866128847e-12
8498-8500 3.862036262e-12
8501-8503 3.857949452e-12
8504-8506 3.853868405e-12
8507-8509 3.849793113e-12
8510-8512 3.845723565e-12
8513-8515 3.84165975e-12
8516-8518 3.837601659e-12
8519-8521 3.833549282e-12
8522-8524 3.829502608e-12
8525-8527 3.825461628e-12
8528-8530 3.821426331e-12
8531-8533 3.817396708e-12
8534-8536 3.813372748e-12
8537-8539 3.809354442e-12
8540-8542 3.80534178e-12
8543-8545 3.801334751e-12
8546-8548 3.797333347e-12
8549-8551 3.793337556e-12
8552-8554 3.789347369e-12
8555-8557 3.785362777e-12
8558-8560 3.78138377e-12
8561-8563 3.777410337e-12
8564-8566 3.77344247e-12
8567-8569 3.769480157e-12
8570-8572 3.76552339e-12
8573-8575 3.761572159e-12
8576-8578 3.757626455e-12
8579-8581 3.753686266e-12
8582-8584 3.749751585e-12
8585-8587 3.745822401e-12
8588-8590 3.741898705e-12
8591-8593 3.737980487e-12
8594-8596 3.734067737e-12
8597-8599 3.730160446e-12
8600-8602 3.726258605e-12
8603-8605 3.722362204e-12
8606-8608 3.718471233e-12
8609-8611 3.714585684e-12
8612-8614 3.710705546e-12
8615-8617 3.70683081e-12
8618-8620 3.702961467e-12
8621-8623 3.699097508e-12
8624-8626 3.695238922e-12
8627-8629 3.691385702e-12
8630-8632 3.687537836e-12
8633-8635 3.683695317e-12
8636-8638 3.679858135e-12
8639-8641 3.67602628e-12
8642-8644 3.672199744e-12
8645-8647 3.668378516e-12
8648-8650 3.664562589e-12
8651-8653 3.660751952e-12
8654-8656 3.656946597e-12
8657-8659 3.653146514e-12
8660-8662 3.649351695e-12
8663-8665 3.64556213e-12
8666-8668 3.641777809e-12
8669-8671 3.637998725e-12
8672-8674 3.634224868e-12
8675-8677 3.630456228e-12
8678-8680 3.626692798e-12
8681-8683 3.622934567e-12
8684-8686 3.619181528e-12
8687-8689 3.61543367e-12
8690-8692 3.611690985e-12
8693-8695 3.607953465e-12
8696-8698 3.604221099e-12
8699-8701 3.60049388e-12
8702-8704 3.596771799e-12
8705-8707 3.593054846e-12
8708-8710 3.589343013e-12
8711-8713 3.58563629e-12
8714-8716 3.58193467e-12
8717-8719 3.578238143e-12
8720-8722 3.574546701e-12
8723-8725 3.570860335e-12
8726-8728 3.567179036e-12
8729-8731 3.563502796e-12
8732-8734 3.559831605e-12
8735-8737 3.556165455e-12
8738-8740 3.552504338e-12
8741-8743 3.548848245e-12
8744-8746 3.545197166e-12
8747-8749 3.541551095e-12
8750-8752 3.537910021e-12
8753-8755 3.534273937e-12
8756-8758 3.530642834e-12
8759-8761 3.527016704e-12
8762-8764 3.523395537e-12
8765-8767 3.519779326e-12
8768-8770 3.516168061e-12
8771-8773 3.512561735e-12
8774-8776 3.508960339e-12
8777-8779 3.505363865e-12
8780-8782 3.501772304e-12
8783-8785 3.498185648e-12
8786-8788 3.494603888e-12
8789-8791 3.491027016e-12
8792-8794 3.487455024e-12
8795-8797 3.483887904e-12
8798-8800 3.480325647e-12
8801-8803 3.476768244e-12
8804-8806 3.473215688e-12
8807-8809 3.469667971e-12
8810-8812 3.466125084e-12
8813-8815 3.462587018e-12
8816-8818 3.459053766e-12
8819-8821 3.45552532e-12
8822-8824 3.452001671e-12
8825-8827 3.448482811e-12
8828-8830 3.444968733e-12
8831-8833 3.441459427e-12
8834-8836 3.437954886e-12
8837-8839 3.434455102e-12
8840-8842 3.430960066e-12
8843-8845 3.427469772e-12
8846-8848 3.423984209e-12
8849-8851 3.420503372e-12
8852-8854 3.417027251e-12
8855-8857 3.413555838e-12
8858-8860 3.410089126e-12
8861-8863 3.406627107e-12
8864-8866 3.403169773e-12
8867-8869 3.399717115e-12
8870-8872 3.396269127e-12
8873-8875 3.392825799e-12
8876-8878 3.389387124e-12
8879-8881 3.385953095e-12
8882-8884 3.382523703e-12
8885-8887 3.379098941e-12
8888-8890 3.375678801e-12
8891-8893 3.372263274e-12
8894-8896 3.368852354e-12
8897-8899 3.365446033e-12
8900-8902 3.362044302e-12
8903-8905 3.358647154e-12
8906-8908 3.355254581e-12
8909-8911 3.351866576e-12
8912-8914 3.348483131e-12
8915-8917 3.345104238e-12
8918-8920 3.34172989e-12
8921-8923 3.338360078e-12
8924-8926 3.334994796e-12
8927-8929 3.331634036e-12
8930-8932 3.32827779e-12
8933-8935 3.32492605e-12
8936-8938 3.321578809e-12
8939-8941 3.31823606e-12
8942-8944 3.314897794e-12
8945-8947 3.311564005e-12
8948-8950 3.308234685e-12
8951-8953 3.304909827e-12
8954-8956 3.301589422e-12
8957-8959 3.298273463e-12
8960-8962 3.294961944e-12
8963-8965 3.291654857e-12
8966-8968 3.288352193e-12
8969-8971 3.285053946e-12
8972-8974 3.281760109e-12
8975-8977 3.278470674e-12
8978-8980 3.275185633e-12
8981-8983 3.27190498e-12
8984-8986 3.268628707e-12
8987-8989 3.265356807e-12
8990-8992 3.262089272e-12
8993-8995 3.258826095e-12
8996-8998 3.255567269e-12
8999-9001 3.252312787e-12
9002-9004 3.249062641e-12
9005-9007 3.245816825e-12
9008-9010 3.24257533e-12
9011-9013 3.23933815e-12
9014-9016 3.236105278e-12
9017-9019 3.232876706e-12
9020-9022 3.229652428e-12
9023-9025 3.226432436e-12
9026-9028 3.223216723e-12
9029-9031 3.220005281e-12
9032-9034 3.216798105e-12
9035-9037 3.213595187e-12
9038-9040 3.210396519e-12
9041-9043 3.207202095e-12
9044-9046 3.204011907e-12
9047-9049 3.200825949e-12
9050-9052 3.197644214e-12
9053-9055 3.194466694e-12
9056-9058 3.191293383e-12
9059-9061 3.188124274e-12
9062-9064 3.184959359e-12
9065-9067 3.181798632e-12
9068-9070 3.178642086e-12
9071-9073 3.175489714e-12
9074-9076 3.172341509e-12
9077-9079 3.169197464e-12
9080-9082 3.166057572e-12
9083-9085 3.162921827e-12
9086-9088 3.159790222e-12
9089-9091 3.156662749e-12
9092-9094 3.153539402e-12
9095-9097 3.150420175e-12
9098-9100 3.147305059e-12
9101-9103 3.14419405e-12
9104-9106 3.141087139e-12
9107-9109 3.13798432e-12
9110-9112 3.134885586e-12
9113-9115 3.131790931e-12
9116-9118 3.128700349e-12
9119-9121 3.125613831e-12
9122-9124 3.122531372e-12
9125-9127 3.119452964e-12
9128-9130 3.116378602e-12
9131-9133 3.113308279e-12
9134-9136 3.110241987e-12
9137-9139 3.107179721e-12
9140-9142 3.104121473e-12
9143-9145 3.101067238e-12
9146-9148 3.098017008e-12
9149-9151 3.094970777e-12
9152-9154 3.091928539e-12
9155-9157 3.088890286e-12
9158-9160 3.085856013e-12
9161-9163 3.082825713e-12
9164-9166 3.079799379e-12
9167-9169 3.076777005e-12
9170-9172 3.073758584e-12
9173-9175 3.070744111e-12
9176-9178 3.067733577e-12
9179-9181 3.064726978e-12
9182-9185 4.082299075e-12
9186-9189 4.076969124e-12
9190-9193 4.071648447e-12
9194-9197 4.066337025e-12
9198-9201 4.061034837e-12
9202-9205 4.055741863e-12
9206-9209 4.050458083e-12
9210-9213 4.045183477e-12
9214-9217 4.039918026e-12
9218-9221 4.034661709e-12
9222-9225 4.029414507e-12
9226-9229 4.0241764e-12
9230-9233 4.018947367e-12
9234-9237 4.013727391e-12
9238-9241 4.008516451e-12
9242-9245 4.003314527e-12
9246-9249 3.998121599e-12
9250-9253 3.99293765e-12
9254-9257 3.987762658e-12
9258-9261 3.982596606e-12
9262-9265 3.977439473e-12
9266-9269 3.97229124e-12
9270-9273 3.967151888e-12
9274-9277 3.962021398e-12
9278-9281 3.956899751e-12
9282-9285 3.951786927e-12
9286-9289 3.946682908e-12
9290-9293 3.941587676e-12
9294-9297 3.93650121e-12
9298-9301 3.931423492e-12
9302-9305 3.926354503e-12
9306-9309 3.921294225e-12
9310-9313 3.916242639e-12
9314-9317 3.911199726e-12
9318-9321 3.906165468e-12
9322-9325 3.901139846e-12
9326-9329 3.896122841e-12
9330-9333 3.891114435e-12
9334-9337 3.88611461e-12
9338-9341 3.881123347e-12
9342-9345 3.876140628e-12
9346-9349 3.871166434e-12
9350-9353 3.866200749e-12
9354-9357 3.861243552e-12
9358-9361 3.856294826e-12
9362-9365 3.851354554e-12
9366-9369 3.846422716e-12
9370-9373 3.841499296e-12
9374-9377 3.836584275e-12
9378-9381 3.831677634e-12
9382-9385 3.826779357e-12
9386-9389 3.821889426e-12
9390-9393 3.817007822e-12
9394-9397 3.812134528e-12
9398-9401 3.807269527e-12
9402-9405 3.8024128e-12
9406-9409 3.79756433e-12
9410-9413 3.7927241e-12
9414-9417 3.787892092e-12
9418-9421 3.783068289e-12
9422-9425 3.778252673e-12
9426-9429 3.773445226e-12
9430-9433 3.768645932e-12
9434-9437 3.763854774e-12
9438-9441 3.759071733e-12
9442-9445 3.754296793e-12
9446-9449 3.749529937e-12
9450-9453 3.744771148e-12
9454-9457 3.740020408e-12
9458-9461 3.735277701e-12
9462-9465 3.730543009e-12
9466-9469 3.725816316e-12
9470-9473 3.721097605e-12
9474-9477 3.716386858e-12
9478-9481 3.71168406e-12
9482-9485 3.706989193e-12
9486-9489 3.70230224e-12
9490-9493 3.697623186e-12
9494-9497 3.692952013e-12
9498-9501 3.688288704e-12
9502-9505 3.683633244e-12
9506-9509 3.678985616e-12
9510-9513 3.674345803e-12
9514-9517 3.669713788e-12
9518-9521 3.665089557e-12
9522-9525 3.660473091e-12
9526-9529 3.655864375e-12
9530-9533 3.651263392e-12
9534-9537 3.646670127e-12
9538-9541 3.642084563e-12
9542-9545 3.637506685e-12
9546-9549 3.632936475e-12
9550-9553 3.628373918e-12
9554-9557 3.623818997e-12
9558-9561 3.619271698e-12
9562-9565 3.614732004e-12
9566-9569 3.610199899e-12
9570-9573 3.605675367e-12
9574-9577 3.601158392e-12
9578-9581 3.596648959e-12
9582-9585 3.592147052e-12
9586-9589 3.587652655e-12
9590-9593 3.583165753e-12
9594-9597 3.57868633e-12
9598-9601 3.57421437e-12
9602-9605 3.569749858e-12
9606-9609 3.565292778e-12
9610-9613 3.560843115e-12
9614-9617 3.556400854e-12
9618-9621 3.551965979e-12
9622-9625 3.547538474e-12
9626-9629 3.543118325e-12
9630-9633 3.538705516e-12
9634-9637 3.534300032e-12
9638-9641 3.529901857e-12
9642-9645 3.525510977e-12
9646-9649 3.521127377e-12
9650-9653 3.516751041e-12
9654-9657 3.512381955e-12
9658-9661 3.508020102e-12
9662-9665 3.503665469e-12
9666-9669 3.499318041e-12
9670-9673 3.494977802e-12
9674-9677 3.490644738e-12
9678-9681 3.486318833e-12
9682-9685 3.482000074e-12
9686-9689 3.477688445e-12
9690-9693 3.473383932e-12
9694-9697 3.469086519e-12
9698-9701 3.464796193e-12
9702-9705 3.460512939e-12
9706-9709 3.456236742e-12
9710-9713 3.451967587e-12
9714-9717 3.447705461e-12
9718-9721 3.443450348e-12
9722-9725 3.439202235e-12
9726-9729 3.434961106e-12
9730-9733 3.430726948e-12
9734-9737 3.426499746e-12
9738-9741 3.422279486e-12
9742-9745 3.418066154e-12
9746-9749 3.413859735e-12
9750-9753 3.409660216e-12
9754-9757 3.405467582e-12
9758-9761 3.401281818e-12
9762-9765 3.397102912e-12
9766-9769 3.392930849e-12
9770-9773 3.388765615e-12
9774-9777 3.384607195e-12
9778-9781 3.380455577e-12
9782-9785 3.376310746e-12
9786-9789 3.372172688e-12
9790-9793 3.36804139e-12
9794-9797 3.363916837e-12
9798-9801 3.359799016e-12
9802-9805 3.355687913e-12
9806-9809 3.351583515e-12
9810-9813 3.347485808e-12
9814-9817 3.343394778e-12
9818-9821 3.339310411e-12
9822-9825 3.335232695e-12
9826-9829 3.331161614e-12
9830-9833 3.327097157e-12
9834-9837 3.32303931e-12
9838-9841 3.318988059e-12
9842-9845 3.31494339e-12
9846-9849 3.310905291e-12
9850-9853 3.306873747e-12
9854-9857 3.302848747e-12
9858-9861 3.298830276e-12
9862-9865 3.294818321e-12
9866-9870 4.113516086e-12
9871-9875 4.107268973e-12
9876-9880 4.101034504e-12
9881-9885 4.094812647e-12
9886-9890 4.088603369e-12
9891-9895 4.082406638e-12
9896-9900 4.076222424e-12
9901-9905 4.070050694e-12
9906-9910 4.063891418e-12
9911-9915 4.057744563e-12
9916-9920 4.051610098e-12
9921-9925 4.045487993e-12
9926-9930 4.039378215e-12
9931-9935 4.033280735e-12
9936-9940 4.02719552e-12
9941-9945 4.021122541e-12
9946-9950 4.015061767e-12
9951-9955 4.009013166e-12
9956-9960 4.002976709e-12
9961-9965 3.996952364e-12
9966-9970 3.990940103e-12
9971-9975 3.984939893e-12
9976-9980 3.978951705e-12
9981-9985 3.97297551e-12
9986-9990 3.967011276e-12
9991-9995 3.961058975e-12
9996-9999 3.16409486e-12
inf 0.05
