# potencia: beta=1.75 dmax=10000 inf=0.05
# fase: f04
# cenario: sd04 (β = 1,75)
# d = objetos distintos entre dois pedidos ao mesmo objeto
0 0.4844499678
1 0.1440278372
2 0.07084133481
3 0.04281973218
4 0.02897686676
5 0.02106125485
6 0.01608152986
7 0.01273038254
8 0.01035915998
9 0.00861487403
10 0.007291413573
11 0.006261548529
12 0.005443121954
13 0.004781067432
14 0.004237300146
15 0.003784765374
16 0.003403794397
17 0.003079796687
18 0.002801754833
19 0.002561217373
20 0.002351609282
21 0.002167750225
22 0.002005511785
23 0.001861569515
24 0.001733220896
25 0.001618249839
26 0.001514824582
27 0.001421419852
28 0.001336756902
29 0.001259756871
30 0.001189504165
31 0.001125217478
32 0.001066226658
33 0.001011954129
34 0.0009618998429
35 0.0009156290333
36 0.0008727621717
37 0.0008329666954
38 0.0007959501504
39 0.0007614544807
40 0.0007292512499
41 0.0006991376223
42 0.0006709329704
43 0.0006444759978
44 0.0006196222898
45 0.000596242221
46 0.0005742191607
47 0.0005534479282
48 0.00053383346
49 0.0005152896552
50 0.0004977383723
51 0.0004811085556
52 0.000465335472
53 0.0004503600428
54 0.000436128256
55 0.0004225906503
56 0.0004097018585
57 0.0003974202047
58 0.0003857073466
59 0.0003745279584
60 0.0003638494478
61 0.0003536417042
62 0.0003438768738
63 0.0003345291576
64 0.0003255746312
65 0.000316991082
66 0.0003087578632
67 0.0003008557624
68 0.0002932668826
69 0.0002859745343
70 0.0002789631389
71 0.0002722181403
72 0.0002657259242
73 0.0002594737461
74 0.0002534496644
75 0.0002476424802
76 0.000242041682
77 0.0002366373955
78 0.000231420337
79 0.0002263817716
80 0.0002215134741
81 0.0002168076938
82 0.0002122571212
83 0.0002078548587
84 0.0002035943921
85 0.0001994695655
86 0.0001954745578
87 0.0001916038605
88 0.000187852258
89 0.0001842148089
90 0.0001806868284
91 0.0001772638729
92 0.0001739417245
93 0.0001707163779
94 0.000167584027
95 0.0001645410535
96 0.0001615840155
97 0.0001587096372
98 0.0001559147996
99 0.0001531965311
100 0.0001505519993
101 0.0001479785034
102 0.0001454734666
103 0.0001430344293
104 0.0001406590429
105 0.0001383450636
106 0.0001360903467
107 0.0001338928418
108 0.0001317505874
109 0.0001296617063
110 0.0001276244015
111 0.000125636952
112 0.0001236977088
113 0.0001218050913
114 0.0001199575841
115 0.0001181537338
116 0.0001163921454
117 0.0001146714802
118 0.0001129904528
119 0.0001113478282
120 0.0001097424201
121 0.000108173088
122 0.0001066387354
123 0.0001051383077
124 0.0001036707902
125 0.0001022352062
126 0.0001008306158
127 9.94561136e-05
128 9.811082743e-05
129 9.679391697e-05
130 9.55045723e-05
131 9.424201252e-05
132 9.300548455e-05
133 9.179426193e-05
134 9.060764371e-05
135 8.944495332e-05
136 8.830553761e-05
137 8.718876583e-05
138 8.609402874e-05
139 8.502073772e-05
140 8.39683239e-05
141 8.293623741e-05
142 8.192394661e-05
143 8.093093731e-05
144 7.995671216e-05
145 7.900078992e-05
146 7.806270489e-05
147 7.714200625e-05
148 7.623825753e-05
149 7.535103605e-05
150 7.447993237e-05
151 7.362454986e-05
152 7.278450412e-05
153 7.19594226e-05
154 7.114894416e-05
155 7.03527186e-05
156 6.95704063e-05
157 6.880167782e-05
158 6.804621356e-05
159 6.730370336e-05
160 6.65738462e-05
161 6.585634986e-05
162 6.515093064e-05
163 6.4457313e-05
164 6.377522934e-05
165 6.310441969e-05
166 6.244463147e-05
167 6.179561922e-05
168 6.115714434e-05
169 6.052897491e-05
170 5.991088544e-05
171 5.930265664e-05
172 5.870407523e-05
173 5.811493373e-05
174 5.753503031e-05
175 5.696416854e-05
176 5.640215728e-05
177 5.584881046e-05
178 5.530394694e-05
179 5.476739036e-05
180 5.423896897e-05
181 5.371851549e-05
182 5.320586699e-05
183 5.270086471e-05
184 5.220335399e-05
185 5.171318409e-05
186 5.12302081e-05
187 5.07542828e-05
188 5.028526858e-05
189 4.982302931e-05
190 4.936743224e-05
191 4.891834788e-05
192 4.847564994e-05
193 4.803921522e-05
194 4.760892349e-05
195 4.718465745e-05
196 4.676630262e-05
197 4.635374726e-05
198 4.594688228e-05
199 4.554560119e-05
200 4.514980001e-05
201 4.475937719e-05
202 4.437423358e-05
203 4.399427229e-05
204 4.361939871e-05
205 4.324952039e-05
206 4.2884547e-05
207 4.252439027e-05
208 4.216896393e-05
209 4.181818366e-05
210 4.147196703e-05
211 4.113023348e-05
212 4.079290419e-05
213 4.045990214e-05
214 4.013115199e-05
215 3.980658003e-05
216 3.948611419e-05
217 3.916968397e-05
218 3.885722038e-05
219 3.854865591e-05
220 3.824392453e-05
221 3.794296158e-05
222 3.764570382e-05
223 3.735208931e-05
224 3.706205743e-05
225 3.677554884e-05
226 3.649250543e-05
227 3.62128703e-05
228 3.593658773e-05
229 3.566360314e-05
230 3.539386309e-05
231 3.512731521e-05
232 3.486390822e-05
233 3.460359186e-05
234 3.434631688e-05
235 3.409203505e-05
236 3.384069906e-05
237 3.359226259e-05
238 3.334668021e-05
239 3.310390739e-05
240 3.286390049e-05
241 3.262661671e-05
242 3.239201409e-05
243 3.216005148e-05
244 3.193068855e-05
245 3.170388573e-05
246 3.14796042e-05
247 3.12578059e-05
248 3.103845348e-05
249 3.082151032e-05
250 3.060694047e-05
251 3.039470867e-05
252 3.018478031e-05
253 2.997712144e-05
254 2.977169874e-05
255 2.956847948e-05
256 2.936743158e-05
257 2.916852351e-05
258 2.897172434e-05
259 2.877700369e-05
260 2.858433174e-05
261 2.839367922e-05
262 2.820501737e-05
263 2.801831795e-05
264 2.783355324e-05
265 2.765069599e-05
266 2.746971945e-05
267 2.729059735e-05
268 2.711330387e-05
269 2.693781364e-05
270 2.676410176e-05
271 2.659214372e-05
272 2.642191549e-05
273 2.62533934e-05
274 2.608655424e-05
275 2.592137517e-05
276 2.575783374e-05
277 2.559590789e-05
278 2.543557593e-05
279 2.527681655e-05
280 2.51196088e-05
281 2.496393205e-05
282 2.480976606e-05
283 2.465709091e-05
284 2.450588699e-05
285 2.435613505e-05
286 2.420781614e-05
287 2.406091162e-05
288 2.391540316e-05
289 2.377127275e-05
290 2.362850263e-05
291 2.348707537e-05
292 2.334697379e-05
293 2.320818102e-05
294 2.307068043e-05
295 2.293445567e-05
296 2.279949067e-05
297 2.266576957e-05
298 2.253327681e-05
299 2.240199705e-05
300 2.227191519e-05
301 2.214301638e-05
302 2.201528599e-05
303 2.188870963e-05
304 2.176327313e-05
305 2.163896254e-05
306 2.151576412e-05
307 2.139366434e-05
308 2.127264989e-05
309 2.115270766e-05
310 2.103382472e-05
311 2.091598838e-05
312 2.07991861e-05
313 2.068340554e-05
314 2.056863456e-05
315 2.04548612e-05
316 2.034207366e-05
317 2.023026033e-05
318 2.011940977e-05
319 2.000951073e-05
320 1.990055208e-05
321 1.979252289e-05
322 1.968541239e-05
323 1.957920996e-05
324 1.947390512e-05
325 1.936948757e-05
326 1.926594713e-05
327 1.916327381e-05
328 1.906145771e-05
329 1.896048912e-05
330 1.886035844e-05
331 1.876105622e-05
332 1.866257314e-05
333 1.856490001e-05
334 1.846802778e-05
335 1.837194751e-05
336 1.827665041e-05
337 1.81821278e-05
338 1.808837111e-05
339 1.799537191e-05
340 1.790312188e-05
341 1.781161281e-05
342 1.772083661e-05
343 1.76307853e-05
344 1.754145102e-05
345 1.745282598e-05
346 1.736490255e-05
347 1.727767317e-05
348 1.719113039e-05
349 1.710526685e-05
350 1.702007532e-05
351 1.693554863e-05
352 1.685167974e-05
353 1.676846168e-05
354 1.668588759e-05
355 1.660395069e-05
356 1.652264429e-05
357 1.64419618e-05
358 1.63618967e-05
359 1.628244257e-05
360 1.620359307e-05
361 1.612534195e-05
362 1.604768303e-05
363 1.597061021e-05
364 1.589411748e-05
365 1.581819889e-05
366 1.57428486e-05
367 1.566806082e-05
368 1.559382983e-05
369 1.552015e-05
370 1.544701576e-05
371 1.537442161e-05
372 1.530236215e-05
373 1.523083199e-05
374 1.515982587e-05
375 1.508933856e-05
376 1.501936489e-05
377 1.494989979e-05
378 1.488093823e-05
379 1.481247524e-05
380 1.474450591e-05
381 1.467702542e-05
382 1.461002897e-05
383 1.454351184e-05
384 1.447746937e-05
385 1.441189695e-05
386 1.434679004e-05
387 1.428214413e-05
388 1.42179548e-05
389 1.415421764e-05
390 1.409092833e-05
391 1.402808259e-05
392 1.396567619e-05
393 1.390370496e-05
394 1.384216475e-05
395 1.378105151e-05
396 1.37203612e-05
397 1.366008983e-05
398 1.360023347e-05
399 1.354078825e-05
400 1.34817503e-05
401 1.342311585e-05
402 1.336488114e-05
403 1.330704246e-05
404 1.324959614e-05
405 1.319253857e-05
406 1.313586617e-05
407 1.307957541e-05
408 1.302366278e-05
409 1.296812482e-05
410 1.291295814e-05
411 1.285815934e-05
412 1.28037251e-05
413 1.27496521e-05
414 1.26959371e-05
415 1.264257687e-05
416 1.258956821e-05
417 1.253690798e-05
418 1.248459307e-05
419 1.243262039e-05
420 1.238098689e-05
421 1.232968957e-05
422 1.227872544e-05
423 1.222809157e-05
424 1.217778504e-05
425 1.212780298e-05
426 1.207814253e-05
427 1.202880088e-05
428 1.197977524e-05
429 1.193106287e-05
430 1.188266104e-05
431 1.183456705e-05
432 1.178677824e-05
433 1.173929199e-05
434 1.169210567e-05
435 1.164521672e-05
436 1.159862258e-05
437 1.155232074e-05
438 1.150630869e-05
439 1.146058397e-05
440 1.141514414e-05
441 1.136998679e-05
442 1.132510952e-05
443 1.128050997e-05
444 1.12361858e-05
445 1.119213471e-05
446 1.114835439e-05
447 1.110484259e-05
448 1.106159707e-05
449 1.10186156e-05
450 1.0975896e-05
451 1.093343609e-05
452 1.089123372e-05
453 1.084928678e-05
454 1.080759315e-05
455 1.076615075e-05
456 1.072495753e-05
457 1.068401145e-05
458 1.064331049e-05
459 1.060285265e-05
460 1.056263596e-05
461 1.052265845e-05
462 1.04829182e-05
463 1.04434133e-05
464 1.040414183e-05
465 1.036510193e-05
466 1.032629173e-05
467 1.028770941e-05
468 1.024935313e-05
469 1.02112211e-05
470 1.017331153e-05
471 1.013562266e-05
472 1.009815273e-05
473 1.006090003e-05
474 1.002386282e-05
475 9.987039421e-06
476 9.95042815e-06
477 9.914027343e-06
478 9.877835353e-06
479 9.841850552e-06
480 9.806071324e-06
481 9.770496072e-06
482 9.735123214e-06
483 9.699951182e-06
484 9.664978424e-06
485 9.630203405e-06
486 9.595624603e-06
487 9.561240511e-06
488 9.527049637e-06
489 9.493050504e-06
490 9.459241648e-06
491 9.42562162e-06
492 9.392188986e-06
493 9.358942322e-06
494 9.325880223e-06
495 9.293001292e-06
496 9.260304151e-06
497 9.227787429e-06
498 9.195449773e-06
499 9.163289841e-06
500 9.131306304e-06
501 9.099497843e-06
502 9.067863157e-06
503 9.036400952e-06
504 9.005109948e-06
505 8.973988878e-06
506 8.943036486e-06
507 8.912251527e-06
508 8.881632769e-06
509 8.851178991e-06
510 8.820888982e-06
511 8.790761545e-06
512 8.760795492e-06
513 8.730989645e-06
514 8.701342841e-06
515 8.671853923e-06
516 8.642521746e-06
517 8.613345179e-06
518 8.584323095e-06
519 8.555454384e-06
520 8.52673794e-06
521 8.498172672e-06
522 8.469757496e-06
523 8.441491338e-06
524 8.413373136e-06
525 8.385401834e-06
526 8.357576389e-06
527 8.329895765e-06
528 8.302358937e-06
529 8.274964887e-06
530 8.247712608e-06
531 8.220601101e-06
532 8.193629377e-06
533 8.166796455e-06
534 8.140101363e-06
535 8.113543136e-06
536 8.08712082e-06
537 8.060833468e-06
538 8.034680142e-06
539 8.008659912e-06
540 7.982771855e-06
541 7.957015059e-06
542 7.931388616e-06
543 7.90589163e-06
544 7.880523209e-06
545 7.855282472e-06
546 7.830168544e-06
547 7.805180557e-06
548 7.780317653e-06
549 7.755578978e-06
550 7.730963688e-06
551 7.706470945e-06
552 7.682099919e-06
553 7.657849786e-06
554 7.633719731e-06
555 7.609708943e-06
556 7.58581662e-06
557 7.562041968e-06
558 7.538384196e-06
559 7.514842523e-06
560 7.491416173e-06
561 7.468104377e-06
562 7.444906373e-06
563 7.421821404e-06
564 7.398848721e-06
565 7.375987581e-06
566 7.353237246e-06
567 7.330596985e-06
568 7.308066073e-06
569 7.285643792e-06
570 7.263329427e-06
571 7.241122273e-06
572 7.219021628e-06
573 7.197026797e-06
574 7.17513709e-06
575 7.153351822e-06
576 7.131670317e-06
577 7.1100919e-06
578 7.088615906e-06
579 7.067241671e-06
580 7.04596854e-06
581 7.024795861e-06
582 7.003722989e-06
583 6.982749284e-06
584 6.96187411e-06
585 6.941096837e-06
586 6.920416839e-06
587 6.899833498e-06
588 6.879346198e-06
589 6.858954328e-06
590 6.838657285e-06
591 6.818454467e-06
592 6.798345279e-06
593 6.77832913e-06
594 6.758405434e-06
595 6.738573611e-06
596 6.718833082e-06
597 6.699183277e-06
598 6.679623627e-06
599 6.66015357e-06
600 6.640772546e-06
601 6.621480001e-06
602 6.602275387e-06
603 6.583158156e-06
604 6.564127767e-06
605 6.545183684e-06
606 6.526325374e-06
607 6.507552308e-06
608 6.488863961e-06
609 6.470259814e-06
610 6.451739348e-06
611 6.433302053e-06
612 6.414947419e-06
613 6.396674943e-06
614 6.378484122e-06
615 6.360374462e-06
616 6.342345468e-06
617 6.324396651e-06
618 6.306527526e-06
619 6.288737611e-06
620 6.271026429e-06
621 6.253393505e-06
622 6.235838367e-06
623 6.21836055e-06
624 6.200959588e-06
625 6.183635023e-06
626 6.166386397e-06
627 6.149213258e-06
628 6.132115155e-06
629 6.115091642e-06
630 6.098142277e-06
631 6.081266618e-06
632 6.064464231e-06
633 6.047734682e-06
634 6.03107754e-06
635 6.01449238e-06
636 5.997978778e-06
637 5.981536313e-06
638 5.965164569e-06
639 5.948863131e-06
640 5.932631587e-06
641 5.916469531e-06
642 5.900376556e-06
643 5.884352262e-06
644 5.868396249e-06
645 5.85250812e-06
646 5.836687483e-06
647 5.820933947e-06
648 5.805247124e-06
649 5.789626631e-06
650 5.774072085e-06
651 5.758583107e-06
652 5.743159321e-06
653 5.727800352e-06
654 5.712505832e-06
655 5.69727539e-06
656 5.682108662e-06
657 5.667005284e-06
658 5.651964897e-06
659 5.636987142e-06
660 5.622071665e-06
661 5.607218113e-06
662 5.592426136e-06
663 5.577695386e-06
664 5.563025519e-06
665 5.548416191e-06
666 5.533867062e-06
667 5.519377796e-06
668 5.504948055e-06
669 5.490577508e-06
670 5.476265824e-06
671 5.462012674e-06
672 5.447817733e-06
673 5.433680677e-06
674 5.419601184e-06
675 5.405578935e-06
676 5.391613614e-06
677 5.377704905e-06
678 5.363852496e-06
679 5.350056077e-06
680 5.336315341e-06
681 5.322629979e-06
682 5.30899969e-06
683 5.29542417e-06
684 5.281903122e-06
685 5.268436245e-06
686 5.255023247e-06
687 5.241663832e-06
688 5.228357709e-06
689 5.215104589e-06
690 5.201904184e-06
691 5.188756209e-06
692 5.175660381e-06
693 5.162616417e-06
694 5.149624038e-06
695 5.136682966e-06
696 5.123792926e-06
697 5.110953642e-06
698 5.098164844e-06
699 5.085426261e-06
700 5.072737624e-06
701 5.060098666e-06
702 5.047509124e-06
703 5.034968733e-06
704 5.022477232e-06
705 5.010034362e-06
706 4.997639866e-06
707 4.985293486e-06
708 4.972994969e-06
709 4.960744061e-06
710 4.948540513e-06
711 4.936384074e-06
712 4.924274498e-06
713 4.912211537e-06
714 4.900194948e-06
715 4.888224488e-06
716 4.876299916e-06
717 4.864420992e-06
718 4.852587479e-06
719 4.840799139e-06
720 4.829055738e-06
721 4.817357043e-06
722 4.805702822e-06
723 4.794092845e-06
724 4.782526883e-06
725 4.771004709e-06
726 4.759526097e-06
727 4.748090822e-06
728 4.736698663e-06
729 4.725349397e-06
730 4.714042805e-06
731 4.702778668e-06
732 4.691556769e-06
733 4.680376893e-06
734 4.669238825e-06
735 4.658142352e-06
736 4.647087262e-06
737 4.636073346e-06
738 4.625100395e-06
739 4.614168201e-06
740 4.603276558e-06
741 4.592425261e-06
742 4.581614107e-06
743 4.570842893e-06
744 4.560111419e-06
745 4.549419485e-06
746 4.538766892e-06
747 4.528153443e-06
748 4.517578943e-06
749 4.507043197e-06
750 4.496546011e-06
751 4.486087193e-06
752 4.475666552e-06
753 4.465283899e-06
754 4.454939044e-06
755 4.444631801e-06
756 4.434361983e-06
757 4.424129405e-06
758 4.413933884e-06
759 4.403775236e-06
760 4.39365328e-06
761 4.383567835e-06
762 4.373518722e-06
763 4.363505763e-06
764 4.353528781e-06
765 4.343587599e-06
766 4.333682043e-06
767 4.323811939e-06
768 4.313977114e-06
769 4.304177396e-06
770 4.294412614e-06
771 4.2846826e-06
772 4.274987184e-06
773 4.265326198e-06
774 4.255699478e-06
775 4.246106855e-06
776 4.236548168e-06
777 4.227023251e-06
778 4.217531942e-06
779 4.208074081e-06
780 4.198649505e-06
781 4.189258057e-06
782 4.179899576e-06
783 4.170573907e-06
784 4.161280891e-06
785 4.152020373e-06
786 4.142792199e-06
787 4.133596214e-06
788 4.124432266e-06
789 4.115300203e-06
790 4.106199874e-06
791 4.097131127e-06
792 4.088093815e-06
793 4.079087789e-06
794 4.070112901e-06
795 4.061169004e-06
796 4.052255953e-06
797 4.043373604e-06
798 4.034521811e-06
799 4.025700432e-06
800 4.016909324e-06
801 4.008148346e-06
802 3.999417358e-06
803 3.990716219e-06
804 3.982044791e-06
805 3.973402935e-06
806 3.964790514e-06
807 3.956207392e-06
808 3.947653432e-06
809 3.9391285e-06
810 3.930632462e-06
811 3.922165184e-06
812 3.913726533e-06
813 3.905316379e-06
814 3.896934589e-06
815 3.888581034e-06
816 3.880255583e-06
817 3.871958109e-06
818 3.863688483e-06
819 3.855446577e-06
820 3.847232266e-06
821 3.839045424e-06
822 3.830885924e-06
823 3.822753644e-06
824 3.814648459e-06
825 3.806570246e-06
826 3.798518883e-06
827 3.790494249e-06
828 3.782496222e-06
829 3.774524683e-06
830 3.766579512e-06
831 3.75866059e-06
832 3.7507678e-06
833 3.742901023e-06
834 3.735060143e-06
835 3.727245044e-06
836 3.71945561e-06
837 3.711691726e-06
838 3.703953279e-06
839 3.696240155e-06
840 3.688552241e-06
841 3.680889425e-06
842 3.673251595e-06
843 3.66563864e-06
844 3.65805045e-06
845 3.650486915e-06
846 3.642947926e-06
847 3.635433375e-06
848 3.627943154e-06
849 3.620477155e-06
850 3.613035271e-06
851 3.605617397e-06
852 3.598223428e-06
853 3.590853257e-06
854 3.583506781e-06
855 3.576183896e-06
856 3.5688845e-06
857 3.561608488e-06
858 3.55435576e-06
859 3.547126213e-06
860 3.539919747e-06
861 3.532736262e-06
862 3.525575658e-06
863 3.518437834e-06
864 3.511322694e-06
865 3.504230138e-06
866 3.497160068e-06
867 3.490112389e-06
868 3.483087002e-06
869 3.476083813e-06
870 3.469102725e-06
871 3.462143644e-06
872 3.455206475e-06
873 3.448291124e-06
874 3.441397498e-06
875 3.434525503e-06
876 3.427675048e-06
877 3.42084604e-06
878 3.414038388e-06
879 3.407252e-06
880 3.400486787e-06
881 3.393742658e-06
882 3.387019525e-06
883 3.380317297e-06
884 3.373635886e-06
885 3.366975204e-06
886 3.360335165e-06
887 3.353715679e-06
888 3.347116662e-06
889 3.340538026e-06
890 3.333979686e-06
891 3.327441557e-06
892 3.320923553e-06
893 3.314425591e-06
894 3.307947586e-06
895 3.301489455e-06
896 3.295051115e-06
897 3.288632484e-06
898 3.282233478e-06
899 3.275854017e-06
900 3.269494019e-06
901 3.263153403e-06
902 3.256832089e-06
903 3.250529996e-06
904 3.244247046e-06
905 3.237983158e-06
906 3.231738254e-06
907 3.225512257e-06
908 3.219305086e-06
909 3.213116667e-06
910 3.20694692e-06
911 3.200795769e-06
912 3.194663139e-06
913 3.188548952e-06
914 3.182453134e-06
915 3.176375609e-06
916 3.170316303e-06
917 3.164275141e-06
918 3.158252048e-06
919 3.152246953e-06
920 3.14625978e-06
921 3.140290458e-06
922 3.134338914e-06
923 3.128405075e-06
924 3.122488871e-06
925 3.116590229e-06
926 3.110709078e-06
927 3.104845349e-06
928 3.09899897e-06
929 3.093169872e-06
930 3.087357985e-06
931 3.08156324e-06
932 3.075785568e-06
933 3.070024901e-06
934 3.06428117e-06
935 3.058554307e-06
936 3.052844245e-06
937 3.047150918e-06
938 3.041474257e-06
939 3.035814197e-06
940 3.030170671e-06
941 3.024543615e-06
942 3.018932961e-06
943 3.013338646e-06
944 3.007760603e-06
945 3.00219877e-06
946 2.996653081e-06
947 2.991123474e-06
948 2.985609883e-06
949 2.980112246e-06
950 2.974630501e-06
951 2.969164584e-06
952 2.963714434e-06
953 2.958279988e-06
954 2.952861185e-06
955 2.947457964e-06
956 2.942070262e-06
957 2.936698021e-06
958 2.931341178e-06
959 2.925999675e-06
960 2.920673451e-06
961 2.915362447e-06
962 2.910066604e-06
963 2.904785862e-06
964 2.899520162e-06
965 2.894269448e-06
966 2.88903366e-06
967 2.88381274e-06
968 2.878606632e-06
969 2.873415277e-06
970 2.868238619e-06
971 2.863076602e-06
972 2.857929168e-06
973 2.852796263e-06
974 2.847677829e-06
975 2.842573811e-06
976 2.837484154e-06
977 2.832408803e-06
978 2.827347704e-06
979 2.822300801e-06
980 2.81726804e-06
981 2.812249368e-06
982 2.80724473e-06
983 2.802254074e-06
984 2.797277345e-06
985 2.792314492e-06
986 2.787365461e-06
987 2.7824302e-06
988 2.777508656e-06
989 2.772600779e-06
990 2.767706515e-06
991 2.762825814e-06
992 2.757958625e-06
993 2.753104896e-06
994 2.748264577e-06
995 2.743437617e-06
996 2.738623966e-06
997 2.733823574e-06
998 2.729036392e-06
999 2.724262369e-06
1000 2.719501457e-06
1001 2.714753606e-06
1002 2.710018768e-06
1003 2.705296895e-06
1004 2.700587936e-06
1005 2.695891846e-06
1006 2.691208575e-06
1007 2.686538076e-06
1008 2.681880302e-06
1009 2.677235205e-06
1010 2.672602739e-06
1011 2.667982856e-06
1012 2.66337551e-06
1013 2.658780655e-06
1014 2.654198244e-06
1015 2.649628232e-06
1016 2.645070572e-06
1017 2.64052522e-06
1018 2.635992131e-06
1019 2.631471258e-06
1020 2.626962557e-06
1021 2.622465985e-06
1022 2.617981495e-06
1023 2.613509044e-06
1024 2.609048588e-06
1025 2.604600083e-06
1026 2.600163485e-06
1027 2.595738752e-06
1028 2.591325839e-06
1029 2.586924704e-06
1030 2.582535304e-06
1031 2.578157596e-06
1032 2.573791538e-06
1033 2.569437088e-06
1034 2.565094203e-06
1035 2.560762843e-06
1036 2.556442964e-06
1037 2.552134526e-06
1038 2.547837487e-06
1039 2.543551806e-06
1040 2.539277443e-06
1041 2.535014357e-06
1042 2.530762506e-06
1043 2.526521852e-06
1044 2.522292353e-06
1045 2.518073969e-06
1046 2.513866662e-06
1047 2.50967039e-06
1048 2.505485116e-06
1049 2.501310799e-06
1050 2.4971474e-06
1051 2.492994881e-06
1052 2.488853203e-06
1053 2.484722327e-06
1054 2.480602214e-06
1055 2.476492828e-06
1056 2.472394129e-06
1057 2.46830608e-06
1058 2.464228643e-06
1059 2.46016178e-06
1060 2.456105454e-06
1061 2.452059629e-06
1062 2.448024266e-06
1063 2.44399933e-06
1064 2.439984783e-06
1065 2.435980588e-06
1066 2.43198671e-06
1067 2.428003113e-06
1068 2.424029759e-06
1069 2.420066614e-06
1070 2.416113642e-06
1071 2.412170806e-06
1072 2.408238072e-06
1073 2.404315405e-06
1074 2.400402768e-06
1075 2.396500128e-06
1076 2.39260745e-06
1077 2.388724698e-06
1078 2.384851839e-06
1079 2.380988837e-06
1080 2.37713566e-06
1081 2.373292272e-06
1082 2.36945864e-06
1083 2.365634731e-06
1084 2.361820509e-06
1085 2.358015944e-06
1086 2.354220999e-06
1087 2.350435644e-06
1088 2.346659844e-06
1089 2.342893568e-06
1090 2.339136781e-06
1091 2.335389452e-06
1092 2.331651547e-06
1093 2.327923036e-06
1094 2.324203885e-06
1095 2.320494063e-06
1096 2.316793538e-06
1097 2.313102277e-06
1098 2.30942025e-06
1099 2.305747425e-06
1100 2.302083771e-06
1101 2.298429256e-06
1102 2.294783849e-06
1103 2.29114752e-06
1104 2.287520237e-06
1105 2.283901971e-06
1106 2.280292689e-06
1107 2.276692363e-06
1108 2.273100961e-06
1109 2.269518454e-06
1110 2.265944812e-06
1111 2.262380005e-06
1112 2.258824002e-06
1113 2.255276775e-06
1114 2.251738293e-06
1115 2.248208528e-06
1116 2.24468745e-06
1117 2.24117503e-06
1118 2.23767124e-06
1119 2.234176049e-06
1120 2.23068943e-06
1121 2.227211353e-06
1122 2.223741791e-06
1123 2.220280715e-06
1124 2.216828096e-06
1125 2.213383907e-06
1126 2.209948119e-06
1127 2.206520705e-06
1128 2.203101636e-06
1129 2.199690886e-06
1130 2.196288425e-06
1131 2.192894228e-06
1132 2.189508266e-06
1133 2.186130513e-06
1134 2.182760941e-06
1135 2.179399523e-06
1136 2.176046233e-06
1137 2.172701043e-06
1138 2.169363927e-06
1139 2.166034859e-06
1140 2.162713811e-06
1141 2.159400758e-06
1142 2.156095674e-06
1143 2.152798532e-06
1144 2.149509306e-06
1145 2.146227971e-06
1146 2.1429545e-06
1147 2.139688868e-06
1148 2.13643105e-06
1149 2.13318102e-06
1150 2.129938752e-06
1151 2.126704221e-06
1152 2.123477402e-06
1153 2.120258271e-06
1154 2.117046801e-06
1155 2.113842969e-06
1156 2.110646749e-06
1157 2.107458118e-06
1158 2.104277049e-06
1159 2.10110352e-06
1160 2.097937505e-06
1161 2.09477898e-06
1162 2.091627921e-06
1163 2.088484305e-06
1164 2.085348107e-06
1165 2.082219303e-06
1166 2.079097869e-06
1167 2.075983783e-06
1168 2.07287702e-06
1169 2.069777556e-06
1170 2.06668537e-06
1171 2.063600436e-06
1172 2.060522733e-06
1173 2.057452236e-06
1174 2.054388924e-06
1175 2.051332772e-06
1176 2.048283759e-06
1177 2.045241861e-06
1178 2.042207057e-06
1179 2.039179322e-06
1180 2.036158636e-06
1181 2.033144975e-06
1182 2.030138318e-06
1183 2.027138641e-06
1184 2.024145924e-06
1185 2.021160144e-06
1186 2.018181279e-06
1187 2.015209307e-06
1188 2.012244207e-06
1189 2.009285957e-06
1190 2.006334535e-06
1191 2.003389921e-06
1192 2.000452091e-06
1193 1.997521026e-06
1194 1.994596705e-06
1195 1.991679104e-06
1196 1.988768205e-06
1197 1.985863986e-06
1198 1.982966425e-06
1199 1.980075503e-06
1200 1.977191198e-06
1201 1.97431349e-06
1202 1.971442358e-06
1203 1.968577782e-06
1204 1.965719742e-06
1205 1.962868216e-06
1206 1.960023185e-06
1207 1.957184629e-06
1208 1.954352528e-06
1209 1.951526861e-06
1210 1.948707609e-06
1211 1.945894752e-06
1212 1.943088269e-06
1213 1.940288142e-06
1214 1.937494351e-06
1215 1.934706877e-06
1216 1.931925698e-06
1217 1.929150798e-06
1218 1.926382155e-06
1219 1.923619752e-06
1220 1.920863568e-06
1221 1.918113584e-06
1222 1.915369783e-06
1223 1.912632144e-06
1224 1.909900648e-06
1225 1.907175278e-06
1226 1.904456015e-06
1227 1.901742839e-06
1228 1.899035732e-06
1229 1.896334675e-06
1230 1.893639651e-06
1231 1.890950641e-06
1232 1.888267626e-06
1233 1.885590589e-06
1234 1.882919511e-06
1235 1.880254374e-06
1236 1.87759516e-06
1237 1.874941851e-06
1238 1.87229443e-06
1239 1.869652878e-06
1240 1.867017178e-06
1241 1.864387312e-06
1242 1.861763263e-06
1243 1.859145012e-06
1244 1.856532543e-06
1245 1.853925839e-06
1246 1.851324881e-06
1247 1.848729652e-06
1248 1.846140136e-06
1249 1.843556316e-06
1250 1.840978173e-06
1251 1.838405692e-06
1252 1.835838854e-06
1253 1.833277644e-06
1254 1.830722045e-06
1255 1.82817204e-06
1256 1.825627611e-06
1257 1.823088743e-06
1258 1.820555419e-06
1259 1.818027622e-06
1260 1.815505337e-06
1261 1.812988546e-06
1262 1.810477233e-06
1263 1.807971383e-06
1264 1.805470978e-06
1265 1.802976003e-06
1266 1.800486442e-06
1267 1.798002278e-06
1268 1.795523497e-06
1269 1.793050081e-06
1270 1.790582015e-06
1271 1.788119283e-06
1272 1.78566187e-06
1273 1.78320976e-06
1274 1.780762937e-06
1275 1.778321386e-06
1276 1.775885091e-06
1277 1.773454037e-06
1278 1.771028208e-06
1279 1.76860759e-06
1280 1.766192167e-06
1281 1.763781924e-06
1282 1.761376845e-06
1283 1.758976915e-06
1284 1.756582121e-06
1285 1.754192446e-06
1286 1.751807875e-06
1287 1.749428394e-06
1288 1.747053989e-06
1289 1.744684643e-06
1290 1.742320343e-06
1291 1.739961074e-06
1292 1.737606822e-06
1293 1.735257571e-06
1294 1.732913307e-06
1295 1.730574016e-06
1296 1.728239684e-06
1297 1.725910296e-06
1298 1.723585838e-06
1299 1.721266296e-06
1300 1.718951655e-06
1301 1.716641901e-06
1302 1.714337021e-06
1303 1.712037001e-06
1304 1.709741825e-06
1305 1.707451482e-06
1306 1.705165955e-06
1307 1.702885233e-06
1308 1.700609301e-06
1309 1.698338145e-06
1310 1.696071752e-06
1311 1.693810107e-06
1312 1.691553199e-06
1313 1.689301012e-06
1314 1.687053534e-06
1315 1.684810751e-06
1316 1.68257265e-06
1317 1.680339217e-06
1318 1.67811044e-06
1319 1.675886304e-06
1320 1.673666797e-06
1321 1.671451906e-06
1322 1.669241618e-06
1323 1.667035919e-06
1324 1.664834797e-06
1325 1.662638238e-06
1326 1.66044623e-06
1327 1.65825876e-06
1328 1.656075815e-06
1329 1.653897382e-06
1330 1.651723449e-06
1331 1.649554003e-06
1332 1.647389031e-06
1333 1.645228521e-06
1334 1.64307246e-06
1335 1.640920836e-06
1336 1.638773637e-06
1337 1.636630849e-06
1338 1.634492461e-06
1339 1.63235846e-06
1340 1.630228834e-06
1341 1.62810357e-06
1342 1.625982658e-06
1343 1.623866084e-06
1344 1.621753836e-06
1345 1.619645902e-06
1346 1.617542271e-06
1347 1.61544293e-06
1348 1.613347868e-06
1349 1.611257072e-06
1350 1.609170531e-06
1351 1.607088233e-06
1352 1.605010165e-06
1353 1.602936318e-06
1354 1.600866678e-06
1355 1.598801234e-06
1356 1.596739974e-06
1357 1.594682888e-06
1358 1.592629963e-06
1359 1.590581188e-06
1360 1.588536552e-06
1361 1.586496043e-06
1362 1.584459649e-06
1363 1.58242736e-06
1364 1.580399165e-06
1365 1.578375051e-06
1366 1.576355008e-06
1367 1.574339025e-06
1368 1.57232709e-06
1369 1.570319193e-06
1370 1.568315322e-06
1371 1.566315467e-06
1372 1.564319616e-06
1373 1.562327759e-06
1374 1.560339884e-06
1375 1.558355981e-06
1376 1.556376039e-06
1377 1.554400047e-06
1378 1.552427994e-06
1379 1.550459871e-06
1380 1.548495665e-06
1381 1.546535367e-06
1382 1.544578966e-06
1383 1.542626451e-06
1384 1.540677811e-06
1385 1.538733037e-06
1386 1.536792118e-06
1387 1.534855044e-06
1388 1.532921803e-06
1389 1.530992386e-06
1390 1.529066783e-06
1391 1.527144983e-06
1392 1.525226975e-06
1393 1.523312751e-06
1394 1.521402299e-06
1395 1.519495609e-06
1396 1.517592672e-06
1397 1.515693477e-06
1398 1.513798014e-06
1399 1.511906273e-06
1400 1.510018245e-06
1401 1.508133919e-06
1402 1.506253285e-06
1403 1.504376334e-06
1404 1.502503056e-06
1405 1.500633441e-06
1406 1.498767479e-06
1407 1.49690516e-06
1408 1.495046475e-06
1409 1.493191415e-06
1410 1.491339969e-06
1411 1.489492128e-06
1412 1.487647882e-06
1413 1.485807222e-06
1414 1.483970138e-06
1415 1.482136621e-06
1416 1.480306661e-06
1417 1.47848025e-06
1418 1.476657377e-06
1419 1.474838033e-06
1420 1.47302221e-06
1421 1.471209897e-06
1422 1.469401085e-06
1423 1.467595766e-06
1424 1.46579393e-06
1425 1.463995567e-06
1426 1.46220067e-06
1427 1.460409228e-06
1428 1.458621232e-06
1429 1.456836674e-06
1430 1.455055545e-06
1431 1.453277835e-06
1432 1.451503536e-06
1433 1.449732639e-06
1434 1.447965134e-06
1435 1.446201014e-06
1436 1.444440268e-06
1437 1.442682889e-06
1438 1.440928867e-06
1439 1.439178195e-06
1440 1.437430862e-06
1441 1.435686861e-06
1442 1.433946182e-06
1443 1.432208818e-06
1444 1.430474759e-06
1445 1.428743997e-06
1446 1.427016524e-06
1447 1.42529233e-06
1448 1.423571408e-06
1449 1.421853749e-06
1450 1.420139345e-06
1451 1.418428186e-06
1452 1.416720266e-06
1453 1.415015575e-06
1454 1.413314104e-06
1455 1.411615847e-06
1456 1.409920794e-06
1457 1.408228938e-06
1458 1.406540269e-06
1459 1.404854781e-06
1460 1.403172464e-06
1461 1.401493311e-06
1462 1.399817313e-06
1463 1.398144463e-06
1464 1.396474752e-06
1465 1.394808173e-06
1466 1.393144716e-06
1467 1.391484375e-06
1468 1.389827142e-06
1469 1.388173008e-06
1470 1.386521966e-06
1471 1.384874007e-06
1472 1.383229124e-06
1473 1.381587309e-06
1474 1.379948554e-06
1475 1.378312852e-06
1476 1.376680195e-06
1477 1.375050574e-06
1478 1.373423983e-06
1479 1.371800414e-06
1480 1.370179858e-06
1481 1.368562309e-06
1482 1.366947758e-06
1483 1.365336199e-06
1484 1.363727623e-06
1485 1.362122024e-06
1486 1.360519393e-06
1487 1.358919723e-06
1488 1.357323006e-06
1489 1.355729236e-06
1490 1.354138405e-06
1491 1.352550505e-06
1492 1.350965529e-06
1493 1.34938347e-06
1494 1.347804321e-06
1495 1.346228073e-06
1496 1.34465472e-06
1497 1.343084255e-06
1498 1.341516671e-06
1499 1.339951959e-06
1500 1.338390114e-06
1501 1.336831127e-06
1502 1.335274992e-06
1503 1.333721702e-06
1504 1.332171249e-06
1505 1.330623627e-06
1506 1.329078828e-06
1507 1.327536846e-06
1508 1.325997673e-06
1509 1.324461302e-06
1510 1.322927727e-06
1511 1.32139694e-06
1512 1.319868935e-06
1513 1.318343705e-06
1514 1.316821243e-06
1515 1.315301542e-06
1516 1.313784595e-06
1517 1.312270395e-06
1518 1.310758936e-06
1519 1.309250211e-06
1520 1.307744213e-06
1521 1.306240935e-06
1522 1.304740371e-06
1523 1.303242515e-06
1524 1.301747358e-06
1525 1.300254895e-06
1526 1.29876512e-06
1527 1.297278025e-06
1528 1.295793604e-06
1529 1.29431185e-06
1530 1.292832758e-06
1531 1.291356319e-06
1532 1.289882529e-06
1533 1.28841138e-06
1534 1.286942866e-06
1535 1.28547698e-06
1536 1.284013717e-06
1537 1.282553069e-06
1538 1.281095031e-06
1539 1.279639596e-06
1540 1.278186757e-06
1541 1.276736509e-06
1542 1.275288845e-06
1543 1.273843758e-06
1544 1.272401243e-06
1545 1.270961294e-06
1546 1.269523903e-06
1547 1.268089066e-06
1548 1.266656775e-06
1549 1.265227024e-06
1550 1.263799809e-06
1551 1.262375121e-06
1552 1.260952955e-06
1553 1.259533306e-06
1554 1.258116167e-06
1555 1.256701531e-06
1556 1.255289394e-06
1557 1.253879748e-06
1558 1.252472589e-06
1559 1.251067909e-06
1560 1.249665704e-06
1561 1.248265966e-06
1562 1.246868691e-06
1563 1.245473872e-06
1564 1.244081503e-06
1565 1.242691579e-06
1566 1.241304094e-06
1567 1.239919041e-06
1568 1.238536415e-06
1569 1.237156211e-06
1570 1.235778422e-06
1571 1.234403042e-06
1572 1.233030067e-06
1573 1.23165949e-06
1574 1.230291305e-06
1575 1.228925507e-06
1576 1.22756209e-06
1577 1.226201049e-06
1578 1.224842378e-06
1579 1.223486071e-06
1580 1.222132122e-06
1581 1.220780526e-06
1582 1.219431278e-06
1583 1.218084372e-06
1584 1.216739802e-06
1585 1.215397563e-06
1586 1.214057649e-06
1587 1.212720055e-06
1588 1.211384776e-06
1589 1.210051805e-06
1590 1.208721138e-06
1591 1.207392769e-06
1592 1.206066692e-06
1593 1.204742903e-06
1594 1.203421395e-06
1595 1.202102164e-06
1596 1.200785205e-06
1597 1.199470511e-06
1598 1.198158077e-06
1599 1.196847899e-06
1600 1.195539971e-06
1601 1.194234287e-06
1602 1.192930843e-06
1603 1.191629633e-06
1604 1.190330652e-06
1605 1.189033895e-06
1606 1.187739356e-06
1607 1.18644703e-06
1608 1.185156913e-06
1609 1.183868999e-06
1610 1.182583283e-06
1611 1.18129976e-06
1612 1.180018425e-06
1613 1.178739272e-06
1614 1.177462297e-06
1615 1.176187495e-06
1616 1.17491486e-06
1617 1.173644387e-06
1618 1.172376072e-06
1619 1.17110991e-06
1620 1.169845895e-06
1621 1.168584023e-06
1622 1.167324288e-06
1623 1.166066686e-06
1624 1.164811211e-06
1625 1.16355786e-06
1626 1.162306626e-06
1627 1.161057506e-06
1628 1.159810494e-06
1629 1.158565585e-06
1630 1.157322775e-06
1631 1.156082058e-06
1632 1.15484343e-06
1633 1.153606887e-06
1634 1.152372423e-06
1635 1.151140033e-06
1636 1.149909713e-06
1637 1.148681458e-06
1638 1.147455264e-06
1639 1.146231125e-06
1640 1.145009038e-06
1641 1.143788996e-06
1642 1.142570996e-06
1643 1.141355033e-06
1644 1.140141102e-06
1645 1.138929199e-06
1646 1.13771932e-06
1647 1.136511458e-06
1648 1.13530561e-06
1649 1.134101772e-06
1650 1.132899938e-06
1651 1.131700105e-06
1652 1.130502267e-06
1653 1.129306421e-06
1654 1.12811256e-06
1655 1.126920683e-06
1656 1.125730782e-06
1657 1.124542855e-06
1658 1.123356897e-06
1659 1.122172902e-06
1660 1.120990868e-06
1661 1.119810789e-06
1662 1.118632661e-06
1663 1.117456479e-06
1664 1.11628224e-06
1665 1.115109939e-06
1666 1.113939571e-06
1667 1.112771132e-06
1668 1.111604618e-06
1669 1.110440024e-06
1670 1.109277347e-06
1671 1.108116581e-06
1672 1.106957723e-06
1673 1.105800769e-06
1674 1.104645713e-06
1675 1.103492552e-06
1676 1.102341282e-06
1677 1.101191898e-06
1678 1.100044397e-06
1679 1.098898773e-06
1680 1.097755023e-06
1681 1.096613142e-06
1682 1.095473127e-06
1683 1.094334973e-06
1684 1.093198677e-06
1685 1.092064233e-06
1686 1.090931638e-06
1687 1.089800888e-06
1688 1.088671978e-06
1689 1.087544906e-06
1690 1.086419665e-06
1691 1.085296253e-06
1692 1.084174666e-06
1693 1.083054898e-06
1694 1.081936948e-06
1695 1.080820809e-06
1696 1.079706479e-06
1697 1.078593953e-06
1698 1.077483227e-06
1699 1.076374298e-06
1700 1.075267161e-06
1701 1.074161813e-06
1702 1.073058249e-06
1703 1.071956466e-06
1704 1.070856459e-06
1705 1.069758225e-06
1706 1.06866176e-06
1707 1.067567061e-06
1708 1.066474122e-06
1709 1.06538294e-06
1710 1.064293512e-06
1711 1.063205834e-06
1712 1.062119901e-06
1713 1.06103571e-06
1714 1.059953257e-06
1715 1.058872539e-06
1716 1.057793551e-06
1717 1.05671629e-06
1718 1.055640752e-06
1719 1.054566933e-06
1720 1.053494829e-06
1721 1.052424438e-06
1722 1.051355754e-06
1723 1.050288775e-06
1724 1.049223496e-06
1725 1.048159914e-06
1726 1.047098026e-06
1727 1.046037827e-06
1728 1.044979313e-06
1729 1.043922483e-06
1730 1.04286733e-06
1731 1.041813853e-06
1732 1.040762047e-06
1733 1.039711909e-06
1734 1.038663435e-06
1735 1.037616621e-06
1736 1.036571465e-06
1737 1.035527961e-06
1738 1.034486108e-06
1739 1.033445901e-06
1740 1.032407336e-06
1741 1.031370411e-06
1742 1.030335121e-06
1743 1.029301464e-06
1744 1.028269435e-06
1745 1.027239031e-06
1746 1.026210249e-06
1747 1.025183085e-06
1748 1.024157536e-06
1749 1.023133598e-06
1750 1.022111267e-06
1751 1.021090541e-06
1752 1.020071416e-06
1753 1.019053889e-06
1754 1.018037955e-06
1755 1.017023612e-06
1756 1.016010857e-06
1757 1.014999685e-06
1758 1.013990094e-06
1759 1.01298208e-06
1760 1.01197564e-06
1761 1.01097077e-06
1762 1.009967468e-06
1763 1.008965729e-06
1764 1.007965551e-06
1765 1.006966929e-06
1766 1.005969862e-06
1767 1.004974345e-06
1768 1.003980375e-06
1769 1.00298795e-06
1770 1.001997065e-06
1771 1.001007717e-06
1772 1.000019904e-06
1773 9.990336216e-07
1774 9.98048867e-07
1775 9.970656369e-07
1776 9.96083928e-07
1777 9.951037373e-07
1778 9.941250614e-07
1779 9.931478971e-07
1780 9.921722414e-07
1781 9.91198091e-07
1782 9.902254427e-07
1783 9.892542935e-07
1784 9.882846401e-07
1785 9.873164794e-07
1786 9.863498083e-07
1787 9.853846237e-07
1788 9.844209224e-07
1789 9.834587014e-07
1790 9.824979574e-07
1791 9.815386876e-07
1792 9.805808887e-07
1793 9.796245577e-07
1794 9.786696915e-07
1795 9.77716287e-07
1796 9.767643413e-07
1797 9.758138513e-07
1798 9.748648139e-07
1799 9.739172261e-07
1800 9.72971085e-07
1801 9.720263874e-07
1802 9.710831304e-07
1803 9.70141311e-07
1804 9.692009262e-07
1805 9.68261973e-07
1806 9.673244485e-07
1807 9.663883497e-07
1808 9.654536736e-07
1809 9.645204173e-07
1810 9.635885779e-07
1811 9.626581524e-07
1812 9.617291379e-07
1813 9.608015315e-07
1814 9.598753302e-07
1815 9.589505313e-07
1816 9.580271317e-07
1817 9.571051286e-07
1818 9.561845191e-07
1819 9.552653003e-07
1820 9.543474695e-07
1821 9.534310236e-07
1822 9.5251596e-07
1823 9.516022756e-07
1824 9.506899678e-07
1825 9.497790337e-07
1826 9.488694704e-07
1827 9.479612751e-07
1828 9.470544451e-07
1829 9.461489775e-07
1830 9.452448696e-07
1831 9.443421186e-07
1832 9.434407216e-07
1833 9.42540676e-07
1834 9.41641979e-07
1835 9.407446277e-07
1836 9.398486196e-07
1837 9.389539517e-07
1838 9.380606215e-07
1839 9.371686261e-07
1840 9.362779629e-07
1841 9.353886291e-07
1842 9.34500622e-07
1843 9.33613939e-07
1844 9.327285773e-07
1845 9.318445343e-07
1846 9.309618072e-07
1847 9.300803935e-07
1848 9.292002905e-07
1849 9.283214954e-07
1850 9.274440057e-07
1851 9.265678186e-07
1852 9.256929317e-07
1853 9.248193422e-07
1854 9.239470475e-07
1855 9.23076045e-07
1856 9.222063321e-07
1857 9.213379062e-07
1858 9.204707647e-07
1859 9.19604905e-07
1860 9.187403245e-07
1861 9.178770206e-07
1862 9.170149909e-07
1863 9.161542326e-07
1864 9.152947433e-07
1865 9.144365205e-07
1866 9.135795615e-07
1867 9.127238638e-07
1868 9.118694249e-07
1869 9.110162423e-07
1870 9.101643134e-07
1871 9.093136358e-07
1872 9.08464207e-07
1873 9.076160244e-07
1874 9.067690855e-07
1875 9.059233879e-07
1876 9.050789291e-07
1877 9.042357066e-07
1878 9.03393718e-07
1879 9.025529607e-07
1880 9.017134324e-07
1881 9.008751305e-07
1882 9.000380527e-07
1883 8.992021966e-07
1884 8.983675595e-07
1885 8.975341393e-07
1886 8.967019333e-07
1887 8.958709393e-07
1888 8.950411548e-07
1889 8.942125775e-07
1890 8.933852048e-07
1891 8.925590345e-07
1892 8.917340642e-07
1893 8.909102914e-07
1894 8.900877138e-07
1895 8.892663291e-07
1896 8.884461349e-07
1897 8.876271288e-07
1898 8.868093086e-07
1899 8.859926717e-07
1900 8.85177216e-07
1901 8.843629391e-07
1902 8.835498387e-07
1903 8.827379124e-07
1904 8.819271579e-07
1905 8.81117573e-07
1906 8.803091553e-07
1907 8.795019026e-07
1908 8.786958125e-07
1909 8.778908828e-07
1910 8.770871111e-07
1911 8.762844953e-07
1912 8.754830331e-07
1913 8.746827222e-07
1914 8.738835603e-07
1915 8.730855452e-07
1916 8.722886747e-07
1917 8.714929465e-07
1918 8.706983583e-07
1919 8.699049081e-07
1920 8.691125935e-07
1921 8.683214123e-07
1922 8.675313623e-07
1923 8.667424413e-07
1924 8.659546471e-07
1925 8.651679776e-07
1926 8.643824304e-07
1927 8.635980035e-07
1928 8.628146947e-07
1929 8.620325018e-07
1930 8.612514226e-07
1931 8.60471455e-07
1932 8.596925968e-07
1933 8.589148459e-07
1934 8.581382001e-07
1935 8.573626572e-07
1936 8.565882152e-07
1937 8.558148719e-07
1938 8.550426252e-07
1939 8.54271473e-07
1940 8.535014131e-07
1941 8.527324434e-07
1942 8.519645619e-07
1943 8.511977665e-07
1944 8.50432055e-07
1945 8.496674253e-07
1946 8.489038755e-07
1947 8.481414033e-07
1948 8.473800067e-07
1949 8.466196838e-07
1950 8.458604323e-07
1951 8.451022502e-07
1952 8.443451355e-07
1953 8.435890862e-07
1954 8.428341002e-07
1955 8.420801754e-07
1956 8.413273098e-07
1957 8.405755014e-07
1958 8.398247482e-07
1959 8.390750482e-07
1960 8.383263993e-07
1961 8.375787995e-07
1962 8.368322468e-07
1963 8.360867393e-07
1964 8.353422749e-07
1965 8.345988516e-07
1966 8.338564675e-07
1967 8.331151206e-07
1968 8.323748089e-07
1969 8.316355304e-07
1970 8.308972831e-07
1971 8.301600652e-07
1972 8.294238747e-07
1973 8.286887095e-07
1974 8.279545678e-07
1975 8.272214476e-07
1976 8.26489347e-07
1977 8.25758264e-07
1978 8.250281967e-07
1979 8.242991433e-07
1980 8.235711016e-07
1981 8.2284407e-07
1982 8.221180464e-07
1983 8.213930289e-07
1984 8.206690157e-07
1985 8.199460049e-07
1986 8.192239944e-07
1987 8.185029826e-07
1988 8.177829674e-07
1989 8.170639471e-07
1990 8.163459197e-07
1991 8.156288833e-07
1992 8.149128362e-07
1993 8.141977764e-07
1994 8.13483702e-07
1995 8.127706114e-07
1996 8.120585025e-07
1997 8.113473735e-07
1998 8.106372227e-07
1999 8.099280481e-07
2000 8.09219848e-07
2001 8.085126205e-07
2002 8.078063638e-07
2003 8.07101076e-07
2004 8.063967555e-07
2005 8.056934003e-07
2006 8.049910087e-07
2007 8.042895788e-07
2008 8.035891089e-07
2009 8.028895972e-07
2010 8.021910419e-07
2011 8.014934411e-07
2012 8.007967932e-07
2013 8.001010964e-07
2014 7.994063488e-07
2015 7.987125488e-07
2016 7.980196945e-07
2017 7.973277842e-07
2018 7.966368162e-07
2019 7.959467887e-07
2020 7.952576999e-07
2021 7.945695481e-07
2022 7.938823317e-07
2023 7.931960487e-07
2024 7.925106976e-07
2025 7.918262766e-07
2026 7.911427839e-07
2027 7.904602179e-07
2028 7.897785769e-07
2029 7.89097859e-07
2030 7.884180627e-07
2031 7.877391863e-07
2032 7.870612279e-07
2033 7.863841861e-07
2034 7.857080589e-07
2035 7.850328449e-07
2036 7.843585422e-07
2037 7.836851492e-07
2038 7.830126643e-07
2039 7.823410857e-07
2040 7.816704119e-07
2041 7.81000641e-07
2042 7.803317716e-07
2043 7.796638019e-07
2044 7.789967303e-07
2045 7.783305551e-07
2046 7.776652748e-07
2047 7.770008875e-07
2048 7.763373918e-07
2049 7.75674786e-07
2050 7.750130685e-07
2051 7.743522376e-07
2052 7.736922917e-07
2053 7.730332293e-07
2054 7.723750486e-07
2055 7.717177481e-07
2056 7.710613262e-07
2057 7.704057813e-07
2058 7.697511118e-07
2059 7.69097316e-07
2060 7.684443925e-07
2061 7.677923396e-07
2062 7.671411557e-07
2063 7.664908393e-07
2064 7.658413887e-07
2065 7.651928025e-07
2066 7.64545079e-07
2067 7.638982167e-07
2068 7.63252214e-07
2069 7.626070694e-07
2070 7.619627812e-07
2071 7.613193481e-07
2072 7.606767683e-07
2073 7.600350404e-07
2074 7.593941629e-07
2075 7.587541341e-07
2076 7.581149526e-07
2077 7.574766168e-07
2078 7.568391252e-07
2079 7.562024764e-07
2080 7.555666686e-07
2081 7.549317006e-07
2082 7.542975707e-07
2083 7.536642774e-07
2084 7.530318192e-07
2085 7.524001947e-07
2086 7.517694023e-07
2087 7.511394405e-07
2088 7.505103079e-07
2089 7.498820029e-07
2090 7.492545241e-07
2091 7.4862787e-07
2092 7.480020392e-07
2093 7.4737703e-07
2094 7.467528412e-07
2095 7.461294711e-07
2096 7.455069184e-07
2097 7.448851815e-07
2098 7.442642591e-07
2099 7.436441496e-07
2100 7.430248517e-07
2101 7.424063638e-07
2102 7.417886846e-07
2103 7.411718125e-07
2104 7.405557462e-07
2105 7.399404842e-07
2106 7.393260251e-07
2107 7.387123674e-07
2108 7.380995098e-07
2109 7.374874507e-07
2110 7.368761889e-07
2111 7.362657228e-07
2112 7.356560511e-07
2113 7.350471723e-07
2114 7.344390851e-07
2115 7.33831788e-07
2116 7.332252797e-07
2117 7.326195587e-07
2118 7.320146237e-07
2119 7.314104732e-07
2120 7.308071059e-07
2121 7.302045204e-07
2122 7.296027153e-07
2123 7.290016893e-07
2124 7.284014409e-07
2125 7.278019688e-07
2126 7.272032716e-07
2127 7.26605348e-07
2128 7.260081966e-07
2129 7.25411816e-07
2130 7.248162049e-07
2131 7.242213619e-07
2132 7.236272857e-07
2133 7.230339749e-07
2134 7.224414282e-07
2135 7.218496443e-07
2136 7.212586217e-07
2137 7.206683592e-07
2138 7.200788555e-07
2139 7.194901091e-07
2140 7.189021189e-07
2141 7.183148834e-07
2142 7.177284013e-07
2143 7.171426714e-07
2144 7.165576922e-07
2145 7.159734626e-07
2146 7.153899811e-07
2147 7.148072465e-07
2148 7.142252575e-07
2149 7.136440128e-07
2150 7.13063511e-07
2151 7.124837509e-07
2152 7.119047312e-07
2153 7.113264507e-07
2154 7.107489079e-07
2155 7.101721017e-07
2156 7.095960307e-07
2157 7.090206937e-07
2158 7.084460894e-07
2159 7.078722165e-07
2160 7.072990738e-07
2161 7.0672666e-07
2162 7.061549738e-07
2163 7.055840139e-07
2164 7.050137792e-07
2165 7.044442684e-07
2166 7.038754801e-07
2167 7.033074133e-07
2168 7.027400665e-07
2169 7.021734386e-07
2170 7.016075283e-07
2171 7.010423343e-07
2172 7.004778556e-07
2173 6.999140907e-07
2174 6.993510385e-07
2175 6.987886978e-07
2176 6.982270673e-07
2177 6.976661459e-07
2178 6.971059322e-07
2179 6.965464251e-07
2180 6.959876233e-07
2181 6.954295257e-07
2182 6.94872131e-07
2183 6.94315438e-07
2184 6.937594456e-07
2185 6.932041525e-07
2186 6.926495575e-07
2187 6.920956594e-07
2188 6.915424571e-07
2189 6.909899493e-07
2190 6.904381348e-07
2191 6.898870126e-07
2192 6.893365813e-07
2193 6.887868398e-07
2194 6.882377869e-07
2195 6.876894215e-07
2196 6.871417424e-07
2197 6.865947484e-07
2198 6.860484383e-07
2199 6.855028109e-07
2200 6.849578652e-07
2201 6.844135999e-07
2202 6.83870014e-07
2203 6.833271061e-07
2204 6.827848753e-07
2205 6.822433202e-07
2206 6.817024399e-07
2207 6.811622331e-07
2208 6.806226986e-07
2209 6.800838355e-07
2210 6.795456424e-07
2211 6.790081183e-07
2212 6.784712621e-07
2213 6.779350726e-07
2214 6.773995486e-07
2215 6.768646892e-07
2216 6.76330493e-07
2217 6.757969591e-07
2218 6.752640863e-07
2219 6.747318734e-07
2220 6.742003194e-07
2221 6.736694232e-07
2222 6.731391836e-07
2223 6.726095996e-07
2224 6.720806699e-07
2225 6.715523936e-07
2226 6.710247696e-07
2227 6.704977966e-07
2228 6.699714737e-07
2229 6.694457998e-07
2230 6.689207737e-07
2231 6.683963944e-07
2232 6.678726607e-07
2233 6.673495717e-07
2234 6.668271261e-07
2235 6.66305323e-07
2236 6.657841612e-07
2237 6.652636398e-07
2238 6.647437575e-07
2239 6.642245134e-07
2240 6.637059064e-07
2241 6.631879353e-07
2242 6.626705992e-07
2243 6.62153897e-07
2244 6.616378277e-07
2245 6.6112239e-07
2246 6.606075832e-07
2247 6.600934059e-07
2248 6.595798573e-07
2249 6.590669363e-07
2250 6.585546417e-07
2251 6.580429727e-07
2252 6.575319281e-07
2253 6.570215068e-07
2254 6.56511708e-07
2255 6.560025304e-07
2256 6.554939732e-07
2257 6.549860352e-07
2258 6.544787155e-07
2259 6.53972013e-07
2260 6.534659267e-07
2261 6.529604555e-07
2262 6.524555985e-07
2263 6.519513546e-07
2264 6.514477228e-07
2265 6.509447021e-07
2266 6.504422915e-07
2267 6.4994049e-07
2268 6.494392966e-07
2269 6.489387103e-07
2270 6.4843873e-07
2271 6.479393548e-07
2272 6.474405837e-07
2273 6.469424156e-07
2274 6.464448496e-07
2275 6.459478847e-07
2276 6.454515199e-07
2277 6.449557543e-07
2278 6.444605867e-07
2279 6.439660163e-07
2280 6.434720421e-07
2281 6.42978663e-07
2282 6.424858781e-07
2283 6.419936865e-07
2284 6.415020871e-07
2285 6.410110791e-07
2286 6.405206613e-07
2287 6.400308329e-07
2288 6.395415928e-07
2289 6.390529402e-07
2290 6.38564874e-07
2291 6.380773934e-07
2292 6.375904972e-07
2293 6.371041847e-07
2294 6.366184548e-07
2295 6.361333066e-07
2296 6.356487391e-07
2297 6.351647514e-07
2298 6.346813425e-07
2299 6.341985115e-07
2300 6.337162575e-07
2301 6.332345795e-07
2302 6.327534765e-07
2303 6.322729477e-07
2304 6.317929921e-07
2305 6.313136088e-07
2306 6.308347968e-07
2307 6.303565553e-07
2308 6.298788832e-07
2309 6.294017797e-07
2310 6.289252438e-07
2311 6.284492747e-07
2312 6.279738714e-07
2313 6.274990329e-07
2314 6.270247584e-07
2315 6.26551047e-07
2316 6.260778977e-07
2317 6.256053097e-07
2318 6.25133282e-07
2319 6.246618137e-07
2320 6.24190904e-07
2321 6.237205518e-07
2322 6.232507564e-07
2323 6.227815168e-07
2324 6.223128321e-07
2325 6.218447015e-07
2326 6.21377124e-07
2327 6.209100987e-07
2328 6.204436248e-07
2329 6.199777014e-07
2330 6.195123276e-07
2331 6.190475024e-07
2332 6.185832251e-07
2333 6.181194947e-07
2334 6.176563104e-07
2335 6.171936713e-07
2336 6.167315764e-07
2337 6.162700251e-07
2338 6.158090162e-07
2339 6.153485491e-07
2340 6.148886228e-07
2341 6.144292365e-07
2342 6.139703893e-07
2343 6.135120803e-07
2344 6.130543086e-07
2345 6.125970735e-07
2346 6.121403741e-07
2347 6.116842095e-07
2348 6.112285788e-07
2349 6.107734812e-07
2350 6.103189159e-07
2351 6.098648819e-07
2352 6.094113786e-07
2353 6.089584049e-07
2354 6.085059601e-07
2355 6.080540433e-07
2356 6.076026537e-07
2357 6.071517905e-07
2358 6.067014527e-07
2359 6.062516397e-07
2360 6.058023505e-07
2361 6.053535842e-07
2362 6.049053402e-07
2363 6.044576175e-07
2364 6.040104154e-07
2365 6.035637329e-07
2366 6.031175693e-07
2367 6.026719238e-07
2368 6.022267955e-07
2369 6.017821837e-07
2370 6.013380874e-07
2371 6.008945059e-07
2372 6.004514384e-07
2373 6.000088841e-07
2374 5.995668421e-07
2375 5.991253116e-07
2376 5.986842919e-07
2377 5.982437821e-07
2378 5.978037814e-07
2379 5.973642891e-07
2380 5.969253043e-07
2381 5.964868262e-07
2382 5.96048854e-07
2383 5.95611387e-07
2384 5.951744243e-07
2385 5.947379651e-07
2386 5.943020087e-07
2387 5.938665543e-07
2388 5.93431601e-07
2389 5.929971481e-07
2390 5.925631949e-07
2391 5.921297404e-07
2392 5.916967841e-07
2393 5.912643249e-07
2394 5.908323623e-07
2395 5.904008953e-07
2396 5.899699233e-07
2397 5.895394454e-07
2398 5.89109461e-07
2399 5.886799691e-07
2400 5.882509691e-07
2401 5.878224602e-07
2402 5.873944415e-07
2403 5.869669124e-07
2404 5.865398721e-07
2405 5.861133199e-07
2406 5.856872548e-07
2407 5.852616763e-07
2408 5.848365835e-07
2409 5.844119758e-07
2410 5.839878522e-07
2411 5.835642121e-07
2412 5.831410548e-07
2413 5.827183794e-07
2414 5.822961853e-07
2415 5.818744717e-07
2416 5.814532378e-07
2417 5.810324829e-07
2418 5.806122062e-07
2419 5.801924071e-07
2420 5.797730847e-07
2421 5.793542384e-07
2422 5.789358674e-07
2423 5.785179709e-07
2424 5.781005483e-07
2425 5.776835987e-07
2426 5.772671216e-07
2427 5.76851116e-07
2428 5.764355814e-07
2429 5.76020517e-07
2430 5.75605922e-07
2431 5.751917958e-07
2432 5.747781375e-07
2433 5.743649466e-07
2434 5.739522222e-07
2435 5.735399637e-07
2436 5.731281703e-07
2437 5.727168413e-07
2438 5.723059761e-07
2439 5.718955738e-07
2440 5.714856338e-07
2441 5.710761554e-07
2442 5.706671379e-07
2443 5.702585805e-07
2444 5.698504825e-07
2445 5.694428433e-07
2446 5.690356622e-07
2447 5.686289384e-07
2448 5.682226712e-07
2449 5.6781686e-07
2450 5.674115041e-07
2451 5.670066027e-07
2452 5.666021551e-07
2453 5.661981607e-07
2454 5.657946188e-07
2455 5.653915286e-07
2456 5.649888896e-07
2457 5.645867009e-07
2458 5.64184962e-07
2459 5.637836721e-07
2460 5.633828305e-07
2461 5.629824366e-07
2462 5.625824897e-07
2463 5.621829891e-07
2464 5.617839341e-07
2465 5.613853241e-07
2466 5.609871583e-07
2467 5.605894361e-07
2468 5.601921568e-07
2469 5.597953198e-07
2470 5.593989244e-07
2471 5.590029698e-07
2472 5.586074555e-07
2473 5.582123808e-07
2474 5.57817745e-07
2475 5.574235474e-07
2476 5.570297874e-07
2477 5.566364643e-07
2478 5.562435775e-07
2479 5.558511263e-07
2480 5.5545911e-07
2481 5.550675279e-07
2482 5.546763796e-07
2483 5.542856641e-07
2484 5.53895381e-07
2485 5.535055296e-07
2486 5.531161091e-07
2487 5.527271191e-07
2488 5.523385587e-07
2489 5.519504274e-07
2490 5.515627246e-07
2491 5.511754495e-07
2492 5.507886015e-07
2493 5.504021801e-07
2494 5.500161845e-07
2495 5.496306141e-07
2496 5.492454682e-07
2497 5.488607464e-07
2498 5.484764478e-07
2499 5.480925718e-07
2500 5.47709118e-07
2501 5.473260855e-07
2502 5.469434737e-07
2503 5.465612822e-07
2504 5.461795101e-07
2505 5.457981569e-07
2506 5.454172219e-07
2507 5.450367046e-07
2508 5.446566043e-07
2509 5.442769204e-07
2510 5.438976522e-07
2511 5.435187992e-07
2512 5.431403607e-07
2513 5.427623361e-07
2514 5.423847248e-07
2515 5.420075261e-07
2516 5.416307396e-07
2517 5.412543644e-07
2518 5.408784001e-07
2519 5.40502846e-07
2520 5.401277015e-07
2521 5.39752966e-07
2522 5.393786389e-07
2523 5.390047196e-07
2524 5.386312074e-07
2525 5.382581018e-07
2526 5.378854022e-07
2527 5.37513108e-07
2528 5.371412185e-07
2529 5.367697332e-07
2530 5.363986515e-07
2531 5.360279728e-07
2532 5.356576964e-07
2533 5.352878218e-07
2534 5.349183484e-07
2535 5.345492755e-07
2536 5.341806027e-07
2537 5.338123293e-07
2538 5.334444547e-07
2539 5.330769783e-07
2540 5.327098996e-07
2541 5.32343218e-07
2542 5.319769328e-07
2543 5.316110434e-07
2544 5.312455494e-07
2545 5.308804502e-07
2546 5.30515745e-07
2547 5.301514334e-07
2548 5.297875148e-07
2549 5.294239886e-07
2550 5.290608543e-07
2551 5.286981111e-07
2552 5.283357587e-07
2553 5.279737964e-07
2554 5.276122236e-07
2555 5.272510397e-07
2556 5.268902442e-07
2557 5.265298366e-07
2558 5.261698162e-07
2559 5.258101825e-07
2560 5.254509349e-07
2561 5.250920729e-07
2562 5.247335958e-07
2563 5.243755032e-07
2564 5.240177944e-07
2565 5.23660469e-07
2566 5.233035263e-07
2567 5.229469657e-07
2568 5.225907868e-07
2569 5.22234989e-07
2570 5.218795717e-07
2571 5.215245343e-07
2572 5.211698764e-07
2573 5.208155973e-07
2574 5.204616965e-07
2575 5.201081734e-07
2576 5.197550276e-07
2577 5.194022584e-07
2578 5.190498653e-07
2579 5.186978478e-07
2580 5.183462052e-07
2581 5.179949372e-07
2582 5.176440431e-07
2583 5.172935223e-07
2584 5.169433744e-07
2585 5.165935988e-07
2586 5.16244195e-07
2587 5.158951623e-07
2588 5.155465004e-07
2589 5.151982086e-07
2590 5.148502864e-07
2591 5.145027333e-07
2592 5.141555488e-07
2593 5.138087322e-07
2594 5.134622831e-07
2595 5.13116201e-07
2596 5.127704853e-07
2597 5.124251355e-07
2598 5.12080151e-07
2599 5.117355314e-07
2600 5.113912761e-07
2601 5.110473846e-07
2602 5.107038563e-07
2603 5.103606908e-07
2604 5.100178875e-07
2605 5.096754459e-07
2606 5.093333654e-07
2607 5.089916456e-07
2608 5.08650286e-07
2609 5.083092859e-07
2610 5.07968645e-07
2611 5.076283626e-07
2612 5.072884383e-07
2613 5.069488716e-07
2614 5.06609662e-07
2615 5.062708088e-07
2616 5.059323117e-07
2617 5.055941701e-07
2618 5.052563835e-07
2619 5.049189514e-07
2620 5.045818733e-07
2621 5.042451486e-07
2622 5.03908777e-07
2623 5.035727578e-07
2624 5.032370906e-07
2625 5.029017748e-07
2626 5.025668101e-07
2627 5.022321958e-07
2628 5.018979314e-07
2629 5.015640165e-07
2630 5.012304506e-07
2631 5.008972332e-07
2632 5.005643637e-07
2633 5.002318417e-07
2634 4.998996667e-07
2635 4.995678382e-07
2636 4.992363557e-07
2637 4.989052187e-07
2638 4.985744267e-07
2639 4.982439792e-07
2640 4.979138758e-07
2641 4.975841159e-07
2642 4.972546991e-07
2643 4.969256248e-07
2644 4.965968927e-07
2645 4.962685021e-07
2646 4.959404527e-07
2647 4.956127439e-07
2648 4.952853753e-07
2649 4.949583463e-07
2650 4.946316566e-07
2651 4.943053055e-07
2652 4.939792927e-07
2653 4.936536176e-07
2654 4.933282798e-07
2655 4.930032789e-07
2656 4.926786142e-07
2657 4.923542854e-07
2658 4.92030292e-07
2659 4.917066335e-07
2660 4.913833094e-07
2661 4.910603193e-07
2662 4.907376627e-07
2663 4.904153392e-07
2664 4.900933481e-07
2665 4.897716892e-07
2666 4.894503619e-07
2667 4.891293657e-07
2668 4.888087003e-07
2669 4.88488365e-07
2670 4.881683596e-07
2671 4.878486834e-07
2672 4.875293361e-07
2673 4.872103171e-07
2674 4.868916261e-07
2675 4.865732625e-07
2676 4.862552259e-07
2677 4.859375159e-07
2678 4.856201319e-07
2679 4.853030736e-07
2680 4.849863404e-07
2681 4.84669932e-07
2682 4.843538478e-07
2683 4.840380875e-07
2684 4.837226505e-07
2685 4.834075364e-07
2686 4.830927447e-07
2687 4.827782751e-07
2688 4.824641271e-07
2689 4.821503001e-07
2690 4.818367938e-07
2691 4.815236077e-07
2692 4.812107414e-07
2693 4.808981944e-07
2694 4.805859663e-07
2695 4.802740567e-07
2696 4.79962465e-07
2697 4.796511909e-07
2698 4.793402339e-07
2699 4.790295935e-07
2700 4.787192694e-07
2701 4.784092611e-07
2702 4.780995682e-07
2703 4.777901901e-07
2704 4.774811266e-07
2705 4.771723771e-07
2706 4.768639412e-07
2707 4.765558185e-07
2708 4.762480085e-07
2709 4.759405108e-07
2710 4.75633325e-07
2711 4.753264507e-07
2712 4.750198873e-07
2713 4.747136346e-07
2714 4.74407692e-07
2715 4.741020592e-07
2716 4.737967356e-07
2717 4.734917209e-07
2718 4.731870147e-07
2719 4.728826165e-07
2720 4.725785259e-07
2721 4.722747425e-07
2722 4.719712658e-07
2723 4.716680955e-07
2724 4.71365231e-07
2725 4.710626721e-07
2726 4.707604182e-07
2727 4.70458469e-07
2728 4.70156824e-07
2729 4.698554828e-07
2730 4.695544451e-07
2731 4.692537102e-07
2732 4.68953278e-07
2733 4.686531479e-07
2734 4.683533196e-07
2735 4.680537925e-07
2736 4.677545664e-07
2737 4.674556408e-07
2738 4.671570152e-07
2739 4.668586894e-07
2740 4.665606627e-07
2741 4.66262935e-07
2742 4.659655057e-07
2743 4.656683744e-07
2744 4.653715408e-07
2745 4.650750044e-07
2746 4.647787648e-07
2747 4.644828216e-07
2748 4.641871745e-07
2749 4.638918229e-07
2750 4.635967666e-07
2751 4.63302005e-07
2752 4.630075379e-07
2753 4.627133647e-07
2754 4.624194851e-07
2755 4.621258988e-07
2756 4.618326052e-07
2757 4.615396041e-07
2758 4.61246895e-07
2759 4.609544774e-07
2760 4.606623511e-07
2761 4.603705156e-07
2762 4.600789705e-07
2763 4.597877155e-07
2764 4.594967501e-07
2765 4.592060739e-07
2766 4.589156866e-07
2767 4.586255877e-07
2768 4.583357769e-07
2769 4.580462538e-07
2770 4.57757018e-07
2771 4.574680691e-07
2772 4.571794066e-07
2773 4.568910304e-07
2774 4.566029398e-07
2775 4.563151346e-07
2776 4.560276144e-07
2777 4.557403788e-07
2778 4.554534274e-07
2779 4.551667597e-07
2780 4.548803755e-07
2781 4.545942744e-07
2782 4.54308456e-07
2783 4.540229198e-07
2784 4.537376655e-07
2785 4.534526928e-07
2786 4.531680012e-07
2787 4.528835904e-07
2788 4.5259946e-07
2789 4.523156096e-07
2790 4.520320388e-07
2791 4.517487474e-07
2792 4.514657348e-07
2793 4.511830007e-07
2794 4.509005448e-07
2795 4.506183666e-07
2796 4.503364659e-07
2797 4.500548421e-07
2798 4.497734951e-07
2799 4.494924243e-07
2800 4.492116294e-07
2801 4.489311101e-07
2802 4.48650866e-07
2803 4.483708966e-07
2804 4.480912017e-07
2805 4.478117809e-07
2806 4.475326338e-07
2807 4.472537601e-07
2808 4.469751593e-07
2809 4.466968311e-07
2810 4.464187752e-07
2811 4.461409912e-07
2812 4.458634787e-07
2813 4.455862374e-07
2814 4.453092668e-07
2815 4.450325667e-07
2816 4.447561367e-07
2817 4.444799765e-07
2818 4.442040855e-07
2819 4.439284636e-07
2820 4.436531104e-07
2821 4.433780254e-07
2822 4.431032084e-07
2823 4.428286589e-07
2824 4.425543767e-07
2825 4.422803614e-07
2826 4.420066125e-07
2827 4.417331299e-07
2828 4.41459913e-07
2829 4.411869616e-07
2830 4.409142753e-07
2831 4.406418538e-07
2832 4.403696966e-07
2833 4.400978035e-07
2834 4.398261742e-07
2835 4.395548081e-07
2836 4.392837051e-07
2837 4.390128648e-07
2838 4.387422868e-07
2839 4.384719707e-07
2840 4.382019163e-07
2841 4.379321231e-07
2842 4.376625909e-07
2843 4.373933192e-07
2844 4.371243078e-07
2845 4.368555563e-07
2846 4.365870644e-07
2847 4.363188317e-07
2848 4.360508579e-07
2849 4.357831426e-07
2850 4.355156855e-07
2851 4.352484862e-07
2852 4.349815445e-07
2853 4.3471486e-07
2854 4.344484323e-07
2855 4.341822611e-07
2856 4.339163461e-07
2857 4.336506869e-07
2858 4.333852832e-07
2859 4.331201346e-07
2860 4.328552409e-07
2861 4.325906017e-07
2862 4.323262167e-07
2863 4.320620855e-07
2864 4.317982077e-07
2865 4.315345832e-07
2866 4.312712115e-07
2867 4.310080922e-07
2868 4.307452252e-07
2869 4.3048261e-07
2870 4.302202463e-07
2871 4.299581338e-07
2872 4.296962721e-07
2873 4.29434661e-07
2874 4.291733001e-07
2875 4.28912189e-07
2876 4.286513276e-07
2877 4.283907153e-07
2878 4.281303519e-07
2879 4.278702372e-07
2880 4.276103706e-07
2881 4.273507521e-07
2882 4.270913811e-07
2883 4.268322574e-07
2884 4.265733807e-07
2885 4.263147506e-07
2886 4.260563668e-07
2887 4.257982291e-07
2888 4.25540337e-07
2889 4.252826903e-07
2890 4.250252887e-07
2891 4.247681317e-07
2892 4.245112192e-07
2893 4.242545508e-07
2894 4.239981262e-07
2895 4.23741945e-07
2896 4.23486007e-07
2897 4.232303119e-07
2898 4.229748592e-07
2899 4.227196488e-07
2900 4.224646802e-07
2901 4.222099533e-07
2902 4.219554676e-07
2903 4.217012228e-07
2904 4.214472187e-07
2905 4.21193455e-07
2906 4.209399313e-07
2907 4.206866473e-07
2908 4.204336027e-07
2909 4.201807972e-07
2910 4.199282305e-07
2911 4.196759023e-07
2912 4.194238122e-07
2913 4.191719601e-07
2914 4.189203455e-07
2915 4.186689681e-07
2916 4.184178277e-07
2917 4.18166924e-07
2918 4.179162566e-07
2919 4.176658253e-07
2920 4.174156297e-07
2921 4.171656695e-07
2922 4.169159445e-07
2923 4.166664543e-07
2924 4.164171986e-07
2925 4.161681772e-07
2926 4.159193897e-07
2927 4.156708358e-07
2928 4.154225153e-07
2929 4.151744278e-07
2930 4.14926573e-07
2931 4.146789507e-07
2932 4.144315606e-07
2933 4.141844022e-07
2934 4.139374755e-07
2935 4.136907799e-07
2936 4.134443154e-07
2937 4.131980815e-07
2938 4.129520779e-07
2939 4.127063045e-07
2940 4.124607608e-07
2941 4.122154466e-07
2942 4.119703616e-07
2943 4.117255056e-07
2944 4.114808781e-07
2945 4.11236479e-07
2946 4.109923078e-07
2947 4.107483645e-07
2948 4.105046486e-07
2949 4.102611598e-07
2950 4.100178979e-07
2951 4.097748627e-07
2952 4.095320537e-07
2953 4.092894707e-07
2954 4.090471134e-07
2955 4.088049816e-07
2956 4.08563075e-07
2957 4.083213932e-07
2958 4.08079936e-07
2959 4.078387031e-07
2960 4.075976942e-07
2961 4.07356909e-07
2962 4.071163473e-07
2963 4.068760087e-07
2964 4.066358931e-07
2965 4.06396e-07
2966 4.061563292e-07
2967 4.059168805e-07
2968 4.056776536e-07
2969 4.054386481e-07
2970 4.051998638e-07
2971 4.049613005e-07
2972 4.047229578e-07
2973 4.044848354e-07
2974 4.042469332e-07
2975 4.040092507e-07
2976 4.037717878e-07
2977 4.035345441e-07
2978 4.032975194e-07
2979 4.030607134e-07
2980 4.028241259e-07
2981 4.025877565e-07
2982 4.023516049e-07
2983 4.02115671e-07
2984 4.018799544e-07
2985 4.016444549e-07
2986 4.014091722e-07
2987 4.011741059e-07
2988 4.00939256e-07
2989 4.007046219e-07
2990 4.004702036e-07
2991 4.002360007e-07
2992 4.00002013e-07
2993 3.997682402e-07
2994 3.99534682e-07
2995 3.993013381e-07
2996 3.990682084e-07
2997 3.988352924e-07
2998 3.9860259e-07
2999 3.983701009e-07
3000 3.981378248e-07
3001 3.979057615e-07
3002 3.976739106e-07
3003 3.97442272e-07
3004 3.972108453e-07
3005 3.969796303e-07
3006 3.967486268e-07
3007 3.965178344e-07
3008 3.962872529e-07
3009 3.96056882e-07
3010 3.958267215e-07
3011 3.955967711e-07
3012 3.953670306e-07
3013 3.951374997e-07
3014 3.949081781e-07
3015 3.946790656e-07
3016 3.944501619e-07
3017 3.942214667e-07
3018 3.939929798e-07
3019 3.93764701e-07
3020 3.935366299e-07
3021 3.933087664e-07
3022 3.930811101e-07
3023 3.928536608e-07
3024 3.926264183e-07
3025 3.923993822e-07
3026 3.921725524e-07
3027 3.919459286e-07
3028 3.917195105e-07
3029 3.914932978e-07
3030 3.912672904e-07
3031 3.910414879e-07
3032 3.908158902e-07
3033 3.905904969e-07
3034 3.903653078e-07
3035 3.901403226e-07
3036 3.899155412e-07
3037 3.896909632e-07
3038 3.894665884e-07
3039 3.892424165e-07
3040 3.890184473e-07
3041 3.887946806e-07
3042 3.885711161e-07
3043 3.883477535e-07
3044 3.881245927e-07
3045 3.879016332e-07
3046 3.87678875e-07
3047 3.874563177e-07
3048 3.872339612e-07
3049 3.870118051e-07
3050 3.867898492e-07
3051 3.865680933e-07
3052 3.863465371e-07
3053 3.861251803e-07
3054 3.859040229e-07
3055 3.856830644e-07
3056 3.854623046e-07
3057 3.852417434e-07
3058 3.850213804e-07
3059 3.848012154e-07
3060 3.845812482e-07
3061 3.843614785e-07
3062 3.841419061e-07
3063 3.839225308e-07
3064 3.837033522e-07
3065 3.834843702e-07
3066 3.832655846e-07
3067 3.83046995e-07
3068 3.828286013e-07
3069 3.826104032e-07
3070 3.823924004e-07
3071 3.821745928e-07
3072 3.819569801e-07
3073 3.81739562e-07
3074 3.815223383e-07
3075 3.813053089e-07
3076 3.810884733e-07
3077 3.808718315e-07
3078 3.806553831e-07
3079 3.80439128e-07
3080 3.802230658e-07
3081 3.800071965e-07
3082 3.797915196e-07
3083 3.795760351e-07
3084 3.793607426e-07
3085 3.791456419e-07
3086 3.789307329e-07
3087 3.787160152e-07
3088 3.785014886e-07
3089 3.782871529e-07
3090 3.780730079e-07
3091 3.778590534e-07
3092 3.77645289e-07
3093 3.774317146e-07
3094 3.7721833e-07
3095 3.770051349e-07
3096 3.76792129e-07
3097 3.765793122e-07
3098 3.763666843e-07
3099 3.761542449e-07
3100 3.759419939e-07
3101 3.757299311e-07
3102 3.755180561e-07
3103 3.753063689e-07
3104 3.750948691e-07
3105 3.748835566e-07
3106 3.74672431e-07
3107 3.744614923e-07
3108 3.742507401e-07
3109 3.740401742e-07
3110 3.738297945e-07
3111 3.736196006e-07
3112 3.734095924e-07
3113 3.731997696e-07
3114 3.729901321e-07
3115 3.727806795e-07
3116 3.725714117e-07
3117 3.723623285e-07
3118 3.721534296e-07
3119 3.719447148e-07
3120 3.717361838e-07
3121 3.715278366e-07
3122 3.713196727e-07
3123 3.711116921e-07
3124 3.709038945e-07
3125 3.706962797e-07
3126 3.704888474e-07
3127 3.702815975e-07
3128 3.700745297e-07
3129 3.698676438e-07
3130 3.696609396e-07
3131 3.694544169e-07
3132 3.692480754e-07
3133 3.69041915e-07
3134 3.688359354e-07
3135 3.686301363e-07
3136 3.684245177e-07
3137 3.682190793e-07
3138 3.680138208e-07
3139 3.67808742e-07
3140 3.676038428e-07
3141 3.673991229e-07
3142 3.671945821e-07
3143 3.669902202e-07
3144 3.667860369e-07
3145 3.665820322e-07
3146 3.663782056e-07
3147 3.661745571e-07
3148 3.659710864e-07
3149 3.657677934e-07
3150 3.655646777e-07
3151 3.653617392e-07
3152 3.651589777e-07
3153 3.64956393e-07
3154 3.647539848e-07
3155 3.64551753e-07
3156 3.643496973e-07
3157 3.641478176e-07
3158 3.639461136e-07
3159 3.63744585e-07
3160 3.635432318e-07
3161 3.633420537e-07
3162 3.631410505e-07
3163 3.629402219e-07
3164 3.627395679e-07
3165 3.625390881e-07
3166 3.623387823e-07
3167 3.621386504e-07
3168 3.619386922e-07
3169 3.617389074e-07
3170 3.615392959e-07
3171 3.613398574e-07
3172 3.611405917e-07
3173 3.609414986e-07
3174 3.60742578e-07
3175 3.605438296e-07
3176 3.603452532e-07
3177 3.601468486e-07
3178 3.599486156e-07
3179 3.59750554e-07
3180 3.595526637e-07
3181 3.593549443e-07
3182 3.591573957e-07
3183 3.589600178e-07
3184 3.587628102e-07
3185 3.585657729e-07
3186 3.583689055e-07
3187 3.58172208e-07
3188 3.5797568e-07
3189 3.577793214e-07
3190 3.575831321e-07
3191 3.573871117e-07
3192 3.571912602e-07
3193 3.569955773e-07
3194 3.568000627e-07
3195 3.566047164e-07
3196 3.564095381e-07
3197 3.562145276e-07
3198 3.560196847e-07
3199 3.558250093e-07
3200 3.556305011e-07
3201 3.554361599e-07
3202 3.552419855e-07
3203 3.550479778e-07
3204 3.548541365e-07
3205 3.546604615e-07
3206 3.544669526e-07
3207 3.542736095e-07
3208 3.54080432e-07
3209 3.538874201e-07
3210 3.536945734e-07
3211 3.535018918e-07
3212 3.533093751e-07
3213 3.531170232e-07
3214 3.529248357e-07
3215 3.527328126e-07
3216 3.525409535e-07
3217 3.523492585e-07
3218 3.521577271e-07
3219 3.519663593e-07
3220 3.517751549e-07
3221 3.515841137e-07
3222 3.513932354e-07
3223 3.5120252e-07
3224 3.510119671e-07
3225 3.508215767e-07
3226 3.506313485e-07
3227 3.504412823e-07
3228 3.50251378e-07
3229 3.500616354e-07
3230 3.498720542e-07
3231 3.496826343e-07
3232 3.494933755e-07
3233 3.493042777e-07
3234 3.491153405e-07
3235 3.48926564e-07
3236 3.487379477e-07
3237 3.485494917e-07
3238 3.483611956e-07
3239 3.481730593e-07
3240 3.479850827e-07
3241 3.477972654e-07
3242 3.476096074e-07
3243 3.474221085e-07
3244 3.472347685e-07
3245 3.470475871e-07
3246 3.468605643e-07
3247 3.466736998e-07
3248 3.464869935e-07
3249 3.463004451e-07
3250 3.461140544e-07
3251 3.459278214e-07
3252 3.457417458e-07
3253 3.455558275e-07
3254 3.453700662e-07
3255 3.451844618e-07
3256 3.44999014e-07
3257 3.448137228e-07
3258 3.446285879e-07
3259 3.444436092e-07
3260 3.442587865e-07
3261 3.440741195e-07
3262 3.438896082e-07
3263 3.437052523e-07
3264 3.435210516e-07
3265 3.43337006e-07
3266 3.431531154e-07
3267 3.429693795e-07
3268 3.427857981e-07
3269 3.42602371e-07
3270 3.424190982e-07
3271 3.422359794e-07
3272 3.420530144e-07
3273 3.418702031e-07
3274 3.416875453e-07
3275 3.415050408e-07
3276 3.413226894e-07
3277 3.41140491e-07
3278 3.409584454e-07
3279 3.407765524e-07
3280 3.405948118e-07
3281 3.404132235e-07
3282 3.402317873e-07
3283 3.40050503e-07
3284 3.398693705e-07
3285 3.396883895e-07
3286 3.395075599e-07
3287 3.393268815e-07
3288 3.391463542e-07
3289 3.389659778e-07
3290 3.387857521e-07
3291 3.386056769e-07
3292 3.38425752e-07
3293 3.382459774e-07
3294 3.380663528e-07
3295 3.37886878e-07
3296 3.37707553e-07
3297 3.375283774e-07
3298 3.373493512e-07
3299 3.371704741e-07
3300 3.369917461e-07
3301 3.368131668e-07
3302 3.366347363e-07
3303 3.364564542e-07
3304 3.362783205e-07
3305 3.361003349e-07
3306 3.359224973e-07
3307 3.357448076e-07
3308 3.355672655e-07
3309 3.353898709e-07
3310 3.352126236e-07
3311 3.350355234e-07
3312 3.348585703e-07
3313 3.346817639e-07
3314 3.345051043e-07
3315 3.343285911e-07
3316 3.341522242e-07
3317 3.339760035e-07
3318 3.337999288e-07
3319 3.336239999e-07
3320 3.334482167e-07
3321 3.33272579e-07
3322 3.330970866e-07
3323 3.329217394e-07
3324 3.327465372e-07
3325 3.325714798e-07
3326 3.323965671e-07
3327 3.32221799e-07
3328 3.320471752e-07
3329 3.318726955e-07
3330 3.3169836e-07
3331 3.315241682e-07
3332 3.313501202e-07
3333 3.311762158e-07
3334 3.310024547e-07
3335 3.308288368e-07
3336 3.30655362e-07
3337 3.304820301e-07
3338 3.30308841e-07
3339 3.301357944e-07
3340 3.299628902e-07
3341 3.297901283e-07
3342 3.296175085e-07
3343 3.294450307e-07
3344 3.292726946e-07
3345 3.291005002e-07
3346 3.289284472e-07
3347 3.287565355e-07
3348 3.28584765e-07
3349 3.284131354e-07
3350 3.282416467e-07
3351 3.280702987e-07
3352 3.278990911e-07
3353 3.27728024e-07
3354 3.27557097e-07
3355 3.273863101e-07
3356 3.272156631e-07
3357 3.270451558e-07
3358 3.268747881e-07
3359 3.267045598e-07
3360 3.265344708e-07
3361 3.263645209e-07
3362 3.2619471e-07
3363 3.260250378e-07
3364 3.258555043e-07
3365 3.256861093e-07
3366 3.255168526e-07
3367 3.253477341e-07
3368 3.251787537e-07
3369 3.250099111e-07
3370 3.248412062e-07
3371 3.24672639e-07
3372 3.245042091e-07
3373 3.243359165e-07
3374 3.24167761e-07
3375 3.239997425e-07
3376 3.238318607e-07
3377 3.236641157e-07
3378 3.234965071e-07
3379 3.233290349e-07
3380 3.231616989e-07
3381 3.229944989e-07
3382 3.228274349e-07
3383 3.226605065e-07
3384 3.224937138e-07
3385 3.223270566e-07
3386 3.221605346e-07
3387 3.219941478e-07
3388 3.21827896e-07
3389 3.21661779e-07
3390 3.214957967e-07
3391 3.21329949e-07
3392 3.211642357e-07
3393 3.209986567e-07
3394 3.208332117e-07
3395 3.206679007e-07
3396 3.205027235e-07
3397 3.2033768e-07
3398 3.2017277e-07
3399 3.200079934e-07
3400 3.1984335e-07
3401 3.196788397e-07
3402 3.195144622e-07
3403 3.193502176e-07
3404 3.191861056e-07
3405 3.190221261e-07
3406 3.18858279e-07
3407 3.18694564e-07
3408 3.185309811e-07
3409 3.183675301e-07
3410 3.182042109e-07
3411 3.180410232e-07
3412 3.178779671e-07
3413 3.177150423e-07
3414 3.175522486e-07
3415 3.17389586e-07
3416 3.172270543e-07
3417 3.170646534e-07
3418 3.16902383e-07
3419 3.167402432e-07
3420 3.165782336e-07
3421 3.164163543e-07
3422 3.162546049e-07
3423 3.160929855e-07
3424 3.159314958e-07
3425 3.157701357e-07
3426 3.156089051e-07
3427 3.154478039e-07
3428 3.152868318e-07
3429 3.151259887e-07
3430 3.149652746e-07
3431 3.148046892e-07
3432 3.146442325e-07
3433 3.144839042e-07
3434 3.143237043e-07
3435 3.141636326e-07
3436 3.140036889e-07
3437 3.138438732e-07
3438 3.136841852e-07
3439 3.135246249e-07
3440 3.133651921e-07
3441 3.132058866e-07
3442 3.130467084e-07
3443 3.128876573e-07
3444 3.127287331e-07
3445 3.125699357e-07
3446 3.12411265e-07
3447 3.122527209e-07
3448 3.120943031e-07
3449 3.119360116e-07
3450 3.117778463e-07
3451 3.116198069e-07
3452 3.114618933e-07
3453 3.113041055e-07
3454 3.111464433e-07
3455 3.109889065e-07
3456 3.10831495e-07
3457 3.106742086e-07
3458 3.105170474e-07
3459 3.10360011e-07
3460 3.102030993e-07
3461 3.100463123e-07
3462 3.098896498e-07
3463 3.097331116e-07
3464 3.095766977e-07
3465 3.094204079e-07
3466 3.09264242e-07
3467 3.091081999e-07
3468 3.089522815e-07
3469 3.087964867e-07
3470 3.086408153e-07
3471 3.084852671e-07
3472 3.083298422e-07
3473 3.081745402e-07
3474 3.080193612e-07
3475 3.078643049e-07
3476 3.077093712e-07
3477 3.0755456e-07
3478 3.073998711e-07
3479 3.072453045e-07
3480 3.0709086e-07
3481 3.069365375e-07
3482 3.067823367e-07
3483 3.066282577e-07
3484 3.064743003e-07
3485 3.063204643e-07
3486 3.061667496e-07
3487 3.06013156e-07
3488 3.058596836e-07
3489 3.05706332e-07
3490 3.055531012e-07
3491 3.053999911e-07
3492 3.052470015e-07
3493 3.050941324e-07
3494 3.049413835e-07
3495 3.047887547e-07
3496 3.046362459e-07
3497 3.044838571e-07
3498 3.043315879e-07
3499 3.041794384e-07
3500 3.040274085e-07
3501 3.038754978e-07
3502 3.037237065e-07
3503 3.035720342e-07
3504 3.034204809e-07
3505 3.032690465e-07
3506 3.031177308e-07
3507 3.029665338e-07
3508 3.028154552e-07
3509 3.026644949e-07
3510 3.025136529e-07
3511 3.02362929e-07
3512 3.022123231e-07
3513 3.02061835e-07
3514 3.019114646e-07
3515 3.017612119e-07
3516 3.016110766e-07
3517 3.014610587e-07
3518 3.013111579e-07
3519 3.011613743e-07
3520 3.010117077e-07
3521 3.008621579e-07
3522 3.007127248e-07
3523 3.005634083e-07
3524 3.004142083e-07
3525 3.002651247e-07
3526 3.001161572e-07
3527 2.999673059e-07
3528 2.998185706e-07
3529 2.996699511e-07
3530 2.995214474e-07
3531 2.993730592e-07
3532 2.992247866e-07
3533 2.990766293e-07
3534 2.989285873e-07
3535 2.987806604e-07
3536 2.986328485e-07
3537 2.984851514e-07
3538 2.983375692e-07
3539 2.981901015e-07
3540 2.980427484e-07
3541 2.978955097e-07
3542 2.977483852e-07
3543 2.976013749e-07
3544 2.974544786e-07
3545 2.973076962e-07
3546 2.971610277e-07
3547 2.970144727e-07
3548 2.968680314e-07
3549 2.967217034e-07
3550 2.965754888e-07
3551 2.964293874e-07
3552 2.96283399e-07
3553 2.961375236e-07
3554 2.95991761e-07
3555 2.958461111e-07
3556 2.957005738e-07
3557 2.95555149e-07
3558 2.954098366e-07
3559 2.952646364e-07
3560 2.951195483e-07
3561 2.949745722e-07
3562 2.94829708e-07
3563 2.946849555e-07
3564 2.945403148e-07
3565 2.943957855e-07
3566 2.942513676e-07
3567 2.941070611e-07
3568 2.939628657e-07
3569 2.938187814e-07
3570 2.936748081e-07
3571 2.935309455e-07
3572 2.933871937e-07
3573 2.932435525e-07
3574 2.931000218e-07
3575 2.929566014e-07
3576 2.928132913e-07
3577 2.926700913e-07
3578 2.925270013e-07
3579 2.923840212e-07
3580 2.92241151e-07
3581 2.920983904e-07
3582 2.919557393e-07
3583 2.918131977e-07
3584 2.916707655e-07
3585 2.915284424e-07
3586 2.913862285e-07
3587 2.912441235e-07
3588 2.911021274e-07
3589 2.909602401e-07
3590 2.908184614e-07
3591 2.906767913e-07
3592 2.905352295e-07
3593 2.903937761e-07
3594 2.902524309e-07
3595 2.901111937e-07
3596 2.899700645e-07
3597 2.898290432e-07
3598 2.896881296e-07
3599 2.895473237e-07
3600 2.894066253e-07
3601 2.892660342e-07
3602 2.891255505e-07
3603 2.88985174e-07
3604 2.888449045e-07
3605 2.88704742e-07
3606 2.885646863e-07
3607 2.884247374e-07
3608 2.882848951e-07
3609 2.881451593e-07
3610 2.8800553e-07
3611 2.878660069e-07
3612 2.8772659e-07
3613 2.875872792e-07
3614 2.874480743e-07
3615 2.873089753e-07
3616 2.871699821e-07
3617 2.870310945e-07
3618 2.868923124e-07
3619 2.867536357e-07
3620 2.866150644e-07
3621 2.864765982e-07
3622 2.863382371e-07
3623 2.86199981e-07
3624 2.860618298e-07
3625 2.859237834e-07
3626 2.857858416e-07
3627 2.856480043e-07
3628 2.855102715e-07
3629 2.853726431e-07
3630 2.852351188e-07
3631 2.850976987e-07
3632 2.849603826e-07
3633 2.848231703e-07
3634 2.846860619e-07
3635 2.845490572e-07
3636 2.84412156e-07
3637 2.842753583e-07
3638 2.84138664e-07
3639 2.84002073e-07
3640 2.838655851e-07
3641 2.837292002e-07
3642 2.835929183e-07
3643 2.834567392e-07
3644 2.833206629e-07
3645 2.831846892e-07
3646 2.83048818e-07
3647 2.829130492e-07
3648 2.827773827e-07
3649 2.826418185e-07
3650 2.825063563e-07
3651 2.823709961e-07
3652 2.822357378e-07
3653 2.821005813e-07
3654 2.819655265e-07
3655 2.818305733e-07
3656 2.816957215e-07
3657 2.815609711e-07
3658 2.81426322e-07
3659 2.81291774e-07
3660 2.811573271e-07
3661 2.810229811e-07
3662 2.80888736e-07
3663 2.807545916e-07
3664 2.806205479e-07
3665 2.804866047e-07
3666 2.803527619e-07
3667 2.802190195e-07
3668 2.800853773e-07
3669 2.799518353e-07
3670 2.798183933e-07
3671 2.796850512e-07
3672 2.795518089e-07
3673 2.794186664e-07
3674 2.792856234e-07
3675 2.7915268e-07
3676 2.79019836e-07
3677 2.788870913e-07
3678 2.787544459e-07
3679 2.786218995e-07
3680 2.784894522e-07
3681 2.783571038e-07
3682 2.782248541e-07
3683 2.780927032e-07
3684 2.779606509e-07
3685 2.778286972e-07
3686 2.776968418e-07
3687 2.775650847e-07
3688 2.774334259e-07
3689 2.773018651e-07
3690 2.771704024e-07
3691 2.770390376e-07
3692 2.769077705e-07
3693 2.767766012e-07
3694 2.766455296e-07
3695 2.765145554e-07
3696 2.763836786e-07
3697 2.762528992e-07
3698 2.761222169e-07
3699 2.759916318e-07
3700 2.758611437e-07
3701 2.757307526e-07
3702 2.756004582e-07
3703 2.754702606e-07
3704 2.753401596e-07
3705 2.752101552e-07
3706 2.750802471e-07
3707 2.749504355e-07
3708 2.7482072e-07
3709 2.746911007e-07
3710 2.745615774e-07
3711 2.744321501e-07
3712 2.743028186e-07
3713 2.741735829e-07
3714 2.740444428e-07
3715 2.739153983e-07
3716 2.737864493e-07
3717 2.736575956e-07
3718 2.735288372e-07
3719 2.73400174e-07
3720 2.732716058e-07
3721 2.731431327e-07
3722 2.730147544e-07
3723 2.728864709e-07
3724 2.727582821e-07
3725 2.726301879e-07
3726 2.725021882e-07
3727 2.72374283e-07
3728 2.72246472e-07
3729 2.721187553e-07
3730 2.719911327e-07
3731 2.718636041e-07
3732 2.717361694e-07
3733 2.716088286e-07
3734 2.714815816e-07
3735 2.713544282e-07
3736 2.712273684e-07
3737 2.71100402e-07
3738 2.70973529e-07
3739 2.708467493e-07
3740 2.707200628e-07
3741 2.705934693e-07
3742 2.704669689e-07
3743 2.703405614e-07
3744 2.702142467e-07
3745 2.700880247e-07
3746 2.699618953e-07
3747 2.698358585e-07
3748 2.697099141e-07
3749 2.69584062e-07
3750 2.694583023e-07
3751 2.693326346e-07
3752 2.692070591e-07
3753 2.690815755e-07
3754 2.689561839e-07
3755 2.68830884e-07
3756 2.687056758e-07
3757 2.685805593e-07
3758 2.684555342e-07
3759 2.683306006e-07
3760 2.682057584e-07
3761 2.680810074e-07
3762 2.679563475e-07
3763 2.678317787e-07
3764 2.677073009e-07
3765 2.67582914e-07
3766 2.674586179e-07
3767 2.673344125e-07
3768 2.672102977e-07
3769 2.670862734e-07
3770 2.669623396e-07
3771 2.668384961e-07
3772 2.667147429e-07
3773 2.665910798e-07
3774 2.664675068e-07
3775 2.663440238e-07
3776 2.662206307e-07
3777 2.660973274e-07
3778 2.659741138e-07
3779 2.658509899e-07
3780 2.657279555e-07
3781 2.656050105e-07
3782 2.654821549e-07
3783 2.653593886e-07
3784 2.652367115e-07
3785 2.651141235e-07
3786 2.649916244e-07
3787 2.648692143e-07
3788 2.647468931e-07
3789 2.646246606e-07
3790 2.645025167e-07
3791 2.643804614e-07
3792 2.642584946e-07
3793 2.641366162e-07
3794 2.640148261e-07
3795 2.638931243e-07
3796 2.637715105e-07
3797 2.636499848e-07
3798 2.635285471e-07
3799 2.634071973e-07
3800 2.632859352e-07
3801 2.631647608e-07
3802 2.630436741e-07
3803 2.629226749e-07
3804 2.628017631e-07
3805 2.626809386e-07
3806 2.625602015e-07
3807 2.624395515e-07
3808 2.623189886e-07
3809 2.621985128e-07
3810 2.620781238e-07
3811 2.619578217e-07
3812 2.618376064e-07
3813 2.617174777e-07
3814 2.615974356e-07
3815 2.6147748e-07
3816 2.613576109e-07
3817 2.61237828e-07
3818 2.611181314e-07
3819 2.60998521e-07
3820 2.608789966e-07
3821 2.607595583e-07
3822 2.606402058e-07
3823 2.605209392e-07
3824 2.604017583e-07
3825 2.60282663e-07
3826 2.601636533e-07
3827 2.600447291e-07
3828 2.599258904e-07
3829 2.598071369e-07
3830 2.596884687e-07
3831 2.595698856e-07
3832 2.594513876e-07
3833 2.593329746e-07
3834 2.592146465e-07
3835 2.590964032e-07
3836 2.589782446e-07
3837 2.588601707e-07
3838 2.587421814e-07
3839 2.586242765e-07
3840 2.585064561e-07
3841 2.5838872e-07
3842 2.582710681e-07
3843 2.581535004e-07
3844 2.580360168e-07
3845 2.579186171e-07
3846 2.578013014e-07
3847 2.576840695e-07
3848 2.575669214e-07
3849 2.574498569e-07
3850 2.57332876e-07
3851 2.572159786e-07
3852 2.570991647e-07
3853 2.569824341e-07
3854 2.568657867e-07
3855 2.567492226e-07
3856 2.566327415e-07
3857 2.565163435e-07
3858 2.564000284e-07
3859 2.562837961e-07
3860 2.561676467e-07
3861 2.560515799e-07
3862 2.559355958e-07
3863 2.558196941e-07
3864 2.55703875e-07
3865 2.555881382e-07
3866 2.554724837e-07
3867 2.553569115e-07
3868 2.552414214e-07
3869 2.551260133e-07
3870 2.550106872e-07
3871 2.54895443e-07
3872 2.547802807e-07
3873 2.546652e-07
3874 2.545502011e-07
3875 2.544352837e-07
3876 2.543204478e-07
3877 2.542056934e-07
3878 2.540910203e-07
3879 2.539764284e-07
3880 2.538619178e-07
3881 2.537474883e-07
3882 2.536331398e-07
3883 2.535188722e-07
3884 2.534046856e-07
3885 2.532905797e-07
3886 2.531765545e-07
3887 2.5306261e-07
3888 2.529487461e-07
3889 2.528349627e-07
3890 2.527212596e-07
3891 2.526076369e-07
3892 2.524940944e-07
3893 2.523806322e-07
3894 2.5226725e-07
3895 2.521539478e-07
3896 2.520407256e-07
3897 2.519275833e-07
3898 2.518145207e-07
3899 2.517015379e-07
3900 2.515886347e-07
3901 2.514758111e-07
3902 2.513630669e-07
3903 2.512504022e-07
3904 2.511378168e-07
3905 2.510253107e-07
3906 2.509128837e-07
3907 2.508005359e-07
3908 2.50688267e-07
3909 2.505760772e-07
3910 2.504639662e-07
3911 2.50351934e-07
3912 2.502399805e-07
3913 2.501281057e-07
3914 2.500163095e-07
3915 2.499045917e-07
3916 2.497929524e-07
3917 2.496813915e-07
3918 2.495699088e-07
3919 2.494585043e-07
3920 2.49347178e-07
3921 2.492359297e-07
3922 2.491247593e-07
3923 2.490136669e-07
3924 2.489026523e-07
3925 2.487917155e-07
3926 2.486808563e-07
3927 2.485700748e-07
3928 2.484593707e-07
3929 2.483487442e-07
3930 2.48238195e-07
3931 2.481277231e-07
3932 2.480173285e-07
3933 2.47907011e-07
3934 2.477967706e-07
3935 2.476866073e-07
3936 2.475765208e-07
3937 2.474665113e-07
3938 2.473565785e-07
3939 2.472467224e-07
3940 2.471369431e-07
3941 2.470272402e-07
3942 2.469176139e-07
3943 2.46808064e-07
3944 2.466985905e-07
3945 2.465891933e-07
3946 2.464798723e-07
3947 2.463706274e-07
3948 2.462614586e-07
3949 2.461523657e-07
3950 2.460433488e-07
3951 2.459344078e-07
3952 2.458255425e-07
3953 2.45716753e-07
3954 2.456080391e-07
3955 2.454994007e-07
3956 2.453908378e-07
3957 2.452823504e-07
3958 2.451739383e-07
3959 2.450656015e-07
3960 2.449573399e-07
3961 2.448491534e-07
3962 2.44741042e-07
3963 2.446330056e-07
3964 2.445250442e-07
3965 2.444171575e-07
3966 2.443093457e-07
3967 2.442016086e-07
3968 2.440939461e-07
3969 2.439863581e-07
3970 2.438788447e-07
3971 2.437714057e-07
3972 2.436640411e-07
3973 2.435567507e-07
3974 2.434495346e-07
3975 2.433423926e-07
3976 2.432353247e-07
3977 2.431283309e-07
3978 2.430214109e-07
3979 2.429145648e-07
3980 2.428077925e-07
3981 2.42701094e-07
3982 2.425944691e-07
3983 2.424879178e-07
3984 2.4238144e-07
3985 2.422750357e-07
3986 2.421687048e-07
3987 2.420624472e-07
3988 2.419562628e-07
3989 2.418501516e-07
3990 2.417441135e-07
3991 2.416381485e-07
3992 2.415322564e-07
3993 2.414264372e-07
3994 2.413206909e-07
3995 2.412150173e-07
3996 2.411094165e-07
3997 2.410038882e-07
3998 2.408984325e-07
3999 2.407930494e-07
4000 2.406877386e-07
4001 2.405825002e-07
4002 2.404773341e-07
4003 2.403722402e-07
4004 2.402672185e-07
4005 2.401622688e-07
4006 2.400573912e-07
4007 2.399525855e-07
4008 2.398478518e-07
4009 2.397431898e-07
4010 2.396385996e-07
4011 2.39534081e-07
4012 2.394296341e-07
4013 2.393252588e-07
4014 2.392209549e-07
4015 2.391167224e-07
4016 2.390125613e-07
4017 2.389084715e-07
4018 2.388044529e-07
4019 2.387005054e-07
4020 2.38596629e-07
4021 2.384928236e-07
4022 2.383890892e-07
4023 2.382854257e-07
4024 2.38181833e-07
4025 2.38078311e-07
4026 2.379748598e-07
4027 2.378714791e-07
4028 2.37768169e-07
4029 2.376649295e-07
4030 2.375617603e-07
4031 2.374586615e-07
4032 2.373556329e-07
4033 2.372526747e-07
4034 2.371497865e-07
4035 2.370469685e-07
4036 2.369442205e-07
4037 2.368415425e-07
4038 2.367389344e-07
4039 2.366363961e-07
4040 2.365339276e-07
4041 2.364315287e-07
4042 2.363291996e-07
4043 2.3622694e-07
4044 2.361247499e-07
4045 2.360226293e-07
4046 2.359205781e-07
4047 2.358185962e-07
4048 2.357166835e-07
4049 2.356148401e-07
4050 2.355130657e-07
4051 2.354113605e-07
4052 2.353097242e-07
4053 2.352081569e-07
4054 2.351066585e-07
4055 2.350052288e-07
4056 2.349038679e-07
4057 2.348025757e-07
4058 2.347013521e-07
4059 2.346001971e-07
4060 2.344991106e-07
4061 2.343980925e-07
4062 2.342971427e-07
4063 2.341962613e-07
4064 2.340954481e-07
4065 2.339947031e-07
4066 2.338940261e-07
4067 2.337934173e-07
4068 2.336928764e-07
4069 2.335924035e-07
4070 2.334919984e-07
4071 2.333916612e-07
4072 2.332913916e-07
4073 2.331911898e-07
4074 2.330910555e-07
4075 2.329909888e-07
4076 2.328909896e-07
4077 2.327910579e-07
4078 2.326911935e-07
4079 2.325913964e-07
4080 2.324916665e-07
4081 2.323920038e-07
4082 2.322924083e-07
4083 2.321928798e-07
4084 2.320934183e-07
4085 2.319940237e-07
4086 2.31894696e-07
4087 2.317954351e-07
4088 2.31696241e-07
4089 2.315971136e-07
4090 2.314980527e-07
4091 2.313990585e-07
4092 2.313001308e-07
4093 2.312012695e-07
4094 2.311024745e-07
4095 2.31003746e-07
4096 2.309050836e-07
4097 2.308064875e-07
4098 2.307079575e-07
4099 2.306094936e-07
4100 2.305110957e-07
4101 2.304127638e-07
4102 2.303144978e-07
4103 2.302162976e-07
4104 2.301181632e-07
4105 2.300200945e-07
4106 2.299220915e-07
4107 2.298241541e-07
4108 2.297262822e-07
4109 2.296284758e-07
4110 2.295307348e-07
4111 2.294330592e-07
4112 2.293354489e-07
4113 2.292379038e-07
4114 2.291404239e-07
4115 2.290430091e-07
4116 2.289456594e-07
4117 2.288483747e-07
4118 2.28751155e-07
4119 2.286540001e-07
4120 2.2855691e-07
4121 2.284598848e-07
4122 2.283629242e-07
4123 2.282660283e-07
4124 2.281691969e-07
4125 2.280724301e-07
4126 2.279757278e-07
4127 2.278790899e-07
4128 2.277825164e-07
4129 2.276860071e-07
4130 2.275895621e-07
4131 2.274931813e-07
4132 2.273968646e-07
4133 2.273006119e-07
4134 2.272044233e-07
4135 2.271082986e-07
4136 2.270122378e-07
4137 2.269162409e-07
4138 2.268203077e-07
4139 2.267244382e-07
4140 2.266286324e-07
4141 2.265328902e-07
4142 2.264372115e-07
4143 2.263415964e-07
4144 2.262460446e-07
4145 2.261505563e-07
4146 2.260551312e-07
4147 2.259597694e-07
4148 2.258644708e-07
4149 2.257692354e-07
4150 2.25674063e-07
4151 2.255789537e-07
4152 2.254839073e-07
4153 2.253889239e-07
4154 2.252940033e-07
4155 2.251991455e-07
4156 2.251043505e-07
4157 2.250096182e-07
4158 2.249149485e-07
4159 2.248203413e-07
4160 2.247257967e-07
4161 2.246313146e-07
4162 2.245368948e-07
4163 2.244425374e-07
4164 2.243482423e-07
4165 2.242540095e-07
4166 2.241598388e-07
4167 2.240657302e-07
4168 2.239716838e-07
4169 2.238776993e-07
4170 2.237837768e-07
4171 2.236899162e-07
4172 2.235961175e-07
4173 2.235023805e-07
4174 2.234087053e-07
4175 2.233150918e-07
4176 2.232215398e-07
4177 2.231280495e-07
4178 2.230346207e-07
4179 2.229412533e-07
4180 2.228479474e-07
4181 2.227547028e-07
4182 2.226615195e-07
4183 2.225683974e-07
4184 2.224753365e-07
4185 2.223823368e-07
4186 2.222893981e-07
4187 2.221965204e-07
4188 2.221037037e-07
4189 2.22010948e-07
4190 2.21918253e-07
4191 2.218256189e-07
4192 2.217330456e-07
4193 2.216405329e-07
4194 2.215480809e-07
4195 2.214556894e-07
4196 2.213633585e-07
4197 2.212710881e-07
4198 2.211788781e-07
4199 2.210867284e-07
4200 2.209946391e-07
4201 2.209026101e-07
4202 2.208106412e-07
4203 2.207187325e-07
4204 2.206268839e-07
4205 2.205350954e-07
4206 2.204433668e-07
4207 2.203516982e-07
4208 2.202600895e-07
4209 2.201685406e-07
4210 2.200770515e-07
4211 2.199856221e-07
4212 2.198942524e-07
4213 2.198029423e-07
4214 2.197116918e-07
4215 2.196205008e-07
4216 2.195293693e-07
4217 2.194382971e-07
4218 2.193472844e-07
4219 2.192563309e-07
4220 2.191654367e-07
4221 2.190746017e-07
4222 2.189838258e-07
4223 2.18893109e-07
4224 2.188024513e-07
4225 2.187118525e-07
4226 2.186213127e-07
4227 2.185308318e-07
4228 2.184404097e-07
4229 2.183500464e-07
4230 2.182597418e-07
4231 2.181694959e-07
4232 2.180793086e-07
4233 2.179891799e-07
4234 2.178991097e-07
4235 2.178090979e-07
4236 2.177191446e-07
4237 2.176292497e-07
4238 2.175394131e-07
4239 2.174496347e-07
4240 2.173599145e-07
4241 2.172702525e-07
4242 2.171806486e-07
4243 2.170911028e-07
4244 2.170016149e-07
4245 2.169121851e-07
4246 2.168228131e-07
4247 2.167334989e-07
4248 2.166442426e-07
4249 2.16555044e-07
4250 2.164659031e-07
4251 2.163768199e-07
4252 2.162877943e-07
4253 2.161988262e-07
4254 2.161099156e-07
4255 2.160210624e-07
4256 2.159322667e-07
4257 2.158435282e-07
4258 2.157548471e-07
4259 2.156662232e-07
4260 2.155776565e-07
4261 2.15489147e-07
4262 2.154006945e-07
4263 2.153122991e-07
4264 2.152239607e-07
4265 2.151356792e-07
4266 2.150474546e-07
4267 2.149592868e-07
4268 2.148711759e-07
4269 2.147831217e-07
4270 2.146951241e-07
4271 2.146071832e-07
4272 2.145192989e-07
4273 2.144314712e-07
4274 2.143436999e-07
4275 2.142559851e-07
4276 2.141683267e-07
4277 2.140807246e-07
4278 2.139931788e-07
4279 2.139056892e-07
4280 2.138182559e-07
4281 2.137308787e-07
4282 2.136435576e-07
4283 2.135562925e-07
4284 2.134690835e-07
4285 2.133819304e-07
4286 2.132948332e-07
4287 2.132077918e-07
4288 2.131208063e-07
4289 2.130338765e-07
4290 2.129470024e-07
4291 2.12860184e-07
4292 2.127734211e-07
4293 2.126867139e-07
4294 2.126000621e-07
4295 2.125134659e-07
4296 2.12426925e-07
4297 2.123404395e-07
4298 2.122540093e-07
4299 2.121676344e-07
4300 2.120813147e-07
4301 2.119950502e-07
4302 2.119088408e-07
4303 2.118226865e-07
4304 2.117365872e-07
4305 2.116505429e-07
4306 2.115645535e-07
4307 2.114786191e-07
4308 2.113927394e-07
4309 2.113069146e-07
4310 2.112211445e-07
4311 2.11135429e-07
4312 2.110497683e-07
4313 2.109641621e-07
4314 2.108786105e-07
4315 2.107931134e-07
4316 2.107076708e-07
4317 2.106222825e-07
4318 2.105369486e-07
4319 2.104516691e-07
4320 2.103664438e-07
4321 2.102812727e-07
4322 2.101961559e-07
4323 2.101110931e-07
4324 2.100260844e-07
4325 2.099411298e-07
4326 2.098562291e-07
4327 2.097713824e-07
4328 2.096865896e-07
4329 2.096018506e-07
4330 2.095171654e-07
4331 2.09432534e-07
4332 2.093479563e-07
4333 2.092634323e-07
4334 2.091789618e-07
4335 2.09094545e-07
4336 2.090101816e-07
4337 2.089258718e-07
4338 2.088416153e-07
4339 2.087574123e-07
4340 2.086732626e-07
4341 2.085891661e-07
4342 2.08505123e-07
4343 2.08421133e-07
4344 2.083371962e-07
4345 2.082533124e-07
4346 2.081694818e-07
4347 2.080857041e-07
4348 2.080019795e-07
4349 2.079183077e-07
4350 2.078346889e-07
4351 2.077511228e-07
4352 2.076676096e-07
4353 2.075841491e-07
4354 2.075007413e-07
4355 2.074173861e-07
4356 2.073340836e-07
4357 2.072508336e-07
4358 2.071676361e-07
4359 2.070844912e-07
4360 2.070013986e-07
4361 2.069183584e-07
4362 2.068353705e-07
4363 2.06752435e-07
4364 2.066695517e-07
4365 2.065867205e-07
4366 2.065039416e-07
4367 2.064212147e-07
4368 2.0633854e-07
4369 2.062559172e-07
4370 2.061733464e-07
4371 2.060908276e-07
4372 2.060083606e-07
4373 2.059259455e-07
4374 2.058435822e-07
4375 2.057612706e-07
4376 2.056790108e-07
4377 2.055968026e-07
4378 2.05514646e-07
4379 2.05432541e-07
4380 2.053504876e-07
4381 2.052684856e-07
4382 2.051865351e-07
4383 2.05104636e-07
4384 2.050227882e-07
4385 2.049409918e-07
4386 2.048592466e-07
4387 2.047775527e-07
4388 2.046959099e-07
4389 2.046143183e-07
4390 2.045327777e-07
4391 2.044512882e-07
4392 2.043698498e-07
4393 2.042884623e-07
4394 2.042071257e-07
4395 2.0412584e-07
4396 2.040446051e-07
4397 2.03963421e-07
4398 2.038822877e-07
4399 2.03801205e-07
4400 2.037201731e-07
4401 2.036391917e-07
4402 2.035582609e-07
4403 2.034773807e-07
4404 2.033965509e-07
4405 2.033157716e-07
4406 2.032350427e-07
4407 2.031543641e-07
4408 2.030737359e-07
4409 2.029931579e-07
4410 2.029126302e-07
4411 2.028321526e-07
4412 2.027517252e-07
4413 2.02671348e-07
4414 2.025910207e-07
4415 2.025107435e-07
4416 2.024305163e-07
4417 2.02350339e-07
4418 2.022702115e-07
4419 2.02190134e-07
4420 2.021101062e-07
4421 2.020301282e-07
4422 2.019502e-07
4423 2.018703214e-07
4424 2.017904924e-07
4425 2.017107131e-07
4426 2.016309832e-07
4427 2.01551303e-07
4428 2.014716721e-07
4429 2.013920907e-07
4430 2.013125587e-07
4431 2.012330761e-07
4432 2.011536427e-07
4433 2.010742586e-07
4434 2.009949237e-07
4435 2.00915638e-07
4436 2.008364014e-07
4437 2.00757214e-07
4438 2.006780756e-07
4439 2.005989861e-07
4440 2.005199457e-07
4441 2.004409542e-07
4442 2.003620116e-07
4443 2.002831178e-07
4444 2.002042728e-07
4445 2.001254766e-07
4446 2.000467292e-07
4447 1.999680304e-07
4448 1.998893802e-07
4449 1.998107786e-07
4450 1.997322256e-07
4451 1.996537212e-07
4452 1.995752651e-07
4453 1.994968576e-07
4454 1.994184984e-07
4455 1.993401876e-07
4456 1.992619251e-07
4457 1.991837109e-07
4458 1.991055449e-07
4459 1.990274271e-07
4460 1.989493574e-07
4461 1.988713359e-07
4462 1.987933624e-07
4463 1.98715437e-07
4464 1.986375595e-07
4465 1.9855973e-07
4466 1.984819484e-07
4467 1.984042147e-07
4468 1.983265288e-07
4469 1.982488907e-07
4470 1.981713004e-07
4471 1.980937577e-07
4472 1.980162627e-07
4473 1.979388154e-07
4474 1.978614156e-07
4475 1.977840634e-07
4476 1.977067587e-07
4477 1.976295015e-07
4478 1.975522917e-07
4479 1.974751293e-07
4480 1.973980143e-07
4481 1.973209465e-07
4482 1.972439261e-07
4483 1.971669528e-07
4484 1.970900268e-07
4485 1.970131479e-07
4486 1.969363161e-07
4487 1.968595314e-07
4488 1.967827937e-07
4489 1.967061031e-07
4490 1.966294593e-07
4491 1.965528625e-07
4492 1.964763126e-07
4493 1.963998095e-07
4494 1.963233532e-07
4495 1.962469437e-07
4496 1.961705809e-07
4497 1.960942648e-07
4498 1.960179953e-07
4499 1.959417725e-07
4500 1.958655962e-07
4501 1.957894664e-07
4502 1.957133831e-07
4503 1.956373463e-07
4504 1.955613558e-07
4505 1.954854118e-07
4506 1.954095141e-07
4507 1.953336627e-07
4508 1.952578575e-07
4509 1.951820986e-07
4510 1.951063858e-07
4511 1.950307192e-07
4512 1.949550986e-07
4513 1.948795242e-07
4514 1.948039958e-07
4515 1.947285133e-07
4516 1.946530768e-07
4517 1.945776863e-07
4518 1.945023416e-07
4519 1.944270427e-07
4520 1.943517896e-07
4521 1.942765823e-07
4522 1.942014208e-07
4523 1.941263049e-07
4524 1.940512346e-07
4525 1.9397621e-07
4526 1.939012309e-07
4527 1.938262974e-07
4528 1.937514093e-07
4529 1.936765668e-07
4530 1.936017696e-07
4531 1.935270178e-07
4532 1.934523114e-07
4533 1.933776503e-07
4534 1.933030344e-07
4535 1.932284638e-07
4536 1.931539383e-07
4537 1.930794581e-07
4538 1.930050229e-07
4539 1.929306329e-07
4540 1.928562878e-07
4541 1.927819878e-07
4542 1.927077328e-07
4543 1.926335227e-07
4544 1.925593575e-07
4545 1.924852372e-07
4546 1.924111616e-07
4547 1.923371309e-07
4548 1.922631449e-07
4549 1.921892037e-07
4550 1.921153071e-07
4551 1.920414551e-07
4552 1.919676478e-07
4553 1.91893885e-07
4554 1.918201667e-07
4555 1.91746493e-07
4556 1.916728637e-07
4557 1.915992788e-07
4558 1.915257383e-07
4559 1.914522421e-07
4560 1.913787903e-07
4561 1.913053827e-07
4562 1.912320193e-07
4563 1.911587002e-07
4564 1.910854252e-07
4565 1.910121944e-07
4566 1.909390076e-07
4567 1.908658649e-07
4568 1.907927663e-07
4569 1.907197116e-07
4570 1.906467008e-07
4571 1.90573734e-07
4572 1.90500811e-07
4573 1.904279319e-07
4574 1.903550966e-07
4575 1.902823051e-07
4576 1.902095572e-07
4577 1.901368531e-07
4578 1.900641927e-07
4579 1.899915758e-07
4580 1.899190026e-07
4581 1.898464729e-07
4582 1.897739867e-07
4583 1.89701544e-07
4584 1.896291448e-07
4585 1.895567889e-07
4586 1.894844765e-07
4587 1.894122074e-07
4588 1.893399815e-07
4589 1.89267799e-07
4590 1.891956597e-07
4591 1.891235636e-07
4592 1.890515106e-07
4593 1.889795008e-07
4594 1.889075341e-07
4595 1.888356104e-07
4596 1.887637297e-07
4597 1.886918921e-07
4598 1.886200973e-07
4599 1.885483456e-07
4600 1.884766366e-07
4601 1.884049706e-07
4602 1.883333473e-07
4603 1.882617668e-07
4604 1.881902291e-07
4605 1.881187341e-07
4606 1.880472817e-07
4607 1.87975872e-07
4608 1.879045049e-07
4609 1.878331804e-07
4610 1.877618984e-07
4611 1.876906589e-07
4612 1.876194618e-07
4613 1.875483072e-07
4614 1.87477195e-07
4615 1.874061251e-07
4616 1.873350976e-07
4617 1.872641124e-07
4618 1.871931694e-07
4619 1.871222687e-07
4620 1.870514101e-07
4621 1.869805937e-07
4622 1.869098194e-07
4623 1.868390872e-07
4624 1.867683971e-07
4625 1.86697749e-07
4626 1.866271428e-07
4627 1.865565787e-07
4628 1.864860564e-07
4629 1.86415576e-07
4630 1.863451375e-07
4631 1.862747408e-07
4632 1.862043858e-07
4633 1.861340726e-07
4634 1.860638012e-07
4635 1.859935714e-07
4636 1.859233832e-07
4637 1.858532367e-07
4638 1.857831317e-07
4639 1.857130683e-07
4640 1.856430464e-07
4641 1.85573066e-07
4642 1.855031271e-07
4643 1.854332295e-07
4644 1.853633733e-07
4645 1.852935585e-07
4646 1.85223785e-07
4647 1.851540527e-07
4648 1.850843617e-07
4649 1.850147119e-07
4650 1.849451033e-07
4651 1.848755359e-07
4652 1.848060095e-07
4653 1.847365242e-07
4654 1.8466708e-07
4655 1.845976768e-07
4656 1.845283146e-07
4657 1.844589933e-07
4658 1.843897129e-07
4659 1.843204734e-07
4660 1.842512748e-07
4661 1.841821169e-07
4662 1.841129999e-07
4663 1.840439236e-07
4664 1.83974888e-07
4665 1.839058931e-07
4666 1.838369389e-07
4667 1.837680253e-07
4668 1.836991522e-07
4669 1.836303197e-07
4670 1.835615278e-07
4671 1.834927763e-07
4672 1.834240653e-07
4673 1.833553947e-07
4674 1.832867645e-07
4675 1.832181746e-07
4676 1.831496251e-07
4677 1.830811159e-07
4678 1.830126469e-07
4679 1.829442182e-07
4680 1.828758297e-07
4681 1.828074813e-07
4682 1.827391731e-07
4683 1.826709049e-07
4684 1.826026769e-07
4685 1.825344888e-07
4686 1.824663408e-07
4687 1.823982327e-07
4688 1.823301646e-07
4689 1.822621364e-07
4690 1.821941481e-07
4691 1.821261996e-07
4692 1.82058291e-07
4693 1.819904221e-07
4694 1.819225929e-07
4695 1.818548035e-07
4696 1.817870538e-07
4697 1.817193437e-07
4698 1.816516732e-07
4699 1.815840424e-07
4700 1.815164511e-07
4701 1.814488993e-07
4702 1.81381387e-07
4703 1.813139142e-07
4704 1.812464808e-07
4705 1.811790868e-07
4706 1.811117322e-07
4707 1.81044417e-07
4708 1.80977141e-07
4709 1.809099043e-07
4710 1.808427069e-07
4711 1.807755487e-07
4712 1.807084296e-07
4713 1.806413497e-07
4714 1.80574309e-07
4715 1.805073073e-07
4716 1.804403447e-07
4717 1.803734211e-07
4718 1.803065365e-07
4719 1.802396908e-07
4720 1.801728842e-07
4721 1.801061164e-07
4722 1.800393874e-07
4723 1.799726974e-07
4724 1.799060461e-07
4725 1.798394336e-07
4726 1.797728599e-07
4727 1.797063249e-07
4728 1.796398285e-07
4729 1.795733709e-07
4730 1.795069518e-07
4731 1.794405714e-07
4732 1.793742295e-07
4733 1.793079262e-07
4734 1.792416613e-07
4735 1.79175435e-07
4736 1.79109247e-07
4737 1.790430975e-07
4738 1.789769864e-07
4739 1.789109136e-07
4740 1.788448792e-07
4741 1.78778883e-07
4742 1.787129251e-07
4743 1.786470054e-07
4744 1.78581124e-07
4745 1.785152807e-07
4746 1.784494755e-07
4747 1.783837085e-07
4748 1.783179795e-07
4749 1.782522886e-07
4750 1.781866357e-07
4751 1.781210208e-07
4752 1.780554439e-07
4753 1.779899049e-07
4754 1.779244038e-07
4755 1.778589405e-07
4756 1.777935151e-07
4757 1.777281276e-07
4758 1.776627778e-07
4759 1.775974657e-07
4760 1.775321914e-07
4761 1.774669547e-07
4762 1.774017558e-07
4763 1.773365944e-07
4764 1.772714707e-07
4765 1.772063845e-07
4766 1.771413359e-07
4767 1.770763248e-07
4768 1.770113512e-07
4769 1.76946415e-07
4770 1.768815163e-07
4771 1.768166549e-07
4772 1.767518309e-07
4773 1.766870443e-07
4774 1.76622295e-07
4775 1.765575829e-07
4776 1.764929081e-07
4777 1.764282705e-07
4778 1.763636702e-07
4779 1.762991069e-07
4780 1.762345808e-07
4781 1.761700919e-07
4782 1.7610564e-07
4783 1.760412251e-07
4784 1.759768472e-07
4785 1.759125064e-07
4786 1.758482025e-07
4787 1.757839355e-07
4788 1.757197054e-07
4789 1.756555122e-07
4790 1.755913559e-07
4791 1.755272364e-07
4792 1.754631536e-07
4793 1.753991076e-07
4794 1.753350983e-07
4795 1.752711258e-07
4796 1.752071899e-07
4797 1.751432906e-07
4798 1.75079428e-07
4799 1.750156019e-07
4800 1.749518124e-07
4801 1.748880595e-07
4802 1.74824343e-07
4803 1.74760663e-07
4804 1.746970194e-07
4805 1.746334123e-07
4806 1.745698415e-07
4807 1.745063071e-07
4808 1.744428091e-07
4809 1.743793473e-07
4810 1.743159218e-07
4811 1.742525325e-07
4812 1.741891795e-07
4813 1.741258627e-07
4814 1.74062582e-07
4815 1.739993374e-07
4816 1.739361289e-07
4817 1.738729566e-07
4818 1.738098202e-07
4819 1.737467199e-07
4820 1.736836556e-07
4821 1.736206272e-07
4822 1.735576348e-07
4823 1.734946783e-07
4824 1.734317576e-07
4825 1.733688729e-07
4826 1.733060239e-07
4827 1.732432107e-07
4828 1.731804333e-07
4829 1.731176917e-07
4830 1.730549857e-07
4831 1.729923154e-07
4832 1.729296808e-07
4833 1.728670819e-07
4834 1.728045185e-07
4835 1.727419907e-07
4836 1.726794984e-07
4837 1.726170417e-07
4838 1.725546204e-07
4839 1.724922346e-07
4840 1.724298843e-07
4841 1.723675694e-07
4842 1.723052898e-07
4843 1.722430456e-07
4844 1.721808367e-07
4845 1.721186632e-07
4846 1.720565249e-07
4847 1.719944218e-07
4848 1.71932354e-07
4849 1.718703213e-07
4850 1.718083238e-07
4851 1.717463615e-07
4852 1.716844342e-07
4853 1.716225421e-07
4854 1.71560685e-07
4855 1.714988629e-07
4856 1.714370758e-07
4857 1.713753237e-07
4858 1.713136065e-07
4859 1.712519243e-07
4860 1.71190277e-07
4861 1.711286645e-07
4862 1.710670868e-07
4863 1.71005544e-07
4864 1.70944036e-07
4865 1.708825627e-07
4866 1.708211241e-07
4867 1.707597203e-07
4868 1.706983511e-07
4869 1.706370166e-07
4870 1.705757167e-07
4871 1.705144514e-07
4872 1.704532207e-07
4873 1.703920245e-07
4874 1.703308628e-07
4875 1.702697356e-07
4876 1.702086429e-07
4877 1.701475847e-07
4878 1.700865608e-07
4879 1.700255713e-07
4880 1.699646162e-07
4881 1.699036955e-07
4882 1.69842809e-07
4883 1.697819568e-07
4884 1.697211389e-07
4885 1.696603552e-07
4886 1.695996057e-07
4887 1.695388903e-07
4888 1.694782091e-07
4889 1.694175621e-07
4890 1.693569491e-07
4891 1.692963702e-07
4892 1.692358254e-07
4893 1.691753145e-07
4894 1.691148377e-07
4895 1.690543948e-07
4896 1.689939859e-07
4897 1.689336109e-07
4898 1.688732698e-07
4899 1.688129625e-07
4900 1.687526891e-07
4901 1.686924494e-07
4902 1.686322436e-07
4903 1.685720715e-07
4904 1.685119332e-07
4905 1.684518286e-07
4906 1.683917576e-07
4907 1.683317203e-07
4908 1.682717166e-07
4909 1.682117466e-07
4910 1.681518101e-07
4911 1.680919072e-07
4912 1.680320377e-07
4913 1.679722018e-07
4914 1.679123994e-07
4915 1.678526304e-07
4916 1.677928949e-07
4917 1.677331927e-07
4918 1.67673524e-07
4919 1.676138885e-07
4920 1.675542864e-07
4921 1.674947176e-07
4922 1.674351821e-07
4923 1.673756798e-07
4924 1.673162108e-07
4925 1.672567749e-07
4926 1.671973722e-07
4927 1.671380026e-07
4928 1.670786662e-07
4929 1.670193629e-07
4930 1.669600926e-07
4931 1.669008554e-07
4932 1.668416512e-07
4933 1.6678248e-07
4934 1.667233418e-07
4935 1.666642365e-07
4936 1.666051641e-07
4937 1.665461247e-07
4938 1.664871181e-07
4939 1.664281443e-07
4940 1.663692034e-07
4941 1.663102952e-07
4942 1.662514199e-07
4943 1.661925773e-07
4944 1.661337674e-07
4945 1.660749902e-07
4946 1.660162456e-07
4947 1.659575337e-07
4948 1.658988545e-07
4949 1.658402078e-07
4950 1.657815937e-07
4951 1.657230122e-07
4952 1.656644631e-07
4953 1.656059466e-07
4954 1.655474626e-07
4955 1.65489011e-07
4956 1.654305918e-07
4957 1.65372205e-07
4958 1.653138506e-07
4959 1.652555286e-07
4960 1.651972388e-07
4961 1.651389814e-07
4962 1.650807563e-07
4963 1.650225634e-07
4964 1.649644027e-07
4965 1.649062743e-07
4966 1.64848178e-07
4967 1.647901139e-07
4968 1.647320819e-07
4969 1.64674082e-07
4970 1.646161142e-07
4971 1.645581785e-07
4972 1.645002748e-07
4973 1.644424031e-07
4974 1.643845634e-07
4975 1.643267557e-07
4976 1.642689799e-07
4977 1.64211236e-07
4978 1.64153524e-07
4979 1.640958439e-07
4980 1.640381956e-07
4981 1.639805791e-07
4982 1.639229944e-07
4983 1.638654415e-07
4984 1.638079204e-07
4985 1.637504309e-07
4986 1.636929732e-07
4987 1.636355472e-07
4988 1.635781528e-07
4989 1.6352079e-07
4990 1.634634588e-07
4991 1.634061592e-07
4992 1.633488912e-07
4993 1.632916547e-07
4994 1.632344497e-07
4995 1.631772762e-07
4996 1.631201341e-07
4997 1.630630235e-07
4998 1.630059443e-07
4999 1.629488965e-07
5000 1.628918801e-07
5001 1.62834895e-07
5002 1.627779412e-07
5003 1.627210188e-07
5004 1.626641276e-07
5005 1.626072676e-07
5006 1.625504389e-07
5007 1.624936414e-07
5008 1.62436875e-07
5009 1.623801399e-07
5010 1.623234358e-07
5011 1.622667629e-07
5012 1.62210121e-07
5013 1.621535102e-07
5014 1.620969305e-07
5015 1.620403818e-07
5016 1.61983864e-07
5017 1.619273773e-07
5018 1.618709215e-07
5019 1.618144966e-07
5020 1.617581026e-07
5021 1.617017395e-07
5022 1.616454072e-07
5023 1.615891058e-07
5024 1.615328352e-07
5025 1.614765953e-07
5026 1.614203863e-07
5027 1.61364208e-07
5028 1.613080604e-07
5029 1.612519434e-07
5030 1.611958572e-07
5031 1.611398016e-07
5032 1.610837767e-07
5033 1.610277823e-07
5034 1.609718185e-07
5035 1.609158853e-07
5036 1.608599826e-07
5037 1.608041104e-07
5038 1.607482687e-07
5039 1.606924575e-07
5040 1.606366768e-07
5041 1.605809264e-07
5042 1.605252065e-07
5043 1.604695169e-07
5044 1.604138577e-07
5045 1.603582288e-07
5046 1.603026302e-07
5047 1.602470619e-07
5048 1.601915238e-07
5049 1.601360161e-07
5050 1.600805385e-07
5051 1.600250911e-07
5052 1.599696739e-07
5053 1.599142868e-07
5054 1.598589299e-07
5055 1.598036031e-07
5056 1.597483064e-07
5057 1.596930397e-07
5058 1.596378031e-07
5059 1.595825965e-07
5060 1.595274199e-07
5061 1.594722732e-07
5062 1.594171565e-07
5063 1.593620698e-07
5064 1.593070129e-07
5065 1.592519859e-07
5066 1.591969888e-07
5067 1.591420216e-07
5068 1.590870841e-07
5069 1.590321765e-07
5070 1.589772986e-07
5071 1.589224504e-07
5072 1.58867632e-07
5073 1.588128434e-07
5074 1.587580844e-07
5075 1.58703355e-07
5076 1.586486553e-07
5077 1.585939852e-07
5078 1.585393448e-07
5079 1.584847339e-07
5080 1.584301525e-07
5081 1.583756007e-07
5082 1.583210784e-07
5083 1.582665856e-07
5084 1.582121223e-07
5085 1.581576884e-07
5086 1.581032839e-07
5087 1.580489088e-07
5088 1.579945631e-07
5089 1.579402468e-07
5090 1.578859598e-07
5091 1.578317021e-07
5092 1.577774738e-07
5093 1.577232746e-07
5094 1.576691048e-07
5095 1.576149642e-07
5096 1.575608528e-07
5097 1.575067705e-07
5098 1.574527175e-07
5099 1.573986935e-07
5100 1.573446987e-07
5101 1.57290733e-07
5102 1.572367964e-07
5103 1.571828889e-07
5104 1.571290103e-07
5105 1.570751608e-07
5106 1.570213403e-07
5107 1.569675488e-07
5108 1.569137862e-07
5109 1.568600526e-07
5110 1.568063478e-07
5111 1.56752672e-07
5112 1.56699025e-07
5113 1.566454068e-07
5114 1.565918175e-07
5115 1.56538257e-07
5116 1.564847253e-07
5117 1.564312223e-07
5118 1.563777481e-07
5119 1.563243025e-07
5120 1.562708857e-07
5121 1.562174976e-07
5122 1.561641381e-07
5123 1.561108073e-07
5124 1.56057505e-07
5125 1.560042314e-07
5126 1.559509863e-07
5127 1.558977698e-07
5128 1.558445819e-07
5129 1.557914224e-07
5130 1.557382914e-07
5131 1.556851889e-07
5132 1.556321148e-07
5133 1.555790692e-07
5134 1.55526052e-07
5135 1.554730631e-07
5136 1.554201026e-07
5137 1.553671705e-07
5138 1.553142667e-07
5139 1.552613912e-07
5140 1.552085439e-07
5141 1.55155725e-07
5142 1.551029342e-07
5143 1.550501717e-07
5144 1.549974374e-07
5145 1.549447313e-07
5146 1.548920533e-07
5147 1.548394035e-07
5148 1.547867818e-07
5149 1.547341881e-07
5150 1.546816226e-07
5151 1.546290851e-07
5152 1.545765757e-07
5153 1.545240942e-07
5154 1.544716408e-07
5155 1.544192153e-07
5156 1.543668178e-07
5157 1.543144482e-07
5158 1.542621065e-07
5159 1.542097928e-07
5160 1.541575069e-07
5161 1.541052488e-07
5162 1.540530186e-07
5163 1.540008162e-07
5164 1.539486416e-07
5165 1.538964948e-07
5166 1.538443757e-07
5167 1.537922843e-07
5168 1.537402207e-07
5169 1.536881847e-07
5170 1.536361764e-07
5171 1.535841958e-07
5172 1.535322428e-07
5173 1.534803174e-07
5174 1.534284196e-07
5175 1.533765494e-07
5176 1.533247067e-07
5177 1.532728916e-07
5178 1.53221104e-07
5179 1.531693438e-07
5180 1.531176112e-07
5181 1.530659059e-07
5182 1.530142282e-07
5183 1.529625778e-07
5184 1.529109548e-07
5185 1.528593592e-07
5186 1.528077909e-07
5187 1.5275625e-07
5188 1.527047364e-07
5189 1.526532501e-07
5190 1.526017911e-07
5191 1.525503593e-07
5192 1.524989547e-07
5193 1.524475774e-07
5194 1.523962272e-07
5195 1.523449043e-07
5196 1.522936084e-07
5197 1.522423398e-07
5198 1.521910982e-07
5199 1.521398837e-07
5200 1.520886964e-07
5201 1.52037536e-07
5202 1.519864027e-07
5203 1.519352965e-07
5204 1.518842172e-07
5205 1.518331649e-07
5206 1.517821396e-07
5207 1.517311412e-07
5208 1.516801697e-07
5209 1.516292251e-07
5210 1.515783075e-07
5211 1.515274166e-07
5212 1.514765527e-07
5213 1.514257155e-07
5214 1.513749052e-07
5215 1.513241216e-07
5216 1.512733648e-07
5217 1.512226348e-07
5218 1.511719315e-07
5219 1.511212549e-07
5220 1.510706049e-07
5221 1.510199817e-07
5222 1.509693851e-07
5223 1.509188152e-07
5224 1.508682718e-07
5225 1.508177551e-07
5226 1.507672649e-07
5227 1.507168013e-07
5228 1.506663642e-07
5229 1.506159536e-07
5230 1.505655696e-07
5231 1.50515212e-07
5232 1.504648809e-07
5233 1.504145762e-07
5234 1.503642979e-07
5235 1.503140461e-07
5236 1.502638206e-07
5237 1.502136215e-07
5238 1.501634488e-07
5239 1.501133024e-07
5240 1.500631823e-07
5241 1.500130884e-07
5242 1.499630209e-07
5243 1.499129796e-07
5244 1.498629646e-07
5245 1.498129757e-07
5246 1.497630131e-07
5247 1.497130766e-07
5248 1.496631663e-07
5249 1.496132822e-07
5250 1.495634241e-07
5251 1.495135922e-07
5252 1.494637864e-07
5253 1.494140066e-07
5254 1.493642528e-07
5255 1.493145251e-07
5256 1.492648235e-07
5257 1.492151478e-07
5258 1.49165498e-07
5259 1.491158743e-07
5260 1.490662764e-07
5261 1.490167045e-07
5262 1.489671585e-07
5263 1.489176384e-07
5264 1.488681441e-07
5265 1.488186757e-07
5266 1.487692331e-07
5267 1.487198163e-07
5268 1.486704253e-07
5269 1.486210601e-07
5270 1.485717206e-07
5271 1.485224069e-07
5272 1.484731189e-07
5273 1.484238566e-07
5274 1.483746199e-07
5275 1.483254089e-07
5276 1.482762236e-07
5277 1.482270639e-07
5278 1.481779298e-07
5279 1.481288213e-07
5280 1.480797383e-07
5281 1.480306809e-07
5282 1.479816491e-07
5283 1.479326427e-07
5284 1.478836619e-07
5285 1.478347065e-07
5286 1.477857766e-07
5287 1.477368722e-07
5288 1.476879931e-07
5289 1.476391395e-07
5290 1.475903113e-07
5291 1.475415084e-07
5292 1.474927309e-07
5293 1.474439787e-07
5294 1.473952519e-07
5295 1.473465503e-07
5296 1.472978741e-07
5297 1.472492231e-07
5298 1.472005973e-07
5299 1.471519968e-07
5300 1.471034214e-07
5301 1.470548713e-07
5302 1.470063464e-07
5303 1.469578466e-07
5304 1.469093719e-07
5305 1.468609224e-07
5306 1.46812498e-07
5307 1.467640986e-07
5308 1.467157243e-07
5309 1.466673751e-07
5310 1.466190509e-07
5311 1.465707517e-07
5312 1.465224776e-07
5313 1.464742284e-07
5314 1.464260041e-07
5315 1.463778048e-07
5316 1.463296305e-07
5317 1.46281481e-07
5318 1.462333565e-07
5319 1.461852568e-07
5320 1.461371819e-07
5321 1.460891319e-07
5322 1.460411068e-07
5323 1.459931064e-07
5324 1.459451308e-07
5325 1.4589718e-07
5326 1.45849254e-07
5327 1.458013527e-07
5328 1.457534761e-07
5329 1.457056242e-07
5330 1.456577969e-07
5331 1.456099944e-07
5332 1.455622165e-07
5333 1.455144632e-07
5334 1.454667345e-07
5335 1.454190305e-07
5336 1.45371351e-07
5337 1.453236961e-07
5338 1.452760657e-07
5339 1.452284598e-07
5340 1.451808785e-07
5341 1.451333216e-07
5342 1.450857893e-07
5343 1.450382813e-07
5344 1.449907979e-07
5345 1.449433388e-07
5346 1.448959042e-07
5347 1.448484939e-07
5348 1.44801108e-07
5349 1.447537465e-07
5350 1.447064093e-07
5351 1.446590964e-07
5352 1.446118079e-07
5353 1.445645436e-07
5354 1.445173036e-07
5355 1.444700878e-07
5356 1.444228963e-07
5357 1.44375729e-07
5358 1.443285859e-07
5359 1.44281467e-07
5360 1.442343723e-07
5361 1.441873017e-07
5362 1.441402552e-07
5363 1.440932329e-07
5364 1.440462347e-07
5365 1.439992605e-07
5366 1.439523104e-07
5367 1.439053844e-07
5368 1.438584824e-07
5369 1.438116044e-07
5370 1.437647504e-07
5371 1.437179204e-07
5372 1.436711144e-07
5373 1.436243323e-07
5374 1.435775742e-07
5375 1.435308399e-07
5376 1.434841296e-07
5377 1.434374432e-07
5378 1.433907806e-07
5379 1.433441418e-07
5380 1.432975269e-07
5381 1.432509359e-07
5382 1.432043686e-07
5383 1.431578251e-07
5384 1.431113054e-07
5385 1.430648094e-07
5386 1.430183371e-07
5387 1.429718886e-07
5388 1.429254638e-07
5389 1.428790626e-07
5390 1.428326852e-07
5391 1.427863313e-07
5392 1.427400011e-07
5393 1.426936946e-07
5394 1.426474116e-07
5395 1.426011522e-07
5396 1.425549164e-07
5397 1.425087042e-07
5398 1.424625154e-07
5399 1.424163502e-07
5400 1.423702085e-07
5401 1.423240903e-07
5402 1.422779956e-07
5403 1.422319243e-07
5404 1.421858765e-07
5405 1.42139852e-07
5406 1.42093851e-07
5407 1.420478734e-07
5408 1.420019191e-07
5409 1.419559883e-07
5410 1.419100807e-07
5411 1.418641965e-07
5412 1.418183356e-07
5413 1.417724979e-07
5414 1.417266836e-07
5415 1.416808925e-07
5416 1.416351247e-07
5417 1.4158938e-07
5418 1.415436586e-07
5419 1.414979604e-07
5420 1.414522854e-07
5421 1.414066336e-07
5422 1.413610049e-07
5423 1.413153993e-07
5424 1.412698168e-07
5425 1.412242574e-07
5426 1.411787212e-07
5427 1.41133208e-07
5428 1.410877178e-07
5429 1.410422507e-07
5430 1.409968066e-07
5431 1.409513855e-07
5432 1.409059874e-07
5433 1.408606123e-07
5434 1.408152601e-07
5435 1.407699309e-07
5436 1.407246246e-07
5437 1.406793412e-07
5438 1.406340807e-07
5439 1.40588843e-07
5440 1.405436283e-07
5441 1.404984364e-07
5442 1.404532673e-07
5443 1.40408121e-07
5444 1.403629975e-07
5445 1.403178968e-07
5446 1.402728189e-07
5447 1.402277638e-07
5448 1.401827313e-07
5449 1.401377216e-07
5450 1.400927346e-07
5451 1.400477703e-07
5452 1.400028287e-07
5453 1.399579097e-07
5454 1.399130134e-07
5455 1.398681397e-07
5456 1.398232886e-07
5457 1.397784601e-07
5458 1.397336542e-07
5459 1.396888708e-07
5460 1.3964411e-07
5461 1.395993717e-07
5462 1.39554656e-07
5463 1.395099627e-07
5464 1.39465292e-07
5465 1.394206437e-07
5466 1.393760179e-07
5467 1.393314145e-07
5468 1.392868335e-07
5469 1.39242275e-07
5470 1.391977388e-07
5471 1.391532251e-07
5472 1.391087337e-07
5473 1.390642646e-07
5474 1.390198179e-07
5475 1.389753935e-07
5476 1.389309914e-07
5477 1.388866116e-07
5478 1.38842254e-07
5479 1.387979188e-07
5480 1.387536057e-07
5481 1.387093149e-07
5482 1.386650463e-07
5483 1.386207999e-07
5484 1.385765757e-07
5485 1.385323737e-07
5486 1.384881938e-07
5487 1.38444036e-07
5488 1.383999004e-07
5489 1.383557869e-07
5490 1.383116954e-07
5491 1.382676261e-07
5492 1.382235788e-07
5493 1.381795535e-07
5494 1.381355503e-07
5495 1.380915691e-07
5496 1.380476099e-07
5497 1.380036726e-07
5498 1.379597574e-07
5499 1.379158641e-07
5500 1.378719927e-07
5501 1.378281433e-07
5502 1.377843158e-07
5503 1.377405102e-07
5504 1.376967264e-07
5505 1.376529646e-07
5506 1.376092246e-07
5507 1.375655064e-07
5508 1.3752181e-07
5509 1.374781355e-07
5510 1.374344827e-07
5511 1.373908517e-07
5512 1.373472425e-07
5513 1.37303655e-07
5514 1.372600893e-07
5515 1.372165453e-07
5516 1.371730229e-07
5517 1.371295223e-07
5518 1.370860434e-07
5519 1.370425861e-07
5520 1.369991504e-07
5521 1.369557364e-07
5522 1.36912344e-07
5523 1.368689732e-07
5524 1.36825624e-07
5525 1.367822963e-07
5526 1.367389902e-07
5527 1.366957057e-07
5528 1.366524426e-07
5529 1.366092011e-07
5530 1.365659811e-07
5531 1.365227826e-07
5532 1.364796055e-07
5533 1.364364499e-07
5534 1.363933157e-07
5535 1.36350203e-07
5536 1.363071117e-07
5537 1.362640417e-07
5538 1.362209932e-07
5539 1.36177966e-07
5540 1.361349602e-07
5541 1.360919757e-07
5542 1.360490125e-07
5543 1.360060707e-07
5544 1.359631501e-07
5545 1.359202508e-07
5546 1.358773728e-07
5547 1.35834516e-07
5548 1.357916805e-07
5549 1.357488662e-07
5550 1.357060731e-07
5551 1.356633012e-07
5552 1.356205505e-07
5553 1.355778209e-07
5554 1.355351125e-07
5555 1.354924253e-07
5556 1.354497591e-07
5557 1.354071141e-07
5558 1.353644902e-07
5559 1.353218873e-07
5560 1.352793055e-07
5561 1.352367448e-07
5562 1.351942051e-07
5563 1.351516864e-07
5564 1.351091887e-07
5565 1.350667121e-07
5566 1.350242564e-07
5567 1.349818216e-07
5568 1.349394079e-07
5569 1.34897015e-07
5570 1.348546431e-07
5571 1.348122921e-07
5572 1.34769962e-07
5573 1.347276528e-07
5574 1.346853645e-07
5575 1.34643097e-07
5576 1.346008503e-07
5577 1.345586245e-07
5578 1.345164195e-07
5579 1.344742353e-07
5580 1.344320719e-07
5581 1.343899292e-07
5582 1.343478073e-07
5583 1.343057061e-07
5584 1.342636257e-07
5585 1.34221566e-07
5586 1.34179527e-07
5587 1.341375087e-07
5588 1.34095511e-07
5589 1.34053534e-07
5590 1.340115777e-07
5591 1.339696419e-07
5592 1.339277268e-07
5593 1.338858323e-07
5594 1.338439584e-07
5595 1.338021051e-07
5596 1.337602723e-07
5597 1.337184601e-07
5598 1.336766684e-07
5599 1.336348973e-07
5600 1.335931466e-07
5601 1.335514165e-07
5602 1.335097068e-07
5603 1.334680176e-07
5604 1.334263488e-07
5605 1.333847005e-07
5606 1.333430726e-07
5607 1.333014651e-07
5608 1.33259878e-07
5609 1.332183113e-07
5610 1.33176765e-07
5611 1.33135239e-07
5612 1.330937334e-07
5613 1.330522481e-07
5614 1.330107831e-07
5615 1.329693384e-07
5616 1.32927914e-07
5617 1.328865099e-07
5618 1.328451261e-07
5619 1.328037625e-07
5620 1.327624191e-07
5621 1.327210959e-07
5622 1.32679793e-07
5623 1.326385103e-07
5624 1.325972477e-07
5625 1.325560053e-07
5626 1.325147831e-07
5627 1.32473581e-07
5628 1.32432399e-07
5629 1.323912371e-07
5630 1.323500954e-07
5631 1.323089737e-07
5632 1.322678721e-07
5633 1.322267906e-07
5634 1.321857291e-07
5635 1.321446876e-07
5636 1.321036662e-07
5637 1.320626648e-07
5638 1.320216833e-07
5639 1.319807219e-07
5640 1.319397804e-07
5641 1.318988589e-07
5642 1.318579573e-07
5643 1.318170756e-07
5644 1.317762139e-07
5645 1.31735372e-07
5646 1.316945501e-07
5647 1.31653748e-07
5648 1.316129658e-07
5649 1.315722034e-07
5650 1.315314609e-07
5651 1.314907381e-07
5652 1.314500352e-07
5653 1.314093521e-07
5654 1.313686888e-07
5655 1.313280452e-07
5656 1.312874214e-07
5657 1.312468174e-07
5658 1.312062331e-07
5659 1.311656684e-07
5660 1.311251235e-07
5661 1.310845983e-07
5662 1.310440928e-07
5663 1.310036069e-07
5664 1.309631407e-07
5665 1.309226941e-07
5666 1.308822672e-07
5667 1.308418598e-07
5668 1.308014721e-07
5669 1.307611039e-07
5670 1.307207553e-07
5671 1.306804263e-07
5672 1.306401168e-07
5673 1.305998269e-07
5674 1.305595565e-07
5675 1.305193056e-07
5676 1.304790742e-07
5677 1.304388623e-07
5678 1.303986698e-07
5679 1.303584968e-07
5680 1.303183433e-07
5681 1.302782092e-07
5682 1.302380945e-07
5683 1.301979992e-07
5684 1.301579233e-07
5685 1.301178668e-07
5686 1.300778296e-07
5687 1.300378118e-07
5688 1.299978134e-07
5689 1.299578343e-07
5690 1.299178745e-07
5691 1.29877934e-07
5692 1.298380128e-07
5693 1.297981108e-07
5694 1.297582282e-07
5695 1.297183648e-07
5696 1.296785206e-07
5697 1.296386957e-07
5698 1.2959889e-07
5699 1.295591034e-07
5700 1.295193361e-07
5701 1.29479588e-07
5702 1.29439859e-07
5703 1.294001492e-07
5704 1.293604585e-07
5705 1.293207869e-07
5706 1.292811345e-07
5707 1.292415011e-07
5708 1.292018869e-07
5709 1.291622917e-07
5710 1.291227156e-07
5711 1.290831585e-07
5712 1.290436205e-07
5713 1.290041015e-07
5714 1.289646015e-07
5715 1.289251206e-07
5716 1.288856586e-07
5717 1.288462156e-07
5718 1.288067915e-07
5719 1.287673864e-07
5720 1.287280003e-07
5721 1.286886331e-07
5722 1.286492848e-07
5723 1.286099554e-07
5724 1.285706449e-07
5725 1.285313532e-07
5726 1.284920805e-07
5727 1.284528265e-07
5728 1.284135915e-07
5729 1.283743752e-07
5730 1.283351778e-07
5731 1.282959992e-07
5732 1.282568393e-07
5733 1.282176983e-07
5734 1.28178576e-07
5735 1.281394725e-07
5736 1.281003877e-07
5737 1.280613216e-07
5738 1.280222743e-07
5739 1.279832457e-07
5740 1.279442357e-07
5741 1.279052445e-07
5742 1.278662719e-07
5743 1.27827318e-07
5744 1.277883827e-07
5745 1.27749466e-07
5746 1.27710568e-07
5747 1.276716886e-07
5748 1.276328277e-07
5749 1.275939855e-07
5750 1.275551618e-07
5751 1.275163567e-07
5752 1.274775702e-07
5753 1.274388021e-07
5754 1.274000526e-07
5755 1.273613217e-07
5756 1.273226092e-07
5757 1.272839152e-07
5758 1.272452396e-07
5759 1.272065826e-07
5760 1.27167944e-07
5761 1.271293238e-07
5762 1.270907221e-07
5763 1.270521387e-07
5764 1.270135738e-07
5765 1.269750273e-07
5766 1.269364991e-07
5767 1.268979893e-07
5768 1.268594979e-07
5769 1.268210248e-07
5770 1.267825701e-07
5771 1.267441337e-07
5772 1.267057155e-07
5773 1.266673157e-07
5774 1.266289342e-07
5775 1.265905709e-07
5776 1.265522259e-07
5777 1.265138991e-07
5778 1.264755906e-07
5779 1.264373003e-07
5780 1.263990282e-07
5781 1.263607743e-07
5782 1.263225386e-07
5783 1.262843211e-07
5784 1.262461218e-07
5785 1.262079406e-07
5786 1.261697775e-07
5787 1.261316326e-07
5788 1.260935058e-07
5789 1.260553971e-07
5790 1.260173065e-07
5791 1.25979234e-07
5792 1.259411796e-07
5793 1.259031432e-07
5794 1.258651248e-07
5795 1.258271245e-07
5796 1.257891423e-07
5797 1.25751178e-07
5798 1.257132318e-07
5799 1.256753035e-07
5800 1.256373932e-07
5801 1.255995009e-07
5802 1.255616265e-07
5803 1.255237701e-07
5804 1.254859316e-07
5805 1.254481111e-07
5806 1.254103084e-07
5807 1.253725236e-07
5808 1.253347568e-07
5809 1.252970078e-07
5810 1.252592766e-07
5811 1.252215634e-07
5812 1.251838679e-07
5813 1.251461903e-07
5814 1.251085305e-07
5815 1.250708885e-07
5816 1.250332643e-07
5817 1.249956579e-07
5818 1.249580693e-07
5819 1.249204984e-07
5820 1.248829453e-07
5821 1.248454099e-07
5822 1.248078922e-07
5823 1.247703922e-07
5824 1.2473291e-07
5825 1.246954454e-07
5826 1.246579985e-07
5827 1.246205693e-07
5828 1.245831578e-07
5829 1.245457639e-07
5830 1.245083876e-07
5831 1.244710289e-07
5832 1.244336879e-07
5833 1.243963644e-07
5834 1.243590586e-07
5835 1.243217703e-07
5836 1.242844996e-07
5837 1.242472465e-07
5838 1.242100109e-07
5839 1.241727928e-07
5840 1.241355922e-07
5841 1.240984092e-07
5842 1.240612436e-07
5843 1.240240956e-07
5844 1.23986965e-07
5845 1.239498519e-07
5846 1.239127562e-07
5847 1.23875678e-07
5848 1.238386172e-07
5849 1.238015738e-07
5850 1.237645479e-07
5851 1.237275393e-07
5852 1.236905482e-07
5853 1.236535744e-07
5854 1.236166179e-07
5855 1.235796789e-07
5856 1.235427571e-07
5857 1.235058527e-07
5858 1.234689656e-07
5859 1.234320959e-07
5860 1.233952434e-07
5861 1.233584082e-07
5862 1.233215903e-07
5863 1.232847897e-07
5864 1.232480063e-07
5865 1.232112401e-07
5866 1.231744912e-07
5867 1.231377595e-07
5868 1.23101045e-07
5869 1.230643477e-07
5870 1.230276676e-07
5871 1.229910047e-07
5872 1.22954359e-07
5873 1.229177304e-07
5874 1.228811189e-07
5875 1.228445246e-07
5876 1.228079474e-07
5877 1.227713873e-07
5878 1.227348443e-07
5879 1.226983184e-07
5880 1.226618096e-07
5881 1.226253179e-07
5882 1.225888432e-07
5883 1.225523855e-07
5884 1.225159449e-07
5885 1.224795213e-07
5886 1.224431147e-07
5887 1.224067252e-07
5888 1.223703526e-07
5889 1.22333997e-07
5890 1.222976584e-07
5891 1.222613367e-07
5892 1.22225032e-07
5893 1.221887442e-07
5894 1.221524733e-07
5895 1.221162194e-07
5896 1.220799823e-07
5897 1.220437622e-07
5898 1.220075589e-07
5899 1.219713726e-07
5900 1.21935203e-07
5901 1.218990504e-07
5902 1.218629146e-07
5903 1.218267956e-07
5904 1.217906934e-07
5905 1.21754608e-07
5906 1.217185394e-07
5907 1.216824877e-07
5908 1.216464527e-07
5909 1.216104344e-07
5910 1.215744329e-07
5911 1.215384482e-07
5912 1.215024802e-07
5913 1.214665289e-07
5914 1.214305944e-07
5915 1.213946765e-07
5916 1.213587753e-07
5917 1.213228908e-07
5918 1.21287023e-07
5919 1.212511719e-07
5920 1.212153374e-07
5921 1.211795195e-07
5922 1.211437183e-07
5923 1.211079336e-07
5924 1.210721656e-07
5925 1.210364142e-07
5926 1.210006794e-07
5927 1.209649611e-07
5928 1.209292594e-07
5929 1.208935743e-07
5930 1.208579057e-07
5931 1.208222537e-07
5932 1.207866181e-07
5933 1.207509991e-07
5934 1.207153966e-07
5935 1.206798106e-07
5936 1.206442411e-07
5937 1.20608688e-07
5938 1.205731514e-07
5939 1.205376313e-07
5940 1.205021275e-07
5941 1.204666403e-07
5942 1.204311694e-07
5943 1.20395715e-07
5944 1.203602769e-07
5945 1.203248552e-07
5946 1.2028945e-07
5947 1.202540611e-07
5948 1.202186885e-07
5949 1.201833323e-07
5950 1.201479924e-07
5951 1.201126689e-07
5952 1.200773616e-07
5953 1.200420707e-07
5954 1.200067961e-07
5955 1.199715378e-07
5956 1.199362957e-07
5957 1.199010699e-07
5958 1.198658603e-07
5959 1.19830667e-07
5960 1.1979549e-07
5961 1.197603291e-07
5962 1.197251845e-07
5963 1.196900561e-07
5964 1.196549439e-07
5965 1.196198478e-07
5966 1.19584768e-07
5967 1.195497043e-07
5968 1.195146567e-07
5969 1.194796253e-07
5970 1.1944461e-07
5971 1.194096109e-07
5972 1.193746278e-07
5973 1.193396609e-07
5974 1.1930471e-07
5975 1.192697753e-07
5976 1.192348566e-07
5977 1.19199954e-07
5978 1.191650674e-07
5979 1.191301969e-07
5980 1.190953424e-07
5981 1.190605039e-07
5982 1.190256814e-07
5983 1.189908749e-07
5984 1.189560845e-07
5985 1.1892131e-07
5986 1.188865515e-07
5987 1.188518089e-07
5988 1.188170823e-07
5989 1.187823716e-07
5990 1.187476769e-07
5991 1.187129981e-07
5992 1.186783352e-07
5993 1.186436882e-07
5994 1.186090571e-07
5995 1.185744419e-07
5996 1.185398425e-07
5997 1.18505259e-07
5998 1.184706914e-07
5999 1.184361396e-07
6000 1.184016036e-07
6001 1.183670835e-07
6002 1.183325792e-07
6003 1.182980907e-07
6004 1.182636179e-07
6005 1.18229161e-07
6006 1.181947198e-07
6007 1.181602944e-07
6008 1.181258848e-07
6009 1.180914909e-07
6010 1.180571127e-07
6011 1.180227502e-07
6012 1.179884035e-07
6013 1.179540725e-07
6014 1.179197571e-07
6015 1.178854575e-07
6016 1.178511735e-07
6017 1.178169052e-07
6018 1.177826525e-07
6019 1.177484155e-07
6020 1.177141941e-07
6021 1.176799884e-07
6022 1.176457983e-07
6023 1.176116237e-07
6024 1.175774648e-07
6025 1.175433215e-07
6026 1.175091937e-07
6027 1.174750815e-07
6028 1.174409849e-07
6029 1.174069038e-07
6030 1.173728382e-07
6031 1.173387882e-07
6032 1.173047537e-07
6033 1.172707347e-07
6034 1.172367313e-07
6035 1.172027433e-07
6036 1.171687708e-07
6037 1.171348137e-07
6038 1.171008721e-07
6039 1.17066946e-07
6040 1.170330353e-07
6041 1.169991401e-07
6042 1.169652603e-07
6043 1.169313958e-07
6044 1.168975468e-07
6045 1.168637132e-07
6046 1.16829895e-07
6047 1.167960921e-07
6048 1.167623047e-07
6049 1.167285325e-07
6050 1.166947758e-07
6051 1.166610343e-07
6052 1.166273082e-07
6053 1.165935974e-07
6054 1.165599019e-07
6055 1.165262217e-07
6056 1.164925568e-07
6057 1.164589072e-07
6058 1.164252729e-07
6059 1.163916538e-07
6060 1.1635805e-07
6061 1.163244614e-07
6062 1.16290888e-07
6063 1.162573299e-07
6064 1.16223787e-07
6065 1.161902593e-07
6066 1.161567468e-07
6067 1.161232495e-07
6068 1.160897673e-07
6069 1.160563004e-07
6070 1.160228485e-07
6071 1.159894119e-07
6072 1.159559904e-07
6073 1.15922584e-07
6074 1.158891927e-07
6075 1.158558165e-07
6076 1.158224555e-07
6077 1.157891095e-07
6078 1.157557786e-07
6079 1.157224628e-07
6080 1.15689162e-07
6081 1.156558764e-07
6082 1.156226057e-07
6083 1.155893501e-07
6084 1.155561095e-07
6085 1.15522884e-07
6086 1.154896734e-07
6087 1.154564779e-07
6088 1.154232973e-07
6089 1.153901318e-07
6090 1.153569812e-07
6091 1.153238455e-07
6092 1.152907249e-07
6093 1.152576191e-07
6094 1.152245283e-07
6095 1.151914524e-07
6096 1.151583915e-07
6097 1.151253454e-07
6098 1.150923143e-07
6099 1.15059298e-07
6100 1.150262967e-07
6101 1.149933102e-07
6102 1.149603385e-07
6103 1.149273817e-07
6104 1.148944398e-07
6105 1.148615127e-07
6106 1.148286004e-07
6107 1.147957029e-07
6108 1.147628203e-07
6109 1.147299524e-07
6110 1.146970994e-07
6111 1.146642611e-07
6112 1.146314376e-07
6113 1.145986288e-07
6114 1.145658348e-07
6115 1.145330555e-07
6116 1.14500291e-07
6117 1.144675412e-07
6118 1.144348062e-07
6119 1.144020858e-07
6120 1.143693801e-07
6121 1.143366892e-07
6122 1.143040129e-07
6123 1.142713512e-07
6124 1.142387043e-07
6125 1.14206072e-07
6126 1.141734543e-07
6127 1.141408513e-07
6128 1.141082629e-07
6129 1.140756891e-07
6130 1.1404313e-07
6131 1.140105854e-07
6132 1.139780554e-07
6133 1.1394554e-07
6134 1.139130392e-07
6135 1.13880553e-07
6136 1.138480813e-07
6137 1.138156241e-07
6138 1.137831815e-07
6139 1.137507534e-07
6140 1.137183399e-07
6141 1.136859408e-07
6142 1.136535563e-07
6143 1.136211862e-07
6144 1.135888307e-07
6145 1.135564896e-07
6146 1.13524163e-07
6147 1.134918508e-07
6148 1.134595531e-07
6149 1.134272698e-07
6150 1.13395001e-07
6151 1.133627466e-07
6152 1.133305066e-07
6153 1.13298281e-07
6154 1.132660698e-07
6155 1.13233873e-07
6156 1.132016905e-07
6157 1.131695225e-07
6158 1.131373688e-07
6159 1.131052295e-07
6160 1.130731045e-07
6161 1.130409938e-07
6162 1.130088975e-07
6163 1.129768154e-07
6164 1.129447477e-07
6165 1.129126943e-07
6166 1.128806552e-07
6167 1.128486304e-07
6168 1.128166198e-07
6169 1.127846236e-07
6170 1.127526415e-07
6171 1.127206738e-07
6172 1.126887202e-07
6173 1.126567809e-07
6174 1.126248558e-07
6175 1.12592945e-07
6176 1.125610483e-07
6177 1.125291658e-07
6178 1.124972975e-07
6179 1.124654434e-07
6180 1.124336035e-07
6181 1.124017778e-07
6182 1.123699661e-07
6183 1.123381687e-07
6184 1.123063854e-07
6185 1.122746162e-07
6186 1.122428611e-07
6187 1.122111201e-07
6188 1.121793933e-07
6189 1.121476805e-07
6190 1.121159818e-07
6191 1.120842972e-07
6192 1.120526267e-07
6193 1.120209702e-07
6194 1.119893277e-07
6195 1.119576994e-07
6196 1.11926085e-07
6197 1.118944847e-07
6198 1.118628984e-07
6199 1.118313261e-07
6200 1.117997678e-07
6201 1.117682235e-07
6202 1.117366932e-07
6203 1.117051768e-07
6204 1.116736745e-07
6205 1.11642186e-07
6206 1.116107116e-07
6207 1.11579251e-07
6208 1.115478045e-07
6209 1.115163718e-07
6210 1.11484953e-07
6211 1.114535482e-07
6212 1.114221572e-07
6213 1.113907802e-07
6214 1.11359417e-07
6215 1.113280677e-07
6216 1.112967323e-07
6217 1.112654107e-07
6218 1.11234103e-07
6219 1.112028091e-07
6220 1.111715291e-07
6221 1.111402628e-07
6222 1.111090104e-07
6223 1.110777718e-07
6224 1.11046547e-07
6225 1.11015336e-07
6226 1.109841388e-07
6227 1.109529553e-07
6228 1.109217857e-07
6229 1.108906297e-07
6230 1.108594875e-07
6231 1.108283591e-07
6232 1.107972444e-07
6233 1.107661434e-07
6234 1.107350562e-07
6235 1.107039826e-07
6236 1.106729227e-07
6237 1.106418766e-07
6238 1.106108441e-07
6239 1.105798253e-07
6240 1.105488202e-07
6241 1.105178287e-07
6242 1.104868509e-07
6243 1.104558867e-07
6244 1.104249361e-07
6245 1.103939992e-07
6246 1.103630759e-07
6247 1.103321662e-07
6248 1.103012701e-07
6249 1.102703876e-07
6250 1.102395187e-07
6251 1.102086633e-07
6252 1.101778216e-07
6253 1.101469933e-07
6254 1.101161787e-07
6255 1.100853776e-07
6256 1.1005459e-07
6257 1.10023816e-07
6258 1.099930554e-07
6259 1.099623084e-07
6260 1.099315749e-07
6261 1.099008549e-07
6262 1.098701484e-07
6263 1.098394553e-07
6264 1.098087757e-07
6265 1.097781096e-07
6266 1.09747457e-07
6267 1.097168178e-07
6268 1.09686192e-07
6269 1.096555796e-07
6270 1.096249807e-07
6271 1.095943952e-07
6272 1.095638231e-07
6273 1.095332645e-07
6274 1.095027192e-07
6275 1.094721872e-07
6276 1.094416687e-07
6277 1.094111635e-07
6278 1.093806717e-07
6279 1.093501932e-07
6280 1.093197281e-07
6281 1.092892763e-07
6282 1.092588379e-07
6283 1.092284128e-07
6284 1.091980009e-07
6285 1.091676024e-07
6286 1.091372172e-07
6287 1.091068452e-07
6288 1.090764866e-07
6289 1.090461412e-07
6290 1.090158091e-07
6291 1.089854902e-07
6292 1.089551846e-07
6293 1.089248922e-07
6294 1.088946131e-07
6295 1.088643472e-07
6296 1.088340945e-07
6297 1.08803855e-07
6298 1.087736287e-07
6299 1.087434156e-07
6300 1.087132157e-07
6301 1.086830289e-07
6302 1.086528554e-07
6303 1.08622695e-07
6304 1.085925477e-07
6305 1.085624136e-07
6306 1.085322926e-07
6307 1.085021848e-07
6308 1.084720901e-07
6309 1.084420085e-07
6310 1.0841194e-07
6311 1.083818846e-07
6312 1.083518423e-07
6313 1.083218131e-07
6314 1.08291797e-07
6315 1.082617939e-07
6316 1.082318039e-07
6317 1.082018269e-07
6318 1.08171863e-07
6319 1.081419121e-07
6320 1.081119743e-07
6321 1.080820495e-07
6322 1.080521377e-07
6323 1.080222389e-07
6324 1.079923531e-07
6325 1.079624802e-07
6326 1.079326204e-07
6327 1.079027736e-07
6328 1.078729397e-07
6329 1.078431188e-07
6330 1.078133108e-07
6331 1.077835157e-07
6332 1.077537337e-07
6333 1.077239645e-07
6334 1.076942083e-07
6335 1.076644649e-07
6336 1.076347345e-07
6337 1.07605017e-07
6338 1.075753124e-07
6339 1.075456206e-07
6340 1.075159418e-07
6341 1.074862758e-07
6342 1.074566226e-07
6343 1.074269823e-07
6344 1.073973549e-07
6345 1.073677403e-07
6346 1.073381385e-07
6347 1.073085496e-07
6348 1.072789734e-07
6349 1.072494101e-07
6350 1.072198596e-07
6351 1.071903218e-07
6352 1.071607969e-07
6353 1.071312847e-07
6354 1.071017853e-07
6355 1.070722987e-07
6356 1.070428248e-07
6357 1.070133637e-07
6358 1.069839153e-07
6359 1.069544796e-07
6360 1.069250567e-07
6361 1.068956465e-07
6362 1.06866249e-07
6363 1.068368641e-07
6364 1.06807492e-07
6365 1.067781326e-07
6366 1.067487859e-07
6367 1.067194518e-07
6368 1.066901304e-07
6369 1.066608216e-07
6370 1.066315255e-07
6371 1.066022421e-07
6372 1.065729713e-07
6373 1.065437131e-07
6374 1.065144675e-07
6375 1.064852345e-07
6376 1.064560142e-07
6377 1.064268064e-07
6378 1.063976112e-07
6379 1.063684287e-07
6380 1.063392587e-07
6381 1.063101012e-07
6382 1.062809563e-07
6383 1.06251824e-07
6384 1.062227042e-07
6385 1.06193597e-07
6386 1.061645023e-07
6387 1.061354201e-07
6388 1.061063505e-07
6389 1.060772933e-07
6390 1.060482487e-07
6391 1.060192165e-07
6392 1.059901968e-07
6393 1.059611896e-07
6394 1.059321949e-07
6395 1.059032127e-07
6396 1.058742429e-07
6397 1.058452855e-07
6398 1.058163406e-07
6399 1.057874082e-07
6400 1.057584882e-07
6401 1.057295805e-07
6402 1.057006853e-07
6403 1.056718026e-07
6404 1.056429322e-07
6405 1.056140742e-07
6406 1.055852286e-07
6407 1.055563953e-07
6408 1.055275745e-07
6409 1.05498766e-07
6410 1.054699699e-07
6411 1.054411861e-07
6412 1.054124146e-07
6413 1.053836555e-07
6414 1.053549087e-07
6415 1.053261743e-07
6416 1.052974521e-07
6417 1.052687423e-07
6418 1.052400447e-07
6419 1.052113595e-07
6420 1.051826865e-07
6421 1.051540258e-07
6422 1.051253774e-07
6423 1.050967412e-07
6424 1.050681173e-07
6425 1.050395057e-07
6426 1.050109063e-07
6427 1.049823191e-07
6428 1.049537441e-07
6429 1.049251814e-07
6430 1.048966309e-07
6431 1.048680926e-07
6432 1.048395665e-07
6433 1.048110526e-07
6434 1.047825508e-07
6435 1.047540613e-07
6436 1.047255839e-07
6437 1.046971187e-07
6438 1.046686656e-07
6439 1.046402247e-07
6440 1.046117959e-07
6441 1.045833793e-07
6442 1.045549748e-07
6443 1.045265824e-07
6444 1.044982021e-07
6445 1.044698339e-07
6446 1.044414779e-07
6447 1.044131339e-07
6448 1.04384802e-07
6449 1.043564822e-07
6450 1.043281744e-07
6451 1.042998788e-07
6452 1.042715952e-07
6453 1.042433236e-07
6454 1.042150641e-07
6455 1.041868166e-07
6456 1.041585811e-07
6457 1.041303577e-07
6458 1.041021463e-07
6459 1.040739469e-07
6460 1.040457595e-07
6461 1.04017584e-07
6462 1.039894206e-07
6463 1.039612692e-07
6464 1.039331297e-07
6465 1.039050022e-07
6466 1.038768867e-07
6467 1.038487831e-07
6468 1.038206914e-07
6469 1.037926117e-07
6470 1.03764544e-07
6471 1.037364881e-07
6472 1.037084442e-07
6473 1.036804122e-07
6474 1.036523921e-07
6475 1.036243839e-07
6476 1.035963875e-07
6477 1.035684031e-07
6478 1.035404305e-07
6479 1.035124698e-07
6480 1.03484521e-07
6481 1.034565841e-07
6482 1.034286589e-07
6483 1.034007457e-07
6484 1.033728442e-07
6485 1.033449546e-07
6486 1.033170768e-07
6487 1.032892108e-07
6488 1.032613567e-07
6489 1.032335143e-07
6490 1.032056837e-07
6491 1.03177865e-07
6492 1.03150058e-07
6493 1.031222627e-07
6494 1.030944793e-07
6495 1.030667076e-07
6496 1.030389477e-07
6497 1.030111995e-07
6498 1.02983463e-07
6499 1.029557383e-07
6500 1.029280253e-07
6501 1.02900324e-07
6502 1.028726345e-07
6503 1.028449566e-07
6504 1.028172905e-07
6505 1.02789636e-07
6506 1.027619933e-07
6507 1.027343622e-07
6508 1.027067428e-07
6509 1.02679135e-07
6510 1.026515389e-07
6511 1.026239545e-07
6512 1.025963817e-07
6513 1.025688205e-07
6514 1.02541271e-07
6515 1.025137331e-07
6516 1.024862069e-07
6517 1.024586922e-07
6518 1.024311892e-07
6519 1.024036977e-07
6520 1.023762178e-07
6521 1.023487496e-07
6522 1.023212929e-07
6523 1.022938478e-07
6524 1.022664142e-07
6525 1.022389922e-07
6526 1.022115818e-07
6527 1.021841829e-07
6528 1.021567955e-07
6529 1.021294197e-07
6530 1.021020554e-07
6531 1.020747026e-07
6532 1.020473613e-07
6533 1.020200316e-07
6534 1.019927133e-07
6535 1.019654066e-07
6536 1.019381113e-07
6537 1.019108275e-07
6538 1.018835552e-07
6539 1.018562943e-07
6540 1.018290449e-07
6541 1.01801807e-07
6542 1.017745805e-07
6543 1.017473654e-07
6544 1.017201618e-07
6545 1.016929696e-07
6546 1.016657888e-07
6547 1.016386195e-07
6548 1.016114615e-07
6549 1.01584315e-07
6550 1.015571798e-07
6551 1.015300561e-07
6552 1.015029437e-07
6553 1.014758427e-07
6554 1.014487531e-07
6555 1.014216748e-07
6556 1.013946079e-07
6557 1.013675523e-07
6558 1.013405081e-07
6559 1.013134752e-07
6560 1.012864536e-07
6561 1.012594434e-07
6562 1.012324445e-07
6563 1.012054569e-07
6564 1.011784806e-07
6565 1.011515156e-07
6566 1.011245618e-07
6567 1.010976194e-07
6568 1.010706883e-07
6569 1.010437684e-07
6570 1.010168598e-07
6571 1.009899624e-07
6572 1.009630763e-07
6573 1.009362015e-07
6574 1.009093378e-07
6575 1.008824855e-07
6576 1.008556443e-07
6577 1.008288144e-07
6578 1.008019956e-07
6579 1.007751881e-07
6580 1.007483918e-07
6581 1.007216067e-07
6582 1.006948328e-07
6583 1.0066807e-07
6584 1.006413185e-07
6585 1.006145781e-07
6586 1.005878488e-07
6587 1.005611307e-07
6588 1.005344238e-07
6589 1.00507728e-07
6590 1.004810434e-07
6591 1.004543699e-07
6592 1.004277075e-07
6593 1.004010562e-07
6594 1.00374416e-07
6595 1.00347787e-07
6596 1.00321169e-07
6597 1.002945622e-07
6598 1.002679664e-07
6599 1.002413817e-07
6600 1.002148081e-07
6601 1.001882455e-07
6602 1.00161694e-07
6603 1.001351536e-07
6604 1.001086242e-07
6605 1.000821059e-07
6606 1.000555986e-07
6607 1.000291023e-07
6608 1.000026171e-07
6609 9.997614284e-08
6610 9.994967962e-08
6611 9.992322741e-08
6612 9.98967862e-08
6613 9.987035598e-08
6614 9.984393675e-08
6615 9.98175285e-08
6616 9.979113122e-08
6617 9.976474492e-08
6618 9.973836957e-08
6619 9.971200518e-08
6620 9.968565174e-08
6621 9.965930925e-08
6622 9.963297769e-08
6623 9.960665706e-08
6624 9.958034736e-08
6625 9.955404857e-08
6626 9.95277607e-08
6627 9.950148373e-08
6628 9.947521767e-08
6629 9.94489625e-08
6630 9.942271821e-08
6631 9.939648481e-08
6632 9.937026229e-08
6633 9.934405063e-08
6634 9.931784984e-08
6635 9.92916599e-08
6636 9.926548082e-08
6637 9.923931258e-08
6638 9.921315517e-08
6639 9.918700861e-08
6640 9.916087286e-08
6641 9.913474794e-08
6642 9.910863384e-08
6643 9.908253054e-08
6644 9.905643804e-08
6645 9.903035634e-08
6646 9.900428543e-08
6647 9.89782253e-08
6648 9.895217595e-08
6649 9.892613737e-08
6650 9.890010956e-08
6651 9.887409251e-08
6652 9.884808621e-08
6653 9.882209066e-08
6654 9.879610585e-08
6655 9.877013177e-08
6656 9.874416842e-08
6657 9.87182158e-08
6658 9.86922739e-08
6659 9.86663427e-08
6660 9.864042221e-08
6661 9.861451242e-08
6662 9.858861333e-08
6663 9.856272492e-08
6664 9.853684719e-08
6665 9.851098013e-08
6666 9.848512375e-08
6667 9.845927803e-08
6668 9.843344296e-08
6669 9.840761855e-08
6670 9.838180478e-08
6671 9.835600165e-08
6672 9.833020915e-08
6673 9.830442728e-08
6674 9.827865603e-08
6675 9.82528954e-08
6676 9.822714538e-08
6677 9.820140596e-08
6678 9.817567713e-08
6679 9.81499589e-08
6680 9.812425125e-08
6681 9.809855419e-08
6682 9.807286769e-08
6683 9.804719177e-08
6684 9.80215264e-08
6685 9.799587159e-08
6686 9.797022734e-08
6687 9.794459362e-08
6688 9.791897044e-08
6689 9.78933578e-08
6690 9.786775568e-08
6691 9.784216408e-08
6692 9.7816583e-08
6693 9.779101242e-08
6694 9.776545235e-08
6695 9.773990278e-08
6696 9.771436369e-08
6697 9.768883509e-08
6698 9.766331697e-08
6699 9.763780932e-08
6700 9.761231214e-08
6701 9.758682542e-08
6702 9.756134916e-08
6703 9.753588335e-08
6704 9.751042798e-08
6705 9.748498305e-08
6706 9.745954855e-08
6707 9.743412448e-08
6708 9.740871083e-08
6709 9.738330759e-08
6710 9.735791476e-08
6711 9.733253234e-08
6712 9.730716031e-08
6713 9.728179867e-08
6714 9.725644743e-08
6715 9.723110656e-08
6716 9.720577606e-08
6717 9.718045593e-08
6718 9.715514617e-08
6719 9.712984676e-08
6720 9.710455771e-08
6721 9.707927899e-08
6722 9.705401062e-08
6723 9.702875259e-08
6724 9.700350488e-08
6725 9.697826749e-08
6726 9.695304042e-08
6727 9.692782366e-08
6728 9.69026172e-08
6729 9.687742104e-08
6730 9.685223518e-08
6731 9.682705961e-08
6732 9.680189431e-08
6733 9.67767393e-08
6734 9.675159455e-08
6735 9.672646007e-08
6736 9.670133585e-08
6737 9.667622188e-08
6738 9.665111816e-08
6739 9.662602468e-08
6740 9.660094144e-08
6741 9.657586843e-08
6742 9.655080564e-08
6743 9.652575307e-08
6744 9.650071072e-08
6745 9.647567857e-08
6746 9.645065663e-08
6747 9.642564488e-08
6748 9.640064333e-08
6749 9.637565196e-08
6750 9.635067076e-08
6751 9.632569975e-08
6752 9.63007389e-08
6753 9.627578821e-08
6754 9.625084768e-08
6755 9.62259173e-08
6756 9.620099707e-08
6757 9.617608698e-08
6758 9.615118702e-08
6759 9.612629719e-08
6760 9.610141749e-08
6761 9.60765479e-08
6762 9.605168842e-08
6763 9.602683905e-08
6764 9.600199979e-08
6765 9.597717061e-08
6766 9.595235153e-08
6767 9.592754253e-08
6768 9.590274361e-08
6769 9.587795476e-08
6770 9.585317598e-08
6771 9.582840726e-08
6772 9.580364859e-08
6773 9.577889998e-08
6774 9.575416141e-08
6775 9.572943288e-08
6776 9.570471439e-08
6777 9.568000592e-08
6778 9.565530748e-08
6779 9.563061905e-08
6780 9.560594064e-08
6781 9.558127223e-08
6782 9.555661382e-08
6783 9.553196541e-08
6784 9.550732699e-08
6785 9.548269855e-08
6786 9.545808009e-08
6787 9.54334716e-08
6788 9.540887308e-08
6789 9.538428452e-08
6790 9.535970592e-08
6791 9.533513727e-08
6792 9.531057857e-08
6793 9.52860298e-08
6794 9.526149097e-08
6795 9.523696207e-08
6796 9.52124431e-08
6797 9.518793404e-08
6798 9.516343489e-08
6799 9.513894565e-08
6800 9.511446631e-08
6801 9.508999687e-08
6802 9.506553732e-08
6803 9.504108766e-08
6804 9.501664787e-08
6805 9.499221796e-08
6806 9.496779792e-08
6807 9.494338774e-08
6808 9.491898742e-08
6809 9.489459696e-08
6810 9.487021634e-08
6811 9.484584556e-08
6812 9.482148462e-08
6813 9.479713351e-08
6814 9.477279222e-08
6815 9.474846076e-08
6816 9.472413911e-08
6817 9.469982727e-08
6818 9.467552523e-08
6819 9.465123299e-08
6820 9.462695055e-08
6821 9.460267789e-08
6822 9.457841502e-08
6823 9.455416192e-08
6824 9.45299186e-08
6825 9.450568504e-08
6826 9.448146124e-08
6827 9.44572472e-08
6828 9.443304291e-08
6829 9.440884836e-08
6830 9.438466356e-08
6831 9.436048848e-08
6832 9.433632314e-08
6833 9.431216752e-08
6834 9.428802162e-08
6835 9.426388543e-08
6836 9.423975895e-08
6837 9.421564217e-08
6838 9.419153509e-08
6839 9.41674377e-08
6840 9.414334999e-08
6841 9.411927197e-08
6842 9.409520362e-08
6843 9.407114495e-08
6844 9.404709594e-08
6845 9.402305658e-08
6846 9.399902689e-08
6847 9.397500684e-08
6848 9.395099643e-08
6849 9.392699567e-08
6850 9.390300454e-08
6851 9.387902303e-08
6852 9.385505115e-08
6853 9.383108889e-08
6854 9.380713624e-08
6855 9.378319319e-08
6856 9.375925975e-08
6857 9.373533591e-08
6858 9.371142165e-08
6859 9.368751698e-08
6860 9.36636219e-08
6861 9.363973639e-08
6862 9.361586044e-08
6863 9.359199407e-08
6864 9.356813725e-08
6865 9.354428999e-08
6866 9.352045228e-08
6867 9.349662411e-08
6868 9.347280548e-08
6869 9.344899639e-08
6870 9.342519682e-08
6871 9.340140678e-08
6872 9.337762625e-08
6873 9.335385524e-08
6874 9.333009374e-08
6875 9.330634174e-08
6876 9.328259924e-08
6877 9.325886623e-08
6878 9.32351427e-08
6879 9.321142866e-08
6880 9.31877241e-08
6881 9.3164029e-08
6882 9.314034338e-08
6883 9.311666721e-08
6884 9.30930005e-08
6885 9.306934324e-08
6886 9.304569543e-08
6887 9.302205706e-08
6888 9.299842812e-08
6889 9.297480862e-08
6890 9.295119854e-08
6891 9.292759788e-08
6892 9.290400663e-08
6893 9.28804248e-08
6894 9.285685237e-08
6895 9.283328934e-08
6896 9.28097357e-08
6897 9.278619146e-08
6898 9.27626566e-08
6899 9.273913112e-08
6900 9.271561501e-08
6901 9.269210827e-08
6902 9.266861089e-08
6903 9.264512288e-08
6904 9.262164422e-08
6905 9.25981749e-08
6906 9.257471493e-08
6907 9.25512643e-08
6908 9.252782301e-08
6909 9.250439104e-08
6910 9.248096839e-08
6911 9.245755507e-08
6912 9.243415105e-08
6913 9.241075635e-08
6914 9.238737095e-08
6915 9.236399484e-08
6916 9.234062803e-08
6917 9.231727051e-08
6918 9.229392227e-08
6919 9.227058331e-08
6920 9.224725362e-08
6921 9.22239332e-08
6922 9.220062204e-08
6923 9.217732014e-08
6924 9.21540275e-08
6925 9.21307441e-08
6926 9.210746995e-08
6927 9.208420503e-08
6928 9.206094934e-08
6929 9.203770289e-08
6930 9.201446565e-08
6931 9.199123764e-08
6932 9.196801884e-08
6933 9.194480924e-08
6934 9.192160885e-08
6935 9.189841766e-08
6936 9.187523566e-08
6937 9.185206284e-08
6938 9.182889921e-08
6939 9.180574476e-08
6940 9.178259948e-08
6941 9.175946338e-08
6942 9.173633643e-08
6943 9.171321864e-08
6944 9.169011001e-08
6945 9.166701052e-08
6946 9.164392018e-08
6947 9.162083897e-08
6948 9.15977669e-08
6949 9.157470396e-08
6950 9.155165015e-08
6951 9.152860545e-08
6952 9.150556986e-08
6953 9.148254339e-08
6954 9.145952601e-08
6955 9.143651774e-08
6956 9.141351856e-08
6957 9.139052848e-08
6958 9.136754747e-08
6959 9.134457555e-08
6960 9.13216127e-08
6961 9.129865892e-08
6962 9.12757142e-08
6963 9.125277855e-08
6964 9.122985195e-08
6965 9.12069344e-08
6966 9.11840259e-08
6967 9.116112643e-08
6968 9.113823601e-08
6969 9.111535461e-08
6970 9.109248224e-08
6971 9.106961889e-08
6972 9.104676456e-08
6973 9.102391924e-08
6974 9.100108292e-08
6975 9.097825561e-08
6976 9.095543729e-08
6977 9.093262797e-08
6978 9.090982763e-08
6979 9.088703628e-08
6980 9.08642539e-08
6981 9.08414805e-08
6982 9.081871606e-08
6983 9.079596059e-08
6984 9.077321408e-08
6985 9.075047652e-08
6986 9.072774791e-08
6987 9.070502824e-08
6988 9.068231751e-08
6989 9.065961572e-08
6990 9.063692285e-08
6991 9.061423891e-08
6992 9.059156389e-08
6993 9.056889779e-08
6994 9.054624059e-08
6995 9.05235923e-08
6996 9.050095292e-08
6997 9.047832242e-08
6998 9.045570082e-08
6999 9.043308811e-08
7000 9.041048428e-08
7001 9.038788932e-08
7002 9.036530324e-08
7003 9.034272603e-08
7004 9.032015767e-08
7005 9.029759818e-08
7006 9.027504754e-08
7007 9.025250575e-08
7008 9.02299728e-08
7009 9.020744869e-08
7010 9.018493341e-08
7011 9.016242697e-08
7012 9.013992935e-08
7013 9.011744055e-08
7014 9.009496056e-08
7015 9.007248939e-08
7016 9.005002702e-08
7017 9.002757346e-08
7018 9.000512869e-08
7019 8.998269271e-08
7020 8.996026552e-08
7021 8.993784711e-08
7022 8.991543748e-08
7023 8.989303663e-08
7024 8.987064454e-08
7025 8.984826122e-08
7026 8.982588665e-08
7027 8.980352084e-08
7028 8.978116378e-08
7029 8.975881547e-08
7030 8.973647589e-08
7031 8.971414505e-08
7032 8.969182294e-08
7033 8.966950956e-08
7034 8.96472049e-08
7035 8.962490896e-08
7036 8.960262173e-08
7037 8.958034321e-08
7038 8.955807339e-08
7039 8.953581227e-08
7040 8.951355985e-08
7041 8.949131611e-08
7042 8.946908106e-08
7043 8.944685469e-08
7044 8.9424637e-08
7045 8.940242797e-08
7046 8.938022761e-08
7047 8.935803592e-08
7048 8.933585288e-08
7049 8.931367849e-08
7050 8.929151275e-08
7051 8.926935566e-08
7052 8.92472072e-08
7053 8.922506738e-08
7054 8.920293618e-08
7055 8.918081362e-08
7056 8.915869967e-08
7057 8.913659434e-08
7058 8.911449761e-08
7059 8.90924095e-08
7060 8.907032999e-08
7061 8.904825907e-08
7062 8.902619675e-08
7063 8.900414302e-08
7064 8.898209787e-08
7065 8.89600613e-08
7066 8.89380333e-08
7067 8.891601388e-08
7068 8.889400302e-08
7069 8.887200072e-08
7070 8.885000697e-08
7071 8.882802178e-08
7072 8.880604514e-08
7073 8.878407704e-08
7074 8.876211748e-08
7075 8.874016645e-08
7076 8.871822395e-08
7077 8.869628998e-08
7078 8.867436453e-08
7079 8.865244759e-08
7080 8.863053916e-08
7081 8.860863924e-08
7082 8.858674782e-08
7083 8.856486491e-08
7084 8.854299048e-08
7085 8.852112454e-08
7086 8.849926709e-08
7087 8.847741811e-08
7088 8.845557762e-08
7089 8.843374559e-08
7090 8.841192203e-08
7091 8.839010693e-08
7092 8.836830029e-08
7093 8.83465021e-08
7094 8.832471236e-08
7095 8.830293106e-08
7096 8.828115821e-08
7097 8.825939378e-08
7098 8.823763779e-08
7099 8.821589023e-08
7100 8.819415109e-08
7101 8.817242036e-08
7102 8.815069805e-08
7103 8.812898414e-08
7104 8.810727864e-08
7105 8.808558154e-08
7106 8.806389283e-08
7107 8.804221252e-08
7108 8.802054059e-08
7109 8.799887704e-08
7110 8.797722187e-08
7111 8.795557508e-08
7112 8.793393665e-08
7113 8.791230658e-08
7114 8.789068488e-08
7115 8.786907153e-08
7116 8.784746653e-08
7117 8.782586988e-08
7118 8.780428157e-08
7119 8.77827016e-08
7120 8.776112996e-08
7121 8.773956665e-08
7122 8.771801166e-08
7123 8.7696465e-08
7124 8.767492665e-08
7125 8.765339661e-08
7126 8.763187488e-08
7127 8.761036145e-08
7128 8.758885633e-08
7129 8.756735949e-08
7130 8.754587094e-08
7131 8.752439068e-08
7132 8.75029187e-08
7133 8.7481455e-08
7134 8.745999957e-08
7135 8.743855241e-08
7136 8.741711351e-08
7137 8.739568287e-08
7138 8.737426048e-08
7139 8.735284635e-08
7140 8.733144046e-08
7141 8.731004281e-08
7142 8.72886534e-08
7143 8.726727222e-08
7144 8.724589928e-08
7145 8.722453455e-08
7146 8.720317805e-08
7147 8.718182976e-08
7148 8.716048969e-08
7149 8.713915782e-08
7150 8.711783415e-08
7151 8.709651869e-08
7152 8.707521142e-08
7153 8.705391233e-08
7154 8.703262144e-08
7155 8.701133872e-08
7156 8.699006419e-08
7157 8.696879782e-08
7158 8.694753962e-08
7159 8.692628959e-08
7160 8.690504772e-08
7161 8.688381401e-08
7162 8.686258844e-08
7163 8.684137103e-08
7164 8.682016175e-08
7165 8.679896062e-08
7166 8.677776762e-08
7167 8.675658275e-08
7168 8.6735406e-08
7169 8.671423738e-08
7170 8.669307688e-08
7171 8.667192448e-08
7172 8.66507802e-08
7173 8.662964402e-08
7174 8.660851595e-08
7175 8.658739597e-08
7176 8.656628408e-08
7177 8.654518028e-08
7178 8.652408456e-08
7179 8.650299692e-08
7180 8.648191736e-08
7181 8.646084587e-08
7182 8.643978244e-08
7183 8.641872708e-08
7184 8.639767978e-08
7185 8.637664053e-08
7186 8.635560933e-08
7187 8.633458617e-08
7188 8.631357106e-08
7189 8.629256398e-08
7190 8.627156494e-08
7191 8.625057393e-08
7192 8.622959094e-08
7193 8.620861597e-08
7194 8.618764902e-08
7195 8.616669008e-08
7196 8.614573915e-08
7197 8.612479622e-08
7198 8.61038613e-08
7199 8.608293437e-08
7200 8.606201543e-08
7201 8.604110447e-08
7202 8.60202015e-08
7203 8.599930651e-08
7204 8.597841949e-08
7205 8.595754045e-08
7206 8.593666937e-08
7207 8.591580625e-08
7208 8.589495109e-08
7209 8.587410389e-08
7210 8.585326463e-08
7211 8.583243332e-08
7212 8.581160996e-08
7213 8.579079453e-08
7214 8.576998703e-08
7215 8.574918746e-08
7216 8.572839582e-08
7217 8.57076121e-08
7218 8.56868363e-08
7219 8.566606841e-08
7220 8.564530842e-08
7221 8.562455634e-08
7222 8.560381217e-08
7223 8.558307589e-08
7224 8.55623475e-08
7225 8.5541627e-08
7226 8.552091438e-08
7227 8.550020964e-08
7228 8.547951278e-08
7229 8.545882379e-08
7230 8.543814267e-08
7231 8.541746942e-08
7232 8.539680402e-08
7233 8.537614648e-08
7234 8.535549679e-08
7235 8.533485494e-08
7236 8.531422094e-08
7237 8.529359478e-08
7238 8.527297646e-08
7239 8.525236596e-08
7240 8.523176329e-08
7241 8.521116845e-08
7242 8.519058142e-08
7243 8.517000221e-08
7244 8.514943081e-08
7245 8.512886722e-08
7246 8.510831143e-08
7247 8.508776344e-08
7248 8.506722325e-08
7249 8.504669084e-08
7250 8.502616622e-08
7251 8.500564938e-08
7252 8.498514033e-08
7253 8.496463904e-08
7254 8.494414553e-08
7255 8.492365979e-08
7256 8.49031818e-08
7257 8.488271158e-08
7258 8.486224911e-08
7259 8.484179439e-08
7260 8.482134741e-08
7261 8.480090818e-08
7262 8.478047669e-08
7263 8.476005293e-08
7264 8.473963691e-08
7265 8.471922861e-08
7266 8.469882803e-08
7267 8.467843517e-08
7268 8.465805002e-08
7269 8.463767259e-08
7270 8.461730286e-08
7271 8.459694084e-08
7272 8.457658651e-08
7273 8.455623988e-08
7274 8.453590094e-08
7275 8.451556969e-08
7276 8.449524612e-08
7277 8.447493022e-08
7278 8.445462201e-08
7279 8.443432146e-08
7280 8.441402858e-08
7281 8.439374337e-08
7282 8.437346581e-08
7283 8.435319591e-08
7284 8.433293366e-08
7285 8.431267905e-08
7286 8.429243209e-08
7287 8.427219277e-08
7288 8.425196109e-08
7289 8.423173704e-08
7290 8.421152061e-08
7291 8.419131181e-08
7292 8.417111063e-08
7293 8.415091706e-08
7294 8.413073111e-08
7295 8.411055276e-08
7296 8.409038202e-08
7297 8.407021888e-08
7298 8.405006333e-08
7299 8.402991538e-08
7300 8.400977502e-08
7301 8.398964224e-08
7302 8.396951704e-08
7303 8.394939942e-08
7304 8.392928937e-08
7305 8.390918689e-08
7306 8.388909197e-08
7307 8.386900462e-08
7308 8.384892482e-08
7309 8.382885258e-08
7310 8.380878789e-08
7311 8.378873074e-08
7312 8.376868114e-08
7313 8.374863907e-08
7314 8.372860454e-08
7315 8.370857754e-08
7316 8.368855806e-08
7317 8.366854611e-08
7318 8.364854167e-08
7319 8.362854475e-08
7320 8.360855535e-08
7321 8.358857344e-08
7322 8.356859905e-08
7323 8.354863215e-08
7324 8.352867275e-08
7325 8.350872084e-08
7326 8.348877641e-08
7327 8.346883948e-08
7328 8.344891002e-08
7329 8.342898804e-08
7330 8.340907353e-08
7331 8.338916649e-08
7332 8.336926692e-08
7333 8.33493748e-08
7334 8.332949015e-08
7335 8.330961295e-08
7336 8.328974319e-08
7337 8.326988089e-08
7338 8.325002602e-08
7339 8.32301786e-08
7340 8.321033861e-08
7341 8.319050605e-08
7342 8.317068091e-08
7343 8.31508632e-08
7344 8.313105291e-08
7345 8.311125004e-08
7346 8.309145458e-08
7347 8.307166652e-08
7348 8.305188587e-08
7349 8.303211262e-08
7350 8.301234677e-08
7351 8.299258831e-08
7352 8.297283724e-08
7353 8.295309355e-08
7354 8.293335725e-08
7355 8.291362833e-08
7356 8.289390677e-08
7357 8.287419259e-08
7358 8.285448578e-08
7359 8.283478633e-08
7360 8.281509424e-08
7361 8.27954095e-08
7362 8.277573211e-08
7363 8.275606208e-08
7364 8.273639938e-08
7365 8.271674403e-08
7366 8.269709601e-08
7367 8.267745533e-08
7368 8.265782198e-08
7369 8.263819595e-08
7370 8.261857724e-08
7371 8.259896585e-08
7372 8.257936178e-08
7373 8.255976502e-08
7374 8.254017556e-08
7375 8.252059341e-08
7376 8.250101855e-08
7377 8.248145099e-08
7378 8.246189073e-08
7379 8.244233775e-08
7380 8.242279206e-08
7381 8.240325365e-08
7382 8.238372251e-08
7383 8.236419865e-08
7384 8.234468206e-08
7385 8.232517273e-08
7386 8.230567067e-08
7387 8.228617587e-08
7388 8.226668832e-08
7389 8.224720802e-08
7390 8.222773497e-08
7391 8.220826916e-08
7392 8.21888106e-08
7393 8.216935927e-08
7394 8.214991517e-08
7395 8.213047831e-08
7396 8.211104867e-08
7397 8.209162625e-08
7398 8.207221105e-08
7399 8.205280306e-08
7400 8.203340229e-08
7401 8.201400872e-08
7402 8.199462236e-08
7403 8.19752432e-08
7404 8.195587123e-08
7405 8.193650646e-08
7406 8.191714887e-08
7407 8.189779847e-08
7408 8.187845526e-08
7409 8.185911922e-08
7410 8.183979035e-08
7411 8.182046866e-08
7412 8.180115414e-08
7413 8.178184678e-08
7414 8.176254657e-08
7415 8.174325353e-08
7416 8.172396764e-08
7417 8.170468889e-08
7418 8.16854173e-08
7419 8.166615284e-08
7420 8.164689553e-08
7421 8.162764534e-08
7422 8.160840229e-08
7423 8.158916637e-08
7424 8.156993757e-08
7425 8.155071589e-08
7426 8.153150133e-08
7427 8.151229388e-08
7428 8.149309355e-08
7429 8.147390031e-08
7430 8.145471418e-08
7431 8.143553515e-08
7432 8.141636322e-08
7433 8.139719837e-08
7434 8.137804062e-08
7435 8.135888995e-08
7436 8.133974636e-08
7437 8.132060985e-08
7438 8.130148041e-08
7439 8.128235804e-08
7440 8.126324274e-08
7441 8.12441345e-08
7442 8.122503332e-08
7443 8.12059392e-08
7444 8.118685213e-08
7445 8.116777211e-08
7446 8.114869913e-08
7447 8.11296332e-08
7448 8.11105743e-08
7449 8.109152244e-08
7450 8.107247761e-08
7451 8.105343981e-08
7452 8.103440903e-08
7453 8.101538528e-08
7454 8.099636854e-08
7455 8.097735881e-08
7456 8.09583561e-08
7457 8.093936039e-08
7458 8.092037168e-08
7459 8.090138997e-08
7460 8.088241526e-08
7461 8.086344755e-08
7462 8.084448682e-08
7463 8.082553307e-08
7464 8.080658631e-08
7465 8.078764653e-08
7466 8.076871372e-08
7467 8.074978788e-08
7468 8.073086901e-08
7469 8.071195711e-08
7470 8.069305216e-08
7471 8.067415418e-08
7472 8.065526315e-08
7473 8.063637906e-08
7474 8.061750193e-08
7475 8.059863174e-08
7476 8.057976849e-08
7477 8.056091217e-08
7478 8.054206279e-08
7479 8.052322034e-08
7480 8.050438481e-08
7481 8.048555621e-08
7482 8.046673452e-08
7483 8.044791975e-08
7484 8.04291119e-08
7485 8.041031095e-08
7486 8.039151691e-08
7487 8.037272977e-08
7488 8.035394952e-08
7489 8.033517618e-08
7490 8.031640972e-08
7491 8.029765015e-08
7492 8.027889747e-08
7493 8.026015167e-08
7494 8.024141274e-08
7495 8.022268069e-08
7496 8.020395551e-08
7497 8.01852372e-08
7498 8.016652575e-08
7499 8.014782117e-08
7500 8.012912344e-08
7501 8.011043256e-08
7502 8.009174853e-08
7503 8.007307135e-08
7504 8.005440102e-08
7505 8.003573752e-08
7506 8.001708086e-08
7507 7.999843104e-08
7508 7.997978804e-08
7509 7.996115187e-08
7510 7.994252252e-08
7511 7.992389999e-08
7512 7.990528428e-08
7513 7.988667538e-08
7514 7.986807329e-08
7515 7.984947801e-08
7516 7.983088953e-08
7517 7.981230784e-08
7518 7.979373296e-08
7519 7.977516486e-08
7520 7.975660356e-08
7521 7.973804904e-08
7522 7.97195013e-08
7523 7.970096034e-08
7524 7.968242616e-08
7525 7.966389875e-08
7526 7.96453781e-08
7527 7.962686423e-08
7528 7.960835711e-08
7529 7.958985675e-08
7530 7.957136315e-08
7531 7.95528763e-08
7532 7.95343962e-08
7533 7.951592285e-08
7534 7.949745623e-08
7535 7.947899635e-08
7536 7.946054321e-08
7537 7.94420968e-08
7538 7.942365712e-08
7539 7.940522417e-08
7540 7.938679793e-08
7541 7.936837842e-08
7542 7.934996562e-08
7543 7.933155953e-08
7544 7.931316015e-08
7545 7.929476747e-08
7546 7.92763815e-08
7547 7.925800222e-08
7548 7.923962964e-08
7549 7.922126375e-08
7550 7.920290455e-08
7551 7.918455203e-08
7552 7.91662062e-08
7553 7.914786704e-08
7554 7.912953456e-08
7555 7.911120875e-08
7556 7.909288961e-08
7557 7.907457714e-08
7558 7.905627132e-08
7559 7.903797217e-08
7560 7.901967967e-08
7561 7.900139382e-08
7562 7.898311462e-08
7563 7.896484207e-08
7564 7.894657616e-08
7565 7.892831688e-08
7566 7.891006425e-08
7567 7.889181824e-08
7568 7.887357886e-08
7569 7.885534611e-08
7570 7.883711998e-08
7571 7.881890047e-08
7572 7.880068758e-08
7573 7.87824813e-08
7574 7.876428163e-08
7575 7.874608856e-08
7576 7.87279021e-08
7577 7.870972223e-08
7578 7.869154896e-08
7579 7.867338229e-08
7580 7.86552222e-08
7581 7.86370687e-08
7582 7.861892179e-08
7583 7.860078145e-08
7584 7.858264769e-08
7585 7.856452051e-08
7586 7.854639989e-08
7587 7.852828584e-08
7588 7.851017835e-08
7589 7.849207743e-08
7590 7.847398306e-08
7591 7.845589525e-08
7592 7.843781398e-08
7593 7.841973927e-08
7594 7.840167109e-08
7595 7.838360946e-08
7596 7.836555437e-08
7597 7.834750581e-08
7598 7.832946378e-08
7599 7.831142828e-08
7600 7.829339931e-08
7601 7.827537685e-08
7602 7.825736092e-08
7603 7.82393515e-08
7604 7.822134859e-08
7605 7.820335219e-08
7606 7.81853623e-08
7607 7.816737891e-08
7608 7.814940202e-08
7609 7.813143162e-08
7610 7.811346772e-08
7611 7.80955103e-08
7612 7.807755938e-08
7613 7.805961493e-08
7614 7.804167697e-08
7615 7.802374548e-08
7616 7.800582047e-08
7617 7.798790192e-08
7618 7.796998985e-08
7619 7.795208423e-08
7620 7.793418508e-08
7621 7.791629239e-08
7622 7.789840615e-08
7623 7.788052636e-08
7624 7.786265302e-08
7625 7.784478612e-08
7626 7.782692567e-08
7627 7.780907166e-08
7628 7.779122408e-08
7629 7.777338293e-08
7630 7.775554821e-08
7631 7.773771992e-08
7632 7.771989805e-08
7633 7.77020826e-08
7634 7.768427357e-08
7635 7.766647095e-08
7636 7.764867474e-08
7637 7.763088494e-08
7638 7.761310154e-08
7639 7.759532454e-08
7640 7.757755394e-08
7641 7.755978974e-08
7642 7.754203192e-08
7643 7.75242805e-08
7644 7.750653546e-08
7645 7.74887968e-08
7646 7.747106452e-08
7647 7.745333861e-08
7648 7.743561908e-08
7649 7.741790592e-08
7650 7.740019912e-08
7651 7.738249869e-08
7652 7.736480462e-08
7653 7.73471169e-08
7654 7.732943554e-08
7655 7.731176053e-08
7656 7.729409187e-08
7657 7.727642955e-08
7658 7.725877357e-08
7659 7.724112393e-08
7660 7.722348063e-08
7661 7.720584366e-08
7662 7.718821301e-08
7663 7.71705887e-08
7664 7.71529707e-08
7665 7.713535903e-08
7666 7.711775367e-08
7667 7.710015463e-08
7668 7.708256189e-08
7669 7.706497547e-08
7670 7.704739535e-08
7671 7.702982153e-08
7672 7.7012254e-08
7673 7.699469278e-08
7674 7.697713784e-08
7675 7.695958919e-08
7676 7.694204683e-08
7677 7.692451076e-08
7678 7.690698096e-08
7679 7.688945744e-08
7680 7.687194019e-08
7681 7.685442921e-08
7682 7.68369245e-08
7683 7.681942606e-08
7684 7.680193387e-08
7685 7.678444795e-08
7686 7.676696827e-08
7687 7.674949486e-08
7688 7.673202769e-08
7689 7.671456676e-08
7690 7.669711208e-08
7691 7.667966364e-08
7692 7.666222144e-08
7693 7.664478547e-08
7694 7.662735573e-08
7695 7.660993222e-08
7696 7.659251494e-08
7697 7.657510387e-08
7698 7.655769903e-08
7699 7.65403004e-08
7700 7.652290798e-08
7701 7.650552177e-08
7702 7.648814177e-08
7703 7.647076797e-08
7704 7.645340038e-08
7705 7.643603898e-08
7706 7.641868377e-08
7707 7.640133476e-08
7708 7.638399194e-08
7709 7.63666553e-08
7710 7.634932484e-08
7711 7.633200057e-08
7712 7.631468247e-08
7713 7.629737054e-08
7714 7.628006478e-08
7715 7.626276519e-08
7716 7.624547177e-08
7717 7.622818451e-08
7718 7.62109034e-08
7719 7.619362846e-08
7720 7.617635966e-08
7721 7.615909701e-08
7722 7.614184051e-08
7723 7.612459016e-08
7724 7.610734594e-08
7725 7.609010786e-08
7726 7.607287592e-08
7727 7.605565011e-08
7728 7.603843043e-08
7729 7.602121687e-08
7730 7.600400943e-08
7731 7.598680812e-08
7732 7.596961292e-08
7733 7.595242384e-08
7734 7.593524086e-08
7735 7.5918064e-08
7736 7.590089324e-08
7737 7.588372858e-08
7738 7.586657002e-08
7739 7.584941756e-08
7740 7.583227119e-08
7741 7.581513091e-08
7742 7.579799671e-08
7743 7.578086861e-08
7744 7.576374658e-08
7745 7.574663063e-08
7746 7.572952076e-08
7747 7.571241696e-08
7748 7.569531923e-08
7749 7.567822756e-08
7750 7.566114196e-08
7751 7.564406242e-08
7752 7.562698894e-08
7753 7.560992151e-08
7754 7.559286014e-08
7755 7.557580481e-08
7756 7.555875553e-08
7757 7.554171229e-08
7758 7.55246751e-08
7759 7.550764394e-08
7760 7.549061881e-08
7761 7.547359972e-08
7762 7.545658666e-08
7763 7.543957962e-08
7764 7.54225786e-08
7765 7.540558361e-08
7766 7.538859463e-08
7767 7.537161166e-08
7768 7.535463471e-08
7769 7.533766376e-08
7770 7.532069882e-08
7771 7.530373988e-08
7772 7.528678695e-08
7773 7.526984001e-08
7774 7.525289906e-08
7775 7.52359641e-08
7776 7.521903513e-08
7777 7.520211215e-08
7778 7.518519515e-08
7779 7.516828413e-08
7780 7.515137908e-08
7781 7.513448001e-08
7782 7.511758691e-08
7783 7.510069978e-08
7784 7.508381861e-08
7785 7.50669434e-08
7786 7.505007415e-08
7787 7.503321086e-08
7788 7.501635353e-08
7789 7.499950214e-08
7790 7.49826567e-08
7791 7.496581721e-08
7792 7.494898366e-08
7793 7.493215605e-08
7794 7.491533437e-08
7795 7.489851863e-08
7796 7.488170881e-08
7797 7.486490493e-08
7798 7.484810697e-08
7799 7.483131493e-08
7800 7.481452882e-08
7801 7.479774861e-08
7802 7.478097433e-08
7803 7.476420595e-08
7804 7.474744348e-08
7805 7.473068692e-08
7806 7.471393625e-08
7807 7.469719149e-08
7808 7.468045262e-08
7809 7.466371965e-08
7810 7.464699257e-08
7811 7.463027138e-08
7812 7.461355607e-08
7813 7.459684664e-08
7814 7.458014309e-08
7815 7.456344542e-08
7816 7.454675363e-08
7817 7.45300677e-08
7818 7.451338765e-08
7819 7.449671345e-08
7820 7.448004513e-08
7821 7.446338266e-08
7822 7.444672605e-08
7823 7.443007529e-08
7824 7.441343038e-08
7825 7.439679133e-08
7826 7.438015811e-08
7827 7.436353075e-08
7828 7.434690922e-08
7829 7.433029353e-08
7830 7.431368367e-08
7831 7.429707965e-08
7832 7.428048145e-08
7833 7.426388908e-08
7834 7.424730253e-08
7835 7.423072181e-08
7836 7.42141469e-08
7837 7.419757781e-08
7838 7.418101453e-08
7839 7.416445706e-08
7840 7.41479054e-08
7841 7.413135954e-08
7842 7.411481948e-08
7843 7.409828522e-08
7844 7.408175676e-08
7845 7.406523408e-08
7846 7.40487172e-08
7847 7.403220611e-08
7848 7.40157008e-08
7849 7.399920127e-08
7850 7.398270753e-08
7851 7.396621955e-08
7852 7.394973736e-08
7853 7.393326093e-08
7854 7.391679027e-08
7855 7.390032537e-08
7856 7.388386624e-08
7857 7.386741287e-08
7858 7.385096526e-08
7859 7.38345234e-08
7860 7.381808729e-08
7861 7.380165693e-08
7862 7.378523231e-08
7863 7.376881344e-08
7864 7.375240031e-08
7865 7.373599292e-08
7866 7.371959126e-08
7867 7.370319534e-08
7868 7.368680514e-08
7869 7.367042067e-08
7870 7.365404193e-08
7871 7.363766891e-08
7872 7.36213016e-08
7873 7.360494002e-08
7874 7.358858414e-08
7875 7.357223398e-08
7876 7.355588952e-08
7877 7.353955077e-08
7878 7.352321772e-08
7879 7.350689037e-08
7880 7.349056872e-08
7881 7.347425277e-08
7882 7.34579425e-08
7883 7.344163792e-08
7884 7.342533903e-08
7885 7.340904582e-08
7886 7.33927583e-08
7887 7.337647645e-08
7888 7.336020028e-08
7889 7.334392978e-08
7890 7.332766495e-08
7891 7.331140578e-08
7892 7.329515228e-08
7893 7.327890445e-08
7894 7.326266227e-08
7895 7.324642575e-08
7896 7.323019488e-08
7897 7.321396966e-08
7898 7.31977501e-08
7899 7.318153618e-08
7900 7.31653279e-08
7901 7.314912526e-08
7902 7.313292826e-08
7903 7.311673689e-08
7904 7.310055116e-08
7905 7.308437106e-08
7906 7.306819658e-08
7907 7.305202773e-08
7908 7.30358645e-08
7909 7.301970689e-08
7910 7.300355489e-08
7911 7.298740851e-08
7912 7.297126774e-08
7913 7.295513258e-08
7914 7.293900302e-08
7915 7.292287907e-08
7916 7.290676072e-08
7917 7.289064797e-08
7918 7.287454081e-08
7919 7.285843924e-08
7920 7.284234326e-08
7921 7.282625287e-08
7922 7.281016807e-08
7923 7.279408885e-08
7924 7.27780152e-08
7925 7.276194713e-08
7926 7.274588464e-08
7927 7.272982772e-08
7928 7.271377637e-08
7929 7.269773058e-08
7930 7.268169036e-08
7931 7.266565569e-08
7932 7.264962659e-08
7933 7.263360304e-08
7934 7.261758504e-08
7935 7.26015726e-08
7936 7.25855657e-08
7937 7.256956435e-08
7938 7.255356854e-08
7939 7.253757827e-08
7940 7.252159353e-08
7941 7.250561433e-08
7942 7.248964067e-08
7943 7.247367253e-08
7944 7.245770992e-08
7945 7.244175283e-08
7946 7.242580127e-08
7947 7.240985522e-08
7948 7.239391469e-08
7949 7.237797968e-08
7950 7.236205017e-08
7951 7.234612618e-08
7952 7.233020769e-08
7953 7.23142947e-08
7954 7.229838721e-08
7955 7.228248523e-08
7956 7.226658873e-08
7957 7.225069774e-08
7958 7.223481223e-08
7959 7.221893221e-08
7960 7.220305767e-08
7961 7.218718862e-08
7962 7.217132504e-08
7963 7.215546695e-08
7964 7.213961433e-08
7965 7.212376718e-08
7966 7.21079255e-08
7967 7.209208929e-08
7968 7.207625854e-08
7969 7.206043326e-08
7970 7.204461343e-08
7971 7.202879907e-08
7972 7.201299015e-08
7973 7.199718669e-08
7974 7.198138868e-08
7975 7.196559611e-08
7976 7.194980899e-08
7977 7.193402731e-08
7978 7.191825107e-08
7979 7.190248026e-08
7980 7.188671489e-08
7981 7.187095495e-08
7982 7.185520044e-08
7983 7.183945135e-08
7984 7.182370769e-08
7985 7.180796945e-08
7986 7.179223663e-08
7987 7.177650923e-08
7988 7.176078723e-08
7989 7.174507065e-08
7990 7.172935948e-08
7991 7.171365371e-08
7992 7.169795335e-08
7993 7.168225839e-08
7994 7.166656882e-08
7995 7.165088465e-08
7996 7.163520588e-08
7997 7.161953249e-08
7998 7.16038645e-08
7999 7.158820189e-08
8000 7.157254466e-08
8001 7.155689281e-08
8002 7.154124634e-08
8003 7.152560525e-08
8004 7.150996953e-08
8005 7.149433918e-08
8006 7.147871419e-08
8007 7.146309458e-08
8008 7.144748032e-08
8009 7.143187143e-08
8010 7.141626789e-08
8011 7.140066971e-08
8012 7.138507689e-08
8013 7.136948941e-08
8014 7.135390728e-08
8015 7.13383305e-08
8016 7.132275906e-08
8017 7.130719296e-08
8018 7.129163219e-08
8019 7.127607677e-08
8020 7.126052667e-08
8021 7.124498191e-08
8022 7.122944247e-08
8023 7.121390836e-08
8024 7.119837958e-08
8025 7.118285611e-08
8026 7.116733796e-08
8027 7.115182513e-08
8028 7.113631761e-08
8029 7.11208154e-08
8030 7.11053185e-08
8031 7.10898269e-08
8032 7.107434061e-08
8033 7.105885962e-08
8034 7.104338392e-08
8035 7.102791353e-08
8036 7.101244842e-08
8037 7.099698861e-08
8038 7.098153408e-08
8039 7.096608484e-08
8040 7.095064088e-08
8041 7.093520221e-08
8042 7.091976881e-08
8043 7.090434069e-08
8044 7.088891784e-08
8045 7.087350026e-08
8046 7.085808795e-08
8047 7.084268091e-08
8048 7.082727913e-08
8049 7.081188262e-08
8050 7.079649136e-08
8051 7.078110536e-08
8052 7.076572461e-08
8053 7.075034911e-08
8054 7.073497886e-08
8055 7.071961386e-08
8056 7.07042541e-08
8057 7.068889959e-08
8058 7.067355031e-08
8059 7.065820627e-08
8060 7.064286747e-08
8061 7.062753389e-08
8062 7.061220555e-08
8063 7.059688243e-08
8064 7.058156454e-08
8065 7.056625187e-08
8066 7.055094442e-08
8067 7.053564219e-08
8068 7.052034517e-08
8069 7.050505337e-08
8070 7.048976677e-08
8071 7.047448538e-08
8072 7.04592092e-08
8073 7.044393822e-08
8074 7.042867244e-08
8075 7.041341186e-08
8076 7.039815647e-08
8077 7.038290628e-08
8078 7.036766128e-08
8079 7.035242147e-08
8080 7.033718684e-08
8081 7.03219574e-08
8082 7.030673313e-08
8083 7.029151405e-08
8084 7.027630014e-08
8085 7.026109141e-08
8086 7.024588785e-08
8087 7.023068945e-08
8088 7.021549623e-08
8089 7.020030816e-08
8090 7.018512526e-08
8091 7.016994752e-08
8092 7.015477494e-08
8093 7.013960751e-08
8094 7.012444523e-08
8095 7.010928811e-08
8096 7.009413613e-08
8097 7.00789893e-08
8098 7.00638476e-08
8099 7.004871105e-08
8100 7.003357964e-08
8101 7.001845337e-08
8102 7.000333222e-08
8103 6.998821621e-08
8104 6.997310533e-08
8105 6.995799957e-08
8106 6.994289894e-08
8107 6.992780342e-08
8108 6.991271303e-08
8109 6.989762775e-08
8110 6.988254759e-08
8111 6.986747254e-08
8112 6.98524026e-08
8113 6.983733777e-08
8114 6.982227804e-08
8115 6.980722342e-08
8116 6.979217389e-08
8117 6.977712946e-08
8118 6.976209013e-08
8119 6.974705589e-08
8120 6.973202674e-08
8121 6.971700268e-08
8122 6.970198371e-08
8123 6.968696982e-08
8124 6.967196101e-08
8125 6.965695728e-08
8126 6.964195863e-08
8127 6.962696505e-08
8128 6.961197655e-08
8129 6.959699311e-08
8130 6.958201474e-08
8131 6.956704144e-08
8132 6.955207319e-08
8133 6.953711001e-08
8134 6.952215189e-08
8135 6.950719882e-08
8136 6.949225081e-08
8137 6.947730784e-08
8138 6.946236993e-08
8139 6.944743706e-08
8140 6.943250924e-08
8141 6.941758646e-08
8142 6.940266871e-08
8143 6.938775601e-08
8144 6.937284834e-08
8145 6.93579457e-08
8146 6.934304809e-08
8147 6.932815551e-08
8148 6.931326795e-08
8149 6.929838542e-08
8150 6.928350791e-08
8151 6.926863541e-08
8152 6.925376794e-08
8153 6.923890548e-08
8154 6.922404802e-08
8155 6.920919558e-08
8156 6.919434815e-08
8157 6.917950572e-08
8158 6.916466829e-08
8159 6.914983586e-08
8160 6.913500843e-08
8161 6.9120186e-08
8162 6.910536856e-08
8163 6.909055611e-08
8164 6.907574865e-08
8165 6.906094617e-08
8166 6.904614868e-08
8167 6.903135617e-08
8168 6.901656864e-08
8169 6.900178609e-08
8170 6.898700852e-08
8171 6.897223591e-08
8172 6.895746828e-08
8173 6.894270561e-08
8174 6.892794791e-08
8175 6.891319517e-08
8176 6.88984474e-08
8177 6.888370458e-08
8178 6.886896672e-08
8179 6.885423382e-08
8180 6.883950586e-08
8181 6.882478286e-08
8182 6.88100648e-08
8183 6.879535169e-08
8184 6.878064353e-08
8185 6.87659403e-08
8186 6.875124201e-08
8187 6.873654866e-08
8188 6.872186024e-08
8189 6.870717676e-08
8190 6.86924982e-08
8191 6.867782457e-08
8192 6.866315587e-08
8193 6.864849209e-08
8194 6.863383322e-08
8195 6.861917928e-08
8196 6.860453026e-08
8197 6.858988614e-08
8198 6.857524694e-08
8199 6.856061265e-08
8200 6.854598326e-08
8201 6.853135878e-08
8202 6.851673921e-08
8203 6.850212453e-08
8204 6.848751475e-08
8205 6.847290987e-08
8206 6.845830988e-08
8207 6.844371478e-08
8208 6.842912457e-08
8209 6.841453925e-08
8210 6.839995881e-08
8211 6.838538325e-08
8212 6.837081258e-08
8213 6.835624678e-08
8214 6.834168586e-08
8215 6.832712981e-08
8216 6.831257863e-08
8217 6.829803233e-08
8218 6.828349089e-08
8219 6.826895431e-08
8220 6.825442259e-08
8221 6.823989574e-08
8222 6.822537375e-08
8223 6.821085661e-08
8224 6.819634432e-08
8225 6.818183688e-08
8226 6.81673343e-08
8227 6.815283656e-08
8228 6.813834366e-08
8229 6.812385561e-08
8230 6.81093724e-08
8231 6.809489403e-08
8232 6.808042049e-08
8233 6.806595178e-08
8234 6.805148791e-08
8235 6.803702887e-08
8236 6.802257465e-08
8237 6.800812526e-08
8238 6.799368069e-08
8239 6.797924094e-08
8240 6.796480601e-08
8241 6.79503759e-08
8242 6.79359506e-08
8243 6.792153011e-08
8244 6.790711443e-08
8245 6.789270356e-08
8246 6.787829749e-08
8247 6.786389623e-08
8248 6.784949977e-08
8249 6.783510811e-08
8250 6.782072124e-08
8251 6.780633916e-08
8252 6.779196188e-08
8253 6.777758939e-08
8254 6.776322169e-08
8255 6.774885877e-08
8256 6.773450064e-08
8257 6.772014728e-08
8258 6.770579871e-08
8259 6.769145491e-08
8260 6.767711589e-08
8261 6.766278164e-08
8262 6.764845216e-08
8263 6.763412744e-08
8264 6.76198075e-08
8265 6.760549232e-08
8266 6.75911819e-08
8267 6.757687624e-08
8268 6.756257533e-08
8269 6.754827918e-08
8270 6.753398779e-08
8271 6.751970114e-08
8272 6.750541925e-08
8273 6.74911421e-08
8274 6.74768697e-08
8275 6.746260203e-08
8276 6.744833911e-08
8277 6.743408093e-08
8278 6.741982748e-08
8279 6.740557877e-08
8280 6.739133478e-08
8281 6.737709553e-08
8282 6.7362861e-08
8283 6.73486312e-08
8284 6.733440612e-08
8285 6.732018577e-08
8286 6.730597013e-08
8287 6.729175921e-08
8288 6.7277553e-08
8289 6.726335151e-08
8290 6.724915472e-08
8291 6.723496264e-08
8292 6.722077527e-08
8293 6.720659261e-08
8294 6.719241464e-08
8295 6.717824138e-08
8296 6.716407281e-08
8297 6.714990894e-08
8298 6.713574976e-08
8299 6.712159527e-08
8300 6.710744547e-08
8301 6.709330036e-08
8302 6.707915993e-08
8303 6.706502418e-08
8304 6.705089312e-08
8305 6.703676673e-08
8306 6.702264502e-08
8307 6.700852799e-08
8308 6.699441562e-08
8309 6.698030793e-08
8310 6.69662049e-08
8311 6.695210654e-08
8312 6.693801285e-08
8313 6.692392381e-08
8314 6.690983943e-08
8315 6.689575972e-08
8316 6.688168465e-08
8317 6.686761424e-08
8318 6.685354848e-08
8319 6.683948737e-08
8320 6.682543091e-08
8321 6.681137909e-08
8322 6.679733191e-08
8323 6.678328938e-08
8324 6.676925148e-08
8325 6.675521822e-08
8326 6.67411896e-08
8327 6.67271656e-08
8328 6.671314624e-08
8329 6.66991315e-08
8330 6.668512139e-08
8331 6.667111591e-08
8332 6.665711504e-08
8333 6.66431188e-08
8334 6.662912717e-08
8335 6.661514016e-08
8336 6.660115776e-08
8337 6.658717997e-08
8338 6.65732068e-08
8339 6.655923823e-08
8340 6.654527426e-08
8341 6.65313149e-08
8342 6.651736014e-08
8343 6.650340998e-08
8344 6.648946441e-08
8345 6.647552344e-08
8346 6.646158707e-08
8347 6.644765528e-08
8348 6.643372808e-08
8349 6.641980547e-08
8350 6.640588744e-08
8351 6.6391974e-08
8352 6.637806514e-08
8353 6.636416085e-08
8354 6.635026114e-08
8355 6.633636601e-08
8356 6.632247545e-08
8357 6.630858945e-08
8358 6.629470803e-08
8359 6.628083117e-08
8360 6.626695888e-08
8361 6.625309114e-08
8362 6.623922797e-08
8363 6.622536936e-08
8364 6.62115153e-08
8365 6.619766579e-08
8366 6.618382084e-08
8367 6.616998044e-08
8368 6.615614458e-08
8369 6.614231327e-08
8370 6.61284865e-08
8371 6.611466428e-08
8372 6.610084659e-08
8373 6.608703345e-08
8374 6.607322483e-08
8375 6.605942075e-08
8376 6.604562121e-08
8377 6.603182619e-08
8378 6.60180357e-08
8379 6.600424973e-08
8380 6.599046829e-08
8381 6.597669137e-08
8382 6.596291897e-08
8383 6.594915108e-08
8384 6.593538771e-08
8385 6.592162886e-08
8386 6.590787451e-08
8387 6.589412467e-08
8388 6.588037935e-08
8389 6.586663852e-08
8390 6.58529022e-08
8391 6.583917038e-08
8392 6.582544306e-08
8393 6.581172024e-08
8394 6.579800191e-08
8395 6.578428807e-08
8396 6.577057873e-08
8397 6.575687388e-08
8398 6.574317351e-08
8399 6.572947762e-08
8400 6.571578622e-08
8401 6.570209931e-08
8402 6.568841687e-08
8403 6.56747389e-08
8404 6.566106542e-08
8405 6.56473964e-08
8406 6.563373186e-08
8407 6.562007178e-08
8408 6.560641617e-08
8409 6.559276503e-08
8410 6.557911835e-08
8411 6.556547613e-08
8412 6.555183837e-08
8413 6.553820507e-08
8414 6.552457623e-08
8415 6.551095183e-08
8416 6.549733189e-08
8417 6.54837164e-08
8418 6.547010535e-08
8419 6.545649875e-08
8420 6.544289659e-08
8421 6.542929887e-08
8422 6.54157056e-08
8423 6.540211676e-08
8424 6.538853235e-08
8425 6.537495238e-08
8426 6.536137684e-08
8427 6.534780573e-08
8428 6.533423905e-08
8429 6.532067679e-08
8430 6.530711895e-08
8431 6.529356554e-08
8432 6.528001655e-08
8433 6.526647197e-08
8434 6.525293181e-08
8435 6.523939607e-08
8436 6.522586473e-08
8437 6.521233781e-08
8438 6.519881529e-08
8439 6.518529718e-08
8440 6.517178347e-08
8441 6.515827417e-08
8442 6.514476926e-08
8443 6.513126875e-08
8444 6.511777264e-08
8445 6.510428093e-08
8446 6.50907936e-08
8447 6.507731067e-08
8448 6.506383212e-08
8449 6.505035796e-08
8450 6.503688818e-08
8451 6.502342279e-08
8452 6.500996178e-08
8453 6.499650514e-08
8454 6.498305289e-08
8455 6.4969605e-08
8456 6.495616149e-08
8457 6.494272235e-08
8458 6.492928758e-08
8459 6.491585718e-08
8460 6.490243114e-08
8461 6.488900946e-08
8462 6.487559215e-08
8463 6.486217919e-08
8464 6.48487706e-08
8465 6.483536635e-08
8466 6.482196646e-08
8467 6.480857092e-08
8468 6.479517974e-08
8469 6.478179289e-08
8470 6.47684104e-08
8471 6.475503225e-08
8472 6.474165844e-08
8473 6.472828897e-08
8474 6.471492384e-08
8475 6.470156304e-08
8476 6.468820658e-08
8477 6.467485445e-08
8478 6.466150665e-08
8479 6.464816318e-08
8480 6.463482403e-08
8481 6.462148921e-08
8482 6.460815872e-08
8483 6.459483254e-08
8484 6.458151068e-08
8485 6.456819314e-08
8486 6.455487992e-08
8487 6.4541571e-08
8488 6.45282664e-08
8489 6.451496611e-08
8490 6.450167013e-08
8491 6.448837845e-08
8492 6.447509107e-08
8493 6.4461808e-08
8494 6.444852923e-08
8495 6.443525475e-08
8496 6.442198457e-08
8497 6.440871868e-08
8498 6.439545709e-08
8499 6.438219979e-08
8500 6.436894677e-08
8501 6.435569804e-08
8502 6.43424536e-08
8503 6.432921344e-08
8504 6.431597756e-08
8505 6.430274596e-08
8506 6.428951863e-08
8507 6.427629558e-08
8508 6.426307681e-08
8509 6.424986231e-08
8510 6.423665207e-08
8511 6.42234461e-08
8512 6.42102444e-08
8513 6.419704697e-08
8514 6.418385379e-08
8515 6.417066488e-08
8516 6.415748022e-08
8517 6.414429982e-08
8518 6.413112367e-08
8519 6.411795178e-08
8520 6.410478414e-08
8521 6.409162075e-08
8522 6.40784616e-08
8523 6.40653067e-08
8524 6.405215604e-08
8525 6.403900963e-08
8526 6.402586745e-08
8527 6.401272951e-08
8528 6.399959581e-08
8529 6.398646634e-08
8530 6.39733411e-08
8531 6.39602201e-08
8532 6.394710332e-08
8533 6.393399077e-08
8534 6.392088244e-08
8535 6.390777834e-08
8536 6.389467845e-08
8537 6.388158279e-08
8538 6.386849134e-08
8539 6.385540411e-08
8540 6.38423211e-08
8541 6.382924229e-08
8542 6.381616769e-08
8543 6.380309731e-08
8544 6.379003113e-08
8545 6.377696915e-08
8546 6.376391137e-08
8547 6.37508578e-08
8548 6.373780843e-08
8549 6.372476325e-08
8550 6.371172226e-08
8551 6.369868547e-08
8552 6.368565288e-08
8553 6.367262447e-08
8554 6.365960025e-08
8555 6.364658021e-08
8556 6.363356436e-08
8557 6.362055269e-08
8558 6.360754521e-08
8559 6.35945419e-08
8560 6.358154276e-08
8561 6.356854781e-08
8562 6.355555702e-08
8563 6.354257041e-08
8564 6.352958797e-08
8565 6.351660969e-08
8566 6.350363558e-08
8567 6.349066563e-08
8568 6.347769985e-08
8569 6.346473823e-08
8570 6.345178076e-08
8571 6.343882745e-08
8572 6.34258783e-08
8573 6.34129333e-08
8574 6.339999245e-08
8575 6.338705575e-08
8576 6.33741232e-08
8577 6.336119479e-08
8578 6.334827053e-08
8579 6.333535041e-08
8580 6.332243443e-08
8581 6.330952259e-08
8582 6.329661489e-08
8583 6.328371132e-08
8584 6.327081188e-08
8585 6.325791658e-08
8586 6.32450254e-08
8587 6.323213835e-08
8588 6.321925543e-08
8589 6.320637664e-08
8590 6.319350196e-08
8591 6.318063141e-08
8592 6.316776497e-08
8593 6.315490265e-08
8594 6.314204445e-08
8595 6.312919036e-08
8596 6.311634038e-08
8597 6.310349451e-08
8598 6.309065275e-08
8599 6.30778151e-08
8600 6.306498155e-08
8601 6.30521521e-08
8602 6.303932675e-08
8603 6.302650551e-08
8604 6.301368836e-08
8605 6.30008753e-08
8606 6.298806634e-08
8607 6.297526147e-08
8608 6.296246069e-08
8609 6.2949664e-08
8610 6.29368714e-08
8611 6.292408288e-08
8612 6.291129844e-08
8613 6.289851809e-08
8614 6.288574181e-08
8615 6.287296961e-08
8616 6.286020149e-08
8617 6.284743744e-08
8618 6.283467747e-08
8619 6.282192156e-08
8620 6.280916972e-08
8621 6.279642196e-08
8622 6.278367825e-08
8623 6.277093861e-08
8624 6.275820303e-08
8625 6.274547151e-08
8626 6.273274405e-08
8627 6.272002065e-08
8628 6.27073013e-08
8629 6.2694586e-08
8630 6.268187476e-08
8631 6.266916756e-08
8632 6.265646441e-08
8633 6.264376531e-08
8634 6.263107025e-08
8635 6.261837924e-08
8636 6.260569226e-08
8637 6.259300933e-08
8638 6.258033043e-08
8639 6.256765556e-08
8640 6.255498473e-08
8641 6.254231793e-08
8642 6.252965516e-08
8643 6.251699642e-08
8644 6.250434171e-08
8645 6.249169102e-08
8646 6.247904436e-08
8647 6.246640171e-08
8648 6.245376309e-08
8649 6.244112848e-08
8650 6.242849789e-08
8651 6.241587131e-08
8652 6.240324875e-08
8653 6.23906302e-08
8654 6.237801566e-08
8655 6.236540512e-08
8656 6.235279859e-08
8657 6.234019606e-08
8658 6.232759754e-08
8659 6.231500302e-08
8660 6.230241249e-08
8661 6.228982596e-08
8662 6.227724343e-08
8663 6.226466489e-08
8664 6.225209035e-08
8665 6.223951979e-08
8666 6.222695322e-08
8667 6.221439064e-08
8668 6.220183204e-08
8669 6.218927743e-08
8670 6.21767268e-08
8671 6.216418015e-08
8672 6.215163747e-08
8673 6.213909877e-08
8674 6.212656405e-08
8675 6.21140333e-08
8676 6.210150652e-08
8677 6.208898371e-08
8678 6.207646487e-08
8679 6.206395e-08
8680 6.205143908e-08
8681 6.203893214e-08
8682 6.202642915e-08
8683 6.201393012e-08
8684 6.200143505e-08
8685 6.198894393e-08
8686 6.197645677e-08
8687 6.196397356e-08
8688 6.195149431e-08
8689 6.1939019e-08
8690 6.192654763e-08
8691 6.191408022e-08
8692 6.190161675e-08
8693 6.188915722e-08
8694 6.187670163e-08
8695 6.186424997e-08
8696 6.185180226e-08
8697 6.183935848e-08
8698 6.182691864e-08
8699 6.181448272e-08
8700 6.180205074e-08
8701 6.178962269e-08
8702 6.177719856e-08
8703 6.176477836e-08
8704 6.175236208e-08
8705 6.173994972e-08
8706 6.172754128e-08
8707 6.171513677e-08
8708 6.170273616e-08
8709 6.169033948e-08
8710 6.167794671e-08
8711 6.166555784e-08
8712 6.165317289e-08
8713 6.164079185e-08
8714 6.162841471e-08
8715 6.161604148e-08
8716 6.160367215e-08
8717 6.159130673e-08
8718 6.15789452e-08
8719 6.156658757e-08
8720 6.155423384e-08
8721 6.1541884e-08
8722 6.152953806e-08
8723 6.151719601e-08
8724 6.150485784e-08
8725 6.149252357e-08
8726 6.148019318e-08
8727 6.146786668e-08
8728 6.145554406e-08
8729 6.144322532e-08
8730 6.143091046e-08
8731 6.141859948e-08
8732 6.140629238e-08
8733 6.139398915e-08
8734 6.13816898e-08
8735 6.136939431e-08
8736 6.13571027e-08
8737 6.134481495e-08
8738 6.133253108e-08
8739 6.132025106e-08
8740 6.130797491e-08
8741 6.129570262e-08
8742 6.128343419e-08
8743 6.127116962e-08
8744 6.125890891e-08
8745 6.124665205e-08
8746 6.123439904e-08
8747 6.122214988e-08
8748 6.120990458e-08
8749 6.119766312e-08
8750 6.118542551e-08
8751 6.117319175e-08
8752 6.116096183e-08
8753 6.114873575e-08
8754 6.113651351e-08
8755 6.112429511e-08
8756 6.111208055e-08
8757 6.109986982e-08
8758 6.108766292e-08
8759 6.107545986e-08
8760 6.106326063e-08
8761 6.105106522e-08
8762 6.103887364e-08
8763 6.102668589e-08
8764 6.101450196e-08
8765 6.100232186e-08
8766 6.099014557e-08
8767 6.097797311e-08
8768 6.096580446e-08
8769 6.095363962e-08
8770 6.09414786e-08
8771 6.092932139e-08
8772 6.0917168e-08
8773 6.090501841e-08
8774 6.089287263e-08
8775 6.088073065e-08
8776 6.086859248e-08
8777 6.085645811e-08
8778 6.084432754e-08
8779 6.083220078e-08
8780 6.082007781e-08
8781 6.080795863e-08
8782 6.079584325e-08
8783 6.078373166e-08
8784 6.077162387e-08
8785 6.075951986e-08
8786 6.074741964e-08
8787 6.073532321e-08
8788 6.072323056e-08
8789 6.07111417e-08
8790 6.069905661e-08
8791 6.068697531e-08
8792 6.067489779e-08
8793 6.066282404e-08
8794 6.065075406e-08
8795 6.063868786e-08
8796 6.062662544e-08
8797 6.061456678e-08
8798 6.060251189e-08
8799 6.059046077e-08
8800 6.057841341e-08
8801 6.056636982e-08
8802 6.055432999e-08
8803 6.054229392e-08
8804 6.05302616e-08
8805 6.051823305e-08
8806 6.050620825e-08
8807 6.049418721e-08
8808 6.048216992e-08
8809 6.047015638e-08
8810 6.045814658e-08
8811 6.044614054e-08
8812 6.043413824e-08
8813 6.042213969e-08
8814 6.041014488e-08
8815 6.039815381e-08
8816 6.038616649e-08
8817 6.03741829e-08
8818 6.036220304e-08
8819 6.035022692e-08
8820 6.033825454e-08
8821 6.032628589e-08
8822 6.031432096e-08
8823 6.030235977e-08
8824 6.02904023e-08
8825 6.027844856e-08
8826 6.026649854e-08
8827 6.025455225e-08
8828 6.024260967e-08
8829 6.023067082e-08
8830 6.021873568e-08
8831 6.020680426e-08
8832 6.019487655e-08
8833 6.018295256e-08
8834 6.017103228e-08
8835 6.01591157e-08
8836 6.014720284e-08
8837 6.013529368e-08
8838 6.012338823e-08
8839 6.011148648e-08
8840 6.009958843e-08
8841 6.008769408e-08
8842 6.007580344e-08
8843 6.006391648e-08
8844 6.005203323e-08
8845 6.004015367e-08
8846 6.00282778e-08
8847 6.001640562e-08
8848 6.000453713e-08
8849 5.999267233e-08
8850 5.998081121e-08
8851 5.996895378e-08
8852 5.995710004e-08
8853 5.994524997e-08
8854 5.993340358e-08
8855 5.992156088e-08
8856 5.990972185e-08
8857 5.989788649e-08
8858 5.988605481e-08
8859 5.98742268e-08
8860 5.986240246e-08
8861 5.985058179e-08
8862 5.983876479e-08
8863 5.982695146e-08
8864 5.981514179e-08
8865 5.980333578e-08
8866 5.979153343e-08
8867 5.977973474e-08
8868 5.976793971e-08
8869 5.975614834e-08
8870 5.974436062e-08
8871 5.973257656e-08
8872 5.972079615e-08
8873 5.970901939e-08
8874 5.969724628e-08
8875 5.968547681e-08
8876 5.967371099e-08
8877 5.966194882e-08
8878 5.965019029e-08
8879 5.96384354e-08
8880 5.962668415e-08
8881 5.961493653e-08
8882 5.960319256e-08
8883 5.959145222e-08
8884 5.957971551e-08
8885 5.956798244e-08
8886 5.955625299e-08
8887 5.954452718e-08
8888 5.953280499e-08
8889 5.952108643e-08
8890 5.950937149e-08
8891 5.949766018e-08
8892 5.948595248e-08
8893 5.947424841e-08
8894 5.946254796e-08
8895 5.945085112e-08
8896 5.943915789e-08
8897 5.942746828e-08
8898 5.941578229e-08
8899 5.94040999e-08
8900 5.939242112e-08
8901 5.938074595e-08
8902 5.936907439e-08
8903 5.935740643e-08
8904 5.934574208e-08
8905 5.933408132e-08
8906 5.932242417e-08
8907 5.931077061e-08
8908 5.929912066e-08
8909 5.928747429e-08
8910 5.927583152e-08
8911 5.926419235e-08
8912 5.925255676e-08
8913 5.924092477e-08
8914 5.922929636e-08
8915 5.921767154e-08
8916 5.92060503e-08
8917 5.919443265e-08
8918 5.918281858e-08
8919 5.917120808e-08
8920 5.915960117e-08
8921 5.914799784e-08
8922 5.913639808e-08
8923 5.912480189e-08
8924 5.911320928e-08
8925 5.910162024e-08
8926 5.909003477e-08
8927 5.907845287e-08
8928 5.906687454e-08
8929 5.905529977e-08
8930 5.904372856e-08
8931 5.903216092e-08
8932 5.902059684e-08
8933 5.900903632e-08
8934 5.899747935e-08
8935 5.898592594e-08
8936 5.897437609e-08
8937 5.896282979e-08
8938 5.895128704e-08
8939 5.893974784e-08
8940 5.89282122e-08
8941 5.891668009e-08
8942 5.890515154e-08
8943 5.889362653e-08
8944 5.888210506e-08
8945 5.887058714e-08
8946 5.885907275e-08
8947 5.88475619e-08
8948 5.883605459e-08
8949 5.882455082e-08
8950 5.881305058e-08
8951 5.880155387e-08
8952 5.879006069e-08
8953 5.877857105e-08
8954 5.876708493e-08
8955 5.875560234e-08
8956 5.874412327e-08
8957 5.873264773e-08
8958 5.872117571e-08
8959 5.870970721e-08
8960 5.869824223e-08
8961 5.868678076e-08
8962 5.867532282e-08
8963 5.866386839e-08
8964 5.865241747e-08
8965 5.864097006e-08
8966 5.862952617e-08
8967 5.861808578e-08
8968 5.860664891e-08
8969 5.859521553e-08
8970 5.858378567e-08
8971 5.85723593e-08
8972 5.856093644e-08
8973 5.854951708e-08
8974 5.853810121e-08
8975 5.852668885e-08
8976 5.851527998e-08
8977 5.85038746e-08
8978 5.849247272e-08
8979 5.848107433e-08
8980 5.846967943e-08
8981 5.845828801e-08
8982 5.844690009e-08
8983 5.843551565e-08
8984 5.842413469e-08
8985 5.841275722e-08
8986 5.840138323e-08
8987 5.839001272e-08
8988 5.837864569e-08
8989 5.836728213e-08
8990 5.835592205e-08
8991 5.834456544e-08
8992 5.833321231e-08
8993 5.832186265e-08
8994 5.831051645e-08
8995 5.829917373e-08
8996 5.828783447e-08
8997 5.827649868e-08
8998 5.826516635e-08
8999 5.825383749e-08
9000 5.824251208e-08
9001 5.823119014e-08
9002 5.821987165e-08
9003 5.820855662e-08
9004 5.819724504e-08
9005 5.818593692e-08
9006 5.817463225e-08
9007 5.816333104e-08
9008 5.815203327e-08
9009 5.814073895e-08
9010 5.812944807e-08
9011 5.811816065e-08
9012 5.810687666e-08
9013 5.809559612e-08
9014 5.808431902e-08
9015 5.807304536e-08
9016 5.806177514e-08
9017 5.805050835e-08
9018 5.8039245e-08
9019 5.802798508e-08
9020 5.801672859e-08
9021 5.800547554e-08
9022 5.799422592e-08
9023 5.798297972e-08
9024 5.797173695e-08
9025 5.79604976e-08
9026 5.794926168e-08
9027 5.793802919e-08
9028 5.792680011e-08
9029 5.791557445e-08
9030 5.790435221e-08
9031 5.789313339e-08
9032 5.788191798e-08
9033 5.787070599e-08
9034 5.785949741e-08
9035 5.784829223e-08
9036 5.783709047e-08
9037 5.782589212e-08
9038 5.781469718e-08
9039 5.780350564e-08
9040 5.77923175e-08
9041 5.778113277e-08
9042 5.776995143e-08
9043 5.77587735e-08
9044 5.774759897e-08
9045 5.773642783e-08
9046 5.772526009e-08
9047 5.771409574e-08
9048 5.770293478e-08
9049 5.769177722e-08
9050 5.768062305e-08
9051 5.766947226e-08
9052 5.765832486e-08
9053 5.764718085e-08
9054 5.763604022e-08
9055 5.762490298e-08
9056 5.761376911e-08
9057 5.760263863e-08
9058 5.759151153e-08
9059 5.75803878e-08
9060 5.756926745e-08
9061 5.755815047e-08
9062 5.754703686e-08
9063 5.753592663e-08
9064 5.752481977e-08
9065 5.751371628e-08
9066 5.750261615e-08
9067 5.749151939e-08
9068 5.7480426e-08
9069 5.746933596e-08
9070 5.745824929e-08
9071 5.744716599e-08
9072 5.743608604e-08
9073 5.742500944e-08
9074 5.741393621e-08
9075 5.740286633e-08
9076 5.73917998e-08
9077 5.738073662e-08
9078 5.73696768e-08
9079 5.735862033e-08
9080 5.73475672e-08
9081 5.733651742e-08
9082 5.732547099e-08
9083 5.73144279e-08
9084 5.730338815e-08
9085 5.729235174e-08
9086 5.728131867e-08
9087 5.727028895e-08
9088 5.725926255e-08
9089 5.72482395e-08
9090 5.723721978e-08
9091 5.722620339e-08
9092 5.721519033e-08
9093 5.720418061e-08
9094 5.719317421e-08
9095 5.718217114e-08
9096 5.717117139e-08
9097 5.716017497e-08
9098 5.714918188e-08
9099 5.71381921e-08
9100 5.712720565e-08
9101 5.711622251e-08
9102 5.71052427e-08
9103 5.70942662e-08
9104 5.708329301e-08
9105 5.707232314e-08
9106 5.706135658e-08
9107 5.705039333e-08
9108 5.70394334e-08
9109 5.702847677e-08
9110 5.701752344e-08
9111 5.700657343e-08
9112 5.699562671e-08
9113 5.69846833e-08
9114 5.697374319e-08
9115 5.696280638e-08
9116 5.695187287e-08
9117 5.694094266e-08
9118 5.693001574e-08
9119 5.691909212e-08
9120 5.690817179e-08
9121 5.689725476e-08
9122 5.688634101e-08
9123 5.687543056e-08
9124 5.686452339e-08
9125 5.685361951e-08
9126 5.684271891e-08
9127 5.68318216e-08
9128 5.682092757e-08
9129 5.681003682e-08
9130 5.679914935e-08
9131 5.678826516e-08
9132 5.677738424e-08
9133 5.67665066e-08
9134 5.675563224e-08
9135 5.674476115e-08
9136 5.673389333e-08
9137 5.672302879e-08
9138 5.671216751e-08
9139 5.67013095e-08
9140 5.669045475e-08
9141 5.667960327e-08
9142 5.666875506e-08
9143 5.66579101e-08
9144 5.664706841e-08
9145 5.663622998e-08
9146 5.66253948e-08
9147 5.661456289e-08
9148 5.660373422e-08
9149 5.659290882e-08
9150 5.658208666e-08
9151 5.657126776e-08
9152 5.656045211e-08
9153 5.654963971e-08
9154 5.653883055e-08
9155 5.652802464e-08
9156 5.651722198e-08
9157 5.650642256e-08
9158 5.649562638e-08
9159 5.648483344e-08
9160 5.647404375e-08
9161 5.646325729e-08
9162 5.645247407e-08
9163 5.644169408e-08
9164 5.643091733e-08
9165 5.642014381e-08
9166 5.640937353e-08
9167 5.639860647e-08
9168 5.638784264e-08
9169 5.637708205e-08
9170 5.636632467e-08
9171 5.635557053e-08
9172 5.63448196e-08
9173 5.63340719e-08
9174 5.632332742e-08
9175 5.631258617e-08
9176 5.630184812e-08
9177 5.62911133e-08
9178 5.628038169e-08
9179 5.62696533e-08
9180 5.625892812e-08
9181 5.624820615e-08
9182 5.62374874e-08
9183 5.622677185e-08
9184 5.621605951e-08
9185 5.620535038e-08
9186 5.619464445e-08
9187 5.618394173e-08
9188 5.617324221e-08
9189 5.616254589e-08
9190 5.615185278e-08
9191 5.614116286e-08
9192 5.613047614e-08
9193 5.611979261e-08
9194 5.610911228e-08
9195 5.609843515e-08
9196 5.60877612e-08
9197 5.607709045e-08
9198 5.606642289e-08
9199 5.605575851e-08
9200 5.604509733e-08
9201 5.603443933e-08
9202 5.602378451e-08
9203 5.601313288e-08
9204 5.600248443e-08
9205 5.599183916e-08
9206 5.598119706e-08
9207 5.597055815e-08
9208 5.595992242e-08
9209 5.594928986e-08
9210 5.593866047e-08
9211 5.592803426e-08
9212 5.591741122e-08
9213 5.590679135e-08
9214 5.589617465e-08
9215 5.588556111e-08
9216 5.587495075e-08
9217 5.586434354e-08
9218 5.585373951e-08
9219 5.584313863e-08
9220 5.583254092e-08
9221 5.582194636e-08
9222 5.581135497e-08
9223 5.580076673e-08
9224 5.579018165e-08
9225 5.577959972e-08
9226 5.576902095e-08
9227 5.575844533e-08
9228 5.574787286e-08
9229 5.573730354e-08
9230 5.572673737e-08
9231 5.571617435e-08
9232 5.570561447e-08
9233 5.569505774e-08
9234 5.568450415e-08
9235 5.567395371e-08
9236 5.56634064e-08
9237 5.565286223e-08
9238 5.564232121e-08
9239 5.563178332e-08
9240 5.562124856e-08
9241 5.561071694e-08
9242 5.560018845e-08
9243 5.55896631e-08
9244 5.557914087e-08
9245 5.556862178e-08
9246 5.555810581e-08
9247 5.554759297e-08
9248 5.553708326e-08
9249 5.552657667e-08
9250 5.55160732e-08
9251 5.550557286e-08
9252 5.549507563e-08
9253 5.548458153e-08
9254 5.547409054e-08
9255 5.546360267e-08
9256 5.545311792e-08
9257 5.544263628e-08
9258 5.543215775e-08
9259 5.542168233e-08
9260 5.541121003e-08
9261 5.540074083e-08
9262 5.539027474e-08
9263 5.537981176e-08
9264 5.536935189e-08
9265 5.535889512e-08
9266 5.534844145e-08
9267 5.533799088e-08
9268 5.532754341e-08
9269 5.531709905e-08
9270 5.530665778e-08
9271 5.529621961e-08
9272 5.528578453e-08
9273 5.527535255e-08
9274 5.526492365e-08
9275 5.525449786e-08
9276 5.524407515e-08
9277 5.523365553e-08
9278 5.5223239e-08
9279 5.521282555e-08
9280 5.52024152e-08
9281 5.519200792e-08
9282 5.518160373e-08
9283 5.517120262e-08
9284 5.516080459e-08
9285 5.515040964e-08
9286 5.514001777e-08
9287 5.512962897e-08
9288 5.511924325e-08
9289 5.51088606e-08
9290 5.509848103e-08
9291 5.508810453e-08
9292 5.50777311e-08
9293 5.506736074e-08
9294 5.505699344e-08
9295 5.504662922e-08
9296 5.503626806e-08
9297 5.502590996e-08
9298 5.501555493e-08
9299 5.500520295e-08
9300 5.499485404e-08
9301 5.498450819e-08
9302 5.49741654e-08
9303 5.496382566e-08
9304 5.495348898e-08
9305 5.494315535e-08
9306 5.493282478e-08
9307 5.492249726e-08
9308 5.491217279e-08
9309 5.490185136e-08
9310 5.489153299e-08
9311 5.488121767e-08
9312 5.487090539e-08
9313 5.486059615e-08
9314 5.485028996e-08
9315 5.483998681e-08
9316 5.48296867e-08
9317 5.481938963e-08
9318 5.48090956e-08
9319 5.479880461e-08
9320 5.478851665e-08
9321 5.477823173e-08
9322 5.476794984e-08
9323 5.475767098e-08
9324 5.474739516e-08
9325 5.473712236e-08
9326 5.472685259e-08
9327 5.471658586e-08
9328 5.470632214e-08
9329 5.469606146e-08
9330 5.468580379e-08
9331 5.467554915e-08
9332 5.466529753e-08
9333 5.465504893e-08
9334 5.464480335e-08
9335 5.463456079e-08
9336 5.462432124e-08
9337 5.461408471e-08
9338 5.460385119e-08
9339 5.459362069e-08
9340 5.45833932e-08
9341 5.457316872e-08
9342 5.456294725e-08
9343 5.455272878e-08
9344 5.454251333e-08
9345 5.453230087e-08
9346 5.452209143e-08
9347 5.451188498e-08
9348 5.450168154e-08
9349 5.44914811e-08
9350 5.448128366e-08
9351 5.447108922e-08
9352 5.446089778e-08
9353 5.445070933e-08
9354 5.444052387e-08
9355 5.443034141e-08
9356 5.442016194e-08
9357 5.440998547e-08
9358 5.439981198e-08
9359 5.438964148e-08
9360 5.437947397e-08
9361 5.436930945e-08
9362 5.435914791e-08
9363 5.434898936e-08
9364 5.433883379e-08
9365 5.43286812e-08
9366 5.431853159e-08
9367 5.430838496e-08
9368 5.429824131e-08
9369 5.428810063e-08
9370 5.427796294e-08
9371 5.426782821e-08
9372 5.425769646e-08
9373 5.424756768e-08
9374 5.423744187e-08
9375 5.422731904e-08
9376 5.421719917e-08
9377 5.420708227e-08
9378 5.419696833e-08
9379 5.418685736e-08
9380 5.417674935e-08
9381 5.416664431e-08
9382 5.415654223e-08
9383 5.414644311e-08
9384 5.413634694e-08
9385 5.412625374e-08
9386 5.411616349e-08
9387 5.41060762e-08
9388 5.409599186e-08
9389 5.408591047e-08
9390 5.407583204e-08
9391 5.406575656e-08
9392 5.405568403e-08
9393 5.404561444e-08
9394 5.403554781e-08
9395 5.402548411e-08
9396 5.401542337e-08
9397 5.400536557e-08
9398 5.399531071e-08
9399 5.398525879e-08
9400 5.397520981e-08
9401 5.396516378e-08
9402 5.395512068e-08
9403 5.394508051e-08
9404 5.393504329e-08
9405 5.392500899e-08
9406 5.391497763e-08
9407 5.39049492e-08
9408 5.389492371e-08
9409 5.388490114e-08
9410 5.38748815e-08
9411 5.386486479e-08
9412 5.3854851e-08
9413 5.384484014e-08
9414 5.383483221e-08
9415 5.38248272e-08
9416 5.38148251e-08
9417 5.380482593e-08
9418 5.379482968e-08
9419 5.378483635e-08
9420 5.377484593e-08
9421 5.376485843e-08
9422 5.375487384e-08
9423 5.374489217e-08
9424 5.373491341e-08
9425 5.372493756e-08
9426 5.371496462e-08
9427 5.370499459e-08
9428 5.369502747e-08
9429 5.368506325e-08
9430 5.367510194e-08
9431 5.366514353e-08
9432 5.365518803e-08
9433 5.364523543e-08
9434 5.363528573e-08
9435 5.362533892e-08
9436 5.361539502e-08
9437 5.360545401e-08
9438 5.359551591e-08
9439 5.358558069e-08
9440 5.357564837e-08
9441 5.356571894e-08
9442 5.35557924e-08
9443 5.354586876e-08
9444 5.3535948e-08
9445 5.352603013e-08
9446 5.351611515e-08
9447 5.350620305e-08
9448 5.349629384e-08
9449 5.348638751e-08
9450 5.347648407e-08
9451 5.346658351e-08
9452 5.345668582e-08
9453 5.344679102e-08
9454 5.343689909e-08
9455 5.342701004e-08
9456 5.341712386e-08
9457 5.340724056e-08
9458 5.339736013e-08
9459 5.338748258e-08
9460 5.337760789e-08
9461 5.336773608e-08
9462 5.335786713e-08
9463 5.334800105e-08
9464 5.333813784e-08
9465 5.332827749e-08
9466 5.331842001e-08
9467 5.330856539e-08
9468 5.329871363e-08
9469 5.328886474e-08
9470 5.32790187e-08
9471 5.326917552e-08
9472 5.32593352e-08
9473 5.324949773e-08
9474 5.323966312e-08
9475 5.322983137e-08
9476 5.322000246e-08
9477 5.321017641e-08
9478 5.320035321e-08
9479 5.319053286e-08
9480 5.318071535e-08
9481 5.31709007e-08
9482 5.316108889e-08
9483 5.315127992e-08
9484 5.31414738e-08
9485 5.313167052e-08
9486 5.312187009e-08
9487 5.311207249e-08
9488 5.310227773e-08
9489 5.309248581e-08
9490 5.308269673e-08
9491 5.307291048e-08
9492 5.306312707e-08
9493 5.305334649e-08
9494 5.304356875e-08
9495 5.303379384e-08
9496 5.302402175e-08
9497 5.30142525e-08
9498 5.300448607e-08
9499 5.299472247e-08
9500 5.29849617e-08
9501 5.297520375e-08
9502 5.296544863e-08
9503 5.295569633e-08
9504 5.294594685e-08
9505 5.293620019e-08
9506 5.292645634e-08
9507 5.291671532e-08
9508 5.290697712e-08
9509 5.289724173e-08
9510 5.288750915e-08
9511 5.287777939e-08
9512 5.286805244e-08
9513 5.28583283e-08
9514 5.284860698e-08
9515 5.283888846e-08
9516 5.282917275e-08
9517 5.281945984e-08
9518 5.280974975e-08
9519 5.280004245e-08
9520 5.279033797e-08
9521 5.278063628e-08
9522 5.27709374e-08
9523 5.276124131e-08
9524 5.275154803e-08
9525 5.274185754e-08
9526 5.273216985e-08
9527 5.272248496e-08
9528 5.271280286e-08
9529 5.270312355e-08
9530 5.269344704e-08
9531 5.268377332e-08
9532 5.267410239e-08
9533 5.266443425e-08
9534 5.26547689e-08
9535 5.264510633e-08
9536 5.263544655e-08
9537 5.262578956e-08
9538 5.261613535e-08
9539 5.260648392e-08
9540 5.259683528e-08
9541 5.258718941e-08
9542 5.257754633e-08
9543 5.256790602e-08
9544 5.255826849e-08
9545 5.254863374e-08
9546 5.253900176e-08
9547 5.252937255e-08
9548 5.251974612e-08
9549 5.251012246e-08
9550 5.250050157e-08
9551 5.249088346e-08
9552 5.248126811e-08
9553 5.247165552e-08
9554 5.246204571e-08
9555 5.245243866e-08
9556 5.244283437e-08
9557 5.243323285e-08
9558 5.242363408e-08
9559 5.241403808e-08
9560 5.240444484e-08
9561 5.239485436e-08
9562 5.238526664e-08
9563 5.237568167e-08
9564 5.236609946e-08
9565 5.235652001e-08
9566 5.23469433e-08
9567 5.233736935e-08
9568 5.232779815e-08
9569 5.23182297e-08
9570 5.2308664e-08
9571 5.229910105e-08
9572 5.228954085e-08
9573 5.227998339e-08
9574 5.227042867e-08
9575 5.22608767e-08
9576 5.225132748e-08
9577 5.224178099e-08
9578 5.223223724e-08
9579 5.222269624e-08
9580 5.221315797e-08
9581 5.220362244e-08
9582 5.219408965e-08
9583 5.218455959e-08
9584 5.217503226e-08
9585 5.216550767e-08
9586 5.215598581e-08
9587 5.214646668e-08
9588 5.213695028e-08
9589 5.212743661e-08
9590 5.211792567e-08
9591 5.210841746e-08
9592 5.209891197e-08
9593 5.20894092e-08
9594 5.207990916e-08
9595 5.207041184e-08
9596 5.206091724e-08
9597 5.205142536e-08
9598 5.20419362e-08
9599 5.203244976e-08
9600 5.202296604e-08
9601 5.201348503e-08
9602 5.200400674e-08
9603 5.199453116e-08
9604 5.198505829e-08
9605 5.197558814e-08
9606 5.19661207e-08
9607 5.195665596e-08
9608 5.194719394e-08
9609 5.193773462e-08
9610 5.192827801e-08
9611 5.19188241e-08
9612 5.19093729e-08
9613 5.18999244e-08
9614 5.189047861e-08
9615 5.188103551e-08
9616 5.187159512e-08
9617 5.186215743e-08
9618 5.185272243e-08
9619 5.184329013e-08
9620 5.183386052e-08
9621 5.182443361e-08
9622 5.18150094e-08
9623 5.180558788e-08
9624 5.179616905e-08
9625 5.178675291e-08
9626 5.177733946e-08
9627 5.176792869e-08
9628 5.175852062e-08
9629 5.174911523e-08
9630 5.173971253e-08
9631 5.173031251e-08
9632 5.172091518e-08
9633 5.171152052e-08
9634 5.170212855e-08
9635 5.169273926e-08
9636 5.168335265e-08
9637 5.167396872e-08
9638 5.166458746e-08
9639 5.165520888e-08
9640 5.164583298e-08
9641 5.163645975e-08
9642 5.162708919e-08
9643 5.16177213e-08
9644 5.160835609e-08
9645 5.159899354e-08
9646 5.158963367e-08
9647 5.158027646e-08
9648 5.157092192e-08
9649 5.156157004e-08
9650 5.155222083e-08
9651 5.154287428e-08
9652 5.153353039e-08
9653 5.152418917e-08
9654 5.151485061e-08
9655 5.15055147e-08
9656 5.149618146e-08
9657 5.148685087e-08
9658 5.147752294e-08
9659 5.146819766e-08
9660 5.145887504e-08
9661 5.144955507e-08
9662 5.144023776e-08
9663 5.143092309e-08
9664 5.142161108e-08
9665 5.141230171e-08
9666 5.140299499e-08
9667 5.139369092e-08
9668 5.13843895e-08
9669 5.137509072e-08
9670 5.136579458e-08
9671 5.135650109e-08
9672 5.134721024e-08
9673 5.133792203e-08
9674 5.132863646e-08
9675 5.131935353e-08
9676 5.131007324e-08
9677 5.130079559e-08
9678 5.129152057e-08
9679 5.128224818e-08
9680 5.127297843e-08
9681 5.126371131e-08
9682 5.125444683e-08
9683 5.124518497e-08
9684 5.123592574e-08
9685 5.122666915e-08
9686 5.121741518e-08
9687 5.120816384e-08
9688 5.119891512e-08
9689 5.118966903e-08
9690 5.118042556e-08
9691 5.117118471e-08
9692 5.116194649e-08
9693 5.115271088e-08
9694 5.11434779e-08
9695 5.113424753e-08
9696 5.112501979e-08
9697 5.111579465e-08
9698 5.110657214e-08
9699 5.109735224e-08
9700 5.108813495e-08
9701 5.107892027e-08
9702 5.106970821e-08
9703 5.106049876e-08
9704 5.105129191e-08
9705 5.104208768e-08
9706 5.103288605e-08
9707 5.102368703e-08
9708 5.101449061e-08
9709 5.10052968e-08
9710 5.099610559e-08
9711 5.098691699e-08
9712 5.097773098e-08
9713 5.096854758e-08
9714 5.095936677e-08
9715 5.095018857e-08
9716 5.094101296e-08
9717 5.093183995e-08
9718 5.092266953e-08
9719 5.091350171e-08
9720 5.090433648e-08
9721 5.089517384e-08
9722 5.08860138e-08
9723 5.087685634e-08
9724 5.086770148e-08
9725 5.08585492e-08
9726 5.084939951e-08
9727 5.084025241e-08
9728 5.083110789e-08
9729 5.082196596e-08
9730 5.081282661e-08
9731 5.080368984e-08
9732 5.079455565e-08
9733 5.078542405e-08
9734 5.077629502e-08
9735 5.076716857e-08
9736 5.07580447e-08
9737 5.074892341e-08
9738 5.073980469e-08
9739 5.073068855e-08
9740 5.072157498e-08
9741 5.071246398e-08
9742 5.070335555e-08
9743 5.06942497e-08
9744 5.068514641e-08
9745 5.06760457e-08
9746 5.066694755e-08
9747 5.065785196e-08
9748 5.064875894e-08
9749 5.063966849e-08
9750 5.06305806e-08
9751 5.062149527e-08
9752 5.061241251e-08
9753 5.06033323e-08
9754 5.059425466e-08
9755 5.058517957e-08
9756 5.057610704e-08
9757 5.056703707e-08
9758 5.055796966e-08
9759 5.054890479e-08
9760 5.053984249e-08
9761 5.053078273e-08
9762 5.052172553e-08
9763 5.051267088e-08
9764 5.050361877e-08
9765 5.049456922e-08
9766 5.048552222e-08
9767 5.047647776e-08
9768 5.046743584e-08
9769 5.045839648e-08
9770 5.044935965e-08
9771 5.044032537e-08
9772 5.043129363e-08
9773 5.042226444e-08
9774 5.041323778e-08
9775 5.040421366e-08
9776 5.039519208e-08
9777 5.038617304e-08
9778 5.037715653e-08
9779 5.036814256e-08
9780 5.035913112e-08
9781 5.035012222e-08
9782 5.034111584e-08
9783 5.0332112e-08
9784 5.032311069e-08
9785 5.031411191e-08
9786 5.030511566e-08
9787 5.029612193e-08
9788 5.028713074e-08
9789 5.027814206e-08
9790 5.026915592e-08
9791 5.026017229e-08
9792 5.025119119e-08
9793 5.024221261e-08
9794 5.023323655e-08
9795 5.022426301e-08
9796 5.021529199e-08
9797 5.020632348e-08
9798 5.01973575e-08
9799 5.018839403e-08
9800 5.017943307e-08
9801 5.017047463e-08
9802 5.01615187e-08
9803 5.015256528e-08
9804 5.014361438e-08
9805 5.013466598e-08
9806 5.012572009e-08
9807 5.011677671e-08
9808 5.010783584e-08
9809 5.009889748e-08
9810 5.008996162e-08
9811 5.008102826e-08
9812 5.007209741e-08
9813 5.006316906e-08
9814 5.005424321e-08
9815 5.004531987e-08
9816 5.003639902e-08
9817 5.002748067e-08
9818 5.001856482e-08
9819 5.000965146e-08
9820 5.00007406e-08
9821 4.999183224e-08
9822 4.998292637e-08
9823 4.997402299e-08
9824 4.99651221e-08
9825 4.995622371e-08
9826 4.994732781e-08
9827 4.993843439e-08
9828 4.992954346e-08
9829 4.992065502e-08
9830 4.991176907e-08
9831 4.99028856e-08
9832 4.989400461e-08
9833 4.988512611e-08
9834 4.98762501e-08
9835 4.986737656e-08
9836 4.98585055e-08
9837 4.984963693e-08
9838 4.984077083e-08
9839 4.983190721e-08
9840 4.982304606e-08
9841 4.98141874e-08
9842 4.98053312e-08
9843 4.979647748e-08
9844 4.978762624e-08
9845 4.977877746e-08
9846 4.976993116e-08
9847 4.976108733e-08
9848 4.975224597e-08
9849 4.974340707e-08
9850 4.973457064e-08
9851 4.972573668e-08
9852 4.971690519e-08
9853 4.970807615e-08
9854 4.969924959e-08
9855 4.969042548e-08
9856 4.968160384e-08
9857 4.967278466e-08
9858 4.966396793e-08
9859 4.965515367e-08
9860 4.964634186e-08
9861 4.963753252e-08
9862 4.962872562e-08
9863 4.961992119e-08
9864 4.96111192e-08
9865 4.960231967e-08
9866 4.95935226e-08
9867 4.958472797e-08
9868 4.95759358e-08
9869 4.956714607e-08
9870 4.955835879e-08
9871 4.954957396e-08
9872 4.954079158e-08
9873 4.953201165e-08
9874 4.952323415e-08
9875 4.951445911e-08
9876 4.95056865e-08
9877 4.949691634e-08
9878 4.948814862e-08
9879 4.947938334e-08
9880 4.94706205e-08
9881 4.946186009e-08
9882 4.945310213e-08
9883 4.94443466e-08
9884 4.943559351e-08
9885 4.942684285e-08
9886 4.941809463e-08
9887 4.940934883e-08
9888 4.940060547e-08
9889 4.939186455e-08
9890 4.938312605e-08
9891 4.937438998e-08
9892 4.936565634e-08
9893 4.935692512e-08
9894 4.934819634e-08
9895 4.933946998e-08
9896 4.933074604e-08
9897 4.932202453e-08
9898 4.931330544e-08
9899 4.930458877e-08
9900 4.929587452e-08
9901 4.928716269e-08
9902 4.927845329e-08
9903 4.92697463e-08
9904 4.926104172e-08
9905 4.925233957e-08
9906 4.924363983e-08
9907 4.92349425e-08
9908 4.922624759e-08
9909 4.921755509e-08
9910 4.9208865e-08
9911 4.920017732e-08
9912 4.919149206e-08
9913 4.91828092e-08
9914 4.917412875e-08
9915 4.916545071e-08
9916 4.915677507e-08
9917 4.914810184e-08
9918 4.913943101e-08
9919 4.913076259e-08
9920 4.912209657e-08
9921 4.911343295e-08
9922 4.910477173e-08
9923 4.909611292e-08
9924 4.90874565e-08
9925 4.907880248e-08
9926 4.907015085e-08
9927 4.906150163e-08
9928 4.90528548e-08
9929 4.904421036e-08
9930 4.903556832e-08
9931 4.902692867e-08
9932 4.901829141e-08
9933 4.900965654e-08
9934 4.900102407e-08
9935 4.899239398e-08
9936 4.898376628e-08
9937 4.897514096e-08
9938 4.896651804e-08
9939 4.89578975e-08
9940 4.894927934e-08
9941 4.894066357e-08
9942 4.893205018e-08
9943 4.892343917e-08
9944 4.891483055e-08
9945 4.89062243e-08
9946 4.889762043e-08
9947 4.888901894e-08
9948 4.888041983e-08
9949 4.88718231e-08
9950 4.886322874e-08
9951 4.885463675e-08
9952 4.884604714e-08
9953 4.883745991e-08
9954 4.882887504e-08
9955 4.882029255e-08
9956 4.881171242e-08
9957 4.880313467e-08
9958 4.879455928e-08
9959 4.878598626e-08
9960 4.877741561e-08
9961 4.876884733e-08
9962 4.876028141e-08
9963 4.875171785e-08
9964 4.874315665e-08
9965 4.873459782e-08
9966 4.872604135e-08
9967 4.871748724e-08
9968 4.870893549e-08
9969 4.87003861e-08
9970 4.869183907e-08
9971 4.868329439e-08
9972 4.867475207e-08
9973 4.866621211e-08
9974 4.86576745e-08
9975 4.864913924e-08
9976 4.864060633e-08
9977 4.863207578e-08
9978 4.862354758e-08
9979 4.861502172e-08
9980 4.860649822e-08
9981 4.859797706e-08
9982 4.858945826e-08
9983 4.858094179e-08
9984 4.857242768e-08
9985 4.856391591e-08
9986 4.855540648e-08
9987 4.854689939e-08
9988 4.853839465e-08
9989 4.852989224e-08
9990 4.852139218e-08
9991 4.851289446e-08
9992 4.850439907e-08
9993 4.849590603e-08
9994 4.848741532e-08
9995 4.847892694e-08
9996 4.84704409e-08
9997 4.84619572e-08
9998 4.845347582e-08
9999 4.844499678e-08
inf 0.05
