# potencia: beta=0.75 dmax=10000 inf=0.05
# fase: f04
# cenario: sd08 (β = 0,75)
# d = objetos distintos entre dois pedidos ao mesmo objeto
0 0.02598524094
1 0.0154509167
2 0.01139950011
3 0.009187170038
4 0.007771399673
5 0.006778183316
6 0.006038140551
7 0.005462723988
8 0.00500086195
9 0.004620901892
10 0.004302117167
11 0.004030331913
12 0.00379550208
13 0.003590299852
14 0.003409245718
15 0.003248155117
16 0.003103773758
17 0.002973530306
18 0.002855364444
19 0.002747604704
20 0.002648879955
21 0.002558054172
22 0.002474177602
23 0.002396449694
24 0.002324190606
25 0.002256819039
26 0.002193834818
27 0.002134805065
28 0.002079353126
29 0.002027149632
30 0.001977905224
31 0.001931364588
32 0.001887301535
33 0.001845514918
34 0.001805825223
35 0.001768071698
36 0.001732109944
37 0.001697809856
38 0.001665053884
39 0.001633735532
40 0.001603758073
41 0.001575033445
42 0.001547481288
43 0.001521028111
44 0.001495606564
45 0.001471154804
46 0.001447615933
47 0.001424937513
48 0.001403071128
49 0.001381972003
50 0.001361598662
51 0.001341912629
52 0.001322878158
53 0.001304461987
54 0.001286633132
55 0.001269362686
56 0.001252623648
57 0.001236390766
58 0.001220640398
59 0.001205350383
60 0.001190499923
61 0.001176069483
62 0.001162040691
63 0.001148396255
64 0.001135119882
65 0.001122196207
66 0.001109610725
67 0.001097349736
68 0.001085400282
69 0.001073750102
70 0.001062387584
71 0.001051301722
72 0.001040482075
73 0.001029918735
74 0.001019602286
75 0.001009523781
76 0.0009996747071
77 0.0009900469631
78 0.000980632832
79 0.0009714249591
80 0.000962416331
81 0.0009536002553
82 0.0009449703428
83 0.0009365204895
84 0.0009282448613
85 0.000920137879
86 0.0009121942041
87 0.0009044087259
88 0.0008967765494
89 0.0008892929838
90 0.0008819535319
91 0.00087475388
92 0.0008676898886
93 0.0008607575838
94 0.0008539531483
95 0.0008472729146
96 0.0008407133567
97 0.0008342710842
98 0.0008279428348
99 0.0008217254691
100 0.0008156159641
101 0.0008096114082
102 0.000803708996
103 0.0007979060233
104 0.0007921998825
105 0.0007865880587
106 0.0007810681248
107 0.0007756377384
108 0.0007702946376
109 0.0007650366378
110 0.0007598616282
111 0.0007547675689
112 0.0007497524876
113 0.000744814477
114 0.0007399516922
115 0.0007351623478
116 0.0007304447158
117 0.0007257971232
118 0.0007212179497
119 0.0007167056257
120 0.0007122586304
121 0.0007078754895
122 0.0007035547741
123 0.0006992950984
124 0.0006950951179
125 0.0006909535287
126 0.0006868690651
127 0.0006828404985
128 0.0006788666362
129 0.0006749463199
130 0.0006710784245
131 0.0006672618567
132 0.0006634955543
133 0.0006597784848
134 0.0006561096443
135 0.0006524880568
136 0.0006489127728
137 0.0006453828688
138 0.0006418974461
139 0.0006384556303
140 0.0006350565701
141 0.0006316994368
142 0.0006283834233
143 0.0006251077437
144 0.0006218716324
145 0.0006186743435
146 0.00061551515
147 0.0006123933435
148 0.0006093082334
149 0.0006062591464
150 0.0006032454258
151 0.0006002664313
152 0.0005973215383
153 0.0005944101372
154 0.0005915316333
155 0.0005886854464
156 0.0005858710098
157 0.0005830877705
158 0.0005803351885
159 0.0005776127365
160 0.0005749198995
161 0.0005722561742
162 0.0005696210692
163 0.0005670141043
164 0.00056443481
165 0.0005618827275
166 0.0005593574086
167 0.0005568584147
168 0.0005543853172
169 0.0005519376968
170 0.0005495151435
171 0.0005471172563
172 0.0005447436427
173 0.0005423939189
174 0.0005400677092
175 0.0005377646459
176 0.0005354843691
177 0.0005332265266
178 0.0005309907734
179 0.0005287767718
180 0.0005265841912
181 0.0005244127076
182 0.0005222620038
183 0.000520131769
184 0.0005180216987
185 0.0005159314946
186 0.0005138608644
187 0.0005118095215
188 0.0005097771851
189 0.0005077635799
190 0.0005057684362
191 0.0005037914892
192 0.0005018324795
193 0.0004998911528
194 0.0004979672594
195 0.0004960605546
196 0.0004941707983
197 0.000492297755
198 0.0004904411935
199 0.0004886008872
200 0.0004867766134
201 0.0004849681538
202 0.000483175294
203 0.0004813978235
204 0.0004796355359
205 0.0004778882282
206 0.0004761557014
207 0.00047443776
208 0.0004727342118
209 0.0004710448684
210 0.0004693695444
211 0.000467708058
212 0.0004660602303
213 0.0004644258857
214 0.0004628048516
215 0.0004611969586
216 0.0004596020399
217 0.0004580199318
218 0.0004564504734
219 0.0004548935064
220 0.0004533488754
221 0.0004518164273
222 0.000450296012
223 0.0004487874815
224 0.0004472906906
225 0.0004458054964
226 0.0004443317581
227 0.0004428693377
228 0.0004414180991
229 0.0004399779086
230 0.0004385486345
231 0.0004371301474
232 0.0004357223198
233 0.0004343250266
234 0.0004329381443
235 0.0004315615515
236 0.0004301951288
237 0.0004288387586
238 0.0004274923252
239 0.0004261557147
240 0.0004248288149
241 0.0004235115155
242 0.0004222037076
243 0.0004209052843
244 0.0004196161403
245 0.0004183361716
246 0.0004170652761
247 0.0004158033532
248 0.0004145503037
249 0.0004133060299
250 0.0004120704357
251 0.0004108434263
252 0.0004096249082
253 0.0004084147896
254 0.0004072129799
255 0.0004060193896
256 0.0004048339309
257 0.000403656517
258 0.0004024870624
259 0.000401325483
260 0.0004001716956
261 0.0003990256185
262 0.0003978871711
263 0.0003967562738
264 0.0003956328481
265 0.000394516817
266 0.000393408104
267 0.0003923066342
268 0.0003912123334
269 0.0003901251286
270 0.0003890449478
271 0.0003879717198
272 0.0003869053746
273 0.0003858458432
274 0.0003847930573
275 0.0003837469497
276 0.0003827074541
277 0.000381674505
278 0.0003806480379
279 0.0003796279891
280 0.0003786142957
281 0.0003776068958
282 0.0003766057282
283 0.0003756107324
284 0.0003746218489
285 0.000373639019
286 0.0003726621845
287 0.0003716912882
288 0.0003707262737
289 0.000369767085
290 0.000368813667
291 0.0003678659656
292 0.0003669239268
293 0.0003659874979
294 0.0003650566264
295 0.0003641312606
296 0.0003632113497
297 0.0003622968432
298 0.0003613876914
299 0.0003604838452
300 0.0003595852561
301 0.0003586918762
302 0.0003578036583
303 0.0003569205555
304 0.0003560425218
305 0.0003551695116
306 0.0003543014799
307 0.0003534383822
308 0.0003525801745
309 0.0003517268136
310 0.0003508782564
311 0.0003500344607
312 0.0003491953845
313 0.0003483609867
314 0.0003475312262
315 0.0003467060627
316 0.0003458854563
317 0.0003450693676
318 0.0003442577577
319 0.000343450588
320 0.0003426478205
321 0.0003418494175
322 0.0003410553419
323 0.000340265557
324 0.0003394800264
325 0.0003386987142
326 0.0003379215849
327 0.0003371486035
328 0.0003363797353
329 0.000335614946
330 0.0003348542016
331 0.0003340974687
332 0.0003333447141
333 0.0003325959051
334 0.0003318510092
335 0.0003311099944
336 0.0003303728291
337 0.0003296394818
338 0.0003289099217
339 0.000328184118
340 0.0003274620405
341 0.0003267436592
342 0.0003260289445
343 0.0003253178669
344 0.0003246103976
345 0.0003239065079
346 0.0003232061693
347 0.0003225093538
348 0.0003218160335
349 0.0003211261812
350 0.0003204397695
351 0.0003197567715
352 0.0003190771608
353 0.0003184009109
354 0.0003177279957
355 0.0003170583896
356 0.0003163920671
357 0.0003157290028
358 0.0003150691719
359 0.0003144125496
360 0.0003137591115
361 0.0003131088334
362 0.0003124616913
363 0.0003118176615
364 0.0003111767206
365 0.0003105388454
366 0.0003099040128
367 0.0003092722002
368 0.000308643385
369 0.0003080175449
370 0.0003073946579
371 0.0003067747021
372 0.0003061576559
373 0.000305543498
374 0.0003049322071
375 0.0003043237622
376 0.0003037181426
377 0.0003031153278
378 0.0003025152973
379 0.000301918031
380 0.000301323509
381 0.0003007317114
382 0.0003001426188
383 0.0002995562117
384 0.000298972471
385 0.0002983913776
386 0.0002978129127
387 0.0002972370578
388 0.0002966637943
389 0.0002960931039
390 0.0002955249686
391 0.0002949593705
392 0.0002943962917
393 0.0002938357147
394 0.000293277622
395 0.0002927219965
396 0.0002921688209
397 0.0002916180784
398 0.0002910697522
399 0.0002905238257
400 0.0002899802824
401 0.000289439106
402 0.0002889002804
403 0.0002883637895
404 0.0002878296175
405 0.0002872977487
406 0.0002867681675
407 0.0002862408584
408 0.0002857158063
409 0.0002851929959
410 0.0002846724123
411 0.0002841540406
412 0.000283637866
413 0.000283123874
414 0.0002826120501
415 0.0002821023799
416 0.0002815948493
417 0.0002810894441
418 0.0002805861505
419 0.0002800849545
420 0.0002795858425
421 0.0002790888009
422 0.0002785938162
423 0.0002781008751
424 0.0002776099644
425 0.0002771210709
426 0.0002766341817
427 0.0002761492838
428 0.0002756663645
429 0.0002751854112
430 0.0002747064113
431 0.0002742293523
432 0.0002737542219
433 0.000273281008
434 0.0002728096983
435 0.0002723402809
436 0.0002718727438
437 0.0002714070753
438 0.0002709432636
439 0.0002704812972
440 0.0002700211645
441 0.0002695628541
442 0.0002691063547
443 0.000268651655
444 0.000268198744
445 0.0002677476107
446 0.000267298244
447 0.0002668506331
448 0.0002664047673
449 0.0002659606359
450 0.0002655182283
451 0.0002650775341
452 0.0002646385428
453 0.0002642012441
454 0.0002637656278
455 0.0002633316837
456 0.0002628994018
457 0.0002624687721
458 0.0002620397846
459 0.0002616124297
460 0.0002611866974
461 0.0002607625782
462 0.0002603400625
463 0.0002599191407
464 0.0002594998035
465 0.0002590820415
466 0.0002586658453
467 0.0002582512059
468 0.0002578381141
469 0.0002574265608
470 0.000257016537
471 0.0002566080338
472 0.0002562010424
473 0.000255795554
474 0.0002553915599
475 0.0002549890515
476 0.0002545880201
477 0.0002541884574
478 0.0002537903548
479 0.000253393704
480 0.0002529984967
481 0.0002526047247
482 0.0002522123797
483 0.0002518214537
484 0.0002514319387
485 0.0002510438265
486 0.0002506571094
487 0.0002502717794
488 0.0002498878288
489 0.0002495052498
490 0.0002491240347
491 0.0002487441759
492 0.0002483656658
493 0.0002479884969
494 0.0002476126618
495 0.000247238153
496 0.0002468649633
497 0.0002464930853
498 0.0002461225119
499 0.0002457532357
500 0.0002453852498
501 0.000245018547
502 0.0002446531203
503 0.0002442889628
504 0.0002439260676
505 0.0002435644277
506 0.0002432040364
507 0.0002428448869
508 0.0002424869725
509 0.0002421302865
510 0.0002417748224
511 0.0002414205735
512 0.0002410675334
513 0.0002407156955
514 0.0002403650535
515 0.000240015601
516 0.0002396673316
517 0.0002393202392
518 0.0002389743173
519 0.0002386295599
520 0.0002382859608
521 0.0002379435138
522 0.000237602213
523 0.0002372620523
524 0.0002369230258
525 0.0002365851274
526 0.0002362483514
527 0.0002359126918
528 0.000235578143
529 0.000235244699
530 0.0002349123542
531 0.0002345811029
532 0.0002342509394
533 0.0002339218582
534 0.0002335938537
535 0.0002332669203
536 0.0002329410527
537 0.0002326162452
538 0.0002322924926
539 0.0002319697893
540 0.0002316481303
541 0.00023132751
542 0.0002310079232
543 0.0002306893648
544 0.0002303718295
545 0.0002300553122
546 0.0002297398077
547 0.000229425311
548 0.000229111817
549 0.0002287993208
550 0.0002284878172
551 0.0002281773015
552 0.0002278677686
553 0.0002275592137
554 0.0002272516319
555 0.0002269450185
556 0.0002266393686
557 0.0002263346775
558 0.0002260309405
559 0.0002257281528
560 0.0002254263099
561 0.0002251254072
562 0.0002248254399
563 0.0002245264036
564 0.0002242282937
565 0.0002239311057
566 0.0002236348352
567 0.0002233394777
568 0.0002230450288
569 0.0002227514841
570 0.0002224588392
571 0.0002221670899
572 0.0002218762318
573 0.0002215862607
574 0.0002212971722
575 0.0002210089623
576 0.0002207216267
577 0.0002204351612
578 0.0002201495617
579 0.0002198648242
580 0.0002195809444
581 0.0002192979185
582 0.0002190157423
583 0.0002187344118
584 0.0002184539231
585 0.0002181742722
586 0.0002178954552
587 0.0002176174682
588 0.0002173403074
589 0.0002170639687
590 0.0002167884485
591 0.000216513743
592 0.0002162398483
593 0.0002159667607
594 0.0002156944764
595 0.0002154229918
596 0.0002151523032
597 0.0002148824069
598 0.0002146132993
599 0.0002143449768
600 0.0002140774357
601 0.0002138106725
602 0.0002135446837
603 0.0002132794657
604 0.000213015015
605 0.0002127513281
606 0.0002124884016
607 0.0002122262321
608 0.000211964816
609 0.0002117041501
610 0.0002114442309
611 0.0002111850551
612 0.0002109266194
613 0.0002106689204
614 0.0002104119548
615 0.0002101557194
616 0.0002099002109
617 0.0002096454261
618 0.0002093913617
619 0.0002091380146
620 0.0002088853816
621 0.0002086334595
622 0.0002083822452
623 0.0002081317356
624 0.0002078819275
625 0.0002076328179
626 0.0002073844037
627 0.000207136682
628 0.0002068896495
629 0.0002066433034
630 0.0002063976407
631 0.0002061526583
632 0.0002059083533
633 0.0002056647228
634 0.0002054217639
635 0.0002051794736
636 0.0002049378491
637 0.0002046968874
638 0.0002044565858
639 0.0002042169414
640 0.0002039779514
641 0.000203739613
642 0.0002035019234
643 0.0002032648798
644 0.0002030284794
645 0.0002027927196
646 0.0002025575976
647 0.0002023231107
648 0.0002020892562
649 0.0002018560314
650 0.0002016234337
651 0.0002013914604
652 0.0002011601089
653 0.0002009293766
654 0.0002006992608
655 0.0002004697591
656 0.0002002408688
657 0.0002000125873
658 0.0001997849122
659 0.0001995578408
660 0.0001993313708
661 0.0001991054995
662 0.0001988802246
663 0.0001986555434
664 0.0001984314537
665 0.0001982079529
666 0.0001979850386
667 0.0001977627084
668 0.0001975409598
669 0.0001973197906
670 0.0001970991983
671 0.0001968791806
672 0.0001966597351
673 0.0001964408595
674 0.0001962225514
675 0.0001960048086
676 0.0001957876287
677 0.0001955710095
678 0.0001953549487
679 0.0001951394441
680 0.0001949244933
681 0.0001947100942
682 0.0001944962446
683 0.0001942829422
684 0.0001940701848
685 0.0001938579702
686 0.0001936462964
687 0.000193435161
688 0.000193224562
689 0.0001930144972
690 0.0001928049646
691 0.0001925959619
692 0.0001923874871
693 0.0001921795381
694 0.0001919721127
695 0.0001917652091
696 0.000191558825
697 0.0001913529584
698 0.0001911476073
699 0.0001909427697
700 0.0001907384436
701 0.0001905346269
702 0.0001903313177
703 0.0001901285139
704 0.0001899262136
705 0.0001897244149
706 0.0001895231158
707 0.0001893223143
708 0.0001891220085
709 0.0001889221966
710 0.0001887228765
711 0.0001885240464
712 0.0001883257044
713 0.0001881278487
714 0.0001879304772
715 0.0001877335883
716 0.00018753718
717 0.0001873412505
718 0.0001871457979
719 0.0001869508205
720 0.0001867563165
721 0.0001865622839
722 0.0001863687211
723 0.0001861756262
724 0.0001859829975
725 0.0001857908332
726 0.0001855991316
727 0.0001854078908
728 0.0001852171093
729 0.0001850267851
730 0.0001848369167
731 0.0001846475022
732 0.0001844585401
733 0.0001842700285
734 0.0001840819659
735 0.0001838943505
736 0.0001837071806
737 0.0001835204547
738 0.000183334171
739 0.000183148328
740 0.0001829629239
741 0.0001827779571
742 0.0001825934261
743 0.0001824093292
744 0.0001822256648
745 0.0001820424314
746 0.0001818596273
747 0.0001816772509
748 0.0001814953007
749 0.0001813137751
750 0.0001811326726
751 0.0001809519916
752 0.0001807717306
753 0.0001805918881
754 0.0001804124625
755 0.0001802334522
756 0.0001800548559
757 0.000179876672
758 0.0001796988989
759 0.0001795215353
760 0.0001793445796
761 0.0001791680304
762 0.0001789918862
763 0.0001788161455
764 0.0001786408069
765 0.0001784658689
766 0.0001782913301
767 0.0001781171891
768 0.0001779434445
769 0.0001777700948
770 0.0001775971387
771 0.0001774245746
772 0.0001772524013
773 0.0001770806174
774 0.0001769092214
775 0.000176738212
776 0.0001765675878
777 0.0001763973475
778 0.0001762274896
779 0.000176058013
780 0.0001758889161
781 0.0001757201977
782 0.0001755518564
783 0.000175383891
784 0.0001752163001
785 0.0001750490824
786 0.0001748822365
787 0.0001747157613
788 0.0001745496553
789 0.0001743839174
790 0.0001742185462
791 0.0001740535405
792 0.0001738888989
793 0.0001737246203
794 0.0001735607034
795 0.0001733971469
796 0.0001732339495
797 0.0001730711102
798 0.0001729086275
799 0.0001727465003
800 0.0001725847274
801 0.0001724233075
802 0.0001722622395
803 0.0001721015221
804 0.0001719411542
805 0.0001717811345
806 0.0001716214619
807 0.0001714621351
808 0.000171303153
809 0.0001711445145
810 0.0001709862184
811 0.0001708282634
812 0.0001706706485
813 0.0001705133726
814 0.0001703564343
815 0.0001701998327
816 0.0001700435666
817 0.0001698876349
818 0.0001697320363
819 0.0001695767699
820 0.0001694218346
821 0.0001692672291
822 0.0001691129524
823 0.0001689590034
824 0.000168805381
825 0.0001686520842
826 0.0001684991117
827 0.0001683464627
828 0.0001681941359
829 0.0001680421304
830 0.000167890445
831 0.0001677390787
832 0.0001675880304
833 0.0001674372992
834 0.0001672868838
835 0.0001671367834
836 0.0001669869969
837 0.0001668375233
838 0.0001666883614
839 0.0001665395103
840 0.0001663909691
841 0.0001662427366
842 0.0001660948118
843 0.0001659471939
844 0.0001657998817
845 0.0001656528742
846 0.0001655061706
847 0.0001653597697
848 0.0001652136707
849 0.0001650678724
850 0.0001649223741
851 0.0001647771746
852 0.0001646322731
853 0.0001644876686
854 0.00016434336
855 0.0001641993466
856 0.0001640556272
857 0.000163912201
858 0.0001637690671
859 0.0001636262245
860 0.0001634836722
861 0.0001633414094
862 0.0001631994351
863 0.0001630577484
864 0.0001629163484
865 0.0001627752342
866 0.0001626344049
867 0.0001624938595
868 0.0001623535972
869 0.0001622136171
870 0.0001620739183
871 0.0001619344999
872 0.0001617953609
873 0.0001616565007
874 0.0001615179181
875 0.0001613796125
876 0.0001612415829
877 0.0001611038284
878 0.0001609663483
879 0.0001608291416
880 0.0001606922074
881 0.000160555545
882 0.0001604191535
883 0.000160283032
884 0.0001601471797
885 0.0001600115958
886 0.0001598762795
887 0.0001597412298
888 0.000159606446
889 0.0001594719273
890 0.0001593376729
891 0.0001592036818
892 0.0001590699534
893 0.0001589364868
894 0.0001588032812
895 0.0001586703358
896 0.0001585376498
897 0.0001584052224
898 0.0001582730528
899 0.0001581411403
900 0.000158009484
901 0.0001578780831
902 0.000157746937
903 0.0001576160448
904 0.0001574854057
905 0.000157355019
906 0.0001572248839
907 0.0001570949996
908 0.0001569653655
909 0.0001568359806
910 0.0001567068444
911 0.0001565779559
912 0.0001564493146
913 0.0001563209196
914 0.0001561927702
915 0.0001560648656
916 0.0001559372052
917 0.0001558097882
918 0.0001556826138
919 0.0001555556814
920 0.0001554289902
921 0.0001553025394
922 0.0001551763285
923 0.0001550503567
924 0.0001549246232
925 0.0001547991273
926 0.0001546738684
927 0.0001545488457
928 0.0001544240586
929 0.0001542995063
930 0.0001541751882
931 0.0001540511035
932 0.0001539272516
933 0.0001538036318
934 0.0001536802434
935 0.0001535570858
936 0.0001534341581
937 0.0001533114599
938 0.0001531889903
939 0.0001530667488
940 0.0001529447347
941 0.0001528229472
942 0.0001527013858
943 0.0001525800498
944 0.0001524589385
945 0.0001523380512
946 0.0001522173874
947 0.0001520969464
948 0.0001519767275
949 0.0001518567301
950 0.0001517369535
951 0.0001516173971
952 0.0001514980603
953 0.0001513789425
954 0.0001512600429
955 0.000151141361
956 0.0001510228962
957 0.0001509046478
958 0.0001507866153
959 0.0001506687979
960 0.0001505511951
961 0.0001504338062
962 0.0001503166307
963 0.0001501996679
964 0.0001500829173
965 0.0001499663782
966 0.0001498500501
967 0.0001497339322
968 0.0001496180242
969 0.0001495023252
970 0.0001493868348
971 0.0001492715523
972 0.0001491564773
973 0.000149041609
974 0.0001489269469
975 0.0001488124904
976 0.000148698239
977 0.000148584192
978 0.0001484703489
979 0.0001483567091
980 0.0001482432721
981 0.0001481300373
982 0.0001480170041
983 0.0001479041719
984 0.0001477915402
985 0.0001476791084
986 0.000147566876
987 0.0001474548425
988 0.0001473430072
989 0.0001472313696
990 0.0001471199292
991 0.0001470086854
992 0.0001468976376
993 0.0001467867854
994 0.0001466761282
995 0.0001465656654
996 0.0001464553966
997 0.0001463453211
998 0.0001462354385
999 0.0001461257482
1000 0.0001460162497
1001 0.0001459069425
1002 0.000145797826
1003 0.0001456888997
1004 0.0001455801631
1005 0.0001454716157
1006 0.000145363257
1007 0.0001452550864
1008 0.0001451471034
1009 0.0001450393075
1010 0.0001449316983
1011 0.0001448242752
1012 0.0001447170376
1013 0.0001446099852
1014 0.0001445031174
1015 0.0001443964336
1016 0.0001442899335
1017 0.0001441836165
1018 0.000144077482
1019 0.0001439715297
1020 0.000143865759
1021 0.0001437601695
1022 0.0001436547606
1023 0.0001435495319
1024 0.0001434444828
1025 0.0001433396129
1026 0.0001432349218
1027 0.0001431304089
1028 0.0001430260738
1029 0.0001429219159
1030 0.0001428179349
1031 0.0001427141302
1032 0.0001426105014
1033 0.000142507048
1034 0.0001424037696
1035 0.0001423006656
1036 0.0001421977356
1037 0.0001420949792
1038 0.0001419923959
1039 0.0001418899852
1040 0.0001417877467
1041 0.00014168568
1042 0.0001415837845
1043 0.0001414820598
1044 0.0001413805055
1045 0.0001412791211
1046 0.0001411779062
1047 0.0001410768604
1048 0.0001409759831
1049 0.000140875274
1050 0.0001407747326
1051 0.0001406743584
1052 0.0001405741511
1053 0.0001404741102
1054 0.0001403742352
1055 0.0001402745258
1056 0.0001401749815
1057 0.0001400756019
1058 0.0001399763865
1059 0.0001398773349
1060 0.0001397784467
1061 0.0001396797215
1062 0.0001395811588
1063 0.0001394827583
1064 0.0001393845195
1065 0.0001392864419
1066 0.0001391885253
1067 0.0001390907691
1068 0.0001389931729
1069 0.0001388957364
1070 0.0001387984591
1071 0.0001387013407
1072 0.0001386043806
1073 0.0001385075786
1074 0.0001384109342
1075 0.0001383144469
1076 0.0001382181165
1077 0.0001381219425
1078 0.0001380259244
1079 0.000137930062
1080 0.0001378343548
1081 0.0001377388023
1082 0.0001376434043
1083 0.0001375481604
1084 0.00013745307
1085 0.000137358133
1086 0.0001372633487
1087 0.000137168717
1088 0.0001370742373
1089 0.0001369799094
1090 0.0001368857327
1091 0.000136791707
1092 0.0001366978319
1093 0.000136604107
1094 0.0001365105318
1095 0.0001364171061
1096 0.0001363238295
1097 0.0001362307015
1098 0.0001361377218
1099 0.0001360448901
1100 0.0001359522059
1101 0.000135859669
1102 0.0001357672789
1103 0.0001356750352
1104 0.0001355829377
1105 0.0001354909858
1106 0.0001353991794
1107 0.000135307518
1108 0.0001352160012
1109 0.0001351246288
1110 0.0001350334003
1111 0.0001349423154
1112 0.0001348513737
1113 0.0001347605748
1114 0.0001346699185
1115 0.0001345794044
1116 0.0001344890321
1117 0.0001343988013
1118 0.0001343087116
1119 0.0001342187627
1120 0.0001341289542
1121 0.0001340392859
1122 0.0001339497572
1123 0.000133860368
1124 0.0001337711178
1125 0.0001336820064
1126 0.0001335930333
1127 0.0001335041983
1128 0.000133415501
1129 0.0001333269411
1130 0.0001332385183
1131 0.0001331502321
1132 0.0001330620823
1133 0.0001329740686
1134 0.0001328861906
1135 0.000132798448
1136 0.0001327108404
1137 0.0001326233676
1138 0.0001325360292
1139 0.0001324488249
1140 0.0001323617543
1141 0.0001322748172
1142 0.0001321880132
1143 0.000132101342
1144 0.0001320148033
1145 0.0001319283968
1146 0.0001318421221
1147 0.0001317559789
1148 0.0001316699669
1149 0.0001315840859
1150 0.0001314983354
1151 0.0001314127152
1152 0.000131327225
1153 0.0001312418644
1154 0.0001311566332
1155 0.000131071531
1156 0.0001309865576
1157 0.0001309017126
1158 0.0001308169957
1159 0.0001307324066
1160 0.0001306479451
1161 0.0001305636107
1162 0.0001304794033
1163 0.0001303953225
1164 0.000130311368
1165 0.0001302275395
1166 0.0001301438367
1167 0.0001300602594
1168 0.0001299768072
1169 0.0001298934798
1170 0.000129810277
1171 0.0001297271984
1172 0.0001296442438
1173 0.0001295614129
1174 0.0001294787053
1175 0.0001293961208
1176 0.0001293136591
1177 0.0001292313199
1178 0.000129149103
1179 0.000129067008
1180 0.0001289850347
1181 0.0001289031827
1182 0.0001288214519
1183 0.0001287398418
1184 0.0001286583523
1185 0.0001285769831
1186 0.0001284957338
1187 0.0001284146042
1188 0.000128333594
1189 0.000128252703
1190 0.0001281719309
1191 0.0001280912773
1192 0.0001280107421
1193 0.0001279303249
1194 0.0001278500255
1195 0.0001277698436
1196 0.000127689779
1197 0.0001276098313
1198 0.0001275300003
1199 0.0001274502857
1200 0.0001273706873
1201 0.0001272912048
1202 0.000127211838
1203 0.0001271325865
1204 0.0001270534501
1205 0.0001269744286
1206 0.0001268955216
1207 0.000126816729
1208 0.0001267380505
1209 0.0001266594857
1210 0.0001265810345
1211 0.0001265026966
1212 0.0001264244717
1213 0.0001263463595
1214 0.0001262683599
1215 0.0001261904726
1216 0.0001261126972
1217 0.0001260350337
1218 0.0001259574816
1219 0.0001258800408
1220 0.000125802711
1221 0.0001257254919
1222 0.0001256483834
1223 0.0001255713851
1224 0.0001254944968
1225 0.0001254177183
1226 0.0001253410493
1227 0.0001252644895
1228 0.0001251880388
1229 0.0001251116969
1230 0.0001250354635
1231 0.0001249593384
1232 0.0001248833213
1233 0.0001248074121
1234 0.0001247316105
1235 0.0001246559162
1236 0.0001245803289
1237 0.0001245048486
1238 0.0001244294748
1239 0.0001243542075
1240 0.0001242790463
1241 0.000124203991
1242 0.0001241290414
1243 0.0001240541972
1244 0.0001239794583
1245 0.0001239048243
1246 0.0001238302951
1247 0.0001237558704
1248 0.00012368155
1249 0.0001236073336
1250 0.0001235332211
1251 0.0001234592122
1252 0.0001233853066
1253 0.0001233115042
1254 0.0001232378048
1255 0.000123164208
1256 0.0001230907137
1257 0.0001230173216
1258 0.0001229440316
1259 0.0001228708433
1260 0.0001227977567
1261 0.0001227247714
1262 0.0001226518872
1263 0.000122579104
1264 0.0001225064215
1265 0.0001224338394
1266 0.0001223613576
1267 0.0001222889758
1268 0.0001222166939
1269 0.0001221445116
1270 0.0001220724287
1271 0.0001220004449
1272 0.0001219285601
1273 0.0001218567741
1274 0.0001217850866
1275 0.0001217134975
1276 0.0001216420064
1277 0.0001215706133
1278 0.0001214993178
1279 0.0001214281199
1280 0.0001213570192
1281 0.0001212860156
1282 0.0001212151088
1283 0.0001211442987
1284 0.000121073585
1285 0.0001210029676
1286 0.0001209324462
1287 0.0001208620206
1288 0.0001207916907
1289 0.0001207214561
1290 0.0001206513168
1291 0.0001205812725
1292 0.000120511323
1293 0.0001204414681
1294 0.0001203717076
1295 0.0001203020414
1296 0.0001202324691
1297 0.0001201629906
1298 0.0001200936058
1299 0.0001200243144
1300 0.0001199551161
1301 0.0001198860109
1302 0.0001198169986
1303 0.0001197480788
1304 0.0001196792515
1305 0.0001196105164
1306 0.0001195418733
1307 0.0001194733221
1308 0.0001194048626
1309 0.0001193364945
1310 0.0001192682177
1311 0.0001192000319
1312 0.0001191319371
1313 0.0001190639329
1314 0.0001189960193
1315 0.0001189281959
1316 0.0001188604628
1317 0.0001187928195
1318 0.000118725266
1319 0.0001186578021
1320 0.0001185904275
1321 0.0001185231422
1322 0.0001184559458
1323 0.0001183888383
1324 0.0001183218195
1325 0.000118254889
1326 0.0001181880469
1327 0.0001181212928
1328 0.0001180546267
1329 0.0001179880483
1330 0.0001179215574
1331 0.0001178551539
1332 0.0001177888376
1333 0.0001177226083
1334 0.0001176564658
1335 0.0001175904099
1336 0.0001175244406
1337 0.0001174585575
1338 0.0001173927605
1339 0.0001173270495
1340 0.0001172614242
1341 0.0001171958845
1342 0.0001171304302
1343 0.0001170650612
1344 0.0001169997772
1345 0.0001169345781
1346 0.0001168694637
1347 0.0001168044339
1348 0.0001167394884
1349 0.0001166746271
1350 0.0001166098499
1351 0.0001165451565
1352 0.0001164805468
1353 0.0001164160206
1354 0.0001163515777
1355 0.000116287218
1356 0.0001162229413
1357 0.0001161587475
1358 0.0001160946363
1359 0.0001160306077
1360 0.0001159666613
1361 0.0001159027972
1362 0.000115839015
1363 0.0001157753147
1364 0.0001157116961
1365 0.000115648159
1366 0.0001155847032
1367 0.0001155213286
1368 0.000115458035
1369 0.0001153948223
1370 0.0001153316902
1371 0.0001152686388
1372 0.0001152056676
1373 0.0001151427767
1374 0.0001150799659
1375 0.0001150172349
1376 0.0001149545836
1377 0.000114892012
1378 0.0001148295197
1379 0.0001147671067
1380 0.0001147047728
1381 0.0001146425178
1382 0.0001145803417
1383 0.0001145182441
1384 0.000114456225
1385 0.0001143942842
1386 0.0001143324216
1387 0.000114270637
1388 0.0001142089302
1389 0.0001141473012
1390 0.0001140857497
1391 0.0001140242755
1392 0.0001139628786
1393 0.0001139015588
1394 0.0001138403159
1395 0.0001137791498
1396 0.0001137180603
1397 0.0001136570473
1398 0.0001135961107
1399 0.0001135352502
1400 0.0001134744657
1401 0.0001134137571
1402 0.0001133531243
1403 0.000113292567
1404 0.0001132320851
1405 0.0001131716786
1406 0.0001131113472
1407 0.0001130510907
1408 0.0001129909092
1409 0.0001129308023
1410 0.00011287077
1411 0.0001128108121
1412 0.0001127509284
1413 0.0001126911189
1414 0.0001126313833
1415 0.0001125717216
1416 0.0001125121336
1417 0.0001124526191
1418 0.000112393178
1419 0.0001123338102
1420 0.0001122745155
1421 0.0001122152938
1422 0.0001121561449
1423 0.0001120970687
1424 0.000112038065
1425 0.0001119791338
1426 0.0001119202749
1427 0.0001118614881
1428 0.0001118027733
1429 0.0001117441303
1430 0.0001116855591
1431 0.0001116270595
1432 0.0001115686313
1433 0.0001115102744
1434 0.0001114519887
1435 0.000111393774
1436 0.0001113356302
1437 0.0001112775572
1438 0.0001112195549
1439 0.000111161623
1440 0.0001111037615
1441 0.0001110459702
1442 0.000110988249
1443 0.0001109305977
1444 0.0001108730163
1445 0.0001108155046
1446 0.0001107580624
1447 0.0001107006897
1448 0.0001106433862
1449 0.000110586152
1450 0.0001105289867
1451 0.0001104718904
1452 0.0001104148628
1453 0.0001103579039
1454 0.0001103010135
1455 0.0001102441915
1456 0.0001101874377
1457 0.0001101307521
1458 0.0001100741344
1459 0.0001100175847
1460 0.0001099611026
1461 0.0001099046882
1462 0.0001098483413
1463 0.0001097920617
1464 0.0001097358494
1465 0.0001096797041
1466 0.0001096236259
1467 0.0001095676145
1468 0.0001095116698
1469 0.0001094557918
1470 0.0001093999802
1471 0.000109344235
1472 0.000109288556
1473 0.0001092329431
1474 0.0001091773963
1475 0.0001091219152
1476 0.0001090665
1477 0.0001090111503
1478 0.0001089558661
1479 0.0001089006474
1480 0.0001088454938
1481 0.0001087904054
1482 0.000108735382
1483 0.0001086804235
1484 0.0001086255298
1485 0.0001085707007
1486 0.0001085159362
1487 0.0001084612361
1488 0.0001084066002
1489 0.0001083520286
1490 0.000108297521
1491 0.0001082430773
1492 0.0001081886975
1493 0.0001081343813
1494 0.0001080801288
1495 0.0001080259397
1496 0.000107971814
1497 0.0001079177515
1498 0.0001078637521
1499 0.0001078098157
1500 0.0001077559422
1501 0.0001077021315
1502 0.0001076483835
1503 0.000107594698
1504 0.0001075410749
1505 0.0001074875141
1506 0.0001074340156
1507 0.0001073805791
1508 0.0001073272046
1509 0.000107273892
1510 0.0001072206411
1511 0.0001071674519
1512 0.0001071143242
1513 0.0001070612579
1514 0.0001070082529
1515 0.0001069553091
1516 0.0001069024263
1517 0.0001068496046
1518 0.0001067968437
1519 0.0001067441435
1520 0.000106691504
1521 0.0001066389251
1522 0.0001065864065
1523 0.0001065339483
1524 0.0001064815502
1525 0.0001064292123
1526 0.0001063769343
1527 0.0001063247162
1528 0.0001062725579
1529 0.0001062204593
1530 0.0001061684202
1531 0.0001061164405
1532 0.0001060645202
1533 0.0001060126592
1534 0.0001059608572
1535 0.0001059091143
1536 0.0001058574303
1537 0.0001058058051
1538 0.0001057542387
1539 0.0001057027308
1540 0.0001056512814
1541 0.0001055998905
1542 0.0001055485578
1543 0.0001054972833
1544 0.0001054460669
1545 0.0001053949084
1546 0.0001053438079
1547 0.0001052927651
1548 0.0001052417799
1549 0.0001051908524
1550 0.0001051399823
1551 0.0001050891696
1552 0.0001050384141
1553 0.0001049877158
1554 0.0001049370746
1555 0.0001048864903
1556 0.0001048359629
1557 0.0001047854923
1558 0.0001047350783
1559 0.0001046847208
1560 0.0001046344198
1561 0.0001045841752
1562 0.0001045339869
1563 0.0001044838547
1564 0.0001044337785
1565 0.0001043837584
1566 0.0001043337941
1567 0.0001042838855
1568 0.0001042340327
1569 0.0001041842354
1570 0.0001041344935
1571 0.0001040848071
1572 0.0001040351759
1573 0.0001039856
1574 0.0001039360791
1575 0.0001038866132
1576 0.0001038372022
1577 0.000103787846
1578 0.0001037385445
1579 0.0001036892977
1580 0.0001036401053
1581 0.0001035909674
1582 0.0001035418837
1583 0.0001034928544
1584 0.0001034438791
1585 0.0001033949579
1586 0.0001033460907
1587 0.0001032972773
1588 0.0001032485176
1589 0.0001031998117
1590 0.0001031511593
1591 0.0001031025604
1592 0.0001030540149
1593 0.0001030055227
1594 0.0001029570837
1595 0.0001029086978
1596 0.000102860365
1597 0.000102812085
1598 0.000102763858
1599 0.0001027156836
1600 0.000102667562
1601 0.0001026194929
1602 0.0001025714763
1603 0.0001025235121
1604 0.0001024756001
1605 0.0001024277404
1606 0.0001023799329
1607 0.0001023321773
1608 0.0001022844737
1609 0.000102236822
1610 0.000102189222
1611 0.0001021416737
1612 0.000102094177
1613 0.0001020467318
1614 0.000101999338
1615 0.0001019519955
1616 0.0001019047043
1617 0.0001018574642
1618 0.0001018102752
1619 0.0001017631372
1620 0.0001017160501
1621 0.0001016690137
1622 0.0001016220281
1623 0.0001015750932
1624 0.0001015282087
1625 0.0001014813748
1626 0.0001014345912
1627 0.0001013878579
1628 0.0001013411748
1629 0.0001012945419
1630 0.000101247959
1631 0.000101201426
1632 0.0001011549429
1633 0.0001011085096
1634 0.000101062126
1635 0.0001010157921
1636 0.0001009695076
1637 0.0001009232726
1638 0.000100877087
1639 0.0001008309507
1640 0.0001007848636
1641 0.0001007388256
1642 0.0001006928366
1643 0.0001006468966
1644 0.0001006010054
1645 0.0001005551631
1646 0.0001005093695
1647 0.0001004636245
1648 0.0001004179281
1649 0.0001003722801
1650 0.0001003266805
1651 0.0001002811292
1652 0.0001002356262
1653 0.0001001901713
1654 0.0001001447645
1655 0.0001000994056
1656 0.0001000540947
1657 0.0001000088316
1658 9.996361621e-05
1659 9.991844852e-05
1660 9.987332843e-05
1661 9.982825585e-05
1662 9.97832307e-05
1663 9.973825291e-05
1664 9.969332239e-05
1665 9.964843908e-05
1666 9.960360288e-05
1667 9.955881373e-05
1668 9.951407155e-05
1669 9.946937626e-05
1670 9.942472777e-05
1671 9.938012603e-05
1672 9.933557094e-05
1673 9.929106243e-05
1674 9.924660042e-05
1675 9.920218485e-05
1676 9.915781563e-05
1677 9.911349268e-05
1678 9.906921594e-05
1679 9.902498532e-05
1680 9.898080075e-05
1681 9.893666215e-05
1682 9.889256945e-05
1683 9.884852258e-05
1684 9.880452146e-05
1685 9.876056601e-05
1686 9.871665616e-05
1687 9.867279184e-05
1688 9.862897297e-05
1689 9.858519947e-05
1690 9.854147129e-05
1691 9.849778833e-05
1692 9.845415053e-05
1693 9.841055781e-05
1694 9.83670101e-05
1695 9.832350733e-05
1696 9.828004943e-05
1697 9.823663632e-05
1698 9.819326793e-05
1699 9.814994418e-05
1700 9.810666501e-05
1701 9.806343034e-05
1702 9.802024011e-05
1703 9.797709423e-05
1704 9.793399264e-05
1705 9.789093527e-05
1706 9.784792204e-05
1707 9.780495289e-05
1708 9.776202774e-05
1709 9.771914652e-05
1710 9.767630916e-05
1711 9.76335156e-05
1712 9.759076576e-05
1713 9.754805956e-05
1714 9.750539695e-05
1715 9.746277785e-05
1716 9.742020219e-05
1717 9.737766991e-05
1718 9.733518092e-05
1719 9.729273517e-05
1720 9.725033258e-05
1721 9.720797309e-05
1722 9.716565663e-05
1723 9.712338312e-05
1724 9.70811525e-05
1725 9.70389647e-05
1726 9.699681966e-05
1727 9.69547173e-05
1728 9.691265755e-05
1729 9.687064036e-05
1730 9.682866565e-05
1731 9.678673335e-05
1732 9.674484339e-05
1733 9.670299572e-05
1734 9.666119026e-05
1735 9.661942695e-05
1736 9.657770571e-05
1737 9.653602649e-05
1738 9.649438921e-05
1739 9.645279381e-05
1740 9.641124023e-05
1741 9.636972839e-05
1742 9.632825824e-05
1743 9.62868297e-05
1744 9.624544271e-05
1745 9.62040972e-05
1746 9.616279312e-05
1747 9.612153039e-05
1748 9.608030895e-05
1749 9.603912873e-05
1750 9.599798967e-05
1751 9.595689171e-05
1752 9.591583478e-05
1753 9.587481881e-05
1754 9.583384375e-05
1755 9.579290952e-05
1756 9.575201607e-05
1757 9.571116333e-05
1758 9.567035123e-05
1759 9.562957972e-05
1760 9.558884873e-05
1761 9.554815819e-05
1762 9.550750805e-05
1763 9.546689824e-05
1764 9.542632869e-05
1765 9.538579936e-05
1766 9.534531016e-05
1767 9.530486104e-05
1768 9.526445194e-05
1769 9.52240828e-05
1770 9.518375354e-05
1771 9.514346412e-05
1772 9.510321447e-05
1773 9.506300453e-05
1774 9.502283424e-05
1775 9.498270352e-05
1776 9.494261234e-05
1777 9.490256061e-05
1778 9.486254829e-05
1779 9.482257531e-05
1780 9.478264161e-05
1781 9.474274712e-05
1782 9.47028918e-05
1783 9.466307557e-05
1784 9.462329838e-05
1785 9.458356018e-05
1786 9.454386088e-05
1787 9.450420045e-05
1788 9.446457882e-05
1789 9.442499592e-05
1790 9.438545171e-05
1791 9.434594611e-05
1792 9.430647907e-05
1793 9.426705054e-05
1794 9.422766045e-05
1795 9.418830874e-05
1796 9.414899536e-05
1797 9.410972025e-05
1798 9.407048334e-05
1799 9.403128458e-05
1800 9.399212392e-05
1801 9.395300128e-05
1802 9.391391663e-05
1803 9.387486989e-05
1804 9.383586101e-05
1805 9.379688993e-05
1806 9.375795659e-05
1807 9.371906095e-05
1808 9.368020293e-05
1809 9.364138248e-05
1810 9.360259955e-05
1811 9.356385408e-05
1812 9.352514601e-05
1813 9.348647529e-05
1814 9.344784185e-05
1815 9.340924565e-05
1816 9.337068662e-05
1817 9.333216471e-05
1818 9.329367987e-05
1819 9.325523203e-05
1820 9.321682114e-05
1821 9.317844715e-05
1822 9.314011e-05
1823 9.310180963e-05
1824 9.306354599e-05
1825 9.302531902e-05
1826 9.298712868e-05
1827 9.294897489e-05
1828 9.291085762e-05
1829 9.28727768e-05
1830 9.283473237e-05
1831 9.279672429e-05
1832 9.27587525e-05
1833 9.272081695e-05
1834 9.268291758e-05
1835 9.264505433e-05
1836 9.260722715e-05
1837 9.2569436e-05
1838 9.253168081e-05
1839 9.249396153e-05
1840 9.24562781e-05
1841 9.241863048e-05
1842 9.238101861e-05
1843 9.234344244e-05
1844 9.230590191e-05
1845 9.226839697e-05
1846 9.223092757e-05
1847 9.219349366e-05
1848 9.215609518e-05
1849 9.211873207e-05
1850 9.208140429e-05
1851 9.204411179e-05
1852 9.200685451e-05
1853 9.19696324e-05
1854 9.19324454e-05
1855 9.189529348e-05
1856 9.185817656e-05
1857 9.182109461e-05
1858 9.178404757e-05
1859 9.174703538e-05
1860 9.1710058e-05
1861 9.167311538e-05
1862 9.163620746e-05
1863 9.15993342e-05
1864 9.156249554e-05
1865 9.152569143e-05
1866 9.148892181e-05
1867 9.145218665e-05
1868 9.141548589e-05
1869 9.137881947e-05
1870 9.134218735e-05
1871 9.130558948e-05
1872 9.12690258e-05
1873 9.123249628e-05
1874 9.119600084e-05
1875 9.115953946e-05
1876 9.112311207e-05
1877 9.108671863e-05
1878 9.105035908e-05
1879 9.101403339e-05
1880 9.097774149e-05
1881 9.094148334e-05
1882 9.090525889e-05
1883 9.086906808e-05
1884 9.083291089e-05
1885 9.079678724e-05
1886 9.076069709e-05
1887 9.07246404e-05
1888 9.068861712e-05
1889 9.065262719e-05
1890 9.061667057e-05
1891 9.058074721e-05
1892 9.054485707e-05
1893 9.050900009e-05
1894 9.047317622e-05
1895 9.043738542e-05
1896 9.040162764e-05
1897 9.036590283e-05
1898 9.033021094e-05
1899 9.029455194e-05
1900 9.025892576e-05
1901 9.022333236e-05
1902 9.018777169e-05
1903 9.015224371e-05
1904 9.011674838e-05
1905 9.008128563e-05
1906 9.004585543e-05
1907 9.001045772e-05
1908 8.997509247e-05
1909 8.993975963e-05
1910 8.990445914e-05
1911 8.986919096e-05
1912 8.983395505e-05
1913 8.979875136e-05
1914 8.976357984e-05
1915 8.972844045e-05
1916 8.969333313e-05
1917 8.965825785e-05
1918 8.962321456e-05
1919 8.958820321e-05
1920 8.955322376e-05
1921 8.951827616e-05
1922 8.948336037e-05
1923 8.944847634e-05
1924 8.941362402e-05
1925 8.937880337e-05
1926 8.934401434e-05
1927 8.93092569e-05
1928 8.927453098e-05
1929 8.923983656e-05
1930 8.920517358e-05
1931 8.9170542e-05
1932 8.913594178e-05
1933 8.910137287e-05
1934 8.906683522e-05
1935 8.903232879e-05
1936 8.899785355e-05
1937 8.896340943e-05
1938 8.89289964e-05
1939 8.889461442e-05
1940 8.886026344e-05
1941 8.882594341e-05
1942 8.87916543e-05
1943 8.875739606e-05
1944 8.872316864e-05
1945 8.868897201e-05
1946 8.865480611e-05
1947 8.862067091e-05
1948 8.858656636e-05
1949 8.855249242e-05
1950 8.851844904e-05
1951 8.848443619e-05
1952 8.845045382e-05
1953 8.841650188e-05
1954 8.838258034e-05
1955 8.834868914e-05
1956 8.831482826e-05
1957 8.828099764e-05
1958 8.824719725e-05
1959 8.821342703e-05
1960 8.817968696e-05
1961 8.814597698e-05
1962 8.811229705e-05
1963 8.807864714e-05
1964 8.80450272e-05
1965 8.801143718e-05
1966 8.797787705e-05
1967 8.794434677e-05
1968 8.791084629e-05
1969 8.787737557e-05
1970 8.784393457e-05
1971 8.781052324e-05
1972 8.777714156e-05
1973 8.774378947e-05
1974 8.771046693e-05
1975 8.767717391e-05
1976 8.764391036e-05
1977 8.761067624e-05
1978 8.757747151e-05
1979 8.754429613e-05
1980 8.751115006e-05
1981 8.747803326e-05
1982 8.744494568e-05
1983 8.741188729e-05
1984 8.737885805e-05
1985 8.734585792e-05
1986 8.731288685e-05
1987 8.72799448e-05
1988 8.724703175e-05
1989 8.721414763e-05
1990 8.718129242e-05
1991 8.714846608e-05
1992 8.711566857e-05
1993 8.708289984e-05
1994 8.705015985e-05
1995 8.701744857e-05
1996 8.698476596e-05
1997 8.695211198e-05
1998 8.691948659e-05
1999 8.688688974e-05
2000 8.685432141e-05
2001 8.682178154e-05
2002 8.678927011e-05
2003 8.675678707e-05
2004 8.672433238e-05
2005 8.669190601e-05
2006 8.665950791e-05
2007 8.662713805e-05
2008 8.659479639e-05
2009 8.656248289e-05
2010 8.653019751e-05
2011 8.649794022e-05
2012 8.646571096e-05
2013 8.643350972e-05
2014 8.640133644e-05
2015 8.636919109e-05
2016 8.633707364e-05
2017 8.630498403e-05
2018 8.627292225e-05
2019 8.624088824e-05
2020 8.620888197e-05
2021 8.617690341e-05
2022 8.614495251e-05
2023 8.611302923e-05
2024 8.608113355e-05
2025 8.604926542e-05
2026 8.60174248e-05
2027 8.598561166e-05
2028 8.595382596e-05
2029 8.592206767e-05
2030 8.589033674e-05
2031 8.585863314e-05
2032 8.582695683e-05
2033 8.579530778e-05
2034 8.576368594e-05
2035 8.573209129e-05
2036 8.570052378e-05
2037 8.566898338e-05
2038 8.563747005e-05
2039 8.560598376e-05
2040 8.557452446e-05
2041 8.554309213e-05
2042 8.551168672e-05
2043 8.548030821e-05
2044 8.544895654e-05
2045 8.54176317e-05
2046 8.538633363e-05
2047 8.535506232e-05
2048 8.532381771e-05
2049 8.529259977e-05
2050 8.526140848e-05
2051 8.523024378e-05
2052 8.519910565e-05
2053 8.516799406e-05
2054 8.513690896e-05
2055 8.510585032e-05
2056 8.50748181e-05
2057 8.504381228e-05
2058 8.50128328e-05
2059 8.498187965e-05
2060 8.495095278e-05
2061 8.492005216e-05
2062 8.488917776e-05
2063 8.485832953e-05
2064 8.482750745e-05
2065 8.479671148e-05
2066 8.476594158e-05
2067 8.473519772e-05
2068 8.470447986e-05
2069 8.467378798e-05
2070 8.464312204e-05
2071 8.461248199e-05
2072 8.458186781e-05
2073 8.455127947e-05
2074 8.452071693e-05
2075 8.449018015e-05
2076 8.44596691e-05
2077 8.442918374e-05
2078 8.439872405e-05
2079 8.436828999e-05
2080 8.433788153e-05
2081 8.430749862e-05
2082 8.427714124e-05
2083 8.424680936e-05
2084 8.421650293e-05
2085 8.418622193e-05
2086 8.415596633e-05
2087 8.412573608e-05
2088 8.409553116e-05
2089 8.406535153e-05
2090 8.403519717e-05
2091 8.400506802e-05
2092 8.397496408e-05
2093 8.394488529e-05
2094 8.391483162e-05
2095 8.388480306e-05
2096 8.385479955e-05
2097 8.382482107e-05
2098 8.379486759e-05
2099 8.376493907e-05
2100 8.373503548e-05
2101 8.370515679e-05
2102 8.367530296e-05
2103 8.364547396e-05
2104 8.361566977e-05
2105 8.358589034e-05
2106 8.355613565e-05
2107 8.352640566e-05
2108 8.349670034e-05
2109 8.346701966e-05
2110 8.343736358e-05
2111 8.340773208e-05
2112 8.337812513e-05
2113 8.334854268e-05
2114 8.331898471e-05
2115 8.328945119e-05
2116 8.325994209e-05
2117 8.323045736e-05
2118 8.320099699e-05
2119 8.317156094e-05
2120 8.314214918e-05
2121 8.311276167e-05
2122 8.308339839e-05
2123 8.305405931e-05
2124 8.302474439e-05
2125 8.29954536e-05
2126 8.296618691e-05
2127 8.293694429e-05
2128 8.29077257e-05
2129 8.287853113e-05
2130 8.284936053e-05
2131 8.282021388e-05
2132 8.279109114e-05
2133 8.276199229e-05
2134 8.273291728e-05
2135 8.27038661e-05
2136 8.267483872e-05
2137 8.264583509e-05
2138 8.261685519e-05
2139 8.258789899e-05
2140 8.255896647e-05
2141 8.253005758e-05
2142 8.25011723e-05
2143 8.24723106e-05
2144 8.244347244e-05
2145 8.241465781e-05
2146 8.238586666e-05
2147 8.235709897e-05
2148 8.232835471e-05
2149 8.229963385e-05
2150 8.227093635e-05
2151 8.22422622e-05
2152 8.221361135e-05
2153 8.218498378e-05
2154 8.215637945e-05
2155 8.212779835e-05
2156 8.209924044e-05
2157 8.207070568e-05
2158 8.204219406e-05
2159 8.201370554e-05
2160 8.198524009e-05
2161 8.195679768e-05
2162 8.192837829e-05
2163 8.189998188e-05
2164 8.187160842e-05
2165 8.184325789e-05
2166 8.181493025e-05
2167 8.178662548e-05
2168 8.175834356e-05
2169 8.173008444e-05
2170 8.17018481e-05
2171 8.167363451e-05
2172 8.164544364e-05
2173 8.161727547e-05
2174 8.158912997e-05
2175 8.15610071e-05
2176 8.153290684e-05
2177 8.150482915e-05
2178 8.147677402e-05
2179 8.144874142e-05
2180 8.14207313e-05
2181 8.139274365e-05
2182 8.136477844e-05
2183 8.133683564e-05
2184 8.130891522e-05
2185 8.128101716e-05
2186 8.125314141e-05
2187 8.122528797e-05
2188 8.119745679e-05
2189 8.116964786e-05
2190 8.114186113e-05
2191 8.11140966e-05
2192 8.108635422e-05
2193 8.105863396e-05
2194 8.103093581e-05
2195 8.100325974e-05
2196 8.097560571e-05
2197 8.09479737e-05
2198 8.092036368e-05
2199 8.089277563e-05
2200 8.086520951e-05
2201 8.08376653e-05
2202 8.081014297e-05
2203 8.078264249e-05
2204 8.075516385e-05
2205 8.0727707e-05
2206 8.070027192e-05
2207 8.067285859e-05
2208 8.064546698e-05
2209 8.061809706e-05
2210 8.059074881e-05
2211 8.056342219e-05
2212 8.053611719e-05
2213 8.050883376e-05
2214 8.04815719e-05
2215 8.045433156e-05
2216 8.042711273e-05
2217 8.039991537e-05
2218 8.037273947e-05
2219 8.034558498e-05
2220 8.03184519e-05
2221 8.029134019e-05
2222 8.026424982e-05
2223 8.023718076e-05
2224 8.0210133e-05
2225 8.018310651e-05
2226 8.015610125e-05
2227 8.012911721e-05
2228 8.010215435e-05
2229 8.007521265e-05
2230 8.004829209e-05
2231 8.002139264e-05
2232 7.999451427e-05
2233 7.996765695e-05
2234 7.994082067e-05
2235 7.991400538e-05
2236 7.988721108e-05
2237 7.986043773e-05
2238 7.983368531e-05
2239 7.980695379e-05
2240 7.978024315e-05
2241 7.975355335e-05
2242 7.972688438e-05
2243 7.970023621e-05
2244 7.967360881e-05
2245 7.964700217e-05
2246 7.962041624e-05
2247 7.959385101e-05
2248 7.956730646e-05
2249 7.954078255e-05
2250 7.951427926e-05
2251 7.948779657e-05
2252 7.946133445e-05
2253 7.943489287e-05
2254 7.940847182e-05
2255 7.938207127e-05
2256 7.935569118e-05
2257 7.932933154e-05
2258 7.930299233e-05
2259 7.927667351e-05
2260 7.925037506e-05
2261 7.922409695e-05
2262 7.919783918e-05
2263 7.917160169e-05
2264 7.914538448e-05
2265 7.911918752e-05
2266 7.909301079e-05
2267 7.906685425e-05
2268 7.904071788e-05
2269 7.901460167e-05
2270 7.898850558e-05
2271 7.89624296e-05
2272 7.893637369e-05
2273 7.891033784e-05
2274 7.888432201e-05
2275 7.885832619e-05
2276 7.883235034e-05
2277 7.880639446e-05
2278 7.878045851e-05
2279 7.875454246e-05
2280 7.87286463e-05
2281 7.870277e-05
2282 7.867691353e-05
2283 7.865107688e-05
2284 7.862526001e-05
2285 7.859946291e-05
2286 7.857368556e-05
2287 7.854792791e-05
2288 7.852218997e-05
2289 7.849647169e-05
2290 7.847077305e-05
2291 7.844509405e-05
2292 7.841943463e-05
2293 7.83937948e-05
2294 7.836817452e-05
2295 7.834257376e-05
2296 7.831699251e-05
2297 7.829143075e-05
2298 7.826588844e-05
2299 7.824036557e-05
2300 7.821486211e-05
2301 7.818937803e-05
2302 7.816391333e-05
2303 7.813846797e-05
2304 7.811304192e-05
2305 7.808763518e-05
2306 7.80622477e-05
2307 7.803687948e-05
2308 7.801153049e-05
2309 7.79862007e-05
2310 7.796089009e-05
2311 7.793559864e-05
2312 7.791032633e-05
2313 7.788507313e-05
2314 7.785983902e-05
2315 7.783462398e-05
2316 7.780942799e-05
2317 7.778425102e-05
2318 7.775909305e-05
2319 7.773395405e-05
2320 7.770883402e-05
2321 7.768373291e-05
2322 7.765865072e-05
2323 7.763358741e-05
2324 7.760854298e-05
2325 7.758351738e-05
2326 7.75585106e-05
2327 7.753352263e-05
2328 7.750855343e-05
2329 7.748360299e-05
2330 7.745867128e-05
2331 7.743375827e-05
2332 7.740886396e-05
2333 7.738398832e-05
2334 7.735913131e-05
2335 7.733429294e-05
2336 7.730947316e-05
2337 7.728467196e-05
2338 7.725988931e-05
2339 7.723512521e-05
2340 7.721037961e-05
2341 7.718565251e-05
2342 7.716094387e-05
2343 7.713625369e-05
2344 7.711158193e-05
2345 7.708692858e-05
2346 7.706229361e-05
2347 7.7037677e-05
2348 7.701307873e-05
2349 7.698849878e-05
2350 7.696393713e-05
2351 7.693939375e-05
2352 7.691486863e-05
2353 7.689036174e-05
2354 7.686587306e-05
2355 7.684140258e-05
2356 7.681695026e-05
2357 7.679251609e-05
2358 7.676810005e-05
2359 7.674370212e-05
2360 7.671932227e-05
2361 7.669496048e-05
2362 7.667061674e-05
2363 7.664629102e-05
2364 7.66219833e-05
2365 7.659769356e-05
2366 7.657342178e-05
2367 7.654916794e-05
2368 7.652493201e-05
2369 7.650071399e-05
2370 7.647651383e-05
2371 7.645233154e-05
2372 7.642816707e-05
2373 7.640402043e-05
2374 7.637989157e-05
2375 7.635578049e-05
2376 7.633168716e-05
2377 7.630761156e-05
2378 7.628355367e-05
2379 7.625951347e-05
2380 7.623549094e-05
2381 7.621148606e-05
2382 7.618749882e-05
2383 7.616352918e-05
2384 7.613957713e-05
2385 7.611564264e-05
2386 7.609172571e-05
2387 7.60678263e-05
2388 7.60439444e-05
2389 7.602007999e-05
2390 7.599623305e-05
2391 7.597240355e-05
2392 7.594859149e-05
2393 7.592479683e-05
2394 7.590101955e-05
2395 7.587725965e-05
2396 7.585351709e-05
2397 7.582979186e-05
2398 7.580608393e-05
2399 7.57823933e-05
2400 7.575871993e-05
2401 7.573506381e-05
2402 7.571142492e-05
2403 7.568780324e-05
2404 7.566419875e-05
2405 7.564061143e-05
2406 7.561704125e-05
2407 7.559348821e-05
2408 7.556995228e-05
2409 7.554643344e-05
2410 7.552293167e-05
2411 7.549944696e-05
2412 7.547597927e-05
2413 7.54525286e-05
2414 7.542909493e-05
2415 7.540567823e-05
2416 7.538227848e-05
2417 7.535889567e-05
2418 7.533552978e-05
2419 7.531218079e-05
2420 7.528884867e-05
2421 7.526553341e-05
2422 7.5242235e-05
2423 7.52189534e-05
2424 7.519568861e-05
2425 7.51724406e-05
2426 7.514920935e-05
2427 7.512599485e-05
2428 7.510279708e-05
2429 7.507961601e-05
2430 7.505645163e-05
2431 7.503330392e-05
2432 7.501017286e-05
2433 7.498705843e-05
2434 7.496396061e-05
2435 7.494087939e-05
2436 7.491781475e-05
2437 7.489476666e-05
2438 7.48717351e-05
2439 7.484872007e-05
2440 7.482572154e-05
2441 7.480273949e-05
2442 7.477977391e-05
2443 7.475682477e-05
2444 7.473389205e-05
2445 7.471097575e-05
2446 7.468807583e-05
2447 7.466519228e-05
2448 7.464232509e-05
2449 7.461947424e-05
2450 7.459663969e-05
2451 7.457382145e-05
2452 7.455101949e-05
2453 7.452823379e-05
2454 7.450546433e-05
2455 7.448271109e-05
2456 7.445997407e-05
2457 7.443725323e-05
2458 7.441454856e-05
2459 7.439186004e-05
2460 7.436918766e-05
2461 7.43465314e-05
2462 7.432389123e-05
2463 7.430126715e-05
2464 7.427865912e-05
2465 7.425606715e-05
2466 7.423349119e-05
2467 7.421093125e-05
2468 7.41883873e-05
2469 7.416585932e-05
2470 7.41433473e-05
2471 7.412085121e-05
2472 7.409837105e-05
2473 7.407590678e-05
2474 7.405345841e-05
2475 7.403102589e-05
2476 7.400860923e-05
2477 7.39862084e-05
2478 7.396382339e-05
2479 7.394145417e-05
2480 7.391910073e-05
2481 7.389676305e-05
2482 7.387444111e-05
2483 7.385213491e-05
2484 7.382984441e-05
2485 7.38075696e-05
2486 7.378531047e-05
2487 7.3763067e-05
2488 7.374083916e-05
2489 7.371862695e-05
2490 7.369643034e-05
2491 7.367424933e-05
2492 7.365208388e-05
2493 7.362993399e-05
2494 7.360779963e-05
2495 7.35856808e-05
2496 7.356357746e-05
2497 7.354148962e-05
2498 7.351941724e-05
2499 7.349736031e-05
2500 7.347531881e-05
2501 7.345329274e-05
2502 7.343128206e-05
2503 7.340928677e-05
2504 7.338730684e-05
2505 7.336534227e-05
2506 7.334339303e-05
2507 7.33214591e-05
2508 7.329954047e-05
2509 7.327763713e-05
2510 7.325574905e-05
2511 7.323387622e-05
2512 7.321201863e-05
2513 7.319017625e-05
2514 7.316834906e-05
2515 7.314653707e-05
2516 7.312474023e-05
2517 7.310295855e-05
2518 7.3081192e-05
2519 7.305944057e-05
2520 7.303770423e-05
2521 7.301598298e-05
2522 7.29942768e-05
2523 7.297258567e-05
2524 7.295090957e-05
2525 7.292924849e-05
2526 7.290760241e-05
2527 7.288597131e-05
2528 7.286435519e-05
2529 7.284275401e-05
2530 7.282116778e-05
2531 7.279959646e-05
2532 7.277804005e-05
2533 7.275649853e-05
2534 7.273497187e-05
2535 7.271346007e-05
2536 7.269196312e-05
2537 7.267048098e-05
2538 7.264901365e-05
2539 7.262756112e-05
2540 7.260612336e-05
2541 7.258470036e-05
2542 7.25632921e-05
2543 7.254189857e-05
2544 7.252051975e-05
2545 7.249915562e-05
2546 7.247780618e-05
2547 7.24564714e-05
2548 7.243515126e-05
2549 7.241384576e-05
2550 7.239255488e-05
2551 7.237127859e-05
2552 7.23500169e-05
2553 7.232876977e-05
2554 7.230753719e-05
2555 7.228631915e-05
2556 7.226511564e-05
2557 7.224392663e-05
2558 7.222275211e-05
2559 7.220159207e-05
2560 7.218044648e-05
2561 7.215931534e-05
2562 7.213819863e-05
2563 7.211709634e-05
2564 7.209600844e-05
2565 7.207493493e-05
2566 7.205387578e-05
2567 7.203283098e-05
2568 7.201180052e-05
2569 7.199078438e-05
2570 7.196978255e-05
2571 7.1948795e-05
2572 7.192782174e-05
2573 7.190686273e-05
2574 7.188591797e-05
2575 7.186498743e-05
2576 7.184407111e-05
2577 7.182316899e-05
2578 7.180228106e-05
2579 7.178140729e-05
2580 7.176054767e-05
2581 7.17397022e-05
2582 7.171887085e-05
2583 7.16980536e-05
2584 7.167725045e-05
2585 7.165646138e-05
2586 7.163568638e-05
2587 7.161492542e-05
2588 7.159417849e-05
2589 7.157344559e-05
2590 7.155272669e-05
2591 7.153202177e-05
2592 7.151133084e-05
2593 7.149065386e-05
2594 7.146999082e-05
2595 7.144934172e-05
2596 7.142870653e-05
2597 7.140808524e-05
2598 7.138747784e-05
2599 7.136688431e-05
2600 7.134630463e-05
2601 7.13257388e-05
2602 7.130518679e-05
2603 7.12846486e-05
2604 7.12641242e-05
2605 7.124361359e-05
2606 7.122311674e-05
2607 7.120263365e-05
2608 7.11821643e-05
2609 7.116170868e-05
2610 7.114126676e-05
2611 7.112083855e-05
2612 7.110042401e-05
2613 7.108002314e-05
2614 7.105963593e-05
2615 7.103926235e-05
2616 7.10189024e-05
2617 7.099855606e-05
2618 7.097822332e-05
2619 7.095790415e-05
2620 7.093759856e-05
2621 7.091730652e-05
2622 7.089702801e-05
2623 7.087676303e-05
2624 7.085651156e-05
2625 7.083627359e-05
2626 7.08160491e-05
2627 7.079583808e-05
2628 7.077564052e-05
2629 7.075545639e-05
2630 7.073528569e-05
2631 7.07151284e-05
2632 7.069498451e-05
2633 7.0674854e-05
2634 7.065473686e-05
2635 7.063463308e-05
2636 7.061454265e-05
2637 7.059446554e-05
2638 7.057440174e-05
2639 7.055435124e-05
2640 7.053431403e-05
2641 7.05142901e-05
2642 7.049427942e-05
2643 7.047428199e-05
2644 7.045429779e-05
2645 7.043432681e-05
2646 7.041436903e-05
2647 7.039442444e-05
2648 7.037449303e-05
2649 7.035457478e-05
2650 7.033466968e-05
2651 7.031477772e-05
2652 7.029489887e-05
2653 7.027503314e-05
2654 7.02551805e-05
2655 7.023534094e-05
2656 7.021551445e-05
2657 7.019570102e-05
2658 7.017590062e-05
2659 7.015611325e-05
2660 7.01363389e-05
2661 7.011657754e-05
2662 7.009682918e-05
2663 7.007709378e-05
2664 7.005737135e-05
2665 7.003766186e-05
2666 7.001796531e-05
2667 6.999828168e-05
2668 6.997861095e-05
2669 6.995895311e-05
2670 6.993930816e-05
2671 6.991967607e-05
2672 6.990005684e-05
2673 6.988045045e-05
2674 6.986085688e-05
2675 6.984127613e-05
2676 6.982170818e-05
2677 6.980215302e-05
2678 6.978261063e-05
2679 6.9763081e-05
2680 6.974356413e-05
2681 6.972405998e-05
2682 6.970456856e-05
2683 6.968508985e-05
2684 6.966562384e-05
2685 6.96461705e-05
2686 6.962672984e-05
2687 6.960730184e-05
2688 6.958788648e-05
2689 6.956848375e-05
2690 6.954909364e-05
2691 6.952971613e-05
2692 6.951035122e-05
2693 6.949099889e-05
2694 6.947165912e-05
2695 6.945233191e-05
2696 6.943301724e-05
2697 6.94137151e-05
2698 6.939442548e-05
2699 6.937514836e-05
2700 6.935588372e-05
2701 6.933663157e-05
2702 6.931739188e-05
2703 6.929816465e-05
2704 6.927894985e-05
2705 6.925974748e-05
2706 6.924055752e-05
2707 6.922137997e-05
2708 6.920221481e-05
2709 6.918306202e-05
2710 6.916392159e-05
2711 6.914479352e-05
2712 6.912567779e-05
2713 6.910657438e-05
2714 6.908748329e-05
2715 6.90684045e-05
2716 6.904933799e-05
2717 6.903028377e-05
2718 6.901124181e-05
2719 6.89922121e-05
2720 6.897319463e-05
2721 6.895418938e-05
2722 6.893519635e-05
2723 6.891621553e-05
2724 6.889724689e-05
2725 6.887829043e-05
2726 6.885934614e-05
2727 6.8840414e-05
2728 6.8821494e-05
2729 6.880258613e-05
2730 6.878369038e-05
2731 6.876480673e-05
2732 6.874593518e-05
2733 6.87270757e-05
2734 6.870822829e-05
2735 6.868939294e-05
2736 6.867056963e-05
2737 6.865175835e-05
2738 6.863295909e-05
2739 6.861417184e-05
2740 6.859539658e-05
2741 6.857663331e-05
2742 6.855788201e-05
2743 6.853914267e-05
2744 6.852041527e-05
2745 6.850169982e-05
2746 6.848299628e-05
2747 6.846430466e-05
2748 6.844562493e-05
2749 6.842695709e-05
2750 6.840830113e-05
2751 6.838965703e-05
2752 6.837102479e-05
2753 6.835240438e-05
2754 6.833379581e-05
2755 6.831519905e-05
2756 6.829661409e-05
2757 6.827804093e-05
2758 6.825947955e-05
2759 6.824092993e-05
2760 6.822239208e-05
2761 6.820386597e-05
2762 6.81853516e-05
2763 6.816684895e-05
2764 6.814835801e-05
2765 6.812987877e-05
2766 6.811141122e-05
2767 6.809295534e-05
2768 6.807451113e-05
2769 6.805607857e-05
2770 6.803765765e-05
2771 6.801924836e-05
2772 6.800085069e-05
2773 6.798246463e-05
2774 6.796409017e-05
2775 6.794572728e-05
2776 6.792737597e-05
2777 6.790903622e-05
2778 6.789070802e-05
2779 6.787239136e-05
2780 6.785408622e-05
2781 6.78357926e-05
2782 6.781751049e-05
2783 6.779923986e-05
2784 6.778098072e-05
2785 6.776273305e-05
2786 6.774449683e-05
2787 6.772627207e-05
2788 6.770805874e-05
2789 6.768985683e-05
2790 6.767166634e-05
2791 6.765348724e-05
2792 6.763531954e-05
2793 6.761716322e-05
2794 6.759901827e-05
2795 6.758088468e-05
2796 6.756276243e-05
2797 6.754465152e-05
2798 6.752655193e-05
2799 6.750846365e-05
2800 6.749038667e-05
2801 6.747232099e-05
2802 6.745426658e-05
2803 6.743622345e-05
2804 6.741819157e-05
2805 6.740017093e-05
2806 6.738216154e-05
2807 6.736416336e-05
2808 6.73461764e-05
2809 6.732820065e-05
2810 6.731023608e-05
2811 6.729228269e-05
2812 6.727434048e-05
2813 6.725640942e-05
2814 6.723848951e-05
2815 6.722058073e-05
2816 6.720268309e-05
2817 6.718479655e-05
2818 6.716692113e-05
2819 6.714905679e-05
2820 6.713120354e-05
2821 6.711336136e-05
2822 6.709553024e-05
2823 6.707771017e-05
2824 6.705990114e-05
2825 6.704210314e-05
2826 6.702431616e-05
2827 6.700654018e-05
2828 6.69887752e-05
2829 6.697102121e-05
2830 6.695327819e-05
2831 6.693554614e-05
2832 6.691782504e-05
2833 6.690011488e-05
2834 6.688241566e-05
2835 6.686472736e-05
2836 6.684704997e-05
2837 6.682938348e-05
2838 6.681172788e-05
2839 6.679408316e-05
2840 6.677644931e-05
2841 6.675882632e-05
2842 6.674121418e-05
2843 6.672361287e-05
2844 6.670602239e-05
2845 6.668844273e-05
2846 6.667087388e-05
2847 6.665331582e-05
2848 6.663576855e-05
2849 6.661823205e-05
2850 6.660070632e-05
2851 6.658319134e-05
2852 6.65656871e-05
2853 6.65481936e-05
2854 6.653071082e-05
2855 6.651323876e-05
2856 6.64957774e-05
2857 6.647832673e-05
2858 6.646088674e-05
2859 6.644345742e-05
2860 6.642603877e-05
2861 6.640863077e-05
2862 6.63912334e-05
2863 6.637384667e-05
2864 6.635647056e-05
2865 6.633910506e-05
2866 6.632175016e-05
2867 6.630440585e-05
2868 6.628707212e-05
2869 6.626974896e-05
2870 6.625243636e-05
2871 6.623513431e-05
2872 6.62178428e-05
2873 6.620056182e-05
2874 6.618329135e-05
2875 6.61660314e-05
2876 6.614878195e-05
2877 6.613154298e-05
2878 6.611431449e-05
2879 6.609709648e-05
2880 6.607988892e-05
2881 6.606269181e-05
2882 6.604550514e-05
2883 6.60283289e-05
2884 6.601116308e-05
2885 6.599400767e-05
2886 6.597686266e-05
2887 6.595972804e-05
2888 6.594260379e-05
2889 6.592548992e-05
2890 6.590838641e-05
2891 6.589129325e-05
2892 6.587421042e-05
2893 6.585713793e-05
2894 6.584007576e-05
2895 6.58230239e-05
2896 6.580598234e-05
2897 6.578895107e-05
2898 6.577193008e-05
2899 6.575491937e-05
2900 6.573791892e-05
2901 6.572092871e-05
2902 6.570394876e-05
2903 6.568697903e-05
2904 6.567001953e-05
2905 6.565307024e-05
2906 6.563613115e-05
2907 6.561920226e-05
2908 6.560228356e-05
2909 6.558537503e-05
2910 6.556847666e-05
2911 6.555158845e-05
2912 6.553471038e-05
2913 6.551784246e-05
2914 6.550098466e-05
2915 6.548413697e-05
2916 6.54672994e-05
2917 6.545047192e-05
2918 6.543365453e-05
2919 6.541684722e-05
2920 6.540004998e-05
2921 6.53832628e-05
2922 6.536648568e-05
2923 6.534971859e-05
2924 6.533296154e-05
2925 6.53162145e-05
2926 6.529947749e-05
2927 6.528275047e-05
2928 6.526603345e-05
2929 6.524932642e-05
2930 6.523262936e-05
2931 6.521594226e-05
2932 6.519926513e-05
2933 6.518259794e-05
2934 6.516594069e-05
2935 6.514929336e-05
2936 6.513265596e-05
2937 6.511602847e-05
2938 6.509941088e-05
2939 6.508280318e-05
2940 6.506620537e-05
2941 6.504961742e-05
2942 6.503303934e-05
2943 6.501647112e-05
2944 6.499991274e-05
2945 6.49833642e-05
2946 6.496682549e-05
2947 6.495029659e-05
2948 6.49337775e-05
2949 6.491726822e-05
2950 6.490076872e-05
2951 6.488427901e-05
2952 6.486779906e-05
2953 6.485132888e-05
2954 6.483486846e-05
2955 6.481841778e-05
2956 6.480197684e-05
2957 6.478554562e-05
2958 6.476912412e-05
2959 6.475271233e-05
2960 6.473631025e-05
2961 6.471991785e-05
2962 6.470353513e-05
2963 6.468716209e-05
2964 6.467079871e-05
2965 6.465444499e-05
2966 6.463810091e-05
2967 6.462176647e-05
2968 6.460544166e-05
2969 6.458912647e-05
2970 6.457282089e-05
2971 6.455652491e-05
2972 6.454023852e-05
2973 6.452396171e-05
2974 6.450769449e-05
2975 6.449143682e-05
2976 6.447518872e-05
2977 6.445895016e-05
2978 6.444272115e-05
2979 6.442650166e-05
2980 6.44102917e-05
2981 6.439409124e-05
2982 6.43779003e-05
2983 6.436171885e-05
2984 6.434554688e-05
2985 6.43293844e-05
2986 6.431323138e-05
2987 6.429708783e-05
2988 6.428095373e-05
2989 6.426482907e-05
2990 6.424871384e-05
2991 6.423260804e-05
2992 6.421651166e-05
2993 6.420042469e-05
2994 6.418434712e-05
2995 6.416827894e-05
2996 6.415222014e-05
2997 6.413617072e-05
2998 6.412013066e-05
2999 6.410409996e-05
3000 6.408807861e-05
3001 6.407206659e-05
3002 6.405606391e-05
3003 6.404007056e-05
3004 6.402408651e-05
3005 6.400811177e-05
3006 6.399214633e-05
3007 6.397619018e-05
3008 6.396024331e-05
3009 6.394430571e-05
3010 6.392837737e-05
3011 6.391245829e-05
3012 6.389654846e-05
3013 6.388064786e-05
3014 6.386475649e-05
3015 6.384887435e-05
3016 6.383300141e-05
3017 6.381713769e-05
3018 6.380128315e-05
3019 6.378543781e-05
3020 6.376960164e-05
3021 6.375377465e-05
3022 6.373795681e-05
3023 6.372214813e-05
3024 6.37063486e-05
3025 6.369055821e-05
3026 6.367477694e-05
3027 6.36590048e-05
3028 6.364324176e-05
3029 6.362748784e-05
3030 6.3611743e-05
3031 6.359600726e-05
3032 6.35802806e-05
3033 6.3564563e-05
3034 6.354885448e-05
3035 6.3533155e-05
3036 6.351746457e-05
3037 6.350178319e-05
3038 6.348611083e-05
3039 6.347044749e-05
3040 6.345479317e-05
3041 6.343914785e-05
3042 6.342351154e-05
3043 6.340788421e-05
3044 6.339226586e-05
3045 6.337665649e-05
3046 6.336105608e-05
3047 6.334546463e-05
3048 6.332988213e-05
3049 6.331430857e-05
3050 6.329874394e-05
3051 6.328318824e-05
3052 6.326764145e-05
3053 6.325210358e-05
3054 6.32365746e-05
3055 6.322105452e-05
3056 6.320554332e-05
3057 6.3190041e-05
3058 6.317454755e-05
3059 6.315906296e-05
3060 6.314358722e-05
3061 6.312812033e-05
3062 6.311266228e-05
3063 6.309721305e-05
3064 6.308177265e-05
3065 6.306634105e-05
3066 6.305091827e-05
3067 6.303550428e-05
3068 6.302009908e-05
3069 6.300470267e-05
3070 6.298931502e-05
3071 6.297393615e-05
3072 6.295856603e-05
3073 6.294320466e-05
3074 6.292785204e-05
3075 6.291250814e-05
3076 6.289717298e-05
3077 6.288184654e-05
3078 6.28665288e-05
3079 6.285121977e-05
3080 6.283591944e-05
3081 6.28206278e-05
3082 6.280534483e-05
3083 6.279007054e-05
3084 6.277480491e-05
3085 6.275954794e-05
3086 6.274429962e-05
3087 6.272905994e-05
3088 6.271382889e-05
3089 6.269860647e-05
3090 6.268339267e-05
3091 6.266818749e-05
3092 6.26529909e-05
3093 6.263780291e-05
3094 6.262262351e-05
3095 6.260745269e-05
3096 6.259229044e-05
3097 6.257713675e-05
3098 6.256199163e-05
3099 6.254685505e-05
3100 6.253172702e-05
3101 6.251660752e-05
3102 6.250149655e-05
3103 6.248639409e-05
3104 6.247130015e-05
3105 6.245621472e-05
3106 6.244113778e-05
3107 6.242606933e-05
3108 6.241100937e-05
3109 6.239595788e-05
3110 6.238091485e-05
3111 6.236588029e-05
3112 6.235085417e-05
3113 6.233583651e-05
3114 6.232082728e-05
3115 6.230582647e-05
3116 6.22908341e-05
3117 6.227585013e-05
3118 6.226087458e-05
3119 6.224590742e-05
3120 6.223094866e-05
3121 6.221599828e-05
3122 6.220105628e-05
3123 6.218612265e-05
3124 6.217119738e-05
3125 6.215628047e-05
3126 6.214137191e-05
3127 6.212647169e-05
3128 6.21115798e-05
3129 6.209669624e-05
3130 6.2081821e-05
3131 6.206695407e-05
3132 6.205209544e-05
3133 6.203724512e-05
3134 6.202240308e-05
3135 6.200756932e-05
3136 6.199274384e-05
3137 6.197792663e-05
3138 6.196311768e-05
3139 6.194831698e-05
3140 6.193352453e-05
3141 6.191874032e-05
3142 6.190396434e-05
3143 6.188919659e-05
3144 6.187443705e-05
3145 6.185968572e-05
3146 6.18449426e-05
3147 6.183020768e-05
3148 6.181548094e-05
3149 6.180076238e-05
3150 6.1786052e-05
3151 6.177134979e-05
3152 6.175665573e-05
3153 6.174196983e-05
3154 6.172729208e-05
3155 6.171262247e-05
3156 6.169796098e-05
3157 6.168330763e-05
3158 6.166866239e-05
3159 6.165402526e-05
3160 6.163939623e-05
3161 6.162477531e-05
3162 6.161016247e-05
3163 6.159555771e-05
3164 6.158096103e-05
3165 6.156637242e-05
3166 6.155179187e-05
3167 6.153721937e-05
3168 6.152265493e-05
3169 6.150809852e-05
3170 6.149355015e-05
3171 6.14790098e-05
3172 6.146447747e-05
3173 6.144995316e-05
3174 6.143543685e-05
3175 6.142092854e-05
3176 6.140642822e-05
3177 6.139193589e-05
3178 6.137745153e-05
3179 6.136297515e-05
3180 6.134850673e-05
3181 6.133404627e-05
3182 6.131959376e-05
3183 6.130514919e-05
3184 6.129071256e-05
3185 6.127628386e-05
3186 6.126186309e-05
3187 6.124745023e-05
3188 6.123304528e-05
3189 6.121864823e-05
3190 6.120425907e-05
3191 6.118987781e-05
3192 6.117550443e-05
3193 6.116113893e-05
3194 6.114678129e-05
3195 6.113243151e-05
3196 6.111808959e-05
3197 6.110375552e-05
3198 6.108942929e-05
3199 6.10751109e-05
3200 6.106080033e-05
3201 6.104649759e-05
3202 6.103220266e-05
3203 6.101791554e-05
3204 6.100363622e-05
3205 6.098936469e-05
3206 6.097510095e-05
3207 6.0960845e-05
3208 6.094659682e-05
3209 6.09323564e-05
3210 6.091812375e-05
3211 6.090389885e-05
3212 6.08896817e-05
3213 6.087547229e-05
3214 6.086127062e-05
3215 6.084707668e-05
3216 6.083289045e-05
3217 6.081871194e-05
3218 6.080454114e-05
3219 6.079037805e-05
3220 6.077622264e-05
3221 6.076207493e-05
3222 6.07479349e-05
3223 6.073380254e-05
3224 6.071967785e-05
3225 6.070556083e-05
3226 6.069145146e-05
3227 6.067734974e-05
3228 6.066325566e-05
3229 6.064916922e-05
3230 6.063509041e-05
3231 6.062101922e-05
3232 6.060695565e-05
3233 6.059289969e-05
3234 6.057885134e-05
3235 6.056481058e-05
3236 6.055077741e-05
3237 6.053675183e-05
3238 6.052273382e-05
3239 6.050872339e-05
3240 6.049472052e-05
3241 6.048072522e-05
3242 6.046673746e-05
3243 6.045275725e-05
3244 6.043878458e-05
3245 6.042481944e-05
3246 6.041086183e-05
3247 6.039691174e-05
3248 6.038296917e-05
3249 6.03690341e-05
3250 6.035510654e-05
3251 6.034118646e-05
3252 6.032727388e-05
3253 6.031336878e-05
3254 6.029947116e-05
3255 6.028558101e-05
3256 6.027169832e-05
3257 6.025782308e-05
3258 6.02439553e-05
3259 6.023009496e-05
3260 6.021624207e-05
3261 6.02023966e-05
3262 6.018855856e-05
3263 6.017472794e-05
3264 6.016090473e-05
3265 6.014708893e-05
3266 6.013328053e-05
3267 6.011947952e-05
3268 6.010568591e-05
3269 6.009189967e-05
3270 6.007812081e-05
3271 6.006434932e-05
3272 6.00505852e-05
3273 6.003682843e-05
3274 6.002307901e-05
3275 6.000933694e-05
3276 5.999560221e-05
3277 5.998187481e-05
3278 5.996815473e-05
3279 5.995444198e-05
3280 5.994073654e-05
3281 5.992703841e-05
3282 5.991334758e-05
3283 5.989966405e-05
3284 5.988598781e-05
3285 5.987231885e-05
3286 5.985865717e-05
3287 5.984500276e-05
3288 5.983135561e-05
3289 5.981771573e-05
3290 5.98040831e-05
3291 5.979045771e-05
3292 5.977683957e-05
3293 5.976322866e-05
3294 5.974962498e-05
3295 5.973602853e-05
3296 5.972243929e-05
3297 5.970885726e-05
3298 5.969528244e-05
3299 5.968171481e-05
3300 5.966815438e-05
3301 5.965460114e-05
3302 5.964105508e-05
3303 5.962751619e-05
3304 5.961398447e-05
3305 5.960045992e-05
3306 5.958694252e-05
3307 5.957343227e-05
3308 5.955992917e-05
3309 5.954643321e-05
3310 5.953294438e-05
3311 5.951946268e-05
3312 5.95059881e-05
3313 5.949252064e-05
3314 5.947906028e-05
3315 5.946560703e-05
3316 5.945216088e-05
3317 5.943872182e-05
3318 5.942528985e-05
3319 5.941186495e-05
3320 5.939844713e-05
3321 5.938503638e-05
3322 5.93716327e-05
3323 5.935823607e-05
3324 5.934484649e-05
3325 5.933146395e-05
3326 5.931808846e-05
3327 5.930472e-05
3328 5.929135856e-05
3329 5.927800415e-05
3330 5.926465676e-05
3331 5.925131637e-05
3332 5.9237983e-05
3333 5.922465661e-05
3334 5.921133723e-05
3335 5.919802483e-05
3336 5.918471941e-05
3337 5.917142097e-05
3338 5.915812949e-05
3339 5.914484498e-05
3340 5.913156743e-05
3341 5.911829684e-05
3342 5.910503319e-05
3343 5.909177648e-05
3344 5.907852671e-05
3345 5.906528387e-05
3346 5.905204795e-05
3347 5.903881895e-05
3348 5.902559686e-05
3349 5.901238168e-05
3350 5.899917341e-05
3351 5.898597202e-05
3352 5.897277753e-05
3353 5.895958993e-05
3354 5.89464092e-05
3355 5.893323535e-05
3356 5.892006836e-05
3357 5.890690824e-05
3358 5.889375497e-05
3359 5.888060855e-05
3360 5.886746898e-05
3361 5.885433625e-05
3362 5.884121035e-05
3363 5.882809128e-05
3364 5.881497904e-05
3365 5.880187361e-05
3366 5.878877499e-05
3367 5.877568318e-05
3368 5.876259817e-05
3369 5.874951996e-05
3370 5.873644853e-05
3371 5.872338389e-05
3372 5.871032603e-05
3373 5.869727494e-05
3374 5.868423062e-05
3375 5.867119306e-05
3376 5.865816225e-05
3377 5.86451382e-05
3378 5.863212089e-05
3379 5.861911032e-05
3380 5.860610649e-05
3381 5.859310939e-05
3382 5.858011901e-05
3383 5.856713535e-05
3384 5.85541584e-05
3385 5.854118815e-05
3386 5.852822461e-05
3387 5.851526777e-05
3388 5.850231762e-05
3389 5.848937415e-05
3390 5.847643736e-05
3391 5.846350725e-05
3392 5.84505838e-05
3393 5.843766702e-05
3394 5.84247569e-05
3395 5.841185343e-05
3396 5.839895661e-05
3397 5.838606643e-05
3398 5.837318289e-05
3399 5.836030598e-05
3400 5.834743569e-05
3401 5.833457203e-05
3402 5.832171498e-05
3403 5.830886454e-05
3404 5.829602071e-05
3405 5.828318347e-05
3406 5.827035283e-05
3407 5.825752878e-05
3408 5.824471131e-05
3409 5.823190042e-05
3410 5.821909611e-05
3411 5.820629836e-05
3412 5.819350717e-05
3413 5.818072254e-05
3414 5.816794446e-05
3415 5.815517293e-05
3416 5.814240794e-05
3417 5.812964948e-05
3418 5.811689756e-05
3419 5.810415216e-05
3420 5.809141328e-05
3421 5.807868091e-05
3422 5.806595506e-05
3423 5.805323571e-05
3424 5.804052286e-05
3425 5.80278165e-05
3426 5.801511663e-05
3427 5.800242324e-05
3428 5.798973634e-05
3429 5.79770559e-05
3430 5.796438194e-05
3431 5.795171443e-05
3432 5.793905339e-05
3433 5.79263988e-05
3434 5.791375065e-05
3435 5.790110895e-05
3436 5.788847368e-05
3437 5.787584485e-05
3438 5.786322244e-05
3439 5.785060645e-05
3440 5.783799688e-05
3441 5.782539372e-05
3442 5.781279697e-05
3443 5.780020662e-05
3444 5.778762266e-05
3445 5.77750451e-05
3446 5.776247392e-05
3447 5.774990912e-05
3448 5.77373507e-05
3449 5.772479864e-05
3450 5.771225295e-05
3451 5.769971363e-05
3452 5.768718066e-05
3453 5.767465403e-05
3454 5.766213376e-05
3455 5.764961982e-05
3456 5.763711222e-05
3457 5.762461095e-05
3458 5.7612116e-05
3459 5.759962737e-05
3460 5.758714506e-05
3461 5.757466906e-05
3462 5.756219936e-05
3463 5.754973597e-05
3464 5.753727886e-05
3465 5.752482805e-05
3466 5.751238352e-05
3467 5.749994528e-05
3468 5.74875133e-05
3469 5.74750876e-05
3470 5.746266816e-05
3471 5.745025499e-05
3472 5.743784806e-05
3473 5.742544739e-05
3474 5.741305296e-05
3475 5.740066478e-05
3476 5.738828283e-05
3477 5.73759071e-05
3478 5.736353761e-05
3479 5.735117433e-05
3480 5.733881727e-05
3481 5.732646642e-05
3482 5.731412178e-05
3483 5.730178334e-05
3484 5.728945109e-05
3485 5.727712504e-05
3486 5.726480517e-05
3487 5.725249148e-05
3488 5.724018397e-05
3489 5.722788263e-05
3490 5.721558745e-05
3491 5.720329844e-05
3492 5.719101559e-05
3493 5.717873889e-05
3494 5.716646833e-05
3495 5.715420392e-05
3496 5.714194565e-05
3497 5.71296935e-05
3498 5.711744749e-05
3499 5.71052076e-05
3500 5.709297383e-05
3501 5.708074617e-05
3502 5.706852462e-05
3503 5.705630918e-05
3504 5.704409983e-05
3505 5.703189658e-05
3506 5.701969942e-05
3507 5.700750834e-05
3508 5.699532334e-05
3509 5.698314442e-05
3510 5.697097157e-05
3511 5.695880478e-05
3512 5.694664406e-05
3513 5.693448939e-05
3514 5.692234078e-05
3515 5.691019821e-05
3516 5.689806168e-05
3517 5.688593119e-05
3518 5.687380673e-05
3519 5.68616883e-05
3520 5.68495759e-05
3521 5.683746951e-05
3522 5.682536914e-05
3523 5.681327477e-05
3524 5.680118641e-05
3525 5.678910406e-05
3526 5.677702769e-05
3527 5.676495732e-05
3528 5.675289293e-05
3529 5.674083452e-05
3530 5.672878209e-05
3531 5.671673563e-05
3532 5.670469514e-05
3533 5.669266061e-05
3534 5.668063204e-05
3535 5.666860942e-05
3536 5.665659275e-05
3537 5.664458203e-05
3538 5.663257724e-05
3539 5.662057839e-05
3540 5.660858547e-05
3541 5.659659847e-05
3542 5.65846174e-05
3543 5.657264224e-05
3544 5.6560673e-05
3545 5.654870966e-05
3546 5.653675222e-05
3547 5.652480068e-05
3548 5.651285504e-05
3549 5.650091528e-05
3550 5.648898141e-05
3551 5.647705342e-05
3552 5.64651313e-05
3553 5.645321505e-05
3554 5.644130467e-05
3555 5.642940016e-05
3556 5.64175015e-05
3557 5.640560869e-05
3558 5.639372173e-05
3559 5.638184061e-05
3560 5.636996533e-05
3561 5.635809589e-05
3562 5.634623227e-05
3563 5.633437449e-05
3564 5.632252252e-05
3565 5.631067637e-05
3566 5.629883603e-05
3567 5.62870015e-05
3568 5.627517277e-05
3569 5.626334984e-05
3570 5.625153271e-05
3571 5.623972136e-05
3572 5.62279158e-05
3573 5.621611602e-05
3574 5.620432202e-05
3575 5.619253379e-05
3576 5.618075132e-05
3577 5.616897462e-05
3578 5.615720368e-05
3579 5.614543849e-05
3580 5.613367905e-05
3581 5.612192536e-05
3582 5.611017741e-05
3583 5.609843519e-05
3584 5.608669871e-05
3585 5.607496795e-05
3586 5.606324292e-05
3587 5.605152361e-05
3588 5.603981001e-05
3589 5.602810212e-05
3590 5.601639994e-05
3591 5.600470345e-05
3592 5.599301267e-05
3593 5.598132758e-05
3594 5.596964817e-05
3595 5.595797445e-05
3596 5.594630641e-05
3597 5.593464405e-05
3598 5.592298736e-05
3599 5.591133633e-05
3600 5.589969097e-05
3601 5.588805126e-05
3602 5.587641721e-05
3603 5.58647888e-05
3604 5.585316604e-05
3605 5.584154893e-05
3606 5.582993744e-05
3607 5.581833159e-05
3608 5.580673137e-05
3609 5.579513678e-05
3610 5.57835478e-05
3611 5.577196443e-05
3612 5.576038668e-05
3613 5.574881453e-05
3614 5.573724799e-05
3615 5.572568704e-05
3616 5.571413169e-05
3617 5.570258193e-05
3618 5.569103775e-05
3619 5.567949915e-05
3620 5.566796613e-05
3621 5.565643869e-05
3622 5.564491681e-05
3623 5.563340049e-05
3624 5.562188974e-05
3625 5.561038454e-05
3626 5.559888489e-05
3627 5.558739079e-05
3628 5.557590223e-05
3629 5.556441921e-05
3630 5.555294172e-05
3631 5.554146977e-05
3632 5.553000334e-05
3633 5.551854243e-05
3634 5.550708704e-05
3635 5.549563717e-05
3636 5.54841928e-05
3637 5.547275394e-05
3638 5.546132058e-05
3639 5.544989272e-05
3640 5.543847035e-05
3641 5.542705347e-05
3642 5.541564207e-05
3643 5.540423616e-05
3644 5.539283572e-05
3645 5.538144075e-05
3646 5.537005125e-05
3647 5.535866721e-05
3648 5.534728864e-05
3649 5.533591552e-05
3650 5.532454785e-05
3651 5.531318563e-05
3652 5.530182885e-05
3653 5.529047751e-05
3654 5.527913161e-05
3655 5.526779114e-05
3656 5.525645609e-05
3657 5.524512647e-05
3658 5.523380227e-05
3659 5.522248348e-05
3660 5.52111701e-05
3661 5.519986213e-05
3662 5.518855956e-05
3663 5.517726239e-05
3664 5.516597061e-05
3665 5.515468423e-05
3666 5.514340323e-05
3667 5.513212761e-05
3668 5.512085737e-05
3669 5.510959251e-05
3670 5.509833302e-05
3671 5.508707889e-05
3672 5.507583012e-05
3673 5.506458672e-05
3674 5.505334866e-05
3675 5.504211596e-05
3676 5.50308886e-05
3677 5.501966659e-05
3678 5.500844991e-05
3679 5.499723857e-05
3680 5.498603256e-05
3681 5.497483187e-05
3682 5.496363651e-05
3683 5.495244646e-05
3684 5.494126173e-05
3685 5.493008231e-05
3686 5.49189082e-05
3687 5.490773939e-05
3688 5.489657587e-05
3689 5.488541766e-05
3690 5.487426473e-05
3691 5.486311709e-05
3692 5.485197473e-05
3693 5.484083765e-05
3694 5.482970584e-05
3695 5.481857931e-05
3696 5.480745804e-05
3697 5.479634204e-05
3698 5.478523129e-05
3699 5.47741258e-05
3700 5.476302556e-05
3701 5.475193057e-05
3702 5.474084083e-05
3703 5.472975632e-05
3704 5.471867705e-05
3705 5.470760301e-05
3706 5.469653419e-05
3707 5.468547061e-05
3708 5.467441224e-05
3709 5.466335909e-05
3710 5.465231115e-05
3711 5.464126842e-05
3712 5.463023089e-05
3713 5.461919857e-05
3714 5.460817144e-05
3715 5.459714951e-05
3716 5.458613276e-05
3717 5.45751212e-05
3718 5.456411483e-05
3719 5.455311363e-05
3720 5.45421176e-05
3721 5.453112675e-05
3722 5.452014106e-05
3723 5.450916053e-05
3724 5.449818517e-05
3725 5.448721495e-05
3726 5.447624989e-05
3727 5.446528998e-05
3728 5.445433521e-05
3729 5.444338558e-05
3730 5.443244109e-05
3731 5.442150172e-05
3732 5.441056749e-05
3733 5.439963838e-05
3734 5.438871439e-05
3735 5.437779552e-05
3736 5.436688177e-05
3737 5.435597312e-05
3738 5.434506958e-05
3739 5.433417114e-05
3740 5.43232778e-05
3741 5.431238955e-05
3742 5.430150639e-05
3743 5.429062832e-05
3744 5.427975534e-05
3745 5.426888743e-05
3746 5.42580246e-05
3747 5.424716685e-05
3748 5.423631416e-05
3749 5.422546653e-05
3750 5.421462397e-05
3751 5.420378646e-05
3752 5.419295401e-05
3753 5.418212661e-05
3754 5.417130425e-05
3755 5.416048694e-05
3756 5.414967466e-05
3757 5.413886742e-05
3758 5.412806521e-05
3759 5.411726803e-05
3760 5.410647588e-05
3761 5.409568874e-05
3762 5.408490662e-05
3763 5.407412952e-05
3764 5.406335742e-05
3765 5.405259033e-05
3766 5.404182824e-05
3767 5.403107115e-05
3768 5.402031905e-05
3769 5.400957195e-05
3770 5.399882983e-05
3771 5.39880927e-05
3772 5.397736055e-05
3773 5.396663337e-05
3774 5.395591117e-05
3775 5.394519394e-05
3776 5.393448167e-05
3777 5.392377436e-05
3778 5.391307202e-05
3779 5.390237463e-05
3780 5.389168218e-05
3781 5.388099469e-05
3782 5.387031214e-05
3783 5.385963454e-05
3784 5.384896186e-05
3785 5.383829413e-05
3786 5.382763132e-05
3787 5.381697344e-05
3788 5.380632048e-05
3789 5.379567244e-05
3790 5.378502931e-05
3791 5.37743911e-05
3792 5.37637578e-05
3793 5.37531294e-05
3794 5.37425059e-05
3795 5.37318873e-05
3796 5.372127359e-05
3797 5.371066478e-05
3798 5.370006085e-05
3799 5.36894618e-05
3800 5.367886764e-05
3801 5.366827835e-05
3802 5.365769394e-05
3803 5.364711439e-05
3804 5.363653971e-05
3805 5.362596989e-05
3806 5.361540493e-05
3807 5.360484483e-05
3808 5.359428958e-05
3809 5.358373917e-05
3810 5.357319362e-05
3811 5.35626529e-05
3812 5.355211702e-05
3813 5.354158598e-05
3814 5.353105976e-05
3815 5.352053838e-05
3816 5.351002181e-05
3817 5.349951007e-05
3818 5.348900315e-05
3819 5.347850104e-05
3820 5.346800373e-05
3821 5.345751124e-05
3822 5.344702355e-05
3823 5.343654066e-05
3824 5.342606256e-05
3825 5.341558926e-05
3826 5.340512074e-05
3827 5.339465702e-05
3828 5.338419807e-05
3829 5.337374391e-05
3830 5.336329452e-05
3831 5.33528499e-05
3832 5.334241005e-05
3833 5.333197496e-05
3834 5.332154464e-05
3835 5.331111908e-05
3836 5.330069827e-05
3837 5.329028221e-05
3838 5.327987091e-05
3839 5.326946434e-05
3840 5.325906252e-05
3841 5.324866544e-05
3842 5.323827309e-05
3843 5.322788547e-05
3844 5.321750258e-05
3845 5.320712441e-05
3846 5.319675097e-05
3847 5.318638224e-05
3848 5.317601823e-05
3849 5.316565893e-05
3850 5.315530434e-05
3851 5.314495445e-05
3852 5.313460926e-05
3853 5.312426877e-05
3854 5.311393297e-05
3855 5.310360187e-05
3856 5.309327545e-05
3857 5.308295372e-05
3858 5.307263666e-05
3859 5.306232429e-05
3860 5.305201659e-05
3861 5.304171356e-05
3862 5.30314152e-05
3863 5.30211215e-05
3864 5.301083246e-05
3865 5.300054808e-05
3866 5.299026836e-05
3867 5.297999329e-05
3868 5.296972286e-05
3869 5.295945708e-05
3870 5.294919594e-05
3871 5.293893943e-05
3872 5.292868757e-05
3873 5.291844033e-05
3874 5.290819772e-05
3875 5.289795973e-05
3876 5.288772637e-05
3877 5.287749763e-05
3878 5.28672735e-05
3879 5.285705398e-05
3880 5.284683907e-05
3881 5.283662876e-05
3882 5.282642306e-05
3883 5.281622195e-05
3884 5.280602544e-05
3885 5.279583352e-05
3886 5.27856462e-05
3887 5.277546345e-05
3888 5.276528529e-05
3889 5.275511171e-05
3890 5.27449427e-05
3891 5.273477827e-05
3892 5.27246184e-05
3893 5.27144631e-05
3894 5.270431237e-05
3895 5.269416619e-05
3896 5.268402457e-05
3897 5.26738875e-05
3898 5.266375499e-05
3899 5.265362702e-05
3900 5.264350359e-05
3901 5.263338471e-05
3902 5.262327036e-05
3903 5.261316054e-05
3904 5.260305526e-05
3905 5.25929545e-05
3906 5.258285827e-05
3907 5.257276656e-05
3908 5.256267937e-05
3909 5.255259669e-05
3910 5.254251852e-05
3911 5.253244487e-05
3912 5.252237571e-05
3913 5.251231106e-05
3914 5.250225091e-05
3915 5.249219526e-05
3916 5.24821441e-05
3917 5.247209742e-05
3918 5.246205524e-05
3919 5.245201753e-05
3920 5.244198431e-05
3921 5.243195556e-05
3922 5.242193129e-05
3923 5.241191149e-05
3924 5.240189616e-05
3925 5.239188529e-05
3926 5.238187888e-05
3927 5.237187693e-05
3928 5.236187943e-05
3929 5.235188639e-05
3930 5.23418978e-05
3931 5.233191365e-05
3932 5.232193394e-05
3933 5.231195868e-05
3934 5.230198785e-05
3935 5.229202145e-05
3936 5.228205948e-05
3937 5.227210194e-05
3938 5.226214883e-05
3939 5.225220014e-05
3940 5.224225586e-05
3941 5.2232316e-05
3942 5.222238055e-05
3943 5.221244951e-05
3944 5.220252287e-05
3945 5.219260064e-05
3946 5.21826828e-05
3947 5.217276937e-05
3948 5.216286032e-05
3949 5.215295567e-05
3950 5.21430554e-05
3951 5.213315952e-05
3952 5.212326802e-05
3953 5.211338089e-05
3954 5.210349814e-05
3955 5.209361977e-05
3956 5.208374576e-05
3957 5.207387612e-05
3958 5.206401084e-05
3959 5.205414992e-05
3960 5.204429336e-05
3961 5.203444115e-05
3962 5.202459329e-05
3963 5.201474978e-05
3964 5.200491061e-05
3965 5.199507579e-05
3966 5.19852453e-05
3967 5.197541915e-05
3968 5.196559734e-05
3969 5.195577985e-05
3970 5.194596669e-05
3971 5.193615785e-05
3972 5.192635333e-05
3973 5.191655314e-05
3974 5.190675725e-05
3975 5.189696568e-05
3976 5.188717841e-05
3977 5.187739546e-05
3978 5.18676168e-05
3979 5.185784245e-05
3980 5.184807239e-05
3981 5.183830662e-05
3982 5.182854515e-05
3983 5.181878796e-05
3984 5.180903506e-05
3985 5.179928644e-05
3986 5.17895421e-05
3987 5.177980204e-05
3988 5.177006625e-05
3989 5.176033473e-05
3990 5.175060748e-05
3991 5.174088449e-05
3992 5.173116576e-05
3993 5.172145129e-05
3994 5.171174108e-05
3995 5.170203512e-05
3996 5.169233341e-05
3997 5.168263594e-05
3998 5.167294272e-05
3999 5.166325374e-05
4000 5.1653569e-05
4001 5.164388849e-05
4002 5.163421222e-05
4003 5.162454017e-05
4004 5.161487236e-05
4005 5.160520876e-05
4006 5.159554939e-05
4007 5.158589423e-05
4008 5.157624329e-05
4009 5.156659656e-05
4010 5.155695404e-05
4011 5.154731572e-05
4012 5.153768161e-05
4013 5.15280517e-05
4014 5.151842598e-05
4015 5.150880446e-05
4016 5.149918714e-05
4017 5.1489574e-05
4018 5.147996504e-05
4019 5.147036027e-05
4020 5.146075968e-05
4021 5.145116327e-05
4022 5.144157103e-05
4023 5.143198297e-05
4024 5.142239907e-05
4025 5.141281934e-05
4026 5.140324377e-05
4027 5.139367237e-05
4028 5.138410512e-05
4029 5.137454202e-05
4030 5.136498308e-05
4031 5.135542828e-05
4032 5.134587763e-05
4033 5.133633113e-05
4034 5.132678876e-05
4035 5.131725054e-05
4036 5.130771644e-05
4037 5.129818648e-05
4038 5.128866065e-05
4039 5.127913895e-05
4040 5.126962137e-05
4041 5.126010791e-05
4042 5.125059857e-05
4043 5.124109334e-05
4044 5.123159223e-05
4045 5.122209522e-05
4046 5.121260232e-05
4047 5.120311353e-05
4048 5.119362884e-05
4049 5.118414824e-05
4050 5.117467174e-05
4051 5.116519934e-05
4052 5.115573102e-05
4053 5.114626679e-05
4054 5.113680665e-05
4055 5.112735059e-05
4056 5.111789861e-05
4057 5.11084507e-05
4058 5.109900687e-05
4059 5.10895671e-05
4060 5.108013141e-05
4061 5.107069978e-05
4062 5.106127221e-05
4063 5.105184871e-05
4064 5.104242926e-05
4065 5.103301386e-05
4066 5.102360252e-05
4067 5.101419522e-05
4068 5.100479197e-05
4069 5.099539277e-05
4070 5.09859976e-05
4071 5.097660647e-05
4072 5.096721938e-05
4073 5.095783632e-05
4074 5.094845729e-05
4075 5.093908228e-05
4076 5.092971131e-05
4077 5.092034435e-05
4078 5.091098141e-05
4079 5.090162248e-05
4080 5.089226758e-05
4081 5.088291668e-05
4082 5.087356979e-05
4083 5.08642269e-05
4084 5.085488802e-05
4085 5.084555313e-05
4086 5.083622225e-05
4087 5.082689536e-05
4088 5.081757246e-05
4089 5.080825355e-05
4090 5.079893862e-05
4091 5.078962768e-05
4092 5.078032072e-05
4093 5.077101774e-05
4094 5.076171874e-05
4095 5.07524237e-05
4096 5.074313264e-05
4097 5.073384555e-05
4098 5.072456242e-05
4099 5.071528325e-05
4100 5.070600805e-05
4101 5.06967368e-05
4102 5.06874695e-05
4103 5.067820616e-05
4104 5.066894677e-05
4105 5.065969132e-05
4106 5.065043981e-05
4107 5.064119225e-05
4108 5.063194863e-05
4109 5.062270894e-05
4110 5.061347319e-05
4111 5.060424136e-05
4112 5.059501347e-05
4113 5.05857895e-05
4114 5.057656945e-05
4115 5.056735332e-05
4116 5.055814111e-05
4117 5.054893282e-05
4118 5.053972844e-05
4119 5.053052796e-05
4120 5.05213314e-05
4121 5.051213874e-05
4122 5.050294998e-05
4123 5.049376512e-05
4124 5.048458416e-05
4125 5.047540709e-05
4126 5.046623391e-05
4127 5.045706462e-05
4128 5.044789922e-05
4129 5.04387377e-05
4130 5.042958007e-05
4131 5.042042631e-05
4132 5.041127643e-05
4133 5.040213042e-05
4134 5.039298828e-05
4135 5.038385001e-05
4136 5.03747156e-05
4137 5.036558506e-05
4138 5.035645838e-05
4139 5.034733556e-05
4140 5.033821659e-05
4141 5.032910148e-05
4142 5.031999022e-05
4143 5.03108828e-05
4144 5.030177923e-05
4145 5.02926795e-05
4146 5.028358361e-05
4147 5.027449156e-05
4148 5.026540335e-05
4149 5.025631897e-05
4150 5.024723841e-05
4151 5.023816169e-05
4152 5.022908879e-05
4153 5.022001971e-05
4154 5.021095445e-05
4155 5.020189301e-05
4156 5.019283538e-05
4157 5.018378157e-05
4158 5.017473157e-05
4159 5.016568537e-05
4160 5.015664298e-05
4161 5.014760439e-05
4162 5.01385696e-05
4163 5.01295386e-05
4164 5.01205114e-05
4165 5.0111488e-05
4166 5.010246838e-05
4167 5.009345255e-05
4168 5.008444051e-05
4169 5.007543224e-05
4170 5.006642776e-05
4171 5.005742705e-05
4172 5.004843012e-05
4173 5.003943696e-05
4174 5.003044757e-05
4175 5.002146195e-05
4176 5.001248009e-05
4177 5.0003502e-05
4178 4.999452766e-05
4179 4.998555708e-05
4180 4.997659026e-05
4181 4.996762719e-05
4182 4.995866787e-05
4183 4.99497123e-05
4184 4.994076047e-05
4185 4.993181238e-05
4186 4.992286803e-05
4187 4.991392743e-05
4188 4.990499055e-05
4189 4.989605741e-05
4190 4.9887128e-05
4191 4.987820232e-05
4192 4.986928036e-05
4193 4.986036213e-05
4194 4.985144761e-05
4195 4.984253682e-05
4196 4.983362974e-05
4197 4.982472637e-05
4198 4.981582671e-05
4199 4.980693076e-05
4200 4.979803852e-05
4201 4.978914998e-05
4202 4.978026515e-05
4203 4.977138401e-05
4204 4.976250656e-05
4205 4.975363281e-05
4206 4.974476276e-05
4207 4.973589639e-05
4208 4.972703371e-05
4209 4.971817471e-05
4210 4.970931939e-05
4211 4.970046775e-05
4212 4.969161979e-05
4213 4.968277551e-05
4214 4.967393489e-05
4215 4.966509795e-05
4216 4.965626467e-05
4217 4.964743506e-05
4218 4.963860911e-05
4219 4.962978682e-05
4220 4.962096819e-05
4221 4.961215322e-05
4222 4.960334189e-05
4223 4.959453422e-05
4224 4.95857302e-05
4225 4.957692982e-05
4226 4.956813308e-05
4227 4.955933999e-05
4228 4.955055054e-05
4229 4.954176472e-05
4230 4.953298253e-05
4231 4.952420398e-05
4232 4.951542906e-05
4233 4.950665776e-05
4234 4.949789009e-05
4235 4.948912604e-05
4236 4.948036561e-05
4237 4.94716088e-05
4238 4.94628556e-05
4239 4.945410602e-05
4240 4.944536005e-05
4241 4.943661768e-05
4242 4.942787892e-05
4243 4.941914376e-05
4244 4.941041221e-05
4245 4.940168425e-05
4246 4.93929599e-05
4247 4.938423913e-05
4248 4.937552196e-05
4249 4.936680837e-05
4250 4.935809838e-05
4251 4.934939197e-05
4252 4.934068914e-05
4253 4.933198989e-05
4254 4.932329422e-05
4255 4.931460212e-05
4256 4.93059136e-05
4257 4.929722865e-05
4258 4.928854727e-05
4259 4.927986945e-05
4260 4.92711952e-05
4261 4.926252451e-05
4262 4.925385738e-05
4263 4.924519381e-05
4264 4.923653379e-05
4265 4.922787732e-05
4266 4.921922441e-05
4267 4.921057504e-05
4268 4.920192922e-05
4269 4.919328694e-05
4270 4.91846482e-05
4271 4.9176013e-05
4272 4.916738134e-05
4273 4.915875322e-05
4274 4.915012862e-05
4275 4.914150756e-05
4276 4.913289002e-05
4277 4.912427601e-05
4278 4.911566552e-05
4279 4.910705855e-05
4280 4.90984551e-05
4281 4.908985516e-05
4282 4.908125875e-05
4283 4.907266584e-05
4284 4.906407644e-05
4285 4.905549055e-05
4286 4.904690816e-05
4287 4.903832928e-05
4288 4.902975389e-05
4289 4.902118201e-05
4290 4.901261362e-05
4291 4.900404872e-05
4292 4.899548732e-05
4293 4.898692941e-05
4294 4.897837498e-05
4295 4.896982404e-05
4296 4.896127657e-05
4297 4.89527326e-05
4298 4.894419209e-05
4299 4.893565507e-05
4300 4.892712152e-05
4301 4.891859143e-05
4302 4.891006482e-05
4303 4.890154168e-05
4304 4.8893022e-05
4305 4.888450578e-05
4306 4.887599302e-05
4307 4.886748373e-05
4308 4.885897788e-05
4309 4.885047549e-05
4310 4.884197656e-05
4311 4.883348107e-05
4312 4.882498903e-05
4313 4.881650043e-05
4314 4.880801528e-05
4315 4.879953357e-05
4316 4.879105529e-05
4317 4.878258045e-05
4318 4.877410905e-05
4319 4.876564108e-05
4320 4.875717653e-05
4321 4.874871542e-05
4322 4.874025773e-05
4323 4.873180346e-05
4324 4.872335262e-05
4325 4.871490519e-05
4326 4.870646118e-05
4327 4.869802058e-05
4328 4.86895834e-05
4329 4.868114962e-05
4330 4.867271926e-05
4331 4.86642923e-05
4332 4.865586874e-05
4333 4.864744858e-05
4334 4.863903183e-05
4335 4.863061847e-05
4336 4.862220851e-05
4337 4.861380193e-05
4338 4.860539875e-05
4339 4.859699896e-05
4340 4.858860255e-05
4341 4.858020953e-05
4342 4.857181989e-05
4343 4.856343363e-05
4344 4.855505075e-05
4345 4.854667124e-05
4346 4.853829511e-05
4347 4.852992235e-05
4348 4.852155296e-05
4349 4.851318693e-05
4350 4.850482427e-05
4351 4.849646497e-05
4352 4.848810904e-05
4353 4.847975646e-05
4354 4.847140724e-05
4355 4.846306137e-05
4356 4.845471885e-05
4357 4.844637969e-05
4358 4.843804387e-05
4359 4.84297114e-05
4360 4.842138227e-05
4361 4.841305649e-05
4362 4.840473404e-05
4363 4.839641493e-05
4364 4.838809916e-05
4365 4.837978672e-05
4366 4.837147761e-05
4367 4.836317183e-05
4368 4.835486938e-05
4369 4.834657025e-05
4370 4.833827444e-05
4371 4.832998196e-05
4372 4.832169279e-05
4373 4.831340694e-05
4374 4.830512441e-05
4375 4.829684519e-05
4376 4.828856927e-05
4377 4.828029667e-05
4378 4.827202737e-05
4379 4.826376138e-05
4380 4.825549868e-05
4381 4.824723929e-05
4382 4.82389832e-05
4383 4.82307304e-05
4384 4.822248089e-05
4385 4.821423468e-05
4386 4.820599176e-05
4387 4.819775212e-05
4388 4.818951577e-05
4389 4.81812827e-05
4390 4.817305292e-05
4391 4.816482641e-05
4392 4.815660318e-05
4393 4.814838323e-05
4394 4.814016654e-05
4395 4.813195313e-05
4396 4.812374299e-05
4397 4.811553612e-05
4398 4.810733251e-05
4399 4.809913216e-05
4400 4.809093508e-05
4401 4.808274125e-05
4402 4.807455068e-05
4403 4.806636337e-05
4404 4.80581793e-05
4405 4.804999849e-05
4406 4.804182093e-05
4407 4.803364661e-05
4408 4.802547554e-05
4409 4.801730771e-05
4410 4.800914312e-05
4411 4.800098177e-05
4412 4.799282366e-05
4413 4.798466878e-05
4414 4.797651713e-05
4415 4.796836871e-05
4416 4.796022353e-05
4417 4.795208157e-05
4418 4.794394283e-05
4419 4.793580731e-05
4420 4.792767502e-05
4421 4.791954594e-05
4422 4.791142008e-05
4423 4.790329744e-05
4424 4.789517801e-05
4425 4.788706179e-05
4426 4.787894877e-05
4427 4.787083897e-05
4428 4.786273236e-05
4429 4.785462896e-05
4430 4.784652876e-05
4431 4.783843176e-05
4432 4.783033796e-05
4433 4.782224735e-05
4434 4.781415993e-05
4435 4.78060757e-05
4436 4.779799466e-05
4437 4.778991681e-05
4438 4.778184215e-05
4439 4.777377066e-05
4440 4.776570236e-05
4441 4.775763723e-05
4442 4.774957528e-05
4443 4.774151651e-05
4444 4.773346091e-05
4445 4.772540848e-05
4446 4.771735922e-05
4447 4.770931313e-05
4448 4.77012702e-05
4449 4.769323043e-05
4450 4.768519383e-05
4451 4.767716038e-05
4452 4.766913009e-05
4453 4.766110296e-05
4454 4.765307898e-05
4455 4.764505815e-05
4456 4.763704047e-05
4457 4.762902594e-05
4458 4.762101455e-05
4459 4.761300631e-05
4460 4.760500121e-05
4461 4.759699925e-05
4462 4.758900043e-05
4463 4.758100474e-05
4464 4.757301219e-05
4465 4.756502276e-05
4466 4.755703647e-05
4467 4.754905331e-05
4468 4.754107327e-05
4469 4.753309636e-05
4470 4.752512257e-05
4471 4.75171519e-05
4472 4.750918434e-05
4473 4.750121991e-05
4474 4.749325859e-05
4475 4.748530038e-05
4476 4.747734528e-05
4477 4.746939329e-05
4478 4.746144441e-05
4479 4.745349864e-05
4480 4.744555596e-05
4481 4.743761639e-05
4482 4.742967992e-05
4483 4.742174655e-05
4484 4.741381627e-05
4485 4.740588908e-05
4486 4.739796499e-05
4487 4.739004398e-05
4488 4.738212607e-05
4489 4.737421124e-05
4490 4.736629949e-05
4491 4.735839083e-05
4492 4.735048525e-05
4493 4.734258275e-05
4494 4.733468332e-05
4495 4.732678697e-05
4496 4.731889369e-05
4497 4.731100348e-05
4498 4.730311634e-05
4499 4.729523227e-05
4500 4.728735126e-05
4501 4.727947332e-05
4502 4.727159844e-05
4503 4.726372662e-05
4504 4.725585785e-05
4505 4.724799215e-05
4506 4.724012949e-05
4507 4.723226989e-05
4508 4.722441334e-05
4509 4.721655984e-05
4510 4.720870939e-05
4511 4.720086198e-05
4512 4.719301761e-05
4513 4.718517628e-05
4514 4.7177338e-05
4515 4.716950275e-05
4516 4.716167054e-05
4517 4.715384136e-05
4518 4.714601521e-05
4519 4.713819209e-05
4520 4.7130372e-05
4521 4.712255494e-05
4522 4.71147409e-05
4523 4.710692989e-05
4524 4.709912189e-05
4525 4.709131692e-05
4526 4.708351496e-05
4527 4.707571602e-05
4528 4.706792009e-05
4529 4.706012717e-05
4530 4.705233727e-05
4531 4.704455037e-05
4532 4.703676647e-05
4533 4.702898559e-05
4534 4.70212077e-05
4535 4.701343282e-05
4536 4.700566093e-05
4537 4.699789204e-05
4538 4.699012615e-05
4539 4.698236325e-05
4540 4.697460334e-05
4541 4.696684642e-05
4542 4.695909249e-05
4543 4.695134155e-05
4544 4.694359359e-05
4545 4.693584861e-05
4546 4.692810662e-05
4547 4.69203676e-05
4548 4.691263156e-05
4549 4.69048985e-05
4550 4.689716841e-05
4551 4.688944129e-05
4552 4.688171714e-05
4553 4.687399596e-05
4554 4.686627775e-05
4555 4.68585625e-05
4556 4.685085021e-05
4557 4.684314089e-05
4558 4.683543452e-05
4559 4.682773112e-05
4560 4.682003066e-05
4561 4.681233317e-05
4562 4.680463862e-05
4563 4.679694703e-05
4564 4.678925838e-05
4565 4.678157268e-05
4566 4.677388992e-05
4567 4.676621011e-05
4568 4.675853324e-05
4569 4.675085931e-05
4570 4.674318832e-05
4571 4.673552027e-05
4572 4.672785515e-05
4573 4.672019296e-05
4574 4.67125337e-05
4575 4.670487737e-05
4576 4.669722397e-05
4577 4.66895735e-05
4578 4.668192595e-05
4579 4.667428132e-05
4580 4.666663961e-05
4581 4.665900082e-05
4582 4.665136495e-05
4583 4.664373199e-05
4584 4.663610194e-05
4585 4.662847481e-05
4586 4.662085059e-05
4587 4.661322927e-05
4588 4.660561087e-05
4589 4.659799536e-05
4590 4.659038276e-05
4591 4.658277306e-05
4592 4.657516626e-05
4593 4.656756236e-05
4594 4.655996136e-05
4595 4.655236324e-05
4596 4.654476803e-05
4597 4.65371757e-05
4598 4.652958626e-05
4599 4.652199971e-05
4600 4.651441604e-05
4601 4.650683526e-05
4602 4.649925736e-05
4603 4.649168234e-05
4604 4.64841102e-05
4605 4.647654093e-05
4606 4.646897455e-05
4607 4.646141103e-05
4608 4.645385039e-05
4609 4.644629261e-05
4610 4.643873771e-05
4611 4.643118567e-05
4612 4.64236365e-05
4613 4.641609019e-05
4614 4.640854674e-05
4615 4.640100616e-05
4616 4.639346843e-05
4617 4.638593355e-05
4618 4.637840154e-05
4619 4.637087237e-05
4620 4.636334606e-05
4621 4.635582259e-05
4622 4.634830198e-05
4623 4.634078421e-05
4624 4.633326928e-05
4625 4.63257572e-05
4626 4.631824796e-05
4627 4.631074156e-05
4628 4.6303238e-05
4629 4.629573727e-05
4630 4.628823938e-05
4631 4.628074432e-05
4632 4.627325209e-05
4633 4.626576269e-05
4634 4.625827612e-05
4635 4.625079237e-05
4636 4.624331145e-05
4637 4.623583335e-05
4638 4.622835808e-05
4639 4.622088562e-05
4640 4.621341598e-05
4641 4.620594916e-05
4642 4.619848515e-05
4643 4.619102395e-05
4644 4.618356556e-05
4645 4.617610999e-05
4646 4.616865722e-05
4647 4.616120726e-05
4648 4.61537601e-05
4649 4.614631575e-05
4650 4.613887419e-05
4651 4.613143544e-05
4652 4.612399948e-05
4653 4.611656632e-05
4654 4.610913595e-05
4655 4.610170838e-05
4656 4.60942836e-05
4657 4.608686161e-05
4658 4.60794424e-05
4659 4.607202598e-05
4660 4.606461235e-05
4661 4.60572015e-05
4662 4.604979343e-05
4663 4.604238814e-05
4664 4.603498563e-05
4665 4.602758589e-05
4666 4.602018893e-05
4667 4.601279475e-05
4668 4.600540333e-05
4669 4.599801468e-05
4670 4.599062881e-05
4671 4.59832457e-05
4672 4.597586535e-05
4673 4.596848777e-05
4674 4.596111295e-05
4675 4.595374089e-05
4676 4.594637158e-05
4677 4.593900504e-05
4678 4.593164125e-05
4679 4.592428021e-05
4680 4.591692193e-05
4681 4.590956639e-05
4682 4.590221361e-05
4683 4.589486357e-05
4684 4.588751628e-05
4685 4.588017173e-05
4686 4.587282992e-05
4687 4.586549086e-05
4688 4.585815453e-05
4689 4.585082094e-05
4690 4.584349009e-05
4691 4.583616197e-05
4692 4.582883658e-05
4693 4.582151393e-05
4694 4.5814194e-05
4695 4.58068768e-05
4696 4.579956233e-05
4697 4.579225059e-05
4698 4.578494156e-05
4699 4.577763526e-05
4700 4.577033168e-05
4701 4.576303081e-05
4702 4.575573267e-05
4703 4.574843724e-05
4704 4.574114452e-05
4705 4.573385451e-05
4706 4.572656721e-05
4707 4.571928263e-05
4708 4.571200075e-05
4709 4.570472157e-05
4710 4.56974451e-05
4711 4.569017134e-05
4712 4.568290027e-05
4713 4.56756319e-05
4714 4.566836623e-05
4715 4.566110326e-05
4716 4.565384298e-05
4717 4.564658539e-05
4718 4.56393305e-05
4719 4.56320783e-05
4720 4.562482878e-05
4721 4.561758195e-05
4722 4.561033781e-05
4723 4.560309635e-05
4724 4.559585757e-05
4725 4.558862147e-05
4726 4.558138805e-05
4727 4.557415731e-05
4728 4.556692924e-05
4729 4.555970385e-05
4730 4.555248114e-05
4731 4.554526109e-05
4732 4.553804371e-05
4733 4.5530829e-05
4734 4.552361696e-05
4735 4.551640758e-05
4736 4.550920087e-05
4737 4.550199681e-05
4738 4.549479542e-05
4739 4.548759669e-05
4740 4.548040061e-05
4741 4.547320719e-05
4742 4.546601642e-05
4743 4.545882831e-05
4744 4.545164285e-05
4745 4.544446004e-05
4746 4.543727987e-05
4747 4.543010235e-05
4748 4.542292748e-05
4749 4.541575525e-05
4750 4.540858566e-05
4751 4.540141871e-05
4752 4.53942544e-05
4753 4.538709273e-05
4754 4.53799337e-05
4755 4.53727773e-05
4756 4.536562353e-05
4757 4.535847239e-05
4758 4.535132388e-05
4759 4.5344178e-05
4760 4.533703475e-05
4761 4.532989412e-05
4762 4.532275612e-05
4763 4.531562074e-05
4764 4.530848798e-05
4765 4.530135783e-05
4766 4.529423031e-05
4767 4.52871054e-05
4768 4.527998311e-05
4769 4.527286343e-05
4770 4.526574636e-05
4771 4.52586319e-05
4772 4.525152005e-05
4773 4.52444108e-05
4774 4.523730417e-05
4775 4.523020013e-05
4776 4.52230987e-05
4777 4.521599987e-05
4778 4.520890364e-05
4779 4.520181001e-05
4780 4.519471897e-05
4781 4.518763053e-05
4782 4.518054468e-05
4783 4.517346143e-05
4784 4.516638076e-05
4785 4.515930269e-05
4786 4.51522272e-05
4787 4.51451543e-05
4788 4.513808398e-05
4789 4.513101624e-05
4790 4.512395109e-05
4791 4.511688852e-05
4792 4.510982853e-05
4793 4.510277111e-05
4794 4.509571627e-05
4795 4.5088664e-05
4796 4.508161431e-05
4797 4.507456719e-05
4798 4.506752263e-05
4799 4.506048065e-05
4800 4.505344123e-05
4801 4.504640438e-05
4802 4.50393701e-05
4803 4.503233837e-05
4804 4.502530921e-05
4805 4.50182826e-05
4806 4.501125856e-05
4807 4.500423707e-05
4808 4.499721813e-05
4809 4.499020175e-05
4810 4.498318792e-05
4811 4.497617665e-05
4812 4.496916792e-05
4813 4.496216174e-05
4814 4.49551581e-05
4815 4.494815701e-05
4816 4.494115847e-05
4817 4.493416247e-05
4818 4.4927169e-05
4819 4.492017808e-05
4820 4.491318969e-05
4821 4.490620385e-05
4822 4.489922053e-05
4823 4.489223975e-05
4824 4.48852615e-05
4825 4.487828578e-05
4826 4.487131259e-05
4827 4.486434193e-05
4828 4.485737379e-05
4829 4.485040818e-05
4830 4.48434451e-05
4831 4.483648453e-05
4832 4.482952648e-05
4833 4.482257096e-05
4834 4.481561795e-05
4835 4.480866746e-05
4836 4.480171948e-05
4837 4.479477401e-05
4838 4.478783106e-05
4839 4.478089062e-05
4840 4.477395269e-05
4841 4.476701726e-05
4842 4.476008434e-05
4843 4.475315393e-05
4844 4.474622601e-05
4845 4.47393006e-05
4846 4.47323777e-05
4847 4.472545729e-05
4848 4.471853937e-05
4849 4.471162396e-05
4850 4.470471103e-05
4851 4.469780061e-05
4852 4.469089267e-05
4853 4.468398723e-05
4854 4.467708427e-05
4855 4.46701838e-05
4856 4.466328582e-05
4857 4.465639032e-05
4858 4.464949731e-05
4859 4.464260677e-05
4860 4.463571872e-05
4861 4.462883315e-05
4862 4.462195006e-05
4863 4.461506944e-05
4864 4.46081913e-05
4865 4.460131563e-05
4866 4.459444243e-05
4867 4.458757171e-05
4868 4.458070345e-05
4869 4.457383767e-05
4870 4.456697434e-05
4871 4.456011349e-05
4872 4.45532551e-05
4873 4.454639917e-05
4874 4.45395457e-05
4875 4.453269469e-05
4876 4.452584614e-05
4877 4.451900005e-05
4878 4.451215641e-05
4879 4.450531523e-05
4880 4.44984765e-05
4881 4.449164022e-05
4882 4.448480639e-05
4883 4.447797501e-05
4884 4.447114608e-05
4885 4.446431959e-05
4886 4.445749555e-05
4887 4.445067395e-05
4888 4.44438548e-05
4889 4.443703808e-05
4890 4.44302238e-05
4891 4.442341196e-05
4892 4.441660256e-05
4893 4.440979559e-05
4894 4.440299106e-05
4895 4.439618895e-05
4896 4.438938928e-05
4897 4.438259204e-05
4898 4.437579723e-05
4899 4.436900484e-05
4900 4.436221488e-05
4901 4.435542734e-05
4902 4.434864222e-05
4903 4.434185953e-05
4904 4.433507926e-05
4905 4.43283014e-05
4906 4.432152596e-05
4907 4.431475294e-05
4908 4.430798234e-05
4909 4.430121414e-05
4910 4.429444836e-05
4911 4.428768499e-05
4912 4.428092403e-05
4913 4.427416547e-05
4914 4.426740932e-05
4915 4.426065558e-05
4916 4.425390424e-05
4917 4.42471553e-05
4918 4.424040877e-05
4919 4.423366463e-05
4920 4.422692289e-05
4921 4.422018355e-05
4922 4.421344661e-05
4923 4.420671206e-05
4924 4.41999799e-05
4925 4.419325013e-05
4926 4.418652276e-05
4927 4.417979777e-05
4928 4.417307517e-05
4929 4.416635496e-05
4930 4.415963713e-05
4931 4.415292169e-05
4932 4.414620863e-05
4933 4.413949795e-05
4934 4.413278965e-05
4935 4.412608373e-05
4936 4.411938018e-05
4937 4.411267901e-05
4938 4.410598022e-05
4939 4.40992838e-05
4940 4.409258975e-05
4941 4.408589807e-05
4942 4.407920876e-05
4943 4.407252182e-05
4944 4.406583724e-05
4945 4.405915503e-05
4946 4.405247518e-05
4947 4.40457977e-05
4948 4.403912258e-05
4949 4.403244981e-05
4950 4.402577941e-05
4951 4.401911136e-05
4952 4.401244567e-05
4953 4.400578234e-05
4954 4.399912135e-05
4955 4.399246272e-05
4956 4.398580644e-05
4957 4.397915251e-05
4958 4.397250093e-05
4959 4.396585169e-05
4960 4.39592048e-05
4961 4.395256026e-05
4962 4.394591806e-05
4963 4.39392782e-05
4964 4.393264068e-05
4965 4.392600549e-05
4966 4.391937265e-05
4967 4.391274214e-05
4968 4.390611397e-05
4969 4.389948813e-05
4970 4.389286463e-05
4971 4.388624346e-05
4972 4.387962461e-05
4973 4.38730081e-05
4974 4.386639391e-05
4975 4.385978205e-05
4976 4.385317251e-05
4977 4.38465653e-05
4978 4.383996041e-05
4979 4.383335784e-05
4980 4.382675759e-05
4981 4.382015966e-05
4982 4.381356404e-05
4983 4.380697075e-05
4984 4.380037976e-05
4985 4.379379109e-05
4986 4.378720474e-05
4987 4.378062069e-05
4988 4.377403895e-05
4989 4.376745952e-05
4990 4.37608824e-05
4991 4.375430758e-05
4992 4.374773507e-05
4993 4.374116486e-05
4994 4.373459696e-05
4995 4.372803135e-05
4996 4.372146804e-05
4997 4.371490703e-05
4998 4.370834832e-05
4999 4.370179191e-05
5000 4.369523778e-05
5001 4.368868596e-05
5002 4.368213642e-05
5003 4.367558917e-05
5004 4.366904421e-05
5005 4.366250155e-05
5006 4.365596116e-05
5007 4.364942307e-05
5008 4.364288725e-05
5009 4.363635373e-05
5010 4.362982248e-05
5011 4.362329351e-05
5012 4.361676682e-05
5013 4.361024241e-05
5014 4.360372028e-05
5015 4.359720042e-05
5016 4.359068284e-05
5017 4.358416753e-05
5018 4.357765449e-05
5019 4.357114372e-05
5020 4.356463522e-05
5021 4.355812899e-05
5022 4.355162503e-05
5023 4.354512333e-05
5024 4.35386239e-05
5025 4.353212673e-05
5026 4.352563182e-05
5027 4.351913917e-05
5028 4.351264878e-05
5029 4.350616065e-05
5030 4.349967478e-05
5031 4.349319116e-05
5032 4.348670979e-05
5033 4.348023068e-05
5034 4.347375383e-05
5035 4.346727922e-05
5036 4.346080686e-05
5037 4.345433675e-05
5038 4.344786889e-05
5039 4.344140327e-05
5040 4.34349399e-05
5041 4.342847877e-05
5042 4.342201988e-05
5043 4.341556324e-05
5044 4.340910883e-05
5045 4.340265666e-05
5046 4.339620673e-05
5047 4.338975904e-05
5048 4.338331358e-05
5049 4.337687035e-05
5050 4.337042936e-05
5051 4.33639906e-05
5052 4.335755406e-05
5053 4.335111976e-05
5054 4.334468768e-05
5055 4.333825783e-05
5056 4.333183021e-05
5057 4.332540481e-05
5058 4.331898163e-05
5059 4.331256068e-05
5060 4.330614194e-05
5061 4.329972542e-05
5062 4.329331112e-05
5063 4.328689904e-05
5064 4.328048917e-05
5065 4.327408152e-05
5066 4.326767608e-05
5067 4.326127285e-05
5068 4.325487184e-05
5069 4.324847303e-05
5070 4.324207643e-05
5071 4.323568204e-05
5072 4.322928985e-05
5073 4.322289987e-05
5074 4.321651209e-05
5075 4.321012652e-05
5076 4.320374314e-05
5077 4.319736197e-05
5078 4.319098299e-05
5079 4.318460621e-05
5080 4.317823163e-05
5081 4.317185924e-05
5082 4.316548905e-05
5083 4.315912105e-05
5084 4.315275524e-05
5085 4.314639162e-05
5086 4.31400302e-05
5087 4.313367096e-05
5088 4.31273139e-05
5089 4.312095903e-05
5090 4.311460635e-05
5091 4.310825585e-05
5092 4.310190753e-05
5093 4.309556139e-05
5094 4.308921743e-05
5095 4.308287566e-05
5096 4.307653605e-05
5097 4.307019863e-05
5098 4.306386338e-05
5099 4.30575303e-05
5100 4.30511994e-05
5101 4.304487067e-05
5102 4.303854411e-05
5103 4.303221971e-05
5104 4.302589749e-05
5105 4.301957743e-05
5106 4.301325954e-05
5107 4.300694381e-05
5108 4.300063025e-05
5109 4.299431885e-05
5110 4.298800961e-05
5111 4.298170253e-05
5112 4.29753976e-05
5113 4.296909484e-05
5114 4.296279423e-05
5115 4.295649578e-05
5116 4.295019948e-05
5117 4.294390534e-05
5118 4.293761334e-05
5119 4.29313235e-05
5120 4.292503581e-05
5121 4.291875026e-05
5122 4.291246686e-05
5123 4.290618561e-05
5124 4.28999065e-05
5125 4.289362954e-05
5126 4.288735472e-05
5127 4.288108204e-05
5128 4.28748115e-05
5129 4.28685431e-05
5130 4.286227684e-05
5131 4.285601271e-05
5132 4.284975072e-05
5133 4.284349087e-05
5134 4.283723315e-05
5135 4.283097756e-05
5136 4.28247241e-05
5137 4.281847277e-05
5138 4.281222357e-05
5139 4.28059765e-05
5140 4.279973155e-05
5141 4.279348874e-05
5142 4.278724804e-05
5143 4.278100947e-05
5144 4.277477302e-05
5145 4.276853869e-05
5146 4.276230648e-05
5147 4.275607639e-05
5148 4.274984841e-05
5149 4.274362256e-05
5150 4.273739881e-05
5151 4.273117719e-05
5152 4.272495767e-05
5153 4.271874027e-05
5154 4.271252498e-05
5155 4.270631179e-05
5156 4.270010072e-05
5157 4.269389175e-05
5158 4.268768489e-05
5159 4.268148014e-05
5160 4.267527748e-05
5161 4.266907694e-05
5162 4.266287849e-05
5163 4.265668214e-05
5164 4.265048789e-05
5165 4.264429575e-05
5166 4.263810569e-05
5167 4.263191774e-05
5168 4.262573188e-05
5169 4.261954811e-05
5170 4.261336644e-05
5171 4.260718686e-05
5172 4.260100937e-05
5173 4.259483396e-05
5174 4.258866065e-05
5175 4.258248942e-05
5176 4.257632028e-05
5177 4.257015323e-05
5178 4.256398826e-05
5179 4.255782537e-05
5180 4.255166456e-05
5181 4.254550584e-05
5182 4.253934919e-05
5183 4.253319462e-05
5184 4.252704213e-05
5185 4.252089172e-05
5186 4.251474338e-05
5187 4.250859711e-05
5188 4.250245292e-05
5189 4.24963108e-05
5190 4.249017075e-05
5191 4.248403277e-05
5192 4.247789686e-05
5193 4.247176301e-05
5194 4.246563123e-05
5195 4.245950152e-05
5196 4.245337387e-05
5197 4.244724828e-05
5198 4.244112476e-05
5199 4.24350033e-05
5200 4.242888389e-05
5201 4.242276655e-05
5202 4.241665126e-05
5203 4.241053803e-05
5204 4.240442685e-05
5205 4.239831773e-05
5206 4.239221067e-05
5207 4.238610565e-05
5208 4.238000269e-05
5209 4.237390177e-05
5210 4.236780291e-05
5211 4.236170609e-05
5212 4.235561132e-05
5213 4.234951859e-05
5214 4.234342791e-05
5215 4.233733927e-05
5216 4.233125268e-05
5217 4.232516813e-05
5218 4.231908561e-05
5219 4.231300514e-05
5220 4.23069267e-05
5221 4.23008503e-05
5222 4.229477594e-05
5223 4.228870361e-05
5224 4.228263332e-05
5225 4.227656506e-05
5226 4.227049883e-05
5227 4.226443463e-05
5228 4.225837246e-05
5229 4.225231232e-05
5230 4.22462542e-05
5231 4.224019812e-05
5232 4.223414406e-05
5233 4.222809202e-05
5234 4.2222042e-05
5235 4.221599401e-05
5236 4.220994804e-05
5237 4.220390409e-05
5238 4.219786216e-05
5239 4.219182224e-05
5240 4.218578435e-05
5241 4.217974846e-05
5242 4.21737146e-05
5243 4.216768274e-05
5244 4.21616529e-05
5245 4.215562507e-05
5246 4.214959925e-05
5247 4.214357544e-05
5248 4.213755364e-05
5249 4.213153385e-05
5250 4.212551606e-05
5251 4.211950028e-05
5252 4.21134865e-05
5253 4.210747473e-05
5254 4.210146495e-05
5255 4.209545718e-05
5256 4.208945141e-05
5257 4.208344763e-05
5258 4.207744586e-05
5259 4.207144608e-05
5260 4.20654483e-05
5261 4.205945251e-05
5262 4.205345872e-05
5263 4.204746692e-05
5264 4.204147711e-05
5265 4.203548929e-05
5266 4.202950346e-05
5267 4.202351962e-05
5268 4.201753776e-05
5269 4.201155789e-05
5270 4.200558001e-05
5271 4.199960411e-05
5272 4.19936302e-05
5273 4.198765827e-05
5274 4.198168832e-05
5275 4.197572035e-05
5276 4.196975436e-05
5277 4.196379034e-05
5278 4.195782831e-05
5279 4.195186825e-05
5280 4.194591016e-05
5281 4.193995405e-05
5282 4.193399991e-05
5283 4.192804775e-05
5284 4.192209755e-05
5285 4.191614933e-05
5286 4.191020307e-05
5287 4.190425878e-05
5288 4.189831646e-05
5289 4.189237611e-05
5290 4.188643772e-05
5291 4.188050129e-05
5292 4.187456683e-05
5293 4.186863432e-05
5294 4.186270378e-05
5295 4.18567752e-05
5296 4.185084858e-05
5297 4.184492391e-05
5298 4.18390012e-05
5299 4.183308045e-05
5300 4.182716165e-05
5301 4.182124481e-05
5302 4.181532992e-05
5303 4.180941697e-05
5304 4.180350598e-05
5305 4.179759694e-05
5306 4.179168985e-05
5307 4.178578471e-05
5308 4.177988151e-05
5309 4.177398026e-05
5310 4.176808095e-05
5311 4.176218359e-05
5312 4.175628817e-05
5313 4.175039469e-05
5314 4.174450315e-05
5315 4.173861355e-05
5316 4.173272588e-05
5317 4.172684016e-05
5318 4.172095637e-05
5319 4.171507452e-05
5320 4.17091946e-05
5321 4.170331662e-05
5322 4.169744057e-05
5323 4.169156645e-05
5324 4.168569426e-05
5325 4.1679824e-05
5326 4.167395567e-05
5327 4.166808926e-05
5328 4.166222479e-05
5329 4.165636223e-05
5330 4.165050161e-05
5331 4.16446429e-05
5332 4.163878612e-05
5333 4.163293126e-05
5334 4.162707832e-05
5335 4.16212273e-05
5336 4.16153782e-05
5337 4.160953102e-05
5338 4.160368575e-05
5339 4.15978424e-05
5340 4.159200096e-05
5341 4.158616144e-05
5342 4.158032383e-05
5343 4.157448813e-05
5344 4.156865435e-05
5345 4.156282247e-05
5346 4.15569925e-05
5347 4.155116444e-05
5348 4.154533828e-05
5349 4.153951403e-05
5350 4.153369169e-05
5351 4.152787125e-05
5352 4.152205271e-05
5353 4.151623608e-05
5354 4.151042134e-05
5355 4.150460851e-05
5356 4.149879757e-05
5357 4.149298853e-05
5358 4.148718139e-05
5359 4.148137615e-05
5360 4.14755728e-05
5361 4.146977134e-05
5362 4.146397178e-05
5363 4.145817411e-05
5364 4.145237833e-05
5365 4.144658444e-05
5366 4.144079244e-05
5367 4.143500233e-05
5368 4.142921411e-05
5369 4.142342777e-05
5370 4.141764332e-05
5371 4.141186075e-05
5372 4.140608006e-05
5373 4.140030126e-05
5374 4.139452434e-05
5375 4.13887493e-05
5376 4.138297614e-05
5377 4.137720486e-05
5378 4.137143545e-05
5379 4.136566793e-05
5380 4.135990228e-05
5381 4.13541385e-05
5382 4.13483766e-05
5383 4.134261657e-05
5384 4.133685841e-05
5385 4.133110212e-05
5386 4.13253477e-05
5387 4.131959515e-05
5388 4.131384447e-05
5389 4.130809566e-05
5390 4.130234871e-05
5391 4.129660363e-05
5392 4.129086042e-05
5393 4.128511906e-05
5394 4.127937957e-05
5395 4.127364194e-05
5396 4.126790617e-05
5397 4.126217226e-05
5398 4.125644021e-05
5399 4.125071001e-05
5400 4.124498168e-05
5401 4.12392552e-05
5402 4.123353057e-05
5403 4.12278078e-05
5404 4.122208688e-05
5405 4.121636781e-05
5406 4.121065059e-05
5407 4.120493523e-05
5408 4.119922171e-05
5409 4.119351004e-05
5410 4.118780022e-05
5411 4.118209224e-05
5412 4.117638611e-05
5413 4.117068183e-05
5414 4.116497938e-05
5415 4.115927879e-05
5416 4.115358003e-05
5417 4.114788311e-05
5418 4.114218803e-05
5419 4.113649479e-05
5420 4.113080339e-05
5421 4.112511383e-05
5422 4.11194261e-05
5423 4.111374021e-05
5424 4.110805615e-05
5425 4.110237393e-05
5426 4.109669353e-05
5427 4.109101497e-05
5428 4.108533824e-05
5429 4.107966334e-05
5430 4.107399027e-05
5431 4.106831902e-05
5432 4.106264961e-05
5433 4.105698201e-05
5434 4.105131625e-05
5435 4.10456523e-05
5436 4.103999018e-05
5437 4.103432989e-05
5438 4.102867141e-05
5439 4.102301475e-05
5440 4.101735992e-05
5441 4.10117069e-05
5442 4.10060557e-05
5443 4.100040631e-05
5444 4.099475874e-05
5445 4.098911299e-05
5446 4.098346905e-05
5447 4.097782692e-05
5448 4.097218661e-05
5449 4.09665481e-05
5450 4.096091141e-05
5451 4.095527653e-05
5452 4.094964345e-05
5453 4.094401218e-05
5454 4.093838272e-05
5455 4.093275507e-05
5456 4.092712921e-05
5457 4.092150517e-05
5458 4.091588292e-05
5459 4.091026248e-05
5460 4.090464384e-05
5461 4.0899027e-05
5462 4.089341196e-05
5463 4.088779871e-05
5464 4.088218727e-05
5465 4.087657762e-05
5466 4.087096977e-05
5467 4.086536371e-05
5468 4.085975944e-05
5469 4.085415697e-05
5470 4.084855629e-05
5471 4.08429574e-05
5472 4.083736031e-05
5473 4.0831765e-05
5474 4.082617148e-05
5475 4.082057974e-05
5476 4.08149898e-05
5477 4.080940164e-05
5478 4.080381526e-05
5479 4.079823067e-05
5480 4.079264786e-05
5481 4.078706684e-05
5482 4.078148759e-05
5483 4.077591013e-05
5484 4.077033444e-05
5485 4.076476054e-05
5486 4.075918841e-05
5487 4.075361806e-05
5488 4.074804948e-05
5489 4.074248268e-05
5490 4.073691766e-05
5491 4.073135441e-05
5492 4.072579292e-05
5493 4.072023322e-05
5494 4.071467528e-05
5495 4.070911911e-05
5496 4.070356471e-05
5497 4.069801208e-05
5498 4.069246121e-05
5499 4.068691212e-05
5500 4.068136478e-05
5501 4.067581922e-05
5502 4.067027541e-05
5503 4.066473337e-05
5504 4.065919309e-05
5505 4.065365457e-05
5506 4.064811781e-05
5507 4.064258281e-05
5508 4.063704957e-05
5509 4.063151808e-05
5510 4.062598836e-05
5511 4.062046038e-05
5512 4.061493417e-05
5513 4.06094097e-05
5514 4.060388699e-05
5515 4.059836603e-05
5516 4.059284683e-05
5517 4.058732937e-05
5518 4.058181366e-05
5519 4.057629971e-05
5520 4.05707875e-05
5521 4.056527703e-05
5522 4.055976831e-05
5523 4.055426134e-05
5524 4.054875611e-05
5525 4.054325263e-05
5526 4.053775089e-05
5527 4.053225089e-05
5528 4.052675263e-05
5529 4.052125611e-05
5530 4.051576133e-05
5531 4.051026829e-05
5532 4.050477698e-05
5533 4.049928742e-05
5534 4.049379958e-05
5535 4.048831349e-05
5536 4.048282912e-05
5537 4.047734649e-05
5538 4.047186559e-05
5539 4.046638643e-05
5540 4.046090899e-05
5541 4.045543328e-05
5542 4.044995931e-05
5543 4.044448706e-05
5544 4.043901653e-05
5545 4.043354774e-05
5546 4.042808067e-05
5547 4.042261532e-05
5548 4.04171517e-05
5549 4.04116898e-05
5550 4.040622962e-05
5551 4.040077116e-05
5552 4.039531442e-05
5553 4.03898594e-05
5554 4.038440611e-05
5555 4.037895452e-05
5556 4.037350466e-05
5557 4.036805651e-05
5558 4.036261008e-05
5559 4.035716536e-05
5560 4.035172235e-05
5561 4.034628106e-05
5562 4.034084148e-05
5563 4.033540361e-05
5564 4.032996745e-05
5565 4.0324533e-05
5566 4.031910025e-05
5567 4.031366922e-05
5568 4.030823989e-05
5569 4.030281227e-05
5570 4.029738635e-05
5571 4.029196214e-05
5572 4.028653963e-05
5573 4.028111882e-05
5574 4.027569971e-05
5575 4.027028231e-05
5576 4.02648666e-05
5577 4.02594526e-05
5578 4.025404029e-05
5579 4.024862968e-05
5580 4.024322076e-05
5581 4.023781355e-05
5582 4.023240802e-05
5583 4.022700419e-05
5584 4.022160206e-05
5585 4.021620161e-05
5586 4.021080286e-05
5587 4.02054058e-05
5588 4.020001043e-05
5589 4.019461675e-05
5590 4.018922475e-05
5591 4.018383445e-05
5592 4.017844583e-05
5593 4.017305889e-05
5594 4.016767365e-05
5595 4.016229008e-05
5596 4.01569082e-05
5597 4.0151528e-05
5598 4.014614948e-05
5599 4.014077265e-05
5600 4.013539749e-05
5601 4.013002401e-05
5602 4.012465221e-05
5603 4.011928209e-05
5604 4.011391365e-05
5605 4.010854688e-05
5606 4.010318179e-05
5607 4.009781837e-05
5608 4.009245662e-05
5609 4.008709655e-05
5610 4.008173814e-05
5611 4.007638141e-05
5612 4.007102635e-05
5613 4.006567296e-05
5614 4.006032124e-05
5615 4.005497118e-05
5616 4.00496228e-05
5617 4.004427607e-05
5618 4.003893102e-05
5619 4.003358762e-05
5620 4.002824589e-05
5621 4.002290583e-05
5622 4.001756742e-05
5623 4.001223068e-05
5624 4.00068956e-05
5625 4.000156218e-05
5626 3.999623041e-05
5627 3.99909003e-05
5628 3.998557186e-05
5629 3.998024506e-05
5630 3.997491992e-05
5631 3.996959644e-05
5632 3.996427461e-05
5633 3.995895444e-05
5634 3.995363591e-05
5635 3.994831904e-05
5636 3.994300382e-05
5637 3.993769025e-05
5638 3.993237833e-05
5639 3.992706805e-05
5640 3.992175942e-05
5641 3.991645244e-05
5642 3.991114711e-05
5643 3.990584342e-05
5644 3.990054137e-05
5645 3.989524097e-05
5646 3.988994221e-05
5647 3.98846451e-05
5648 3.987934962e-05
5649 3.987405578e-05
5650 3.986876359e-05
5651 3.986347303e-05
5652 3.985818411e-05
5653 3.985289683e-05
5654 3.984761118e-05
5655 3.984232717e-05
5656 3.983704479e-05
5657 3.983176405e-05
5658 3.982648494e-05
5659 3.982120746e-05
5660 3.981593161e-05
5661 3.98106574e-05
5662 3.980538481e-05
5663 3.980011386e-05
5664 3.979484453e-05
5665 3.978957683e-05
5666 3.978431075e-05
5667 3.977904631e-05
5668 3.977378348e-05
5669 3.976852228e-05
5670 3.976326271e-05
5671 3.975800476e-05
5672 3.975274843e-05
5673 3.974749372e-05
5674 3.974224063e-05
5675 3.973698916e-05
5676 3.973173931e-05
5677 3.972649108e-05
5678 3.972124446e-05
5679 3.971599947e-05
5680 3.971075608e-05
5681 3.970551432e-05
5682 3.970027416e-05
5683 3.969503562e-05
5684 3.96897987e-05
5685 3.968456338e-05
5686 3.967932968e-05
5687 3.967409758e-05
5688 3.96688671e-05
5689 3.966363822e-05
5690 3.965841095e-05
5691 3.965318529e-05
5692 3.964796124e-05
5693 3.964273879e-05
5694 3.963751795e-05
5695 3.963229871e-05
5696 3.962708107e-05
5697 3.962186504e-05
5698 3.96166506e-05
5699 3.961143777e-05
5700 3.960622654e-05
5701 3.960101691e-05
5702 3.959580887e-05
5703 3.959060244e-05
5704 3.95853976e-05
5705 3.958019436e-05
5706 3.957499271e-05
5707 3.956979266e-05
5708 3.95645942e-05
5709 3.955939734e-05
5710 3.955420207e-05
5711 3.954900839e-05
5712 3.95438163e-05
5713 3.95386258e-05
5714 3.953343689e-05
5715 3.952824957e-05
5716 3.952306384e-05
5717 3.951787969e-05
5718 3.951269713e-05
5719 3.950751616e-05
5720 3.950233677e-05
5721 3.949715896e-05
5722 3.949198274e-05
5723 3.94868081e-05
5724 3.948163504e-05
5725 3.947646357e-05
5726 3.947129367e-05
5727 3.946612536e-05
5728 3.946095862e-05
5729 3.945579346e-05
5730 3.945062988e-05
5731 3.944546787e-05
5732 3.944030744e-05
5733 3.943514859e-05
5734 3.94299913e-05
5735 3.94248356e-05
5736 3.941968146e-05
5737 3.94145289e-05
5738 3.940937791e-05
5739 3.940422849e-05
5740 3.939908064e-05
5741 3.939393435e-05
5742 3.938878964e-05
5743 3.938364649e-05
5744 3.937850491e-05
5745 3.93733649e-05
5746 3.936822645e-05
5747 3.936308956e-05
5748 3.935795424e-05
5749 3.935282049e-05
5750 3.934768829e-05
5751 3.934255766e-05
5752 3.933742858e-05
5753 3.933230107e-05
5754 3.932717511e-05
5755 3.932205072e-05
5756 3.931692788e-05
5757 3.93118066e-05
5758 3.930668688e-05
5759 3.930156871e-05
5760 3.929645209e-05
5761 3.929133703e-05
5762 3.928622352e-05
5763 3.928111157e-05
5764 3.927600117e-05
5765 3.927089231e-05
5766 3.926578501e-05
5767 3.926067926e-05
5768 3.925557506e-05
5769 3.92504724e-05
5770 3.92453713e-05
5771 3.924027173e-05
5772 3.923517372e-05
5773 3.923007725e-05
5774 3.922498232e-05
5775 3.921988894e-05
5776 3.92147971e-05
5777 3.920970681e-05
5778 3.920461805e-05
5779 3.919953084e-05
5780 3.919444516e-05
5781 3.918936103e-05
5782 3.918427843e-05
5783 3.917919737e-05
5784 3.917411785e-05
5785 3.916903986e-05
5786 3.916396342e-05
5787 3.91588885e-05
5788 3.915381512e-05
5789 3.914874327e-05
5790 3.914367296e-05
5791 3.913860418e-05
5792 3.913353692e-05
5793 3.91284712e-05
5794 3.912340701e-05
5795 3.911834435e-05
5796 3.911328322e-05
5797 3.910822361e-05
5798 3.910316553e-05
5799 3.909810898e-05
5800 3.909305395e-05
5801 3.908800045e-05
5802 3.908294847e-05
5803 3.907789802e-05
5804 3.907284908e-05
5805 3.906780167e-05
5806 3.906275578e-05
5807 3.905771141e-05
5808 3.905266856e-05
5809 3.904762723e-05
5810 3.904258742e-05
5811 3.903754912e-05
5812 3.903251235e-05
5813 3.902747708e-05
5814 3.902244334e-05
5815 3.901741111e-05
5816 3.901238039e-05
5817 3.900735118e-05
5818 3.900232349e-05
5819 3.899729731e-05
5820 3.899227264e-05
5821 3.898724948e-05
5822 3.898222783e-05
5823 3.897720769e-05
5824 3.897218906e-05
5825 3.896717193e-05
5826 3.896215632e-05
5827 3.89571422e-05
5828 3.89521296e-05
5829 3.89471185e-05
5830 3.89421089e-05
5831 3.89371008e-05
5832 3.893209421e-05
5833 3.892708912e-05
5834 3.892208553e-05
5835 3.891708344e-05
5836 3.891208285e-05
5837 3.890708376e-05
5838 3.890208617e-05
5839 3.889709008e-05
5840 3.889209548e-05
5841 3.888710238e-05
5842 3.888211078e-05
5843 3.887712066e-05
5844 3.887213205e-05
5845 3.886714493e-05
5846 3.886215929e-05
5847 3.885717516e-05
5848 3.885219251e-05
5849 3.884721135e-05
5850 3.884223168e-05
5851 3.883725351e-05
5852 3.883227682e-05
5853 3.882730162e-05
5854 3.88223279e-05
5855 3.881735567e-05
5856 3.881238493e-05
5857 3.880741567e-05
5858 3.88024479e-05
5859 3.879748161e-05
5860 3.87925168e-05
5861 3.878755348e-05
5862 3.878259164e-05
5863 3.877763128e-05
5864 3.877267239e-05
5865 3.876771499e-05
5866 3.876275907e-05
5867 3.875780462e-05
5868 3.875285165e-05
5869 3.874790016e-05
5870 3.874295014e-05
5871 3.87380016e-05
5872 3.873305454e-05
5873 3.872810894e-05
5874 3.872316483e-05
5875 3.871822218e-05
5876 3.8713281e-05
5877 3.87083413e-05
5878 3.870340307e-05
5879 3.86984663e-05
5880 3.869353101e-05
5881 3.868859718e-05
5882 3.868366482e-05
5883 3.867873393e-05
5884 3.867380451e-05
5885 3.866887655e-05
5886 3.866395005e-05
5887 3.865902502e-05
5888 3.865410146e-05
5889 3.864917935e-05
5890 3.864425871e-05
5891 3.863933953e-05
5892 3.863442181e-05
5893 3.862950555e-05
5894 3.862459075e-05
5895 3.861967741e-05
5896 3.861476553e-05
5897 3.860985511e-05
5898 3.860494614e-05
5899 3.860003862e-05
5900 3.859513257e-05
5901 3.859022797e-05
5902 3.858532482e-05
5903 3.858042312e-05
5904 3.857552288e-05
5905 3.857062409e-05
5906 3.856572675e-05
5907 3.856083086e-05
5908 3.855593643e-05
5909 3.855104344e-05
5910 3.85461519e-05
5911 3.85412618e-05
5912 3.853637316e-05
5913 3.853148596e-05
5914 3.852660021e-05
5915 3.85217159e-05
5916 3.851683304e-05
5917 3.851195162e-05
5918 3.850707164e-05
5919 3.850219311e-05
5920 3.849731602e-05
5921 3.849244037e-05
5922 3.848756616e-05
5923 3.848269339e-05
5924 3.847782206e-05
5925 3.847295217e-05
5926 3.846808372e-05
5927 3.84632167e-05
5928 3.845835112e-05
5929 3.845348698e-05
5930 3.844862427e-05
5931 3.8443763e-05
5932 3.843890316e-05
5933 3.843404475e-05
5934 3.842918778e-05
5935 3.842433224e-05
5936 3.841947812e-05
5937 3.841462544e-05
5938 3.840977419e-05
5939 3.840492437e-05
5940 3.840007598e-05
5941 3.839522902e-05
5942 3.839038348e-05
5943 3.838553937e-05
5944 3.838069668e-05
5945 3.837585542e-05
5946 3.837101559e-05
5947 3.836617718e-05
5948 3.836134019e-05
5949 3.835650463e-05
5950 3.835167049e-05
5951 3.834683776e-05
5952 3.834200646e-05
5953 3.833717658e-05
5954 3.833234812e-05
5955 3.832752108e-05
5956 3.832269545e-05
5957 3.831787125e-05
5958 3.831304846e-05
5959 3.830822708e-05
5960 3.830340713e-05
5961 3.829858858e-05
5962 3.829377145e-05
5963 3.828895574e-05
5964 3.828414143e-05
5965 3.827932854e-05
5966 3.827451706e-05
5967 3.826970699e-05
5968 3.826489834e-05
5969 3.826009109e-05
5970 3.825528525e-05
5971 3.825048082e-05
5972 3.824567779e-05
5973 3.824087618e-05
5974 3.823607596e-05
5975 3.823127716e-05
5976 3.822647976e-05
5977 3.822168377e-05
5978 3.821688917e-05
5979 3.821209599e-05
5980 3.82073042e-05
5981 3.820251382e-05
5982 3.819772483e-05
5983 3.819293725e-05
5984 3.818815107e-05
5985 3.818336629e-05
5986 3.81785829e-05
5987 3.817380091e-05
5988 3.816902033e-05
5989 3.816424113e-05
5990 3.815946334e-05
5991 3.815468694e-05
5992 3.814991193e-05
5993 3.814513832e-05
5994 3.81403661e-05
5995 3.813559527e-05
5996 3.813082584e-05
5997 3.81260578e-05
5998 3.812129115e-05
5999 3.811652589e-05
6000 3.811176201e-05
6001 3.810699953e-05
6002 3.810223844e-05
6003 3.809747873e-05
6004 3.809272041e-05
6005 3.808796348e-05
6006 3.808320794e-05
6007 3.807845377e-05
6008 3.8073701e-05
6009 3.806894961e-05
6010 3.80641996e-05
6011 3.805945097e-05
6012 3.805470373e-05
6013 3.804995786e-05
6014 3.804521338e-05
6015 3.804047028e-05
6016 3.803572855e-05
6017 3.803098821e-05
6018 3.802624925e-05
6019 3.802151166e-05
6020 3.801677545e-05
6021 3.801204061e-05
6022 3.800730715e-05
6023 3.800257507e-05
6024 3.799784436e-05
6025 3.799311503e-05
6026 3.798838706e-05
6027 3.798366047e-05
6028 3.797893526e-05
6029 3.797421141e-05
6030 3.796948893e-05
6031 3.796476783e-05
6032 3.796004809e-05
6033 3.795532973e-05
6034 3.795061273e-05
6035 3.79458971e-05
6036 3.794118283e-05
6037 3.793646994e-05
6038 3.79317584e-05
6039 3.792704824e-05
6040 3.792233943e-05
6041 3.7917632e-05
6042 3.791292592e-05
6043 3.790822121e-05
6044 3.790351786e-05
6045 3.789881587e-05
6046 3.789411524e-05
6047 3.788941597e-05
6048 3.788471806e-05
6049 3.788002151e-05
6050 3.787532632e-05
6051 3.787063249e-05
6052 3.786594001e-05
6053 3.786124889e-05
6054 3.785655913e-05
6055 3.785187072e-05
6056 3.784718366e-05
6057 3.784249796e-05
6058 3.783781362e-05
6059 3.783313062e-05
6060 3.782844898e-05
6061 3.782376869e-05
6062 3.781908975e-05
6063 3.781441216e-05
6064 3.780973592e-05
6065 3.780506103e-05
6066 3.780038749e-05
6067 3.779571529e-05
6068 3.779104445e-05
6069 3.778637495e-05
6070 3.778170679e-05
6071 3.777703998e-05
6072 3.777237452e-05
6073 3.77677104e-05
6074 3.776304762e-05
6075 3.775838619e-05
6076 3.77537261e-05
6077 3.774906735e-05
6078 3.774440994e-05
6079 3.773975387e-05
6080 3.773509915e-05
6081 3.773044576e-05
6082 3.772579371e-05
6083 3.7721143e-05
6084 3.771649362e-05
6085 3.771184559e-05
6086 3.770719889e-05
6087 3.770255352e-05
6088 3.769790949e-05
6089 3.76932668e-05
6090 3.768862544e-05
6091 3.768398541e-05
6092 3.767934671e-05
6093 3.767470935e-05
6094 3.767007332e-05
6095 3.766543862e-05
6096 3.766080525e-05
6097 3.765617321e-05
6098 3.76515425e-05
6099 3.764691312e-05
6100 3.764228506e-05
6101 3.763765833e-05
6102 3.763303293e-05
6103 3.762840886e-05
6104 3.762378611e-05
6105 3.761916468e-05
6106 3.761454458e-05
6107 3.760992581e-05
6108 3.760530835e-05
6109 3.760069222e-05
6110 3.759607741e-05
6111 3.759146393e-05
6112 3.758685176e-05
6113 3.758224091e-05
6114 3.757763139e-05
6115 3.757302318e-05
6116 3.756841629e-05
6117 3.756381072e-05
6118 3.755920646e-05
6119 3.755460353e-05
6120 3.75500019e-05
6121 3.75454016e-05
6122 3.75408026e-05
6123 3.753620493e-05
6124 3.753160856e-05
6125 3.752701351e-05
6126 3.752241977e-05
6127 3.751782735e-05
6128 3.751323623e-05
6129 3.750864643e-05
6130 3.750405793e-05
6131 3.749947075e-05
6132 3.749488487e-05
6133 3.749030031e-05
6134 3.748571705e-05
6135 3.748113509e-05
6136 3.747655445e-05
6137 3.747197511e-05
6138 3.746739707e-05
6139 3.746282034e-05
6140 3.745824492e-05
6141 3.74536708e-05
6142 3.744909798e-05
6143 3.744452646e-05
6144 3.743995625e-05
6145 3.743538734e-05
6146 3.743081972e-05
6147 3.742625341e-05
6148 3.74216884e-05
6149 3.741712469e-05
6150 3.741256227e-05
6151 3.740800115e-05
6152 3.740344133e-05
6153 3.739888281e-05
6154 3.739432558e-05
6155 3.738976965e-05
6156 3.738521502e-05
6157 3.738066167e-05
6158 3.737610963e-05
6159 3.737155887e-05
6160 3.736700941e-05
6161 3.736246124e-05
6162 3.735791436e-05
6163 3.735336877e-05
6164 3.734882447e-05
6165 3.734428147e-05
6166 3.733973975e-05
6167 3.733519932e-05
6168 3.733066018e-05
6169 3.732612232e-05
6170 3.732158575e-05
6171 3.731705047e-05
6172 3.731251648e-05
6173 3.730798377e-05
6174 3.730345234e-05
6175 3.72989222e-05
6176 3.729439334e-05
6177 3.728986576e-05
6178 3.728533947e-05
6179 3.728081446e-05
6180 3.727629073e-05
6181 3.727176828e-05
6182 3.726724711e-05
6183 3.726272722e-05
6184 3.725820861e-05
6185 3.725369128e-05
6186 3.724917522e-05
6187 3.724466044e-05
6188 3.724014694e-05
6189 3.723563472e-05
6190 3.723112377e-05
6191 3.722661409e-05
6192 3.722210569e-05
6193 3.721759857e-05
6194 3.721309271e-05
6195 3.720858813e-05
6196 3.720408482e-05
6197 3.719958279e-05
6198 3.719508202e-05
6199 3.719058252e-05
6200 3.71860843e-05
6201 3.718158734e-05
6202 3.717709165e-05
6203 3.717259723e-05
6204 3.716810408e-05
6205 3.71636122e-05
6206 3.715912158e-05
6207 3.715463222e-05
6208 3.715014414e-05
6209 3.714565731e-05
6210 3.714117176e-05
6211 3.713668746e-05
6212 3.713220443e-05
6213 3.712772266e-05
6214 3.712324215e-05
6215 3.711876291e-05
6216 3.711428492e-05
6217 3.71098082e-05
6218 3.710533273e-05
6219 3.710085853e-05
6220 3.709638558e-05
6221 3.709191389e-05
6222 3.708744346e-05
6223 3.708297429e-05
6224 3.707850637e-05
6225 3.707403971e-05
6226 3.70695743e-05
6227 3.706511015e-05
6228 3.706064725e-05
6229 3.70561856e-05
6230 3.705172521e-05
6231 3.704726607e-05
6232 3.704280819e-05
6233 3.703835155e-05
6234 3.703389617e-05
6235 3.702944204e-05
6236 3.702498915e-05
6237 3.702053752e-05
6238 3.701608713e-05
6239 3.701163799e-05
6240 3.70071901e-05
6241 3.700274346e-05
6242 3.699829806e-05
6243 3.699385391e-05
6244 3.6989411e-05
6245 3.698496934e-05
6246 3.698052893e-05
6247 3.697608975e-05
6248 3.697165182e-05
6249 3.696721514e-05
6250 3.696277969e-05
6251 3.695834549e-05
6252 3.695391253e-05
6253 3.694948081e-05
6254 3.694505032e-05
6255 3.694062108e-05
6256 3.693619308e-05
6257 3.693176631e-05
6258 3.692734078e-05
6259 3.692291649e-05
6260 3.691849344e-05
6261 3.691407162e-05
6262 3.690965104e-05
6263 3.690523169e-05
6264 3.690081358e-05
6265 3.68963967e-05
6266 3.689198106e-05
6267 3.688756664e-05
6268 3.688315346e-05
6269 3.687874151e-05
6270 3.68743308e-05
6271 3.686992131e-05
6272 3.686551305e-05
6273 3.686110603e-05
6274 3.685670023e-05
6275 3.685229566e-05
6276 3.684789232e-05
6277 3.684349021e-05
6278 3.683908932e-05
6279 3.683468966e-05
6280 3.683029122e-05
6281 3.682589402e-05
6282 3.682149803e-05
6283 3.681710327e-05
6284 3.681270973e-05
6285 3.680831742e-05
6286 3.680392633e-05
6287 3.679953646e-05
6288 3.679514781e-05
6289 3.679076039e-05
6290 3.678637418e-05
6291 3.67819892e-05
6292 3.677760543e-05
6293 3.677322288e-05
6294 3.676884156e-05
6295 3.676446144e-05
6296 3.676008255e-05
6297 3.675570487e-05
6298 3.675132841e-05
6299 3.674695317e-05
6300 3.674257914e-05
6301 3.673820632e-05
6302 3.673383472e-05
6303 3.672946434e-05
6304 3.672509516e-05
6305 3.67207272e-05
6306 3.671636045e-05
6307 3.671199491e-05
6308 3.670763058e-05
6309 3.670326747e-05
6310 3.669890556e-05
6311 3.669454486e-05
6312 3.669018537e-05
6313 3.668582709e-05
6314 3.668147002e-05
6315 3.667711415e-05
6316 3.667275949e-05
6317 3.666840604e-05
6318 3.66640538e-05
6319 3.665970275e-05
6320 3.665535292e-05
6321 3.665100428e-05
6322 3.664665685e-05
6323 3.664231063e-05
6324 3.66379656e-05
6325 3.663362178e-05
6326 3.662927916e-05
6327 3.662493774e-05
6328 3.662059752e-05
6329 3.66162585e-05
6330 3.661192068e-05
6331 3.660758406e-05
6332 3.660324864e-05
6333 3.659891442e-05
6334 3.659458139e-05
6335 3.659024956e-05
6336 3.658591892e-05
6337 3.658158949e-05
6338 3.657726124e-05
6339 3.657293419e-05
6340 3.656860834e-05
6341 3.656428368e-05
6342 3.655996021e-05
6343 3.655563794e-05
6344 3.655131686e-05
6345 3.654699696e-05
6346 3.654267826e-05
6347 3.653836076e-05
6348 3.653404444e-05
6349 3.652972931e-05
6350 3.652541537e-05
6351 3.652110261e-05
6352 3.651679105e-05
6353 3.651248067e-05
6354 3.650817148e-05
6355 3.650386348e-05
6356 3.649955666e-05
6357 3.649525103e-05
6358 3.649094659e-05
6359 3.648664332e-05
6360 3.648234125e-05
6361 3.647804035e-05
6362 3.647374064e-05
6363 3.646944211e-05
6364 3.646514476e-05
6365 3.646084859e-05
6366 3.645655361e-05
6367 3.64522598e-05
6368 3.644796718e-05
6369 3.644367573e-05
6370 3.643938546e-05
6371 3.643509638e-05
6372 3.643080846e-05
6373 3.642652173e-05
6374 3.642223617e-05
6375 3.641795179e-05
6376 3.641366859e-05
6377 3.640938656e-05
6378 3.64051057e-05
6379 3.640082602e-05
6380 3.639654751e-05
6381 3.639227018e-05
6382 3.638799402e-05
6383 3.638371903e-05
6384 3.637944521e-05
6385 3.637517257e-05
6386 3.637090109e-05
6387 3.636663079e-05
6388 3.636236165e-05
6389 3.635809368e-05
6390 3.635382689e-05
6391 3.634956126e-05
6392 3.63452968e-05
6393 3.63410335e-05
6394 3.633677137e-05
6395 3.633251041e-05
6396 3.632825061e-05
6397 3.632399198e-05
6398 3.631973452e-05
6399 3.631547822e-05
6400 3.631122308e-05
6401 3.63069691e-05
6402 3.630271629e-05
6403 3.629846464e-05
6404 3.629421415e-05
6405 3.628996482e-05
6406 3.628571666e-05
6407 3.628146965e-05
6408 3.62772238e-05
6409 3.627297912e-05
6410 3.626873559e-05
6411 3.626449322e-05
6412 3.6260252e-05
6413 3.625601195e-05
6414 3.625177305e-05
6415 3.62475353e-05
6416 3.624329872e-05
6417 3.623906328e-05
6418 3.623482901e-05
6419 3.623059588e-05
6420 3.622636391e-05
6421 3.62221331e-05
6422 3.621790343e-05
6423 3.621367492e-05
6424 3.620944756e-05
6425 3.620522136e-05
6426 3.62009963e-05
6427 3.619677239e-05
6428 3.619254963e-05
6429 3.618832803e-05
6430 3.618410757e-05
6431 3.617988826e-05
6432 3.617567009e-05
6433 3.617145308e-05
6434 3.616723721e-05
6435 3.616302248e-05
6436 3.615880891e-05
6437 3.615459648e-05
6438 3.615038519e-05
6439 3.614617505e-05
6440 3.614196605e-05
6441 3.61377582e-05
6442 3.613355148e-05
6443 3.612934591e-05
6444 3.612514149e-05
6445 3.61209382e-05
6446 3.611673606e-05
6447 3.611253505e-05
6448 3.610833519e-05
6449 3.610413646e-05
6450 3.609993888e-05
6451 3.609574243e-05
6452 3.609154712e-05
6453 3.608735295e-05
6454 3.608315991e-05
6455 3.607896801e-05
6456 3.607477725e-05
6457 3.607058763e-05
6458 3.606639913e-05
6459 3.606221178e-05
6460 3.605802556e-05
6461 3.605384047e-05
6462 3.604965651e-05
6463 3.604547369e-05
6464 3.6041292e-05
6465 3.603711144e-05
6466 3.603293201e-05
6467 3.602875372e-05
6468 3.602457655e-05
6469 3.602040051e-05
6470 3.601622561e-05
6471 3.601205183e-05
6472 3.600787918e-05
6473 3.600370766e-05
6474 3.599953726e-05
6475 3.5995368e-05
6476 3.599119986e-05
6477 3.598703284e-05
6478 3.598286695e-05
6479 3.597870219e-05
6480 3.597453855e-05
6481 3.597037603e-05
6482 3.596621464e-05
6483 3.596205437e-05
6484 3.595789523e-05
6485 3.59537372e-05
6486 3.59495803e-05
6487 3.594542452e-05
6488 3.594126986e-05
6489 3.593711632e-05
6490 3.59329639e-05
6491 3.59288126e-05
6492 3.592466242e-05
6493 3.592051336e-05
6494 3.591636541e-05
6495 3.591221859e-05
6496 3.590807287e-05
6497 3.590392828e-05
6498 3.58997848e-05
6499 3.589564244e-05
6500 3.589150119e-05
6501 3.588736106e-05
6502 3.588322204e-05
6503 3.587908414e-05
6504 3.587494734e-05
6505 3.587081167e-05
6506 3.58666771e-05
6507 3.586254364e-05
6508 3.58584113e-05
6509 3.585428007e-05
6510 3.585014994e-05
6511 3.584602093e-05
6512 3.584189303e-05
6513 3.583776624e-05
6514 3.583364055e-05
6515 3.582951597e-05
6516 3.58253925e-05
6517 3.582127014e-05
6518 3.581714888e-05
6519 3.581302873e-05
6520 3.580890969e-05
6521 3.580479175e-05
6522 3.580067492e-05
6523 3.579655919e-05
6524 3.579244456e-05
6525 3.578833104e-05
6526 3.578421862e-05
6527 3.57801073e-05
6528 3.577599709e-05
6529 3.577188797e-05
6530 3.576777996e-05
6531 3.576367305e-05
6532 3.575956724e-05
6533 3.575546253e-05
6534 3.575135891e-05
6535 3.57472564e-05
6536 3.574315498e-05
6537 3.573905467e-05
6538 3.573495545e-05
6539 3.573085732e-05
6540 3.572676029e-05
6541 3.572266436e-05
6542 3.571856953e-05
6543 3.571447579e-05
6544 3.571038314e-05
6545 3.570629159e-05
6546 3.570220113e-05
6547 3.569811177e-05
6548 3.569402349e-05
6549 3.568993631e-05
6550 3.568585023e-05
6551 3.568176523e-05
6552 3.567768132e-05
6553 3.567359851e-05
6554 3.566951678e-05
6555 3.566543615e-05
6556 3.56613566e-05
6557 3.565727814e-05
6558 3.565320077e-05
6559 3.564912449e-05
6560 3.56450493e-05
6561 3.564097519e-05
6562 3.563690217e-05
6563 3.563283023e-05
6564 3.562875938e-05
6565 3.562468961e-05
6566 3.562062093e-05
6567 3.561655334e-05
6568 3.561248682e-05
6569 3.560842139e-05
6570 3.560435705e-05
6571 3.560029378e-05
6572 3.55962316e-05
6573 3.55921705e-05
6574 3.558811048e-05
6575 3.558405154e-05
6576 3.557999368e-05
6577 3.55759369e-05
6578 3.55718812e-05
6579 3.556782657e-05
6580 3.556377303e-05
6581 3.555972056e-05
6582 3.555566917e-05
6583 3.555161886e-05
6584 3.554756962e-05
6585 3.554352146e-05
6586 3.553947438e-05
6587 3.553542837e-05
6588 3.553138343e-05
6589 3.552733957e-05
6590 3.552329679e-05
6591 3.551925507e-05
6592 3.551521443e-05
6593 3.551117486e-05
6594 3.550713637e-05
6595 3.550309894e-05
6596 3.549906259e-05
6597 3.54950273e-05
6598 3.549099309e-05
6599 3.548695995e-05
6600 3.548292787e-05
6601 3.547889687e-05
6602 3.547486693e-05
6603 3.547083806e-05
6604 3.546681026e-05
6605 3.546278352e-05
6606 3.545875785e-05
6607 3.545473325e-05
6608 3.545070971e-05
6609 3.544668724e-05
6610 3.544266584e-05
6611 3.543864549e-05
6612 3.543462622e-05
6613 3.5430608e-05
6614 3.542659085e-05
6615 3.542257476e-05
6616 3.541855973e-05
6617 3.541454577e-05
6618 3.541053286e-05
6619 3.540652102e-05
6620 3.540251024e-05
6621 3.539850052e-05
6622 3.539449185e-05
6623 3.539048425e-05
6624 3.53864777e-05
6625 3.538247222e-05
6626 3.537846779e-05
6627 3.537446441e-05
6628 3.53704621e-05
6629 3.536646084e-05
6630 3.536246064e-05
6631 3.535846149e-05
6632 3.53544634e-05
6633 3.535046636e-05
6634 3.534647038e-05
6635 3.534247545e-05
6636 3.533848157e-05
6637 3.533448875e-05
6638 3.533049698e-05
6639 3.532650626e-05
6640 3.532251659e-05
6641 3.531852798e-05
6642 3.531454041e-05
6643 3.53105539e-05
6644 3.530656843e-05
6645 3.530258402e-05
6646 3.529860065e-05
6647 3.529461833e-05
6648 3.529063706e-05
6649 3.528665684e-05
6650 3.528267767e-05
6651 3.527869954e-05
6652 3.527472246e-05
6653 3.527074642e-05
6654 3.526677143e-05
6655 3.526279749e-05
6656 3.525882459e-05
6657 3.525485273e-05
6658 3.525088192e-05
6659 3.524691215e-05
6660 3.524294343e-05
6661 3.523897574e-05
6662 3.52350091e-05
6663 3.52310435e-05
6664 3.522707895e-05
6665 3.522311543e-05
6666 3.521915295e-05
6667 3.521519151e-05
6668 3.521123112e-05
6669 3.520727176e-05
6670 3.520331344e-05
6671 3.519935616e-05
6672 3.519539992e-05
6673 3.519144471e-05
6674 3.518749054e-05
6675 3.518353741e-05
6676 3.517958531e-05
6677 3.517563425e-05
6678 3.517168423e-05
6679 3.516773524e-05
6680 3.516378728e-05
6681 3.515984036e-05
6682 3.515589447e-05
6683 3.515194961e-05
6684 3.514800579e-05
6685 3.5144063e-05
6686 3.514012124e-05
6687 3.513618051e-05
6688 3.513224082e-05
6689 3.512830215e-05
6690 3.512436452e-05
6691 3.512042791e-05
6692 3.511649233e-05
6693 3.511255779e-05
6694 3.510862427e-05
6695 3.510469178e-05
6696 3.510076031e-05
6697 3.509682988e-05
6698 3.509290047e-05
6699 3.508897209e-05
6700 3.508504473e-05
6701 3.50811184e-05
6702 3.507719309e-05
6703 3.507326881e-05
6704 3.506934555e-05
6705 3.506542332e-05
6706 3.506150211e-05
6707 3.505758192e-05
6708 3.505366275e-05
6709 3.504974461e-05
6710 3.504582749e-05
6711 3.504191139e-05
6712 3.503799631e-05
6713 3.503408225e-05
6714 3.503016922e-05
6715 3.50262572e-05
6716 3.50223462e-05
6717 3.501843622e-05
6718 3.501452726e-05
6719 3.501061931e-05
6720 3.500671239e-05
6721 3.500280648e-05
6722 3.499890158e-05
6723 3.499499771e-05
6724 3.499109485e-05
6725 3.4987193e-05
6726 3.498329217e-05
6727 3.497939236e-05
6728 3.497549356e-05
6729 3.497159577e-05
6730 3.4967699e-05
6731 3.496380323e-05
6732 3.495990849e-05
6733 3.495601475e-05
6734 3.495212203e-05
6735 3.494823031e-05
6736 3.494433961e-05
6737 3.494044992e-05
6738 3.493656124e-05
6739 3.493267357e-05
6740 3.49287869e-05
6741 3.492490125e-05
6742 3.492101661e-05
6743 3.491713297e-05
6744 3.491325034e-05
6745 3.490936872e-05
6746 3.49054881e-05
6747 3.490160849e-05
6748 3.489772989e-05
6749 3.489385229e-05
6750 3.48899757e-05
6751 3.488610011e-05
6752 3.488222553e-05
6753 3.487835195e-05
6754 3.487447938e-05
6755 3.48706078e-05
6756 3.486673723e-05
6757 3.486286767e-05
6758 3.48589991e-05
6759 3.485513154e-05
6760 3.485126497e-05
6761 3.484739941e-05
6762 3.484353485e-05
6763 3.483967129e-05
6764 3.483580872e-05
6765 3.483194716e-05
6766 3.48280866e-05
6767 3.482422703e-05
6768 3.482036846e-05
6769 3.481651089e-05
6770 3.481265431e-05
6771 3.480879874e-05
6772 3.480494416e-05
6773 3.480109057e-05
6774 3.479723798e-05
6775 3.479338638e-05
6776 3.478953578e-05
6777 3.478568618e-05
6778 3.478183756e-05
6779 3.477798994e-05
6780 3.477414332e-05
6781 3.477029768e-05
6782 3.476645304e-05
6783 3.476260939e-05
6784 3.475876673e-05
6785 3.475492507e-05
6786 3.475108439e-05
6787 3.47472447e-05
6788 3.474340601e-05
6789 3.47395683e-05
6790 3.473573158e-05
6791 3.473189585e-05
6792 3.472806111e-05
6793 3.472422735e-05
6794 3.472039459e-05
6795 3.471656281e-05
6796 3.471273202e-05
6797 3.470890221e-05
6798 3.470507339e-05
6799 3.470124555e-05
6800 3.46974187e-05
6801 3.469359283e-05
6802 3.468976795e-05
6803 3.468594405e-05
6804 3.468212114e-05
6805 3.467829921e-05
6806 3.467447826e-05
6807 3.467065829e-05
6808 3.466683931e-05
6809 3.46630213e-05
6810 3.465920428e-05
6811 3.465538824e-05
6812 3.465157317e-05
6813 3.464775909e-05
6814 3.464394599e-05
6815 3.464013386e-05
6816 3.463632272e-05
6817 3.463251255e-05
6818 3.462870336e-05
6819 3.462489515e-05
6820 3.462108792e-05
6821 3.461728166e-05
6822 3.461347638e-05
6823 3.460967207e-05
6824 3.460586874e-05
6825 3.460206639e-05
6826 3.459826501e-05
6827 3.45944646e-05
6828 3.459066517e-05
6829 3.458686671e-05
6830 3.458306922e-05
6831 3.457927271e-05
6832 3.457547717e-05
6833 3.45716826e-05
6834 3.4567889e-05
6835 3.456409638e-05
6836 3.456030472e-05
6837 3.455651404e-05
6838 3.455272432e-05
6839 3.454893558e-05
6840 3.45451478e-05
6841 3.454136099e-05
6842 3.453757516e-05
6843 3.453379029e-05
6844 3.453000638e-05
6845 3.452622345e-05
6846 3.452244148e-05
6847 3.451866048e-05
6848 3.451488044e-05
6849 3.451110137e-05
6850 3.450732326e-05
6851 3.450354612e-05
6852 3.449976995e-05
6853 3.449599474e-05
6854 3.449222049e-05
6855 3.44884472e-05
6856 3.448467488e-05
6857 3.448090352e-05
6858 3.447713313e-05
6859 3.447336369e-05
6860 3.446959522e-05
6861 3.446582771e-05
6862 3.446206116e-05
6863 3.445829557e-05
6864 3.445453094e-05
6865 3.445076726e-05
6866 3.444700455e-05
6867 3.44432428e-05
6868 3.4439482e-05
6869 3.443572217e-05
6870 3.443196329e-05
6871 3.442820536e-05
6872 3.44244484e-05
6873 3.442069239e-05
6874 3.441693734e-05
6875 3.441318324e-05
6876 3.44094301e-05
6877 3.440567791e-05
6878 3.440192668e-05
6879 3.43981764e-05
6880 3.439442708e-05
6881 3.43906787e-05
6882 3.438693129e-05
6883 3.438318482e-05
6884 3.437943931e-05
6885 3.437569475e-05
6886 3.437195114e-05
6887 3.436820848e-05
6888 3.436446677e-05
6889 3.436072601e-05
6890 3.435698621e-05
6891 3.435324735e-05
6892 3.434950944e-05
6893 3.434577248e-05
6894 3.434203647e-05
6895 3.433830141e-05
6896 3.433456729e-05
6897 3.433083412e-05
6898 3.43271019e-05
6899 3.432337063e-05
6900 3.43196403e-05
6901 3.431591092e-05
6902 3.431218248e-05
6903 3.430845499e-05
6904 3.430472844e-05
6905 3.430100284e-05
6906 3.429727818e-05
6907 3.429355447e-05
6908 3.428983169e-05
6909 3.428610987e-05
6910 3.428238898e-05
6911 3.427866903e-05
6912 3.427495003e-05
6913 3.427123197e-05
6914 3.426751485e-05
6915 3.426379867e-05
6916 3.426008343e-05
6917 3.425636913e-05
6918 3.425265577e-05
6919 3.424894335e-05
6920 3.424523187e-05
6921 3.424152132e-05
6922 3.423781171e-05
6923 3.423410305e-05
6924 3.423039531e-05
6925 3.422668852e-05
6926 3.422298266e-05
6927 3.421927774e-05
6928 3.421557375e-05
6929 3.42118707e-05
6930 3.420816859e-05
6931 3.42044674e-05
6932 3.420076716e-05
6933 3.419706784e-05
6934 3.419336946e-05
6935 3.418967202e-05
6936 3.41859755e-05
6937 3.418227992e-05
6938 3.417858527e-05
6939 3.417489156e-05
6940 3.417119877e-05
6941 3.416750691e-05
6942 3.416381599e-05
6943 3.416012599e-05
6944 3.415643693e-05
6945 3.415274879e-05
6946 3.414906159e-05
6947 3.414537531e-05
6948 3.414168996e-05
6949 3.413800554e-05
6950 3.413432205e-05
6951 3.413063948e-05
6952 3.412695784e-05
6953 3.412327713e-05
6954 3.411959734e-05
6955 3.411591848e-05
6956 3.411224054e-05
6957 3.410856353e-05
6958 3.410488745e-05
6959 3.410121228e-05
6960 3.409753805e-05
6961 3.409386473e-05
6962 3.409019234e-05
6963 3.408652087e-05
6964 3.408285033e-05
6965 3.407918071e-05
6966 3.4075512e-05
6967 3.407184422e-05
6968 3.406817736e-05
6969 3.406451143e-05
6970 3.406084641e-05
6971 3.405718231e-05
6972 3.405351913e-05
6973 3.404985687e-05
6974 3.404619553e-05
6975 3.404253511e-05
6976 3.40388756e-05
6977 3.403521702e-05
6978 3.403155935e-05
6979 3.40279026e-05
6980 3.402424676e-05
6981 3.402059184e-05
6982 3.401693784e-05
6983 3.401328476e-05
6984 3.400963258e-05
6985 3.400598133e-05
6986 3.400233098e-05
6987 3.399868156e-05
6988 3.399503304e-05
6989 3.399138544e-05
6990 3.398773875e-05
6991 3.398409298e-05
6992 3.398044811e-05
6993 3.397680416e-05
6994 3.397316112e-05
6995 3.3969519e-05
6996 3.396587778e-05
6997 3.396223747e-05
6998 3.395859808e-05
6999 3.395495959e-05
7000 3.395132201e-05
7001 3.394768535e-05
7002 3.394404959e-05
7003 3.394041474e-05
7004 3.39367808e-05
7005 3.393314776e-05
7006 3.392951563e-05
7007 3.392588441e-05
7008 3.39222541e-05
7009 3.391862469e-05
7010 3.391499619e-05
7011 3.39113686e-05
7012 3.390774191e-05
7013 3.390411612e-05
7014 3.390049124e-05
7015 3.389686726e-05
7016 3.389324419e-05
7017 3.388962202e-05
7018 3.388600075e-05
7019 3.388238039e-05
7020 3.387876093e-05
7021 3.387514237e-05
7022 3.387152471e-05
7023 3.386790796e-05
7024 3.38642921e-05
7025 3.386067715e-05
7026 3.385706309e-05
7027 3.385344994e-05
7028 3.384983768e-05
7029 3.384622633e-05
7030 3.384261587e-05
7031 3.383900631e-05
7032 3.383539765e-05
7033 3.383178989e-05
7034 3.382818303e-05
7035 3.382457706e-05
7036 3.382097199e-05
7037 3.381736781e-05
7038 3.381376453e-05
7039 3.381016215e-05
7040 3.380656066e-05
7041 3.380296007e-05
7042 3.379936037e-05
7043 3.379576157e-05
7044 3.379216366e-05
7045 3.378856665e-05
7046 3.378497052e-05
7047 3.378137529e-05
7048 3.377778096e-05
7049 3.377418751e-05
7050 3.377059496e-05
7051 3.37670033e-05
7052 3.376341253e-05
7053 3.375982265e-05
7054 3.375623366e-05
7055 3.375264556e-05
7056 3.374905835e-05
7057 3.374547203e-05
7058 3.37418866e-05
7059 3.373830206e-05
7060 3.373471841e-05
7061 3.373113564e-05
7062 3.372755377e-05
7063 3.372397278e-05
7064 3.372039267e-05
7065 3.371681346e-05
7066 3.371323513e-05
7067 3.370965768e-05
7068 3.370608113e-05
7069 3.370250545e-05
7070 3.369893066e-05
7071 3.369535676e-05
7072 3.369178374e-05
7073 3.368821161e-05
7074 3.368464036e-05
7075 3.368106999e-05
7076 3.36775005e-05
7077 3.36739319e-05
7078 3.367036418e-05
7079 3.366679734e-05
7080 3.366323138e-05
7081 3.365966631e-05
7082 3.365610211e-05
7083 3.36525388e-05
7084 3.364897636e-05
7085 3.364541481e-05
7086 3.364185413e-05
7087 3.363829433e-05
7088 3.363473542e-05
7089 3.363117738e-05
7090 3.362762022e-05
7091 3.362406393e-05
7092 3.362050853e-05
7093 3.3616954e-05
7094 3.361340035e-05
7095 3.360984757e-05
7096 3.360629567e-05
7097 3.360274465e-05
7098 3.35991945e-05
7099 3.359564523e-05
7100 3.359209683e-05
7101 3.358854931e-05
7102 3.358500266e-05
7103 3.358145688e-05
7104 3.357791198e-05
7105 3.357436795e-05
7106 3.357082479e-05
7107 3.35672825e-05
7108 3.356374109e-05
7109 3.356020055e-05
7110 3.355666088e-05
7111 3.355312208e-05
7112 3.354958415e-05
7113 3.354604709e-05
7114 3.354251091e-05
7115 3.353897559e-05
7116 3.353544114e-05
7117 3.353190756e-05
7118 3.352837485e-05
7119 3.3524843e-05
7120 3.352131203e-05
7121 3.351778192e-05
7122 3.351425268e-05
7123 3.351072431e-05
7124 3.35071968e-05
7125 3.350367016e-05
7126 3.350014439e-05
7127 3.349661948e-05
7128 3.349309544e-05
7129 3.348957226e-05
7130 3.348604994e-05
7131 3.348252849e-05
7132 3.347900791e-05
7133 3.347548819e-05
7134 3.347196933e-05
7135 3.346845133e-05
7136 3.34649342e-05
7137 3.346141793e-05
7138 3.345790252e-05
7139 3.345438797e-05
7140 3.345087429e-05
7141 3.344736146e-05
7142 3.34438495e-05
7143 3.344033839e-05
7144 3.343682815e-05
7145 3.343331877e-05
7146 3.342981024e-05
7147 3.342630258e-05
7148 3.342279577e-05
7149 3.341928982e-05
7150 3.341578473e-05
7151 3.341228049e-05
7152 3.340877712e-05
7153 3.34052746e-05
7154 3.340177294e-05
7155 3.339827213e-05
7156 3.339477218e-05
7157 3.339127309e-05
7158 3.338777485e-05
7159 3.338427746e-05
7160 3.338078094e-05
7161 3.337728526e-05
7162 3.337379044e-05
7163 3.337029647e-05
7164 3.336680336e-05
7165 3.33633111e-05
7166 3.335981969e-05
7167 3.335632914e-05
7168 3.335283943e-05
7169 3.334935058e-05
7170 3.334586258e-05
7171 3.334237543e-05
7172 3.333888913e-05
7173 3.333540369e-05
7174 3.333191909e-05
7175 3.332843534e-05
7176 3.332495244e-05
7177 3.332147039e-05
7178 3.331798919e-05
7179 3.331450884e-05
7180 3.331102934e-05
7181 3.330755068e-05
7182 3.330407287e-05
7183 3.330059591e-05
7184 3.32971198e-05
7185 3.329364453e-05
7186 3.329017011e-05
7187 3.328669653e-05
7188 3.32832238e-05
7189 3.327975192e-05
7190 3.327628088e-05
7191 3.327281068e-05
7192 3.326934133e-05
7193 3.326587282e-05
7194 3.326240516e-05
7195 3.325893834e-05
7196 3.325547236e-05
7197 3.325200723e-05
7198 3.324854294e-05
7199 3.324507949e-05
7200 3.324161688e-05
7201 3.323815511e-05
7202 3.323469419e-05
7203 3.32312341e-05
7204 3.322777486e-05
7205 3.322431645e-05
7206 3.322085889e-05
7207 3.321740216e-05
7208 3.321394627e-05
7209 3.321049123e-05
7210 3.320703702e-05
7211 3.320358365e-05
7212 3.320013111e-05
7213 3.319667942e-05
7214 3.319322856e-05
7215 3.318977854e-05
7216 3.318632936e-05
7217 3.318288101e-05
7218 3.317943349e-05
7219 3.317598682e-05
7220 3.317254098e-05
7221 3.316909597e-05
7222 3.31656518e-05
7223 3.316220846e-05
7224 3.315876596e-05
7225 3.315532429e-05
7226 3.315188345e-05
7227 3.314844345e-05
7228 3.314500428e-05
7229 3.314156594e-05
7230 3.313812843e-05
7231 3.313469176e-05
7232 3.313125592e-05
7233 3.312782091e-05
7234 3.312438673e-05
7235 3.312095338e-05
7236 3.311752086e-05
7237 3.311408917e-05
7238 3.311065831e-05
7239 3.310722828e-05
7240 3.310379908e-05
7241 3.31003707e-05
7242 3.309694316e-05
7243 3.309351644e-05
7244 3.309009055e-05
7245 3.308666549e-05
7246 3.308324126e-05
7247 3.307981785e-05
7248 3.307639527e-05
7249 3.307297351e-05
7250 3.306955258e-05
7251 3.306613248e-05
7252 3.30627132e-05
7253 3.305929475e-05
7254 3.305587712e-05
7255 3.305246031e-05
7256 3.304904433e-05
7257 3.304562918e-05
7258 3.304221484e-05
7259 3.303880133e-05
7260 3.303538864e-05
7261 3.303197678e-05
7262 3.302856573e-05
7263 3.302515551e-05
7264 3.302174611e-05
7265 3.301833753e-05
7266 3.301492977e-05
7267 3.301152284e-05
7268 3.300811672e-05
7269 3.300471142e-05
7270 3.300130694e-05
7271 3.299790329e-05
7272 3.299450045e-05
7273 3.299109842e-05
7274 3.298769722e-05
7275 3.298429684e-05
7276 3.298089727e-05
7277 3.297749852e-05
7278 3.297410059e-05
7279 3.297070347e-05
7280 3.296730717e-05
7281 3.296391169e-05
7282 3.296051703e-05
7283 3.295712317e-05
7284 3.295373014e-05
7285 3.295033792e-05
7286 3.294694651e-05
7287 3.294355592e-05
7288 3.294016614e-05
7289 3.293677718e-05
7290 3.293338903e-05
7291 3.293000169e-05
7292 3.292661516e-05
7293 3.292322945e-05
7294 3.291984455e-05
7295 3.291646046e-05
7296 3.291307719e-05
7297 3.290969472e-05
7298 3.290631307e-05
7299 3.290293222e-05
7300 3.289955219e-05
7301 3.289617297e-05
7302 3.289279456e-05
7303 3.288941695e-05
7304 3.288604016e-05
7305 3.288266417e-05
7306 3.287928899e-05
7307 3.287591463e-05
7308 3.287254106e-05
7309 3.286916831e-05
7310 3.286579636e-05
7311 3.286242523e-05
7312 3.285905489e-05
7313 3.285568537e-05
7314 3.285231665e-05
7315 3.284894873e-05
7316 3.284558163e-05
7317 3.284221532e-05
7318 3.283884982e-05
7319 3.283548513e-05
7320 3.283212124e-05
7321 3.282875816e-05
7322 3.282539587e-05
7323 3.28220344e-05
7324 3.281867372e-05
7325 3.281531385e-05
7326 3.281195478e-05
7327 3.280859651e-05
7328 3.280523904e-05
7329 3.280188238e-05
7330 3.279852652e-05
7331 3.279517145e-05
7332 3.279181719e-05
7333 3.278846373e-05
7334 3.278511107e-05
7335 3.278175921e-05
7336 3.277840815e-05
7337 3.277505789e-05
7338 3.277170842e-05
7339 3.276835976e-05
7340 3.276501189e-05
7341 3.276166482e-05
7342 3.275831855e-05
7343 3.275497308e-05
7344 3.27516284e-05
7345 3.274828452e-05
7346 3.274494144e-05
7347 3.274159915e-05
7348 3.273825766e-05
7349 3.273491697e-05
7350 3.273157707e-05
7351 3.272823796e-05
7352 3.272489965e-05
7353 3.272156214e-05
7354 3.271822541e-05
7355 3.271488949e-05
7356 3.271155435e-05
7357 3.270822001e-05
7358 3.270488646e-05
7359 3.270155371e-05
7360 3.269822174e-05
7361 3.269489057e-05
7362 3.269156019e-05
7363 3.26882306e-05
7364 3.268490181e-05
7365 3.26815738e-05
7366 3.267824659e-05
7367 3.267492016e-05
7368 3.267159453e-05
7369 3.266826968e-05
7370 3.266494562e-05
7371 3.266162236e-05
7372 3.265829988e-05
7373 3.265497819e-05
7374 3.265165729e-05
7375 3.264833717e-05
7376 3.264501785e-05
7377 3.264169931e-05
7378 3.263838156e-05
7379 3.263506459e-05
7380 3.263174841e-05
7381 3.262843302e-05
7382 3.262511842e-05
7383 3.262180459e-05
7384 3.261849156e-05
7385 3.261517931e-05
7386 3.261186784e-05
7387 3.260855716e-05
7388 3.260524726e-05
7389 3.260193815e-05
7390 3.259862982e-05
7391 3.259532227e-05
7392 3.259201551e-05
7393 3.258870953e-05
7394 3.258540433e-05
7395 3.258209991e-05
7396 3.257879628e-05
7397 3.257549342e-05
7398 3.257219135e-05
7399 3.256889006e-05
7400 3.256558955e-05
7401 3.256228982e-05
7402 3.255899087e-05
7403 3.25556927e-05
7404 3.255239531e-05
7405 3.25490987e-05
7406 3.254580286e-05
7407 3.254250781e-05
7408 3.253921353e-05
7409 3.253592003e-05
7410 3.253262731e-05
7411 3.252933537e-05
7412 3.25260442e-05
7413 3.252275381e-05
7414 3.25194642e-05
7415 3.251617537e-05
7416 3.251288731e-05
7417 3.250960002e-05
7418 3.250631351e-05
7419 3.250302778e-05
7420 3.249974282e-05
7421 3.249645863e-05
7422 3.249317522e-05
7423 3.248989259e-05
7424 3.248661073e-05
7425 3.248332964e-05
7426 3.248004932e-05
7427 3.247676978e-05
7428 3.247349101e-05
7429 3.247021301e-05
7430 3.246693578e-05
7431 3.246365933e-05
7432 3.246038364e-05
7433 3.245710873e-05
7434 3.245383459e-05
7435 3.245056122e-05
7436 3.244728862e-05
7437 3.244401679e-05
7438 3.244074573e-05
7439 3.243747544e-05
7440 3.243420591e-05
7441 3.243093716e-05
7442 3.242766918e-05
7443 3.242440196e-05
7444 3.242113551e-05
7445 3.241786983e-05
7446 3.241460492e-05
7447 3.241134077e-05
7448 3.240807739e-05
7449 3.240481478e-05
7450 3.240155293e-05
7451 3.239829185e-05
7452 3.239503154e-05
7453 3.239177199e-05
7454 3.23885132e-05
7455 3.238525518e-05
7456 3.238199793e-05
7457 3.237874144e-05
7458 3.237548571e-05
7459 3.237223075e-05
7460 3.236897655e-05
7461 3.236572311e-05
7462 3.236247044e-05
7463 3.235921853e-05
7464 3.235596738e-05
7465 3.2352717e-05
7466 3.234946737e-05
7467 3.234621851e-05
7468 3.234297041e-05
7469 3.233972307e-05
7470 3.233647649e-05
7471 3.233323067e-05
7472 3.232998561e-05
7473 3.232674131e-05
7474 3.232349777e-05
7475 3.232025499e-05
7476 3.231701297e-05
7477 3.23137717e-05
7478 3.23105312e-05
7479 3.230729145e-05
7480 3.230405246e-05
7481 3.230081423e-05
7482 3.229757676e-05
7483 3.229434004e-05
7484 3.229110408e-05
7485 3.228786888e-05
7486 3.228463443e-05
7487 3.228140074e-05
7488 3.227816781e-05
7489 3.227493562e-05
7490 3.22717042e-05
7491 3.226847353e-05
7492 3.226524361e-05
7493 3.226201445e-05
7494 3.225878604e-05
7495 3.225555839e-05
7496 3.225233149e-05
7497 3.224910534e-05
7498 3.224587995e-05
7499 3.224265531e-05
7500 3.223943142e-05
7501 3.223620828e-05
7502 3.223298589e-05
7503 3.222976426e-05
7504 3.222654338e-05
7505 3.222332325e-05
7506 3.222010386e-05
7507 3.221688523e-05
7508 3.221366735e-05
7509 3.221045022e-05
7510 3.220723384e-05
7511 3.220401821e-05
7512 3.220080333e-05
7513 3.219758919e-05
7514 3.219437581e-05
7515 3.219116317e-05
7516 3.218795128e-05
7517 3.218474014e-05
7518 3.218152974e-05
7519 3.21783201e-05
7520 3.217511119e-05
7521 3.217190304e-05
7522 3.216869563e-05
7523 3.216548897e-05
7524 3.216228306e-05
7525 3.215907788e-05
7526 3.215587346e-05
7527 3.215266978e-05
7528 3.214946684e-05
7529 3.214626465e-05
7530 3.214306321e-05
7531 3.21398625e-05
7532 3.213666254e-05
7533 3.213346333e-05
7534 3.213026485e-05
7535 3.212706712e-05
7536 3.212387013e-05
7537 3.212067389e-05
7538 3.211747838e-05
7539 3.211428362e-05
7540 3.21110896e-05
7541 3.210789632e-05
7542 3.210470378e-05
7543 3.210151198e-05
7544 3.209832092e-05
7545 3.209513061e-05
7546 3.209194103e-05
7547 3.208875219e-05
7548 3.208556409e-05
7549 3.208237673e-05
7550 3.207919011e-05
7551 3.207600422e-05
7552 3.207281908e-05
7553 3.206963467e-05
7554 3.2066451e-05
7555 3.206326807e-05
7556 3.206008588e-05
7557 3.205690442e-05
7558 3.20537237e-05
7559 3.205054371e-05
7560 3.204736446e-05
7561 3.204418595e-05
7562 3.204100817e-05
7563 3.203783113e-05
7564 3.203465482e-05
7565 3.203147924e-05
7566 3.202830441e-05
7567 3.20251303e-05
7568 3.202195693e-05
7569 3.201878429e-05
7570 3.201561239e-05
7571 3.201244122e-05
7572 3.200927078e-05
7573 3.200610107e-05
7574 3.20029321e-05
7575 3.199976386e-05
7576 3.199659635e-05
7577 3.199342957e-05
7578 3.199026353e-05
7579 3.198709821e-05
7580 3.198393362e-05
7581 3.198076977e-05
7582 3.197760665e-05
7583 3.197444425e-05
7584 3.197128259e-05
7585 3.196812165e-05
7586 3.196496144e-05
7587 3.196180197e-05
7588 3.195864322e-05
7589 3.19554852e-05
7590 3.19523279e-05
7591 3.194917134e-05
7592 3.19460155e-05
7593 3.194286039e-05
7594 3.193970601e-05
7595 3.193655235e-05
7596 3.193339942e-05
7597 3.193024722e-05
7598 3.192709574e-05
7599 3.192394499e-05
7600 3.192079496e-05
7601 3.191764566e-05
7602 3.191449708e-05
7603 3.191134923e-05
7604 3.19082021e-05
7605 3.19050557e-05
7606 3.190191002e-05
7607 3.189876507e-05
7608 3.189562083e-05
7609 3.189247732e-05
7610 3.188933454e-05
7611 3.188619247e-05
7612 3.188305113e-05
7613 3.187991051e-05
7614 3.187677061e-05
7615 3.187363143e-05
7616 3.187049298e-05
7617 3.186735524e-05
7618 3.186421823e-05
7619 3.186108194e-05
7620 3.185794636e-05
7621 3.185481151e-05
7622 3.185167738e-05
7623 3.184854396e-05
7624 3.184541127e-05
7625 3.184227929e-05
7626 3.183914803e-05
7627 3.18360175e-05
7628 3.183288767e-05
7629 3.182975857e-05
7630 3.182663019e-05
7631 3.182350252e-05
7632 3.182037557e-05
7633 3.181724933e-05
7634 3.181412381e-05
7635 3.181099901e-05
7636 3.180787493e-05
7637 3.180475156e-05
7638 3.18016289e-05
7639 3.179850697e-05
7640 3.179538574e-05
7641 3.179226523e-05
7642 3.178914544e-05
7643 3.178602636e-05
7644 3.178290799e-05
7645 3.177979034e-05
7646 3.17766734e-05
7647 3.177355717e-05
7648 3.177044166e-05
7649 3.176732686e-05
7650 3.176421277e-05
7651 3.17610994e-05
7652 3.175798674e-05
7653 3.175487478e-05
7654 3.175176354e-05
7655 3.174865301e-05
7656 3.17455432e-05
7657 3.174243409e-05
7658 3.173932569e-05
7659 3.1736218e-05
7660 3.173311103e-05
7661 3.173000476e-05
7662 3.17268992e-05
7663 3.172379435e-05
7664 3.172069021e-05
7665 3.171758678e-05
7666 3.171448406e-05
7667 3.171138204e-05
7668 3.170828074e-05
7669 3.170518014e-05
7670 3.170208024e-05
7671 3.169898106e-05
7672 3.169588258e-05
7673 3.169278481e-05
7674 3.168968774e-05
7675 3.168659138e-05
7676 3.168349573e-05
7677 3.168040078e-05
7678 3.167730654e-05
7679 3.1674213e-05
7680 3.167112017e-05
7681 3.166802804e-05
7682 3.166493662e-05
7683 3.16618459e-05
7684 3.165875588e-05
7685 3.165566657e-05
7686 3.165257796e-05
7687 3.164949006e-05
7688 3.164640285e-05
7689 3.164331635e-05
7690 3.164023056e-05
7691 3.163714546e-05
7692 3.163406107e-05
7693 3.163097737e-05
7694 3.162789438e-05
7695 3.162481209e-05
7696 3.16217305e-05
7697 3.161864961e-05
7698 3.161556942e-05
7699 3.161248994e-05
7700 3.160941115e-05
7701 3.160633306e-05
7702 3.160325567e-05
7703 3.160017898e-05
7704 3.159710299e-05
7705 3.159402769e-05
7706 3.15909531e-05
7707 3.15878792e-05
7708 3.1584806e-05
7709 3.15817335e-05
7710 3.157866169e-05
7711 3.157559059e-05
7712 3.157252018e-05
7713 3.156945046e-05
7714 3.156638144e-05
7715 3.156331312e-05
7716 3.15602455e-05
7717 3.155717857e-05
7718 3.155411233e-05
7719 3.155104679e-05
7720 3.154798195e-05
7721 3.15449178e-05
7722 3.154185434e-05
7723 3.153879158e-05
7724 3.153572951e-05
7725 3.153266814e-05
7726 3.152960745e-05
7727 3.152654747e-05
7728 3.152348817e-05
7729 3.152042957e-05
7730 3.151737166e-05
7731 3.151431444e-05
7732 3.151125791e-05
7733 3.150820208e-05
7734 3.150514694e-05
7735 3.150209248e-05
7736 3.149903872e-05
7737 3.149598565e-05
7738 3.149293327e-05
7739 3.148988158e-05
7740 3.148683058e-05
7741 3.148378027e-05
7742 3.148073065e-05
7743 3.147768172e-05
7744 3.147463347e-05
7745 3.147158592e-05
7746 3.146853905e-05
7747 3.146549288e-05
7748 3.146244739e-05
7749 3.145940258e-05
7750 3.145635847e-05
7751 3.145331504e-05
7752 3.14502723e-05
7753 3.144723025e-05
7754 3.144418888e-05
7755 3.14411482e-05
7756 3.143810821e-05
7757 3.14350689e-05
7758 3.143203027e-05
7759 3.142899233e-05
7760 3.142595508e-05
7761 3.142291851e-05
7762 3.141988263e-05
7763 3.141684743e-05
7764 3.141381291e-05
7765 3.141077908e-05
7766 3.140774593e-05
7767 3.140471347e-05
7768 3.140168168e-05
7769 3.139865059e-05
7770 3.139562017e-05
7771 3.139259043e-05
7772 3.138956138e-05
7773 3.138653301e-05
7774 3.138350532e-05
7775 3.138047832e-05
7776 3.137745199e-05
7777 3.137442635e-05
7778 3.137140138e-05
7779 3.13683771e-05
7780 3.136535349e-05
7781 3.136233057e-05
7782 3.135930833e-05
7783 3.135628676e-05
7784 3.135326588e-05
7785 3.135024567e-05
7786 3.134722614e-05
7787 3.134420729e-05
7788 3.134118912e-05
7789 3.133817163e-05
7790 3.133515481e-05
7791 3.133213868e-05
7792 3.132912322e-05
7793 3.132610843e-05
7794 3.132309433e-05
7795 3.13200809e-05
7796 3.131706814e-05
7797 3.131405607e-05
7798 3.131104467e-05
7799 3.130803394e-05
7800 3.130502389e-05
7801 3.130201452e-05
7802 3.129900581e-05
7803 3.129599779e-05
7804 3.129299044e-05
7805 3.128998376e-05
7806 3.128697776e-05
7807 3.128397243e-05
7808 3.128096777e-05
7809 3.127796379e-05
7810 3.127496048e-05
7811 3.127195785e-05
7812 3.126895588e-05
7813 3.126595459e-05
7814 3.126295397e-05
7815 3.125995402e-05
7816 3.125695475e-05
7817 3.125395614e-05
7818 3.125095821e-05
7819 3.124796095e-05
7820 3.124496436e-05
7821 3.124196843e-05
7822 3.123897318e-05
7823 3.12359786e-05
7824 3.123298469e-05
7825 3.122999145e-05
7826 3.122699888e-05
7827 3.122400697e-05
7828 3.122101574e-05
7829 3.121802517e-05
7830 3.121503527e-05
7831 3.121204604e-05
7832 3.120905748e-05
7833 3.120606958e-05
7834 3.120308236e-05
7835 3.12000958e-05
7836 3.11971099e-05
7837 3.119412468e-05
7838 3.119114012e-05
7839 3.118815622e-05
7840 3.1185173e-05
7841 3.118219043e-05
7842 3.117920854e-05
7843 3.117622731e-05
7844 3.117324674e-05
7845 3.117026684e-05
7846 3.11672876e-05
7847 3.116430903e-05
7848 3.116133112e-05
7849 3.115835387e-05
7850 3.115537729e-05
7851 3.115240138e-05
7852 3.114942612e-05
7853 3.114645153e-05
7854 3.11434776e-05
7855 3.114050434e-05
7856 3.113753173e-05
7857 3.113455979e-05
7858 3.113158851e-05
7859 3.112861789e-05
7860 3.112564793e-05
7861 3.112267864e-05
7862 3.111971e-05
7863 3.111674203e-05
7864 3.111377471e-05
7865 3.111080806e-05
7866 3.110784206e-05
7867 3.110487673e-05
7868 3.110191205e-05
7869 3.109894804e-05
7870 3.109598468e-05
7871 3.109302198e-05
7872 3.109005994e-05
7873 3.108709856e-05
7874 3.108413784e-05
7875 3.108117777e-05
7876 3.107821837e-05
7877 3.107525962e-05
7878 3.107230152e-05
7879 3.106934409e-05
7880 3.106638731e-05
7881 3.106343119e-05
7882 3.106047572e-05
7883 3.105752091e-05
7884 3.105456675e-05
7885 3.105161325e-05
7886 3.104866041e-05
7887 3.104570822e-05
7888 3.104275669e-05
7889 3.103980581e-05
7890 3.103685558e-05
7891 3.103390601e-05
7892 3.10309571e-05
7893 3.102800883e-05
7894 3.102506123e-05
7895 3.102211427e-05
7896 3.101916797e-05
7897 3.101622232e-05
7898 3.101327732e-05
7899 3.101033297e-05
7900 3.100738928e-05
7901 3.100444624e-05
7902 3.100150385e-05
7903 3.099856211e-05
7904 3.099562103e-05
7905 3.099268059e-05
7906 3.098974081e-05
7907 3.098680167e-05
7908 3.098386319e-05
7909 3.098092535e-05
7910 3.097798817e-05
7911 3.097505164e-05
7912 3.097211575e-05
7913 3.096918052e-05
7914 3.096624593e-05
7915 3.096331199e-05
7916 3.09603787e-05
7917 3.095744606e-05
7918 3.095451407e-05
7919 3.095158272e-05
7920 3.094865203e-05
7921 3.094572198e-05
7922 3.094279257e-05
7923 3.093986382e-05
7924 3.093693571e-05
7925 3.093400825e-05
7926 3.093108143e-05
7927 3.092815526e-05
7928 3.092522974e-05
7929 3.092230486e-05
7930 3.091938062e-05
7931 3.091645704e-05
7932 3.091353409e-05
7933 3.091061179e-05
7934 3.090769014e-05
7935 3.090476913e-05
7936 3.090184877e-05
7937 3.089892904e-05
7938 3.089600997e-05
7939 3.089309153e-05
7940 3.089017374e-05
7941 3.088725659e-05
7942 3.088434008e-05
7943 3.088142422e-05
7944 3.0878509e-05
7945 3.087559442e-05
7946 3.087268048e-05
7947 3.086976719e-05
7948 3.086685453e-05
7949 3.086394252e-05
7950 3.086103115e-05
7951 3.085812042e-05
7952 3.085521033e-05
7953 3.085230087e-05
7954 3.084939206e-05
7955 3.084648389e-05
7956 3.084357636e-05
7957 3.084066947e-05
7958 3.083776322e-05
7959 3.08348576e-05
7960 3.083195263e-05
7961 3.082904829e-05
7962 3.082614459e-05
7963 3.082324153e-05
7964 3.082033911e-05
7965 3.081743733e-05
7966 3.081453618e-05
7967 3.081163567e-05
7968 3.08087358e-05
7969 3.080583656e-05
7970 3.080293796e-05
7971 3.080004e-05
7972 3.079714267e-05
7973 3.079424598e-05
7974 3.079134992e-05
7975 3.07884545e-05
7976 3.078555971e-05
7977 3.078266556e-05
7978 3.077977205e-05
7979 3.077687917e-05
7980 3.077398692e-05
7981 3.077109531e-05
7982 3.076820433e-05
7983 3.076531398e-05
7984 3.076242427e-05
7985 3.075953519e-05
7986 3.075664675e-05
7987 3.075375894e-05
7988 3.075087176e-05
7989 3.074798521e-05
7990 3.074509929e-05
7991 3.074221401e-05
7992 3.073932936e-05
7993 3.073644534e-05
7994 3.073356195e-05
7995 3.073067919e-05
7996 3.072779706e-05
7997 3.072491557e-05
7998 3.07220347e-05
7999 3.071915447e-05
8000 3.071627486e-05
8001 3.071339589e-05
8002 3.071051754e-05
8003 3.070763982e-05
8004 3.070476273e-05
8005 3.070188627e-05
8006 3.069901044e-05
8007 3.069613524e-05
8008 3.069326067e-05
8009 3.069038672e-05
8010 3.06875134e-05
8011 3.068464071e-05
8012 3.068176865e-05
8013 3.067889722e-05
8014 3.067602641e-05
8015 3.067315623e-05
8016 3.067028667e-05
8017 3.066741774e-05
8018 3.066454944e-05
8019 3.066168176e-05
8020 3.065881471e-05
8021 3.065594828e-05
8022 3.065308248e-05
8023 3.065021731e-05
8024 3.064735276e-05
8025 3.064448883e-05
8026 3.064162553e-05
8027 3.063876285e-05
8028 3.06359008e-05
8029 3.063303937e-05
8030 3.063017856e-05
8031 3.062731838e-05
8032 3.062445882e-05
8033 3.062159988e-05
8034 3.061874156e-05
8035 3.061588387e-05
8036 3.06130268e-05
8037 3.061017035e-05
8038 3.060731453e-05
8039 3.060445932e-05
8040 3.060160474e-05
8041 3.059875078e-05
8042 3.059589744e-05
8043 3.059304472e-05
8044 3.059019262e-05
8045 3.058734114e-05
8046 3.058449028e-05
8047 3.058164004e-05
8048 3.057879042e-05
8049 3.057594142e-05
8050 3.057309304e-05
8051 3.057024528e-05
8052 3.056739814e-05
8053 3.056455161e-05
8054 3.056170571e-05
8055 3.055886042e-05
8056 3.055601575e-05
8057 3.05531717e-05
8058 3.055032827e-05
8059 3.054748545e-05
8060 3.054464325e-05
8061 3.054180167e-05
8062 3.05389607e-05
8063 3.053612035e-05
8064 3.053328062e-05
8065 3.05304415e-05
8066 3.0527603e-05
8067 3.052476512e-05
8068 3.052192785e-05
8069 3.051909119e-05
8070 3.051625515e-05
8071 3.051341973e-05
8072 3.051058492e-05
8073 3.050775073e-05
8074 3.050491714e-05
8075 3.050208418e-05
8076 3.049925182e-05
8077 3.049642008e-05
8078 3.049358896e-05
8079 3.049075844e-05
8080 3.048792854e-05
8081 3.048509926e-05
8082 3.048227058e-05
8083 3.047944252e-05
8084 3.047661507e-05
8085 3.047378823e-05
8086 3.047096201e-05
8087 3.046813639e-05
8088 3.046531139e-05
8089 3.046248699e-05
8090 3.045966321e-05
8091 3.045684004e-05
8092 3.045401748e-05
8093 3.045119553e-05
8094 3.044837419e-05
8095 3.044555346e-05
8096 3.044273334e-05
8097 3.043991383e-05
8098 3.043709493e-05
8099 3.043427663e-05
8100 3.043145895e-05
8101 3.042864187e-05
8102 3.042582541e-05
8103 3.042300955e-05
8104 3.04201943e-05
8105 3.041737965e-05
8106 3.041456562e-05
8107 3.041175219e-05
8108 3.040893937e-05
8109 3.040612715e-05
8110 3.040331555e-05
8111 3.040050455e-05
8112 3.039769415e-05
8113 3.039488436e-05
8114 3.039207518e-05
8115 3.03892666e-05
8116 3.038645863e-05
8117 3.038365127e-05
8118 3.038084451e-05
8119 3.037803835e-05
8120 3.03752328e-05
8121 3.037242785e-05
8122 3.036962351e-05
8123 3.036681977e-05
8124 3.036401664e-05
8125 3.036121411e-05
8126 3.035841218e-05
8127 3.035561086e-05
8128 3.035281014e-05
8129 3.035001002e-05
8130 3.03472105e-05
8131 3.034441159e-05
8132 3.034161328e-05
8133 3.033881557e-05
8134 3.033601847e-05
8135 3.033322196e-05
8136 3.033042606e-05
8137 3.032763076e-05
8138 3.032483605e-05
8139 3.032204195e-05
8140 3.031924845e-05
8141 3.031645556e-05
8142 3.031366326e-05
8143 3.031087156e-05
8144 3.030808046e-05
8145 3.030528996e-05
8146 3.030250006e-05
8147 3.029971076e-05
8148 3.029692206e-05
8149 3.029413395e-05
8150 3.029134645e-05
8151 3.028855954e-05
8152 3.028577323e-05
8153 3.028298752e-05
8154 3.028020241e-05
8155 3.02774179e-05
8156 3.027463398e-05
8157 3.027185066e-05
8158 3.026906794e-05
8159 3.026628581e-05
8160 3.026350428e-05
8161 3.026072335e-05
8162 3.025794301e-05
8163 3.025516327e-05
8164 3.025238413e-05
8165 3.024960558e-05
8166 3.024682762e-05
8167 3.024405026e-05
8168 3.02412735e-05
8169 3.023849733e-05
8170 3.023572176e-05
8171 3.023294678e-05
8172 3.023017239e-05
8173 3.02273986e-05
8174 3.02246254e-05
8175 3.02218528e-05
8176 3.021908078e-05
8177 3.021630937e-05
8178 3.021353854e-05
8179 3.021076831e-05
8180 3.020799867e-05
8181 3.020522962e-05
8182 3.020246117e-05
8183 3.01996933e-05
8184 3.019692603e-05
8185 3.019415935e-05
8186 3.019139326e-05
8187 3.018862777e-05
8188 3.018586286e-05
8189 3.018309855e-05
8190 3.018033482e-05
8191 3.017757169e-05
8192 3.017480914e-05
8193 3.017204719e-05
8194 3.016928582e-05
8195 3.016652505e-05
8196 3.016376486e-05
8197 3.016100527e-05
8198 3.015824626e-05
8199 3.015548784e-05
8200 3.015273001e-05
8201 3.014997277e-05
8202 3.014721612e-05
8203 3.014446005e-05
8204 3.014170458e-05
8205 3.013894969e-05
8206 3.013619538e-05
8207 3.013344167e-05
8208 3.013068854e-05
8209 3.0127936e-05
8210 3.012518405e-05
8211 3.012243268e-05
8212 3.01196819e-05
8213 3.01169317e-05
8214 3.011418209e-05
8215 3.011143307e-05
8216 3.010868463e-05
8217 3.010593678e-05
8218 3.010318951e-05
8219 3.010044283e-05
8220 3.009769673e-05
8221 3.009495121e-05
8222 3.009220628e-05
8223 3.008946194e-05
8224 3.008671818e-05
8225 3.0083975e-05
8226 3.00812324e-05
8227 3.007849039e-05
8228 3.007574897e-05
8229 3.007300812e-05
8230 3.007026786e-05
8231 3.006752818e-05
8232 3.006478908e-05
8233 3.006205057e-05
8234 3.005931263e-05
8235 3.005657528e-05
8236 3.005383851e-05
8237 3.005110232e-05
8238 3.004836672e-05
8239 3.004563169e-05
8240 3.004289724e-05
8241 3.004016338e-05
8242 3.003743009e-05
8243 3.003469739e-05
8244 3.003196527e-05
8245 3.002923372e-05
8246 3.002650276e-05
8247 3.002377237e-05
8248 3.002104257e-05
8249 3.001831334e-05
8250 3.001558469e-05
8251 3.001285662e-05
8252 3.001012913e-05
8253 3.000740222e-05
8254 3.000467588e-05
8255 3.000195013e-05
8256 2.999922495e-05
8257 2.999650035e-05
8258 2.999377632e-05
8259 2.999105287e-05
8260 2.998833e-05
8261 2.998560771e-05
8262 2.998288599e-05
8263 2.998016485e-05
8264 2.997744429e-05
8265 2.99747243e-05
8266 2.997200489e-05
8267 2.996928605e-05
8268 2.996656779e-05
8269 2.99638501e-05
8270 2.996113299e-05
8271 2.995841646e-05
8272 2.995570049e-05
8273 2.995298511e-05
8274 2.995027029e-05
8275 2.994755605e-05
8276 2.994484239e-05
8277 2.99421293e-05
8278 2.993941678e-05
8279 2.993670484e-05
8280 2.993399346e-05
8281 2.993128267e-05
8282 2.992857244e-05
8283 2.992586279e-05
8284 2.992315371e-05
8285 2.99204452e-05
8286 2.991773726e-05
8287 2.991502989e-05
8288 2.99123231e-05
8289 2.990961688e-05
8290 2.990691123e-05
8291 2.990420615e-05
8292 2.990150164e-05
8293 2.98987977e-05
8294 2.989609433e-05
8295 2.989339154e-05
8296 2.989068931e-05
8297 2.988798765e-05
8298 2.988528656e-05
8299 2.988258604e-05
8300 2.98798861e-05
8301 2.987718672e-05
8302 2.98744879e-05
8303 2.987178966e-05
8304 2.986909199e-05
8305 2.986639488e-05
8306 2.986369835e-05
8307 2.986100238e-05
8308 2.985830698e-05
8309 2.985561214e-05
8310 2.985291788e-05
8311 2.985022418e-05
8312 2.984753105e-05
8313 2.984483848e-05
8314 2.984214648e-05
8315 2.983945505e-05
8316 2.983676419e-05
8317 2.983407389e-05
8318 2.983138415e-05
8319 2.982869499e-05
8320 2.982600638e-05
8321 2.982331835e-05
8322 2.982063088e-05
8323 2.981794397e-05
8324 2.981525763e-05
8325 2.981257185e-05
8326 2.980988664e-05
8327 2.980720199e-05
8328 2.980451791e-05
8329 2.980183438e-05
8330 2.979915143e-05
8331 2.979646904e-05
8332 2.979378721e-05
8333 2.979110594e-05
8334 2.978842524e-05
8335 2.978574509e-05
8336 2.978306552e-05
8337 2.97803865e-05
8338 2.977770805e-05
8339 2.977503016e-05
8340 2.977235283e-05
8341 2.976967606e-05
8342 2.976699985e-05
8343 2.976432421e-05
8344 2.976164912e-05
8345 2.97589746e-05
8346 2.975630064e-05
8347 2.975362723e-05
8348 2.975095439e-05
8349 2.974828211e-05
8350 2.974561039e-05
8351 2.974293923e-05
8352 2.974026863e-05
8353 2.973759858e-05
8354 2.97349291e-05
8355 2.973226018e-05
8356 2.972959181e-05
8357 2.9726924e-05
8358 2.972425676e-05
8359 2.972159007e-05
8360 2.971892393e-05
8361 2.971625836e-05
8362 2.971359335e-05
8363 2.971092889e-05
8364 2.970826499e-05
8365 2.970560164e-05
8366 2.970293886e-05
8367 2.970027663e-05
8368 2.969761495e-05
8369 2.969495384e-05
8370 2.969229328e-05
8371 2.968963327e-05
8372 2.968697383e-05
8373 2.968431493e-05
8374 2.96816566e-05
8375 2.967899882e-05
8376 2.967634159e-05
8377 2.967368492e-05
8378 2.96710288e-05
8379 2.966837324e-05
8380 2.966571824e-05
8381 2.966306378e-05
8382 2.966040988e-05
8383 2.965775654e-05
8384 2.965510375e-05
8385 2.965245151e-05
8386 2.964979983e-05
8387 2.96471487e-05
8388 2.964449812e-05
8389 2.96418481e-05
8390 2.963919863e-05
8391 2.963654971e-05
8392 2.963390134e-05
8393 2.963125352e-05
8394 2.962860626e-05
8395 2.962595955e-05
8396 2.962331339e-05
8397 2.962066778e-05
8398 2.961802273e-05
8399 2.961537822e-05
8400 2.961273427e-05
8401 2.961009086e-05
8402 2.960744801e-05
8403 2.960480571e-05
8404 2.960216395e-05
8405 2.959952275e-05
8406 2.95968821e-05
8407 2.959424199e-05
8408 2.959160244e-05
8409 2.958896343e-05
8410 2.958632498e-05
8411 2.958368707e-05
8412 2.958104971e-05
8413 2.95784129e-05
8414 2.957577664e-05
8415 2.957314093e-05
8416 2.957050576e-05
8417 2.956787115e-05
8418 2.956523708e-05
8419 2.956260355e-05
8420 2.955997058e-05
8421 2.955733815e-05
8422 2.955470627e-05
8423 2.955207494e-05
8424 2.954944415e-05
8425 2.954681391e-05
8426 2.954418421e-05
8427 2.954155506e-05
8428 2.953892646e-05
8429 2.95362984e-05
8430 2.953367089e-05
8431 2.953104392e-05
8432 2.95284175e-05
8433 2.952579163e-05
8434 2.952316629e-05
8435 2.952054151e-05
8436 2.951791727e-05
8437 2.951529357e-05
8438 2.951267041e-05
8439 2.95100478e-05
8440 2.950742574e-05
8441 2.950480421e-05
8442 2.950218323e-05
8443 2.94995628e-05
8444 2.94969429e-05
8445 2.949432355e-05
8446 2.949170475e-05
8447 2.948908648e-05
8448 2.948646876e-05
8449 2.948385158e-05
8450 2.948123494e-05
8451 2.947861884e-05
8452 2.947600328e-05
8453 2.947338827e-05
8454 2.94707738e-05
8455 2.946815987e-05
8456 2.946554647e-05
8457 2.946293362e-05
8458 2.946032132e-05
8459 2.945770955e-05
8460 2.945509832e-05
8461 2.945248763e-05
8462 2.944987748e-05
8463 2.944726787e-05
8464 2.94446588e-05
8465 2.944205027e-05
8466 2.943944228e-05
8467 2.943683482e-05
8468 2.943422791e-05
8469 2.943162154e-05
8470 2.94290157e-05
8471 2.94264104e-05
8472 2.942380564e-05
8473 2.942120142e-05
8474 2.941859773e-05
8475 2.941599459e-05
8476 2.941339198e-05
8477 2.941078991e-05
8478 2.940818837e-05
8479 2.940558737e-05
8480 2.940298691e-05
8481 2.940038698e-05
8482 2.93977876e-05
8483 2.939518874e-05
8484 2.939259043e-05
8485 2.938999265e-05
8486 2.93873954e-05
8487 2.938479869e-05
8488 2.938220252e-05
8489 2.937960688e-05
8490 2.937701177e-05
8491 2.93744172e-05
8492 2.937182317e-05
8493 2.936922967e-05
8494 2.93666367e-05
8495 2.936404427e-05
8496 2.936145237e-05
8497 2.935886101e-05
8498 2.935627018e-05
8499 2.935367988e-05
8500 2.935109012e-05
8501 2.934850089e-05
8502 2.934591219e-05
8503 2.934332402e-05
8504 2.934073639e-05
8505 2.933814929e-05
8506 2.933556272e-05
8507 2.933297669e-05
8508 2.933039118e-05
8509 2.932780621e-05
8510 2.932522177e-05
8511 2.932263786e-05
8512 2.932005448e-05
8513 2.931747163e-05
8514 2.931488932e-05
8515 2.931230753e-05
8516 2.930972627e-05
8517 2.930714555e-05
8518 2.930456535e-05
8519 2.930198569e-05
8520 2.929940655e-05
8521 2.929682795e-05
8522 2.929424987e-05
8523 2.929167232e-05
8524 2.928909531e-05
8525 2.928651882e-05
8526 2.928394286e-05
8527 2.928136743e-05
8528 2.927879252e-05
8529 2.927621815e-05
8530 2.92736443e-05
8531 2.927107098e-05
8532 2.926849819e-05
8533 2.926592593e-05
8534 2.926335419e-05
8535 2.926078298e-05
8536 2.92582123e-05
8537 2.925564215e-05
8538 2.925307252e-05
8539 2.925050342e-05
8540 2.924793484e-05
8541 2.92453668e-05
8542 2.924279927e-05
8543 2.924023228e-05
8544 2.923766581e-05
8545 2.923509986e-05
8546 2.923253444e-05
8547 2.922996954e-05
8548 2.922740517e-05
8549 2.922484133e-05
8550 2.922227801e-05
8551 2.921971521e-05
8552 2.921715294e-05
8553 2.92145912e-05
8554 2.921202997e-05
8555 2.920946927e-05
8556 2.92069091e-05
8557 2.920434945e-05
8558 2.920179032e-05
8559 2.919923171e-05
8560 2.919667363e-05
8561 2.919411607e-05
8562 2.919155903e-05
8563 2.918900252e-05
8564 2.918644653e-05
8565 2.918389106e-05
8566 2.918133611e-05
8567 2.917878168e-05
8568 2.917622778e-05
8569 2.91736744e-05
8570 2.917112153e-05
8571 2.916856919e-05
8572 2.916601738e-05
8573 2.916346608e-05
8574 2.91609153e-05
8575 2.915836504e-05
8576 2.915581531e-05
8577 2.915326609e-05
8578 2.915071739e-05
8579 2.914816922e-05
8580 2.914562156e-05
8581 2.914307442e-05
8582 2.91405278e-05
8583 2.91379817e-05
8584 2.913543612e-05
8585 2.913289106e-05
8586 2.913034652e-05
8587 2.91278025e-05
8588 2.912525899e-05
8589 2.9122716e-05
8590 2.912017353e-05
8591 2.911763158e-05
8592 2.911509015e-05
8593 2.911254923e-05
8594 2.911000883e-05
8595 2.910746895e-05
8596 2.910492959e-05
8597 2.910239074e-05
8598 2.909985241e-05
8599 2.909731459e-05
8600 2.909477729e-05
8601 2.909224051e-05
8602 2.908970425e-05
8603 2.908716849e-05
8604 2.908463326e-05
8605 2.908209854e-05
8606 2.907956434e-05
8607 2.907703065e-05
8608 2.907449748e-05
8609 2.907196482e-05
8610 2.906943267e-05
8611 2.906690104e-05
8612 2.906436993e-05
8613 2.906183933e-05
8614 2.905930924e-05
8615 2.905677967e-05
8616 2.905425061e-05
8617 2.905172207e-05
8618 2.904919403e-05
8619 2.904666651e-05
8620 2.904413951e-05
8621 2.904161302e-05
8622 2.903908704e-05
8623 2.903656157e-05
8624 2.903403661e-05
8625 2.903151217e-05
8626 2.902898824e-05
8627 2.902646482e-05
8628 2.902394191e-05
8629 2.902141952e-05
8630 2.901889764e-05
8631 2.901637626e-05
8632 2.90138554e-05
8633 2.901133505e-05
8634 2.900881521e-05
8635 2.900629588e-05
8636 2.900377706e-05
8637 2.900125876e-05
8638 2.899874096e-05
8639 2.899622367e-05
8640 2.899370689e-05
8641 2.899119062e-05
8642 2.898867486e-05
8643 2.898615961e-05
8644 2.898364487e-05
8645 2.898113064e-05
8646 2.897861692e-05
8647 2.89761037e-05
8648 2.8973591e-05
8649 2.89710788e-05
8650 2.896856711e-05
8651 2.896605593e-05
8652 2.896354526e-05
8653 2.896103509e-05
8654 2.895852543e-05
8655 2.895601628e-05
8656 2.895350764e-05
8657 2.89509995e-05
8658 2.894849187e-05
8659 2.894598475e-05
8660 2.894347813e-05
8661 2.894097202e-05
8662 2.893846642e-05
8663 2.893596132e-05
8664 2.893345673e-05
8665 2.893095265e-05
8666 2.892844907e-05
8667 2.892594599e-05
8668 2.892344342e-05
8669 2.892094136e-05
8670 2.89184398e-05
8671 2.891593875e-05
8672 2.89134382e-05
8673 2.891093815e-05
8674 2.890843861e-05
8675 2.890593957e-05
8676 2.890344104e-05
8677 2.890094301e-05
8678 2.889844549e-05
8679 2.889594847e-05
8680 2.889345195e-05
8681 2.889095593e-05
8682 2.888846042e-05
8683 2.888596541e-05
8684 2.888347091e-05
8685 2.88809769e-05
8686 2.88784834e-05
8687 2.88759904e-05
8688 2.887349791e-05
8689 2.887100591e-05
8690 2.886851442e-05
8691 2.886602343e-05
8692 2.886353294e-05
8693 2.886104295e-05
8694 2.885855346e-05
8695 2.885606447e-05
8696 2.885357599e-05
8697 2.8851088e-05
8698 2.884860052e-05
8699 2.884611353e-05
8700 2.884362705e-05
8701 2.884114107e-05
8702 2.883865558e-05
8703 2.88361706e-05
8704 2.883368611e-05
8705 2.883120213e-05
8706 2.882871864e-05
8707 2.882623566e-05
8708 2.882375317e-05
8709 2.882127118e-05
8710 2.881878969e-05
8711 2.88163087e-05
8712 2.88138282e-05
8713 2.881134821e-05
8714 2.880886871e-05
8715 2.880638971e-05
8716 2.880391121e-05
8717 2.88014332e-05
8718 2.87989557e-05
8719 2.879647869e-05
8720 2.879400217e-05
8721 2.879152616e-05
8722 2.878905064e-05
8723 2.878657562e-05
8724 2.878410109e-05
8725 2.878162706e-05
8726 2.877915353e-05
8727 2.877668049e-05
8728 2.877420795e-05
8729 2.87717359e-05
8730 2.876926435e-05
8731 2.876679329e-05
8732 2.876432273e-05
8733 2.876185267e-05
8734 2.87593831e-05
8735 2.875691402e-05
8736 2.875444544e-05
8737 2.875197735e-05
8738 2.874950976e-05
8739 2.874704266e-05
8740 2.874457606e-05
8741 2.874210995e-05
8742 2.873964433e-05
8743 2.873717921e-05
8744 2.873471458e-05
8745 2.873225044e-05
8746 2.872978679e-05
8747 2.872732364e-05
8748 2.872486098e-05
8749 2.872239882e-05
8750 2.871993714e-05
8751 2.871747596e-05
8752 2.871501527e-05
8753 2.871255508e-05
8754 2.871009537e-05
8755 2.870763616e-05
8756 2.870517743e-05
8757 2.87027192e-05
8758 2.870026146e-05
8759 2.869780421e-05
8760 2.869534745e-05
8761 2.869289119e-05
8762 2.869043541e-05
8763 2.868798012e-05
8764 2.868552533e-05
8765 2.868307102e-05
8766 2.86806172e-05
8767 2.867816388e-05
8768 2.867571104e-05
8769 2.867325869e-05
8770 2.867080683e-05
8771 2.866835546e-05
8772 2.866590458e-05
8773 2.866345419e-05
8774 2.866100429e-05
8775 2.865855487e-05
8776 2.865610595e-05
8777 2.865365751e-05
8778 2.865120956e-05
8779 2.86487621e-05
8780 2.864631513e-05
8781 2.864386864e-05
8782 2.864142264e-05
8783 2.863897713e-05
8784 2.863653211e-05
8785 2.863408757e-05
8786 2.863164352e-05
8787 2.862919995e-05
8788 2.862675688e-05
8789 2.862431429e-05
8790 2.862187218e-05
8791 2.861943056e-05
8792 2.861698943e-05
8793 2.861454878e-05
8794 2.861210862e-05
8795 2.860966895e-05
8796 2.860722976e-05
8797 2.860479105e-05
8798 2.860235283e-05
8799 2.85999151e-05
8800 2.859747785e-05
8801 2.859504108e-05
8802 2.85926048e-05
8803 2.8590169e-05
8804 2.858773369e-05
8805 2.858529886e-05
8806 2.858286451e-05
8807 2.858043065e-05
8808 2.857799728e-05
8809 2.857556438e-05
8810 2.857313197e-05
8811 2.857070004e-05
8812 2.85682686e-05
8813 2.856583763e-05
8814 2.856340715e-05
8815 2.856097715e-05
8816 2.855854764e-05
8817 2.855611861e-05
8818 2.855369006e-05
8819 2.855126199e-05
8820 2.85488344e-05
8821 2.854640729e-05
8822 2.854398067e-05
8823 2.854155452e-05
8824 2.853912886e-05
8825 2.853670368e-05
8826 2.853427898e-05
8827 2.853185476e-05
8828 2.852943102e-05
8829 2.852700776e-05
8830 2.852458498e-05
8831 2.852216269e-05
8832 2.851974087e-05
8833 2.851731953e-05
8834 2.851489867e-05
8835 2.851247829e-05
8836 2.851005839e-05
8837 2.850763897e-05
8838 2.850522002e-05
8839 2.850280156e-05
8840 2.850038358e-05
8841 2.849796607e-05
8842 2.849554904e-05
8843 2.849313249e-05
8844 2.849071642e-05
8845 2.848830083e-05
8846 2.848588571e-05
8847 2.848347107e-05
8848 2.848105691e-05
8849 2.847864323e-05
8850 2.847623002e-05
8851 2.84738173e-05
8852 2.847140504e-05
8853 2.846899327e-05
8854 2.846658197e-05
8855 2.846417115e-05
8856 2.84617608e-05
8857 2.845935093e-05
8858 2.845694154e-05
8859 2.845453262e-05
8860 2.845212418e-05
8861 2.844971622e-05
8862 2.844730873e-05
8863 2.844490171e-05
8864 2.844249517e-05
8865 2.844008911e-05
8866 2.843768352e-05
8867 2.84352784e-05
8868 2.843287376e-05
8869 2.843046959e-05
8870 2.84280659e-05
8871 2.842566268e-05
8872 2.842325994e-05
8873 2.842085767e-05
8874 2.841845587e-05
8875 2.841605455e-05
8876 2.84136537e-05
8877 2.841125332e-05
8878 2.840885342e-05
8879 2.840645399e-05
8880 2.840405503e-05
8881 2.840165655e-05
8882 2.839925854e-05
8883 2.8396861e-05
8884 2.839446393e-05
8885 2.839206733e-05
8886 2.838967121e-05
8887 2.838727556e-05
8888 2.838488038e-05
8889 2.838248567e-05
8890 2.838009143e-05
8891 2.837769767e-05
8892 2.837530437e-05
8893 2.837291155e-05
8894 2.837051919e-05
8895 2.836812731e-05
8896 2.83657359e-05
8897 2.836334496e-05
8898 2.836095449e-05
8899 2.835856448e-05
8900 2.835617495e-05
8901 2.835378589e-05
8902 2.83513973e-05
8903 2.834900917e-05
8904 2.834662152e-05
8905 2.834423434e-05
8906 2.834184762e-05
8907 2.833946137e-05
8908 2.83370756e-05
8909 2.833469029e-05
8910 2.833230545e-05
8911 2.832992107e-05
8912 2.832753717e-05
8913 2.832515373e-05
8914 2.832277077e-05
8915 2.832038826e-05
8916 2.831800623e-05
8917 2.831562467e-05
8918 2.831324357e-05
8919 2.831086294e-05
8920 2.830848277e-05
8921 2.830610308e-05
8922 2.830372384e-05
8923 2.830134508e-05
8924 2.829896678e-05
8925 2.829658895e-05
8926 2.829421159e-05
8927 2.829183469e-05
8928 2.828945825e-05
8929 2.828708229e-05
8930 2.828470678e-05
8931 2.828233175e-05
8932 2.827995718e-05
8933 2.827758307e-05
8934 2.827520943e-05
8935 2.827283625e-05
8936 2.827046354e-05
8937 2.826809129e-05
8938 2.826571951e-05
8939 2.826334819e-05
8940 2.826097734e-05
8941 2.825860695e-05
8942 2.825623702e-05
8943 2.825386756e-05
8944 2.825149856e-05
8945 2.824913002e-05
8946 2.824676195e-05
8947 2.824439434e-05
8948 2.82420272e-05
8949 2.823966051e-05
8950 2.823729429e-05
8951 2.823492853e-05
8952 2.823256324e-05
8953 2.823019841e-05
8954 2.822783403e-05
8955 2.822547013e-05
8956 2.822310668e-05
8957 2.822074369e-05
8958 2.821838117e-05
8959 2.821601911e-05
8960 2.82136575e-05
8961 2.821129636e-05
8962 2.820893568e-05
8963 2.820657547e-05
8964 2.820421571e-05
8965 2.820185641e-05
8966 2.819949758e-05
8967 2.81971392e-05
8968 2.819478128e-05
8969 2.819242383e-05
8970 2.819006683e-05
8971 2.818771029e-05
8972 2.818535422e-05
8973 2.81829986e-05
8974 2.818064344e-05
8975 2.817828874e-05
8976 2.81759345e-05
8977 2.817358072e-05
8978 2.81712274e-05
8979 2.816887454e-05
8980 2.816652213e-05
8981 2.816417019e-05
8982 2.81618187e-05
8983 2.815946767e-05
8984 2.815711709e-05
8985 2.815476698e-05
8986 2.815241732e-05
8987 2.815006812e-05
8988 2.814771938e-05
8989 2.814537109e-05
8990 2.814302327e-05
8991 2.81406759e-05
8992 2.813832898e-05
8993 2.813598252e-05
8994 2.813363652e-05
8995 2.813129098e-05
8996 2.812894589e-05
8997 2.812660126e-05
8998 2.812425708e-05
8999 2.812191336e-05
9000 2.811957009e-05
9001 2.811722729e-05
9002 2.811488493e-05
9003 2.811254303e-05
9004 2.811020159e-05
9005 2.81078606e-05
9006 2.810552007e-05
9007 2.810317999e-05
9008 2.810084036e-05
9009 2.809850119e-05
9010 2.809616248e-05
9011 2.809382422e-05
9012 2.809148641e-05
9013 2.808914905e-05
9014 2.808681215e-05
9015 2.808447571e-05
9016 2.808213971e-05
9017 2.807980417e-05
9018 2.807746909e-05
9019 2.807513445e-05
9020 2.807280027e-05
9021 2.807046655e-05
9022 2.806813327e-05
9023 2.806580045e-05
9024 2.806346808e-05
9025 2.806113616e-05
9026 2.805880469e-05
9027 2.805647368e-05
9028 2.805414312e-05
9029 2.805181301e-05
9030 2.804948335e-05
9031 2.804715414e-05
9032 2.804482538e-05
9033 2.804249708e-05
9034 2.804016922e-05
9035 2.803784182e-05
9036 2.803551487e-05
9037 2.803318837e-05
9038 2.803086231e-05
9039 2.802853671e-05
9040 2.802621156e-05
9041 2.802388686e-05
9042 2.802156261e-05
9043 2.801923881e-05
9044 2.801691545e-05
9045 2.801459255e-05
9046 2.80122701e-05
9047 2.80099481e-05
9048 2.800762654e-05
9049 2.800530543e-05
9050 2.800298478e-05
9051 2.800066457e-05
9052 2.799834481e-05
9053 2.79960255e-05
9054 2.799370663e-05
9055 2.799138822e-05
9056 2.798907025e-05
9057 2.798675273e-05
9058 2.798443566e-05
9059 2.798211903e-05
9060 2.797980286e-05
9061 2.797748713e-05
9062 2.797517185e-05
9063 2.797285701e-05
9064 2.797054262e-05
9065 2.796822868e-05
9066 2.796591518e-05
9067 2.796360214e-05
9068 2.796128953e-05
9069 2.795897738e-05
9070 2.795666567e-05
9071 2.79543544e-05
9072 2.795204358e-05
9073 2.794973321e-05
9074 2.794742328e-05
9075 2.79451138e-05
9076 2.794280477e-05
9077 2.794049618e-05
9078 2.793818803e-05
9079 2.793588033e-05
9080 2.793357307e-05
9081 2.793126626e-05
9082 2.792895989e-05
9083 2.792665397e-05
9084 2.792434849e-05
9085 2.792204345e-05
9086 2.791973886e-05
9087 2.791743471e-05
9088 2.791513101e-05
9089 2.791282775e-05
9090 2.791052493e-05
9091 2.790822256e-05
9092 2.790592063e-05
9093 2.790361914e-05
9094 2.79013181e-05
9095 2.789901749e-05
9096 2.789671734e-05
9097 2.789441762e-05
9098 2.789211834e-05
9099 2.788981951e-05
9100 2.788752112e-05
9101 2.788522317e-05
9102 2.788292566e-05
9103 2.78806286e-05
9104 2.787833198e-05
9105 2.787603579e-05
9106 2.787374005e-05
9107 2.787144475e-05
9108 2.786914989e-05
9109 2.786685548e-05
9110 2.78645615e-05
9111 2.786226796e-05
9112 2.785997486e-05
9113 2.785768221e-05
9114 2.785538999e-05
9115 2.785309822e-05
9116 2.785080688e-05
9117 2.784851598e-05
9118 2.784622553e-05
9119 2.784393551e-05
9120 2.784164593e-05
9121 2.78393568e-05
9122 2.78370681e-05
9123 2.783477984e-05
9124 2.783249201e-05
9125 2.783020463e-05
9126 2.782791769e-05
9127 2.782563118e-05
9128 2.782334511e-05
9129 2.782105948e-05
9130 2.781877429e-05
9131 2.781648954e-05
9132 2.781420523e-05
9133 2.781192135e-05
9134 2.780963791e-05
9135 2.78073549e-05
9136 2.780507234e-05
9137 2.780279021e-05
9138 2.780050852e-05
9139 2.779822726e-05
9140 2.779594645e-05
9141 2.779366607e-05
9142 2.779138612e-05
9143 2.778910661e-05
9144 2.778682754e-05
9145 2.77845489e-05
9146 2.77822707e-05
9147 2.777999294e-05
9148 2.777771561e-05
9149 2.777543872e-05
9150 2.777316226e-05
9151 2.777088624e-05
9152 2.776861065e-05
9153 2.77663355e-05
9154 2.776406078e-05
9155 2.77617865e-05
9156 2.775951265e-05
9157 2.775723924e-05
9158 2.775496626e-05
9159 2.775269371e-05
9160 2.77504216e-05
9161 2.774814993e-05
9162 2.774587868e-05
9163 2.774360788e-05
9164 2.77413375e-05
9165 2.773906756e-05
9166 2.773679805e-05
9167 2.773452898e-05
9168 2.773226033e-05
9169 2.772999212e-05
9170 2.772772435e-05
9171 2.7725457e-05
9172 2.772319009e-05
9173 2.772092361e-05
9174 2.771865757e-05
9175 2.771639195e-05
9176 2.771412677e-05
9177 2.771186202e-05
9178 2.77095977e-05
9179 2.770733382e-05
9180 2.770507036e-05
9181 2.770280734e-05
9182 2.770054474e-05
9183 2.769828258e-05
9184 2.769602085e-05
9185 2.769375955e-05
9186 2.769149868e-05
9187 2.768923824e-05
9188 2.768697824e-05
9189 2.768471866e-05
9190 2.768245951e-05
9191 2.76802008e-05
9192 2.767794251e-05
9193 2.767568465e-05
9194 2.767342722e-05
9195 2.767117023e-05
9196 2.766891366e-05
9197 2.766665752e-05
9198 2.766440181e-05
9199 2.766214653e-05
9200 2.765989168e-05
9201 2.765763725e-05
9202 2.765538326e-05
9203 2.765312969e-05
9204 2.765087656e-05
9205 2.764862385e-05
9206 2.764637157e-05
9207 2.764411971e-05
9208 2.764186829e-05
9209 2.763961729e-05
9210 2.763736672e-05
9211 2.763511658e-05
9212 2.763286687e-05
9213 2.763061758e-05
9214 2.762836872e-05
9215 2.762612029e-05
9216 2.762387228e-05
9217 2.76216247e-05
9218 2.761937755e-05
9219 2.761713082e-05
9220 2.761488452e-05
9221 2.761263865e-05
9222 2.76103932e-05
9223 2.760814818e-05
9224 2.760590358e-05
9225 2.760365942e-05
9226 2.760141567e-05
9227 2.759917235e-05
9228 2.759692946e-05
9229 2.759468699e-05
9230 2.759244495e-05
9231 2.759020333e-05
9232 2.758796214e-05
9233 2.758572137e-05
9234 2.758348103e-05
9235 2.758124111e-05
9236 2.757900161e-05
9237 2.757676254e-05
9238 2.75745239e-05
9239 2.757228568e-05
9240 2.757004788e-05
9241 2.75678105e-05
9242 2.756557355e-05
9243 2.756333702e-05
9244 2.756110092e-05
9245 2.755886524e-05
9246 2.755662998e-05
9247 2.755439515e-05
9248 2.755216074e-05
9249 2.754992675e-05
9250 2.754769318e-05
9251 2.754546004e-05
9252 2.754322731e-05
9253 2.754099501e-05
9254 2.753876314e-05
9255 2.753653168e-05
9256 2.753430065e-05
9257 2.753207004e-05
9258 2.752983985e-05
9259 2.752761008e-05
9260 2.752538073e-05
9261 2.75231518e-05
9262 2.75209233e-05
9263 2.751869521e-05
9264 2.751646755e-05
9265 2.751424031e-05
9266 2.751201349e-05
9267 2.750978709e-05
9268 2.75075611e-05
9269 2.750533554e-05
9270 2.75031104e-05
9271 2.750088568e-05
9272 2.749866138e-05
9273 2.74964375e-05
9274 2.749421404e-05
9275 2.7491991e-05
9276 2.748976837e-05
9277 2.748754617e-05
9278 2.748532439e-05
9279 2.748310302e-05
9280 2.748088207e-05
9281 2.747866155e-05
9282 2.747644144e-05
9283 2.747422175e-05
9284 2.747200247e-05
9285 2.746978362e-05
9286 2.746756518e-05
9287 2.746534717e-05
9288 2.746312957e-05
9289 2.746091238e-05
9290 2.745869562e-05
9291 2.745647927e-05
9292 2.745426334e-05
9293 2.745204783e-05
9294 2.744983273e-05
9295 2.744761805e-05
9296 2.744540379e-05
9297 2.744318995e-05
9298 2.744097652e-05
9299 2.743876351e-05
9300 2.743655091e-05
9301 2.743433873e-05
9302 2.743212697e-05
9303 2.742991562e-05
9304 2.742770469e-05
9305 2.742549418e-05
9306 2.742328408e-05
9307 2.742107439e-05
9308 2.741886512e-05
9309 2.741665627e-05
9310 2.741444783e-05
9311 2.741223981e-05
9312 2.74100322e-05
9313 2.740782501e-05
9314 2.740561823e-05
9315 2.740341187e-05
9316 2.740120592e-05
9317 2.739900038e-05
9318 2.739679526e-05
9319 2.739459055e-05
9320 2.739238626e-05
9321 2.739018238e-05
9322 2.738797891e-05
9323 2.738577586e-05
9324 2.738357322e-05
9325 2.7381371e-05
9326 2.737916918e-05
9327 2.737696778e-05
9328 2.73747668e-05
9329 2.737256622e-05
9330 2.737036606e-05
9331 2.736816632e-05
9332 2.736596698e-05
9333 2.736376806e-05
9334 2.736156955e-05
9335 2.735937145e-05
9336 2.735717376e-05
9337 2.735497648e-05
9338 2.735277962e-05
9339 2.735058317e-05
9340 2.734838713e-05
9341 2.73461915e-05
9342 2.734399628e-05
9343 2.734180148e-05
9344 2.733960708e-05
9345 2.73374131e-05
9346 2.733521952e-05
9347 2.733302636e-05
9348 2.733083361e-05
9349 2.732864126e-05
9350 2.732644933e-05
9351 2.732425781e-05
9352 2.73220667e-05
9353 2.7319876e-05
9354 2.731768571e-05
9355 2.731549582e-05
9356 2.731330635e-05
9357 2.731111729e-05
9358 2.730892863e-05
9359 2.730674039e-05
9360 2.730455255e-05
9361 2.730236513e-05
9362 2.730017811e-05
9363 2.72979915e-05
9364 2.72958053e-05
9365 2.729361951e-05
9366 2.729143412e-05
9367 2.728924915e-05
9368 2.728706458e-05
9369 2.728488042e-05
9370 2.728269667e-05
9371 2.728051333e-05
9372 2.727833039e-05
9373 2.727614786e-05
9374 2.727396574e-05
9375 2.727178403e-05
9376 2.726960272e-05
9377 2.726742182e-05
9378 2.726524133e-05
9379 2.726306125e-05
9380 2.726088157e-05
9381 2.725870229e-05
9382 2.725652343e-05
9383 2.725434497e-05
9384 2.725216692e-05
9385 2.724998927e-05
9386 2.724781203e-05
9387 2.724563519e-05
9388 2.724345876e-05
9389 2.724128274e-05
9390 2.723910712e-05
9391 2.723693191e-05
9392 2.72347571e-05
9393 2.723258269e-05
9394 2.72304087e-05
9395 2.72282351e-05
9396 2.722606192e-05
9397 2.722388913e-05
9398 2.722171675e-05
9399 2.721954478e-05
9400 2.721737321e-05
9401 2.721520204e-05
9402 2.721303128e-05
9403 2.721086092e-05
9404 2.720869097e-05
9405 2.720652142e-05
9406 2.720435227e-05
9407 2.720218353e-05
9408 2.720001519e-05
9409 2.719784725e-05
9410 2.719567972e-05
9411 2.719351259e-05
9412 2.719134586e-05
9413 2.718917954e-05
9414 2.718701362e-05
9415 2.71848481e-05
9416 2.718268298e-05
9417 2.718051827e-05
9418 2.717835395e-05
9419 2.717619004e-05
9420 2.717402653e-05
9421 2.717186343e-05
9422 2.716970072e-05
9423 2.716753842e-05
9424 2.716537652e-05
9425 2.716321502e-05
9426 2.716105392e-05
9427 2.715889322e-05
9428 2.715673292e-05
9429 2.715457303e-05
9430 2.715241353e-05
9431 2.715025444e-05
9432 2.714809574e-05
9433 2.714593745e-05
9434 2.714377956e-05
9435 2.714162206e-05
9436 2.713946497e-05
9437 2.713730828e-05
9438 2.713515198e-05
9439 2.713299609e-05
9440 2.71308406e-05
9441 2.71286855e-05
9442 2.712653081e-05
9443 2.712437651e-05
9444 2.712222262e-05
9445 2.712006912e-05
9446 2.711791602e-05
9447 2.711576332e-05
9448 2.711361102e-05
9449 2.711145912e-05
9450 2.710930761e-05
9451 2.710715651e-05
9452 2.71050058e-05
9453 2.710285549e-05
9454 2.710070558e-05
9455 2.709855607e-05
9456 2.709640695e-05
9457 2.709425823e-05
9458 2.709210991e-05
9459 2.708996199e-05
9460 2.708781446e-05
9461 2.708566734e-05
9462 2.70835206e-05
9463 2.708137427e-05
9464 2.707922833e-05
9465 2.707708279e-05
9466 2.707493765e-05
9467 2.70727929e-05
9468 2.707064855e-05
9469 2.706850459e-05
9470 2.706636103e-05
9471 2.706421787e-05
9472 2.70620751e-05
9473 2.705993273e-05
9474 2.705779076e-05
9475 2.705564918e-05
9476 2.705350799e-05
9477 2.70513672e-05
9478 2.704922681e-05
9479 2.704708681e-05
9480 2.704494721e-05
9481 2.7042808e-05
9482 2.704066919e-05
9483 2.703853077e-05
9484 2.703639274e-05
9485 2.703425511e-05
9486 2.703211788e-05
9487 2.702998103e-05
9488 2.702784459e-05
9489 2.702570853e-05
9490 2.702357287e-05
9491 2.702143761e-05
9492 2.701930273e-05
9493 2.701716825e-05
9494 2.701503417e-05
9495 2.701290048e-05
9496 2.701076718e-05
9497 2.700863427e-05
9498 2.700650176e-05
9499 2.700436964e-05
9500 2.700223791e-05
9501 2.700010658e-05
9502 2.699797563e-05
9503 2.699584508e-05
9504 2.699371492e-05
9505 2.699158516e-05
9506 2.698945579e-05
9507 2.69873268e-05
9508 2.698519821e-05
9509 2.698307002e-05
9510 2.698094221e-05
9511 2.697881479e-05
9512 2.697668777e-05
9513 2.697456114e-05
9514 2.69724349e-05
9515 2.697030905e-05
9516 2.696818359e-05
9517 2.696605852e-05
9518 2.696393384e-05
9519 2.696180955e-05
9520 2.695968566e-05
9521 2.695756215e-05
9522 2.695543903e-05
9523 2.695331631e-05
9524 2.695119397e-05
9525 2.694907202e-05
9526 2.694695047e-05
9527 2.69448293e-05
9528 2.694270852e-05
9529 2.694058814e-05
9530 2.693846814e-05
9531 2.693634853e-05
9532 2.693422931e-05
9533 2.693211048e-05
9534 2.692999203e-05
9535 2.692787398e-05
9536 2.692575632e-05
9537 2.692363904e-05
9538 2.692152215e-05
9539 2.691940565e-05
9540 2.691728954e-05
9541 2.691517382e-05
9542 2.691305848e-05
9543 2.691094353e-05
9544 2.690882897e-05
9545 2.69067148e-05
9546 2.690460102e-05
9547 2.690248762e-05
9548 2.690037461e-05
9549 2.689826199e-05
9550 2.689614975e-05
9551 2.68940379e-05
9552 2.689192644e-05
9553 2.688981537e-05
9554 2.688770468e-05
9555 2.688559438e-05
9556 2.688348446e-05
9557 2.688137493e-05
9558 2.687926579e-05
9559 2.687715704e-05
9560 2.687504866e-05
9561 2.687294068e-05
9562 2.687083308e-05
9563 2.686872587e-05
9564 2.686661904e-05
9565 2.68645126e-05
9566 2.686240654e-05
9567 2.686030087e-05
9568 2.685819558e-05
9569 2.685609068e-05
9570 2.685398616e-05
9571 2.685188203e-05
9572 2.684977828e-05
9573 2.684767492e-05
9574 2.684557194e-05
9575 2.684346935e-05
9576 2.684136714e-05
9577 2.683926531e-05
9578 2.683716387e-05
9579 2.683506281e-05
9580 2.683296214e-05
9581 2.683086185e-05
9582 2.682876194e-05
9583 2.682666242e-05
9584 2.682456328e-05
9585 2.682246452e-05
9586 2.682036615e-05
9587 2.681826815e-05
9588 2.681617055e-05
9589 2.681407332e-05
9590 2.681197648e-05
9591 2.680988002e-05
9592 2.680778394e-05
9593 2.680568825e-05
9594 2.680359293e-05
9595 2.6801498e-05
9596 2.679940345e-05
9597 2.679730929e-05
9598 2.67952155e-05
9599 2.67931221e-05
9600 2.679102908e-05
9601 2.678893644e-05
9602 2.678684418e-05
9603 2.67847523e-05
9604 2.67826608e-05
9605 2.678056969e-05
9606 2.677847895e-05
9607 2.67763886e-05
9608 2.677429862e-05
9609 2.677220903e-05
9610 2.677011982e-05
9611 2.676803099e-05
9612 2.676594254e-05
9613 2.676385446e-05
9614 2.676176677e-05
9615 2.675967946e-05
9616 2.675759253e-05
9617 2.675550598e-05
9618 2.675341981e-05
9619 2.675133401e-05
9620 2.67492486e-05
9621 2.674716357e-05
9622 2.674507891e-05
9623 2.674299464e-05
9624 2.674091074e-05
9625 2.673882722e-05
9626 2.673674408e-05
9627 2.673466132e-05
9628 2.673257894e-05
9629 2.673049694e-05
9630 2.672841531e-05
9631 2.672633406e-05
9632 2.67242532e-05
9633 2.67221727e-05
9634 2.672009259e-05
9635 2.671801286e-05
9636 2.67159335e-05
9637 2.671385452e-05
9638 2.671177592e-05
9639 2.670969769e-05
9640 2.670761984e-05
9641 2.670554237e-05
9642 2.670346528e-05
9643 2.670138856e-05
9644 2.669931222e-05
9645 2.669723626e-05
9646 2.669516067e-05
9647 2.669308546e-05
9648 2.669101063e-05
9649 2.668893617e-05
9650 2.668686209e-05
9651 2.668478838e-05
9652 2.668271505e-05
9653 2.66806421e-05
9654 2.667856952e-05
9655 2.667649732e-05
9656 2.667442549e-05
9657 2.667235404e-05
9658 2.667028296e-05
9659 2.666821226e-05
9660 2.666614194e-05
9661 2.666407198e-05
9662 2.666200241e-05
9663 2.665993321e-05
9664 2.665786438e-05
9665 2.665579593e-05
9666 2.665372785e-05
9667 2.665166015e-05
9668 2.664959282e-05
9669 2.664752586e-05
9670 2.664545928e-05
9671 2.664339308e-05
9672 2.664132724e-05
9673 2.663926178e-05
9674 2.66371967e-05
9675 2.663513199e-05
9676 2.663306765e-05
9677 2.663100368e-05
9678 2.662894009e-05
9679 2.662687687e-05
9680 2.662481402e-05
9681 2.662275155e-05
9682 2.662068945e-05
9683 2.661862772e-05
9684 2.661656637e-05
9685 2.661450538e-05
9686 2.661244477e-05
9687 2.661038453e-05
9688 2.660832467e-05
9689 2.660626517e-05
9690 2.660420605e-05
9691 2.66021473e-05
9692 2.660008892e-05
9693 2.659803091e-05
9694 2.659597328e-05
9695 2.659391601e-05
9696 2.659185912e-05
9697 2.65898026e-05
9698 2.658774645e-05
9699 2.658569067e-05
9700 2.658363526e-05
9701 2.658158022e-05
9702 2.657952555e-05
9703 2.657747125e-05
9704 2.657541733e-05
9705 2.657336377e-05
9706 2.657131058e-05
9707 2.656925777e-05
9708 2.656720532e-05
9709 2.656515324e-05
9710 2.656310154e-05
9711 2.65610502e-05
9712 2.655899923e-05
9713 2.655694864e-05
9714 2.655489841e-05
9715 2.655284855e-05
9716 2.655079906e-05
9717 2.654874994e-05
9718 2.654670119e-05
9719 2.65446528e-05
9720 2.654260479e-05
9721 2.654055714e-05
9722 2.653850987e-05
9723 2.653646296e-05
9724 2.653441642e-05
9725 2.653237025e-05
9726 2.653032444e-05
9727 2.652827901e-05
9728 2.652623394e-05
9729 2.652418924e-05
9730 2.652214491e-05
9731 2.652010094e-05
9732 2.651805735e-05
9733 2.651601412e-05
9734 2.651397125e-05
9735 2.651192876e-05
9736 2.650988663e-05
9737 2.650784487e-05
9738 2.650580347e-05
9739 2.650376245e-05
9740 2.650172179e-05
9741 2.649968149e-05
9742 2.649764156e-05
9743 2.6495602e-05
9744 2.649356281e-05
9745 2.649152398e-05
9746 2.648948552e-05
9747 2.648744742e-05
9748 2.648540969e-05
9749 2.648337232e-05
9750 2.648133532e-05
9751 2.647929869e-05
9752 2.647726242e-05
9753 2.647522652e-05
9754 2.647319098e-05
9755 2.647115581e-05
9756 2.6469121e-05
9757 2.646708655e-05
9758 2.646505248e-05
9759 2.646301876e-05
9760 2.646098541e-05
9761 2.645895243e-05
9762 2.645691981e-05
9763 2.645488755e-05
9764 2.645285566e-05
9765 2.645082414e-05
9766 2.644879297e-05
9767 2.644676217e-05
9768 2.644473174e-05
9769 2.644270167e-05
9770 2.644067196e-05
9771 2.643864261e-05
9772 2.643661363e-05
9773 2.643458501e-05
9774 2.643255676e-05
9775 2.643052887e-05
9776 2.642850134e-05
9777 2.642647417e-05
9778 2.642444737e-05
9779 2.642242093e-05
9780 2.642039485e-05
9781 2.641836913e-05
9782 2.641634378e-05
9783 2.641431879e-05
9784 2.641229416e-05
9785 2.641026989e-05
9786 2.640824599e-05
9787 2.640622245e-05
9788 2.640419927e-05
9789 2.640217645e-05
9790 2.640015399e-05
9791 2.639813189e-05
9792 2.639611016e-05
9793 2.639408878e-05
9794 2.639206777e-05
9795 2.639004712e-05
9796 2.638802683e-05
9797 2.63860069e-05
9798 2.638398733e-05
9799 2.638196812e-05
9800 2.637994927e-05
9801 2.637793078e-05
9802 2.637591266e-05
9803 2.637389489e-05
9804 2.637187748e-05
9805 2.636986044e-05
9806 2.636784375e-05
9807 2.636582742e-05
9808 2.636381146e-05
9809 2.636179585e-05
9810 2.63597806e-05
9811 2.635776571e-05
9812 2.635575118e-05
9813 2.635373701e-05
9814 2.63517232e-05
9815 2.634970975e-05
9816 2.634769666e-05
9817 2.634568392e-05
9818 2.634367155e-05
9819 2.634165953e-05
9820 2.633964787e-05
9821 2.633763657e-05
9822 2.633562563e-05
9823 2.633361505e-05
9824 2.633160482e-05
9825 2.632959495e-05
9826 2.632758545e-05
9827 2.632557629e-05
9828 2.63235675e-05
9829 2.632155906e-05
9830 2.631955099e-05
9831 2.631754326e-05
9832 2.63155359e-05
9833 2.631352889e-05
9834 2.631152224e-05
9835 2.630951595e-05
9836 2.630751002e-05
9837 2.630550444e-05
9838 2.630349922e-05
9839 2.630149435e-05
9840 2.629948984e-05
9841 2.629748569e-05
9842 2.629548189e-05
9843 2.629347845e-05
9844 2.629147537e-05
9845 2.628947264e-05
9846 2.628747027e-05
9847 2.628546825e-05
9848 2.628346659e-05
9849 2.628146529e-05
9850 2.627946434e-05
9851 2.627746375e-05
9852 2.627546351e-05
9853 2.627346363e-05
9854 2.62714641e-05
9855 2.626946493e-05
9856 2.626746611e-05
9857 2.626546764e-05
9858 2.626346954e-05
9859 2.626147178e-05
9860 2.625947438e-05
9861 2.625747734e-05
9862 2.625548065e-05
9863 2.625348431e-05
9864 2.625148833e-05
9865 2.62494927e-05
9866 2.624749743e-05
9867 2.624550251e-05
9868 2.624350794e-05
9869 2.624151373e-05
9870 2.623951987e-05
9871 2.623752636e-05
9872 2.623553321e-05
9873 2.623354041e-05
9874 2.623154797e-05
9875 2.622955587e-05
9876 2.622756413e-05
9877 2.622557275e-05
9878 2.622358171e-05
9879 2.622159103e-05
9880 2.62196007e-05
9881 2.621761072e-05
9882 2.62156211e-05
9883 2.621363183e-05
9884 2.621164291e-05
9885 2.620965434e-05
9886 2.620766612e-05
9887 2.620567826e-05
9888 2.620369075e-05
9889 2.620170359e-05
9890 2.619971678e-05
9891 2.619773032e-05
9892 2.619574422e-05
9893 2.619375846e-05
9894 2.619177306e-05
9895 2.6189788e-05
9896 2.61878033e-05
9897 2.618581895e-05
9898 2.618383495e-05
9899 2.61818513e-05
9900 2.617986801e-05
9901 2.617788506e-05
9902 2.617590246e-05
9903 2.617392021e-05
9904 2.617193832e-05
9905 2.616995677e-05
9906 2.616797557e-05
9907 2.616599473e-05
9908 2.616401423e-05
9909 2.616203408e-05
9910 2.616005429e-05
9911 2.615807484e-05
9912 2.615609574e-05
9913 2.615411699e-05
9914 2.615213859e-05
9915 2.615016054e-05
9916 2.614818284e-05
9917 2.614620548e-05
9918 2.614422848e-05
9919 2.614225183e-05
9920 2.614027552e-05
9921 2.613829956e-05
9922 2.613632395e-05
9923 2.613434869e-05
9924 2.613237378e-05
9925 2.613039921e-05
9926 2.6128425e-05
9927 2.612645113e-05
9928 2.612447761e-05
9929 2.612250444e-05
9930 2.612053161e-05
9931 2.611855913e-05
9932 2.6116587e-05
9933 2.611461522e-05
9934 2.611264379e-05
9935 2.61106727e-05
9936 2.610870196e-05
9937 2.610673156e-05
9938 2.610476152e-05
9939 2.610279182e-05
9940 2.610082246e-05
9941 2.609885346e-05
9942 2.60968848e-05
9943 2.609491648e-05
9944 2.609294852e-05
9945 2.60909809e-05
9946 2.608901362e-05
9947 2.608704669e-05
9948 2.608508011e-05
9949 2.608311387e-05
9950 2.608114798e-05
9951 2.607918244e-05
9952 2.607721724e-05
9953 2.607525238e-05
9954 2.607328787e-05
9955 2.607132371e-05
9956 2.606935989e-05
9957 2.606739642e-05
9958 2.606543329e-05
9959 2.606347051e-05
9960 2.606150807e-05
9961 2.605954598e-05
9962 2.605758423e-05
9963 2.605562282e-05
9964 2.605366176e-05
9965 2.605170105e-05
9966 2.604974068e-05
9967 2.604778065e-05
9968 2.604582097e-05
9969 2.604386163e-05
9970 2.604190263e-05
9971 2.603994398e-05
9972 2.603798567e-05
9973 2.603602771e-05
9974 2.603407009e-05
9975 2.603211281e-05
9976 2.603015588e-05
9977 2.602819929e-05
9978 2.602624304e-05
9979 2.602428713e-05
9980 2.602233157e-05
9981 2.602037635e-05
9982 2.601842148e-05
9983 2.601646694e-05
9984 2.601451275e-05
9985 2.601255891e-05
9986 2.60106054e-05
9987 2.600865224e-05
9988 2.600669941e-05
9989 2.600474694e-05
9990 2.60027948e-05
9991 2.6000843e-05
9992 2.599889155e-05
9993 2.599694044e-05
9994 2.599498967e-05
9995 2.599303924e-05
9996 2.599108915e-05
9997 2.59891394e-05
9998 2.598719e-05
9999 2.598524094e-05
inf 0.05
