# potencia: beta=2 dmax=10000 inf=0.05
# fase: f04
# cenario: sd03 (β = 2,0)
# d = objetos distintos entre dois pedidos ao mesmo objeto
0 0.5775658568
1 0.1443914642
2 0.06417398409
3 0.03609786605
4 0.02310263427
5 0.01604349602
6 0.0117870583
7 0.009024466512
8 0.007130442677
9 0.005775658568
10 0.004773271544
11 0.004010874006
12 0.003417549449
13 0.002946764576
14 0.002566959364
15 0.002256116628
16 0.001998497774
17 0.001782610669
18 0.00159990542
19 0.001443914642
20 0.001309673145
21 0.001193317886
22 0.001091806913
23 0.001002718501
24 0.0009241053709
25 0.0008543873621
26 0.0007922714085
27 0.0007366911439
28 0.0006867608285
29 0.0006417398409
30 0.0006010050539
31 0.000564029157
32 0.0005303635049
33 0.0004996244436
34 0.0004714823321
35 0.0004456526673
36 0.0004218888654
37 0.0003999763551
38 0.0003797277165
39 0.0003609786605
40 0.0003435846858
41 0.0003274182862
42 0.0003123666072
43 0.0002983294715
44 0.0002852177071
45 0.0002729517282
46 0.0002614603245
47 0.0002506796253
48 0.0002405522102
49 0.0002310263427
50 0.0002220553083
51 0.0002135968405
52 0.0002056126226
53 0.0001980678521
54 0.0001909308618
55 0.000184172786
56 0.0001777672689
57 0.0001716902071
58 0.0001659195222
59 0.0001604349602
60 0.0001552179137
61 0.0001502512635
62 0.0001455192383
63 0.0001410072893
64 0.0001367019779
65 0.0001325908762
66 0.0001286624765
67 0.0001249061109
68 0.0001213118792
69 0.000117870583
70 0.0001145736673
71 0.0001114131668
72 0.0001083816582
73 0.0001054722164
74 0.0001026783745
75 9.999408878e-05
76 9.741370498e-05
77 9.493192913e-05
78 9.254380016e-05
79 9.024466512e-05
80 8.80301565e-05
81 8.589617145e-05
82 8.383885278e-05
83 8.185457154e-05
84 7.993991098e-05
85 7.809165181e-05
86 7.630675873e-05
87 7.458236787e-05
88 7.291577538e-05
89 7.130442677e-05
90 6.974590711e-05
91 6.823793204e-05
92 6.677833932e-05
93 6.536508112e-05
94 6.399621682e-05
95 6.266990634e-05
96 6.138440395e-05
97 6.013805256e-05
98 5.892927832e-05
99 5.775658568e-05
100 5.661855277e-05
101 5.551382707e-05
102 5.444112139e-05
103 5.339921013e-05
104 5.238692579e-05
105 5.140315564e-05
106 5.044683875e-05
107 4.951696303e-05
108 4.861256265e-05
109 4.773271544e-05
110 4.687654061e-05
111 4.604319649e-05
112 4.523187852e-05
113 4.444181724e-05
114 4.367227651e-05
115 4.292255178e-05
116 4.21919685e-05
117 4.147988055e-05
118 4.078566887e-05
119 4.010874006e-05
120 3.944852516e-05
121 3.880447842e-05
122 3.81760762e-05
123 3.756281587e-05
124 3.696421484e-05
125 3.637980957e-05
126 3.580915474e-05
127 3.525182231e-05
128 3.470740081e-05
129 3.417549449e-05
130 3.365572267e-05
131 3.314771905e-05
132 3.265113103e-05
133 3.216561911e-05
134 3.169085634e-05
135 3.122652772e-05
136 3.077232974e-05
137 3.03279698e-05
138 2.989316582e-05
139 2.946764576e-05
140 2.905114717e-05
141 2.864341682e-05
142 2.824421032e-05
143 2.785329171e-05
144 2.747043314e-05
145 2.709541456e-05
146 2.672802336e-05
147 2.636805409e-05
148 2.601530818e-05
149 2.566959364e-05
150 2.533072483e-05
151 2.49985222e-05
152 2.467281203e-05
153 2.435342624e-05
154 2.404020216e-05
155 2.373298228e-05
156 2.343161413e-05
157 2.313595004e-05
158 2.284584695e-05
159 2.256116628e-05
160 2.228177373e-05
161 2.200753913e-05
162 2.173833629e-05
163 2.147404286e-05
164 2.121454019e-05
165 2.095971319e-05
166 2.070945021e-05
167 2.046364289e-05
168 2.022218609e-05
169 1.998497774e-05
170 1.975191877e-05
171 1.952291295e-05
172 1.929786684e-05
173 1.907668968e-05
174 1.885929328e-05
175 1.864559197e-05
176 1.843550247e-05
177 1.822894385e-05
178 1.802583742e-05
179 1.782610669e-05
180 1.762967726e-05
181 1.743647678e-05
182 1.724643485e-05
183 1.705948301e-05
184 1.687555462e-05
185 1.669458483e-05
186 1.651651053e-05
187 1.634127028e-05
188 1.616880426e-05
189 1.59990542e-05
190 1.58319634e-05
191 1.566747658e-05
192 1.550553993e-05
193 1.534610099e-05
194 1.518910866e-05
195 1.503451314e-05
196 1.488226589e-05
197 1.473231958e-05
198 1.458462809e-05
199 1.443914642e-05
200 1.429583072e-05
201 1.415463819e-05
202 1.401552711e-05
203 1.387845677e-05
204 1.374338743e-05
205 1.361028035e-05
206 1.347909769e-05
207 1.334980253e-05
208 1.322235885e-05
209 1.309673145e-05
210 1.297288598e-05
211 1.285078891e-05
212 1.273040748e-05
213 1.261170969e-05
214 1.249466429e-05
215 1.237924076e-05
216 1.226540926e-05
217 1.215314066e-05
218 1.204240647e-05
219 1.193317886e-05
220 1.182543062e-05
221 1.171913515e-05
222 1.161426646e-05
223 1.151079912e-05
224 1.140870828e-05
225 1.130796963e-05
226 1.120855939e-05
227 1.111045431e-05
228 1.101363164e-05
229 1.091806913e-05
230 1.0823745e-05
231 1.073063795e-05
232 1.063872712e-05
233 1.054799213e-05
234 1.045841298e-05
235 1.036997014e-05
236 1.028264446e-05
237 1.019641722e-05
238 1.011127005e-05
239 1.002718501e-05
240 9.944144502e-06
241 9.862131289e-06
242 9.7811285e-06
243 9.701119605e-06
244 9.62208841e-06
245 9.544019049e-06
246 9.466895979e-06
247 9.390703967e-06
248 9.315428087e-06
249 9.241053709e-06
250 9.167566496e-06
251 9.094952394e-06
252 9.023197625e-06
253 8.952288685e-06
254 8.882212331e-06
255 8.812955579e-06
256 8.744505697e-06
257 8.676850201e-06
258 8.609976846e-06
259 8.543873621e-06
260 8.478528747e-06
261 8.413930668e-06
262 8.350068048e-06
263 8.286929764e-06
264 8.224504903e-06
265 8.162782758e-06
266 8.10175282e-06
267 8.041404778e-06
268 7.981728511e-06
269 7.922714085e-06
270 7.864351749e-06
271 7.806631931e-06
272 7.749545235e-06
273 7.693082434e-06
274 7.63723447e-06
275 7.581992449e-06
276 7.527347636e-06
277 7.473291455e-06
278 7.41981548e-06
279 7.366911439e-06
280 7.314571203e-06
281 7.262786791e-06
282 7.21155036e-06
283 7.160854206e-06
284 7.110690758e-06
285 7.06105258e-06
286 7.011932363e-06
287 6.963322926e-06
288 6.915217212e-06
289 6.867608285e-06
290 6.820489328e-06
291 6.77385364e-06
292 6.727694636e-06
293 6.68200584e-06
294 6.636780888e-06
295 6.592013523e-06
296 6.547697591e-06
297 6.503827044e-06
298 6.460395933e-06
299 6.417398409e-06
300 6.374828719e-06
301 6.332681207e-06
302 6.290950308e-06
303 6.249630549e-06
304 6.208716547e-06
305 6.168203007e-06
306 6.12808472e-06
307 6.088356561e-06
308 6.049013487e-06
309 6.010050539e-06
310 5.971462834e-06
311 5.93324557e-06
312 5.895394021e-06
313 5.857903534e-06
314 5.820769532e-06
315 5.78398751e-06
316 5.747553034e-06
317 5.711461738e-06
318 5.675709327e-06
319 5.64029157e-06
320 5.605204305e-06
321 5.570443432e-06
322 5.536004915e-06
323 5.501884781e-06
324 5.468079118e-06
325 5.434584072e-06
326 5.40139585e-06
327 5.368510715e-06
328 5.33592499e-06
329 5.303635049e-06
330 5.271637323e-06
331 5.239928299e-06
332 5.208504512e-06
333 5.177362552e-06
334 5.146499058e-06
335 5.115910721e-06
336 5.08559428e-06
337 5.055546521e-06
338 5.02576428e-06
339 4.996244436e-06
340 4.966983917e-06
341 4.937979693e-06
342 4.909228781e-06
343 4.880728238e-06
344 4.852475167e-06
345 4.824466711e-06
346 4.796700054e-06
347 4.76917242e-06
348 4.741881075e-06
349 4.714823321e-06
350 4.6879965e-06
351 4.661397992e-06
352 4.635025213e-06
353 4.608875617e-06
354 4.582946692e-06
355 4.557235961e-06
356 4.531740985e-06
357 4.506459355e-06
358 4.481388698e-06
359 4.456526673e-06
360 4.431870971e-06
361 4.407419316e-06
362 4.383169462e-06
363 4.359119195e-06
364 4.33526633e-06
365 4.311608713e-06
366 4.28814422e-06
367 4.264870753e-06
368 4.241786244e-06
369 4.218888654e-06
370 4.196175971e-06
371 4.173646208e-06
372 4.151297406e-06
373 4.129127633e-06
374 4.107134982e-06
375 4.08531757e-06
376 4.063673542e-06
377 4.042201064e-06
378 4.020898328e-06
379 3.999763551e-06
380 3.978794971e-06
381 3.95799085e-06
382 3.937349473e-06
383 3.916869146e-06
384 3.896548199e-06
385 3.876384982e-06
386 3.856377867e-06
387 3.836525247e-06
388 3.816825535e-06
389 3.797277165e-06
390 3.777878591e-06
391 3.758628285e-06
392 3.739524741e-06
393 3.720566472e-06
394 3.701752006e-06
395 3.683079895e-06
396 3.664548705e-06
397 3.646157021e-06
398 3.627903448e-06
399 3.609786605e-06
400 3.591805131e-06
401 3.573957679e-06
402 3.556242922e-06
403 3.538659548e-06
404 3.52120626e-06
405 3.503881778e-06
406 3.486684838e-06
407 3.469614192e-06
408 3.452668604e-06
409 3.435846858e-06
410 3.419147748e-06
411 3.402570087e-06
412 3.386112698e-06
413 3.369774422e-06
414 3.353554111e-06
415 3.337450633e-06
416 3.321462869e-06
417 3.305589712e-06
418 3.289830069e-06
419 3.274182862e-06
420 3.258647022e-06
421 3.243221495e-06
422 3.227905241e-06
423 3.212697228e-06
424 3.197596439e-06
425 3.182601869e-06
426 3.167712524e-06
427 3.152927422e-06
428 3.138245591e-06
429 3.123666072e-06
430 3.109187918e-06
431 3.094810189e-06
432 3.080531961e-06
433 3.066352316e-06
434 3.052270349e-06
435 3.038285165e-06
436 3.02439588e-06
437 3.010601618e-06
438 2.996901515e-06
439 2.983294715e-06
440 2.969780373e-06
441 2.956357654e-06
442 2.943025732e-06
443 2.929783788e-06
444 2.916631015e-06
445 2.903566615e-06
446 2.890589797e-06
447 2.877699781e-06
448 2.864895793e-06
449 2.852177071e-06
450 2.839542858e-06
451 2.826992407e-06
452 2.814524981e-06
453 2.802139847e-06
454 2.789836285e-06
455 2.777613577e-06
456 2.765471019e-06
457 2.75340791e-06
458 2.741423559e-06
459 2.729517282e-06
460 2.717688402e-06
461 2.705936249e-06
462 2.694260163e-06
463 2.682659486e-06
464 2.671133573e-06
465 2.659681781e-06
466 2.648303476e-06
467 2.636998031e-06
468 2.625764826e-06
469 2.614603245e-06
470 2.603512682e-06
471 2.592492534e-06
472 2.581542209e-06
473 2.570661116e-06
474 2.559848673e-06
475 2.549104304e-06
476 2.538427439e-06
477 2.527817514e-06
478 2.517273969e-06
479 2.506796253e-06
480 2.496383819e-06
481 2.486036125e-06
482 2.475752636e-06
483 2.465532822e-06
484 2.455376158e-06
485 2.445282125e-06
486 2.435250209e-06
487 2.425279901e-06
488 2.415370699e-06
489 2.405522102e-06
490 2.39573362e-06
491 2.386004762e-06
492 2.376335047e-06
493 2.366723995e-06
494 2.357171133e-06
495 2.347675992e-06
496 2.338238108e-06
497 2.328857022e-06
498 2.319532278e-06
499 2.310263427e-06
500 2.301050023e-06
501 2.291891624e-06
502 2.282787793e-06
503 2.273738098e-06
504 2.264742111e-06
505 2.255799406e-06
506 2.246909565e-06
507 2.238072171e-06
508 2.229286813e-06
509 2.220553083e-06
510 2.211870576e-06
511 2.203238895e-06
512 2.194657641e-06
513 2.186126424e-06
514 2.177644855e-06
515 2.16921255e-06
516 2.160829128e-06
517 2.152494211e-06
518 2.144207427e-06
519 2.135968405e-06
520 2.127776779e-06
521 2.119632187e-06
522 2.111534268e-06
523 2.103482667e-06
524 2.095477031e-06
525 2.087517012e-06
526 2.079602263e-06
527 2.071732441e-06
528 2.063907207e-06
529 2.056126226e-06
530 2.048389163e-06
531 2.040695689e-06
532 2.033045478e-06
533 2.025438205e-06
534 2.01787355e-06
535 2.010351195e-06
536 2.002870825e-06
537 1.995432128e-06
538 1.988034795e-06
539 1.980678521e-06
540 1.973363002e-06
541 1.966087937e-06
542 1.958853029e-06
543 1.951657983e-06
544 1.944502506e-06
545 1.937386309e-06
546 1.930309104e-06
547 1.923270608e-06
548 1.916270539e-06
549 1.909308618e-06
550 1.902384567e-06
551 1.895498112e-06
552 1.888648983e-06
553 1.881836909e-06
554 1.875061624e-06
555 1.868322864e-06
556 1.861620366e-06
557 1.85495387e-06
558 1.84832312e-06
559 1.84172786e-06
560 1.835167837e-06
561 1.828642801e-06
562 1.822152503e-06
563 1.815696698e-06
564 1.809275141e-06
565 1.80288759e-06
566 1.796533806e-06
567 1.790213551e-06
568 1.78392659e-06
569 1.777672689e-06
570 1.771451617e-06
571 1.765263145e-06
572 1.759107044e-06
573 1.752983091e-06
574 1.74689106e-06
575 1.740830732e-06
576 1.734801885e-06
577 1.728804303e-06
578 1.72283777e-06
579 1.716902071e-06
580 1.710996996e-06
581 1.705122332e-06
582 1.699277872e-06
583 1.69346341e-06
584 1.68767874e-06
585 1.681923659e-06
586 1.676197966e-06
587 1.67050146e-06
588 1.664833944e-06
589 1.659195222e-06
590 1.653585099e-06
591 1.648003381e-06
592 1.642449877e-06
593 1.636924398e-06
594 1.631426755e-06
595 1.625956761e-06
596 1.620514232e-06
597 1.615098983e-06
598 1.609710834e-06
599 1.604349602e-06
600 1.59901511e-06
601 1.59370718e-06
602 1.588425635e-06
603 1.583170302e-06
604 1.577941006e-06
605 1.572737577e-06
606 1.567559844e-06
607 1.562407637e-06
608 1.55728079e-06
609 1.552179137e-06
610 1.547102512e-06
611 1.542050752e-06
612 1.537023695e-06
613 1.53202118e-06
614 1.527043048e-06
615 1.52208914e-06
616 1.5171593e-06
617 1.512253372e-06
618 1.507371201e-06
619 1.502512635e-06
620 1.497677521e-06
621 1.492865709e-06
622 1.488077049e-06
623 1.483311393e-06
624 1.478568593e-06
625 1.473848505e-06
626 1.469150983e-06
627 1.464475883e-06
628 1.459823064e-06
629 1.455192383e-06
630 1.450583701e-06
631 1.445996878e-06
632 1.441431776e-06
633 1.436888258e-06
634 1.43236619e-06
635 1.427865435e-06
636 1.423385859e-06
637 1.418927332e-06
638 1.41448972e-06
639 1.410072893e-06
640 1.405676721e-06
641 1.401301076e-06
642 1.396945831e-06
643 1.392610858e-06
644 1.388296032e-06
645 1.384001229e-06
646 1.379726324e-06
647 1.375471195e-06
648 1.371235721e-06
649 1.367019779e-06
650 1.362823251e-06
651 1.358646018e-06
652 1.354487961e-06
653 1.350348962e-06
654 1.346228907e-06
655 1.342127679e-06
656 1.338045164e-06
657 1.333981247e-06
658 1.329935818e-06
659 1.325908762e-06
660 1.32189997e-06
661 1.317909331e-06
662 1.313936735e-06
663 1.309982075e-06
664 1.306045241e-06
665 1.302126128e-06
666 1.298224629e-06
667 1.294340638e-06
668 1.290474051e-06
669 1.286624765e-06
670 1.282792675e-06
671 1.27897768e-06
672 1.275179679e-06
673 1.27139857e-06
674 1.267634254e-06
675 1.26388663e-06
676 1.260155602e-06
677 1.25644107e-06
678 1.252742938e-06
679 1.249061109e-06
680 1.245395488e-06
681 1.241745979e-06
682 1.238112489e-06
683 1.234494923e-06
684 1.230893189e-06
685 1.227307195e-06
686 1.223736849e-06
687 1.22018206e-06
688 1.216642737e-06
689 1.213118792e-06
690 1.209610135e-06
691 1.206116678e-06
692 1.202638333e-06
693 1.199175013e-06
694 1.195726633e-06
695 1.192293105e-06
696 1.188874345e-06
697 1.185470269e-06
698 1.182080791e-06
699 1.17870583e-06
700 1.175345302e-06
701 1.171999125e-06
702 1.168667217e-06
703 1.165349498e-06
704 1.162045887e-06
705 1.158756303e-06
706 1.155480669e-06
707 1.152218904e-06
708 1.148970931e-06
709 1.145736673e-06
710 1.142516051e-06
711 1.13930899e-06
712 1.136115414e-06
713 1.132935246e-06
714 1.129768413e-06
715 1.126614839e-06
716 1.123474451e-06
717 1.120347175e-06
718 1.117232938e-06
719 1.114131668e-06
720 1.111043294e-06
721 1.107967743e-06
722 1.104904945e-06
723 1.101854829e-06
724 1.098817326e-06
725 1.095792365e-06
726 1.092779879e-06
727 1.089779799e-06
728 1.086792056e-06
729 1.083816582e-06
730 1.080853312e-06
731 1.077902178e-06
732 1.074963114e-06
733 1.072036055e-06
734 1.069120934e-06
735 1.066217688e-06
736 1.063326252e-06
737 1.060446561e-06
738 1.057578553e-06
739 1.054722164e-06
740 1.051877331e-06
741 1.049043993e-06
742 1.046222087e-06
743 1.043411552e-06
744 1.040612327e-06
745 1.037824352e-06
746 1.035047565e-06
747 1.032281908e-06
748 1.029527321e-06
749 1.026783745e-06
750 1.024051122e-06
751 1.021329393e-06
752 1.0186185e-06
753 1.015918385e-06
754 1.013228993e-06
755 1.010550266e-06
756 1.007882148e-06
757 1.005224582e-06
758 1.002577514e-06
759 9.999408878e-07
760 9.973146489e-07
761 9.946987428e-07
762 9.920931152e-07
763 9.894977125e-07
764 9.869124812e-07
765 9.843373682e-07
766 9.817723207e-07
767 9.792172865e-07
768 9.766722134e-07
769 9.741370498e-07
770 9.716117441e-07
771 9.690962455e-07
772 9.665905032e-07
773 9.640944668e-07
774 9.616080862e-07
775 9.591313118e-07
776 9.56664094e-07
777 9.542063838e-07
778 9.517581324e-07
779 9.493192913e-07
780 9.468898123e-07
781 9.444696476e-07
782 9.420587497e-07
783 9.396570713e-07
784 9.372645654e-07
785 9.348811854e-07
786 9.325068849e-07
787 9.301416179e-07
788 9.277853386e-07
789 9.254380016e-07
790 9.230995616e-07
791 9.207699737e-07
792 9.184491934e-07
793 9.161371762e-07
794 9.138338781e-07
795 9.115392553e-07
796 9.092532644e-07
797 9.06975862e-07
798 9.047070052e-07
799 9.024466512e-07
800 9.001947578e-07
801 8.979512826e-07
802 8.957161839e-07
803 8.934894198e-07
804 8.912709491e-07
805 8.890607306e-07
806 8.868587235e-07
807 8.84664887e-07
808 8.824791809e-07
809 8.80301565e-07
810 8.781319994e-07
811 8.759704446e-07
812 8.73816861e-07
813 8.716712096e-07
814 8.695334515e-07
815 8.674035479e-07
816 8.652814605e-07
817 8.631671511e-07
818 8.610605816e-07
819 8.589617145e-07
820 8.56870512e-07
821 8.547869371e-07
822 8.527109526e-07
823 8.506425217e-07
824 8.485816078e-07
825 8.465281745e-07
826 8.444821857e-07
827 8.424436055e-07
828 8.40412398e-07
829 8.383885278e-07
830 8.363719596e-07
831 8.343626583e-07
832 8.323605891e-07
833 8.303657172e-07
834 8.283780082e-07
835 8.263974279e-07
836 8.244239423e-07
837 8.224575173e-07
838 8.204981195e-07
839 8.185457154e-07
840 8.166002717e-07
841 8.146617555e-07
842 8.127301337e-07
843 8.108053739e-07
844 8.088874434e-07
845 8.069763102e-07
846 8.050719419e-07
847 8.031743069e-07
848 8.012833734e-07
849 7.993991098e-07
850 7.975214848e-07
851 7.956504673e-07
852 7.937860263e-07
853 7.91928131e-07
854 7.900767509e-07
855 7.882318554e-07
856 7.863934144e-07
857 7.845613977e-07
858 7.827357756e-07
859 7.809165181e-07
860 7.791035959e-07
861 7.772969795e-07
862 7.754966396e-07
863 7.737025474e-07
864 7.719146738e-07
865 7.701329902e-07
866 7.68357468e-07
867 7.66588079e-07
868 7.648247947e-07
869 7.630675873e-07
870 7.613164287e-07
871 7.595712913e-07
872 7.578321476e-07
873 7.5609897e-07
874 7.543717313e-07
875 7.526504045e-07
876 7.509349625e-07
877 7.492253787e-07
878 7.475216262e-07
879 7.458236787e-07
880 7.441315098e-07
881 7.424450934e-07
882 7.407644032e-07
883 7.390894136e-07
884 7.374200987e-07
885 7.357564329e-07
886 7.340983908e-07
887 7.32445947e-07
888 7.307990763e-07
889 7.291577538e-07
890 7.275219545e-07
891 7.258916538e-07
892 7.242668268e-07
893 7.226474493e-07
894 7.210334968e-07
895 7.194249452e-07
896 7.178217703e-07
897 7.162239483e-07
898 7.146314553e-07
899 7.130442677e-07
900 7.114623618e-07
901 7.098857144e-07
902 7.083143021e-07
903 7.067481018e-07
904 7.051870905e-07
905 7.036312452e-07
906 7.020805432e-07
907 7.005349619e-07
908 6.989944786e-07
909 6.974590711e-07
910 6.959287171e-07
911 6.944033943e-07
912 6.928830808e-07
913 6.913677547e-07
914 6.898573941e-07
915 6.883519775e-07
916 6.868514831e-07
917 6.853558897e-07
918 6.838651759e-07
919 6.823793204e-07
920 6.808983023e-07
921 6.794221004e-07
922 6.77950694e-07
923 6.764840623e-07
924 6.750221847e-07
925 6.735650407e-07
926 6.721126097e-07
927 6.706648716e-07
928 6.692218061e-07
929 6.677833932e-07
930 6.663496129e-07
931 6.649204452e-07
932 6.634958705e-07
933 6.62075869e-07
934 6.606604213e-07
935 6.592495078e-07
936 6.578431093e-07
937 6.564412064e-07
938 6.550437801e-07
939 6.536508112e-07
940 6.52262281e-07
941 6.508781704e-07
942 6.494984608e-07
943 6.481231336e-07
944 6.467521702e-07
945 6.453855522e-07
946 6.440232611e-07
947 6.426652789e-07
948 6.413115873e-07
949 6.399621682e-07
950 6.386170037e-07
951 6.37276076e-07
952 6.359393673e-07
953 6.346068598e-07
954 6.33278536e-07
955 6.319543784e-07
956 6.306343696e-07
957 6.293184923e-07
958 6.280067293e-07
959 6.266990634e-07
960 6.253954775e-07
961 6.240959548e-07
962 6.228004783e-07
963 6.215090314e-07
964 6.202215971e-07
965 6.189381591e-07
966 6.176587007e-07
967 6.163832056e-07
968 6.151116572e-07
969 6.138440395e-07
970 6.125803362e-07
971 6.113205313e-07
972 6.100646086e-07
973 6.088125522e-07
974 6.075643464e-07
975 6.063199753e-07
976 6.050794233e-07
977 6.038426746e-07
978 6.026097139e-07
979 6.013805256e-07
980 6.001550944e-07
981 5.98933405e-07
982 5.977154421e-07
983 5.965011906e-07
984 5.952906355e-07
985 5.940837617e-07
986 5.928805544e-07
987 5.916809987e-07
988 5.904850799e-07
989 5.892927832e-07
990 5.881040941e-07
991 5.86918998e-07
992 5.857374804e-07
993 5.84559527e-07
994 5.833851234e-07
995 5.822142554e-07
996 5.810469088e-07
997 5.798830695e-07
998 5.787227235e-07
999 5.775658568e-07
1000 5.764124555e-07
1001 5.752625057e-07
1002 5.741159938e-07
1003 5.72972906e-07
1004 5.718332287e-07
1005 5.706969483e-07
1006 5.695640514e-07
1007 5.684345246e-07
1008 5.673083544e-07
1009 5.661855277e-07
1010 5.650660311e-07
1011 5.639498516e-07
1012 5.62836976e-07
1013 5.617273913e-07
1014 5.606210845e-07
1015 5.595180428e-07
1016 5.584182533e-07
1017 5.573217033e-07
1018 5.562283799e-07
1019 5.551382707e-07
1020 5.540513629e-07
1021 5.529676441e-07
1022 5.518871018e-07
1023 5.508097237e-07
1024 5.497354973e-07
1025 5.486644103e-07
1026 5.475964507e-07
1027 5.465316061e-07
1028 5.454698645e-07
1029 5.444112139e-07
1030 5.433556422e-07
1031 5.423031376e-07
1032 5.412536881e-07
1033 5.40207282e-07
1034 5.391639075e-07
1035 5.381235529e-07
1036 5.370862065e-07
1037 5.360518568e-07
1038 5.350204922e-07
1039 5.339921013e-07
1040 5.329666727e-07
1041 5.319441949e-07
1042 5.309246566e-07
1043 5.299080467e-07
1044 5.288943539e-07
1045 5.27883567e-07
1046 5.26875675e-07
1047 5.258706668e-07
1048 5.248685314e-07
1049 5.238692579e-07
1050 5.228728353e-07
1051 5.21879253e-07
1052 5.208885e-07
1053 5.199005657e-07
1054 5.189154393e-07
1055 5.179331102e-07
1056 5.169535679e-07
1057 5.159768018e-07
1058 5.150028015e-07
1059 5.140315564e-07
1060 5.130630563e-07
1061 5.120972908e-07
1062 5.111342495e-07
1063 5.101739224e-07
1064 5.092162991e-07
1065 5.082613695e-07
1066 5.073091236e-07
1067 5.063595513e-07
1068 5.054126425e-07
1069 5.044683875e-07
1070 5.035267761e-07
1071 5.025877986e-07
1072 5.016514452e-07
1073 5.007177061e-07
1074 4.997865716e-07
1075 4.98858032e-07
1076 4.979320776e-07
1077 4.970086989e-07
1078 4.960878863e-07
1079 4.951696303e-07
1080 4.942539215e-07
1081 4.933407505e-07
1082 4.924301079e-07
1083 4.915219843e-07
1084 4.906163705e-07
1085 4.897132573e-07
1086 4.888126354e-07
1087 4.879144957e-07
1088 4.870188291e-07
1089 4.861256265e-07
1090 4.852348788e-07
1091 4.843465772e-07
1092 4.834607126e-07
1093 4.825772761e-07
1094 4.816962589e-07
1095 4.808176521e-07
1096 4.79941447e-07
1097 4.790676348e-07
1098 4.781962068e-07
1099 4.773271544e-07
1100 4.764604688e-07
1101 4.755961416e-07
1102 4.747341642e-07
1103 4.738745281e-07
1104 4.730172247e-07
1105 4.721622457e-07
1106 4.713095827e-07
1107 4.704592273e-07
1108 4.696111712e-07
1109 4.687654061e-07
1110 4.679219237e-07
1111 4.670807159e-07
1112 4.662417745e-07
1113 4.654050914e-07
1114 4.645706584e-07
1115 4.637384675e-07
1116 4.629085107e-07
1117 4.6208078e-07
1118 4.612552673e-07
1119 4.604319649e-07
1120 4.596108648e-07
1121 4.587919592e-07
1122 4.579752403e-07
1123 4.571607002e-07
1124 4.563483313e-07
1125 4.555381258e-07
1126 4.547300761e-07
1127 4.539241745e-07
1128 4.531204134e-07
1129 4.523187852e-07
1130 4.515192824e-07
1131 4.507218975e-07
1132 4.49926623e-07
1133 4.491334515e-07
1134 4.483423756e-07
1135 4.475533878e-07
1136 4.467664809e-07
1137 4.459816476e-07
1138 4.451988805e-07
1139 4.444181724e-07
1140 4.436395161e-07
1141 4.428629044e-07
1142 4.420883301e-07
1143 4.413157862e-07
1144 4.405452656e-07
1145 4.397767611e-07
1146 4.390102658e-07
1147 4.382457727e-07
1148 4.374832747e-07
1149 4.367227651e-07
1150 4.359642367e-07
1151 4.352076829e-07
1152 4.344530967e-07
1153 4.337004713e-07
1154 4.329497999e-07
1155 4.322010758e-07
1156 4.314542922e-07
1157 4.307094425e-07
1158 4.299665199e-07
1159 4.292255178e-07
1160 4.284864297e-07
1161 4.277492489e-07
1162 4.270139688e-07
1163 4.26280583e-07
1164 4.255490849e-07
1165 4.248194681e-07
1166 4.240917261e-07
1167 4.233658525e-07
1168 4.226418409e-07
1169 4.21919685e-07
1170 4.211993784e-07
1171 4.204809147e-07
1172 4.197642878e-07
1173 4.190494914e-07
1174 4.183365192e-07
1175 4.17625365e-07
1176 4.169160227e-07
1177 4.162084861e-07
1178 4.155027491e-07
1179 4.147988055e-07
1180 4.140966494e-07
1181 4.133962746e-07
1182 4.126976752e-07
1183 4.120008452e-07
1184 4.113057785e-07
1185 4.106124693e-07
1186 4.099209115e-07
1187 4.092310994e-07
1188 4.085430271e-07
1189 4.078566887e-07
1190 4.071720783e-07
1191 4.064891902e-07
1192 4.058080187e-07
1193 4.051285579e-07
1194 4.044508022e-07
1195 4.037747458e-07
1196 4.031003831e-07
1197 4.024277084e-07
1198 4.017567161e-07
1199 4.010874006e-07
1200 4.004197562e-07
1201 3.997537775e-07
1202 3.99089459e-07
1203 3.98426795e-07
1204 3.977657801e-07
1205 3.971064088e-07
1206 3.964486757e-07
1207 3.957925754e-07
1208 3.951381025e-07
1209 3.944852516e-07
1210 3.938340172e-07
1211 3.931843942e-07
1212 3.925363772e-07
1213 3.918899609e-07
1214 3.9124514e-07
1215 3.906019093e-07
1216 3.899602636e-07
1217 3.893201976e-07
1218 3.886817062e-07
1219 3.880447842e-07
1220 3.874094265e-07
1221 3.867756279e-07
1222 3.861433835e-07
1223 3.85512688e-07
1224 3.848835364e-07
1225 3.842559237e-07
1226 3.836298449e-07
1227 3.83005295e-07
1228 3.82382269e-07
1229 3.81760762e-07
1230 3.81140769e-07
1231 3.805222851e-07
1232 3.799053054e-07
1233 3.79289825e-07
1234 3.786758392e-07
1235 3.78063343e-07
1236 3.774523316e-07
1237 3.768428003e-07
1238 3.762347442e-07
1239 3.756281587e-07
1240 3.750230389e-07
1241 3.744193802e-07
1242 3.738171778e-07
1243 3.732164271e-07
1244 3.726171235e-07
1245 3.720192622e-07
1246 3.714228386e-07
1247 3.708278481e-07
1248 3.702342863e-07
1249 3.696421484e-07
1250 3.690514299e-07
1251 3.684621263e-07
1252 3.678742331e-07
1253 3.672877458e-07
1254 3.667026598e-07
1255 3.661189709e-07
1256 3.655366744e-07
1257 3.64955766e-07
1258 3.643762412e-07
1259 3.637980957e-07
1260 3.632213252e-07
1261 3.626459251e-07
1262 3.620718913e-07
1263 3.614992194e-07
1264 3.60927905e-07
1265 3.603579439e-07
1266 3.597893319e-07
1267 3.592220646e-07
1268 3.586561378e-07
1269 3.580915474e-07
1270 3.575282891e-07
1271 3.569663586e-07
1272 3.564057519e-07
1273 3.558464649e-07
1274 3.552884932e-07
1275 3.547318329e-07
1276 3.541764798e-07
1277 3.536224299e-07
1278 3.53069679e-07
1279 3.525182231e-07
1280 3.519680582e-07
1281 3.514191802e-07
1282 3.508715852e-07
1283 3.503252691e-07
1284 3.497802279e-07
1285 3.492364577e-07
1286 3.486939545e-07
1287 3.481527145e-07
1288 3.476127336e-07
1289 3.470740081e-07
1290 3.465365339e-07
1291 3.460003072e-07
1292 3.454653242e-07
1293 3.44931581e-07
1294 3.443990738e-07
1295 3.438677988e-07
1296 3.433377522e-07
1297 3.428089302e-07
1298 3.42281329e-07
1299 3.417549449e-07
1300 3.412297741e-07
1301 3.407058129e-07
1302 3.401830576e-07
1303 3.396615045e-07
1304 3.391411499e-07
1305 3.386219902e-07
1306 3.381040216e-07
1307 3.375872406e-07
1308 3.370716435e-07
1309 3.365572267e-07
1310 3.360439867e-07
1311 3.355319197e-07
1312 3.350210223e-07
1313 3.345112909e-07
1314 3.340027219e-07
1315 3.334953119e-07
1316 3.329890572e-07
1317 3.324839544e-07
1318 3.3198e-07
1319 3.314771905e-07
1320 3.309755225e-07
1321 3.304749925e-07
1322 3.29975597e-07
1323 3.294773327e-07
1324 3.289801961e-07
1325 3.284841838e-07
1326 3.279892925e-07
1327 3.274955187e-07
1328 3.270028591e-07
1329 3.265113103e-07
1330 3.260208691e-07
1331 3.25531532e-07
1332 3.250432958e-07
1333 3.245561572e-07
1334 3.240701128e-07
1335 3.235851595e-07
1336 3.231012939e-07
1337 3.226185128e-07
1338 3.221368129e-07
1339 3.216561911e-07
1340 3.211766441e-07
1341 3.206981688e-07
1342 3.202207618e-07
1343 3.197444201e-07
1344 3.192691404e-07
1345 3.187949197e-07
1346 3.183217548e-07
1347 3.178496425e-07
1348 3.173785797e-07
1349 3.169085634e-07
1350 3.164395904e-07
1351 3.159716576e-07
1352 3.15504762e-07
1353 3.150389004e-07
1354 3.1457407e-07
1355 3.141102675e-07
1356 3.1364749e-07
1357 3.131857345e-07
1358 3.127249979e-07
1359 3.122652772e-07
1360 3.118065696e-07
1361 3.113488719e-07
1362 3.108921813e-07
1363 3.104364948e-07
1364 3.099818094e-07
1365 3.095281222e-07
1366 3.090754303e-07
1367 3.086237308e-07
1368 3.081730208e-07
1369 3.077232974e-07
1370 3.072745576e-07
1371 3.068267988e-07
1372 3.063800179e-07
1373 3.059342122e-07
1374 3.054893788e-07
1375 3.050455149e-07
1376 3.046026176e-07
1377 3.041606843e-07
1378 3.03719712e-07
1379 3.03279698e-07
1380 3.028406395e-07
1381 3.024025337e-07
1382 3.01965378e-07
1383 3.015291695e-07
1384 3.010939055e-07
1385 3.006595833e-07
1386 3.002262001e-07
1387 2.997937534e-07
1388 2.993622403e-07
1389 2.989316582e-07
1390 2.985020044e-07
1391 2.980732763e-07
1392 2.976454711e-07
1393 2.972185863e-07
1394 2.967926192e-07
1395 2.963675672e-07
1396 2.959434276e-07
1397 2.955201979e-07
1398 2.950978754e-07
1399 2.946764576e-07
1400 2.942559418e-07
1401 2.938363255e-07
1402 2.934176062e-07
1403 2.929997813e-07
1404 2.925828481e-07
1405 2.921668043e-07
1406 2.917516473e-07
1407 2.913373745e-07
1408 2.909239835e-07
1409 2.905114717e-07
1410 2.900998366e-07
1411 2.896890758e-07
1412 2.892791868e-07
1413 2.888701672e-07
1414 2.884620144e-07
1415 2.880547261e-07
1416 2.876482997e-07
1417 2.872427329e-07
1418 2.868380232e-07
1419 2.864341682e-07
1420 2.860311656e-07
1421 2.856290128e-07
1422 2.852277076e-07
1423 2.848272476e-07
1424 2.844276303e-07
1425 2.840288535e-07
1426 2.836309147e-07
1427 2.832338116e-07
1428 2.828375419e-07
1429 2.824421032e-07
1430 2.820474932e-07
1431 2.816537097e-07
1432 2.812607503e-07
1433 2.808686126e-07
1434 2.804772945e-07
1435 2.800867936e-07
1436 2.796971077e-07
1437 2.793082345e-07
1438 2.789201717e-07
1439 2.785329171e-07
1440 2.781464684e-07
1441 2.777608234e-07
1442 2.773759799e-07
1443 2.769919357e-07
1444 2.766086885e-07
1445 2.762262362e-07
1446 2.758445765e-07
1447 2.754637072e-07
1448 2.750836263e-07
1449 2.747043314e-07
1450 2.743258205e-07
1451 2.739480914e-07
1452 2.735711418e-07
1453 2.731949698e-07
1454 2.728195731e-07
1455 2.724449497e-07
1456 2.720710973e-07
1457 2.716980139e-07
1458 2.713256974e-07
1459 2.709541456e-07
1460 2.705833565e-07
1461 2.702133281e-07
1462 2.698440581e-07
1463 2.694755446e-07
1464 2.691077854e-07
1465 2.687407786e-07
1466 2.683745221e-07
1467 2.680090137e-07
1468 2.676442516e-07
1469 2.672802336e-07
1470 2.669169578e-07
1471 2.66554422e-07
1472 2.661926244e-07
1473 2.658315629e-07
1474 2.654712355e-07
1475 2.651116403e-07
1476 2.647527751e-07
1477 2.643946382e-07
1478 2.640372274e-07
1479 2.636805409e-07
1480 2.633245767e-07
1481 2.629693328e-07
1482 2.626148072e-07
1483 2.622609982e-07
1484 2.619079036e-07
1485 2.615555217e-07
1486 2.612038505e-07
1487 2.60852888e-07
1488 2.605026324e-07
1489 2.601530818e-07
1490 2.598042342e-07
1491 2.594560879e-07
1492 2.591086409e-07
1493 2.587618913e-07
1494 2.584158373e-07
1495 2.580704771e-07
1496 2.577258087e-07
1497 2.573818303e-07
1498 2.570385402e-07
1499 2.566959364e-07
1500 2.563540171e-07
1501 2.560127805e-07
1502 2.556722248e-07
1503 2.553323481e-07
1504 2.549931488e-07
1505 2.546546249e-07
1506 2.543167747e-07
1507 2.539795964e-07
1508 2.536430881e-07
1509 2.533072483e-07
1510 2.52972075e-07
1511 2.526375665e-07
1512 2.52303721e-07
1513 2.519705369e-07
1514 2.516380123e-07
1515 2.513061455e-07
1516 2.509749348e-07
1517 2.506443785e-07
1518 2.503144748e-07
1519 2.49985222e-07
1520 2.496566183e-07
1521 2.493286622e-07
1522 2.490013519e-07
1523 2.486746857e-07
1524 2.483486619e-07
1525 2.480232788e-07
1526 2.476985348e-07
1527 2.473744281e-07
1528 2.470509572e-07
1529 2.467281203e-07
1530 2.464059158e-07
1531 2.46084342e-07
1532 2.457633974e-07
1533 2.454430802e-07
1534 2.451233888e-07
1535 2.448043216e-07
1536 2.44485877e-07
1537 2.441680534e-07
1538 2.43850849e-07
1539 2.435342624e-07
1540 2.43218292e-07
1541 2.42902936e-07
1542 2.42588193e-07
1543 2.422740614e-07
1544 2.419605395e-07
1545 2.416476258e-07
1546 2.413353187e-07
1547 2.410236167e-07
1548 2.407125182e-07
1549 2.404020216e-07
1550 2.400921253e-07
1551 2.397828279e-07
1552 2.394741278e-07
1553 2.391660235e-07
1554 2.388585134e-07
1555 2.385515959e-07
1556 2.382452697e-07
1557 2.379395331e-07
1558 2.376343846e-07
1559 2.373298228e-07
1560 2.370258461e-07
1561 2.367224531e-07
1562 2.364196422e-07
1563 2.361174119e-07
1564 2.358157608e-07
1565 2.355146874e-07
1566 2.352141902e-07
1567 2.349142678e-07
1568 2.346149187e-07
1569 2.343161413e-07
1570 2.340179344e-07
1571 2.337202963e-07
1572 2.334232258e-07
1573 2.331267212e-07
1574 2.328307813e-07
1575 2.325354045e-07
1576 2.322405894e-07
1577 2.319463347e-07
1578 2.316526388e-07
1579 2.313595004e-07
1580 2.310669181e-07
1581 2.307748904e-07
1582 2.30483416e-07
1583 2.301924934e-07
1584 2.299021213e-07
1585 2.296122983e-07
1586 2.29323023e-07
1587 2.29034294e-07
1588 2.2874611e-07
1589 2.284584695e-07
1590 2.281713713e-07
1591 2.278848138e-07
1592 2.275987959e-07
1593 2.273133161e-07
1594 2.270283731e-07
1595 2.267439655e-07
1596 2.26460092e-07
1597 2.261767513e-07
1598 2.25893942e-07
1599 2.256116628e-07
1600 2.253299124e-07
1601 2.250486895e-07
1602 2.247679926e-07
1603 2.244878207e-07
1604 2.242081722e-07
1605 2.23929046e-07
1606 2.236504406e-07
1607 2.23372355e-07
1608 2.230947876e-07
1609 2.228177373e-07
1610 2.225412027e-07
1611 2.222651827e-07
1612 2.219896758e-07
1613 2.217146809e-07
1614 2.214401966e-07
1615 2.211662218e-07
1616 2.20892755e-07
1617 2.206197952e-07
1618 2.20347341e-07
1619 2.200753913e-07
1620 2.198039446e-07
1621 2.195329999e-07
1622 2.192625558e-07
1623 2.189926111e-07
1624 2.187231647e-07
1625 2.184542153e-07
1626 2.181857616e-07
1627 2.179178024e-07
1628 2.176503366e-07
1629 2.173833629e-07
1630 2.171168801e-07
1631 2.16850887e-07
1632 2.165853824e-07
1633 2.163203651e-07
1634 2.16055834e-07
1635 2.157917878e-07
1636 2.155282253e-07
1637 2.152651454e-07
1638 2.150025469e-07
1639 2.147404286e-07
1640 2.144787894e-07
1641 2.14217628e-07
1642 2.139569434e-07
1643 2.136967343e-07
1644 2.134369996e-07
1645 2.131777381e-07
1646 2.129189488e-07
1647 2.126606304e-07
1648 2.124027818e-07
1649 2.121454019e-07
1650 2.118884896e-07
1651 2.116320436e-07
1652 2.11376063e-07
1653 2.111205464e-07
1654 2.108654929e-07
1655 2.106109014e-07
1656 2.103567706e-07
1657 2.101030995e-07
1658 2.09849887e-07
1659 2.095971319e-07
1660 2.093448333e-07
1661 2.090929899e-07
1662 2.088416007e-07
1663 2.085906646e-07
1664 2.083401805e-07
1665 2.080901473e-07
1666 2.078405639e-07
1667 2.075914293e-07
1668 2.073427424e-07
1669 2.070945021e-07
1670 2.068467073e-07
1671 2.06599357e-07
1672 2.063524501e-07
1673 2.061059856e-07
1674 2.058599623e-07
1675 2.056143793e-07
1676 2.053692355e-07
1677 2.051245299e-07
1678 2.048802613e-07
1679 2.046364289e-07
1680 2.043930314e-07
1681 2.041500679e-07
1682 2.039075374e-07
1683 2.036654389e-07
1684 2.034237712e-07
1685 2.031825334e-07
1686 2.029417245e-07
1687 2.027013435e-07
1688 2.024613892e-07
1689 2.022218609e-07
1690 2.019827573e-07
1691 2.017440775e-07
1692 2.015058206e-07
1693 2.012679855e-07
1694 2.010305712e-07
1695 2.007935767e-07
1696 2.005570011e-07
1697 2.003208433e-07
1698 2.000851024e-07
1699 1.998497774e-07
1700 1.996148673e-07
1701 1.993803712e-07
1702 1.99146288e-07
1703 1.989126168e-07
1704 1.986793567e-07
1705 1.984465066e-07
1706 1.982140656e-07
1707 1.979820328e-07
1708 1.977504071e-07
1709 1.975191877e-07
1710 1.972883736e-07
1711 1.970579639e-07
1712 1.968279575e-07
1713 1.965983536e-07
1714 1.963691512e-07
1715 1.961403494e-07
1716 1.959119473e-07
1717 1.956839439e-07
1718 1.954563383e-07
1719 1.952291295e-07
1720 1.950023167e-07
1721 1.94775899e-07
1722 1.945498753e-07
1723 1.943242449e-07
1724 1.940990067e-07
1725 1.938741599e-07
1726 1.936497036e-07
1727 1.934256368e-07
1728 1.932019588e-07
1729 1.929786684e-07
1730 1.92755765e-07
1731 1.925332476e-07
1732 1.923111152e-07
1733 1.92089367e-07
1734 1.918680022e-07
1735 1.916470197e-07
1736 1.914264189e-07
1737 1.912061987e-07
1738 1.909863583e-07
1739 1.907668968e-07
1740 1.905478134e-07
1741 1.903291072e-07
1742 1.901107773e-07
1743 1.898928228e-07
1744 1.89675243e-07
1745 1.894580369e-07
1746 1.892412037e-07
1747 1.890247425e-07
1748 1.888086525e-07
1749 1.885929328e-07
1750 1.883775827e-07
1751 1.881626011e-07
1752 1.879479874e-07
1753 1.877337406e-07
1754 1.8751986e-07
1755 1.873063447e-07
1756 1.870931938e-07
1757 1.868804066e-07
1758 1.866679821e-07
1759 1.864559197e-07
1760 1.862442184e-07
1761 1.860328775e-07
1762 1.85821896e-07
1763 1.856112733e-07
1764 1.854010085e-07
1765 1.851911008e-07
1766 1.849815494e-07
1767 1.847723534e-07
1768 1.845635121e-07
1769 1.843550247e-07
1770 1.841468903e-07
1771 1.839391082e-07
1772 1.837316776e-07
1773 1.835245977e-07
1774 1.833178677e-07
1775 1.831114867e-07
1776 1.829054541e-07
1777 1.826997691e-07
1778 1.824944308e-07
1779 1.822894385e-07
1780 1.820847913e-07
1781 1.818804886e-07
1782 1.816765296e-07
1783 1.814729134e-07
1784 1.812696394e-07
1785 1.810667067e-07
1786 1.808641146e-07
1787 1.806618623e-07
1788 1.804599491e-07
1789 1.802583742e-07
1790 1.800571369e-07
1791 1.798562363e-07
1792 1.796556718e-07
1793 1.794554426e-07
1794 1.792555479e-07
1795 1.790559871e-07
1796 1.788567593e-07
1797 1.786578638e-07
1798 1.784592999e-07
1799 1.782610669e-07
1800 1.78063164e-07
1801 1.778655905e-07
1802 1.776683456e-07
1803 1.774714286e-07
1804 1.772748388e-07
1805 1.770785755e-07
1806 1.76882638e-07
1807 1.766870255e-07
1808 1.764917372e-07
1809 1.762967726e-07
1810 1.761021309e-07
1811 1.759078113e-07
1812 1.757138132e-07
1813 1.755201358e-07
1814 1.753267785e-07
1815 1.751337405e-07
1816 1.749410211e-07
1817 1.747486197e-07
1818 1.745565355e-07
1819 1.743647678e-07
1820 1.74173316e-07
1821 1.739821793e-07
1822 1.73791357e-07
1823 1.736008486e-07
1824 1.734106532e-07
1825 1.732207702e-07
1826 1.730311989e-07
1827 1.728419387e-07
1828 1.726529888e-07
1829 1.724643485e-07
1830 1.722760173e-07
1831 1.720879944e-07
1832 1.719002791e-07
1833 1.717128708e-07
1834 1.715257688e-07
1835 1.713389724e-07
1836 1.71152481e-07
1837 1.70966294e-07
1838 1.707804105e-07
1839 1.705948301e-07
1840 1.70409552e-07
1841 1.702245756e-07
1842 1.700399001e-07
1843 1.698555251e-07
1844 1.696714498e-07
1845 1.694876735e-07
1846 1.693041957e-07
1847 1.691210156e-07
1848 1.689381326e-07
1849 1.687555462e-07
1850 1.685732556e-07
1851 1.683912602e-07
1852 1.682095593e-07
1853 1.680281524e-07
1854 1.678470388e-07
1855 1.676662179e-07
1856 1.67485689e-07
1857 1.673054515e-07
1858 1.671255048e-07
1859 1.669458483e-07
1860 1.667664813e-07
1861 1.665874032e-07
1862 1.664086134e-07
1863 1.662301113e-07
1864 1.660518962e-07
1865 1.658739676e-07
1866 1.656963248e-07
1867 1.655189673e-07
1868 1.653418943e-07
1869 1.651651053e-07
1870 1.649885997e-07
1871 1.64812377e-07
1872 1.646364363e-07
1873 1.644607773e-07
1874 1.642853993e-07
1875 1.641103016e-07
1876 1.639354837e-07
1877 1.63760945e-07
1878 1.635866849e-07
1879 1.634127028e-07
1880 1.632389981e-07
1881 1.630655702e-07
1882 1.628924186e-07
1883 1.627195426e-07
1884 1.625469417e-07
1885 1.623746152e-07
1886 1.622025626e-07
1887 1.620307834e-07
1888 1.618592769e-07
1889 1.616880426e-07
1890 1.615170798e-07
1891 1.61346388e-07
1892 1.611759667e-07
1893 1.610058153e-07
1894 1.608359331e-07
1895 1.606663197e-07
1896 1.604969745e-07
1897 1.603278968e-07
1898 1.601590862e-07
1899 1.59990542e-07
1900 1.598222638e-07
1901 1.596542509e-07
1902 1.594865029e-07
1903 1.59319019e-07
1904 1.591517988e-07
1905 1.589848418e-07
1906 1.588181474e-07
1907 1.586517149e-07
1908 1.58485544e-07
1909 1.58319634e-07
1910 1.581539844e-07
1911 1.579885946e-07
1912 1.578234641e-07
1913 1.576585924e-07
1914 1.574939789e-07
1915 1.573296231e-07
1916 1.571655244e-07
1917 1.570016823e-07
1918 1.568380963e-07
1919 1.566747658e-07
1920 1.565116904e-07
1921 1.563488694e-07
1922 1.561863023e-07
1923 1.560239887e-07
1924 1.55861928e-07
1925 1.557001196e-07
1926 1.555385631e-07
1927 1.553772578e-07
1928 1.552162034e-07
1929 1.550553993e-07
1930 1.548948449e-07
1931 1.547345398e-07
1932 1.545744834e-07
1933 1.544146752e-07
1934 1.542551147e-07
1935 1.540958014e-07
1936 1.539367348e-07
1937 1.537779143e-07
1938 1.536193395e-07
1939 1.534610099e-07
1940 1.533029249e-07
1941 1.531450841e-07
1942 1.529874869e-07
1943 1.528301328e-07
1944 1.526730214e-07
1945 1.525161521e-07
1946 1.523595245e-07
1947 1.522031381e-07
1948 1.520469922e-07
1949 1.518910866e-07
1950 1.517354206e-07
1951 1.515799938e-07
1952 1.514248057e-07
1953 1.512698558e-07
1954 1.511151436e-07
1955 1.509606687e-07
1956 1.508064304e-07
1957 1.506524285e-07
1958 1.504986623e-07
1959 1.503451314e-07
1960 1.501918353e-07
1961 1.500387736e-07
1962 1.498859457e-07
1963 1.497333512e-07
1964 1.495809897e-07
1965 1.494288605e-07
1966 1.492769633e-07
1967 1.491252976e-07
1968 1.48973863e-07
1969 1.488226589e-07
1970 1.486716848e-07
1971 1.485209404e-07
1972 1.483704252e-07
1973 1.482201386e-07
1974 1.480700803e-07
1975 1.479202497e-07
1976 1.477706464e-07
1977 1.4762127e-07
1978 1.474721199e-07
1979 1.473231958e-07
1980 1.471744971e-07
1981 1.470260235e-07
1982 1.468777744e-07
1983 1.467297495e-07
1984 1.465819482e-07
1985 1.464343701e-07
1986 1.462870148e-07
1987 1.461398817e-07
1988 1.459929706e-07
1989 1.458462809e-07
1990 1.456998121e-07
1991 1.455535639e-07
1992 1.454075357e-07
1993 1.452617272e-07
1994 1.451161379e-07
1995 1.449707674e-07
1996 1.448256152e-07
1997 1.446806809e-07
1998 1.44535964e-07
1999 1.443914642e-07
2000 1.44247181e-07
2001 1.441031139e-07
2002 1.439592625e-07
2003 1.438156264e-07
2004 1.436722052e-07
2005 1.435289984e-07
2006 1.433860057e-07
2007 1.432432265e-07
2008 1.431006605e-07
2009 1.429583072e-07
2010 1.428161662e-07
2011 1.426742371e-07
2012 1.425325194e-07
2013 1.423910129e-07
2014 1.422497169e-07
2015 1.421086311e-07
2016 1.419677552e-07
2017 1.418270886e-07
2018 1.41686631e-07
2019 1.415463819e-07
2020 1.41406341e-07
2021 1.412665078e-07
2022 1.411268819e-07
2023 1.409874629e-07
2024 1.408482504e-07
2025 1.40709244e-07
2026 1.405704433e-07
2027 1.404318478e-07
2028 1.402934572e-07
2029 1.401552711e-07
2030 1.400172891e-07
2031 1.398795107e-07
2032 1.397419356e-07
2033 1.396045633e-07
2034 1.394673935e-07
2035 1.393304258e-07
2036 1.391936598e-07
2037 1.39057095e-07
2038 1.389207311e-07
2039 1.387845677e-07
2040 1.386486043e-07
2041 1.385128407e-07
2042 1.383772764e-07
2043 1.38241911e-07
2044 1.381067442e-07
2045 1.379717755e-07
2046 1.378370045e-07
2047 1.377024309e-07
2048 1.375680543e-07
2049 1.374338743e-07
2050 1.372998905e-07
2051 1.371661026e-07
2052 1.370325101e-07
2053 1.368991127e-07
2054 1.367659099e-07
2055 1.366329015e-07
2056 1.36500087e-07
2057 1.363674661e-07
2058 1.362350384e-07
2059 1.361028035e-07
2060 1.35970761e-07
2061 1.358389106e-07
2062 1.357072518e-07
2063 1.355757844e-07
2064 1.354445079e-07
2065 1.35313422e-07
2066 1.351825263e-07
2067 1.350518205e-07
2068 1.349213041e-07
2069 1.347909769e-07
2070 1.346608384e-07
2071 1.345308882e-07
2072 1.344011261e-07
2073 1.342715516e-07
2074 1.341421644e-07
2075 1.340129642e-07
2076 1.338839505e-07
2077 1.337551231e-07
2078 1.336264814e-07
2079 1.334980253e-07
2080 1.333697544e-07
2081 1.332416682e-07
2082 1.331137664e-07
2083 1.329860487e-07
2084 1.328585148e-07
2085 1.327311642e-07
2086 1.326039966e-07
2087 1.324770117e-07
2088 1.323502091e-07
2089 1.322235885e-07
2090 1.320971495e-07
2091 1.319708918e-07
2092 1.31844815e-07
2093 1.317189187e-07
2094 1.315932028e-07
2095 1.314676667e-07
2096 1.313423102e-07
2097 1.312171328e-07
2098 1.310921344e-07
2099 1.309673145e-07
2100 1.308426727e-07
2101 1.307182088e-07
2102 1.305939225e-07
2103 1.304698132e-07
2104 1.303458809e-07
2105 1.30222125e-07
2106 1.300985453e-07
2107 1.299751414e-07
2108 1.29851913e-07
2109 1.297288598e-07
2110 1.296059814e-07
2111 1.294832776e-07
2112 1.293607478e-07
2113 1.29238392e-07
2114 1.291162096e-07
2115 1.289942005e-07
2116 1.288723641e-07
2117 1.287507004e-07
2118 1.286292088e-07
2119 1.285078891e-07
2120 1.28386741e-07
2121 1.282657641e-07
2122 1.281449581e-07
2123 1.280243227e-07
2124 1.279038576e-07
2125 1.277835624e-07
2126 1.276634368e-07
2127 1.275434806e-07
2128 1.274236933e-07
2129 1.273040748e-07
2130 1.271846245e-07
2131 1.270653424e-07
2132 1.269462279e-07
2133 1.268272809e-07
2134 1.26708501e-07
2135 1.265898878e-07
2136 1.264714411e-07
2137 1.263531606e-07
2138 1.26235046e-07
2139 1.261170969e-07
2140 1.25999313e-07
2141 1.25881694e-07
2142 1.257642397e-07
2143 1.256469497e-07
2144 1.255298236e-07
2145 1.254128613e-07
2146 1.252960624e-07
2147 1.251794265e-07
2148 1.250629535e-07
2149 1.249466429e-07
2150 1.248304945e-07
2151 1.24714508e-07
2152 1.245986831e-07
2153 1.244830194e-07
2154 1.243675167e-07
2155 1.242521747e-07
2156 1.241369931e-07
2157 1.240219716e-07
2158 1.239071098e-07
2159 1.237924076e-07
2160 1.236778645e-07
2161 1.235634804e-07
2162 1.234492548e-07
2163 1.233351876e-07
2164 1.232212784e-07
2165 1.23107527e-07
2166 1.229939329e-07
2167 1.228804961e-07
2168 1.227672161e-07
2169 1.226540926e-07
2170 1.225411255e-07
2171 1.224283143e-07
2172 1.223156589e-07
2173 1.222031589e-07
2174 1.22090814e-07
2175 1.219786239e-07
2176 1.218665885e-07
2177 1.217547073e-07
2178 1.216429801e-07
2179 1.215314066e-07
2180 1.214199866e-07
2181 1.213087197e-07
2182 1.211976057e-07
2183 1.210866443e-07
2184 1.209758352e-07
2185 1.208651781e-07
2186 1.207546728e-07
2187 1.20644319e-07
2188 1.205341164e-07
2189 1.204240647e-07
2190 1.203141637e-07
2191 1.20204413e-07
2192 1.200948125e-07
2193 1.199853618e-07
2194 1.198760606e-07
2195 1.197669087e-07
2196 1.196579058e-07
2197 1.195490517e-07
2198 1.19440346e-07
2199 1.193317886e-07
2200 1.192233791e-07
2201 1.191151172e-07
2202 1.190070027e-07
2203 1.188990354e-07
2204 1.187912149e-07
2205 1.186835411e-07
2206 1.185760135e-07
2207 1.18468632e-07
2208 1.183613963e-07
2209 1.182543062e-07
2210 1.181473613e-07
2211 1.180405614e-07
2212 1.179339063e-07
2213 1.178273957e-07
2214 1.177210293e-07
2215 1.176148068e-07
2216 1.175087281e-07
2217 1.174027928e-07
2218 1.172970007e-07
2219 1.171913515e-07
2220 1.17085845e-07
2221 1.169804809e-07
2222 1.16875259e-07
2223 1.16770179e-07
2224 1.166652406e-07
2225 1.165604436e-07
2226 1.164557878e-07
2227 1.163512728e-07
2228 1.162468985e-07
2229 1.161426646e-07
2230 1.160385708e-07
2231 1.159346169e-07
2232 1.158308026e-07
2233 1.157271277e-07
2234 1.156235919e-07
2235 1.15520195e-07
2236 1.154169367e-07
2237 1.153138168e-07
2238 1.152108351e-07
2239 1.151079912e-07
2240 1.15005285e-07
2241 1.149027162e-07
2242 1.148002846e-07
2243 1.146979898e-07
2244 1.145958317e-07
2245 1.144938101e-07
2246 1.143919246e-07
2247 1.142901751e-07
2248 1.141885612e-07
2249 1.140870828e-07
2250 1.139857397e-07
2251 1.138845315e-07
2252 1.13783458e-07
2253 1.13682519e-07
2254 1.135817143e-07
2255 1.134810436e-07
2256 1.133805067e-07
2257 1.132801033e-07
2258 1.131798333e-07
2259 1.130796963e-07
2260 1.129796921e-07
2261 1.128798206e-07
2262 1.127800814e-07
2263 1.126804744e-07
2264 1.125809992e-07
2265 1.124816558e-07
2266 1.123824437e-07
2267 1.122833629e-07
2268 1.12184413e-07
2269 1.120855939e-07
2270 1.119869053e-07
2271 1.11888347e-07
2272 1.117899187e-07
2273 1.116916202e-07
2274 1.115934514e-07
2275 1.114954119e-07
2276 1.113975015e-07
2277 1.112997201e-07
2278 1.112020674e-07
2279 1.111045431e-07
2280 1.11007147e-07
2281 1.10909879e-07
2282 1.108127388e-07
2283 1.107157261e-07
2284 1.106188408e-07
2285 1.105220825e-07
2286 1.104254512e-07
2287 1.103289466e-07
2288 1.102325684e-07
2289 1.101363164e-07
2290 1.100401904e-07
2291 1.099441903e-07
2292 1.098483157e-07
2293 1.097525665e-07
2294 1.096569424e-07
2295 1.095614432e-07
2296 1.094660687e-07
2297 1.093708187e-07
2298 1.09275693e-07
2299 1.091806913e-07
2300 1.090858134e-07
2301 1.089910592e-07
2302 1.088964284e-07
2303 1.088019207e-07
2304 1.087075361e-07
2305 1.086132742e-07
2306 1.085191348e-07
2307 1.084251178e-07
2308 1.083312229e-07
2309 1.0823745e-07
2310 1.081437987e-07
2311 1.080502689e-07
2312 1.079568605e-07
2313 1.078635731e-07
2314 1.077704065e-07
2315 1.076773606e-07
2316 1.075844352e-07
2317 1.0749163e-07
2318 1.073989448e-07
2319 1.073063795e-07
2320 1.072139337e-07
2321 1.071216074e-07
2322 1.070294003e-07
2323 1.069373122e-07
2324 1.068453429e-07
2325 1.067534922e-07
2326 1.066617599e-07
2327 1.065701458e-07
2328 1.064786496e-07
2329 1.063872712e-07
2330 1.062960104e-07
2331 1.06204867e-07
2332 1.061138408e-07
2333 1.060229315e-07
2334 1.05932139e-07
2335 1.058414631e-07
2336 1.057509036e-07
2337 1.056604602e-07
2338 1.055701329e-07
2339 1.054799213e-07
2340 1.053898252e-07
2341 1.052998446e-07
2342 1.052099791e-07
2343 1.051202287e-07
2344 1.05030593e-07
2345 1.04941072e-07
2346 1.048516653e-07
2347 1.047623728e-07
2348 1.046731944e-07
2349 1.045841298e-07
2350 1.044951788e-07
2351 1.044063413e-07
2352 1.043176169e-07
2353 1.042290057e-07
2354 1.041405073e-07
2355 1.040521215e-07
2356 1.039638483e-07
2357 1.038756873e-07
2358 1.037876384e-07
2359 1.036997014e-07
2360 1.036118761e-07
2361 1.035241623e-07
2362 1.034365599e-07
2363 1.033490687e-07
2364 1.032616883e-07
2365 1.031744188e-07
2366 1.030872598e-07
2367 1.030002113e-07
2368 1.029132729e-07
2369 1.028264446e-07
2370 1.027397261e-07
2371 1.026531173e-07
2372 1.02566618e-07
2373 1.024802279e-07
2374 1.023939469e-07
2375 1.023077749e-07
2376 1.022217115e-07
2377 1.021357568e-07
2378 1.020499104e-07
2379 1.019641722e-07
2380 1.01878542e-07
2381 1.017930196e-07
2382 1.017076048e-07
2383 1.016222976e-07
2384 1.015370976e-07
2385 1.014520047e-07
2386 1.013670187e-07
2387 1.012821395e-07
2388 1.011973668e-07
2389 1.011127005e-07
2390 1.010281405e-07
2391 1.009436865e-07
2392 1.008593383e-07
2393 1.007750958e-07
2394 1.006909588e-07
2395 1.006069271e-07
2396 1.005230006e-07
2397 1.00439179e-07
2398 1.003554623e-07
2399 1.002718501e-07
2400 1.001883425e-07
2401 1.001049391e-07
2402 1.000216398e-07
2403 9.993844438e-08
2404 9.985535277e-08
2405 9.977236474e-08
2406 9.968948012e-08
2407 9.960669874e-08
2408 9.952402043e-08
2409 9.944144502e-08
2410 9.935897233e-08
2411 9.92766022e-08
2412 9.919433446e-08
2413 9.911216893e-08
2414 9.903010546e-08
2415 9.894814386e-08
2416 9.886628397e-08
2417 9.878452562e-08
2418 9.870286865e-08
2419 9.862131289e-08
2420 9.853985816e-08
2421 9.845850431e-08
2422 9.837725116e-08
2423 9.829609856e-08
2424 9.821504633e-08
2425 9.81340943e-08
2426 9.805324232e-08
2427 9.797249022e-08
2428 9.789183784e-08
2429 9.7811285e-08
2430 9.773083155e-08
2431 9.765047733e-08
2432 9.757022216e-08
2433 9.749006589e-08
2434 9.741000836e-08
2435 9.73300494e-08
2436 9.725018885e-08
2437 9.717042655e-08
2438 9.709076233e-08
2439 9.701119605e-08
2440 9.693172753e-08
2441 9.685235662e-08
2442 9.677308316e-08
2443 9.669390699e-08
2444 9.661482794e-08
2445 9.653584587e-08
2446 9.64569606e-08
2447 9.637817199e-08
2448 9.629947988e-08
2449 9.62208841e-08
2450 9.61423845e-08
2451 9.606398093e-08
2452 9.598567322e-08
2453 9.590746123e-08
2454 9.582934479e-08
2455 9.575132375e-08
2456 9.567339796e-08
2457 9.559556725e-08
2458 9.551783148e-08
2459 9.544019049e-08
2460 9.536264413e-08
2461 9.528519224e-08
2462 9.520783467e-08
2463 9.513057127e-08
2464 9.505340187e-08
2465 9.497632634e-08
2466 9.489934452e-08
2467 9.482245626e-08
2468 9.47456614e-08
2469 9.466895979e-08
2470 9.459235129e-08
2471 9.451583574e-08
2472 9.4439413e-08
2473 9.43630829e-08
2474 9.428684531e-08
2475 9.421070007e-08
2476 9.413464704e-08
2477 9.405868606e-08
2478 9.398281699e-08
2479 9.390703967e-08
2480 9.383135397e-08
2481 9.375575973e-08
2482 9.368025681e-08
2483 9.360484505e-08
2484 9.352952432e-08
2485 9.345429446e-08
2486 9.337915533e-08
2487 9.330410679e-08
2488 9.322914868e-08
2489 9.315428087e-08
2490 9.30795032e-08
2491 9.300481554e-08
2492 9.293021773e-08
2493 9.285570965e-08
2494 9.278129113e-08
2495 9.270696204e-08
2496 9.263272223e-08
2497 9.255857156e-08
2498 9.24845099e-08
2499 9.241053709e-08
2500 9.233665299e-08
2501 9.226285747e-08
2502 9.218915037e-08
2503 9.211553157e-08
2504 9.204200092e-08
2505 9.196855827e-08
2506 9.189520349e-08
2507 9.182193644e-08
2508 9.174875697e-08
2509 9.167566496e-08
2510 9.160266025e-08
2511 9.152974271e-08
2512 9.145691221e-08
2513 9.138416859e-08
2514 9.131151173e-08
2515 9.123894149e-08
2516 9.116645773e-08
2517 9.10940603e-08
2518 9.102174909e-08
2519 9.094952394e-08
2520 9.087738472e-08
2521 9.080533129e-08
2522 9.073336353e-08
2523 9.066148129e-08
2524 9.058968443e-08
2525 9.051797283e-08
2526 9.044634635e-08
2527 9.037480484e-08
2528 9.030334819e-08
2529 9.023197625e-08
2530 9.01606889e-08
2531 9.008948599e-08
2532 9.001836739e-08
2533 8.994733297e-08
2534 8.98763826e-08
2535 8.980551615e-08
2536 8.973473348e-08
2537 8.966403446e-08
2538 8.959341896e-08
2539 8.952288685e-08
2540 8.945243799e-08
2541 8.938207226e-08
2542 8.931178953e-08
2543 8.924158966e-08
2544 8.917147252e-08
2545 8.910143799e-08
2546 8.903148593e-08
2547 8.896161622e-08
2548 8.889182872e-08
2549 8.882212331e-08
2550 8.875249985e-08
2551 8.868295823e-08
2552 8.861349831e-08
2553 8.854411996e-08
2554 8.847482306e-08
2555 8.840560748e-08
2556 8.833647308e-08
2557 8.826741976e-08
2558 8.819844737e-08
2559 8.812955579e-08
2560 8.806074489e-08
2561 8.799201456e-08
2562 8.792336466e-08
2563 8.785479506e-08
2564 8.778630565e-08
2565 8.77178963e-08
2566 8.764956688e-08
2567 8.758131727e-08
2568 8.751314734e-08
2569 8.744505697e-08
2570 8.737704604e-08
2571 8.730911443e-08
2572 8.7241262e-08
2573 8.717348864e-08
2574 8.710579422e-08
2575 8.703817862e-08
2576 8.697064173e-08
2577 8.690318341e-08
2578 8.683580354e-08
2579 8.676850201e-08
2580 8.670127869e-08
2581 8.663413347e-08
2582 8.656706621e-08
2583 8.65000768e-08
2584 8.643316512e-08
2585 8.636633105e-08
2586 8.629957447e-08
2587 8.623289526e-08
2588 8.616629329e-08
2589 8.609976846e-08
2590 8.603332064e-08
2591 8.596694971e-08
2592 8.590065555e-08
2593 8.583443805e-08
2594 8.576829709e-08
2595 8.570223254e-08
2596 8.56362443e-08
2597 8.557033224e-08
2598 8.550449625e-08
2599 8.543873621e-08
2600 8.537305201e-08
2601 8.530744351e-08
2602 8.524191062e-08
2603 8.517645322e-08
2604 8.511107118e-08
2605 8.504576439e-08
2606 8.498053275e-08
2607 8.491537612e-08
2608 8.48502944e-08
2609 8.478528747e-08
2610 8.472035522e-08
2611 8.465549754e-08
2612 8.45907143e-08
2613 8.45260054e-08
2614 8.446137072e-08
2615 8.439681015e-08
2616 8.433232357e-08
2617 8.426791088e-08
2618 8.420357195e-08
2619 8.413930668e-08
2620 8.407511496e-08
2621 8.401099667e-08
2622 8.394695169e-08
2623 8.388297993e-08
2624 8.381908126e-08
2625 8.375525558e-08
2626 8.369150277e-08
2627 8.362782272e-08
2628 8.356421533e-08
2629 8.350068048e-08
2630 8.343721806e-08
2631 8.337382796e-08
2632 8.331051008e-08
2633 8.32472643e-08
2634 8.318409051e-08
2635 8.31209886e-08
2636 8.305795847e-08
2637 8.2995e-08
2638 8.293211309e-08
2639 8.286929764e-08
2640 8.280655352e-08
2641 8.274388063e-08
2642 8.268127887e-08
2643 8.261874813e-08
2644 8.255628829e-08
2645 8.249389926e-08
2646 8.243158093e-08
2647 8.236933318e-08
2648 8.230715592e-08
2649 8.224504903e-08
2650 8.218301241e-08
2651 8.212104596e-08
2652 8.205914956e-08
2653 8.199732312e-08
2654 8.193556652e-08
2655 8.187387967e-08
2656 8.181226245e-08
2657 8.175071477e-08
2658 8.168923651e-08
2659 8.162782758e-08
2660 8.156648786e-08
2661 8.150521726e-08
2662 8.144401568e-08
2663 8.1382883e-08
2664 8.132181912e-08
2665 8.126082395e-08
2666 8.119989737e-08
2667 8.113903929e-08
2668 8.10782496e-08
2669 8.10175282e-08
2670 8.095687499e-08
2671 8.089628987e-08
2672 8.083577273e-08
2673 8.077532347e-08
2674 8.071494199e-08
2675 8.06546282e-08
2676 8.059438198e-08
2677 8.053420324e-08
2678 8.047409187e-08
2679 8.041404778e-08
2680 8.035407087e-08
2681 8.029416103e-08
2682 8.023431817e-08
2683 8.017454219e-08
2684 8.011483298e-08
2685 8.005519045e-08
2686 7.99956145e-08
2687 7.993610502e-08
2688 7.987666193e-08
2689 7.981728511e-08
2690 7.975797448e-08
2691 7.969872993e-08
2692 7.963955137e-08
2693 7.95804387e-08
2694 7.952139182e-08
2695 7.946241063e-08
2696 7.940349503e-08
2697 7.934464494e-08
2698 7.928586024e-08
2699 7.922714085e-08
2700 7.916848667e-08
2701 7.910989759e-08
2702 7.905137354e-08
2703 7.89929144e-08
2704 7.893452008e-08
2705 7.887619049e-08
2706 7.881792553e-08
2707 7.875972511e-08
2708 7.870158913e-08
2709 7.864351749e-08
2710 7.85855101e-08
2711 7.852756687e-08
2712 7.84696877e-08
2713 7.84118725e-08
2714 7.835412117e-08
2715 7.829643361e-08
2716 7.823880975e-08
2717 7.818124947e-08
2718 7.812375269e-08
2719 7.806631931e-08
2720 7.800894925e-08
2721 7.79516424e-08
2722 7.789439868e-08
2723 7.783721799e-08
2724 7.778010023e-08
2725 7.772304533e-08
2726 7.766605318e-08
2727 7.76091237e-08
2728 7.755225678e-08
2729 7.749545235e-08
2730 7.74387103e-08
2731 7.738203055e-08
2732 7.732541301e-08
2733 7.726885758e-08
2734 7.721236417e-08
2735 7.71559327e-08
2736 7.709956307e-08
2737 7.70432552e-08
2738 7.698700898e-08
2739 7.693082434e-08
2740 7.687470118e-08
2741 7.681863941e-08
2742 7.676263895e-08
2743 7.67066997e-08
2744 7.665082157e-08
2745 7.659500448e-08
2746 7.653924834e-08
2747 7.648355305e-08
2748 7.642791854e-08
2749 7.63723447e-08
2750 7.631683146e-08
2751 7.626137872e-08
2752 7.62059864e-08
2753 7.615065441e-08
2754 7.609538266e-08
2755 7.604017107e-08
2756 7.598501954e-08
2757 7.592992799e-08
2758 7.587489634e-08
2759 7.581992449e-08
2760 7.576501236e-08
2761 7.571015987e-08
2762 7.565536692e-08
2763 7.560063343e-08
2764 7.554595931e-08
2765 7.549134449e-08
2766 7.543678887e-08
2767 7.538229236e-08
2768 7.532785489e-08
2769 7.527347636e-08
2770 7.52191567e-08
2771 7.516489581e-08
2772 7.511069362e-08
2773 7.505655003e-08
2774 7.500246497e-08
2775 7.494843834e-08
2776 7.489447007e-08
2777 7.484056007e-08
2778 7.478670826e-08
2779 7.473291455e-08
2780 7.467917886e-08
2781 7.46255011e-08
2782 7.45718812e-08
2783 7.451831907e-08
2784 7.446481462e-08
2785 7.441136778e-08
2786 7.435797846e-08
2787 7.430464658e-08
2788 7.425137205e-08
2789 7.41981548e-08
2790 7.414499474e-08
2791 7.409189179e-08
2792 7.403884587e-08
2793 7.39858569e-08
2794 7.393292479e-08
2795 7.388004947e-08
2796 7.382723085e-08
2797 7.377446885e-08
2798 7.372176339e-08
2799 7.366911439e-08
2800 7.361652177e-08
2801 7.356398545e-08
2802 7.351150535e-08
2803 7.345908138e-08
2804 7.340671348e-08
2805 7.335440155e-08
2806 7.330214552e-08
2807 7.324994531e-08
2808 7.319780084e-08
2809 7.314571203e-08
2810 7.309367881e-08
2811 7.304170108e-08
2812 7.298977878e-08
2813 7.293791182e-08
2814 7.288610013e-08
2815 7.283434362e-08
2816 7.278264223e-08
2817 7.273099586e-08
2818 7.267940445e-08
2819 7.262786791e-08
2820 7.257638617e-08
2821 7.252495915e-08
2822 7.247358677e-08
2823 7.242226896e-08
2824 7.237100563e-08
2825 7.231979671e-08
2826 7.226864213e-08
2827 7.22175418e-08
2828 7.216649565e-08
2829 7.21155036e-08
2830 7.206456558e-08
2831 7.201368151e-08
2832 7.196285132e-08
2833 7.191207492e-08
2834 7.186135225e-08
2835 7.181068322e-08
2836 7.176006776e-08
2837 7.17095058e-08
2838 7.165899725e-08
2839 7.160854206e-08
2840 7.155814013e-08
2841 7.150779139e-08
2842 7.145749578e-08
2843 7.140725321e-08
2844 7.135706361e-08
2845 7.130692691e-08
2846 7.125684303e-08
2847 7.12068119e-08
2848 7.115683344e-08
2849 7.110690758e-08
2850 7.105703424e-08
2851 7.100721336e-08
2852 7.095744486e-08
2853 7.090772866e-08
2854 7.08580647e-08
2855 7.080845289e-08
2856 7.075889317e-08
2857 7.070938546e-08
2858 7.06599297e-08
2859 7.06105258e-08
2860 7.056117369e-08
2861 7.051187331e-08
2862 7.046262458e-08
2863 7.041342742e-08
2864 7.036428178e-08
2865 7.031518757e-08
2866 7.026614472e-08
2867 7.021715316e-08
2868 7.016821282e-08
2869 7.011932363e-08
2870 7.007048552e-08
2871 7.002169841e-08
2872 6.997296223e-08
2873 6.992427693e-08
2874 6.987564241e-08
2875 6.982705862e-08
2876 6.977852548e-08
2877 6.973004292e-08
2878 6.968161087e-08
2879 6.963322926e-08
2880 6.958489803e-08
2881 6.953661709e-08
2882 6.948838639e-08
2883 6.944020585e-08
2884 6.93920754e-08
2885 6.934399498e-08
2886 6.929596451e-08
2887 6.924798392e-08
2888 6.920005315e-08
2889 6.915217212e-08
2890 6.910434078e-08
2891 6.905655904e-08
2892 6.900882684e-08
2893 6.896114412e-08
2894 6.891351079e-08
2895 6.886592681e-08
2896 6.881839209e-08
2897 6.877090657e-08
2898 6.872347018e-08
2899 6.867608285e-08
2900 6.862874452e-08
2901 6.858145512e-08
2902 6.853421458e-08
2903 6.848702284e-08
2904 6.843987982e-08
2905 6.839278546e-08
2906 6.834573969e-08
2907 6.829874245e-08
2908 6.825179367e-08
2909 6.820489328e-08
2910 6.815804122e-08
2911 6.811123741e-08
2912 6.80644818e-08
2913 6.801777432e-08
2914 6.79711149e-08
2915 6.792450347e-08
2916 6.787793998e-08
2917 6.783142434e-08
2918 6.778495651e-08
2919 6.77385364e-08
2920 6.769216397e-08
2921 6.764583914e-08
2922 6.759956184e-08
2923 6.755333202e-08
2924 6.75071496e-08
2925 6.746101453e-08
2926 6.741492673e-08
2927 6.736888615e-08
2928 6.732289271e-08
2929 6.727694636e-08
2930 6.723104703e-08
2931 6.718519465e-08
2932 6.713938917e-08
2933 6.709363051e-08
2934 6.704791862e-08
2935 6.700225343e-08
2936 6.695663488e-08
2937 6.69110629e-08
2938 6.686553743e-08
2939 6.68200584e-08
2940 6.677462576e-08
2941 6.672923944e-08
2942 6.668389938e-08
2943 6.663860551e-08
2944 6.659335777e-08
2945 6.654815611e-08
2946 6.650300045e-08
2947 6.645789073e-08
2948 6.64128269e-08
2949 6.636780888e-08
2950 6.632283663e-08
2951 6.627791007e-08
2952 6.623302914e-08
2953 6.618819379e-08
2954 6.614340394e-08
2955 6.609865955e-08
2956 6.605396054e-08
2957 6.600930686e-08
2958 6.596469844e-08
2959 6.592013523e-08
2960 6.587561716e-08
2961 6.583114417e-08
2962 6.57867162e-08
2963 6.574233319e-08
2964 6.569799508e-08
2965 6.565370181e-08
2966 6.560945332e-08
2967 6.556524954e-08
2968 6.552109043e-08
2969 6.547697591e-08
2970 6.543290593e-08
2971 6.538888043e-08
2972 6.534489934e-08
2973 6.530096261e-08
2974 6.525707018e-08
2975 6.521322199e-08
2976 6.516941798e-08
2977 6.512565809e-08
2978 6.508194227e-08
2979 6.503827044e-08
2980 6.499464255e-08
2981 6.495105855e-08
2982 6.490751838e-08
2983 6.486402197e-08
2984 6.482056927e-08
2985 6.477716021e-08
2986 6.473379475e-08
2987 6.469047282e-08
2988 6.464719437e-08
2989 6.460395933e-08
2990 6.456076765e-08
2991 6.451761927e-08
2992 6.447451413e-08
2993 6.443145217e-08
2994 6.438843334e-08
2995 6.434545758e-08
2996 6.430252484e-08
2997 6.425963504e-08
2998 6.421678815e-08
2999 6.417398409e-08
3000 6.413122281e-08
3001 6.408850427e-08
3002 6.404582839e-08
3003 6.400319512e-08
3004 6.396060441e-08
3005 6.391805619e-08
3006 6.387555042e-08
3007 6.383308703e-08
3008 6.379066598e-08
3009 6.374828719e-08
3010 6.370595063e-08
3011 6.366365622e-08
3012 6.362140392e-08
3013 6.357919367e-08
3014 6.353702541e-08
3015 6.349489909e-08
3016 6.345281465e-08
3017 6.341077204e-08
3018 6.33687712e-08
3019 6.332681207e-08
3020 6.32848946e-08
3021 6.324301874e-08
3022 6.320118444e-08
3023 6.315939162e-08
3024 6.311764025e-08
3025 6.307593026e-08
3026 6.30342616e-08
3027 6.299263422e-08
3028 6.295104807e-08
3029 6.290950308e-08
3030 6.28679992e-08
3031 6.282653638e-08
3032 6.278511457e-08
3033 6.274373371e-08
3034 6.270239374e-08
3035 6.266109462e-08
3036 6.261983629e-08
3037 6.257861869e-08
3038 6.253744178e-08
3039 6.249630549e-08
3040 6.245520978e-08
3041 6.241415459e-08
3042 6.237313986e-08
3043 6.233216556e-08
3044 6.229123161e-08
3045 6.225033798e-08
3046 6.22094846e-08
3047 6.216867142e-08
3048 6.21278984e-08
3049 6.208716547e-08
3050 6.204647259e-08
3051 6.20058197e-08
3052 6.196520675e-08
3053 6.192463369e-08
3054 6.188410047e-08
3055 6.184360703e-08
3056 6.180315332e-08
3057 6.17627393e-08
3058 6.17223649e-08
3059 6.168203007e-08
3060 6.164173478e-08
3061 6.160147895e-08
3062 6.156126255e-08
3063 6.152108551e-08
3064 6.14809478e-08
3065 6.144084935e-08
3066 6.140079011e-08
3067 6.136077005e-08
3068 6.132078909e-08
3069 6.12808472e-08
3070 6.124094432e-08
3071 6.120108041e-08
3072 6.11612554e-08
3073 6.112146925e-08
3074 6.108172192e-08
3075 6.104201334e-08
3076 6.100234347e-08
3077 6.096271226e-08
3078 6.092311965e-08
3079 6.088356561e-08
3080 6.084405007e-08
3081 6.080457299e-08
3082 6.076513432e-08
3083 6.072573401e-08
3084 6.0686372e-08
3085 6.064704826e-08
3086 6.060776272e-08
3087 6.056851535e-08
3088 6.052930608e-08
3089 6.049013487e-08
3090 6.045100168e-08
3091 6.041190645e-08
3092 6.037284913e-08
3093 6.033382968e-08
3094 6.029484805e-08
3095 6.025590418e-08
3096 6.021699802e-08
3097 6.017812954e-08
3098 6.013929868e-08
3099 6.010050539e-08
3100 6.006174962e-08
3101 6.002303133e-08
3102 5.998435047e-08
3103 5.994570699e-08
3104 5.990710083e-08
3105 5.986853196e-08
3106 5.983000032e-08
3107 5.979150587e-08
3108 5.975304856e-08
3109 5.971462834e-08
3110 5.967624517e-08
3111 5.963789899e-08
3112 5.959958975e-08
3113 5.956131742e-08
3114 5.952308194e-08
3115 5.948488327e-08
3116 5.944672136e-08
3117 5.940859616e-08
3118 5.937050762e-08
3119 5.93324557e-08
3120 5.929444036e-08
3121 5.925646153e-08
3122 5.921851918e-08
3123 5.918061327e-08
3124 5.914274374e-08
3125 5.910491054e-08
3126 5.906711364e-08
3127 5.902935298e-08
3128 5.899162852e-08
3129 5.895394021e-08
3130 5.8916288e-08
3131 5.887867186e-08
3132 5.884109173e-08
3133 5.880354756e-08
3134 5.876603932e-08
3135 5.872856695e-08
3136 5.869113042e-08
3137 5.865372967e-08
3138 5.861636466e-08
3139 5.857903534e-08
3140 5.854174166e-08
3141 5.85044836e-08
3142 5.846726109e-08
3143 5.843007409e-08
3144 5.839292255e-08
3145 5.835580644e-08
3146 5.831872571e-08
3147 5.828168031e-08
3148 5.824467019e-08
3149 5.820769532e-08
3150 5.817075564e-08
3151 5.813385112e-08
3152 5.809698171e-08
3153 5.806014735e-08
3154 5.802334802e-08
3155 5.798658367e-08
3156 5.794985424e-08
3157 5.79131597e-08
3158 5.78765e-08
3159 5.78398751e-08
3160 5.780328495e-08
3161 5.776672952e-08
3162 5.773020875e-08
3163 5.76937226e-08
3164 5.765727103e-08
3165 5.7620854e-08
3166 5.758447145e-08
3167 5.754812336e-08
3168 5.751180967e-08
3169 5.747553034e-08
3170 5.743928532e-08
3171 5.740307459e-08
3172 5.736689808e-08
3173 5.733075576e-08
3174 5.729464758e-08
3175 5.725857351e-08
3176 5.72225335e-08
3177 5.71865275e-08
3178 5.715055547e-08
3179 5.711461738e-08
3180 5.707871317e-08
3181 5.704284281e-08
3182 5.700700626e-08
3183 5.697120346e-08
3184 5.693543438e-08
3185 5.689969897e-08
3186 5.68639972e-08
3187 5.682832902e-08
3188 5.679269439e-08
3189 5.675709327e-08
3190 5.672152561e-08
3191 5.668599137e-08
3192 5.665049052e-08
3193 5.6615023e-08
3194 5.657958878e-08
3195 5.654418782e-08
3196 5.650882007e-08
3197 5.64734855e-08
3198 5.643818406e-08
3199 5.64029157e-08
3200 5.63676804e-08
3201 5.63324781e-08
3202 5.629730877e-08
3203 5.626217236e-08
3204 5.622706884e-08
3205 5.619199816e-08
3206 5.615696028e-08
3207 5.612195517e-08
3208 5.608698277e-08
3209 5.605204305e-08
3210 5.601713597e-08
3211 5.598226149e-08
3212 5.594741957e-08
3213 5.591261016e-08
3214 5.587783323e-08
3215 5.584308874e-08
3216 5.580837664e-08
3217 5.57736969e-08
3218 5.573904947e-08
3219 5.570443432e-08
3220 5.56698514e-08
3221 5.563530068e-08
3222 5.560078212e-08
3223 5.556629566e-08
3224 5.553184129e-08
3225 5.549741895e-08
3226 5.54630286e-08
3227 5.542867022e-08
3228 5.539434375e-08
3229 5.536004915e-08
3230 5.53257864e-08
3231 5.529155544e-08
3232 5.525735624e-08
3233 5.522318876e-08
3234 5.518905296e-08
3235 5.515494881e-08
3236 5.512087625e-08
3237 5.508683526e-08
3238 5.505282579e-08
3239 5.501884781e-08
3240 5.498490128e-08
3241 5.495098615e-08
3242 5.491710239e-08
3243 5.488324996e-08
3244 5.484942883e-08
3245 5.481563895e-08
3246 5.478188028e-08
3247 5.474815279e-08
3248 5.471445643e-08
3249 5.468079118e-08
3250 5.464715698e-08
3251 5.461355381e-08
3252 5.457998163e-08
3253 5.454644039e-08
3254 5.451293006e-08
3255 5.44794506e-08
3256 5.444600197e-08
3257 5.441258414e-08
3258 5.437919707e-08
3259 5.434584072e-08
3260 5.431251504e-08
3261 5.427922002e-08
3262 5.42459556e-08
3263 5.421272174e-08
3264 5.417951842e-08
3265 5.41463456e-08
3266 5.411320323e-08
3267 5.408009128e-08
3268 5.404700972e-08
3269 5.40139585e-08
3270 5.398093758e-08
3271 5.394794694e-08
3272 5.391498654e-08
3273 5.388205633e-08
3274 5.384915628e-08
3275 5.381628635e-08
3276 5.378344651e-08
3277 5.375063673e-08
3278 5.371785695e-08
3279 5.368510715e-08
3280 5.36523873e-08
3281 5.361969734e-08
3282 5.358703726e-08
3283 5.3554407e-08
3284 5.352180654e-08
3285 5.348923584e-08
3286 5.345669486e-08
3287 5.342418357e-08
3288 5.339170193e-08
3289 5.33592499e-08
3290 5.332682745e-08
3291 5.329443454e-08
3292 5.326207113e-08
3293 5.32297372e-08
3294 5.31974327e-08
3295 5.31651576e-08
3296 5.313291187e-08
3297 5.310069546e-08
3298 5.306850835e-08
3299 5.303635049e-08
3300 5.300422185e-08
3301 5.29721224e-08
3302 5.294005209e-08
3303 5.290801091e-08
3304 5.28759988e-08
3305 5.284401574e-08
3306 5.281206169e-08
3307 5.278013661e-08
3308 5.274824047e-08
3309 5.271637323e-08
3310 5.268453487e-08
3311 5.265272534e-08
3312 5.262094461e-08
3313 5.258919265e-08
3314 5.255746941e-08
3315 5.252577487e-08
3316 5.2494109e-08
3317 5.246247175e-08
3318 5.243086309e-08
3319 5.239928299e-08
3320 5.236773141e-08
3321 5.233620832e-08
3322 5.230471369e-08
3323 5.227324748e-08
3324 5.224180965e-08
3325 5.221040017e-08
3326 5.217901902e-08
3327 5.214766615e-08
3328 5.211634152e-08
3329 5.208504512e-08
3330 5.205377689e-08
3331 5.202253682e-08
3332 5.199132486e-08
3333 5.196014098e-08
3334 5.192898514e-08
3335 5.189785733e-08
3336 5.186675749e-08
3337 5.183568559e-08
3338 5.180464162e-08
3339 5.177362552e-08
3340 5.174263726e-08
3341 5.171167682e-08
3342 5.168074416e-08
3343 5.164983925e-08
3344 5.161896205e-08
3345 5.158811252e-08
3346 5.155729065e-08
3347 5.152649639e-08
3348 5.149572971e-08
3349 5.146499058e-08
3350 5.143427897e-08
3351 5.140359483e-08
3352 5.137293815e-08
3353 5.134230888e-08
3354 5.1311707e-08
3355 5.128113247e-08
3356 5.125058526e-08
3357 5.122006533e-08
3358 5.118957266e-08
3359 5.115910721e-08
3360 5.112866895e-08
3361 5.109825785e-08
3362 5.106787387e-08
3363 5.103751698e-08
3364 5.100718716e-08
3365 5.097688436e-08
3366 5.094660856e-08
3367 5.091635972e-08
3368 5.088613781e-08
3369 5.08559428e-08
3370 5.082577466e-08
3371 5.079563336e-08
3372 5.076551886e-08
3373 5.073543113e-08
3374 5.070537014e-08
3375 5.067533587e-08
3376 5.064532827e-08
3377 5.061534731e-08
3378 5.058539297e-08
3379 5.055546521e-08
3380 5.052556401e-08
3381 5.049568932e-08
3382 5.046584113e-08
3383 5.043601938e-08
3384 5.040622407e-08
3385 5.037645515e-08
3386 5.03467126e-08
3387 5.031699637e-08
3388 5.028730645e-08
3389 5.02576428e-08
3390 5.022800539e-08
3391 5.019839418e-08
3392 5.016880916e-08
3393 5.013925028e-08
3394 5.010971751e-08
3395 5.008021083e-08
3396 5.005073021e-08
3397 5.002127561e-08
3398 4.9991847e-08
3399 4.996244436e-08
3400 4.993306765e-08
3401 4.990371684e-08
3402 4.98743919e-08
3403 4.98450928e-08
3404 4.981581951e-08
3405 4.9786572e-08
3406 4.975735024e-08
3407 4.97281542e-08
3408 4.969898386e-08
3409 4.966983917e-08
3410 4.96407201e-08
3411 4.961162664e-08
3412 4.958255875e-08
3413 4.95535164e-08
3414 4.952449955e-08
3415 4.949550819e-08
3416 4.946654227e-08
3417 4.943760178e-08
3418 4.940868667e-08
3419 4.937979693e-08
3420 4.935093252e-08
3421 4.93220934e-08
3422 4.929327956e-08
3423 4.926449096e-08
3424 4.923572758e-08
3425 4.920698937e-08
3426 4.917827632e-08
3427 4.91495884e-08
3428 4.912092557e-08
3429 4.909228781e-08
3430 4.906367508e-08
3431 4.903508736e-08
3432 4.900652462e-08
3433 4.897798682e-08
3434 4.894947395e-08
3435 4.892098597e-08
3436 4.889252285e-08
3437 4.886408457e-08
3438 4.883567109e-08
3439 4.880728238e-08
3440 4.877891842e-08
3441 4.875057918e-08
3442 4.872226463e-08
3443 4.869397474e-08
3444 4.866570948e-08
3445 4.863746883e-08
3446 4.860925275e-08
3447 4.858106122e-08
3448 4.85528942e-08
3449 4.852475167e-08
3450 4.849663361e-08
3451 4.846853998e-08
3452 4.844047075e-08
3453 4.84124259e-08
3454 4.838440539e-08
3455 4.835640921e-08
3456 4.832843732e-08
3457 4.830048969e-08
3458 4.82725663e-08
3459 4.824466711e-08
3460 4.821679211e-08
3461 4.818894125e-08
3462 4.816111452e-08
3463 4.813331189e-08
3464 4.810553332e-08
3465 4.80777788e-08
3466 4.805004828e-08
3467 4.802234175e-08
3468 4.799465918e-08
3469 4.796700054e-08
3470 4.79393658e-08
3471 4.791175493e-08
3472 4.788416792e-08
3473 4.785660472e-08
3474 4.782906531e-08
3475 4.780154967e-08
3476 4.777405777e-08
3477 4.774658957e-08
3478 4.771914506e-08
3479 4.76917242e-08
3480 4.766432698e-08
3481 4.763695335e-08
3482 4.76096033e-08
3483 4.758227679e-08
3484 4.755497381e-08
3485 4.752769432e-08
3486 4.750043829e-08
3487 4.747320571e-08
3488 4.744599654e-08
3489 4.741881075e-08
3490 4.739164832e-08
3491 4.736450922e-08
3492 4.733739343e-08
3493 4.731030092e-08
3494 4.728323166e-08
3495 4.725618562e-08
3496 4.722916279e-08
3497 4.720216312e-08
3498 4.717518661e-08
3499 4.714823321e-08
3500 4.71213029e-08
3501 4.709439566e-08
3502 4.706751147e-08
3503 4.704065028e-08
3504 4.701381208e-08
3505 4.698699685e-08
3506 4.696020455e-08
3507 4.693343516e-08
3508 4.690668865e-08
3509 4.6879965e-08
3510 4.685326418e-08
3511 4.682658617e-08
3512 4.679993093e-08
3513 4.677329845e-08
3514 4.674668869e-08
3515 4.672010164e-08
3516 4.669353726e-08
3517 4.666699553e-08
3518 4.664047643e-08
3519 4.661397992e-08
3520 4.658750599e-08
3521 4.65610546e-08
3522 4.653462573e-08
3523 4.650821936e-08
3524 4.648183546e-08
3525 4.645547401e-08
3526 4.642913498e-08
3527 4.640281833e-08
3528 4.637652406e-08
3529 4.635025213e-08
3530 4.632400252e-08
3531 4.62977752e-08
3532 4.627157015e-08
3533 4.624538734e-08
3534 4.621922675e-08
3535 4.619308835e-08
3536 4.616697212e-08
3537 4.614087803e-08
3538 4.611480605e-08
3539 4.608875617e-08
3540 4.606272835e-08
3541 4.603672258e-08
3542 4.601073882e-08
3543 4.598477706e-08
3544 4.595883726e-08
3545 4.59329194e-08
3546 4.590702347e-08
3547 4.588114942e-08
3548 4.585529725e-08
3549 4.582946692e-08
3550 4.58036584e-08
3551 4.577787168e-08
3552 4.575210674e-08
3553 4.572636354e-08
3554 4.570064205e-08
3555 4.567494227e-08
3556 4.564926416e-08
3557 4.562360769e-08
3558 4.559797285e-08
3559 4.557235961e-08
3560 4.554676795e-08
3561 4.552119783e-08
3562 4.549564924e-08
3563 4.547012216e-08
3564 4.544461655e-08
3565 4.54191324e-08
3566 4.539366968e-08
3567 4.536822836e-08
3568 4.534280843e-08
3569 4.531740985e-08
3570 4.529203261e-08
3571 4.526667668e-08
3572 4.524134203e-08
3573 4.521602865e-08
3574 4.519073651e-08
3575 4.516546558e-08
3576 4.514021585e-08
3577 4.511498728e-08
3578 4.508977985e-08
3579 4.506459355e-08
3580 4.503942835e-08
3581 4.501428421e-08
3582 4.498916113e-08
3583 4.496405907e-08
3584 4.493897802e-08
3585 4.491391795e-08
3586 4.488887883e-08
3587 4.486386065e-08
3588 4.483886337e-08
3589 4.481388698e-08
3590 4.478893145e-08
3591 4.476399677e-08
3592 4.47390829e-08
3593 4.471418982e-08
3594 4.468931752e-08
3595 4.466446596e-08
3596 4.463963512e-08
3597 4.461482499e-08
3598 4.459003553e-08
3599 4.456526673e-08
3600 4.454051856e-08
3601 4.4515791e-08
3602 4.449108403e-08
3603 4.446639761e-08
3604 4.444173174e-08
3605 4.441708639e-08
3606 4.439246154e-08
3607 4.436785715e-08
3608 4.434327322e-08
3609 4.431870971e-08
3610 4.429416661e-08
3611 4.426964388e-08
3612 4.424514152e-08
3613 4.42206595e-08
3614 4.419619779e-08
3615 4.417175637e-08
3616 4.414733522e-08
3617 4.412293431e-08
3618 4.409855363e-08
3619 4.407419316e-08
3620 4.404985286e-08
3621 4.402553272e-08
3622 4.400123272e-08
3623 4.397695283e-08
3624 4.395269303e-08
3625 4.39284533e-08
3626 4.390423361e-08
3627 4.388003395e-08
3628 4.385585429e-08
3629 4.383169462e-08
3630 4.38075549e-08
3631 4.378343512e-08
3632 4.375933525e-08
3633 4.373525527e-08
3634 4.371119517e-08
3635 4.368715491e-08
3636 4.366313449e-08
3637 4.363913386e-08
3638 4.361515302e-08
3639 4.359119195e-08
3640 4.356725061e-08
3641 4.354332899e-08
3642 4.351942706e-08
3643 4.349554482e-08
3644 4.347168222e-08
3645 4.344783926e-08
3646 4.342401591e-08
3647 4.340021214e-08
3648 4.337642795e-08
3649 4.33526633e-08
3650 4.332891817e-08
3651 4.330519255e-08
3652 4.328148641e-08
3653 4.325779973e-08
3654 4.323413249e-08
3655 4.321048467e-08
3656 4.318685624e-08
3657 4.316324719e-08
3658 4.31396575e-08
3659 4.311608713e-08
3660 4.309253608e-08
3661 4.306900432e-08
3662 4.304549183e-08
3663 4.302199859e-08
3664 4.299852458e-08
3665 4.297506977e-08
3666 4.295163415e-08
3667 4.29282177e-08
3668 4.290482038e-08
3669 4.28814422e-08
3670 4.285808311e-08
3671 4.283474311e-08
3672 4.281142216e-08
3673 4.278812026e-08
3674 4.276483738e-08
3675 4.274157349e-08
3676 4.271832859e-08
3677 4.269510264e-08
3678 4.267189562e-08
3679 4.264870753e-08
3680 4.262553832e-08
3681 4.2602388e-08
3682 4.257925653e-08
3683 4.255614389e-08
3684 4.253305007e-08
3685 4.250997504e-08
3686 4.248691878e-08
3687 4.246388128e-08
3688 4.24408625e-08
3689 4.241786244e-08
3690 4.239488107e-08
3691 4.237191838e-08
3692 4.234897433e-08
3693 4.232604891e-08
3694 4.230314211e-08
3695 4.22802539e-08
3696 4.225738425e-08
3697 4.223453316e-08
3698 4.22117006e-08
3699 4.218888654e-08
3700 4.216609098e-08
3701 4.214331389e-08
3702 4.212055525e-08
3703 4.209781504e-08
3704 4.207509324e-08
3705 4.205238983e-08
3706 4.202970479e-08
3707 4.200703811e-08
3708 4.198438975e-08
3709 4.196175971e-08
3710 4.193914796e-08
3711 4.191655448e-08
3712 4.189397925e-08
3713 4.187142225e-08
3714 4.184888347e-08
3715 4.182636288e-08
3716 4.180386047e-08
3717 4.178137621e-08
3718 4.175891009e-08
3719 4.173646208e-08
3720 4.171403216e-08
3721 4.169162033e-08
3722 4.166922655e-08
3723 4.16468508e-08
3724 4.162449308e-08
3725 4.160215336e-08
3726 4.157983161e-08
3727 4.155752783e-08
3728 4.153524198e-08
3729 4.151297406e-08
3730 4.149072404e-08
3731 4.146849191e-08
3732 4.144627763e-08
3733 4.142408121e-08
3734 4.140190261e-08
3735 4.137974181e-08
3736 4.135759881e-08
3737 4.133547357e-08
3738 4.131336609e-08
3739 4.129127633e-08
3740 4.126920429e-08
3741 4.124714994e-08
3742 4.122511326e-08
3743 4.120309424e-08
3744 4.118109285e-08
3745 4.115910909e-08
3746 4.113714292e-08
3747 4.111519433e-08
3748 4.10932633e-08
3749 4.107134982e-08
3750 4.104945386e-08
3751 4.10275754e-08
3752 4.100571443e-08
3753 4.098387093e-08
3754 4.096204488e-08
3755 4.094023625e-08
3756 4.091844504e-08
3757 4.089667123e-08
3758 4.087491479e-08
3759 4.08531757e-08
3760 4.083145396e-08
3761 4.080974953e-08
3762 4.07880624e-08
3763 4.076639256e-08
3764 4.074473998e-08
3765 4.072310465e-08
3766 4.070148654e-08
3767 4.067988565e-08
3768 4.065830195e-08
3769 4.063673542e-08
3770 4.061518604e-08
3771 4.05936538e-08
3772 4.057213868e-08
3773 4.055064066e-08
3774 4.052915972e-08
3775 4.050769585e-08
3776 4.048624902e-08
3777 4.046481922e-08
3778 4.044340644e-08
3779 4.042201064e-08
3780 4.040063181e-08
3781 4.037926995e-08
3782 4.035792502e-08
3783 4.033659701e-08
3784 4.03152859e-08
3785 4.029399168e-08
3786 4.027271433e-08
3787 4.025145382e-08
3788 4.023021015e-08
3789 4.020898328e-08
3790 4.018777322e-08
3791 4.016657993e-08
3792 4.01454034e-08
3793 4.012424362e-08
3794 4.010310056e-08
3795 4.00819742e-08
3796 4.006086454e-08
3797 4.003977155e-08
3798 4.001869521e-08
3799 3.999763551e-08
3800 3.997659243e-08
3801 3.995556595e-08
3802 3.993455606e-08
3803 3.991356273e-08
3804 3.989258596e-08
3805 3.987162571e-08
3806 3.985068198e-08
3807 3.982975475e-08
3808 3.9808844e-08
3809 3.978794971e-08
3810 3.976707187e-08
3811 3.974621045e-08
3812 3.972536545e-08
3813 3.970453684e-08
3814 3.968372461e-08
3815 3.966292874e-08
3816 3.964214921e-08
3817 3.9621386e-08
3818 3.960063911e-08
3819 3.95799085e-08
3820 3.955919417e-08
3821 3.95384961e-08
3822 3.951781426e-08
3823 3.949714865e-08
3824 3.947649925e-08
3825 3.945586603e-08
3826 3.943524899e-08
3827 3.94146481e-08
3828 3.939406335e-08
3829 3.937349473e-08
3830 3.93529422e-08
3831 3.933240577e-08
3832 3.931188541e-08
3833 3.92913811e-08
3834 3.927089283e-08
3835 3.925042058e-08
3836 3.922996434e-08
3837 3.920952408e-08
3838 3.918909979e-08
3839 3.916869146e-08
3840 3.914829907e-08
3841 3.912792259e-08
3842 3.910756203e-08
3843 3.908721735e-08
3844 3.906688854e-08
3845 3.904657558e-08
3846 3.902627847e-08
3847 3.900599718e-08
3848 3.898573169e-08
3849 3.896548199e-08
3850 3.894524807e-08
3851 3.89250299e-08
3852 3.890482747e-08
3853 3.888464076e-08
3854 3.886446977e-08
3855 3.884431446e-08
3856 3.882417483e-08
3857 3.880405086e-08
3858 3.878394253e-08
3859 3.876384982e-08
3860 3.874377273e-08
3861 3.872371123e-08
3862 3.87036653e-08
3863 3.868363494e-08
3864 3.866362013e-08
3865 3.864362084e-08
3866 3.862363707e-08
3867 3.86036688e-08
3868 3.8583716e-08
3869 3.856377867e-08
3870 3.854385679e-08
3871 3.852395035e-08
3872 3.850405932e-08
3873 3.848418369e-08
3874 3.846432345e-08
3875 3.844447858e-08
3876 3.842464906e-08
3877 3.840483488e-08
3878 3.838503602e-08
3879 3.836525247e-08
3880 3.834548421e-08
3881 3.832573122e-08
3882 3.83059935e-08
3883 3.828627101e-08
3884 3.826656376e-08
3885 3.824687172e-08
3886 3.822719487e-08
3887 3.82075332e-08
3888 3.81878867e-08
3889 3.816825535e-08
3890 3.814863913e-08
3891 3.812903804e-08
3892 3.810945204e-08
3893 3.808988113e-08
3894 3.807032529e-08
3895 3.805078451e-08
3896 3.803125878e-08
3897 3.801174806e-08
3898 3.799225236e-08
3899 3.797277165e-08
3900 3.795330592e-08
3901 3.793385516e-08
3902 3.791441934e-08
3903 3.789499846e-08
3904 3.787559249e-08
3905 3.785620143e-08
3906 3.783682526e-08
3907 3.781746395e-08
3908 3.779811751e-08
3909 3.777878591e-08
3910 3.775946913e-08
3911 3.774016716e-08
3912 3.772088e-08
3913 3.770160761e-08
3914 3.768234999e-08
3915 3.766310712e-08
3916 3.764387899e-08
3917 3.762466557e-08
3918 3.760546687e-08
3919 3.758628285e-08
3920 3.756711351e-08
3921 3.754795883e-08
3922 3.75288188e-08
3923 3.75096934e-08
3924 3.749058262e-08
3925 3.747148643e-08
3926 3.745240483e-08
3927 3.743333781e-08
3928 3.741428534e-08
3929 3.739524741e-08
3930 3.737622402e-08
3931 3.735721513e-08
3932 3.733822074e-08
3933 3.731924083e-08
3934 3.73002754e-08
3935 3.728132441e-08
3936 3.726238787e-08
3937 3.724346575e-08
3938 3.722455803e-08
3939 3.720566472e-08
3940 3.718678578e-08
3941 3.716792121e-08
3942 3.714907099e-08
3943 3.713023511e-08
3944 3.711141355e-08
3945 3.709260629e-08
3946 3.707381333e-08
3947 3.705503465e-08
3948 3.703627023e-08
3949 3.701752006e-08
3950 3.699878413e-08
3951 3.698006242e-08
3952 3.696135491e-08
3953 3.69426616e-08
3954 3.692398246e-08
3955 3.690531749e-08
3956 3.688666667e-08
3957 3.686802998e-08
3958 3.684940741e-08
3959 3.683079895e-08
3960 3.681220458e-08
3961 3.679362429e-08
3962 3.677505806e-08
3963 3.675650588e-08
3964 3.673796773e-08
3965 3.671944361e-08
3966 3.67009335e-08
3967 3.668243737e-08
3968 3.666395523e-08
3969 3.664548705e-08
3970 3.662703282e-08
3971 3.660859252e-08
3972 3.659016615e-08
3973 3.657175369e-08
3974 3.655335512e-08
3975 3.653497044e-08
3976 3.651659962e-08
3977 3.649824265e-08
3978 3.647989952e-08
3979 3.646157021e-08
3980 3.644325472e-08
3981 3.642495302e-08
3982 3.640666511e-08
3983 3.638839096e-08
3984 3.637013057e-08
3985 3.635188393e-08
3986 3.633365101e-08
3987 3.63154318e-08
3988 3.62972263e-08
3989 3.627903448e-08
3990 3.626085633e-08
3991 3.624269185e-08
3992 3.622454101e-08
3993 3.62064038e-08
3994 3.618828021e-08
3995 3.617017022e-08
3996 3.615207383e-08
3997 3.613399101e-08
3998 3.611592175e-08
3999 3.609786605e-08
4000 3.607982388e-08
4001 3.606179524e-08
4002 3.604378011e-08
4003 3.602577847e-08
4004 3.600779031e-08
4005 3.598981563e-08
4006 3.59718544e-08
4007 3.595390661e-08
4008 3.593597225e-08
4009 3.591805131e-08
4010 3.590014376e-08
4011 3.588224961e-08
4012 3.586436884e-08
4013 3.584650142e-08
4014 3.582864735e-08
4015 3.581080662e-08
4016 3.579297922e-08
4017 3.577516512e-08
4018 3.575736431e-08
4019 3.573957679e-08
4020 3.572180254e-08
4021 3.570404155e-08
4022 3.568629379e-08
4023 3.566855927e-08
4024 3.565083796e-08
4025 3.563312986e-08
4026 3.561543495e-08
4027 3.559775322e-08
4028 3.558008464e-08
4029 3.556242922e-08
4030 3.554478694e-08
4031 3.552715779e-08
4032 3.550954174e-08
4033 3.54919388e-08
4034 3.547434894e-08
4035 3.545677215e-08
4036 3.543920843e-08
4037 3.542165775e-08
4038 3.54041201e-08
4039 3.538659548e-08
4040 3.536908387e-08
4041 3.535158525e-08
4042 3.533409961e-08
4043 3.531662695e-08
4044 3.529916724e-08
4045 3.528172047e-08
4046 3.526428664e-08
4047 3.524686572e-08
4048 3.522945772e-08
4049 3.52120626e-08
4050 3.519468037e-08
4051 3.5177311e-08
4052 3.515995449e-08
4053 3.514261082e-08
4054 3.512527998e-08
4055 3.510796195e-08
4056 3.509065674e-08
4057 3.507336431e-08
4058 3.505608466e-08
4059 3.503881778e-08
4060 3.502156366e-08
4061 3.500432227e-08
4062 3.498709362e-08
4063 3.496987768e-08
4064 3.495267444e-08
4065 3.49354839e-08
4066 3.491830603e-08
4067 3.490114083e-08
4068 3.488398829e-08
4069 3.486684838e-08
4070 3.484972111e-08
4071 3.483260645e-08
4072 3.48155044e-08
4073 3.479841494e-08
4074 3.478133806e-08
4075 3.476427374e-08
4076 3.474722199e-08
4077 3.473018277e-08
4078 3.471315608e-08
4079 3.469614192e-08
4080 3.467914025e-08
4081 3.466215109e-08
4082 3.46451744e-08
4083 3.462821018e-08
4084 3.461125842e-08
4085 3.45943191e-08
4086 3.457739222e-08
4087 3.456047776e-08
4088 3.45435757e-08
4089 3.452668604e-08
4090 3.450980877e-08
4091 3.449294386e-08
4092 3.447609132e-08
4093 3.445925113e-08
4094 3.444242327e-08
4095 3.442560773e-08
4096 3.44088045e-08
4097 3.439201358e-08
4098 3.437523494e-08
4099 3.435846858e-08
4100 3.434171448e-08
4101 3.432497263e-08
4102 3.430824302e-08
4103 3.429152565e-08
4104 3.427482048e-08
4105 3.425812752e-08
4106 3.424144675e-08
4107 3.422477817e-08
4108 3.420812175e-08
4109 3.419147748e-08
4110 3.417484537e-08
4111 3.415822538e-08
4112 3.414161752e-08
4113 3.412502176e-08
4114 3.41084381e-08
4115 3.409186653e-08
4116 3.407530703e-08
4117 3.40587596e-08
4118 3.404222421e-08
4119 3.402570087e-08
4120 3.400918955e-08
4121 3.399269024e-08
4122 3.397620295e-08
4123 3.395972764e-08
4124 3.394326431e-08
4125 3.392681295e-08
4126 3.391037355e-08
4127 3.38939461e-08
4128 3.387753058e-08
4129 3.386112698e-08
4130 3.384473529e-08
4131 3.382835551e-08
4132 3.381198761e-08
4133 3.379563159e-08
4134 3.377928743e-08
4135 3.376295513e-08
4136 3.374663466e-08
4137 3.373032603e-08
4138 3.371402922e-08
4139 3.369774422e-08
4140 3.368147101e-08
4141 3.366520959e-08
4142 3.364895994e-08
4143 3.363272205e-08
4144 3.361649592e-08
4145 3.360028152e-08
4146 3.358407886e-08
4147 3.356788791e-08
4148 3.355170866e-08
4149 3.353554111e-08
4150 3.351938525e-08
4151 3.350324105e-08
4152 3.348710852e-08
4153 3.347098763e-08
4154 3.345487838e-08
4155 3.343878076e-08
4156 3.342269476e-08
4157 3.340662036e-08
4158 3.339055756e-08
4159 3.337450633e-08
4160 3.335846668e-08
4161 3.334243859e-08
4162 3.332642205e-08
4163 3.331041704e-08
4164 3.329442356e-08
4165 3.32784416e-08
4166 3.326247114e-08
4167 3.324651218e-08
4168 3.32305647e-08
4169 3.321462869e-08
4170 3.319870414e-08
4171 3.318279104e-08
4172 3.316688938e-08
4173 3.315099915e-08
4174 3.313512033e-08
4175 3.311925292e-08
4176 3.31033969e-08
4177 3.308755227e-08
4178 3.307171901e-08
4179 3.305589712e-08
4180 3.304008657e-08
4181 3.302428737e-08
4182 3.300849949e-08
4183 3.299272294e-08
4184 3.297695769e-08
4185 3.296120374e-08
4186 3.294546108e-08
4187 3.292972969e-08
4188 3.291400956e-08
4189 3.289830069e-08
4190 3.288260307e-08
4191 3.286691667e-08
4192 3.28512415e-08
4193 3.283557754e-08
4194 3.281992478e-08
4195 3.280428321e-08
4196 3.278865282e-08
4197 3.27730336e-08
4198 3.275742553e-08
4199 3.274182862e-08
4200 3.272624284e-08
4201 3.271066818e-08
4202 3.269510464e-08
4203 3.267955221e-08
4204 3.266401087e-08
4205 3.264848061e-08
4206 3.263296143e-08
4207 3.261745331e-08
4208 3.260195624e-08
4209 3.258647022e-08
4210 3.257099522e-08
4211 3.255553125e-08
4212 3.254007829e-08
4213 3.252463632e-08
4214 3.250920535e-08
4215 3.249378535e-08
4216 3.247837633e-08
4217 3.246297826e-08
4218 3.244759114e-08
4219 3.243221495e-08
4220 3.24168497e-08
4221 3.240149536e-08
4222 3.238615193e-08
4223 3.237081939e-08
4224 3.235549774e-08
4225 3.234018696e-08
4226 3.232488705e-08
4227 3.230959799e-08
4228 3.229431978e-08
4229 3.227905241e-08
4230 3.226379585e-08
4231 3.224855011e-08
4232 3.223331518e-08
4233 3.221809104e-08
4234 3.220287768e-08
4235 3.218767509e-08
4236 3.217248327e-08
4237 3.21573022e-08
4238 3.214213187e-08
4239 3.212697228e-08
4240 3.21118234e-08
4241 3.209668524e-08
4242 3.208155778e-08
4243 3.206644102e-08
4244 3.205133493e-08
4245 3.203623952e-08
4246 3.202115477e-08
4247 3.200608067e-08
4248 3.199101722e-08
4249 3.197596439e-08
4250 3.196092219e-08
4251 3.19458906e-08
4252 3.193086961e-08
4253 3.191585921e-08
4254 3.190085939e-08
4255 3.188587015e-08
4256 3.187089146e-08
4257 3.185592333e-08
4258 3.184096575e-08
4259 3.182601869e-08
4260 3.181108216e-08
4261 3.179615614e-08
4262 3.178124062e-08
4263 3.176633559e-08
4264 3.175144105e-08
4265 3.173655698e-08
4266 3.172168338e-08
4267 3.170682022e-08
4268 3.169196752e-08
4269 3.167712524e-08
4270 3.166229339e-08
4271 3.164747195e-08
4272 3.163266092e-08
4273 3.161786029e-08
4274 3.160307003e-08
4275 3.158829016e-08
4276 3.157352065e-08
4277 3.155876149e-08
4278 3.154401269e-08
4279 3.152927422e-08
4280 3.151454607e-08
4281 3.149982825e-08
4282 3.148512073e-08
4283 3.147042351e-08
4284 3.145573658e-08
4285 3.144105992e-08
4286 3.142639354e-08
4287 3.141173742e-08
4288 3.139709154e-08
4289 3.138245591e-08
4290 3.136783051e-08
4291 3.135321533e-08
4292 3.133861036e-08
4293 3.132401559e-08
4294 3.130943102e-08
4295 3.129485663e-08
4296 3.128029242e-08
4297 3.126573837e-08
4298 3.125119447e-08
4299 3.123666072e-08
4300 3.122213711e-08
4301 3.120762363e-08
4302 3.119312026e-08
4303 3.1178627e-08
4304 3.116414384e-08
4305 3.114967076e-08
4306 3.113520777e-08
4307 3.112075485e-08
4308 3.110631199e-08
4309 3.109187918e-08
4310 3.107745641e-08
4311 3.106304368e-08
4312 3.104864097e-08
4313 3.103424827e-08
4314 3.101986559e-08
4315 3.100549289e-08
4316 3.099113019e-08
4317 3.097677746e-08
4318 3.09624347e-08
4319 3.094810189e-08
4320 3.093377904e-08
4321 3.091946613e-08
4322 3.090516315e-08
4323 3.08908701e-08
4324 3.087658695e-08
4325 3.086231371e-08
4326 3.084805037e-08
4327 3.083379691e-08
4328 3.081955332e-08
4329 3.080531961e-08
4330 3.079109575e-08
4331 3.077688174e-08
4332 3.076267757e-08
4333 3.074848324e-08
4334 3.073429872e-08
4335 3.072012402e-08
4336 3.070595912e-08
4337 3.069180402e-08
4338 3.06776587e-08
4339 3.066352316e-08
4340 3.064939738e-08
4341 3.063528137e-08
4342 3.062117511e-08
4343 3.060707858e-08
4344 3.059299179e-08
4345 3.057891472e-08
4346 3.056484736e-08
4347 3.055078971e-08
4348 3.053674176e-08
4349 3.052270349e-08
4350 3.05086749e-08
4351 3.049465598e-08
4352 3.048064672e-08
4353 3.046664711e-08
4354 3.045265715e-08
4355 3.043867682e-08
4356 3.042470611e-08
4357 3.041074502e-08
4358 3.039679354e-08
4359 3.038285165e-08
4360 3.036891936e-08
4361 3.035499665e-08
4362 3.03410835e-08
4363 3.032717993e-08
4364 3.03132859e-08
4365 3.029940143e-08
4366 3.028552649e-08
4367 3.027166107e-08
4368 3.025780518e-08
4369 3.02439588e-08
4370 3.023012192e-08
4371 3.021629454e-08
4372 3.020247663e-08
4373 3.018866821e-08
4374 3.017486925e-08
4375 3.016107976e-08
4376 3.014729971e-08
4377 3.01335291e-08
4378 3.011976793e-08
4379 3.010601618e-08
4380 3.009227385e-08
4381 3.007854092e-08
4382 3.006481739e-08
4383 3.005110326e-08
4384 3.00373985e-08
4385 3.002370312e-08
4386 3.00100171e-08
4387 2.999634044e-08
4388 2.998267312e-08
4389 2.996901515e-08
4390 2.99553665e-08
4391 2.994172718e-08
4392 2.992809716e-08
4393 2.991447646e-08
4394 2.990086505e-08
4395 2.988726293e-08
4396 2.987367008e-08
4397 2.986008651e-08
4398 2.98465122e-08
4399 2.983294715e-08
4400 2.981939134e-08
4401 2.980584477e-08
4402 2.979230743e-08
4403 2.97787793e-08
4404 2.976526039e-08
4405 2.975175069e-08
4406 2.973825018e-08
4407 2.972475885e-08
4408 2.971127671e-08
4409 2.969780373e-08
4410 2.968433992e-08
4411 2.967088526e-08
4412 2.965743975e-08
4413 2.964400338e-08
4414 2.963057613e-08
4415 2.9617158e-08
4416 2.960374899e-08
4417 2.959034908e-08
4418 2.957695827e-08
4419 2.956357654e-08
4420 2.95502039e-08
4421 2.953684032e-08
4422 2.952348581e-08
4423 2.951014036e-08
4424 2.949680395e-08
4425 2.948347658e-08
4426 2.947015824e-08
4427 2.945684892e-08
4428 2.944354861e-08
4429 2.943025732e-08
4430 2.941697502e-08
4431 2.940370171e-08
4432 2.939043738e-08
4433 2.937718202e-08
4434 2.936393563e-08
4435 2.93506982e-08
4436 2.933746971e-08
4437 2.932425017e-08
4438 2.931103956e-08
4439 2.929783788e-08
4440 2.928464511e-08
4441 2.927146125e-08
4442 2.92582863e-08
4443 2.924512023e-08
4444 2.923196305e-08
4445 2.921881475e-08
4446 2.920567532e-08
4447 2.919254475e-08
4448 2.917942303e-08
4449 2.916631015e-08
4450 2.915320612e-08
4451 2.914011091e-08
4452 2.912702452e-08
4453 2.911394695e-08
4454 2.910087818e-08
4455 2.908781821e-08
4456 2.907476703e-08
4457 2.906172463e-08
4458 2.904869101e-08
4459 2.903566615e-08
4460 2.902265005e-08
4461 2.90096427e-08
4462 2.899664409e-08
4463 2.898365422e-08
4464 2.897067307e-08
4465 2.895770065e-08
4466 2.894473693e-08
4467 2.893178192e-08
4468 2.89188356e-08
4469 2.890589797e-08
4470 2.889296902e-08
4471 2.888004875e-08
4472 2.886713713e-08
4473 2.885423418e-08
4474 2.884133987e-08
4475 2.882845421e-08
4476 2.881557718e-08
4477 2.880270877e-08
4478 2.878984898e-08
4479 2.877699781e-08
4480 2.876415523e-08
4481 2.875132126e-08
4482 2.873849586e-08
4483 2.872567905e-08
4484 2.871287081e-08
4485 2.870007114e-08
4486 2.868728002e-08
4487 2.867449745e-08
4488 2.866172342e-08
4489 2.864895793e-08
4490 2.863620097e-08
4491 2.862345252e-08
4492 2.861071258e-08
4493 2.859798115e-08
4494 2.858525821e-08
4495 2.857254376e-08
4496 2.85598378e-08
4497 2.85471403e-08
4498 2.853445128e-08
4499 2.852177071e-08
4500 2.850909859e-08
4501 2.849643491e-08
4502 2.848377967e-08
4503 2.847113286e-08
4504 2.845849447e-08
4505 2.84458645e-08
4506 2.843324293e-08
4507 2.842062975e-08
4508 2.840802497e-08
4509 2.839542858e-08
4510 2.838284056e-08
4511 2.83702609e-08
4512 2.835768961e-08
4513 2.834512668e-08
4514 2.833257209e-08
4515 2.832002583e-08
4516 2.830748792e-08
4517 2.829495832e-08
4518 2.828243704e-08
4519 2.826992407e-08
4520 2.825741941e-08
4521 2.824492304e-08
4522 2.823243495e-08
4523 2.821995515e-08
4524 2.820748362e-08
4525 2.819502036e-08
4526 2.818256535e-08
4527 2.817011859e-08
4528 2.815768008e-08
4529 2.814524981e-08
4530 2.813282776e-08
4531 2.812041394e-08
4532 2.810800833e-08
4533 2.809561093e-08
4534 2.808322173e-08
4535 2.807084072e-08
4536 2.80584679e-08
4537 2.804610325e-08
4538 2.803374678e-08
4539 2.802139847e-08
4540 2.800905832e-08
4541 2.799672632e-08
4542 2.798440246e-08
4543 2.797208674e-08
4544 2.795977915e-08
4545 2.794747967e-08
4546 2.793518831e-08
4547 2.792290506e-08
4548 2.791062991e-08
4549 2.789836285e-08
4550 2.788610387e-08
4551 2.787385297e-08
4552 2.786161015e-08
4553 2.784937539e-08
4554 2.783714868e-08
4555 2.782493003e-08
4556 2.781271942e-08
4557 2.780051684e-08
4558 2.77883223e-08
4559 2.777613577e-08
4560 2.776395726e-08
4561 2.775178676e-08
4562 2.773962426e-08
4563 2.772746975e-08
4564 2.771532323e-08
4565 2.770318469e-08
4566 2.769105412e-08
4567 2.767893152e-08
4568 2.766681688e-08
4569 2.765471019e-08
4570 2.764261144e-08
4571 2.763052063e-08
4572 2.761843776e-08
4573 2.76063628e-08
4574 2.759429577e-08
4575 2.758223664e-08
4576 2.757018542e-08
4577 2.755814209e-08
4578 2.754610665e-08
4579 2.75340791e-08
4580 2.752205942e-08
4581 2.751004761e-08
4582 2.749804366e-08
4583 2.748604757e-08
4584 2.747405933e-08
4585 2.746207892e-08
4586 2.745010635e-08
4587 2.743814161e-08
4588 2.742618469e-08
4589 2.741423559e-08
4590 2.740229429e-08
4591 2.739036079e-08
4592 2.737843509e-08
4593 2.736651717e-08
4594 2.735460703e-08
4595 2.734270467e-08
4596 2.733081007e-08
4597 2.731892324e-08
4598 2.730704415e-08
4599 2.729517282e-08
4600 2.728330922e-08
4601 2.727145335e-08
4602 2.725960522e-08
4603 2.72477648e-08
4604 2.723593209e-08
4605 2.722410709e-08
4606 2.721228979e-08
4607 2.720048018e-08
4608 2.718867826e-08
4609 2.717688402e-08
4610 2.716509745e-08
4611 2.715331854e-08
4612 2.71415473e-08
4613 2.712978371e-08
4614 2.711802776e-08
4615 2.710627945e-08
4616 2.709453878e-08
4617 2.708280573e-08
4618 2.707108031e-08
4619 2.705936249e-08
4620 2.704765229e-08
4621 2.703594968e-08
4622 2.702425466e-08
4623 2.701256724e-08
4624 2.700088739e-08
4625 2.698921512e-08
4626 2.697755041e-08
4627 2.696589326e-08
4628 2.695424367e-08
4629 2.694260163e-08
4630 2.693096712e-08
4631 2.691934015e-08
4632 2.690772071e-08
4633 2.689610879e-08
4634 2.688450439e-08
4635 2.687290749e-08
4636 2.68613181e-08
4637 2.68497362e-08
4638 2.683816179e-08
4639 2.682659486e-08
4640 2.681503541e-08
4641 2.680348343e-08
4642 2.679193892e-08
4643 2.678040186e-08
4644 2.676887225e-08
4645 2.675735008e-08
4646 2.674583535e-08
4647 2.673432805e-08
4648 2.672282818e-08
4649 2.671133573e-08
4650 2.669985069e-08
4651 2.668837305e-08
4652 2.667690282e-08
4653 2.666543997e-08
4654 2.665398451e-08
4655 2.664253644e-08
4656 2.663109574e-08
4657 2.66196624e-08
4658 2.660823643e-08
4659 2.659681781e-08
4660 2.658540654e-08
4661 2.657400261e-08
4662 2.656260602e-08
4663 2.655121676e-08
4664 2.653983482e-08
4665 2.65284602e-08
4666 2.651709289e-08
4667 2.650573288e-08
4668 2.649438018e-08
4669 2.648303476e-08
4670 2.647169663e-08
4671 2.646036578e-08
4672 2.644904221e-08
4673 2.64377259e-08
4674 2.642641685e-08
4675 2.641511506e-08
4676 2.640382051e-08
4677 2.639253321e-08
4678 2.638125315e-08
4679 2.636998031e-08
4680 2.63587147e-08
4681 2.634745631e-08
4682 2.633620513e-08
4683 2.632496115e-08
4684 2.631372437e-08
4685 2.630249479e-08
4686 2.629127239e-08
4687 2.628005717e-08
4688 2.626884913e-08
4689 2.625764826e-08
4690 2.624645454e-08
4691 2.623526799e-08
4692 2.622408859e-08
4693 2.621291632e-08
4694 2.62017512e-08
4695 2.619059321e-08
4696 2.617944235e-08
4697 2.61682986e-08
4698 2.615716197e-08
4699 2.614603245e-08
4700 2.613491003e-08
4701 2.61237947e-08
4702 2.611268647e-08
4703 2.610158531e-08
4704 2.609049124e-08
4705 2.607940423e-08
4706 2.60683243e-08
4707 2.605725142e-08
4708 2.604618559e-08
4709 2.603512682e-08
4710 2.602407508e-08
4711 2.601303038e-08
4712 2.600199271e-08
4713 2.599096206e-08
4714 2.597993843e-08
4715 2.596892182e-08
4716 2.59579122e-08
4717 2.594690959e-08
4718 2.593591397e-08
4719 2.592492534e-08
4720 2.59139437e-08
4721 2.590296903e-08
4722 2.589200132e-08
4723 2.588104059e-08
4724 2.587008681e-08
4725 2.585913998e-08
4726 2.58482001e-08
4727 2.583726716e-08
4728 2.582634116e-08
4729 2.581542209e-08
4730 2.580450994e-08
4731 2.57936047e-08
4732 2.578270638e-08
4733 2.577181496e-08
4734 2.576093045e-08
4735 2.575005282e-08
4736 2.573918209e-08
4737 2.572831824e-08
4738 2.571746126e-08
4739 2.570661116e-08
4740 2.569576792e-08
4741 2.568493154e-08
4742 2.567410201e-08
4743 2.566327933e-08
4744 2.565246349e-08
4745 2.564165449e-08
4746 2.563085232e-08
4747 2.562005697e-08
4748 2.560926844e-08
4749 2.559848673e-08
4750 2.558771182e-08
4751 2.557694371e-08
4752 2.55661824e-08
4753 2.555542788e-08
4754 2.554468015e-08
4755 2.553393919e-08
4756 2.552320501e-08
4757 2.551247759e-08
4758 2.550175694e-08
4759 2.549104304e-08
4760 2.548033589e-08
4761 2.546963549e-08
4762 2.545894182e-08
4763 2.544825489e-08
4764 2.543757469e-08
4765 2.542690121e-08
4766 2.541623444e-08
4767 2.540557439e-08
4768 2.539492104e-08
4769 2.538427439e-08
4770 2.537363444e-08
4771 2.536300117e-08
4772 2.535237458e-08
4773 2.534175468e-08
4774 2.533114144e-08
4775 2.532053487e-08
4776 2.530993496e-08
4777 2.529934171e-08
4778 2.52887551e-08
4779 2.527817514e-08
4780 2.526760181e-08
4781 2.525703512e-08
4782 2.524647506e-08
4783 2.523592161e-08
4784 2.522537479e-08
4785 2.521483457e-08
4786 2.520430096e-08
4787 2.519377394e-08
4788 2.518325352e-08
4789 2.517273969e-08
4790 2.516223245e-08
4791 2.515173177e-08
4792 2.514123768e-08
4793 2.513075014e-08
4794 2.512026917e-08
4795 2.510979476e-08
4796 2.509932689e-08
4797 2.508886557e-08
4798 2.507841078e-08
4799 2.506796253e-08
4800 2.505752081e-08
4801 2.504708561e-08
4802 2.503665693e-08
4803 2.502623476e-08
4804 2.50158191e-08
4805 2.500540994e-08
4806 2.499500727e-08
4807 2.49846111e-08
4808 2.49742214e-08
4809 2.496383819e-08
4810 2.495346145e-08
4811 2.494309118e-08
4812 2.493272738e-08
4813 2.492237003e-08
4814 2.491201913e-08
4815 2.490167468e-08
4816 2.489133668e-08
4817 2.488100511e-08
4818 2.487067997e-08
4819 2.486036125e-08
4820 2.485004896e-08
4821 2.483974308e-08
4822 2.482944361e-08
4823 2.481915055e-08
4824 2.480886389e-08
4825 2.479858361e-08
4826 2.478830973e-08
4827 2.477804223e-08
4828 2.476778111e-08
4829 2.475752636e-08
4830 2.474727798e-08
4831 2.473703596e-08
4832 2.47268003e-08
4833 2.471657099e-08
4834 2.470634803e-08
4835 2.469613141e-08
4836 2.468592112e-08
4837 2.467571716e-08
4838 2.466551953e-08
4839 2.465532822e-08
4840 2.464514323e-08
4841 2.463496454e-08
4842 2.462479216e-08
4843 2.461462608e-08
4844 2.460446629e-08
4845 2.459431279e-08
4846 2.458416558e-08
4847 2.457402464e-08
4848 2.456388998e-08
4849 2.455376158e-08
4850 2.454363945e-08
4851 2.453352358e-08
4852 2.452341395e-08
4853 2.451331058e-08
4854 2.450321345e-08
4855 2.449312256e-08
4856 2.448303789e-08
4857 2.447295946e-08
4858 2.446288725e-08
4859 2.445282125e-08
4860 2.444276147e-08
4861 2.443270789e-08
4862 2.442266051e-08
4863 2.441261933e-08
4864 2.440258434e-08
4865 2.439255554e-08
4866 2.438253292e-08
4867 2.437251647e-08
4868 2.43625062e-08
4869 2.435250209e-08
4870 2.434250414e-08
4871 2.433251235e-08
4872 2.432252671e-08
4873 2.431254721e-08
4874 2.430257386e-08
4875 2.429260664e-08
4876 2.428264555e-08
4877 2.427269058e-08
4878 2.426274174e-08
4879 2.425279901e-08
4880 2.42428624e-08
4881 2.423293188e-08
4882 2.422300747e-08
4883 2.421308916e-08
4884 2.420317693e-08
4885 2.419327079e-08
4886 2.418337073e-08
4887 2.417347675e-08
4888 2.416358883e-08
4889 2.415370699e-08
4890 2.41438312e-08
4891 2.413396147e-08
4892 2.412409779e-08
4893 2.411424015e-08
4894 2.410438856e-08
4895 2.4094543e-08
4896 2.408470347e-08
4897 2.407486997e-08
4898 2.406504249e-08
4899 2.405522102e-08
4900 2.404540557e-08
4901 2.403559613e-08
4902 2.402579268e-08
4903 2.401599523e-08
4904 2.400620378e-08
4905 2.399641831e-08
4906 2.398663882e-08
4907 2.397686531e-08
4908 2.396709777e-08
4909 2.39573362e-08
4910 2.394758059e-08
4911 2.393783094e-08
4912 2.392808724e-08
4913 2.391834949e-08
4914 2.390861768e-08
4915 2.389889181e-08
4916 2.388917188e-08
4917 2.387945787e-08
4918 2.386974979e-08
4919 2.386004762e-08
4920 2.385035137e-08
4921 2.384066103e-08
4922 2.38309766e-08
4923 2.382129806e-08
4924 2.381162542e-08
4925 2.380195867e-08
4926 2.37922978e-08
4927 2.378264282e-08
4928 2.377299371e-08
4929 2.376335047e-08
4930 2.37537131e-08
4931 2.374408159e-08
4932 2.373445593e-08
4933 2.372483613e-08
4934 2.371522218e-08
4935 2.370561406e-08
4936 2.369601179e-08
4937 2.368641535e-08
4938 2.367682474e-08
4939 2.366723995e-08
4940 2.365766098e-08
4941 2.364808782e-08
4942 2.363852048e-08
4943 2.362895894e-08
4944 2.361940319e-08
4945 2.360985325e-08
4946 2.360030909e-08
4947 2.359077073e-08
4948 2.358123814e-08
4949 2.357171133e-08
4950 2.356219029e-08
4951 2.355267502e-08
4952 2.354316551e-08
4953 2.353366176e-08
4954 2.352416376e-08
4955 2.351467151e-08
4956 2.350518501e-08
4957 2.349570425e-08
4958 2.348622922e-08
4959 2.347675992e-08
4960 2.346729634e-08
4961 2.345783849e-08
4962 2.344838636e-08
4963 2.343893993e-08
4964 2.342949922e-08
4965 2.34200642e-08
4966 2.341063489e-08
4967 2.340121126e-08
4968 2.339179333e-08
4969 2.338238108e-08
4970 2.337297451e-08
4971 2.336357361e-08
4972 2.335417839e-08
4973 2.334478883e-08
4974 2.333540494e-08
4975 2.33260267e-08
4976 2.331665411e-08
4977 2.330728717e-08
4978 2.329792587e-08
4979 2.328857022e-08
4980 2.327922019e-08
4981 2.32698758e-08
4982 2.326053703e-08
4983 2.325120388e-08
4984 2.324187635e-08
4985 2.323255443e-08
4986 2.322323812e-08
4987 2.321392741e-08
4988 2.32046223e-08
4989 2.319532278e-08
4990 2.318602885e-08
4991 2.317674051e-08
4992 2.316745775e-08
4993 2.315818056e-08
4994 2.314890894e-08
4995 2.313964289e-08
4996 2.31303824e-08
4997 2.312112747e-08
4998 2.31118781e-08
4999 2.310263427e-08
5000 2.309339599e-08
5001 2.308416325e-08
5002 2.307493604e-08
5003 2.306571437e-08
5004 2.305649822e-08
5005 2.304728759e-08
5006 2.303808249e-08
5007 2.302888289e-08
5008 2.301968881e-08
5009 2.301050023e-08
5010 2.300131715e-08
5011 2.299213957e-08
5012 2.298296748e-08
5013 2.297380087e-08
5014 2.296463975e-08
5015 2.295548411e-08
5016 2.294633394e-08
5017 2.293718924e-08
5018 2.292805001e-08
5019 2.291891624e-08
5020 2.290978792e-08
5021 2.290066506e-08
5022 2.289154765e-08
5023 2.288243568e-08
5024 2.287332915e-08
5025 2.286422805e-08
5026 2.285513239e-08
5027 2.284604215e-08
5028 2.283695733e-08
5029 2.282787793e-08
5030 2.281880395e-08
5031 2.280973537e-08
5032 2.28006722e-08
5033 2.279161443e-08
5034 2.278256206e-08
5035 2.277351508e-08
5036 2.276447348e-08
5037 2.275543727e-08
5038 2.274640644e-08
5039 2.273738098e-08
5040 2.27283609e-08
5041 2.271934618e-08
5042 2.271033682e-08
5043 2.270133282e-08
5044 2.269233418e-08
5045 2.268334088e-08
5046 2.267435293e-08
5047 2.266537032e-08
5048 2.265639305e-08
5049 2.264742111e-08
5050 2.26384545e-08
5051 2.262949321e-08
5052 2.262053724e-08
5053 2.261158659e-08
5054 2.260264125e-08
5055 2.259370121e-08
5056 2.258476648e-08
5057 2.257583705e-08
5058 2.256691291e-08
5059 2.255799406e-08
5060 2.25490805e-08
5061 2.254017222e-08
5062 2.253126922e-08
5063 2.25223715e-08
5064 2.251347904e-08
5065 2.250459185e-08
5066 2.249570992e-08
5067 2.248683324e-08
5068 2.247796182e-08
5069 2.246909565e-08
5070 2.246023472e-08
5071 2.245137904e-08
5072 2.244252859e-08
5073 2.243368337e-08
5074 2.242484338e-08
5075 2.241600862e-08
5076 2.240717907e-08
5077 2.239835474e-08
5078 2.238953562e-08
5079 2.238072171e-08
5080 2.237191301e-08
5081 2.23631095e-08
5082 2.235431119e-08
5083 2.234551807e-08
5084 2.233673013e-08
5085 2.232794738e-08
5086 2.231916981e-08
5087 2.231039741e-08
5088 2.230163019e-08
5089 2.229286813e-08
5090 2.228411123e-08
5091 2.22753595e-08
5092 2.226661291e-08
5093 2.225787148e-08
5094 2.22491352e-08
5095 2.224040405e-08
5096 2.223167805e-08
5097 2.222295718e-08
5098 2.221424144e-08
5099 2.220553083e-08
5100 2.219682534e-08
5101 2.218812496e-08
5102 2.217942971e-08
5103 2.217073956e-08
5104 2.216205452e-08
5105 2.215337458e-08
5106 2.214469974e-08
5107 2.213602999e-08
5108 2.212736533e-08
5109 2.211870576e-08
5110 2.211005128e-08
5111 2.210140187e-08
5112 2.209275753e-08
5113 2.208411827e-08
5114 2.207548407e-08
5115 2.206685494e-08
5116 2.205823086e-08
5117 2.204961184e-08
5118 2.204099787e-08
5119 2.203238895e-08
5120 2.202378507e-08
5121 2.201518622e-08
5122 2.200659242e-08
5123 2.199800364e-08
5124 2.198941989e-08
5125 2.198084116e-08
5126 2.197226746e-08
5127 2.196369877e-08
5128 2.195513509e-08
5129 2.194657641e-08
5130 2.193802274e-08
5131 2.192947407e-08
5132 2.19209304e-08
5133 2.191239172e-08
5134 2.190385803e-08
5135 2.189532932e-08
5136 2.188680559e-08
5137 2.187828683e-08
5138 2.186977305e-08
5139 2.186126424e-08
5140 2.18527604e-08
5141 2.184426151e-08
5142 2.183576758e-08
5143 2.182727861e-08
5144 2.181879458e-08
5145 2.18103155e-08
5146 2.180184136e-08
5147 2.179337216e-08
5148 2.178490789e-08
5149 2.177644855e-08
5150 2.176799414e-08
5151 2.175954466e-08
5152 2.175110009e-08
5153 2.174266043e-08
5154 2.173422569e-08
5155 2.172579585e-08
5156 2.171737092e-08
5157 2.170895089e-08
5158 2.170053575e-08
5159 2.16921255e-08
5160 2.168372015e-08
5161 2.167531967e-08
5162 2.166692408e-08
5163 2.165853337e-08
5164 2.165014752e-08
5165 2.164176655e-08
5166 2.163339045e-08
5167 2.16250192e-08
5168 2.161665281e-08
5169 2.160829128e-08
5170 2.15999346e-08
5171 2.159158276e-08
5172 2.158323577e-08
5173 2.157489362e-08
5174 2.15665563e-08
5175 2.155822381e-08
5176 2.154989616e-08
5177 2.154157332e-08
5178 2.153325531e-08
5179 2.152494211e-08
5180 2.151663373e-08
5181 2.150833016e-08
5182 2.150003139e-08
5183 2.149173743e-08
5184 2.148344826e-08
5185 2.147516389e-08
5186 2.146688431e-08
5187 2.145860951e-08
5188 2.14503395e-08
5189 2.144207427e-08
5190 2.143381382e-08
5191 2.142555814e-08
5192 2.141730722e-08
5193 2.140906108e-08
5194 2.140081969e-08
5195 2.139258306e-08
5196 2.138435119e-08
5197 2.137612406e-08
5198 2.136790169e-08
5199 2.135968405e-08
5200 2.135147116e-08
5201 2.1343263e-08
5202 2.133505958e-08
5203 2.132686088e-08
5204 2.131866691e-08
5205 2.131047766e-08
5206 2.130229312e-08
5207 2.12941133e-08
5208 2.12859382e-08
5209 2.127776779e-08
5210 2.12696021e-08
5211 2.12614411e-08
5212 2.12532848e-08
5213 2.124513319e-08
5214 2.123698627e-08
5215 2.122884403e-08
5216 2.122070648e-08
5217 2.12125736e-08
5218 2.12044454e-08
5219 2.119632187e-08
5220 2.118820301e-08
5221 2.118008881e-08
5222 2.117197927e-08
5223 2.116387438e-08
5224 2.115577416e-08
5225 2.114767858e-08
5226 2.113958764e-08
5227 2.113150135e-08
5228 2.11234197e-08
5229 2.111534268e-08
5230 2.110727029e-08
5231 2.109920254e-08
5232 2.10911394e-08
5233 2.108308089e-08
5234 2.1075027e-08
5235 2.106697772e-08
5236 2.105893305e-08
5237 2.105089299e-08
5238 2.104285753e-08
5239 2.103482667e-08
5240 2.102680041e-08
5241 2.101877874e-08
5242 2.101076166e-08
5243 2.100274917e-08
5244 2.099474126e-08
5245 2.098673792e-08
5246 2.097873917e-08
5247 2.097074498e-08
5248 2.096275537e-08
5249 2.095477031e-08
5250 2.094678983e-08
5251 2.093881389e-08
5252 2.093084252e-08
5253 2.092287569e-08
5254 2.091491341e-08
5255 2.090695568e-08
5256 2.089900249e-08
5257 2.089105383e-08
5258 2.088310971e-08
5259 2.087517012e-08
5260 2.086723506e-08
5261 2.085930451e-08
5262 2.085137849e-08
5263 2.084345699e-08
5264 2.083554e-08
5265 2.082762752e-08
5266 2.081971955e-08
5267 2.081181607e-08
5268 2.08039171e-08
5269 2.079602263e-08
5270 2.078813264e-08
5271 2.078024715e-08
5272 2.077236614e-08
5273 2.076448962e-08
5274 2.075661757e-08
5275 2.074875e-08
5276 2.07408869e-08
5277 2.073302827e-08
5278 2.072517411e-08
5279 2.071732441e-08
5280 2.070947917e-08
5281 2.070163838e-08
5282 2.069380204e-08
5283 2.068597016e-08
5284 2.067814272e-08
5285 2.067031972e-08
5286 2.066250116e-08
5287 2.065468703e-08
5288 2.064687734e-08
5289 2.063907207e-08
5290 2.063127123e-08
5291 2.062347482e-08
5292 2.061568282e-08
5293 2.060789523e-08
5294 2.060011206e-08
5295 2.059233329e-08
5296 2.058455894e-08
5297 2.057678898e-08
5298 2.056902342e-08
5299 2.056126226e-08
5300 2.055350549e-08
5301 2.05457531e-08
5302 2.05380051e-08
5303 2.053026149e-08
5304 2.052252225e-08
5305 2.051478739e-08
5306 2.05070569e-08
5307 2.049933078e-08
5308 2.049160902e-08
5309 2.048389163e-08
5310 2.04761786e-08
5311 2.046846992e-08
5312 2.046076559e-08
5313 2.045306561e-08
5314 2.044536998e-08
5315 2.043767869e-08
5316 2.042999174e-08
5317 2.042230913e-08
5318 2.041463085e-08
5319 2.040695689e-08
5320 2.039928727e-08
5321 2.039162197e-08
5322 2.038396098e-08
5323 2.037630432e-08
5324 2.036865196e-08
5325 2.036100392e-08
5326 2.035336018e-08
5327 2.034572075e-08
5328 2.033808562e-08
5329 2.033045478e-08
5330 2.032282824e-08
5331 2.031520599e-08
5332 2.030758802e-08
5333 2.029997434e-08
5334 2.029236494e-08
5335 2.028475982e-08
5336 2.027715898e-08
5337 2.02695624e-08
5338 2.026197009e-08
5339 2.025438205e-08
5340 2.024679827e-08
5341 2.023921875e-08
5342 2.023164348e-08
5343 2.022407247e-08
5344 2.02165057e-08
5345 2.020894318e-08
5346 2.02013849e-08
5347 2.019383087e-08
5348 2.018628107e-08
5349 2.01787355e-08
5350 2.017119416e-08
5351 2.016365705e-08
5352 2.015612416e-08
5353 2.014859549e-08
5354 2.014107104e-08
5355 2.013355081e-08
5356 2.012603478e-08
5357 2.011852297e-08
5358 2.011101536e-08
5359 2.010351195e-08
5360 2.009601273e-08
5361 2.008851772e-08
5362 2.008102689e-08
5363 2.007354026e-08
5364 2.006605781e-08
5365 2.005857954e-08
5366 2.005110546e-08
5367 2.004363555e-08
5368 2.003616981e-08
5369 2.002870825e-08
5370 2.002125085e-08
5371 2.001379761e-08
5372 2.000634854e-08
5373 1.999890362e-08
5374 1.999146286e-08
5375 1.998402626e-08
5376 1.99765938e-08
5377 1.996916548e-08
5378 1.996174131e-08
5379 1.995432128e-08
5380 1.994690538e-08
5381 1.993949362e-08
5382 1.993208599e-08
5383 1.992468248e-08
5384 1.99172831e-08
5385 1.990988784e-08
5386 1.99024967e-08
5387 1.989510967e-08
5388 1.988772676e-08
5389 1.988034795e-08
5390 1.987297325e-08
5391 1.986560266e-08
5392 1.985823616e-08
5393 1.985087376e-08
5394 1.984351545e-08
5395 1.983616123e-08
5396 1.98288111e-08
5397 1.982146506e-08
5398 1.98141231e-08
5399 1.980678521e-08
5400 1.97994514e-08
5401 1.979212167e-08
5402 1.9784796e-08
5403 1.97774744e-08
5404 1.977015686e-08
5405 1.976284338e-08
5406 1.975553396e-08
5407 1.97482286e-08
5408 1.974092729e-08
5409 1.973363002e-08
5410 1.97263368e-08
5411 1.971904762e-08
5412 1.971176248e-08
5413 1.970448138e-08
5414 1.969720432e-08
5415 1.968993128e-08
5416 1.968266227e-08
5417 1.967539728e-08
5418 1.966813632e-08
5419 1.966087937e-08
5420 1.965362644e-08
5421 1.964637753e-08
5422 1.963913262e-08
5423 1.963189172e-08
5424 1.962465482e-08
5425 1.961742193e-08
5426 1.961019303e-08
5427 1.960296812e-08
5428 1.959574721e-08
5429 1.958853029e-08
5430 1.958131736e-08
5431 1.95741084e-08
5432 1.956690343e-08
5433 1.955970244e-08
5434 1.955250542e-08
5435 1.954531237e-08
5436 1.953812329e-08
5437 1.953093817e-08
5438 1.952375702e-08
5439 1.951657983e-08
5440 1.950940659e-08
5441 1.950223731e-08
5442 1.949507198e-08
5443 1.94879106e-08
5444 1.948075316e-08
5445 1.947359967e-08
5446 1.946645011e-08
5447 1.94593045e-08
5448 1.945216281e-08
5449 1.944502506e-08
5450 1.943789123e-08
5451 1.943076133e-08
5452 1.942363535e-08
5453 1.94165133e-08
5454 1.940939515e-08
5455 1.940228092e-08
5456 1.939517061e-08
5457 1.93880642e-08
5458 1.938096169e-08
5459 1.937386309e-08
5460 1.936676838e-08
5461 1.935967758e-08
5462 1.935259066e-08
5463 1.934550764e-08
5464 1.93384285e-08
5465 1.933135325e-08
5466 1.932428188e-08
5467 1.931721439e-08
5468 1.931015078e-08
5469 1.930309104e-08
5470 1.929603518e-08
5471 1.928898318e-08
5472 1.928193504e-08
5473 1.927489077e-08
5474 1.926785036e-08
5475 1.92608138e-08
5476 1.92537811e-08
5477 1.924675225e-08
5478 1.923972724e-08
5479 1.923270608e-08
5480 1.922568877e-08
5481 1.921867529e-08
5482 1.921166566e-08
5483 1.920465985e-08
5484 1.919765788e-08
5485 1.919065974e-08
5486 1.918366542e-08
5487 1.917667492e-08
5488 1.916968825e-08
5489 1.916270539e-08
5490 1.915572635e-08
5491 1.914875112e-08
5492 1.91417797e-08
5493 1.913481208e-08
5494 1.912784827e-08
5495 1.912088826e-08
5496 1.911393205e-08
5497 1.910697963e-08
5498 1.910003101e-08
5499 1.909308618e-08
5500 1.908614513e-08
5501 1.907920786e-08
5502 1.907227438e-08
5503 1.906534468e-08
5504 1.905841875e-08
5505 1.90514966e-08
5506 1.904457822e-08
5507 1.90376636e-08
5508 1.903075275e-08
5509 1.902384567e-08
5510 1.901694234e-08
5511 1.901004277e-08
5512 1.900314695e-08
5513 1.899625489e-08
5514 1.898936657e-08
5515 1.8982482e-08
5516 1.897560117e-08
5517 1.896872408e-08
5518 1.896185074e-08
5519 1.895498112e-08
5520 1.894811524e-08
5521 1.894125309e-08
5522 1.893439467e-08
5523 1.892753997e-08
5524 1.892068899e-08
5525 1.891384173e-08
5526 1.890699819e-08
5527 1.890015836e-08
5528 1.889332224e-08
5529 1.888648983e-08
5530 1.887966112e-08
5531 1.887283612e-08
5532 1.886601482e-08
5533 1.885919722e-08
5534 1.885238331e-08
5535 1.884557309e-08
5536 1.883876656e-08
5537 1.883196372e-08
5538 1.882516457e-08
5539 1.881836909e-08
5540 1.88115773e-08
5541 1.880478918e-08
5542 1.879800473e-08
5543 1.879122395e-08
5544 1.878444685e-08
5545 1.87776734e-08
5546 1.877090363e-08
5547 1.876413751e-08
5548 1.875737505e-08
5549 1.875061624e-08
5550 1.874386109e-08
5551 1.873710959e-08
5552 1.873036173e-08
5553 1.872361752e-08
5554 1.871687695e-08
5555 1.871014002e-08
5556 1.870340672e-08
5557 1.869667706e-08
5558 1.868995104e-08
5559 1.868322864e-08
5560 1.867650986e-08
5561 1.866979471e-08
5562 1.866308319e-08
5563 1.865637528e-08
5564 1.864967098e-08
5565 1.86429703e-08
5566 1.863627323e-08
5567 1.862957977e-08
5568 1.862288991e-08
5569 1.861620366e-08
5570 1.8609521e-08
5571 1.860284195e-08
5572 1.859616648e-08
5573 1.858949462e-08
5574 1.858282634e-08
5575 1.857616164e-08
5576 1.856950054e-08
5577 1.856284301e-08
5578 1.855618907e-08
5579 1.85495387e-08
5580 1.854289191e-08
5581 1.853624869e-08
5582 1.852960903e-08
5583 1.852297295e-08
5584 1.851634043e-08
5585 1.850971147e-08
5586 1.850308607e-08
5587 1.849646423e-08
5588 1.848984594e-08
5589 1.84832312e-08
5590 1.847662001e-08
5591 1.847001237e-08
5592 1.846340827e-08
5593 1.845680771e-08
5594 1.845021069e-08
5595 1.844361721e-08
5596 1.843702726e-08
5597 1.843044085e-08
5598 1.842385796e-08
5599 1.84172786e-08
5600 1.841070276e-08
5601 1.840413044e-08
5602 1.839756164e-08
5603 1.839099636e-08
5604 1.838443459e-08
5605 1.837787634e-08
5606 1.837132159e-08
5607 1.836477035e-08
5608 1.835822261e-08
5609 1.835167837e-08
5610 1.834513763e-08
5611 1.833860039e-08
5612 1.833206664e-08
5613 1.832553638e-08
5614 1.831900961e-08
5615 1.831248633e-08
5616 1.830596653e-08
5617 1.829945021e-08
5618 1.829293737e-08
5619 1.828642801e-08
5620 1.827992212e-08
5621 1.82734197e-08
5622 1.826692075e-08
5623 1.826042527e-08
5624 1.825393325e-08
5625 1.824744469e-08
5626 1.82409596e-08
5627 1.823447796e-08
5628 1.822799977e-08
5629 1.822152503e-08
5630 1.821505375e-08
5631 1.820858591e-08
5632 1.820212151e-08
5633 1.819566056e-08
5634 1.818920304e-08
5635 1.818274897e-08
5636 1.817629832e-08
5637 1.816985111e-08
5638 1.816340733e-08
5639 1.815696698e-08
5640 1.815053005e-08
5641 1.814409654e-08
5642 1.813766646e-08
5643 1.813123979e-08
5644 1.812481653e-08
5645 1.811839669e-08
5646 1.811198026e-08
5647 1.810556724e-08
5648 1.809915762e-08
5649 1.809275141e-08
5650 1.808634859e-08
5651 1.807994918e-08
5652 1.807355316e-08
5653 1.806716053e-08
5654 1.80607713e-08
5655 1.805438545e-08
5656 1.804800299e-08
5657 1.804162391e-08
5658 1.803524822e-08
5659 1.80288759e-08
5660 1.802250696e-08
5661 1.80161414e-08
5662 1.80097792e-08
5663 1.800342038e-08
5664 1.799706492e-08
5665 1.799071283e-08
5666 1.79843641e-08
5667 1.797801873e-08
5668 1.797167672e-08
5669 1.796533806e-08
5670 1.795900276e-08
5671 1.79526708e-08
5672 1.79463422e-08
5673 1.794001694e-08
5674 1.793369502e-08
5675 1.792737645e-08
5676 1.792106121e-08
5677 1.791474931e-08
5678 1.790844075e-08
5679 1.790213551e-08
5680 1.789583361e-08
5681 1.788953503e-08
5682 1.788323978e-08
5683 1.787694785e-08
5684 1.787065924e-08
5685 1.786437394e-08
5686 1.785809197e-08
5687 1.78518133e-08
5688 1.784553795e-08
5689 1.78392659e-08
5690 1.783299716e-08
5691 1.782673173e-08
5692 1.782046959e-08
5693 1.781421076e-08
5694 1.780795522e-08
5695 1.780170297e-08
5696 1.779545402e-08
5697 1.778920836e-08
5698 1.778296598e-08
5699 1.777672689e-08
5700 1.777049109e-08
5701 1.776425856e-08
5702 1.775802931e-08
5703 1.775180334e-08
5704 1.774558064e-08
5705 1.773936122e-08
5706 1.773314506e-08
5707 1.772693217e-08
5708 1.772072254e-08
5709 1.771451617e-08
5710 1.770831307e-08
5711 1.770211322e-08
5712 1.769591663e-08
5713 1.768972329e-08
5714 1.76835332e-08
5715 1.767734637e-08
5716 1.767116277e-08
5717 1.766498242e-08
5718 1.765880532e-08
5719 1.765263145e-08
5720 1.764646082e-08
5721 1.764029342e-08
5722 1.763412926e-08
5723 1.762796833e-08
5724 1.762181062e-08
5725 1.761565614e-08
5726 1.760950489e-08
5727 1.760335686e-08
5728 1.759721204e-08
5729 1.759107044e-08
5730 1.758493206e-08
5731 1.757879689e-08
5732 1.757266493e-08
5733 1.756653618e-08
5734 1.756041063e-08
5735 1.755428829e-08
5736 1.754816915e-08
5737 1.75420532e-08
5738 1.753594046e-08
5739 1.752983091e-08
5740 1.752372455e-08
5741 1.751762138e-08
5742 1.75115214e-08
5743 1.75054246e-08
5744 1.749933099e-08
5745 1.749324056e-08
5746 1.748715331e-08
5747 1.748106923e-08
5748 1.747498833e-08
5749 1.74689106e-08
5750 1.746283604e-08
5751 1.745676465e-08
5752 1.745069643e-08
5753 1.744463137e-08
5754 1.743856947e-08
5755 1.743251073e-08
5756 1.742645515e-08
5757 1.742040272e-08
5758 1.741435344e-08
5759 1.740830732e-08
5760 1.740226434e-08
5761 1.739622451e-08
5762 1.739018782e-08
5763 1.738415427e-08
5764 1.737812387e-08
5765 1.73720966e-08
5766 1.736607246e-08
5767 1.736005146e-08
5768 1.735403359e-08
5769 1.734801885e-08
5770 1.734200724e-08
5771 1.733599874e-08
5772 1.732999338e-08
5773 1.732399113e-08
5774 1.7317992e-08
5775 1.731199598e-08
5776 1.730600308e-08
5777 1.730001329e-08
5778 1.729402661e-08
5779 1.728804303e-08
5780 1.728206256e-08
5781 1.727608519e-08
5782 1.727011093e-08
5783 1.726413976e-08
5784 1.725817169e-08
5785 1.725220671e-08
5786 1.724624482e-08
5787 1.724028603e-08
5788 1.723433032e-08
5789 1.72283777e-08
5790 1.722242816e-08
5791 1.72164817e-08
5792 1.721053832e-08
5793 1.720459802e-08
5794 1.71986608e-08
5795 1.719272664e-08
5796 1.718679556e-08
5797 1.718086754e-08
5798 1.71749426e-08
5799 1.716902071e-08
5800 1.716310189e-08
5801 1.715718613e-08
5802 1.715127343e-08
5803 1.714536378e-08
5804 1.713945719e-08
5805 1.713355365e-08
5806 1.712765315e-08
5807 1.712175571e-08
5808 1.711586131e-08
5809 1.710996996e-08
5810 1.710408164e-08
5811 1.709819637e-08
5812 1.709231413e-08
5813 1.708643492e-08
5814 1.708055875e-08
5815 1.707468561e-08
5816 1.70688155e-08
5817 1.706294842e-08
5818 1.705708436e-08
5819 1.705122332e-08
5820 1.70453653e-08
5821 1.70395103e-08
5822 1.703365832e-08
5823 1.702780935e-08
5824 1.70219634e-08
5825 1.701612045e-08
5826 1.701028051e-08
5827 1.700444358e-08
5828 1.699860965e-08
5829 1.699277872e-08
5830 1.69869508e-08
5831 1.698112587e-08
5832 1.697530393e-08
5833 1.696948499e-08
5834 1.696366904e-08
5835 1.695785609e-08
5836 1.695204611e-08
5837 1.694623913e-08
5838 1.694043512e-08
5839 1.69346341e-08
5840 1.692883606e-08
5841 1.692304099e-08
5842 1.69172489e-08
5843 1.691145978e-08
5844 1.690567364e-08
5845 1.689989046e-08
5846 1.689411025e-08
5847 1.6888333e-08
5848 1.688255872e-08
5849 1.68767874e-08
5850 1.687101904e-08
5851 1.686525363e-08
5852 1.685949118e-08
5853 1.685373168e-08
5854 1.684797513e-08
5855 1.684222154e-08
5856 1.683647088e-08
5857 1.683072318e-08
5858 1.682497841e-08
5859 1.681923659e-08
5860 1.681349771e-08
5861 1.680776176e-08
5862 1.680202874e-08
5863 1.679629866e-08
5864 1.679057151e-08
5865 1.678484729e-08
5866 1.6779126e-08
5867 1.677340763e-08
5868 1.676769218e-08
5869 1.676197966e-08
5870 1.675627005e-08
5871 1.675056336e-08
5872 1.674485958e-08
5873 1.673915872e-08
5874 1.673346077e-08
5875 1.672776572e-08
5876 1.672207359e-08
5877 1.671638436e-08
5878 1.671069803e-08
5879 1.67050146e-08
5880 1.669933407e-08
5881 1.669365644e-08
5882 1.66879817e-08
5883 1.668230986e-08
5884 1.667664091e-08
5885 1.667097484e-08
5886 1.666531167e-08
5887 1.665965138e-08
5888 1.665399397e-08
5889 1.664833944e-08
5890 1.66426878e-08
5891 1.663703903e-08
5892 1.663139313e-08
5893 1.662575011e-08
5894 1.662010996e-08
5895 1.661447268e-08
5896 1.660883827e-08
5897 1.660320672e-08
5898 1.659757804e-08
5899 1.659195222e-08
5900 1.658632926e-08
5901 1.658070916e-08
5902 1.657509191e-08
5903 1.656947752e-08
5904 1.656386598e-08
5905 1.655825728e-08
5906 1.655265144e-08
5907 1.654704845e-08
5908 1.654144829e-08
5909 1.653585099e-08
5910 1.653025652e-08
5911 1.652466489e-08
5912 1.651907609e-08
5913 1.651349013e-08
5914 1.650790701e-08
5915 1.650232671e-08
5916 1.649674925e-08
5917 1.649117461e-08
5918 1.64856028e-08
5919 1.648003381e-08
5920 1.647446764e-08
5921 1.646890429e-08
5922 1.646334376e-08
5923 1.645778604e-08
5924 1.645223114e-08
5925 1.644667905e-08
5926 1.644112977e-08
5927 1.64355833e-08
5928 1.643003963e-08
5929 1.642449877e-08
5930 1.641896071e-08
5931 1.641342545e-08
5932 1.640789299e-08
5933 1.640236333e-08
5934 1.639683646e-08
5935 1.639131239e-08
5936 1.63857911e-08
5937 1.638027261e-08
5938 1.63747569e-08
5939 1.636924398e-08
5940 1.636373384e-08
5941 1.635822648e-08
5942 1.635272191e-08
5943 1.634722011e-08
5944 1.634172108e-08
5945 1.633622484e-08
5946 1.633073136e-08
5947 1.632524065e-08
5948 1.631975272e-08
5949 1.631426755e-08
5950 1.630878514e-08
5951 1.63033055e-08
5952 1.629782862e-08
5953 1.62923545e-08
5954 1.628688313e-08
5955 1.628141452e-08
5956 1.627594867e-08
5957 1.627048557e-08
5958 1.626502521e-08
5959 1.625956761e-08
5960 1.625411275e-08
5961 1.624866064e-08
5962 1.624321127e-08
5963 1.623776464e-08
5964 1.623232075e-08
5965 1.622687959e-08
5966 1.622144118e-08
5967 1.621600549e-08
5968 1.621057254e-08
5969 1.620514232e-08
5970 1.619971482e-08
5971 1.619429005e-08
5972 1.618886801e-08
5973 1.618344869e-08
5974 1.617803209e-08
5975 1.617261821e-08
5976 1.616720704e-08
5977 1.616179859e-08
5978 1.615639286e-08
5979 1.615098983e-08
5980 1.614558952e-08
5981 1.614019191e-08
5982 1.613479701e-08
5983 1.612940482e-08
5984 1.612401532e-08
5985 1.611862853e-08
5986 1.611324444e-08
5987 1.610786304e-08
5988 1.610248434e-08
5989 1.609710834e-08
5990 1.609173502e-08
5991 1.60863644e-08
5992 1.608099646e-08
5993 1.607563121e-08
5994 1.607026864e-08
5995 1.606490876e-08
5996 1.605955156e-08
5997 1.605419704e-08
5998 1.604884519e-08
5999 1.604349602e-08
6000 1.603814953e-08
6001 1.60328057e-08
6002 1.602746455e-08
6003 1.602212607e-08
6004 1.601679025e-08
6005 1.60114571e-08
6006 1.600612661e-08
6007 1.600079878e-08
6008 1.599547361e-08
6009 1.59901511e-08
6010 1.598483125e-08
6011 1.597951405e-08
6012 1.59741995e-08
6013 1.59688876e-08
6014 1.596357836e-08
6015 1.595827176e-08
6016 1.59529678e-08
6017 1.594766649e-08
6018 1.594236783e-08
6019 1.59370718e-08
6020 1.593177841e-08
6021 1.592648766e-08
6022 1.592119954e-08
6023 1.591591406e-08
6024 1.59106312e-08
6025 1.590535098e-08
6026 1.590007339e-08
6027 1.589479842e-08
6028 1.588952607e-08
6029 1.588425635e-08
6030 1.587898925e-08
6031 1.587372477e-08
6032 1.586846291e-08
6033 1.586320366e-08
6034 1.585794703e-08
6035 1.585269301e-08
6036 1.58474416e-08
6037 1.58421928e-08
6038 1.583694661e-08
6039 1.583170302e-08
6040 1.582646203e-08
6041 1.582122365e-08
6042 1.581598787e-08
6043 1.581075469e-08
6044 1.58055241e-08
6045 1.580029611e-08
6046 1.579507071e-08
6047 1.578984791e-08
6048 1.578462769e-08
6049 1.577941006e-08
6050 1.577419502e-08
6051 1.576898257e-08
6052 1.576377269e-08
6053 1.57585654e-08
6054 1.575336069e-08
6055 1.574815856e-08
6056 1.5742959e-08
6057 1.573776202e-08
6058 1.573256761e-08
6059 1.572737577e-08
6060 1.57221865e-08
6061 1.57169998e-08
6062 1.571181567e-08
6063 1.57066341e-08
6064 1.570145509e-08
6065 1.569627864e-08
6066 1.569110476e-08
6067 1.568593343e-08
6068 1.568076465e-08
6069 1.567559844e-08
6070 1.567043477e-08
6071 1.566527366e-08
6072 1.566011509e-08
6073 1.565495907e-08
6074 1.56498056e-08
6075 1.564465467e-08
6076 1.563950629e-08
6077 1.563436044e-08
6078 1.562921714e-08
6079 1.562407637e-08
6080 1.561893814e-08
6081 1.561380244e-08
6082 1.560866928e-08
6083 1.560353865e-08
6084 1.559841054e-08
6085 1.559328497e-08
6086 1.558816192e-08
6087 1.558304139e-08
6088 1.557792339e-08
6089 1.55728079e-08
6090 1.556769494e-08
6091 1.556258449e-08
6092 1.555747656e-08
6093 1.555237115e-08
6094 1.554726825e-08
6095 1.554216786e-08
6096 1.553706997e-08
6097 1.55319746e-08
6098 1.552688173e-08
6099 1.552179137e-08
6100 1.551670351e-08
6101 1.551161815e-08
6102 1.550653529e-08
6103 1.550145493e-08
6104 1.549637706e-08
6105 1.549130169e-08
6106 1.548622881e-08
6107 1.548115842e-08
6108 1.547609053e-08
6109 1.547102512e-08
6110 1.54659622e-08
6111 1.546090176e-08
6112 1.54558438e-08
6113 1.545078833e-08
6114 1.544573534e-08
6115 1.544068482e-08
6116 1.543563679e-08
6117 1.543059122e-08
6118 1.542554814e-08
6119 1.542050752e-08
6120 1.541546937e-08
6121 1.541043369e-08
6122 1.540540048e-08
6123 1.540036974e-08
6124 1.539534146e-08
6125 1.539031564e-08
6126 1.538529228e-08
6127 1.538027138e-08
6128 1.537525294e-08
6129 1.537023695e-08
6130 1.536522342e-08
6131 1.536021234e-08
6132 1.535520371e-08
6133 1.535019753e-08
6134 1.53451938e-08
6135 1.534019251e-08
6136 1.533519367e-08
6137 1.533019727e-08
6138 1.532520332e-08
6139 1.53202118e-08
6140 1.531522272e-08
6141 1.531023608e-08
6142 1.530525187e-08
6143 1.53002701e-08
6144 1.529529076e-08
6145 1.529031385e-08
6146 1.528533937e-08
6147 1.528036731e-08
6148 1.527539768e-08
6149 1.527043048e-08
6150 1.52654657e-08
6151 1.526050333e-08
6152 1.525554339e-08
6153 1.525058587e-08
6154 1.524563076e-08
6155 1.524067806e-08
6156 1.523572778e-08
6157 1.523077991e-08
6158 1.522583445e-08
6159 1.52208914e-08
6160 1.521595076e-08
6161 1.521101252e-08
6162 1.520607668e-08
6163 1.520114325e-08
6164 1.519621221e-08
6165 1.519128358e-08
6166 1.518635734e-08
6167 1.51814335e-08
6168 1.517651206e-08
6169 1.5171593e-08
6170 1.516667634e-08
6171 1.516176206e-08
6172 1.515685018e-08
6173 1.515194068e-08
6174 1.514703357e-08
6175 1.514212884e-08
6176 1.513722649e-08
6177 1.513232652e-08
6178 1.512742893e-08
6179 1.512253372e-08
6180 1.511764088e-08
6181 1.511275042e-08
6182 1.510786233e-08
6183 1.510297661e-08
6184 1.509809326e-08
6185 1.509321228e-08
6186 1.508833367e-08
6187 1.508345742e-08
6188 1.507858353e-08
6189 1.507371201e-08
6190 1.506884285e-08
6191 1.506397604e-08
6192 1.50591116e-08
6193 1.505424951e-08
6194 1.504938977e-08
6195 1.504453239e-08
6196 1.503967735e-08
6197 1.503482467e-08
6198 1.502997434e-08
6199 1.502512635e-08
6200 1.50202807e-08
6201 1.501543741e-08
6202 1.501059645e-08
6203 1.500575783e-08
6204 1.500092156e-08
6205 1.499608762e-08
6206 1.499125601e-08
6207 1.498642675e-08
6208 1.498159981e-08
6209 1.497677521e-08
6210 1.497195293e-08
6211 1.496713299e-08
6212 1.496231537e-08
6213 1.495750008e-08
6214 1.495268711e-08
6215 1.494787647e-08
6216 1.494306814e-08
6217 1.493826214e-08
6218 1.493345845e-08
6219 1.492865709e-08
6220 1.492385803e-08
6221 1.491906129e-08
6222 1.491426686e-08
6223 1.490947475e-08
6224 1.490468494e-08
6225 1.489989744e-08
6226 1.489511224e-08
6227 1.489032936e-08
6228 1.488554877e-08
6229 1.488077049e-08
6230 1.48759945e-08
6231 1.487122082e-08
6232 1.486644943e-08
6233 1.486168034e-08
6234 1.485691354e-08
6235 1.485214904e-08
6236 1.484738683e-08
6237 1.484262691e-08
6238 1.483786927e-08
6239 1.483311393e-08
6240 1.482836087e-08
6241 1.482361009e-08
6242 1.48188616e-08
6243 1.481411538e-08
6244 1.480937145e-08
6245 1.48046298e-08
6246 1.479989042e-08
6247 1.479515332e-08
6248 1.479041849e-08
6249 1.478568593e-08
6250 1.478095565e-08
6251 1.477622764e-08
6252 1.477150189e-08
6253 1.476677841e-08
6254 1.476205719e-08
6255 1.475733824e-08
6256 1.475262156e-08
6257 1.474790713e-08
6258 1.474319496e-08
6259 1.473848505e-08
6260 1.47337774e-08
6261 1.4729072e-08
6262 1.472436886e-08
6263 1.471966796e-08
6264 1.471496932e-08
6265 1.471027293e-08
6266 1.470557879e-08
6267 1.470088689e-08
6268 1.469619724e-08
6269 1.469150983e-08
6270 1.468682466e-08
6271 1.468214174e-08
6272 1.467746105e-08
6273 1.46727826e-08
6274 1.466810639e-08
6275 1.466343242e-08
6276 1.465876067e-08
6277 1.465409116e-08
6278 1.464942388e-08
6279 1.464475883e-08
6280 1.464009601e-08
6281 1.463543542e-08
6282 1.463077705e-08
6283 1.46261209e-08
6284 1.462146697e-08
6285 1.461681527e-08
6286 1.461216579e-08
6287 1.460751852e-08
6288 1.460287347e-08
6289 1.459823064e-08
6290 1.459359002e-08
6291 1.458895161e-08
6292 1.458431541e-08
6293 1.457968143e-08
6294 1.457504965e-08
6295 1.457042008e-08
6296 1.456579271e-08
6297 1.456116755e-08
6298 1.455654459e-08
6299 1.455192383e-08
6300 1.454730527e-08
6301 1.454268891e-08
6302 1.453807475e-08
6303 1.453346278e-08
6304 1.452885301e-08
6305 1.452424543e-08
6306 1.451964004e-08
6307 1.451503684e-08
6308 1.451043583e-08
6309 1.450583701e-08
6310 1.450124037e-08
6311 1.449664592e-08
6312 1.449205365e-08
6313 1.448746356e-08
6314 1.448287565e-08
6315 1.447828992e-08
6316 1.447370637e-08
6317 1.4469125e-08
6318 1.44645458e-08
6319 1.445996878e-08
6320 1.445539392e-08
6321 1.445082124e-08
6322 1.444625072e-08
6323 1.444168238e-08
6324 1.44371162e-08
6325 1.443255219e-08
6326 1.442799034e-08
6327 1.442343065e-08
6328 1.441887312e-08
6329 1.441431776e-08
6330 1.440976455e-08
6331 1.44052135e-08
6332 1.44006646e-08
6333 1.439611786e-08
6334 1.439157328e-08
6335 1.438703084e-08
6336 1.438249055e-08
6337 1.437795242e-08
6338 1.437341643e-08
6339 1.436888258e-08
6340 1.436435089e-08
6341 1.435982133e-08
6342 1.435529392e-08
6343 1.435076865e-08
6344 1.434624551e-08
6345 1.434172452e-08
6346 1.433720566e-08
6347 1.433268894e-08
6348 1.432817435e-08
6349 1.43236619e-08
6350 1.431915157e-08
6351 1.431464338e-08
6352 1.431013731e-08
6353 1.430563337e-08
6354 1.430113156e-08
6355 1.429663187e-08
6356 1.429213431e-08
6357 1.428763887e-08
6358 1.428314555e-08
6359 1.427865435e-08
6360 1.427416526e-08
6361 1.426967829e-08
6362 1.426519344e-08
6363 1.42607107e-08
6364 1.425623008e-08
6365 1.425175156e-08
6366 1.424727516e-08
6367 1.424280086e-08
6368 1.423832868e-08
6369 1.423385859e-08
6370 1.422939062e-08
6371 1.422492474e-08
6372 1.422046097e-08
6373 1.42159993e-08
6374 1.421153973e-08
6375 1.420708226e-08
6376 1.420262688e-08
6377 1.41981736e-08
6378 1.419372241e-08
6379 1.418927332e-08
6380 1.418482631e-08
6381 1.41803814e-08
6382 1.417593858e-08
6383 1.417149784e-08
6384 1.416705919e-08
6385 1.416262263e-08
6386 1.415818815e-08
6387 1.415375575e-08
6388 1.414932543e-08
6389 1.41448972e-08
6390 1.414047104e-08
6391 1.413604696e-08
6392 1.413162495e-08
6393 1.412720502e-08
6394 1.412278716e-08
6395 1.411837137e-08
6396 1.411395766e-08
6397 1.410954601e-08
6398 1.410513644e-08
6399 1.410072893e-08
6400 1.409632348e-08
6401 1.40919201e-08
6402 1.408751878e-08
6403 1.408311953e-08
6404 1.407872233e-08
6405 1.407432719e-08
6406 1.406993411e-08
6407 1.406554309e-08
6408 1.406115412e-08
6409 1.405676721e-08
6410 1.405238235e-08
6411 1.404799954e-08
6412 1.404361878e-08
6413 1.403924007e-08
6414 1.403486341e-08
6415 1.403048879e-08
6416 1.402611622e-08
6417 1.402174569e-08
6418 1.401737721e-08
6419 1.401301076e-08
6420 1.400864636e-08
6421 1.400428399e-08
6422 1.399992366e-08
6423 1.399556537e-08
6424 1.399120912e-08
6425 1.398685489e-08
6426 1.39825027e-08
6427 1.397815254e-08
6428 1.397380441e-08
6429 1.396945831e-08
6430 1.396511423e-08
6431 1.396077218e-08
6432 1.395643216e-08
6433 1.395209416e-08
6434 1.394775818e-08
6435 1.394342422e-08
6436 1.393909229e-08
6437 1.393476237e-08
6438 1.393043447e-08
6439 1.392610858e-08
6440 1.392178471e-08
6441 1.391746285e-08
6442 1.391314301e-08
6443 1.390882517e-08
6444 1.390450935e-08
6445 1.390019553e-08
6446 1.389588372e-08
6447 1.389157392e-08
6448 1.388726612e-08
6449 1.388296032e-08
6450 1.387865653e-08
6451 1.387435474e-08
6452 1.387005494e-08
6453 1.386575715e-08
6454 1.386146135e-08
6455 1.385716755e-08
6456 1.385287575e-08
6457 1.384858594e-08
6458 1.384429812e-08
6459 1.384001229e-08
6460 1.383572845e-08
6461 1.38314466e-08
6462 1.382716674e-08
6463 1.382288886e-08
6464 1.381861297e-08
6465 1.381433906e-08
6466 1.381006713e-08
6467 1.380579719e-08
6468 1.380152923e-08
6469 1.379726324e-08
6470 1.379299923e-08
6471 1.37887372e-08
6472 1.378447715e-08
6473 1.378021906e-08
6474 1.377596295e-08
6475 1.377170882e-08
6476 1.376745665e-08
6477 1.376320645e-08
6478 1.375895822e-08
6479 1.375471195e-08
6480 1.375046765e-08
6481 1.374622532e-08
6482 1.374198495e-08
6483 1.373774654e-08
6484 1.373351009e-08
6485 1.37292756e-08
6486 1.372504307e-08
6487 1.372081249e-08
6488 1.371658387e-08
6489 1.371235721e-08
6490 1.37081325e-08
6491 1.370390974e-08
6492 1.369968893e-08
6493 1.369547007e-08
6494 1.369125316e-08
6495 1.36870382e-08
6496 1.368282518e-08
6497 1.367861411e-08
6498 1.367440498e-08
6499 1.367019779e-08
6500 1.366599255e-08
6501 1.366178925e-08
6502 1.365758788e-08
6503 1.365338845e-08
6504 1.364919096e-08
6505 1.364499541e-08
6506 1.364080179e-08
6507 1.36366101e-08
6508 1.363242034e-08
6509 1.362823251e-08
6510 1.362404662e-08
6511 1.361986265e-08
6512 1.361568061e-08
6513 1.361150049e-08
6514 1.36073223e-08
6515 1.360314604e-08
6516 1.359897169e-08
6517 1.359479927e-08
6518 1.359062876e-08
6519 1.358646018e-08
6520 1.358229351e-08
6521 1.357812876e-08
6522 1.357396593e-08
6523 1.3569805e-08
6524 1.3565646e-08
6525 1.35614889e-08
6526 1.355733371e-08
6527 1.355318044e-08
6528 1.354902907e-08
6529 1.354487961e-08
6530 1.354073205e-08
6531 1.35365864e-08
6532 1.353244265e-08
6533 1.352830081e-08
6534 1.352416086e-08
6535 1.352002282e-08
6536 1.351588668e-08
6537 1.351175243e-08
6538 1.350762008e-08
6539 1.350348962e-08
6540 1.349936106e-08
6541 1.34952344e-08
6542 1.349110962e-08
6543 1.348698674e-08
6544 1.348286574e-08
6545 1.347874663e-08
6546 1.347462941e-08
6547 1.347051408e-08
6548 1.346640063e-08
6549 1.346228907e-08
6550 1.345817939e-08
6551 1.345407159e-08
6552 1.344996567e-08
6553 1.344586163e-08
6554 1.344175947e-08
6555 1.343765918e-08
6556 1.343356077e-08
6557 1.342946424e-08
6558 1.342536958e-08
6559 1.342127679e-08
6560 1.341718587e-08
6561 1.341309682e-08
6562 1.340900965e-08
6563 1.340492434e-08
6564 1.340084089e-08
6565 1.339675931e-08
6566 1.33926796e-08
6567 1.338860175e-08
6568 1.338452576e-08
6569 1.338045164e-08
6570 1.337637937e-08
6571 1.337230896e-08
6572 1.336824041e-08
6573 1.336417372e-08
6574 1.336010888e-08
6575 1.335604589e-08
6576 1.335198476e-08
6577 1.334792548e-08
6578 1.334386805e-08
6579 1.333981247e-08
6580 1.333575874e-08
6581 1.333170686e-08
6582 1.332765683e-08
6583 1.332360863e-08
6584 1.331956229e-08
6585 1.331551778e-08
6586 1.331147512e-08
6587 1.33074343e-08
6588 1.330339532e-08
6589 1.329935818e-08
6590 1.329532287e-08
6591 1.32912894e-08
6592 1.328725777e-08
6593 1.328322797e-08
6594 1.32792e-08
6595 1.327517387e-08
6596 1.327114956e-08
6597 1.326712709e-08
6598 1.326310644e-08
6599 1.325908762e-08
6600 1.325507063e-08
6601 1.325105546e-08
6602 1.324704212e-08
6603 1.32430306e-08
6604 1.32390209e-08
6605 1.323501302e-08
6606 1.323100697e-08
6607 1.322700273e-08
6608 1.322300031e-08
6609 1.32189997e-08
6610 1.321500091e-08
6611 1.321100393e-08
6612 1.320700877e-08
6613 1.320301542e-08
6614 1.319902388e-08
6615 1.319503415e-08
6616 1.319104623e-08
6617 1.318706012e-08
6618 1.318307581e-08
6619 1.317909331e-08
6620 1.317511261e-08
6621 1.317113372e-08
6622 1.316715663e-08
6623 1.316318134e-08
6624 1.315920784e-08
6625 1.315523615e-08
6626 1.315126626e-08
6627 1.314729816e-08
6628 1.314333186e-08
6629 1.313936735e-08
6630 1.313540464e-08
6631 1.313144372e-08
6632 1.312748459e-08
6633 1.312352725e-08
6634 1.31195717e-08
6635 1.311561794e-08
6636 1.311166596e-08
6637 1.310771577e-08
6638 1.310376737e-08
6639 1.309982075e-08
6640 1.309587591e-08
6641 1.309193285e-08
6642 1.308799158e-08
6643 1.308405208e-08
6644 1.308011436e-08
6645 1.307617842e-08
6646 1.307224426e-08
6647 1.306831187e-08
6648 1.306438125e-08
6649 1.306045241e-08
6650 1.305652534e-08
6651 1.305260004e-08
6652 1.304867651e-08
6653 1.304475475e-08
6654 1.304083476e-08
6655 1.303691654e-08
6656 1.303300008e-08
6657 1.302908538e-08
6658 1.302517245e-08
6659 1.302126128e-08
6660 1.301735187e-08
6661 1.301344422e-08
6662 1.300953833e-08
6663 1.30056342e-08
6664 1.300173183e-08
6665 1.299783121e-08
6666 1.299393235e-08
6667 1.299003524e-08
6668 1.298613989e-08
6669 1.298224629e-08
6670 1.297835443e-08
6671 1.297446433e-08
6672 1.297057598e-08
6673 1.296668937e-08
6674 1.296280451e-08
6675 1.29589214e-08
6676 1.295504003e-08
6677 1.29511604e-08
6678 1.294728252e-08
6679 1.294340638e-08
6680 1.293953198e-08
6681 1.293565932e-08
6682 1.293178839e-08
6683 1.292791921e-08
6684 1.292405176e-08
6685 1.292018604e-08
6686 1.291632206e-08
6687 1.291245981e-08
6688 1.29085993e-08
6689 1.290474051e-08
6690 1.290088346e-08
6691 1.289702813e-08
6692 1.289317453e-08
6693 1.288932266e-08
6694 1.288547252e-08
6695 1.28816241e-08
6696 1.28777774e-08
6697 1.287393243e-08
6698 1.287008918e-08
6699 1.286624765e-08
6700 1.286240783e-08
6701 1.285856974e-08
6702 1.285473337e-08
6703 1.285089871e-08
6704 1.284706577e-08
6705 1.284323454e-08
6706 1.283940502e-08
6707 1.283557722e-08
6708 1.283175113e-08
6709 1.282792675e-08
6710 1.282410408e-08
6711 1.282028312e-08
6712 1.281646386e-08
6713 1.281264631e-08
6714 1.280883047e-08
6715 1.280501633e-08
6716 1.28012039e-08
6717 1.279739317e-08
6718 1.279358413e-08
6719 1.27897768e-08
6720 1.278597117e-08
6721 1.278216724e-08
6722 1.2778365e-08
6723 1.277456446e-08
6724 1.277076562e-08
6725 1.276696847e-08
6726 1.276317301e-08
6727 1.275937925e-08
6728 1.275558717e-08
6729 1.275179679e-08
6730 1.27480081e-08
6731 1.274422109e-08
6732 1.274043577e-08
6733 1.273665214e-08
6734 1.273287019e-08
6735 1.272908993e-08
6736 1.272531135e-08
6737 1.272153445e-08
6738 1.271775924e-08
6739 1.27139857e-08
6740 1.271021384e-08
6741 1.270644367e-08
6742 1.270267516e-08
6743 1.269890834e-08
6744 1.269514319e-08
6745 1.269137971e-08
6746 1.268761791e-08
6747 1.268385778e-08
6748 1.268009932e-08
6749 1.267634254e-08
6750 1.267258742e-08
6751 1.266883397e-08
6752 1.266508218e-08
6753 1.266133207e-08
6754 1.265758362e-08
6755 1.265383683e-08
6756 1.26500917e-08
6757 1.264634824e-08
6758 1.264260644e-08
6759 1.26388663e-08
6760 1.263512782e-08
6761 1.2631391e-08
6762 1.262765584e-08
6763 1.262392233e-08
6764 1.262019048e-08
6765 1.261646028e-08
6766 1.261273174e-08
6767 1.260900485e-08
6768 1.260527961e-08
6769 1.260155602e-08
6770 1.259783408e-08
6771 1.259411379e-08
6772 1.259039514e-08
6773 1.258667815e-08
6774 1.25829628e-08
6775 1.257924909e-08
6776 1.257553703e-08
6777 1.257182661e-08
6778 1.256811784e-08
6779 1.25644107e-08
6780 1.25607052e-08
6781 1.255700135e-08
6782 1.255329913e-08
6783 1.254959855e-08
6784 1.25458996e-08
6785 1.254220229e-08
6786 1.253850661e-08
6787 1.253481257e-08
6788 1.253112016e-08
6789 1.252742938e-08
6790 1.252374023e-08
6791 1.252005271e-08
6792 1.251636682e-08
6793 1.251268255e-08
6794 1.250899991e-08
6795 1.25053189e-08
6796 1.250163952e-08
6797 1.249796175e-08
6798 1.249428561e-08
6799 1.249061109e-08
6800 1.248693819e-08
6801 1.248326691e-08
6802 1.247959725e-08
6803 1.247592921e-08
6804 1.247226278e-08
6805 1.246859797e-08
6806 1.246493478e-08
6807 1.24612732e-08
6808 1.245761323e-08
6809 1.245395488e-08
6810 1.245029813e-08
6811 1.2446643e-08
6812 1.244298948e-08
6813 1.243933756e-08
6814 1.243568725e-08
6815 1.243203855e-08
6816 1.242839146e-08
6817 1.242474596e-08
6818 1.242110208e-08
6819 1.241745979e-08
6820 1.241381911e-08
6821 1.241018003e-08
6822 1.240654254e-08
6823 1.240290666e-08
6824 1.239927238e-08
6825 1.239563969e-08
6826 1.23920086e-08
6827 1.23883791e-08
6828 1.23847512e-08
6829 1.238112489e-08
6830 1.237750017e-08
6831 1.237387705e-08
6832 1.237025551e-08
6833 1.236663557e-08
6834 1.236301721e-08
6835 1.235940044e-08
6836 1.235578526e-08
6837 1.235217167e-08
6838 1.234855966e-08
6839 1.234494923e-08
6840 1.234134039e-08
6841 1.233773313e-08
6842 1.233412745e-08
6843 1.233052335e-08
6844 1.232692083e-08
6845 1.232331989e-08
6846 1.231972053e-08
6847 1.231612274e-08
6848 1.231252653e-08
6849 1.230893189e-08
6850 1.230533883e-08
6851 1.230174734e-08
6852 1.229815743e-08
6853 1.229456908e-08
6854 1.229098231e-08
6855 1.22873971e-08
6856 1.228381346e-08
6857 1.228023139e-08
6858 1.227665089e-08
6859 1.227307195e-08
6860 1.226949458e-08
6861 1.226591877e-08
6862 1.226234452e-08
6863 1.225877184e-08
6864 1.225520072e-08
6865 1.225163115e-08
6866 1.224806315e-08
6867 1.224449671e-08
6868 1.224093182e-08
6869 1.223736849e-08
6870 1.223380671e-08
6871 1.223024649e-08
6872 1.222668783e-08
6873 1.222313071e-08
6874 1.221957515e-08
6875 1.221602114e-08
6876 1.221246868e-08
6877 1.220891777e-08
6878 1.220536841e-08
6879 1.22018206e-08
6880 1.219827433e-08
6881 1.219472961e-08
6882 1.219118643e-08
6883 1.21876448e-08
6884 1.218410471e-08
6885 1.218056616e-08
6886 1.217702915e-08
6887 1.217349369e-08
6888 1.216995976e-08
6889 1.216642737e-08
6890 1.216289652e-08
6891 1.215936721e-08
6892 1.215583943e-08
6893 1.215231319e-08
6894 1.214878848e-08
6895 1.21452653e-08
6896 1.214174366e-08
6897 1.213822355e-08
6898 1.213470497e-08
6899 1.213118792e-08
6900 1.21276724e-08
6901 1.21241584e-08
6902 1.212064594e-08
6903 1.211713499e-08
6904 1.211362558e-08
6905 1.211011769e-08
6906 1.210661132e-08
6907 1.210310647e-08
6908 1.209960315e-08
6909 1.209610135e-08
6910 1.209260107e-08
6911 1.20891023e-08
6912 1.208560506e-08
6913 1.208210933e-08
6914 1.207861512e-08
6915 1.207512242e-08
6916 1.207163124e-08
6917 1.206814157e-08
6918 1.206465342e-08
6919 1.206116678e-08
6920 1.205768165e-08
6921 1.205419803e-08
6922 1.205071592e-08
6923 1.204723531e-08
6924 1.204375622e-08
6925 1.204027863e-08
6926 1.203680255e-08
6927 1.203332797e-08
6928 1.20298549e-08
6929 1.202638333e-08
6930 1.202291326e-08
6931 1.20194447e-08
6932 1.201597763e-08
6933 1.201251207e-08
6934 1.200904801e-08
6935 1.200558544e-08
6936 1.200212437e-08
6937 1.19986648e-08
6938 1.199520672e-08
6939 1.199175013e-08
6940 1.198829505e-08
6941 1.198484145e-08
6942 1.198138935e-08
6943 1.197793873e-08
6944 1.197448961e-08
6945 1.197104198e-08
6946 1.196759584e-08
6947 1.196415118e-08
6948 1.196070801e-08
6949 1.195726633e-08
6950 1.195382613e-08
6951 1.195038742e-08
6952 1.194695019e-08
6953 1.194351444e-08
6954 1.194008018e-08
6955 1.193664739e-08
6956 1.193321609e-08
6957 1.192978626e-08
6958 1.192635792e-08
6959 1.192293105e-08
6960 1.191950566e-08
6961 1.191608174e-08
6962 1.19126593e-08
6963 1.190923834e-08
6964 1.190581885e-08
6965 1.190240082e-08
6966 1.189898428e-08
6967 1.18955692e-08
6968 1.189215559e-08
6969 1.188874345e-08
6970 1.188533278e-08
6971 1.188192358e-08
6972 1.187851584e-08
6973 1.187510957e-08
6974 1.187170477e-08
6975 1.186830143e-08
6976 1.186489955e-08
6977 1.186149913e-08
6978 1.185810018e-08
6979 1.185470269e-08
6980 1.185130665e-08
6981 1.184791208e-08
6982 1.184451896e-08
6983 1.184112731e-08
6984 1.18377371e-08
6985 1.183434836e-08
6986 1.183096107e-08
6987 1.182757523e-08
6988 1.182419085e-08
6989 1.182080791e-08
6990 1.181742644e-08
6991 1.181404641e-08
6992 1.181066783e-08
6993 1.18072907e-08
6994 1.180391502e-08
6995 1.180054078e-08
6996 1.179716799e-08
6997 1.179379665e-08
6998 1.179042675e-08
6999 1.17870583e-08
7000 1.178369129e-08
7001 1.178032573e-08
7002 1.17769616e-08
7003 1.177359892e-08
7004 1.177023767e-08
7005 1.176687787e-08
7006 1.17635195e-08
7007 1.176016257e-08
7008 1.175680708e-08
7009 1.175345302e-08
7010 1.17501004e-08
7011 1.174674921e-08
7012 1.174339946e-08
7013 1.174005114e-08
7014 1.173670425e-08
7015 1.173335879e-08
7016 1.173001476e-08
7017 1.172667216e-08
7018 1.172333099e-08
7019 1.171999125e-08
7020 1.171665293e-08
7021 1.171331605e-08
7022 1.170998058e-08
7023 1.170664654e-08
7024 1.170331393e-08
7025 1.169998273e-08
7026 1.169665296e-08
7027 1.169332461e-08
7028 1.168999768e-08
7029 1.168667217e-08
7030 1.168334808e-08
7031 1.168002541e-08
7032 1.167670415e-08
7033 1.167338431e-08
7034 1.167006589e-08
7035 1.166674888e-08
7036 1.166343329e-08
7037 1.166011911e-08
7038 1.165680634e-08
7039 1.165349498e-08
7040 1.165018503e-08
7041 1.16468765e-08
7042 1.164356937e-08
7043 1.164026365e-08
7044 1.163695934e-08
7045 1.163365643e-08
7046 1.163035493e-08
7047 1.162705484e-08
7048 1.162375615e-08
7049 1.162045887e-08
7050 1.161716298e-08
7051 1.16138685e-08
7052 1.161057542e-08
7053 1.160728374e-08
7054 1.160399346e-08
7055 1.160070458e-08
7056 1.15974171e-08
7057 1.159413102e-08
7058 1.159084633e-08
7059 1.158756303e-08
7060 1.158428113e-08
7061 1.158100063e-08
7062 1.157772152e-08
7063 1.15744438e-08
7064 1.157116747e-08
7065 1.156789254e-08
7066 1.156461899e-08
7067 1.156134684e-08
7068 1.155807607e-08
7069 1.155480669e-08
7070 1.155153869e-08
7071 1.154827209e-08
7072 1.154500687e-08
7073 1.154174303e-08
7074 1.153848058e-08
7075 1.153521951e-08
7076 1.153195982e-08
7077 1.152870151e-08
7078 1.152544459e-08
7079 1.152218904e-08
7080 1.151893488e-08
7081 1.151568209e-08
7082 1.151243068e-08
7083 1.150918064e-08
7084 1.150593199e-08
7085 1.150268471e-08
7086 1.14994388e-08
7087 1.149619426e-08
7088 1.14929511e-08
7089 1.148970931e-08
7090 1.14864689e-08
7091 1.148322985e-08
7092 1.147999217e-08
7093 1.147675587e-08
7094 1.147352093e-08
7095 1.147028736e-08
7096 1.146705515e-08
7097 1.146382431e-08
7098 1.146059484e-08
7099 1.145736673e-08
7100 1.145413998e-08
7101 1.14509146e-08
7102 1.144769058e-08
7103 1.144446792e-08
7104 1.144124662e-08
7105 1.143802668e-08
7106 1.14348081e-08
7107 1.143159088e-08
7108 1.142837502e-08
7109 1.142516051e-08
7110 1.142194736e-08
7111 1.141873557e-08
7112 1.141552513e-08
7113 1.141231604e-08
7114 1.140910831e-08
7115 1.140590192e-08
7116 1.140269689e-08
7117 1.139949321e-08
7118 1.139629088e-08
7119 1.13930899e-08
7120 1.138989027e-08
7121 1.138669199e-08
7122 1.138349505e-08
7123 1.138029946e-08
7124 1.137710521e-08
7125 1.137391231e-08
7126 1.137072075e-08
7127 1.136753054e-08
7128 1.136434167e-08
7129 1.136115414e-08
7130 1.135796795e-08
7131 1.13547831e-08
7132 1.135159959e-08
7133 1.134841742e-08
7134 1.134523659e-08
7135 1.134205709e-08
7136 1.133887893e-08
7137 1.133570211e-08
7138 1.133252662e-08
7139 1.132935246e-08
7140 1.132617964e-08
7141 1.132300815e-08
7142 1.1319838e-08
7143 1.131666917e-08
7144 1.131350167e-08
7145 1.131033551e-08
7146 1.130717067e-08
7147 1.130400716e-08
7148 1.130084498e-08
7149 1.129768413e-08
7150 1.12945246e-08
7151 1.12913664e-08
7152 1.128820952e-08
7153 1.128505396e-08
7154 1.128189973e-08
7155 1.127874682e-08
7156 1.127559523e-08
7157 1.127244496e-08
7158 1.126929602e-08
7159 1.126614839e-08
7160 1.126300208e-08
7161 1.125985709e-08
7162 1.125671341e-08
7163 1.125357105e-08
7164 1.125043001e-08
7165 1.124729028e-08
7166 1.124415187e-08
7167 1.124101477e-08
7168 1.123787898e-08
7169 1.123474451e-08
7170 1.123161134e-08
7171 1.122847949e-08
7172 1.122534894e-08
7173 1.122221971e-08
7174 1.121909178e-08
7175 1.121596516e-08
7176 1.121283985e-08
7177 1.120971584e-08
7178 1.120659314e-08
7179 1.120347175e-08
7180 1.120035165e-08
7181 1.119723286e-08
7182 1.119411538e-08
7183 1.119099919e-08
7184 1.118788431e-08
7185 1.118477072e-08
7186 1.118165844e-08
7187 1.117854746e-08
7188 1.117543777e-08
7189 1.117232938e-08
7190 1.116922229e-08
7191 1.116611649e-08
7192 1.116301199e-08
7193 1.115990878e-08
7194 1.115680687e-08
7195 1.115370625e-08
7196 1.115060692e-08
7197 1.114750888e-08
7198 1.114441214e-08
7199 1.114131668e-08
7200 1.113822252e-08
7201 1.113512964e-08
7202 1.113203805e-08
7203 1.112894775e-08
7204 1.112585874e-08
7205 1.112277101e-08
7206 1.111968456e-08
7207 1.11165994e-08
7208 1.111351553e-08
7209 1.111043294e-08
7210 1.110735163e-08
7211 1.11042716e-08
7212 1.110119285e-08
7213 1.109811538e-08
7214 1.10950392e-08
7215 1.109196429e-08
7216 1.108889066e-08
7217 1.10858183e-08
7218 1.108274723e-08
7219 1.107967743e-08
7220 1.10766089e-08
7221 1.107354165e-08
7222 1.107047567e-08
7223 1.106741097e-08
7224 1.106434754e-08
7225 1.106128538e-08
7226 1.105822449e-08
7227 1.105516487e-08
7228 1.105210653e-08
7229 1.104904945e-08
7230 1.104599364e-08
7231 1.104293909e-08
7232 1.103988581e-08
7233 1.10368338e-08
7234 1.103378306e-08
7235 1.103073358e-08
7236 1.102768536e-08
7237 1.102463841e-08
7238 1.102159272e-08
7239 1.101854829e-08
7240 1.101550512e-08
7241 1.101246321e-08
7242 1.100942257e-08
7243 1.100638318e-08
7244 1.100334505e-08
7245 1.100030818e-08
7246 1.099727256e-08
7247 1.099423821e-08
7248 1.09912051e-08
7249 1.098817326e-08
7250 1.098514266e-08
7251 1.098211332e-08
7252 1.097908524e-08
7253 1.09760584e-08
7254 1.097303282e-08
7255 1.097000849e-08
7256 1.096698541e-08
7257 1.096396357e-08
7258 1.096094299e-08
7259 1.095792365e-08
7260 1.095490557e-08
7261 1.095188872e-08
7262 1.094887313e-08
7263 1.094585878e-08
7264 1.094284567e-08
7265 1.093983381e-08
7266 1.093682319e-08
7267 1.093381382e-08
7268 1.093080568e-08
7269 1.092779879e-08
7270 1.092479314e-08
7271 1.092178873e-08
7272 1.091878556e-08
7273 1.091578362e-08
7274 1.091278293e-08
7275 1.090978347e-08
7276 1.090678524e-08
7277 1.090378826e-08
7278 1.09007925e-08
7279 1.089779799e-08
7280 1.08948047e-08
7281 1.089181265e-08
7282 1.088882183e-08
7283 1.088583225e-08
7284 1.088284389e-08
7285 1.087985677e-08
7286 1.087687087e-08
7287 1.08738862e-08
7288 1.087090277e-08
7289 1.086792056e-08
7290 1.086493957e-08
7291 1.086195981e-08
7292 1.085898128e-08
7293 1.085600398e-08
7294 1.085302789e-08
7295 1.085005304e-08
7296 1.08470794e-08
7297 1.084410699e-08
7298 1.08411358e-08
7299 1.083816582e-08
7300 1.083519707e-08
7301 1.083222954e-08
7302 1.082926323e-08
7303 1.082629814e-08
7304 1.082333426e-08
7305 1.08203716e-08
7306 1.081741016e-08
7307 1.081444993e-08
7308 1.081149092e-08
7309 1.080853312e-08
7310 1.080557654e-08
7311 1.080262117e-08
7312 1.079966701e-08
7313 1.079671406e-08
7314 1.079376232e-08
7315 1.07908118e-08
7316 1.078786248e-08
7317 1.078491437e-08
7318 1.078196747e-08
7319 1.077902178e-08
7320 1.07760773e-08
7321 1.077313402e-08
7322 1.077019195e-08
7323 1.076725108e-08
7324 1.076431142e-08
7325 1.076137296e-08
7326 1.07584357e-08
7327 1.075549965e-08
7328 1.07525648e-08
7329 1.074963114e-08
7330 1.074669869e-08
7331 1.074376744e-08
7332 1.074083739e-08
7333 1.073790854e-08
7334 1.073498088e-08
7335 1.073205442e-08
7336 1.072912916e-08
7337 1.07262051e-08
7338 1.072328223e-08
7339 1.072036055e-08
7340 1.071744007e-08
7341 1.071452078e-08
7342 1.071160268e-08
7343 1.070868578e-08
7344 1.070577006e-08
7345 1.070285554e-08
7346 1.069994221e-08
7347 1.069703007e-08
7348 1.069411911e-08
7349 1.069120934e-08
7350 1.068830077e-08
7351 1.068539337e-08
7352 1.068248717e-08
7353 1.067958215e-08
7354 1.067667831e-08
7355 1.067377566e-08
7356 1.067087419e-08
7357 1.066797391e-08
7358 1.06650748e-08
7359 1.066217688e-08
7360 1.065928014e-08
7361 1.065638458e-08
7362 1.06534902e-08
7363 1.0650597e-08
7364 1.064770498e-08
7365 1.064481413e-08
7366 1.064192446e-08
7367 1.063903597e-08
7368 1.063614866e-08
7369 1.063326252e-08
7370 1.063037755e-08
7371 1.062749376e-08
7372 1.062461114e-08
7373 1.062172969e-08
7374 1.061884942e-08
7375 1.061597032e-08
7376 1.061309239e-08
7377 1.061021563e-08
7378 1.060734003e-08
7379 1.060446561e-08
7380 1.060159236e-08
7381 1.059872027e-08
7382 1.059584935e-08
7383 1.059297959e-08
7384 1.059011101e-08
7385 1.058724358e-08
7386 1.058437732e-08
7387 1.058151223e-08
7388 1.05786483e-08
7389 1.057578553e-08
7390 1.057292392e-08
7391 1.057006347e-08
7392 1.056720419e-08
7393 1.056434606e-08
7394 1.05614891e-08
7395 1.055863329e-08
7396 1.055577864e-08
7397 1.055292515e-08
7398 1.055007281e-08
7399 1.054722164e-08
7400 1.054437161e-08
7401 1.054152275e-08
7402 1.053867503e-08
7403 1.053582847e-08
7404 1.053298307e-08
7405 1.053013881e-08
7406 1.052729571e-08
7407 1.052445376e-08
7408 1.052161296e-08
7409 1.051877331e-08
7410 1.051593481e-08
7411 1.051309746e-08
7412 1.051026125e-08
7413 1.05074262e-08
7414 1.050459229e-08
7415 1.050175953e-08
7416 1.049892791e-08
7417 1.049609744e-08
7418 1.049326811e-08
7419 1.049043993e-08
7420 1.048761289e-08
7421 1.048478699e-08
7422 1.048196223e-08
7423 1.047913862e-08
7424 1.047631615e-08
7425 1.047349481e-08
7426 1.047067462e-08
7427 1.046785556e-08
7428 1.046503765e-08
7429 1.046222087e-08
7430 1.045940523e-08
7431 1.045659072e-08
7432 1.045377735e-08
7433 1.045096512e-08
7434 1.044815402e-08
7435 1.044534405e-08
7436 1.044253522e-08
7437 1.043972752e-08
7438 1.043692095e-08
7439 1.043411552e-08
7440 1.043131121e-08
7441 1.042850804e-08
7442 1.0425706e-08
7443 1.042290508e-08
7444 1.04201053e-08
7445 1.041730664e-08
7446 1.041450911e-08
7447 1.04117127e-08
7448 1.040891742e-08
7449 1.040612327e-08
7450 1.040333024e-08
7451 1.040053834e-08
7452 1.039774756e-08
7453 1.03949579e-08
7454 1.039216937e-08
7455 1.038938196e-08
7456 1.038659567e-08
7457 1.03838105e-08
7458 1.038102645e-08
7459 1.037824352e-08
7460 1.03754617e-08
7461 1.037268101e-08
7462 1.036990143e-08
7463 1.036712298e-08
7464 1.036434563e-08
7465 1.036156941e-08
7466 1.03587943e-08
7467 1.03560203e-08
7468 1.035324742e-08
7469 1.035047565e-08
7470 1.0347705e-08
7471 1.034493545e-08
7472 1.034216702e-08
7473 1.03393997e-08
7474 1.033663349e-08
7475 1.033386839e-08
7476 1.03311044e-08
7477 1.032834152e-08
7478 1.032557975e-08
7479 1.032281908e-08
7480 1.032005952e-08
7481 1.031730107e-08
7482 1.031454373e-08
7483 1.031178748e-08
7484 1.030903235e-08
7485 1.030627831e-08
7486 1.030352539e-08
7487 1.030077356e-08
7488 1.029802284e-08
7489 1.029527321e-08
7490 1.029252469e-08
7491 1.028977727e-08
7492 1.028703095e-08
7493 1.028428573e-08
7494 1.028154161e-08
7495 1.027879858e-08
7496 1.027605666e-08
7497 1.027331583e-08
7498 1.027057609e-08
7499 1.026783745e-08
7500 1.026509991e-08
7501 1.026236346e-08
7502 1.025962811e-08
7503 1.025689385e-08
7504 1.025416068e-08
7505 1.025142861e-08
7506 1.024869762e-08
7507 1.024596773e-08
7508 1.024323893e-08
7509 1.024051122e-08
7510 1.02377846e-08
7511 1.023505906e-08
7512 1.023233462e-08
7513 1.022961126e-08
7514 1.022688899e-08
7515 1.022416781e-08
7516 1.022144771e-08
7517 1.02187287e-08
7518 1.021601077e-08
7519 1.021329393e-08
7520 1.021057817e-08
7521 1.020786349e-08
7522 1.020514989e-08
7523 1.020243738e-08
7524 1.019972595e-08
7525 1.01970156e-08
7526 1.019430633e-08
7527 1.019159814e-08
7528 1.018889103e-08
7529 1.0186185e-08
7530 1.018348004e-08
7531 1.018077616e-08
7532 1.017807336e-08
7533 1.017537164e-08
7534 1.017267099e-08
7535 1.016997141e-08
7536 1.016727291e-08
7537 1.016457549e-08
7538 1.016187913e-08
7539 1.015918385e-08
7540 1.015648965e-08
7541 1.015379651e-08
7542 1.015110445e-08
7543 1.014841345e-08
7544 1.014572353e-08
7545 1.014303467e-08
7546 1.014034688e-08
7547 1.013766017e-08
7548 1.013497451e-08
7549 1.013228993e-08
7550 1.012960641e-08
7551 1.012692396e-08
7552 1.012424258e-08
7553 1.012156226e-08
7554 1.0118883e-08
7555 1.011620481e-08
7556 1.011352768e-08
7557 1.011085161e-08
7558 1.01081766e-08
7559 1.010550266e-08
7560 1.010282978e-08
7561 1.010015795e-08
7562 1.009748719e-08
7563 1.009481749e-08
7564 1.009214884e-08
7565 1.008948125e-08
7566 1.008681473e-08
7567 1.008414925e-08
7568 1.008148484e-08
7569 1.007882148e-08
7570 1.007615917e-08
7571 1.007349792e-08
7572 1.007083772e-08
7573 1.006817858e-08
7574 1.006552049e-08
7575 1.006286346e-08
7576 1.006020747e-08
7577 1.005755254e-08
7578 1.005489865e-08
7579 1.005224582e-08
7580 1.004959404e-08
7581 1.00469433e-08
7582 1.004429362e-08
7583 1.004164498e-08
7584 1.003899739e-08
7585 1.003635085e-08
7586 1.003370535e-08
7587 1.00310609e-08
7588 1.00284175e-08
7589 1.002577514e-08
7590 1.002313382e-08
7591 1.002049355e-08
7592 1.001785432e-08
7593 1.001521614e-08
7594 1.001257899e-08
7595 1.000994289e-08
7596 1.000730782e-08
7597 1.00046738e-08
7598 1.000204082e-08
7599 9.999408878e-09
7600 9.996777974e-09
7601 9.994148108e-09
7602 9.99151928e-09
7603 9.988891488e-09
7604 9.986264734e-09
7605 9.983639015e-09
7606 9.981014332e-09
7607 9.978390683e-09
7608 9.975768069e-09
7609 9.973146489e-09
7610 9.970525942e-09
7611 9.967906428e-09
7612 9.965287946e-09
7613 9.962670496e-09
7614 9.960054076e-09
7615 9.957438688e-09
7616 9.954824329e-09
7617 9.952211e-09
7618 9.9495987e-09
7619 9.946987428e-09
7620 9.944377184e-09
7621 9.941767967e-09
7622 9.939159777e-09
7623 9.936552613e-09
7624 9.933946475e-09
7625 9.931341363e-09
7626 9.928737274e-09
7627 9.92613421e-09
7628 9.92353217e-09
7629 9.920931152e-09
7630 9.918331157e-09
7631 9.915732184e-09
7632 9.913134232e-09
7633 9.910537302e-09
7634 9.907941391e-09
7635 9.9053465e-09
7636 9.902752629e-09
7637 9.900159776e-09
7638 9.897567942e-09
7639 9.894977125e-09
7640 9.892387325e-09
7641 9.889798542e-09
7642 9.887210775e-09
7643 9.884624024e-09
7644 9.882038287e-09
7645 9.879453565e-09
7646 9.876869857e-09
7647 9.874287163e-09
7648 9.871705481e-09
7649 9.869124812e-09
7650 9.866545154e-09
7651 9.863966508e-09
7652 9.861388873e-09
7653 9.858812247e-09
7654 9.856236632e-09
7655 9.853662026e-09
7656 9.851088428e-09
7657 9.848515838e-09
7658 9.845944257e-09
7659 9.843373682e-09
7660 9.840804113e-09
7661 9.838235551e-09
7662 9.835667994e-09
7663 9.833101443e-09
7664 9.830535895e-09
7665 9.827971352e-09
7666 9.825407812e-09
7667 9.822845275e-09
7668 9.82028374e-09
7669 9.817723207e-09
7670 9.815163676e-09
7671 9.812605145e-09
7672 9.810047615e-09
7673 9.807491084e-09
7674 9.804935552e-09
7675 9.80238102e-09
7676 9.799827485e-09
7677 9.797274948e-09
7678 9.794723408e-09
7679 9.792172865e-09
7680 9.789623318e-09
7681 9.787074767e-09
7682 9.78452721e-09
7683 9.781980648e-09
7684 9.779435081e-09
7685 9.776890506e-09
7686 9.774346925e-09
7687 9.771804336e-09
7688 9.76926274e-09
7689 9.766722134e-09
7690 9.76418252e-09
7691 9.761643896e-09
7692 9.759106262e-09
7693 9.756569617e-09
7694 9.754033961e-09
7695 9.751499294e-09
7696 9.748965614e-09
7697 9.746432922e-09
7698 9.743901217e-09
7699 9.741370498e-09
7700 9.738840764e-09
7701 9.736312016e-09
7702 9.733784253e-09
7703 9.731257474e-09
7704 9.728731679e-09
7705 9.726206867e-09
7706 9.723683038e-09
7707 9.721160191e-09
7708 9.718638325e-09
7709 9.716117441e-09
7710 9.713597538e-09
7711 9.711078615e-09
7712 9.708560671e-09
7713 9.706043707e-09
7714 9.703527721e-09
7715 9.701012714e-09
7716 9.698498684e-09
7717 9.695985631e-09
7718 9.693473555e-09
7719 9.690962455e-09
7720 9.688452331e-09
7721 9.685943182e-09
7722 9.683435007e-09
7723 9.680927807e-09
7724 9.67842158e-09
7725 9.675916326e-09
7726 9.673412045e-09
7727 9.670908736e-09
7728 9.668406399e-09
7729 9.665905032e-09
7730 9.663404636e-09
7731 9.660905211e-09
7732 9.658406755e-09
7733 9.655909268e-09
7734 9.653412749e-09
7735 9.650917199e-09
7736 9.648422616e-09
7737 9.645929e-09
7738 9.643436351e-09
7739 9.640944668e-09
7740 9.638453951e-09
7741 9.635964198e-09
7742 9.63347541e-09
7743 9.630987587e-09
7744 9.628500727e-09
7745 9.62601483e-09
7746 9.623529895e-09
7747 9.621045923e-09
7748 9.618562912e-09
7749 9.616080862e-09
7750 9.613599773e-09
7751 9.611119644e-09
7752 9.608640475e-09
7753 9.606162265e-09
7754 9.603685013e-09
7755 9.60120872e-09
7756 9.598733384e-09
7757 9.596259006e-09
7758 9.593785584e-09
7759 9.591313118e-09
7760 9.588841608e-09
7761 9.586371053e-09
7762 9.583901452e-09
7763 9.581432806e-09
7764 9.578965114e-09
7765 9.576498375e-09
7766 9.574032588e-09
7767 9.571567754e-09
7768 9.569103871e-09
7769 9.56664094e-09
7770 9.564178959e-09
7771 9.561717929e-09
7772 9.559257849e-09
7773 9.556798717e-09
7774 9.554340535e-09
7775 9.551883301e-09
7776 9.549427015e-09
7777 9.546971676e-09
7778 9.544517284e-09
7779 9.542063838e-09
7780 9.539611338e-09
7781 9.537159783e-09
7782 9.534709174e-09
7783 9.532259509e-09
7784 9.529810788e-09
7785 9.52736301e-09
7786 9.524916175e-09
7787 9.522470283e-09
7788 9.520025332e-09
7789 9.517581324e-09
7790 9.515138256e-09
7791 9.512696129e-09
7792 9.510254941e-09
7793 9.507814694e-09
7794 9.505375385e-09
7795 9.502937015e-09
7796 9.500499584e-09
7797 9.49806309e-09
7798 9.495627533e-09
7799 9.493192913e-09
7800 9.490759229e-09
7801 9.48832648e-09
7802 9.485894667e-09
7803 9.483463789e-09
7804 9.481033845e-09
7805 9.478604835e-09
7806 9.476176758e-09
7807 9.473749614e-09
7808 9.471323403e-09
7809 9.468898123e-09
7810 9.466473775e-09
7811 9.464050357e-09
7812 9.461627871e-09
7813 9.459206314e-09
7814 9.456785687e-09
7815 9.454365988e-09
7816 9.451947219e-09
7817 9.449529377e-09
7818 9.447112463e-09
7819 9.444696476e-09
7820 9.442281416e-09
7821 9.439867282e-09
7822 9.437454074e-09
7823 9.435041791e-09
7824 9.432630433e-09
7825 9.430219999e-09
7826 9.427810489e-09
7827 9.425401902e-09
7828 9.422994238e-09
7829 9.420587497e-09
7830 9.418181678e-09
7831 9.41577678e-09
7832 9.413372803e-09
7833 9.410969746e-09
7834 9.40856761e-09
7835 9.406166393e-09
7836 9.403766096e-09
7837 9.401366717e-09
7838 9.398968256e-09
7839 9.396570713e-09
7840 9.394174087e-09
7841 9.391778378e-09
7842 9.389383585e-09
7843 9.386989708e-09
7844 9.384596747e-09
7845 9.3822047e-09
7846 9.379813568e-09
7847 9.37742335e-09
7848 9.375034045e-09
7849 9.372645654e-09
7850 9.370258175e-09
7851 9.367871608e-09
7852 9.365485953e-09
7853 9.363101209e-09
7854 9.360717375e-09
7855 9.358334452e-09
7856 9.355952439e-09
7857 9.353571335e-09
7858 9.35119114e-09
7859 9.348811854e-09
7860 9.346433475e-09
7861 9.344056004e-09
7862 9.34167944e-09
7863 9.339303782e-09
7864 9.336929031e-09
7865 9.334555185e-09
7866 9.332182244e-09
7867 9.329810209e-09
7868 9.327439077e-09
7869 9.325068849e-09
7870 9.322699525e-09
7871 9.320331103e-09
7872 9.317963584e-09
7873 9.315596967e-09
7874 9.313231251e-09
7875 9.310866436e-09
7876 9.308502522e-09
7877 9.306139508e-09
7878 9.303777394e-09
7879 9.301416179e-09
7880 9.299055863e-09
7881 9.296696445e-09
7882 9.294337925e-09
7883 9.291980302e-09
7884 9.289623577e-09
7885 9.287267747e-09
7886 9.284912814e-09
7887 9.282558777e-09
7888 9.280205634e-09
7889 9.277853386e-09
7890 9.275502033e-09
7891 9.273151573e-09
7892 9.270802007e-09
7893 9.268453333e-09
7894 9.266105552e-09
7895 9.263758663e-09
7896 9.261412665e-09
7897 9.259067558e-09
7898 9.256723342e-09
7899 9.254380016e-09
7900 9.25203758e-09
7901 9.249696033e-09
7902 9.247355375e-09
7903 9.245015605e-09
7904 9.242676723e-09
7905 9.240338728e-09
7906 9.238001621e-09
7907 9.2356654e-09
7908 9.233330065e-09
7909 9.230995616e-09
7910 9.228662052e-09
7911 9.226329373e-09
7912 9.223997578e-09
7913 9.221666667e-09
7914 9.219336639e-09
7915 9.217007495e-09
7916 9.214679233e-09
7917 9.212351853e-09
7918 9.210025354e-09
7919 9.207699737e-09
7920 9.205375001e-09
7921 9.203051145e-09
7922 9.200728169e-09
7923 9.198406072e-09
7924 9.196084854e-09
7925 9.193764515e-09
7926 9.191445053e-09
7927 9.18912647e-09
7928 9.186808763e-09
7929 9.184491934e-09
7930 9.18217598e-09
7931 9.179860903e-09
7932 9.177546701e-09
7933 9.175233374e-09
7934 9.172920921e-09
7935 9.170609343e-09
7936 9.168298638e-09
7937 9.165988807e-09
7938 9.163679848e-09
7939 9.161371762e-09
7940 9.159064547e-09
7941 9.156758204e-09
7942 9.154452732e-09
7943 9.152148131e-09
7944 9.1498444e-09
7945 9.147541538e-09
7946 9.145239546e-09
7947 9.142938423e-09
7948 9.140638168e-09
7949 9.138338781e-09
7950 9.136040261e-09
7951 9.133742609e-09
7952 9.131445823e-09
7953 9.129149904e-09
7954 9.12685485e-09
7955 9.124560662e-09
7956 9.122267338e-09
7957 9.119974879e-09
7958 9.117683285e-09
7959 9.115392553e-09
7960 9.113102685e-09
7961 9.11081368e-09
7962 9.108525537e-09
7963 9.106238255e-09
7964 9.103951836e-09
7965 9.101666277e-09
7966 9.099381579e-09
7967 9.097097741e-09
7968 9.094814763e-09
7969 9.092532644e-09
7970 9.090251383e-09
7971 9.087970982e-09
7972 9.085691438e-09
7973 9.083412752e-09
7974 9.081134923e-09
7975 9.07885795e-09
7976 9.076581834e-09
7977 9.074306574e-09
7978 9.072032169e-09
7979 9.06975862e-09
7980 9.067485924e-09
7981 9.065214083e-09
7982 9.062943096e-09
7983 9.060672962e-09
7984 9.05840368e-09
7985 9.056135251e-09
7986 9.053867675e-09
7987 9.051600949e-09
7988 9.049335075e-09
7989 9.047070052e-09
7990 9.044805878e-09
7991 9.042542555e-09
7992 9.040280081e-09
7993 9.038018456e-09
7994 9.03575768e-09
7995 9.033497752e-09
7996 9.031238671e-09
7997 9.028980438e-09
7998 9.026723052e-09
7999 9.024466512e-09
8000 9.022210819e-09
8001 9.019955971e-09
8002 9.017701968e-09
8003 9.01544881e-09
8004 9.013196496e-09
8005 9.010945026e-09
8006 9.0086944e-09
8007 9.006444617e-09
8008 9.004195676e-09
8009 9.001947578e-09
8010 8.999700322e-09
8011 8.997453907e-09
8012 8.995208332e-09
8013 8.992963599e-09
8014 8.990719706e-09
8015 8.988476652e-09
8016 8.986234438e-09
8017 8.983993062e-09
8018 8.981752525e-09
8019 8.979512826e-09
8020 8.977273965e-09
8021 8.975035941e-09
8022 8.972798754e-09
8023 8.970562403e-09
8024 8.968326888e-09
8025 8.966092209e-09
8026 8.963858365e-09
8027 8.961625355e-09
8028 8.95939318e-09
8029 8.957161839e-09
8030 8.954931331e-09
8031 8.952701656e-09
8032 8.950472814e-09
8033 8.948244804e-09
8034 8.946017626e-09
8035 8.943791279e-09
8036 8.941565764e-09
8037 8.939341078e-09
8038 8.937117223e-09
8039 8.934894198e-09
8040 8.932672002e-09
8041 8.930450635e-09
8042 8.928230097e-09
8043 8.926010386e-09
8044 8.923791504e-09
8045 8.921573448e-09
8046 8.91935622e-09
8047 8.917139818e-09
8048 8.914924242e-09
8049 8.912709491e-09
8050 8.910495566e-09
8051 8.908282466e-09
8052 8.906070189e-09
8053 8.903858737e-09
8054 8.901648109e-09
8055 8.899438304e-09
8056 8.897229321e-09
8057 8.895021161e-09
8058 8.892813823e-09
8059 8.890607306e-09
8060 8.888401611e-09
8061 8.886196736e-09
8062 8.883992681e-09
8063 8.881789447e-09
8064 8.879587032e-09
8065 8.877385436e-09
8066 8.875184658e-09
8067 8.872984699e-09
8068 8.870785558e-09
8069 8.868587235e-09
8070 8.866389728e-09
8071 8.864193038e-09
8072 8.861997165e-09
8073 8.859802107e-09
8074 8.857607864e-09
8075 8.855414437e-09
8076 8.853221824e-09
8077 8.851030026e-09
8078 8.848839041e-09
8079 8.84664887e-09
8080 8.844459512e-09
8081 8.842270967e-09
8082 8.840083233e-09
8083 8.837896312e-09
8084 8.835710202e-09
8085 8.833524903e-09
8086 8.831340414e-09
8087 8.829156736e-09
8088 8.826973868e-09
8089 8.824791809e-09
8090 8.822610559e-09
8091 8.820430118e-09
8092 8.818250485e-09
8093 8.81607166e-09
8094 8.813893642e-09
8095 8.811716431e-09
8096 8.809540027e-09
8097 8.807364429e-09
8098 8.805189637e-09
8099 8.80301565e-09
8100 8.800842468e-09
8101 8.798670091e-09
8102 8.796498519e-09
8103 8.79432775e-09
8104 8.792157784e-09
8105 8.789988622e-09
8106 8.787820262e-09
8107 8.785652704e-09
8108 8.783485949e-09
8109 8.781319994e-09
8110 8.779154841e-09
8111 8.776990489e-09
8112 8.774826936e-09
8113 8.772664184e-09
8114 8.770502231e-09
8115 8.768341078e-09
8116 8.766180722e-09
8117 8.764021166e-09
8118 8.761862407e-09
8119 8.759704446e-09
8120 8.757547281e-09
8121 8.755390914e-09
8122 8.753235343e-09
8123 8.751080568e-09
8124 8.748926588e-09
8125 8.746773404e-09
8126 8.744621014e-09
8127 8.742469419e-09
8128 8.740318618e-09
8129 8.73816861e-09
8130 8.736019396e-09
8131 8.733870974e-09
8132 8.731723345e-09
8133 8.729576508e-09
8134 8.727430462e-09
8135 8.725285208e-09
8136 8.723140745e-09
8137 8.720997072e-09
8138 8.718854189e-09
8139 8.716712096e-09
8140 8.714570792e-09
8141 8.712430278e-09
8142 8.710290551e-09
8143 8.708151613e-09
8144 8.706013463e-09
8145 8.7038761e-09
8146 8.701739524e-09
8147 8.699603735e-09
8148 8.697468732e-09
8149 8.695334515e-09
8150 8.693201083e-09
8151 8.691068436e-09
8152 8.688936574e-09
8153 8.686805497e-09
8154 8.684675203e-09
8155 8.682545692e-09
8156 8.680416965e-09
8157 8.678289021e-09
8158 8.676161859e-09
8159 8.674035479e-09
8160 8.671909881e-09
8161 8.669785064e-09
8162 8.667661027e-09
8163 8.665537772e-09
8164 8.663415296e-09
8165 8.6612936e-09
8166 8.659172683e-09
8167 8.657052545e-09
8168 8.654933186e-09
8169 8.652814605e-09
8170 8.650696802e-09
8171 8.648579776e-09
8172 8.646463527e-09
8173 8.644348055e-09
8174 8.642233359e-09
8175 8.640119439e-09
8176 8.638006295e-09
8177 8.635893926e-09
8178 8.633782331e-09
8179 8.631671511e-09
8180 8.629561465e-09
8181 8.627452192e-09
8182 8.625343693e-09
8183 8.623235966e-09
8184 8.621129012e-09
8185 8.61902283e-09
8186 8.61691742e-09
8187 8.614812781e-09
8188 8.612708914e-09
8189 8.610605816e-09
8190 8.608503489e-09
8191 8.606401932e-09
8192 8.604301145e-09
8193 8.602201126e-09
8194 8.600101876e-09
8195 8.598003395e-09
8196 8.595905681e-09
8197 8.593808735e-09
8198 8.591712556e-09
8199 8.589617145e-09
8200 8.587522499e-09
8201 8.58542862e-09
8202 8.583335506e-09
8203 8.581243158e-09
8204 8.579151575e-09
8205 8.577060756e-09
8206 8.574970702e-09
8207 8.572881411e-09
8208 8.570792884e-09
8209 8.56870512e-09
8210 8.566618119e-09
8211 8.56453188e-09
8212 8.562446404e-09
8213 8.560361688e-09
8214 8.558277734e-09
8215 8.556194541e-09
8216 8.554112109e-09
8217 8.552030437e-09
8218 8.549949524e-09
8219 8.547869371e-09
8220 8.545789977e-09
8221 8.543711341e-09
8222 8.541633464e-09
8223 8.539556345e-09
8224 8.537479983e-09
8225 8.535404379e-09
8226 8.533329531e-09
8227 8.53125544e-09
8228 8.529182105e-09
8229 8.527109526e-09
8230 8.525037702e-09
8231 8.522966633e-09
8232 8.520896318e-09
8233 8.518826758e-09
8234 8.516757952e-09
8235 8.5146899e-09
8236 8.5126226e-09
8237 8.510556053e-09
8238 8.508490259e-09
8239 8.506425217e-09
8240 8.504360926e-09
8241 8.502297387e-09
8242 8.500234599e-09
8243 8.498172561e-09
8244 8.496111274e-09
8245 8.494050736e-09
8246 8.491990948e-09
8247 8.48993191e-09
8248 8.487873619e-09
8249 8.485816078e-09
8250 8.483759284e-09
8251 8.481703238e-09
8252 8.47964794e-09
8253 8.477593388e-09
8254 8.475539583e-09
8255 8.473486525e-09
8256 8.471434212e-09
8257 8.469382645e-09
8258 8.467331823e-09
8259 8.465281745e-09
8260 8.463232412e-09
8261 8.461183824e-09
8262 8.459135979e-09
8263 8.457088877e-09
8264 8.455042518e-09
8265 8.452996902e-09
8266 8.450952028e-09
8267 8.448907897e-09
8268 8.446864506e-09
8269 8.444821857e-09
8270 8.442779949e-09
8271 8.440738781e-09
8272 8.438698354e-09
8273 8.436658666e-09
8274 8.434619718e-09
8275 8.432581508e-09
8276 8.430544038e-09
8277 8.428507305e-09
8278 8.426471311e-09
8279 8.424436055e-09
8280 8.422401535e-09
8281 8.420367753e-09
8282 8.418334707e-09
8283 8.416302397e-09
8284 8.414270823e-09
8285 8.412239985e-09
8286 8.410209882e-09
8287 8.408180514e-09
8288 8.40615188e-09
8289 8.40412398e-09
8290 8.402096814e-09
8291 8.400070381e-09
8292 8.398044681e-09
8293 8.396019714e-09
8294 8.393995479e-09
8295 8.391971977e-09
8296 8.389949205e-09
8297 8.387927165e-09
8298 8.385905856e-09
8299 8.383885278e-09
8300 8.38186543e-09
8301 8.379846311e-09
8302 8.377827922e-09
8303 8.375810263e-09
8304 8.373793332e-09
8305 8.371777129e-09
8306 8.369761654e-09
8307 8.367746908e-09
8308 8.365732888e-09
8309 8.363719596e-09
8310 8.36170703e-09
8311 8.359695191e-09
8312 8.357684078e-09
8313 8.35567369e-09
8314 8.353664028e-09
8315 8.35165509e-09
8316 8.349646878e-09
8317 8.347639389e-09
8318 8.345632624e-09
8319 8.343626583e-09
8320 8.341621265e-09
8321 8.33961667e-09
8322 8.337612798e-09
8323 8.335609647e-09
8324 8.333607219e-09
8325 8.331605512e-09
8326 8.329604526e-09
8327 8.32760426e-09
8328 8.325604716e-09
8329 8.323605891e-09
8330 8.321607786e-09
8331 8.3196104e-09
8332 8.317613734e-09
8333 8.315617786e-09
8334 8.313622556e-09
8335 8.311628045e-09
8336 8.309634251e-09
8337 8.307641175e-09
8338 8.305648815e-09
8339 8.303657172e-09
8340 8.301666245e-09
8341 8.299676035e-09
8342 8.29768654e-09
8343 8.29569776e-09
8344 8.293709695e-09
8345 8.291722345e-09
8346 8.289735709e-09
8347 8.287749787e-09
8348 8.285764578e-09
8349 8.283780082e-09
8350 8.2817963e-09
8351 8.27981323e-09
8352 8.277830872e-09
8353 8.275849226e-09
8354 8.273868291e-09
8355 8.271888068e-09
8356 8.269908556e-09
8357 8.267929753e-09
8358 8.265951662e-09
8359 8.263974279e-09
8360 8.261997607e-09
8361 8.260021643e-09
8362 8.258046388e-09
8363 8.256071842e-09
8364 8.254098004e-09
8365 8.252124873e-09
8366 8.25015245e-09
8367 8.248180734e-09
8368 8.246209725e-09
8369 8.244239423e-09
8370 8.242269826e-09
8371 8.240300935e-09
8372 8.238332749e-09
8373 8.236365269e-09
8374 8.234398493e-09
8375 8.232432422e-09
8376 8.230467054e-09
8377 8.228502391e-09
8378 8.22653843e-09
8379 8.224575173e-09
8380 8.222612619e-09
8381 8.220650767e-09
8382 8.218689617e-09
8383 8.216729168e-09
8384 8.214769421e-09
8385 8.212810375e-09
8386 8.21085203e-09
8387 8.208894385e-09
8388 8.20693744e-09
8389 8.204981195e-09
8390 8.20302565e-09
8391 8.201070803e-09
8392 8.199116655e-09
8393 8.197163205e-09
8394 8.195210453e-09
8395 8.1932584e-09
8396 8.191307043e-09
8397 8.189356383e-09
8398 8.187406421e-09
8399 8.185457154e-09
8400 8.183508584e-09
8401 8.181560709e-09
8402 8.17961353e-09
8403 8.177667046e-09
8404 8.175721256e-09
8405 8.173776161e-09
8406 8.17183176e-09
8407 8.169888052e-09
8408 8.167945038e-09
8409 8.166002717e-09
8410 8.164061089e-09
8411 8.162120154e-09
8412 8.16017991e-09
8413 8.158240358e-09
8414 8.156301497e-09
8415 8.154363328e-09
8416 8.152425849e-09
8417 8.150489061e-09
8418 8.148552963e-09
8419 8.146617555e-09
8420 8.144682836e-09
8421 8.142748806e-09
8422 8.140815465e-09
8423 8.138882813e-09
8424 8.136950848e-09
8425 8.135019572e-09
8426 8.133088983e-09
8427 8.131159081e-09
8428 8.129229866e-09
8429 8.127301337e-09
8430 8.125373495e-09
8431 8.123446338e-09
8432 8.121519867e-09
8433 8.119594082e-09
8434 8.117668981e-09
8435 8.115744565e-09
8436 8.113820833e-09
8437 8.111897784e-09
8438 8.10997542e-09
8439 8.108053739e-09
8440 8.10613274e-09
8441 8.104212425e-09
8442 8.102292791e-09
8443 8.10037384e-09
8444 8.09845557e-09
8445 8.096537981e-09
8446 8.094621074e-09
8447 8.092704847e-09
8448 8.090789301e-09
8449 8.088874434e-09
8450 8.086960248e-09
8451 8.08504674e-09
8452 8.083133912e-09
8453 8.081221763e-09
8454 8.079310292e-09
8455 8.077399499e-09
8456 8.075489384e-09
8457 8.073579946e-09
8458 8.071671185e-09
8459 8.069763102e-09
8460 8.067855694e-09
8461 8.065948963e-09
8462 8.064042908e-09
8463 8.062137529e-09
8464 8.060232824e-09
8465 8.058328795e-09
8466 8.05642544e-09
8467 8.054522759e-09
8468 8.052620752e-09
8469 8.050719419e-09
8470 8.04881876e-09
8471 8.046918773e-09
8472 8.045019459e-09
8473 8.043120817e-09
8474 8.041222848e-09
8475 8.03932555e-09
8476 8.037428923e-09
8477 8.035532968e-09
8478 8.033637683e-09
8479 8.031743069e-09
8480 8.029849125e-09
8481 8.027955851e-09
8482 8.026063246e-09
8483 8.024171311e-09
8484 8.022280044e-09
8485 8.020389446e-09
8486 8.018499516e-09
8487 8.016610255e-09
8488 8.01472166e-09
8489 8.012833734e-09
8490 8.010946474e-09
8491 8.00905988e-09
8492 8.007173954e-09
8493 8.005288693e-09
8494 8.003404098e-09
8495 8.001520168e-09
8496 7.999636904e-09
8497 7.997754304e-09
8498 7.995872369e-09
8499 7.993991098e-09
8500 7.99211049e-09
8501 7.990230547e-09
8502 7.988351266e-09
8503 7.986472649e-09
8504 7.984594694e-09
8505 7.982717401e-09
8506 7.980840771e-09
8507 7.978964802e-09
8508 7.977089494e-09
8509 7.975214848e-09
8510 7.973340862e-09
8511 7.971467537e-09
8512 7.969594872e-09
8513 7.967722866e-09
8514 7.96585152e-09
8515 7.963980834e-09
8516 7.962110806e-09
8517 7.960241437e-09
8518 7.958372726e-09
8519 7.956504673e-09
8520 7.954637277e-09
8521 7.952770539e-09
8522 7.950904459e-09
8523 7.949039034e-09
8524 7.947174266e-09
8525 7.945310155e-09
8526 7.943446699e-09
8527 7.941583898e-09
8528 7.939721753e-09
8529 7.937860263e-09
8530 7.935999427e-09
8531 7.934139246e-09
8532 7.932279718e-09
8533 7.930420844e-09
8534 7.928562624e-09
8535 7.926705056e-09
8536 7.924848141e-09
8537 7.922991879e-09
8538 7.921136269e-09
8539 7.91928131e-09
8540 7.917427003e-09
8541 7.915573348e-09
8542 7.913720343e-09
8543 7.911867988e-09
8544 7.910016285e-09
8545 7.908165231e-09
8546 7.906314826e-09
8547 7.904465071e-09
8548 7.902615966e-09
8549 7.900767509e-09
8550 7.8989197e-09
8551 7.89707254e-09
8552 7.895226027e-09
8553 7.893380162e-09
8554 7.891534944e-09
8555 7.889690374e-09
8556 7.88784645e-09
8557 7.886003172e-09
8558 7.88416054e-09
8559 7.882318554e-09
8560 7.880477213e-09
8561 7.878636518e-09
8562 7.876796468e-09
8563 7.874957061e-09
8564 7.8731183e-09
8565 7.871280182e-09
8566 7.869442708e-09
8567 7.867605877e-09
8568 7.865769689e-09
8569 7.863934144e-09
8570 7.862099241e-09
8571 7.860264981e-09
8572 7.858431362e-09
8573 7.856598385e-09
8574 7.854766049e-09
8575 7.852934354e-09
8576 7.8511033e-09
8577 7.849272885e-09
8578 7.847443112e-09
8579 7.845613977e-09
8580 7.843785483e-09
8581 7.841957627e-09
8582 7.84013041e-09
8583 7.838303832e-09
8584 7.836477892e-09
8585 7.83465259e-09
8586 7.832827926e-09
8587 7.831003899e-09
8588 7.829180509e-09
8589 7.827357756e-09
8590 7.825535639e-09
8591 7.823714158e-09
8592 7.821893314e-09
8593 7.820073105e-09
8594 7.818253531e-09
8595 7.816434592e-09
8596 7.814616288e-09
8597 7.812798618e-09
8598 7.810981583e-09
8599 7.809165181e-09
8600 7.807349413e-09
8601 7.805534278e-09
8602 7.803719776e-09
8603 7.801905906e-09
8604 7.800092669e-09
8605 7.798280064e-09
8606 7.796468091e-09
8607 7.794656749e-09
8608 7.792846039e-09
8609 7.791035959e-09
8610 7.78922651e-09
8611 7.787417691e-09
8612 7.785609502e-09
8613 7.783801942e-09
8614 7.781995013e-09
8615 7.780188712e-09
8616 7.77838304e-09
8617 7.776577997e-09
8618 7.774773582e-09
8619 7.772969795e-09
8620 7.771166635e-09
8621 7.769364103e-09
8622 7.767562198e-09
8623 7.76576092e-09
8624 7.763960268e-09
8625 7.762160242e-09
8626 7.760360843e-09
8627 7.758562069e-09
8628 7.75676392e-09
8629 7.754966396e-09
8630 7.753169497e-09
8631 7.751373223e-09
8632 7.749577573e-09
8633 7.747782546e-09
8634 7.745988144e-09
8635 7.744194364e-09
8636 7.742401208e-09
8637 7.740608674e-09
8638 7.738816763e-09
8639 7.737025474e-09
8640 7.735234806e-09
8641 7.733444761e-09
8642 7.731655336e-09
8643 7.729866533e-09
8644 7.72807835e-09
8645 7.726290788e-09
8646 7.724503846e-09
8647 7.722717524e-09
8648 7.720931821e-09
8649 7.719146738e-09
8650 7.717362274e-09
8651 7.715578428e-09
8652 7.713795201e-09
8653 7.712012592e-09
8654 7.7102306e-09
8655 7.708449227e-09
8656 7.70666847e-09
8657 7.704888331e-09
8658 7.703108808e-09
8659 7.701329902e-09
8660 7.699551612e-09
8661 7.697773938e-09
8662 7.695996879e-09
8663 7.694220436e-09
8664 7.692444607e-09
8665 7.690669394e-09
8666 7.688894794e-09
8667 7.687120809e-09
8668 7.685347438e-09
8669 7.68357468e-09
8670 7.681802536e-09
8671 7.680031005e-09
8672 7.678260086e-09
8673 7.67648978e-09
8674 7.674720086e-09
8675 7.672951004e-09
8676 7.671182534e-09
8677 7.669414675e-09
8678 7.667647427e-09
8679 7.66588079e-09
8680 7.664114763e-09
8681 7.662349346e-09
8682 7.66058454e-09
8683 7.658820343e-09
8684 7.657056755e-09
8685 7.655293776e-09
8686 7.653531406e-09
8687 7.651769645e-09
8688 7.650008492e-09
8689 7.648247947e-09
8690 7.64648801e-09
8691 7.64472868e-09
8692 7.642969957e-09
8693 7.641211841e-09
8694 7.639454331e-09
8695 7.637697428e-09
8696 7.635941131e-09
8697 7.63418544e-09
8698 7.632430353e-09
8699 7.630675873e-09
8700 7.628921997e-09
8701 7.627168725e-09
8702 7.625416058e-09
8703 7.623663995e-09
8704 7.621912536e-09
8705 7.62016168e-09
8706 7.618411428e-09
8707 7.616661778e-09
8708 7.614912732e-09
8709 7.613164287e-09
8710 7.611416445e-09
8711 7.609669204e-09
8712 7.607922565e-09
8713 7.606176528e-09
8714 7.604431091e-09
8715 7.602686255e-09
8716 7.60094202e-09
8717 7.599198385e-09
8718 7.597455349e-09
8719 7.595712913e-09
8720 7.593971077e-09
8721 7.59222984e-09
8722 7.590489201e-09
8723 7.588749161e-09
8724 7.58700972e-09
8725 7.585270876e-09
8726 7.58353263e-09
8727 7.581794982e-09
8728 7.58005793e-09
8729 7.578321476e-09
8730 7.576585618e-09
8731 7.574850356e-09
8732 7.573115691e-09
8733 7.571381621e-09
8734 7.569648147e-09
8735 7.567915268e-09
8736 7.566182984e-09
8737 7.564451295e-09
8738 7.5627202e-09
8739 7.5609897e-09
8740 7.559259793e-09
8741 7.55753048e-09
8742 7.55580176e-09
8743 7.554073634e-09
8744 7.5523461e-09
8745 7.550619159e-09
8746 7.54889281e-09
8747 7.547167053e-09
8748 7.545441887e-09
8749 7.543717313e-09
8750 7.541993331e-09
8751 7.540269939e-09
8752 7.538547138e-09
8753 7.536824927e-09
8754 7.535103306e-09
8755 7.533382275e-09
8756 7.531661834e-09
8757 7.529941982e-09
8758 7.528222719e-09
8759 7.526504045e-09
8760 7.524785959e-09
8761 7.523068462e-09
8762 7.521351552e-09
8763 7.51963523e-09
8764 7.517919496e-09
8765 7.516204349e-09
8766 7.514489788e-09
8767 7.512775814e-09
8768 7.511062427e-09
8769 7.509349625e-09
8770 7.50763741e-09
8771 7.50592578e-09
8772 7.504214735e-09
8773 7.502504275e-09
8774 7.5007944e-09
8775 7.499085109e-09
8776 7.497376403e-09
8777 7.495668281e-09
8778 7.493960742e-09
8779 7.492253787e-09
8780 7.490547414e-09
8781 7.488841625e-09
8782 7.487136418e-09
8783 7.485431794e-09
8784 7.483727752e-09
8785 7.482024291e-09
8786 7.480321412e-09
8787 7.478619115e-09
8788 7.476917398e-09
8789 7.475216262e-09
8790 7.473515707e-09
8791 7.471815732e-09
8792 7.470116336e-09
8793 7.468417521e-09
8794 7.466719285e-09
8795 7.465021628e-09
8796 7.46332455e-09
8797 7.461628051e-09
8798 7.45993213e-09
8799 7.458236787e-09
8800 7.456542022e-09
8801 7.454847835e-09
8802 7.453154225e-09
8803 7.451461192e-09
8804 7.449768736e-09
8805 7.448076856e-09
8806 7.446385553e-09
8807 7.444694826e-09
8808 7.443004674e-09
8809 7.441315098e-09
8810 7.439626098e-09
8811 7.437937672e-09
8812 7.436249821e-09
8813 7.434562544e-09
8814 7.432875842e-09
8815 7.431189713e-09
8816 7.429504158e-09
8817 7.427819177e-09
8818 7.426134769e-09
8819 7.424450934e-09
8820 7.422767671e-09
8821 7.421084981e-09
8822 7.419402862e-09
8823 7.417721316e-09
8824 7.416040341e-09
8825 7.414359938e-09
8826 7.412680105e-09
8827 7.411000844e-09
8828 7.409322153e-09
8829 7.407644032e-09
8830 7.405966482e-09
8831 7.404289501e-09
8832 7.40261309e-09
8833 7.400937248e-09
8834 7.399261975e-09
8835 7.397587271e-09
8836 7.395913135e-09
8837 7.394239567e-09
8838 7.392566568e-09
8839 7.390894136e-09
8840 7.389222272e-09
8841 7.387550975e-09
8842 7.385880245e-09
8843 7.384210081e-09
8844 7.382540484e-09
8845 7.380871453e-09
8846 7.379202988e-09
8847 7.377535089e-09
8848 7.375867756e-09
8849 7.374200987e-09
8850 7.372534783e-09
8851 7.370869144e-09
8852 7.36920407e-09
8853 7.367539559e-09
8854 7.365875613e-09
8855 7.36421223e-09
8856 7.36254941e-09
8857 7.360887154e-09
8858 7.35922546e-09
8859 7.357564329e-09
8860 7.35590376e-09
8861 7.354243754e-09
8862 7.352584309e-09
8863 7.350925426e-09
8864 7.349267105e-09
8865 7.347609344e-09
8866 7.345952144e-09
8867 7.344295505e-09
8868 7.342639426e-09
8869 7.340983908e-09
8870 7.339328949e-09
8871 7.337674549e-09
8872 7.336020709e-09
8873 7.334367429e-09
8874 7.332714706e-09
8875 7.331062543e-09
8876 7.329410938e-09
8877 7.327759891e-09
8878 7.326109401e-09
8879 7.32445947e-09
8880 7.322810095e-09
8881 7.321161278e-09
8882 7.319513017e-09
8883 7.317865313e-09
8884 7.316218166e-09
8885 7.314571574e-09
8886 7.312925538e-09
8887 7.311280058e-09
8888 7.309635133e-09
8889 7.307990763e-09
8890 7.306346948e-09
8891 7.304703688e-09
8892 7.303060982e-09
8893 7.301418829e-09
8894 7.299777231e-09
8895 7.298136186e-09
8896 7.296495695e-09
8897 7.294855757e-09
8898 7.293216371e-09
8899 7.291577538e-09
8900 7.289939258e-09
8901 7.288301529e-09
8902 7.286664352e-09
8903 7.285027727e-09
8904 7.283391653e-09
8905 7.281756131e-09
8906 7.280121159e-09
8907 7.278486737e-09
8908 7.276852866e-09
8909 7.275219545e-09
8910 7.273586774e-09
8911 7.271954553e-09
8912 7.270322881e-09
8913 7.268691758e-09
8914 7.267061184e-09
8915 7.265431158e-09
8916 7.263801681e-09
8917 7.262172752e-09
8918 7.260544371e-09
8919 7.258916538e-09
8920 7.257289252e-09
8921 7.255662513e-09
8922 7.25403632e-09
8923 7.252410675e-09
8924 7.250785576e-09
8925 7.249161023e-09
8926 7.247537016e-09
8927 7.245913555e-09
8928 7.244290639e-09
8929 7.242668268e-09
8930 7.241046443e-09
8931 7.239425162e-09
8932 7.237804425e-09
8933 7.236184233e-09
8934 7.234564584e-09
8935 7.23294548e-09
8936 7.231326918e-09
8937 7.2297089e-09
8938 7.228091425e-09
8939 7.226474493e-09
8940 7.224858103e-09
8941 7.223242256e-09
8942 7.22162695e-09
8943 7.220012187e-09
8944 7.218397965e-09
8945 7.216784284e-09
8946 7.215171144e-09
8947 7.213558545e-09
8948 7.211946486e-09
8949 7.210334968e-09
8950 7.20872399e-09
8951 7.207113552e-09
8952 7.205503653e-09
8953 7.203894294e-09
8954 7.202285474e-09
8955 7.200677193e-09
8956 7.19906945e-09
8957 7.197462246e-09
8958 7.19585558e-09
8959 7.194249452e-09
8960 7.192643861e-09
8961 7.191038808e-09
8962 7.189434293e-09
8963 7.187830314e-09
8964 7.186226872e-09
8965 7.184623966e-09
8966 7.183021597e-09
8967 7.181419763e-09
8968 7.179818465e-09
8969 7.178217703e-09
8970 7.176617476e-09
8971 7.175017785e-09
8972 7.173418628e-09
8973 7.171820005e-09
8974 7.170221917e-09
8975 7.168624363e-09
8976 7.167027343e-09
8977 7.165430856e-09
8978 7.163834903e-09
8979 7.162239483e-09
8980 7.160644596e-09
8981 7.159050241e-09
8982 7.157456419e-09
8983 7.155863129e-09
8984 7.154270371e-09
8985 7.152678145e-09
8986 7.151086451e-09
8987 7.149495287e-09
8988 7.147904655e-09
8989 7.146314553e-09
8990 7.144724982e-09
8991 7.143135941e-09
8992 7.14154743e-09
8993 7.139959449e-09
8994 7.138371998e-09
8995 7.136785076e-09
8996 7.135198683e-09
8997 7.133612819e-09
8998 7.132027483e-09
8999 7.130442677e-09
9000 7.128858398e-09
9001 7.127274647e-09
9002 7.125691424e-09
9003 7.124108728e-09
9004 7.12252656e-09
9005 7.120944918e-09
9006 7.119363804e-09
9007 7.117783216e-09
9008 7.116203154e-09
9009 7.114623618e-09
9010 7.113044609e-09
9011 7.111466124e-09
9012 7.109888165e-09
9013 7.108310732e-09
9014 7.106733823e-09
9015 7.105157439e-09
9016 7.103581579e-09
9017 7.102006244e-09
9018 7.100431432e-09
9019 7.098857144e-09
9020 7.09728338e-09
9021 7.095710139e-09
9022 7.094137421e-09
9023 7.092565226e-09
9024 7.090993553e-09
9025 7.089422403e-09
9026 7.087851775e-09
9027 7.086281669e-09
9028 7.084712085e-09
9029 7.083143021e-09
9030 7.08157448e-09
9031 7.080006459e-09
9032 7.078438958e-09
9033 7.076871979e-09
9034 7.075305519e-09
9035 7.07373958e-09
9036 7.072174161e-09
9037 7.070609261e-09
9038 7.06904488e-09
9039 7.067481018e-09
9040 7.065917676e-09
9041 7.064354852e-09
9042 7.062792546e-09
9043 7.061230759e-09
9044 7.05966949e-09
9045 7.058108738e-09
9046 7.056548504e-09
9047 7.054988788e-09
9048 7.053429588e-09
9049 7.051870905e-09
9050 7.050312739e-09
9051 7.048755089e-09
9052 7.047197955e-09
9053 7.045641337e-09
9054 7.044085235e-09
9055 7.042529649e-09
9056 7.040974577e-09
9057 7.039420021e-09
9058 7.037865979e-09
9059 7.036312452e-09
9060 7.034759439e-09
9061 7.033206941e-09
9062 7.031654956e-09
9063 7.030103485e-09
9064 7.028552527e-09
9065 7.027002083e-09
9066 7.025452151e-09
9067 7.023902732e-09
9068 7.022353826e-09
9069 7.020805432e-09
9070 7.01925755e-09
9071 7.01771018e-09
9072 7.016163322e-09
9073 7.014616975e-09
9074 7.013071139e-09
9075 7.011525814e-09
9076 7.009980999e-09
9077 7.008436696e-09
9078 7.006892902e-09
9079 7.005349619e-09
9080 7.003806845e-09
9081 7.002264581e-09
9082 7.000722826e-09
9083 6.999181581e-09
9084 6.997640844e-09
9085 6.996100616e-09
9086 6.994560896e-09
9087 6.993021685e-09
9088 6.991482982e-09
9089 6.989944786e-09
9090 6.988407098e-09
9091 6.986869918e-09
9092 6.985333244e-09
9093 6.983797078e-09
9094 6.982261418e-09
9095 6.980726265e-09
9096 6.979191618e-09
9097 6.977657476e-09
9098 6.976123841e-09
9099 6.974590711e-09
9100 6.973058087e-09
9101 6.971525967e-09
9102 6.969994353e-09
9103 6.968463243e-09
9104 6.966932638e-09
9105 6.965402537e-09
9106 6.96387294e-09
9107 6.962343847e-09
9108 6.960815257e-09
9109 6.959287171e-09
9110 6.957759588e-09
9111 6.956232507e-09
9112 6.95470593e-09
9113 6.953179854e-09
9114 6.951654282e-09
9115 6.950129211e-09
9116 6.948604642e-09
9117 6.947080574e-09
9118 6.945557008e-09
9119 6.944033943e-09
9120 6.942511379e-09
9121 6.940989316e-09
9122 6.939467753e-09
9123 6.93794669e-09
9124 6.936426128e-09
9125 6.934906065e-09
9126 6.933386502e-09
9127 6.931867438e-09
9128 6.930348874e-09
9129 6.928830808e-09
9130 6.927313241e-09
9131 6.925796173e-09
9132 6.924279603e-09
9133 6.922763531e-09
9134 6.921247957e-09
9135 6.919732881e-09
9136 6.918218302e-09
9137 6.91670422e-09
9138 6.915190635e-09
9139 6.913677547e-09
9140 6.912164955e-09
9141 6.91065286e-09
9142 6.909141261e-09
9143 6.907630158e-09
9144 6.906119551e-09
9145 6.904609439e-09
9146 6.903099822e-09
9147 6.9015907e-09
9148 6.900082074e-09
9149 6.898573941e-09
9150 6.897066303e-09
9151 6.89555916e-09
9152 6.89405251e-09
9153 6.892546354e-09
9154 6.891040692e-09
9155 6.889535522e-09
9156 6.888030846e-09
9157 6.886526663e-09
9158 6.885022973e-09
9159 6.883519775e-09
9160 6.882017069e-09
9161 6.880514855e-09
9162 6.879013133e-09
9163 6.877511903e-09
9164 6.876011163e-09
9165 6.874510916e-09
9166 6.873011159e-09
9167 6.871511892e-09
9168 6.870013117e-09
9169 6.868514831e-09
9170 6.867017036e-09
9171 6.865519731e-09
9172 6.864022915e-09
9173 6.862526589e-09
9174 6.861030751e-09
9175 6.859535403e-09
9176 6.858040544e-09
9177 6.856546173e-09
9178 6.855052291e-09
9179 6.853558897e-09
9180 6.852065991e-09
9181 6.850573573e-09
9182 6.849081642e-09
9183 6.847590198e-09
9184 6.846099242e-09
9185 6.844608772e-09
9186 6.843118789e-09
9187 6.841629293e-09
9188 6.840140283e-09
9189 6.838651759e-09
9190 6.83716372e-09
9191 6.835676168e-09
9192 6.834189101e-09
9193 6.832702519e-09
9194 6.831216422e-09
9195 6.829730809e-09
9196 6.828245682e-09
9197 6.826761039e-09
9198 6.825276879e-09
9199 6.823793204e-09
9200 6.822310013e-09
9201 6.820827305e-09
9202 6.81934508e-09
9203 6.817863339e-09
9204 6.81638208e-09
9205 6.814901304e-09
9206 6.81342101e-09
9207 6.811941199e-09
9208 6.81046187e-09
9209 6.808983023e-09
9210 6.807504657e-09
9211 6.806026772e-09
9212 6.804549369e-09
9213 6.803072447e-09
9214 6.801596006e-09
9215 6.800120045e-09
9216 6.798644565e-09
9217 6.797169565e-09
9218 6.795695044e-09
9219 6.794221004e-09
9220 6.792747443e-09
9221 6.791274362e-09
9222 6.789801759e-09
9223 6.788329636e-09
9224 6.786857991e-09
9225 6.785386824e-09
9226 6.783916136e-09
9227 6.782445927e-09
9228 6.780976194e-09
9229 6.77950694e-09
9230 6.778038163e-09
9231 6.776569864e-09
9232 6.775102041e-09
9233 6.773634695e-09
9234 6.772167826e-09
9235 6.770701434e-09
9236 6.769235517e-09
9237 6.767770077e-09
9238 6.766305112e-09
9239 6.764840623e-09
9240 6.76337661e-09
9241 6.761913071e-09
9242 6.760450008e-09
9243 6.758987419e-09
9244 6.757525306e-09
9245 6.756063666e-09
9246 6.7546025e-09
9247 6.753141809e-09
9248 6.751681591e-09
9249 6.750221847e-09
9250 6.748762576e-09
9251 6.747303779e-09
9252 6.745845454e-09
9253 6.744387602e-09
9254 6.742930223e-09
9255 6.741473316e-09
9256 6.740016881e-09
9257 6.738560918e-09
9258 6.737105426e-09
9259 6.735650407e-09
9260 6.734195858e-09
9261 6.732741781e-09
9262 6.731288174e-09
9263 6.729835038e-09
9264 6.728382373e-09
9265 6.726930178e-09
9266 6.725478453e-09
9267 6.724027198e-09
9268 6.722576413e-09
9269 6.721126097e-09
9270 6.719676251e-09
9271 6.718226873e-09
9272 6.716777965e-09
9273 6.715329525e-09
9274 6.713881553e-09
9275 6.71243405e-09
9276 6.710987015e-09
9277 6.709540448e-09
9278 6.708094348e-09
9279 6.706648716e-09
9280 6.705203551e-09
9281 6.703758854e-09
9282 6.702314623e-09
9283 6.700870858e-09
9284 6.699427561e-09
9285 6.697984729e-09
9286 6.696542364e-09
9287 6.695100464e-09
9288 6.69365903e-09
9289 6.692218061e-09
9290 6.690777558e-09
9291 6.68933752e-09
9292 6.687897947e-09
9293 6.686458838e-09
9294 6.685020194e-09
9295 6.683582014e-09
9296 6.682144298e-09
9297 6.680707046e-09
9298 6.679270257e-09
9299 6.677833932e-09
9300 6.676398071e-09
9301 6.674962672e-09
9302 6.673527736e-09
9303 6.672093263e-09
9304 6.670659252e-09
9305 6.669225704e-09
9306 6.667792617e-09
9307 6.666359993e-09
9308 6.66492783e-09
9309 6.663496129e-09
9310 6.662064889e-09
9311 6.66063411e-09
9312 6.659203791e-09
9313 6.657773934e-09
9314 6.656344537e-09
9315 6.6549156e-09
9316 6.653487124e-09
9317 6.652059107e-09
9318 6.65063155e-09
9319 6.649204452e-09
9320 6.647777814e-09
9321 6.646351635e-09
9322 6.644925914e-09
9323 6.643500653e-09
9324 6.64207585e-09
9325 6.640651505e-09
9326 6.639227618e-09
9327 6.637804189e-09
9328 6.636381218e-09
9329 6.634958705e-09
9330 6.633536649e-09
9331 6.63211505e-09
9332 6.630693907e-09
9333 6.629273222e-09
9334 6.627852993e-09
9335 6.626433221e-09
9336 6.625013904e-09
9337 6.623595044e-09
9338 6.622176639e-09
9339 6.62075869e-09
9340 6.619341197e-09
9341 6.617924158e-09
9342 6.616507575e-09
9343 6.615091446e-09
9344 6.613675772e-09
9345 6.612260552e-09
9346 6.610845786e-09
9347 6.609431475e-09
9348 6.608017617e-09
9349 6.606604213e-09
9350 6.605191262e-09
9351 6.603778765e-09
9352 6.60236672e-09
9353 6.600955129e-09
9354 6.59954399e-09
9355 6.598133303e-09
9356 6.596723069e-09
9357 6.595313287e-09
9358 6.593903957e-09
9359 6.592495078e-09
9360 6.591086651e-09
9361 6.589678675e-09
9362 6.588271151e-09
9363 6.586864077e-09
9364 6.585457454e-09
9365 6.584051281e-09
9366 6.582645559e-09
9367 6.581240287e-09
9368 6.579835465e-09
9369 6.578431093e-09
9370 6.57702717e-09
9371 6.575623697e-09
9372 6.574220672e-09
9373 6.572818097e-09
9374 6.571415971e-09
9375 6.570014293e-09
9376 6.568613064e-09
9377 6.567212282e-09
9378 6.565811949e-09
9379 6.564412064e-09
9380 6.563012626e-09
9381 6.561613636e-09
9382 6.560215093e-09
9383 6.558816997e-09
9384 6.557419349e-09
9385 6.556022146e-09
9386 6.554625391e-09
9387 6.553229081e-09
9388 6.551833218e-09
9389 6.550437801e-09
9390 6.549042829e-09
9391 6.547648303e-09
9392 6.546254222e-09
9393 6.544860587e-09
9394 6.543467396e-09
9395 6.542074651e-09
9396 6.54068235e-09
9397 6.539290493e-09
9398 6.537899081e-09
9399 6.536508112e-09
9400 6.535117588e-09
9401 6.533727507e-09
9402 6.53233787e-09
9403 6.530948675e-09
9404 6.529559924e-09
9405 6.528171616e-09
9406 6.526783751e-09
9407 6.525396328e-09
9408 6.524009348e-09
9409 6.52262281e-09
9410 6.521236713e-09
9411 6.519851059e-09
9412 6.518465846e-09
9413 6.517081074e-09
9414 6.515696744e-09
9415 6.514312855e-09
9416 6.512929406e-09
9417 6.511546398e-09
9418 6.510163831e-09
9419 6.508781704e-09
9420 6.507400017e-09
9421 6.50601877e-09
9422 6.504637963e-09
9423 6.503257595e-09
9424 6.501877667e-09
9425 6.500498177e-09
9426 6.499119127e-09
9427 6.497740516e-09
9428 6.496362343e-09
9429 6.494984608e-09
9430 6.493607312e-09
9431 6.492230454e-09
9432 6.490854034e-09
9433 6.489478051e-09
9434 6.488102506e-09
9435 6.486727398e-09
9436 6.485352727e-09
9437 6.483978494e-09
9438 6.482604697e-09
9439 6.481231336e-09
9440 6.479858412e-09
9441 6.478485924e-09
9442 6.477113872e-09
9443 6.475742256e-09
9444 6.474371076e-09
9445 6.473000331e-09
9446 6.471630021e-09
9447 6.470260147e-09
9448 6.468890707e-09
9449 6.467521702e-09
9450 6.466153132e-09
9451 6.464784996e-09
9452 6.463417294e-09
9453 6.462050026e-09
9454 6.460683192e-09
9455 6.459316791e-09
9456 6.457950824e-09
9457 6.45658529e-09
9458 6.455220189e-09
9459 6.453855522e-09
9460 6.452491286e-09
9461 6.451127484e-09
9462 6.449764114e-09
9463 6.448401175e-09
9464 6.447038669e-09
9465 6.445676595e-09
9466 6.444314952e-09
9467 6.442953741e-09
9468 6.44159296e-09
9469 6.440232611e-09
9470 6.438872693e-09
9471 6.437513206e-09
9472 6.436154149e-09
9473 6.434795522e-09
9474 6.433437326e-09
9475 6.432079559e-09
9476 6.430722222e-09
9477 6.429365315e-09
9478 6.428008837e-09
9479 6.426652789e-09
9480 6.425297169e-09
9481 6.423941979e-09
9482 6.422587217e-09
9483 6.421232884e-09
9484 6.419878979e-09
9485 6.418525502e-09
9486 6.417172453e-09
9487 6.415819832e-09
9488 6.414467639e-09
9489 6.413115873e-09
9490 6.411764534e-09
9491 6.410413622e-09
9492 6.409063137e-09
9493 6.407713079e-09
9494 6.406363448e-09
9495 6.405014243e-09
9496 6.403665464e-09
9497 6.402317111e-09
9498 6.400969184e-09
9499 6.399621682e-09
9500 6.398274606e-09
9501 6.396927955e-09
9502 6.395581729e-09
9503 6.394235929e-09
9504 6.392890553e-09
9505 6.391545601e-09
9506 6.390201074e-09
9507 6.388856971e-09
9508 6.387513292e-09
9509 6.386170037e-09
9510 6.384827206e-09
9511 6.383484798e-09
9512 6.382142814e-09
9513 6.380801252e-09
9514 6.379460114e-09
9515 6.378119398e-09
9516 6.376779105e-09
9517 6.375439235e-09
9518 6.374099786e-09
9519 6.37276076e-09
9520 6.371422156e-09
9521 6.370083973e-09
9522 6.368746212e-09
9523 6.367408872e-09
9524 6.366071954e-09
9525 6.364735456e-09
9526 6.363399379e-09
9527 6.362063723e-09
9528 6.360728488e-09
9529 6.359393673e-09
9530 6.358059277e-09
9531 6.356725302e-09
9532 6.355391747e-09
9533 6.354058611e-09
9534 6.352725895e-09
9535 6.351393597e-09
9536 6.350061719e-09
9537 6.34873026e-09
9538 6.34739922e-09
9539 6.346068598e-09
9540 6.344738394e-09
9541 6.343408609e-09
9542 6.342079242e-09
9543 6.340750292e-09
9544 6.33942176e-09
9545 6.338093646e-09
9546 6.336765949e-09
9547 6.335438669e-09
9548 6.334111806e-09
9549 6.33278536e-09
9550 6.331459331e-09
9551 6.330133718e-09
9552 6.328808521e-09
9553 6.32748374e-09
9554 6.326159375e-09
9555 6.324835426e-09
9556 6.323511893e-09
9557 6.322188775e-09
9558 6.320866072e-09
9559 6.319543784e-09
9560 6.318221911e-09
9561 6.316900453e-09
9562 6.31557941e-09
9563 6.31425878e-09
9564 6.312938565e-09
9565 6.311618764e-09
9566 6.310299377e-09
9567 6.308980403e-09
9568 6.307661843e-09
9569 6.306343696e-09
9570 6.305025963e-09
9571 6.303708642e-09
9572 6.302391734e-09
9573 6.301075239e-09
9574 6.299759156e-09
9575 6.298443486e-09
9576 6.297128227e-09
9577 6.295813381e-09
9578 6.294498946e-09
9579 6.293184923e-09
9580 6.291871312e-09
9581 6.290558111e-09
9582 6.289245322e-09
9583 6.287932944e-09
9584 6.286620976e-09
9585 6.285309419e-09
9586 6.283998272e-09
9587 6.282687536e-09
9588 6.281377209e-09
9589 6.280067293e-09
9590 6.278757786e-09
9591 6.277448689e-09
9592 6.276140001e-09
9593 6.274831722e-09
9594 6.273523853e-09
9595 6.272216392e-09
9596 6.27090934e-09
9597 6.269602696e-09
9598 6.268296461e-09
9599 6.266990634e-09
9600 6.265685215e-09
9601 6.264380203e-09
9602 6.2630756e-09
9603 6.261771404e-09
9604 6.260467615e-09
9605 6.259164233e-09
9606 6.257861259e-09
9607 6.256558691e-09
9608 6.25525653e-09
9609 6.253954775e-09
9610 6.252653427e-09
9611 6.251352485e-09
9612 6.250051949e-09
9613 6.248751818e-09
9614 6.247452093e-09
9615 6.246152774e-09
9616 6.24485386e-09
9617 6.243555351e-09
9618 6.242257247e-09
9619 6.240959548e-09
9620 6.239662254e-09
9621 6.238365364e-09
9622 6.237068878e-09
9623 6.235772796e-09
9624 6.234477118e-09
9625 6.233181845e-09
9626 6.231886974e-09
9627 6.230592507e-09
9628 6.229298444e-09
9629 6.228004783e-09
9630 6.226711526e-09
9631 6.225418671e-09
9632 6.224126219e-09
9633 6.222834169e-09
9634 6.221542522e-09
9635 6.220251277e-09
9636 6.218960433e-09
9637 6.217669992e-09
9638 6.216379952e-09
9639 6.215090314e-09
9640 6.213801076e-09
9641 6.21251224e-09
9642 6.211223805e-09
9643 6.209935771e-09
9644 6.208648137e-09
9645 6.207360904e-09
9646 6.206074071e-09
9647 6.204787638e-09
9648 6.203501605e-09
9649 6.202215971e-09
9650 6.200930738e-09
9651 6.199645904e-09
9652 6.198361469e-09
9653 6.197077433e-09
9654 6.195793796e-09
9655 6.194510558e-09
9656 6.193227719e-09
9657 6.191945278e-09
9658 6.190663236e-09
9659 6.189381591e-09
9660 6.188100345e-09
9661 6.186819496e-09
9662 6.185539045e-09
9663 6.184258991e-09
9664 6.182979335e-09
9665 6.181700076e-09
9666 6.180421214e-09
9667 6.179142748e-09
9668 6.177864679e-09
9669 6.176587007e-09
9670 6.175309731e-09
9671 6.174032852e-09
9672 6.172756368e-09
9673 6.17148028e-09
9674 6.170204588e-09
9675 6.168929291e-09
9676 6.167654389e-09
9677 6.166379883e-09
9678 6.165105772e-09
9679 6.163832056e-09
9680 6.162558734e-09
9681 6.161285807e-09
9682 6.160013274e-09
9683 6.158741135e-09
9684 6.157469391e-09
9685 6.15619804e-09
9686 6.154927083e-09
9687 6.153656519e-09
9688 6.152386349e-09
9689 6.151116572e-09
9690 6.149847189e-09
9691 6.148578198e-09
9692 6.1473096e-09
9693 6.146041394e-09
9694 6.144773581e-09
9695 6.14350616e-09
9696 6.142239131e-09
9697 6.140972494e-09
9698 6.139706249e-09
9699 6.138440395e-09
9700 6.137174933e-09
9701 6.135909862e-09
9702 6.134645183e-09
9703 6.133380894e-09
9704 6.132116996e-09
9705 6.130853489e-09
9706 6.129590372e-09
9707 6.128327645e-09
9708 6.127065309e-09
9709 6.125803362e-09
9710 6.124541806e-09
9711 6.123280639e-09
9712 6.122019862e-09
9713 6.120759473e-09
9714 6.119499475e-09
9715 6.118239865e-09
9716 6.116980644e-09
9717 6.115721812e-09
9718 6.114463368e-09
9719 6.113205313e-09
9720 6.111947645e-09
9721 6.110690366e-09
9722 6.109433475e-09
9723 6.108176972e-09
9724 6.106920856e-09
9725 6.105665128e-09
9726 6.104409787e-09
9727 6.103154833e-09
9728 6.101900266e-09
9729 6.100646086e-09
9730 6.099392292e-09
9731 6.098138885e-09
9732 6.096885864e-09
9733 6.09563323e-09
9734 6.094380981e-09
9735 6.093129118e-09
9736 6.091877641e-09
9737 6.09062655e-09
9738 6.089375843e-09
9739 6.088125522e-09
9740 6.086875586e-09
9741 6.085626035e-09
9742 6.084376869e-09
9743 6.083128087e-09
9744 6.08187969e-09
9745 6.080631677e-09
9746 6.079384048e-09
9747 6.078136803e-09
9748 6.076889942e-09
9749 6.075643464e-09
9750 6.07439737e-09
9751 6.073151659e-09
9752 6.071906331e-09
9753 6.070661387e-09
9754 6.069416825e-09
9755 6.068172646e-09
9756 6.066928849e-09
9757 6.065685435e-09
9758 6.064442403e-09
9759 6.063199753e-09
9760 6.061957485e-09
9761 6.060715599e-09
9762 6.059474094e-09
9763 6.058232971e-09
9764 6.056992229e-09
9765 6.055751868e-09
9766 6.054511888e-09
9767 6.053272289e-09
9768 6.05203307e-09
9769 6.050794233e-09
9770 6.049555775e-09
9771 6.048317698e-09
9772 6.04708e-09
9773 6.045842683e-09
9774 6.044605745e-09
9775 6.043369187e-09
9776 6.042133008e-09
9777 6.040897208e-09
9778 6.039661788e-09
9779 6.038426746e-09
9780 6.037192084e-09
9781 6.035957799e-09
9782 6.034723894e-09
9783 6.033490367e-09
9784 6.032257217e-09
9785 6.031024446e-09
9786 6.029792053e-09
9787 6.028560038e-09
9788 6.0273284e-09
9789 6.026097139e-09
9790 6.024866256e-09
9791 6.023635749e-09
9792 6.02240562e-09
9793 6.021175868e-09
9794 6.019946492e-09
9795 6.018717492e-09
9796 6.017488869e-09
9797 6.016260622e-09
9798 6.015032751e-09
9799 6.013805256e-09
9800 6.012578137e-09
9801 6.011351393e-09
9802 6.010125025e-09
9803 6.008899031e-09
9804 6.007673413e-09
9805 6.00644817e-09
9806 6.005223302e-09
9807 6.003998808e-09
9808 6.002774689e-09
9809 6.001550944e-09
9810 6.000327573e-09
9811 5.999104577e-09
9812 5.997881954e-09
9813 5.996659705e-09
9814 5.995437829e-09
9815 5.994216327e-09
9816 5.992995198e-09
9817 5.991774442e-09
9818 5.99055406e-09
9819 5.98933405e-09
9820 5.988114412e-09
9821 5.986895147e-09
9822 5.985676255e-09
9823 5.984457735e-09
9824 5.983239586e-09
9825 5.98202181e-09
9826 5.980804405e-09
9827 5.979587372e-09
9828 5.978370711e-09
9829 5.977154421e-09
9830 5.975938502e-09
9831 5.974722953e-09
9832 5.973507776e-09
9833 5.97229297e-09
9834 5.971078533e-09
9835 5.969864468e-09
9836 5.968650772e-09
9837 5.967437447e-09
9838 5.966224492e-09
9839 5.965011906e-09
9840 5.96379969e-09
9841 5.962587843e-09
9842 5.961376366e-09
9843 5.960165258e-09
9844 5.958954519e-09
9845 5.957744149e-09
9846 5.956534148e-09
9847 5.955324515e-09
9848 5.954115251e-09
9849 5.952906355e-09
9850 5.951697827e-09
9851 5.950489667e-09
9852 5.949281875e-09
9853 5.94807445e-09
9854 5.946867394e-09
9855 5.945660704e-09
9856 5.944454382e-09
9857 5.943248427e-09
9858 5.942042839e-09
9859 5.940837617e-09
9860 5.939632762e-09
9861 5.938428274e-09
9862 5.937224152e-09
9863 5.936020396e-09
9864 5.934817007e-09
9865 5.933613983e-09
9866 5.932411325e-09
9867 5.931209033e-09
9868 5.930007106e-09
9869 5.928805544e-09
9870 5.927604348e-09
9871 5.926403516e-09
9872 5.925203049e-09
9873 5.924002948e-09
9874 5.92280321e-09
9875 5.921603837e-09
9876 5.920404829e-09
9877 5.919206184e-09
9878 5.918007904e-09
9879 5.916809987e-09
9880 5.915612434e-09
9881 5.914415245e-09
9882 5.913218419e-09
9883 5.912021956e-09
9884 5.910825856e-09
9885 5.909630119e-09
9886 5.908434745e-09
9887 5.907239734e-09
9888 5.906045085e-09
9889 5.904850799e-09
9890 5.903656874e-09
9891 5.902463312e-09
9892 5.901270112e-09
9893 5.900077274e-09
9894 5.898884797e-09
9895 5.897692681e-09
9896 5.896500927e-09
9897 5.895309534e-09
9898 5.894118503e-09
9899 5.892927832e-09
9900 5.891737522e-09
9901 5.890547572e-09
9902 5.889357983e-09
9903 5.888168754e-09
9904 5.886979886e-09
9905 5.885791377e-09
9906 5.884603229e-09
9907 5.88341544e-09
9908 5.88222801e-09
9909 5.881040941e-09
9910 5.87985423e-09
9911 5.878667879e-09
9912 5.877481886e-09
9913 5.876296253e-09
9914 5.875110978e-09
9915 5.873926062e-09
9916 5.872741504e-09
9917 5.871557304e-09
9918 5.870373463e-09
9919 5.86918998e-09
9920 5.868006854e-09
9921 5.866824086e-09
9922 5.865641676e-09
9923 5.864459623e-09
9924 5.863277928e-09
9925 5.862096589e-09
9926 5.860915608e-09
9927 5.859734983e-09
9928 5.858554715e-09
9929 5.857374804e-09
9930 5.856195249e-09
9931 5.85501605e-09
9932 5.853837208e-09
9933 5.852658721e-09
9934 5.851480591e-09
9935 5.850302816e-09
9936 5.849125396e-09
9937 5.847948332e-09
9938 5.846771623e-09
9939 5.84559527e-09
9940 5.844419271e-09
9941 5.843243627e-09
9942 5.842068338e-09
9943 5.840893404e-09
9944 5.839718824e-09
9945 5.838544598e-09
9946 5.837370726e-09
9947 5.836197208e-09
9948 5.835024044e-09
9949 5.833851234e-09
9950 5.832678777e-09
9951 5.831506674e-09
9952 5.830334924e-09
9953 5.829163527e-09
9954 5.827992483e-09
9955 5.826821792e-09
9956 5.825651454e-09
9957 5.824481468e-09
9958 5.823311835e-09
9959 5.822142554e-09
9960 5.820973625e-09
9961 5.819805048e-09
9962 5.818636823e-09
9963 5.81746895e-09
9964 5.816301428e-09
9965 5.815134258e-09
9966 5.813967439e-09
9967 5.812800971e-09
9968 5.811634854e-09
9969 5.810469088e-09
9970 5.809303673e-09
9971 5.808138608e-09
9972 5.806973894e-09
9973 5.80580953e-09
9974 5.804645517e-09
9975 5.803481853e-09
9976 5.802318539e-09
9977 5.801155575e-09
9978 5.79999296e-09
9979 5.798830695e-09
9980 5.79766878e-09
9981 5.796507213e-09
9982 5.795345996e-09
9983 5.794185127e-09
9984 5.793024608e-09
9985 5.791864436e-09
9986 5.790704614e-09
9987 5.789545139e-09
9988 5.788386013e-09
9989 5.787227235e-09
9990 5.786068805e-09
9991 5.784910723e-09
9992 5.783752988e-09
9993 5.782595601e-09
9994 5.781438561e-09
9995 5.780281869e-09
9996 5.779125523e-09
9997 5.777969525e-09
9998 5.776813873e-09
9999 5.775658568e-09
inf 0.05
