cenario,amostra,janela_requisicoes,objetos_distintos_media,fracao_da_janela
sd01-b300,completa,1,1.0,1.0000
sd01-b300,completa,2,1.2,0.6049
sd01-b300,completa,3,1.4,0.4664
sd01-b300,completa,6,1.9,0.3125
sd01-b300,completa,10,2.4,0.2376
sd01-b300,completa,18,3.2,0.1754
sd01-b300,completa,32,4.2,0.1328
sd01-b300,completa,56,5.8,0.1040
sd01-b300,completa,100,8.4,0.0838
sd01-b300,completa,178,12.6,0.0705
sd01-b300,completa,316,19.6,0.0621
sd01-b300,completa,562,32.0,0.0569
sd01-b300,completa,1000,53.7,0.0537
sd01-b300,completa,1778,92.3,0.0519
sd01-b300,completa,3162,160.8,0.0509
sd01-b300,completa,5623,282.7,0.0503
sd01-b300,completa,10000,499.3,0.0499
sd01-b300,completa,17783,884.4,0.0497
sd01-b300,completa,31623,1568.9,0.0496
sd01-b300,completa,56234,2785.7,0.0495
sd01-b300,completa,100000,4947.3,0.0495
sd01-b300,completa,177828,8786.7,0.0494
sd01-b300,completa,316228,15617.3,0.0494
sd01-b300,completa,562341,27781.5,0.0494
sd01-b300,completa,1000000,49518.0,0.0495
sd01-b300,sis-p01,1,1.0,1.0000
sd01-b300,sis-p01,2,2.0,0.9785
sd01-b300,sis-p01,3,2.9,0.9665
sd01-b300,sis-p01,5,4.8,0.9535
sd01-b300,sis-p01,7,6.6,0.9471
sd01-b300,sis-p01,10,9.4,0.9420
sd01-b300,sis-p01,15,14.1,0.9379
sd01-b300,sis-p01,22,20.6,0.9351
sd01-b300,sis-p01,32,29.9,0.9333
sd01-b300,sis-p01,46,42.9,0.9320
sd01-b300,sis-p01,68,63.3,0.9311
sd01-b300,sis-p01,100,93.0,0.9304
sd01-b300,sis-p01,147,136.7,0.9299
sd01-b300,sis-p01,215,199.8,0.9294
sd01-b300,sis-p01,316,293.6,0.9290
sd01-b300,sis-p01,464,430.9,0.9287
sd01-b300,sis-p01,681,632.2,0.9284
sd01-b300,sis-p01,1000,928.0,0.9280
sd01-b300,sis-p01,1468,1361.7,0.9276
sd01-b300,sis-p01,2155,1997.8,0.9270
sd01-b300,sis-p01,3163,2931.8,0.9269
sd01-b300,sis-p01,4642,4305.5,0.9275
sd01-b300,sis-p01,6814,6315.9,0.9269
sd01-b300,sis-p01,10000,9294.5,0.9294
sd01-b300,sis-p01,10001,9295.0,0.9294
sd01-b300,sis-p10,1,1.0,1.0000
sd01-b300,sis-p10,2,1.7,0.8585
sd01-b300,sis-p10,3,2.3,0.7745
sd01-b300,sis-p10,4,2.9,0.7176
sd01-b300,sis-p10,7,4.3,0.6184
sd01-b300,sis-p10,10,5.7,0.5656
sd01-b300,sis-p10,11,6.1,0.5530
sd01-b300,sis-p10,18,9.0,0.4975
sd01-b300,sis-p10,29,13.3,0.4580
sd01-b300,sis-p10,46,19.8,0.4312
sd01-b300,sis-p10,75,30.9,0.4123
sd01-b300,sis-p10,100,40.4,0.4045
sd01-b300,sis-p10,121,48.4,0.4003
sd01-b300,sis-p10,196,76.9,0.3926
sd01-b300,sis-p10,316,122.5,0.3877
sd01-b300,sis-p10,511,196.6,0.3847
sd01-b300,sis-p10,825,315.8,0.3828
sd01-b300,sis-p10,1000,382.2,0.3822
sd01-b300,sis-p10,1334,509.0,0.3815
sd01-b300,sis-p10,2154,820.1,0.3808
sd01-b300,sis-p10,3481,1323.6,0.3802
sd01-b300,sis-p10,5623,2136.1,0.3799
sd01-b300,sis-p10,9085,3449.0,0.3796
sd01-b300,sis-p10,10000,3795.8,0.3796
sd01-b300,sis-p10,14678,5568.5,0.3794
sd01-b300,sis-p10,23714,8992.8,0.3792
sd01-b300,sis-p10,38312,14528.0,0.3792
sd01-b300,sis-p10,61897,23470.0,0.3792
sd01-b300,sis-p10,100000,37987.0,0.3799
sd01-b300,sis-p10,100001,37987.0,0.3799
sd01-b300,sis-p20,1,1.0,1.0000
sd01-b300,sis-p20,2,1.6,0.7917
sd01-b300,sis-p20,3,2.1,0.6854
sd01-b300,sis-p20,5,2.8,0.5677
sd01-b300,sis-p20,8,3.8,0.4777
sd01-b300,sis-p20,10,4.4,0.4413
sd01-b300,sis-p20,13,5.2,0.4035
sd01-b300,sis-p20,21,7.3,0.3475
sd01-b300,sis-p20,35,10.6,0.3042
sd01-b300,sis-p20,58,15.9,0.2745
sd01-b300,sis-p20,97,24.7,0.2543
sd01-b300,sis-p20,100,25.3,0.2534
sd01-b300,sis-p20,162,39.1,0.2414
sd01-b300,sis-p20,269,62.8,0.2335
sd01-b300,sis-p20,447,102.2,0.2285
sd01-b300,sis-p20,744,167.8,0.2255
sd01-b300,sis-p20,1000,224.3,0.2243
sd01-b300,sis-p20,1237,276.7,0.2237
sd01-b300,sis-p20,2057,457.8,0.2225
sd01-b300,sis-p20,3420,758.7,0.2218
sd01-b300,sis-p20,5687,1259.0,0.2214
sd01-b300,sis-p20,9457,2091.2,0.2211
sd01-b300,sis-p20,10000,2211.0,0.2211
sd01-b300,sis-p20,15727,3474.7,0.2209
sd01-b300,sis-p20,26153,5773.5,0.2208
sd01-b300,sis-p20,43491,9597.3,0.2207
sd01-b300,sis-p20,72324,15961.1,0.2207
sd01-b300,sis-p20,100000,22066.9,0.2207
sd01-b300,sis-p20,120270,26541.0,0.2207
sd01-b300,sis-p20,200001,44192.0,0.2210
sd01-b300,jan-p01-t1k,1,1.0,1.0000
sd01-b300,jan-p01-t1k,2,1.2,0.6075
sd01-b300,jan-p01-t1k,3,1.4,0.4685
sd01-b300,jan-p01-t1k,5,1.7,0.3475
sd01-b300,jan-p01-t1k,7,2.0,0.2888
sd01-b300,jan-p01-t1k,10,2.4,0.2389
sd01-b300,jan-p01-t1k,15,2.9,0.1936
sd01-b300,jan-p01-t1k,22,3.5,0.1599
sd01-b300,jan-p01-t1k,32,4.3,0.1342
sd01-b300,jan-p01-t1k,46,5.3,0.1143
sd01-b300,jan-p01-t1k,68,6.7,0.0979
sd01-b300,jan-p01-t1k,100,8.6,0.0857
sd01-b300,jan-p01-t1k,147,11.3,0.0766
sd01-b300,jan-p01-t1k,215,15.1,0.0703
sd01-b300,jan-p01-t1k,316,20.7,0.0656
sd01-b300,jan-p01-t1k,464,28.9,0.0623
sd01-b300,jan-p01-t1k,681,40.8,0.0599
sd01-b300,jan-p01-t1k,1000,58.3,0.0583
sd01-b300,jan-p01-t1k,1468,83.8,0.0571
sd01-b300,jan-p01-t1k,2154,121.4,0.0563
sd01-b300,jan-p01-t1k,3162,175.7,0.0556
sd01-b300,jan-p01-t1k,4642,256.5,0.0553
sd01-b300,jan-p01-t1k,6813,374.6,0.0550
sd01-b300,jan-p01-t1k,10000,547.0,0.0547
sd01-b300,jan-p10-t1k,1,1.0,1.0000
sd01-b300,jan-p10-t1k,2,1.2,0.6059
sd01-b300,jan-p10-t1k,3,1.4,0.4674
sd01-b300,jan-p10-t1k,4,1.6,0.3941
sd01-b300,jan-p10-t1k,7,2.0,0.2888
sd01-b300,jan-p10-t1k,10,2.4,0.2389
sd01-b300,jan-p10-t1k,11,2.5,0.2273
sd01-b300,jan-p10-t1k,18,3.2,0.1768
sd01-b300,jan-p10-t1k,29,4.1,0.1405
sd01-b300,jan-p10-t1k,46,5.3,0.1145
sd01-b300,jan-p10-t1k,75,7.1,0.0945
sd01-b300,jan-p10-t1k,100,8.6,0.0856
sd01-b300,jan-p10-t1k,121,9.8,0.0807
sd01-b300,jan-p10-t1k,196,13.9,0.0711
sd01-b300,jan-p10-t1k,316,20.5,0.0647
sd01-b300,jan-p10-t1k,511,30.9,0.0605
sd01-b300,jan-p10-t1k,825,47.7,0.0579
sd01-b300,jan-p10-t1k,1000,57.1,0.0571
sd01-b300,jan-p10-t1k,1334,74.9,0.0562
sd01-b300,jan-p10-t1k,2154,118.8,0.0551
sd01-b300,jan-p10-t1k,3481,189.7,0.0545
sd01-b300,jan-p10-t1k,5623,303.8,0.0540
sd01-b300,jan-p10-t1k,9085,488.0,0.0537
sd01-b300,jan-p10-t1k,10000,536.6,0.0537
sd01-b300,jan-p10-t1k,14678,785.1,0.0535
sd01-b300,jan-p10-t1k,23714,1264.9,0.0533
sd01-b300,jan-p10-t1k,38312,2044.7,0.0534
sd01-b300,jan-p10-t1k,61897,3301.0,0.0533
sd01-b300,jan-p10-t1k,100000,5342.0,0.0534
sd01-b300,jan-p20-t1k,1,1.0,1.0000
sd01-b300,jan-p20-t1k,2,1.2,0.6057
sd01-b300,jan-p20-t1k,3,1.4,0.4674
sd01-b300,jan-p20-t1k,5,1.7,0.3471
sd01-b300,jan-p20-t1k,8,2.2,0.2688
sd01-b300,jan-p20-t1k,10,2.4,0.2390
sd01-b300,jan-p20-t1k,13,2.7,0.2087
sd01-b300,jan-p20-t1k,21,3.4,0.1641
sd01-b300,jan-p20-t1k,35,4.5,0.1292
sd01-b300,jan-p20-t1k,58,6.1,0.1045
sd01-b300,jan-p20-t1k,97,8.4,0.0868
sd01-b300,jan-p20-t1k,100,8.6,0.0859
sd01-b300,jan-p20-t1k,162,12.1,0.0748
sd01-b300,jan-p20-t1k,269,18.0,0.0669
sd01-b300,jan-p20-t1k,447,27.6,0.0617
sd01-b300,jan-p20-t1k,744,43.5,0.0585
sd01-b300,jan-p20-t1k,1000,57.3,0.0573
sd01-b300,jan-p20-t1k,1237,70.0,0.0566
sd01-b300,jan-p20-t1k,2057,114.0,0.0554
sd01-b300,jan-p20-t1k,3420,187.0,0.0547
sd01-b300,jan-p20-t1k,5687,308.6,0.0543
sd01-b300,jan-p20-t1k,9457,510.4,0.0540
sd01-b300,jan-p20-t1k,10000,539.4,0.0539
sd01-b300,jan-p20-t1k,15727,845.4,0.0538
sd01-b300,jan-p20-t1k,26153,1401.9,0.0536
sd01-b300,jan-p20-t1k,43491,2326.8,0.0535
sd01-b300,jan-p20-t1k,72323,3862.1,0.0534
sd01-b300,jan-p20-t1k,100000,5333.3,0.0533
sd01-b300,jan-p20-t1k,120269,6418.7,0.0534
sd01-b300,jan-p20-t1k,200000,10725.0,0.0536
sd01-b300,jan-p01-t10k,1,1.0,1.0000
sd01-b300,jan-p01-t10k,2,1.2,0.6090
sd01-b300,jan-p01-t10k,3,1.4,0.4711
sd01-b300,jan-p01-t10k,5,1.8,0.3508
sd01-b300,jan-p01-t10k,7,2.0,0.2920
sd01-b300,jan-p01-t10k,10,2.4,0.2416
sd01-b300,jan-p01-t10k,15,2.9,0.1958
sd01-b300,jan-p01-t10k,22,3.6,0.1617
sd01-b300,jan-p01-t10k,32,4.3,0.1353
sd01-b300,jan-p01-t10k,46,5.3,0.1152
sd01-b300,jan-p01-t10k,68,6.7,0.0982
sd01-b300,jan-p01-t10k,100,8.6,0.0858
sd01-b300,jan-p01-t10k,147,11.2,0.0765
sd01-b300,jan-p01-t10k,215,15.0,0.0697
sd01-b300,jan-p01-t10k,316,20.4,0.0646
sd01-b300,jan-p01-t10k,464,28.3,0.0611
sd01-b300,jan-p01-t10k,681,39.9,0.0585
sd01-b300,jan-p01-t10k,1000,56.7,0.0567
sd01-b300,jan-p01-t10k,1468,81.4,0.0554
sd01-b300,jan-p01-t10k,2154,117.1,0.0544
sd01-b300,jan-p01-t10k,3162,168.8,0.0534
sd01-b300,jan-p01-t10k,4642,243.8,0.0525
sd01-b300,jan-p01-t10k,6813,359.0,0.0527
sd01-b300,jan-p01-t10k,10000,528.0,0.0528
sd01-b300,jan-p10-t10k,1,1.0,1.0000
sd01-b300,jan-p10-t10k,2,1.2,0.6058
sd01-b300,jan-p10-t10k,3,1.4,0.4673
sd01-b300,jan-p10-t10k,4,1.6,0.3938
sd01-b300,jan-p10-t10k,7,2.0,0.2884
sd01-b300,jan-p10-t10k,10,2.4,0.2386
sd01-b300,jan-p10-t10k,11,2.5,0.2271
sd01-b300,jan-p10-t10k,18,3.2,0.1765
sd01-b300,jan-p10-t10k,29,4.1,0.1400
sd01-b300,jan-p10-t10k,46,5.2,0.1139
sd01-b300,jan-p10-t10k,75,7.0,0.0937
sd01-b300,jan-p10-t10k,100,8.5,0.0847
sd01-b300,jan-p10-t10k,121,9.6,0.0797
sd01-b300,jan-p10-t10k,196,13.7,0.0699
sd01-b300,jan-p10-t10k,316,20.0,0.0632
sd01-b300,jan-p10-t10k,511,30.0,0.0587
sd01-b300,jan-p10-t10k,825,46.1,0.0559
sd01-b300,jan-p10-t10k,1000,55.0,0.0550
sd01-b300,jan-p10-t10k,1334,72.0,0.0540
sd01-b300,jan-p10-t10k,2154,113.8,0.0528
sd01-b300,jan-p10-t10k,3481,181.2,0.0520
sd01-b300,jan-p10-t10k,5623,290.0,0.0516
sd01-b300,jan-p10-t10k,9085,465.7,0.0513
sd01-b300,jan-p10-t10k,10000,512.1,0.0512
sd01-b300,jan-p10-t10k,14678,749.6,0.0511
sd01-b300,jan-p10-t10k,23714,1209.1,0.0510
sd01-b300,jan-p10-t10k,38312,1951.8,0.0509
sd01-b300,jan-p10-t10k,61897,3150.7,0.0509
sd01-b300,jan-p10-t10k,100000,5098.0,0.0510
sd01-b300,jan-p20-t10k,1,1.0,1.0000
sd01-b300,jan-p20-t10k,2,1.2,0.6053
sd01-b300,jan-p20-t10k,3,1.4,0.4667
sd01-b300,jan-p20-t10k,5,1.7,0.3461
sd01-b300,jan-p20-t10k,8,2.1,0.2677
sd01-b300,jan-p20-t10k,10,2.4,0.2378
sd01-b300,jan-p20-t10k,13,2.7,0.2075
sd01-b300,jan-p20-t10k,21,3.4,0.1628
sd01-b300,jan-p20-t10k,35,4.5,0.1278
sd01-b300,jan-p20-t10k,58,6.0,0.1029
sd01-b300,jan-p20-t10k,97,8.2,0.0850
sd01-b300,jan-p20-t10k,100,8.4,0.0841
sd01-b300,jan-p20-t10k,162,11.8,0.0727
sd01-b300,jan-p20-t10k,269,17.4,0.0646
sd01-b300,jan-p20-t10k,447,26.5,0.0592
sd01-b300,jan-p20-t10k,744,41.5,0.0558
sd01-b300,jan-p20-t10k,1000,54.4,0.0544
sd01-b300,jan-p20-t10k,1237,66.4,0.0536
sd01-b300,jan-p20-t10k,2057,107.6,0.0523
sd01-b300,jan-p20-t10k,3420,176.2,0.0515
sd01-b300,jan-p20-t10k,5687,290.1,0.0510
sd01-b300,jan-p20-t10k,9457,479.7,0.0507
sd01-b300,jan-p20-t10k,10000,507.0,0.0507
sd01-b300,jan-p20-t10k,15727,793.9,0.0505
sd01-b300,jan-p20-t10k,26153,1316.2,0.0503
sd01-b300,jan-p20-t10k,43491,2185.1,0.0502
sd01-b300,jan-p20-t10k,72323,3632.3,0.0502
sd01-b300,jan-p20-t10k,100000,5031.4,0.0503
sd01-b300,jan-p20-t10k,120269,6042.6,0.0502
sd01-b300,jan-p20-t10k,200000,10069.0,0.0503
sd02-b250,completa,1,1.0,1.0000
sd02-b250,completa,2,1.3,0.6460
sd02-b250,completa,3,1.5,0.5158
sd02-b250,completa,6,2.2,0.3614
sd02-b250,completa,10,2.8,0.2806
sd02-b250,completa,18,3.8,0.2111
sd02-b250,completa,32,5.2,0.1617
sd02-b250,completa,56,7.1,0.1269
sd02-b250,completa,100,10.1,0.1013
sd02-b250,completa,178,14.9,0.0835
sd02-b250,completa,316,22.5,0.0713
sd02-b250,completa,562,35.5,0.0632
sd02-b250,completa,1000,57.8,0.0578
sd02-b250,completa,1778,96.9,0.0545
sd02-b250,completa,3162,165.8,0.0524
sd02-b250,completa,5623,287.9,0.0512
sd02-b250,completa,10000,504.8,0.0505
sd02-b250,completa,17783,890.0,0.0500
sd02-b250,completa,31623,1574.7,0.0498
sd02-b250,completa,56234,2791.7,0.0496
sd02-b250,completa,100000,4953.5,0.0495
sd02-b250,completa,177828,8793.0,0.0494
sd02-b250,completa,316228,15623.7,0.0494
sd02-b250,completa,562341,27788.1,0.0494
sd02-b250,completa,1000000,49525.0,0.0495
sd02-b250,sis-p01,1,1.0,1.0000
sd02-b250,sis-p01,2,2.0,0.9784
sd02-b250,sis-p01,3,2.9,0.9659
sd02-b250,sis-p01,5,4.8,0.9504
sd02-b250,sis-p01,7,6.6,0.9411
sd02-b250,sis-p01,10,9.3,0.9331
sd02-b250,sis-p01,15,13.9,0.9258
sd02-b250,sis-p01,22,20.3,0.9205
sd02-b250,sis-p01,32,29.3,0.9166
sd02-b250,sis-p01,46,42.0,0.9140
sd02-b250,sis-p01,68,62.0,0.9119
sd02-b250,sis-p01,100,91.0,0.9104
sd02-b250,sis-p01,147,133.7,0.9094
sd02-b250,sis-p01,215,195.3,0.9086
sd02-b250,sis-p01,316,286.9,0.9079
sd02-b250,sis-p01,464,421.1,0.9074
sd02-b250,sis-p01,681,617.7,0.9071
sd02-b250,sis-p01,1000,906.7,0.9067
sd02-b250,sis-p01,1468,1330.8,0.9065
sd02-b250,sis-p01,2155,1952.9,0.9062
sd02-b250,sis-p01,3163,2866.7,0.9063
sd02-b250,sis-p01,4642,4208.7,0.9067
sd02-b250,sis-p01,6814,6175.3,0.9063
sd02-b250,sis-p01,10000,9077.0,0.9077
sd02-b250,sis-p01,10001,9078.0,0.9077
sd02-b250,sis-p10,1,1.0,1.0000
sd02-b250,sis-p10,2,1.8,0.8875
sd02-b250,sis-p10,3,2.5,0.8175
sd02-b250,sis-p10,4,3.1,0.7676
sd02-b250,sis-p10,7,4.7,0.6746
sd02-b250,sis-p10,10,6.2,0.6208
sd02-b250,sis-p10,11,6.7,0.6074
sd02-b250,sis-p10,18,9.8,0.5452
sd02-b250,sis-p10,29,14.4,0.4967
sd02-b250,sis-p10,46,21.2,0.4602
sd02-b250,sis-p10,75,32.4,0.4315
sd02-b250,sis-p10,100,41.9,0.4187
sd02-b250,sis-p10,121,49.8,0.4117
sd02-b250,sis-p10,196,78.0,0.3980
sd02-b250,sis-p10,316,122.9,0.3890
sd02-b250,sis-p10,511,195.8,0.3831
sd02-b250,sis-p10,825,312.9,0.3792
sd02-b250,sis-p10,1000,378.1,0.3781
sd02-b250,sis-p10,1334,502.5,0.3767
sd02-b250,sis-p10,2154,807.9,0.3751
sd02-b250,sis-p10,3481,1301.9,0.3740
sd02-b250,sis-p10,5623,2098.4,0.3732
sd02-b250,sis-p10,9085,3385.0,0.3726
sd02-b250,sis-p10,10000,3724.8,0.3725
sd02-b250,sis-p10,14678,5461.3,0.3721
sd02-b250,sis-p10,23714,8814.7,0.3717
sd02-b250,sis-p10,38312,14245.3,0.3718
sd02-b250,sis-p10,61897,23011.1,0.3718
sd02-b250,sis-p10,100000,37266.5,0.3727
sd02-b250,sis-p10,100001,37267.0,0.3727
sd02-b250,sis-p20,1,1.0,1.0000
sd02-b250,sis-p20,2,1.7,0.8374
sd02-b250,sis-p20,3,2.2,0.7439
sd02-b250,sis-p20,5,3.2,0.6340
sd02-b250,sis-p20,8,4.4,0.5441
sd02-b250,sis-p20,10,5.1,0.5059
sd02-b250,sis-p20,13,6.0,0.4648
sd02-b250,sis-p20,21,8.4,0.4007
sd02-b250,sis-p20,35,12.2,0.3474
sd02-b250,sis-p20,58,17.8,0.3075
sd02-b250,sis-p20,97,27.0,0.2781
sd02-b250,sis-p20,100,27.7,0.2766
sd02-b250,sis-p20,162,41.7,0.2574
sd02-b250,sis-p20,269,65.5,0.2435
sd02-b250,sis-p20,447,104.8,0.2344
sd02-b250,sis-p20,744,170.0,0.2284
sd02-b250,sis-p20,1000,226.0,0.2260
sd02-b250,sis-p20,1237,277.9,0.2247
sd02-b250,sis-p20,2057,457.3,0.2223
sd02-b250,sis-p20,3420,755.2,0.2208
sd02-b250,sis-p20,5687,1250.6,0.2199
sd02-b250,sis-p20,9457,2074.0,0.2193
sd02-b250,sis-p20,10000,2192.5,0.2193
sd02-b250,sis-p20,15727,3441.9,0.2189
sd02-b250,sis-p20,26153,5714.7,0.2185
sd02-b250,sis-p20,43491,9491.6,0.2182
sd02-b250,sis-p20,72324,15779.1,0.2182
sd02-b250,sis-p20,100000,21818.2,0.2182
sd02-b250,sis-p20,120270,26238.1,0.2182
sd02-b250,sis-p20,200001,43739.0,0.2187
sd02-b250,jan-p01-t1k,1,1.0,1.0000
sd02-b250,jan-p01-t1k,2,1.3,0.6477
sd02-b250,jan-p01-t1k,3,1.6,0.5184
sd02-b250,jan-p01-t1k,5,2.0,0.3983
sd02-b250,jan-p01-t1k,7,2.4,0.3363
sd02-b250,jan-p01-t1k,10,2.8,0.2819
sd02-b250,jan-p01-t1k,15,3.5,0.2315
sd02-b250,jan-p01-t1k,22,4.3,0.1935
sd02-b250,jan-p01-t1k,32,5.2,0.1635
sd02-b250,jan-p01-t1k,46,6.4,0.1399
sd02-b250,jan-p01-t1k,68,8.1,0.1194
sd02-b250,jan-p01-t1k,100,10.4,0.1037
sd02-b250,jan-p01-t1k,147,13.5,0.0916
sd02-b250,jan-p01-t1k,215,17.7,0.0824
sd02-b250,jan-p01-t1k,316,23.9,0.0756
sd02-b250,jan-p01-t1k,464,32.7,0.0705
sd02-b250,jan-p01-t1k,681,45.4,0.0667
sd02-b250,jan-p01-t1k,1000,64.2,0.0642
sd02-b250,jan-p01-t1k,1468,91.4,0.0622
sd02-b250,jan-p01-t1k,2154,131.4,0.0610
sd02-b250,jan-p01-t1k,3162,189.3,0.0599
sd02-b250,jan-p01-t1k,4642,274.8,0.0592
sd02-b250,jan-p01-t1k,6813,401.0,0.0589
sd02-b250,jan-p01-t1k,10000,583.0,0.0583
sd02-b250,jan-p10-t1k,1,1.0,1.0000
sd02-b250,jan-p10-t1k,2,1.3,0.6467
sd02-b250,jan-p10-t1k,3,1.6,0.5169
sd02-b250,jan-p10-t1k,4,1.8,0.4449
sd02-b250,jan-p10-t1k,7,2.4,0.3361
sd02-b250,jan-p10-t1k,10,2.8,0.2821
sd02-b250,jan-p10-t1k,11,3.0,0.2693
sd02-b250,jan-p10-t1k,18,3.8,0.2128
sd02-b250,jan-p10-t1k,29,5.0,0.1711
sd02-b250,jan-p10-t1k,46,6.5,0.1403
sd02-b250,jan-p10-t1k,75,8.7,0.1155
sd02-b250,jan-p10-t1k,100,10.4,0.1041
sd02-b250,jan-p10-t1k,121,11.8,0.0977
sd02-b250,jan-p10-t1k,196,16.6,0.0845
sd02-b250,jan-p10-t1k,316,23.8,0.0753
sd02-b250,jan-p10-t1k,511,35.2,0.0689
sd02-b250,jan-p10-t1k,825,53.3,0.0647
sd02-b250,jan-p10-t1k,1000,63.4,0.0634
sd02-b250,jan-p10-t1k,1334,82.6,0.0620
sd02-b250,jan-p10-t1k,2154,129.9,0.0603
sd02-b250,jan-p10-t1k,3481,206.2,0.0592
sd02-b250,jan-p10-t1k,5623,329.3,0.0586
sd02-b250,jan-p10-t1k,9085,527.8,0.0581
sd02-b250,jan-p10-t1k,10000,580.2,0.0580
sd02-b250,jan-p10-t1k,14678,848.3,0.0578
sd02-b250,jan-p10-t1k,23714,1365.2,0.0576
sd02-b250,jan-p10-t1k,38312,2203.3,0.0575
sd02-b250,jan-p10-t1k,61897,3555.9,0.0574
sd02-b250,jan-p10-t1k,100000,5751.0,0.0575
sd02-b250,jan-p20-t1k,1,1.0,1.0000
sd02-b250,jan-p20-t1k,2,1.3,0.6467
sd02-b250,jan-p20-t1k,3,1.6,0.5169
sd02-b250,jan-p20-t1k,5,2.0,0.3973
sd02-b250,jan-p20-t1k,8,2.5,0.3147
sd02-b250,jan-p20-t1k,10,2.8,0.2822
sd02-b250,jan-p20-t1k,13,3.2,0.2485
sd02-b250,jan-p20-t1k,21,4.2,0.1981
sd02-b250,jan-p20-t1k,35,5.5,0.1575
sd02-b250,jan-p20-t1k,58,7.4,0.1276
sd02-b250,jan-p20-t1k,97,10.2,0.1053
sd02-b250,jan-p20-t1k,100,10.4,0.1042
sd02-b250,jan-p20-t1k,162,14.5,0.0893
sd02-b250,jan-p20-t1k,269,21.0,0.0782
sd02-b250,jan-p20-t1k,447,31.6,0.0706
sd02-b250,jan-p20-t1k,744,48.8,0.0656
sd02-b250,jan-p20-t1k,1000,63.6,0.0636
sd02-b250,jan-p20-t1k,1237,77.3,0.0625
sd02-b250,jan-p20-t1k,2057,124.6,0.0606
sd02-b250,jan-p20-t1k,3420,203.2,0.0594
sd02-b250,jan-p20-t1k,5687,334.1,0.0587
sd02-b250,jan-p20-t1k,9457,551.3,0.0583
sd02-b250,jan-p20-t1k,10000,582.6,0.0583
sd02-b250,jan-p20-t1k,15727,912.1,0.0580
sd02-b250,jan-p20-t1k,26153,1511.2,0.0578
sd02-b250,jan-p20-t1k,43491,2505.8,0.0576
sd02-b250,jan-p20-t1k,72323,4153.5,0.0574
sd02-b250,jan-p20-t1k,100000,5732.8,0.0573
sd02-b250,jan-p20-t1k,120269,6901.0,0.0574
sd02-b250,jan-p20-t1k,200000,11539.0,0.0577
sd02-b250,jan-p01-t10k,1,1.0,1.0000
sd02-b250,jan-p01-t10k,2,1.3,0.6482
sd02-b250,jan-p01-t10k,3,1.6,0.5189
sd02-b250,jan-p01-t10k,5,2.0,0.4002
sd02-b250,jan-p01-t10k,7,2.4,0.3397
sd02-b250,jan-p01-t10k,10,2.9,0.2860
sd02-b250,jan-p01-t10k,15,3.5,0.2351
sd02-b250,jan-p01-t10k,22,4.3,0.1962
sd02-b250,jan-p01-t10k,32,5.3,0.1652
sd02-b250,jan-p01-t10k,46,6.5,0.1410
sd02-b250,jan-p01-t10k,68,8.1,0.1198
sd02-b250,jan-p01-t10k,100,10.3,0.1034
sd02-b250,jan-p01-t10k,147,13.3,0.0905
sd02-b250,jan-p01-t10k,215,17.4,0.0811
sd02-b250,jan-p01-t10k,316,23.3,0.0738
sd02-b250,jan-p01-t10k,464,31.7,0.0683
sd02-b250,jan-p01-t10k,681,43.5,0.0639
sd02-b250,jan-p01-t10k,1000,60.6,0.0606
sd02-b250,jan-p01-t10k,1468,85.5,0.0582
sd02-b250,jan-p01-t10k,2154,121.4,0.0564
sd02-b250,jan-p01-t10k,3162,173.2,0.0548
sd02-b250,jan-p01-t10k,4642,248.2,0.0535
sd02-b250,jan-p01-t10k,6813,363.4,0.0533
sd02-b250,jan-p01-t10k,10000,533.0,0.0533
sd02-b250,jan-p10-t10k,1,1.0,1.0000
sd02-b250,jan-p10-t10k,2,1.3,0.6465
sd02-b250,jan-p10-t10k,3,1.5,0.5166
sd02-b250,jan-p10-t10k,4,1.8,0.4443
sd02-b250,jan-p10-t10k,7,2.3,0.3356
sd02-b250,jan-p10-t10k,10,2.8,0.2816
sd02-b250,jan-p10-t10k,11,3.0,0.2688
sd02-b250,jan-p10-t10k,18,3.8,0.2122
sd02-b250,jan-p10-t10k,29,4.9,0.1700
sd02-b250,jan-p10-t10k,46,6.4,0.1389
sd02-b250,jan-p10-t10k,75,8.5,0.1139
sd02-b250,jan-p10-t10k,100,10.2,0.1023
sd02-b250,jan-p10-t10k,121,11.6,0.0956
sd02-b250,jan-p10-t10k,196,16.1,0.0821
sd02-b250,jan-p10-t10k,316,22.9,0.0724
sd02-b250,jan-p10-t10k,511,33.5,0.0655
sd02-b250,jan-p10-t10k,825,50.0,0.0606
sd02-b250,jan-p10-t10k,1000,59.1,0.0591
sd02-b250,jan-p10-t10k,1334,76.5,0.0573
sd02-b250,jan-p10-t10k,2154,118.7,0.0551
sd02-b250,jan-p10-t10k,3481,186.8,0.0537
sd02-b250,jan-p10-t10k,5623,296.7,0.0528
sd02-b250,jan-p10-t10k,9085,474.3,0.0522
sd02-b250,jan-p10-t10k,10000,521.1,0.0521
sd02-b250,jan-p10-t10k,14678,760.9,0.0518
sd02-b250,jan-p10-t10k,23714,1224.8,0.0517
sd02-b250,jan-p10-t10k,38312,1975.0,0.0516
sd02-b250,jan-p10-t10k,61897,3186.1,0.0515
sd02-b250,jan-p10-t10k,100000,5152.0,0.0515
sd02-b250,jan-p20-t10k,1,1.0,1.0000
sd02-b250,jan-p20-t10k,2,1.3,0.6458
sd02-b250,jan-p20-t10k,3,1.5,0.5157
sd02-b250,jan-p20-t10k,5,2.0,0.3957
sd02-b250,jan-p20-t10k,8,2.5,0.3131
sd02-b250,jan-p20-t10k,10,2.8,0.2805
sd02-b250,jan-p20-t10k,13,3.2,0.2469
sd02-b250,jan-p20-t10k,21,4.1,0.1966
sd02-b250,jan-p20-t10k,35,5.4,0.1557
sd02-b250,jan-p20-t10k,58,7.3,0.1255
sd02-b250,jan-p20-t10k,97,10.0,0.1028
sd02-b250,jan-p20-t10k,100,10.2,0.1017
sd02-b250,jan-p20-t10k,162,14.0,0.0863
sd02-b250,jan-p20-t10k,269,20.1,0.0748
sd02-b250,jan-p20-t10k,447,29.8,0.0666
sd02-b250,jan-p20-t10k,744,45.4,0.0610
sd02-b250,jan-p20-t10k,1000,58.7,0.0587
sd02-b250,jan-p20-t10k,1237,70.8,0.0573
sd02-b250,jan-p20-t10k,2057,112.8,0.0548
sd02-b250,jan-p20-t10k,3420,182.2,0.0533
sd02-b250,jan-p20-t10k,5687,297.5,0.0523
sd02-b250,jan-p20-t10k,9457,489.3,0.0517
sd02-b250,jan-p20-t10k,10000,516.9,0.0517
sd02-b250,jan-p20-t10k,15727,807.1,0.0513
sd02-b250,jan-p20-t10k,26153,1335.5,0.0511
sd02-b250,jan-p20-t10k,43491,2214.7,0.0509
sd02-b250,jan-p20-t10k,72323,3679.5,0.0509
sd02-b250,jan-p20-t10k,100000,5096.4,0.0510
sd02-b250,jan-p20-t10k,120269,6119.1,0.0509
sd02-b250,jan-p20-t10k,200000,10185.0,0.0509
sd03-b200,completa,1,1.0,1.0000
sd03-b200,completa,2,1.4,0.7112
sd03-b200,completa,3,1.8,0.5946
sd03-b200,completa,6,2.7,0.4425
sd03-b200,completa,10,3.6,0.3563
sd03-b200,completa,18,5.0,0.2783
sd03-b200,completa,32,7.0,0.2197
sd03-b200,completa,56,9.9,0.1760
sd03-b200,completa,100,14.2,0.1415
sd03-b200,completa,178,20.6,0.1158
sd03-b200,completa,316,30.6,0.0968
sd03-b200,completa,562,46.5,0.0828
sd03-b200,completa,1000,72.6,0.0726
sd03-b200,completa,1778,115.9,0.0652
sd03-b200,completa,3162,189.7,0.0600
sd03-b200,completa,5623,317.0,0.0564
sd03-b200,completa,10000,539.0,0.0539
sd03-b200,completa,17783,929.5,0.0523
sd03-b200,completa,31623,1619.4,0.0512
sd03-b200,completa,56234,2840.8,0.0505
sd03-b200,completa,100000,5005.6,0.0501
sd03-b200,completa,177828,8847.4,0.0498
sd03-b200,completa,316228,15679.1,0.0496
sd03-b200,completa,562341,27845.8,0.0495
sd03-b200,completa,1000000,49576.0,0.0496
sd03-b200,sis-p01,1,1.0,1.0000
sd03-b200,sis-p01,2,2.0,0.9841
sd03-b200,sis-p01,3,2.9,0.9738
sd03-b200,sis-p01,5,4.8,0.9600
sd03-b200,sis-p01,7,6.7,0.9504
sd03-b200,sis-p01,10,9.4,0.9404
sd03-b200,sis-p01,15,13.9,0.9298
sd03-b200,sis-p01,22,20.3,0.9208
sd03-b200,sis-p01,32,29.2,0.9125
sd03-b200,sis-p01,46,41.7,0.9055
sd03-b200,sis-p01,68,61.1,0.8990
sd03-b200,sis-p01,100,89.4,0.8941
sd03-b200,sis-p01,147,130.9,0.8903
sd03-b200,sis-p01,215,190.8,0.8874
sd03-b200,sis-p01,316,279.7,0.8851
sd03-b200,sis-p01,464,409.9,0.8834
sd03-b200,sis-p01,681,600.8,0.8822
sd03-b200,sis-p01,1000,881.0,0.8810
sd03-b200,sis-p01,1468,1291.5,0.8798
sd03-b200,sis-p01,2155,1895.3,0.8795
sd03-b200,sis-p01,3163,2782.7,0.8798
sd03-b200,sis-p01,4642,4084.5,0.8799
sd03-b200,sis-p01,6814,5992.8,0.8795
sd03-b200,sis-p01,10000,8800.0,0.8800
sd03-b200,sis-p01,10001,8801.0,0.8800
sd03-b200,sis-p10,1,1.0,1.0000
sd03-b200,sis-p10,2,1.8,0.9246
sd03-b200,sis-p10,3,2.6,0.8745
sd03-b200,sis-p10,4,3.3,0.8372
sd03-b200,sis-p10,7,5.3,0.7628
sd03-b200,sis-p10,10,7.2,0.7159
sd03-b200,sis-p10,11,7.7,0.7036
sd03-b200,sis-p10,18,11.6,0.6426
sd03-b200,sis-p10,29,17.1,0.5888
sd03-b200,sis-p10,46,25.0,0.5429
sd03-b200,sis-p10,75,37.6,0.5013
sd03-b200,sis-p10,100,48.1,0.4805
sd03-b200,sis-p10,121,56.6,0.4681
sd03-b200,sis-p10,196,86.5,0.4412
sd03-b200,sis-p10,316,132.9,0.4206
sd03-b200,sis-p10,511,206.8,0.4047
sd03-b200,sis-p10,825,324.1,0.3928
sd03-b200,sis-p10,1000,389.1,0.3891
sd03-b200,sis-p10,1334,512.6,0.3843
sd03-b200,sis-p10,2154,814.6,0.3782
sd03-b200,sis-p10,3481,1301.5,0.3739
sd03-b200,sis-p10,5623,2085.3,0.3708
sd03-b200,sis-p10,9085,3350.4,0.3688
sd03-b200,sis-p10,10000,3684.5,0.3685
sd03-b200,sis-p10,14678,5392.3,0.3674
sd03-b200,sis-p10,23714,8691.8,0.3665
sd03-b200,sis-p10,38312,14038.5,0.3664
sd03-b200,sis-p10,61897,22660.6,0.3661
sd03-b200,sis-p10,100000,36580.0,0.3658
sd03-b200,sis-p10,100001,36580.0,0.3658
sd03-b200,sis-p20,1,1.0,1.0000
sd03-b200,sis-p20,2,1.8,0.8873
sd03-b200,sis-p20,3,2.5,0.8168
sd03-b200,sis-p20,5,3.6,0.7275
sd03-b200,sis-p20,8,5.2,0.6481
sd03-b200,sis-p20,10,6.1,0.6121
sd03-b200,sis-p20,13,7.4,0.5717
sd03-b200,sis-p20,21,10.6,0.5040
sd03-b200,sis-p20,35,15.4,0.4414
sd03-b200,sis-p20,58,22.6,0.3896
sd03-b200,sis-p20,97,33.6,0.3468
sd03-b200,sis-p20,100,34.5,0.3445
sd03-b200,sis-p20,162,50.7,0.3128
sd03-b200,sis-p20,269,77.1,0.2867
sd03-b200,sis-p20,447,119.2,0.2667
sd03-b200,sis-p20,744,187.3,0.2518
sd03-b200,sis-p20,1000,245.0,0.2450
sd03-b200,sis-p20,1237,297.9,0.2408
sd03-b200,sis-p20,2057,479.2,0.2330
sd03-b200,sis-p20,3420,778.2,0.2276
sd03-b200,sis-p20,5687,1272.8,0.2238
sd03-b200,sis-p20,9457,2092.2,0.2212
sd03-b200,sis-p20,10000,2210.0,0.2210
sd03-b200,sis-p20,15727,3451.2,0.2194
sd03-b200,sis-p20,26153,5706.7,0.2182
sd03-b200,sis-p20,43491,9453.2,0.2174
sd03-b200,sis-p20,72324,15691.9,0.2170
sd03-b200,sis-p20,100000,21681.5,0.2168
sd03-b200,sis-p20,120270,26066.6,0.2167
sd03-b200,sis-p20,200001,43394.0,0.2170
sd03-b200,jan-p01-t1k,1,1.0,1.0000
sd03-b200,jan-p01-t1k,2,1.4,0.7138
sd03-b200,jan-p01-t1k,3,1.8,0.5970
sd03-b200,jan-p01-t1k,5,2.4,0.4807
sd03-b200,jan-p01-t1k,7,2.9,0.4172
sd03-b200,jan-p01-t1k,10,3.6,0.3590
sd03-b200,jan-p01-t1k,15,4.6,0.3036
sd03-b200,jan-p01-t1k,22,5.7,0.2588
sd03-b200,jan-p01-t1k,32,7.1,0.2225
sd03-b200,jan-p01-t1k,46,8.9,0.1933
sd03-b200,jan-p01-t1k,68,11.3,0.1667
sd03-b200,jan-p01-t1k,100,14.5,0.1452
sd03-b200,jan-p01-t1k,147,18.8,0.1278
sd03-b200,jan-p01-t1k,215,24.5,0.1142
sd03-b200,jan-p01-t1k,316,32.7,0.1034
sd03-b200,jan-p01-t1k,464,44.0,0.0948
sd03-b200,jan-p01-t1k,681,60.0,0.0882
sd03-b200,jan-p01-t1k,1000,83.7,0.0837
sd03-b200,jan-p01-t1k,1468,117.8,0.0802
sd03-b200,jan-p01-t1k,2154,168.2,0.0781
sd03-b200,jan-p01-t1k,3162,241.7,0.0764
sd03-b200,jan-p01-t1k,4642,350.0,0.0754
sd03-b200,jan-p01-t1k,6813,508.7,0.0747
sd03-b200,jan-p01-t1k,10000,725.0,0.0725
sd03-b200,jan-p10-t1k,1,1.0,1.0000
sd03-b200,jan-p10-t1k,2,1.4,0.7115
sd03-b200,jan-p10-t1k,3,1.8,0.5953
sd03-b200,jan-p10-t1k,4,2.1,0.5266
sd03-b200,jan-p10-t1k,7,2.9,0.4156
sd03-b200,jan-p10-t1k,10,3.6,0.3575
sd03-b200,jan-p10-t1k,11,3.8,0.3435
sd03-b200,jan-p10-t1k,18,5.0,0.2798
sd03-b200,jan-p10-t1k,29,6.7,0.2308
sd03-b200,jan-p10-t1k,46,8.9,0.1930
sd03-b200,jan-p10-t1k,75,12.1,0.1610
sd03-b200,jan-p10-t1k,100,14.6,0.1455
sd03-b200,jan-p10-t1k,121,16.5,0.1365
sd03-b200,jan-p10-t1k,196,23.0,0.1173
sd03-b200,jan-p10-t1k,316,32.6,0.1030
sd03-b200,jan-p10-t1k,511,47.3,0.0925
sd03-b200,jan-p10-t1k,825,70.2,0.0851
sd03-b200,jan-p10-t1k,1000,82.9,0.0829
sd03-b200,jan-p10-t1k,1334,107.0,0.0802
sd03-b200,jan-p10-t1k,2154,166.1,0.0771
sd03-b200,jan-p10-t1k,3481,261.7,0.0752
sd03-b200,jan-p10-t1k,5623,415.8,0.0739
sd03-b200,jan-p10-t1k,9085,664.4,0.0731
sd03-b200,jan-p10-t1k,10000,730.1,0.0730
sd03-b200,jan-p10-t1k,14678,1066.4,0.0727
sd03-b200,jan-p10-t1k,23714,1715.5,0.0723
sd03-b200,jan-p10-t1k,38312,2767.7,0.0722
sd03-b200,jan-p10-t1k,61897,4464.7,0.0721
sd03-b200,jan-p10-t1k,100000,7208.0,0.0721
sd03-b200,jan-p20-t1k,1,1.0,1.0000
sd03-b200,jan-p20-t1k,2,1.4,0.7118
sd03-b200,jan-p20-t1k,3,1.8,0.5956
sd03-b200,jan-p20-t1k,5,2.4,0.4793
sd03-b200,jan-p20-t1k,8,3.1,0.3929
sd03-b200,jan-p20-t1k,10,3.6,0.3577
sd03-b200,jan-p20-t1k,13,4.2,0.3204
sd03-b200,jan-p20-t1k,21,5.5,0.2628
sd03-b200,jan-p20-t1k,35,7.5,0.2143
sd03-b200,jan-p20-t1k,58,10.2,0.1767
sd03-b200,jan-p20-t1k,97,14.2,0.1468
sd03-b200,jan-p20-t1k,100,14.5,0.1453
sd03-b200,jan-p20-t1k,162,20.1,0.1241
sd03-b200,jan-p20-t1k,269,28.9,0.1073
sd03-b200,jan-p20-t1k,447,42.5,0.0951
sd03-b200,jan-p20-t1k,744,64.2,0.0863
sd03-b200,jan-p20-t1k,1000,82.6,0.0826
sd03-b200,jan-p20-t1k,1237,99.6,0.0805
sd03-b200,jan-p20-t1k,2057,158.1,0.0768
sd03-b200,jan-p20-t1k,3420,254.9,0.0745
sd03-b200,jan-p20-t1k,5687,415.8,0.0731
sd03-b200,jan-p20-t1k,9457,682.7,0.0722
sd03-b200,jan-p20-t1k,10000,721.1,0.0721
sd03-b200,jan-p20-t1k,15727,1125.9,0.0716
sd03-b200,jan-p20-t1k,26153,1862.8,0.0712
sd03-b200,jan-p20-t1k,43491,3088.4,0.0710
sd03-b200,jan-p20-t1k,72323,5120.0,0.0708
sd03-b200,jan-p20-t1k,100000,7068.9,0.0707
sd03-b200,jan-p20-t1k,120269,8503.1,0.0707
sd03-b200,jan-p20-t1k,200000,14167.0,0.0708
sd03-b200,jan-p01-t10k,1,1.0,1.0000
sd03-b200,jan-p01-t10k,2,1.4,0.7122
sd03-b200,jan-p01-t10k,3,1.8,0.5963
sd03-b200,jan-p01-t10k,5,2.4,0.4817
sd03-b200,jan-p01-t10k,7,2.9,0.4183
sd03-b200,jan-p01-t10k,10,3.6,0.3611
sd03-b200,jan-p01-t10k,15,4.6,0.3061
sd03-b200,jan-p01-t10k,22,5.8,0.2621
sd03-b200,jan-p01-t10k,32,7.2,0.2257
sd03-b200,jan-p01-t10k,46,9.0,0.1953
sd03-b200,jan-p01-t10k,68,11.4,0.1672
sd03-b200,jan-p01-t10k,100,14.5,0.1449
sd03-b200,jan-p01-t10k,147,18.6,0.1267
sd03-b200,jan-p01-t10k,215,24.1,0.1119
sd03-b200,jan-p01-t10k,316,31.5,0.0997
sd03-b200,jan-p01-t10k,464,41.6,0.0896
sd03-b200,jan-p01-t10k,681,55.4,0.0813
sd03-b200,jan-p01-t10k,1000,74.9,0.0749
sd03-b200,jan-p01-t10k,1468,102.4,0.0697
sd03-b200,jan-p01-t10k,2154,141.4,0.0657
sd03-b200,jan-p01-t10k,3162,196.8,0.0622
sd03-b200,jan-p01-t10k,4642,274.8,0.0592
sd03-b200,jan-p01-t10k,6813,392.7,0.0576
sd03-b200,jan-p01-t10k,10000,565.0,0.0565
sd03-b200,jan-p10-t10k,1,1.0,1.0000
sd03-b200,jan-p10-t10k,2,1.4,0.7117
sd03-b200,jan-p10-t10k,3,1.8,0.5953
sd03-b200,jan-p10-t10k,4,2.1,0.5267
sd03-b200,jan-p10-t10k,7,2.9,0.4155
sd03-b200,jan-p10-t10k,10,3.6,0.3574
sd03-b200,jan-p10-t10k,11,3.8,0.3434
sd03-b200,jan-p10-t10k,18,5.0,0.2798
sd03-b200,jan-p10-t10k,29,6.7,0.2303
sd03-b200,jan-p10-t10k,46,8.8,0.1919
sd03-b200,jan-p10-t10k,75,11.9,0.1590
sd03-b200,jan-p10-t10k,100,14.3,0.1431
sd03-b200,jan-p10-t10k,121,16.2,0.1338
sd03-b200,jan-p10-t10k,196,22.3,0.1139
sd03-b200,jan-p10-t10k,316,31.1,0.0985
sd03-b200,jan-p10-t10k,511,44.2,0.0865
sd03-b200,jan-p10-t10k,825,63.9,0.0774
sd03-b200,jan-p10-t10k,1000,74.4,0.0744
sd03-b200,jan-p10-t10k,1334,94.1,0.0706
sd03-b200,jan-p10-t10k,2154,140.9,0.0654
sd03-b200,jan-p10-t10k,3481,214.7,0.0617
sd03-b200,jan-p10-t10k,5623,332.3,0.0591
sd03-b200,jan-p10-t10k,9085,521.5,0.0574
sd03-b200,jan-p10-t10k,10000,571.6,0.0572
sd03-b200,jan-p10-t10k,14678,826.2,0.0563
sd03-b200,jan-p10-t10k,23714,1319.2,0.0556
sd03-b200,jan-p10-t10k,38312,2115.2,0.0552
sd03-b200,jan-p10-t10k,61897,3402.3,0.0550
sd03-b200,jan-p10-t10k,100000,5479.0,0.0548
sd03-b200,jan-p20-t10k,1,1.0,1.0000
sd03-b200,jan-p20-t10k,2,1.4,0.7111
sd03-b200,jan-p20-t10k,3,1.8,0.5945
sd03-b200,jan-p20-t10k,5,2.4,0.4783
sd03-b200,jan-p20-t10k,8,3.1,0.3920
sd03-b200,jan-p20-t10k,10,3.6,0.3566
sd03-b200,jan-p20-t10k,13,4.2,0.3194
sd03-b200,jan-p20-t10k,21,5.5,0.2615
sd03-b200,jan-p20-t10k,35,7.4,0.2126
sd03-b200,jan-p20-t10k,58,10.1,0.1744
sd03-b200,jan-p20-t10k,97,14.0,0.1438
sd03-b200,jan-p20-t10k,100,14.2,0.1423
sd03-b200,jan-p20-t10k,162,19.5,0.1204
sd03-b200,jan-p20-t10k,269,27.6,0.1025
sd03-b200,jan-p20-t10k,447,39.7,0.0888
sd03-b200,jan-p20-t10k,744,58.4,0.0784
sd03-b200,jan-p20-t10k,1000,73.7,0.0737
sd03-b200,jan-p20-t10k,1237,87.6,0.0708
sd03-b200,jan-p20-t10k,2057,134.2,0.0653
sd03-b200,jan-p20-t10k,3420,209.7,0.0613
sd03-b200,jan-p20-t10k,5687,333.4,0.0586
sd03-b200,jan-p20-t10k,9457,538.2,0.0569
sd03-b200,jan-p20-t10k,10000,567.7,0.0568
sd03-b200,jan-p20-t10k,15727,876.9,0.0558
sd03-b200,jan-p20-t10k,26153,1439.9,0.0551
sd03-b200,jan-p20-t10k,43491,2375.7,0.0546
sd03-b200,jan-p20-t10k,72323,3931.9,0.0544
sd03-b200,jan-p20-t10k,100000,5435.8,0.0544
sd03-b200,jan-p20-t10k,120269,6525.5,0.0543
sd03-b200,jan-p20-t10k,200000,10853.0,0.0543
sd04-b175,completa,1,1.0,1.0000
sd04-b175,completa,2,1.5,0.7576
sd04-b175,completa,3,2.0,0.6522
sd04-b175,completa,6,3.0,0.5060
sd04-b175,completa,10,4.2,0.4192
sd04-b175,completa,18,6.1,0.3375
sd04-b175,completa,32,8.8,0.2738
sd04-b175,completa,56,12.6,0.2243
sd04-b175,completa,100,18.4,0.1837
sd04-b175,completa,178,27.1,0.1520
sd04-b175,completa,316,40.2,0.1272
sd04-b175,completa,562,60.7,0.1079
sd04-b175,completa,1000,93.1,0.0931
sd04-b175,completa,1778,145.3,0.0817
sd04-b175,completa,3162,230.8,0.0730
sd04-b175,completa,5623,373.5,0.0664
sd04-b175,completa,10000,614.8,0.0615
sd04-b175,completa,17783,1028.1,0.0578
sd04-b175,completa,31623,1743.3,0.0551
sd04-b175,completa,56234,2990.1,0.0532
sd04-b175,completa,100000,5177.5,0.0518
sd04-b175,completa,177828,9031.7,0.0508
sd04-b175,completa,316228,15863.5,0.0502
sd04-b175,completa,562341,28033.8,0.0499
sd04-b175,completa,1000000,49752.0,0.0498
sd04-b175,sis-p01,1,1.0,1.0000
sd04-b175,sis-p01,2,2.0,0.9893
sd04-b175,sis-p01,3,2.9,0.9814
sd04-b175,sis-p01,5,4.9,0.9705
sd04-b175,sis-p01,7,6.7,0.9625
sd04-b175,sis-p01,10,9.5,0.9537
sd04-b175,sis-p01,15,14.2,0.9438
sd04-b175,sis-p01,22,20.6,0.9349
sd04-b175,sis-p01,32,29.7,0.9269
sd04-b175,sis-p01,46,42.3,0.9195
sd04-b175,sis-p01,68,62.0,0.9120
sd04-b175,sis-p01,100,90.5,0.9051
sd04-b175,sis-p01,147,132.2,0.8991
sd04-b175,sis-p01,215,192.2,0.8939
sd04-b175,sis-p01,316,281.0,0.8894
sd04-b175,sis-p01,464,410.9,0.8856
sd04-b175,sis-p01,681,601.1,0.8827
sd04-b175,sis-p01,1000,880.4,0.8804
sd04-b175,sis-p01,1468,1289.6,0.8785
sd04-b175,sis-p01,2155,1889.5,0.8768
sd04-b175,sis-p01,3163,2771.5,0.8762
sd04-b175,sis-p01,4642,4066.3,0.8760
sd04-b175,sis-p01,6814,5962.5,0.8750
sd04-b175,sis-p01,10000,8734.0,0.8734
sd04-b175,sis-p01,10001,8735.0,0.8734
sd04-b175,sis-p10,1,1.0,1.0000
sd04-b175,sis-p10,2,1.9,0.9445
sd04-b175,sis-p10,3,2.7,0.9070
sd04-b175,sis-p10,4,3.5,0.8785
sd04-b175,sis-p10,7,5.7,0.8197
sd04-b175,sis-p10,10,7.8,0.7811
sd04-b175,sis-p10,11,8.5,0.7706
sd04-b175,sis-p10,18,12.9,0.7171
sd04-b175,sis-p10,29,19.3,0.6666
sd04-b175,sis-p10,46,28.6,0.6208
sd04-b175,sis-p10,75,43.2,0.5759
sd04-b175,sis-p10,100,55.2,0.5516
sd04-b175,sis-p10,121,64.9,0.5364
sd04-b175,sis-p10,196,98.3,0.5017
sd04-b175,sis-p10,316,149.2,0.4721
sd04-b175,sis-p10,511,228.5,0.4472
sd04-b175,sis-p10,825,352.2,0.4269
sd04-b175,sis-p10,1000,419.8,0.4198
sd04-b175,sis-p10,1334,547.2,0.4102
sd04-b175,sis-p10,2154,855.0,0.3969
sd04-b175,sis-p10,3481,1345.0,0.3864
sd04-b175,sis-p10,5623,2127.2,0.3783
sd04-b175,sis-p10,9085,3380.4,0.3721
sd04-b175,sis-p10,10000,3710.5,0.3710
sd04-b175,sis-p10,14678,5394.2,0.3675
sd04-b175,sis-p10,23714,8637.3,0.3642
sd04-b175,sis-p10,38312,13883.0,0.3624
sd04-b175,sis-p10,61897,22352.8,0.3611
sd04-b175,sis-p10,100000,36078.5,0.3608
sd04-b175,sis-p10,100001,36079.0,0.3608
sd04-b175,sis-p20,1,1.0,1.0000
sd04-b175,sis-p20,2,1.8,0.9142
sd04-b175,sis-p20,3,2.6,0.8584
sd04-b175,sis-p20,5,3.9,0.7860
sd04-b175,sis-p20,8,5.8,0.7188
sd04-b175,sis-p20,10,6.9,0.6874
sd04-b175,sis-p20,13,8.5,0.6511
sd04-b175,sis-p20,21,12.3,0.5878
sd04-b175,sis-p20,35,18.4,0.5256
sd04-b175,sis-p20,58,27.3,0.4701
sd04-b175,sis-p20,97,40.8,0.4207
sd04-b175,sis-p20,100,41.8,0.4180
sd04-b175,sis-p20,162,61.3,0.3786
sd04-b175,sis-p20,269,92.5,0.3437
sd04-b175,sis-p20,447,140.7,0.3148
sd04-b175,sis-p20,744,216.6,0.2911
sd04-b175,sis-p20,1000,279.7,0.2797
sd04-b175,sis-p20,1237,336.8,0.2723
sd04-b175,sis-p20,2057,529.4,0.2574
sd04-b175,sis-p20,3420,840.2,0.2457
sd04-b175,sis-p20,5687,1346.0,0.2367
sd04-b175,sis-p20,9457,2173.5,0.2298
sd04-b175,sis-p20,10000,2291.9,0.2292
sd04-b175,sis-p20,15727,3533.2,0.2247
sd04-b175,sis-p20,26153,5774.6,0.2208
sd04-b175,sis-p20,43491,9482.9,0.2180
sd04-b175,sis-p20,72324,15656.2,0.2165
sd04-b175,sis-p20,100000,21585.2,0.2159
sd04-b175,sis-p20,120270,25918.7,0.2155
sd04-b175,sis-p20,200001,43003.0,0.2150
sd04-b175,jan-p01-t1k,1,1.0,1.0000
sd04-b175,jan-p01-t1k,2,1.5,0.7600
sd04-b175,jan-p01-t1k,3,2.0,0.6549
sd04-b175,jan-p01-t1k,5,2.7,0.5444
sd04-b175,jan-p01-t1k,7,3.4,0.4814
sd04-b175,jan-p01-t1k,10,4.2,0.4224
sd04-b175,jan-p01-t1k,15,5.5,0.3650
sd04-b175,jan-p01-t1k,22,7.0,0.3184
sd04-b175,jan-p01-t1k,32,8.9,0.2789
sd04-b175,jan-p01-t1k,46,11.3,0.2453
sd04-b175,jan-p01-t1k,68,14.6,0.2143
sd04-b175,jan-p01-t1k,100,18.9,0.1887
sd04-b175,jan-p01-t1k,147,24.7,0.1678
sd04-b175,jan-p01-t1k,215,32.3,0.1502
sd04-b175,jan-p01-t1k,316,42.8,0.1356
sd04-b175,jan-p01-t1k,464,57.6,0.1241
sd04-b175,jan-p01-t1k,681,78.5,0.1152
sd04-b175,jan-p01-t1k,1000,108.8,0.1088
sd04-b175,jan-p01-t1k,1468,152.3,0.1037
sd04-b175,jan-p01-t1k,2154,216.6,0.1006
sd04-b175,jan-p01-t1k,3162,310.2,0.0981
sd04-b175,jan-p01-t1k,4642,448.2,0.0965
sd04-b175,jan-p01-t1k,6813,650.1,0.0954
sd04-b175,jan-p01-t1k,10000,929.0,0.0929
sd04-b175,jan-p10-t1k,1,1.0,1.0000
sd04-b175,jan-p10-t1k,2,1.5,0.7586
sd04-b175,jan-p10-t1k,3,2.0,0.6532
sd04-b175,jan-p10-t1k,4,2.4,0.5883
sd04-b175,jan-p10-t1k,7,3.4,0.4793
sd04-b175,jan-p10-t1k,10,4.2,0.4205
sd04-b175,jan-p10-t1k,11,4.5,0.4061
sd04-b175,jan-p10-t1k,18,6.1,0.3395
sd04-b175,jan-p10-t1k,29,8.3,0.2859
sd04-b175,jan-p10-t1k,46,11.2,0.2432
sd04-b175,jan-p10-t1k,75,15.5,0.2064
sd04-b175,jan-p10-t1k,100,18.8,0.1882
sd04-b175,jan-p10-t1k,121,21.5,0.1774
sd04-b175,jan-p10-t1k,196,30.2,0.1540
sd04-b175,jan-p10-t1k,316,42.8,0.1355
sd04-b175,jan-p10-t1k,511,62.0,0.1213
sd04-b175,jan-p10-t1k,825,91.5,0.1109
sd04-b175,jan-p10-t1k,1000,107.7,0.1077
sd04-b175,jan-p10-t1k,1334,138.4,0.1038
sd04-b175,jan-p10-t1k,2154,213.7,0.0992
sd04-b175,jan-p10-t1k,3481,334.8,0.0962
sd04-b175,jan-p10-t1k,5623,529.6,0.0942
sd04-b175,jan-p10-t1k,9085,843.6,0.0929
sd04-b175,jan-p10-t1k,10000,926.5,0.0927
sd04-b175,jan-p10-t1k,14678,1350.6,0.0920
sd04-b175,jan-p10-t1k,23714,2170.7,0.0915
sd04-b175,jan-p10-t1k,38312,3500.2,0.0914
sd04-b175,jan-p10-t1k,61897,5640.7,0.0911
sd04-b175,jan-p10-t1k,100000,9072.0,0.0907
sd04-b175,jan-p20-t1k,1,1.0,1.0000
sd04-b175,jan-p20-t1k,2,1.5,0.7586
sd04-b175,jan-p20-t1k,3,2.0,0.6533
sd04-b175,jan-p20-t1k,5,2.7,0.5423
sd04-b175,jan-p20-t1k,8,3.7,0.4563
sd04-b175,jan-p20-t1k,10,4.2,0.4204
sd04-b175,jan-p20-t1k,13,5.0,0.3820
sd04-b175,jan-p20-t1k,21,6.7,0.3210
sd04-b175,jan-p20-t1k,35,9.4,0.2676
sd04-b175,jan-p20-t1k,58,13.0,0.2248
sd04-b175,jan-p20-t1k,97,18.4,0.1900
sd04-b175,jan-p20-t1k,100,18.8,0.1881
sd04-b175,jan-p20-t1k,162,26.3,0.1624
sd04-b175,jan-p20-t1k,269,37.9,0.1409
sd04-b175,jan-p20-t1k,447,55.6,0.1245
sd04-b175,jan-p20-t1k,744,83.6,0.1124
sd04-b175,jan-p20-t1k,1000,107.0,0.1070
sd04-b175,jan-p20-t1k,1237,128.5,0.1039
sd04-b175,jan-p20-t1k,2057,202.1,0.0982
sd04-b175,jan-p20-t1k,3420,322.9,0.0944
sd04-b175,jan-p20-t1k,5687,521.8,0.0918
sd04-b175,jan-p20-t1k,9457,850.0,0.0899
sd04-b175,jan-p20-t1k,10000,897.1,0.0897
sd04-b175,jan-p20-t1k,15727,1392.8,0.0886
sd04-b175,jan-p20-t1k,26153,2290.7,0.0876
sd04-b175,jan-p20-t1k,43491,3779.7,0.0869
sd04-b175,jan-p20-t1k,72323,6250.9,0.0864
sd04-b175,jan-p20-t1k,100000,8618.0,0.0862
sd04-b175,jan-p20-t1k,120269,10362.3,0.0862
sd04-b175,jan-p20-t1k,200000,17266.0,0.0863
sd04-b175,jan-p01-t10k,1,1.0,1.0000
sd04-b175,jan-p01-t10k,2,1.5,0.7595
sd04-b175,jan-p01-t10k,3,2.0,0.6530
sd04-b175,jan-p01-t10k,5,2.7,0.5423
sd04-b175,jan-p01-t10k,7,3.4,0.4804
sd04-b175,jan-p01-t10k,10,4.2,0.4220
sd04-b175,jan-p01-t10k,15,5.5,0.3654
sd04-b175,jan-p01-t10k,22,7.0,0.3194
sd04-b175,jan-p01-t10k,32,8.9,0.2796
sd04-b175,jan-p01-t10k,46,11.3,0.2464
sd04-b175,jan-p01-t10k,68,14.7,0.2157
sd04-b175,jan-p01-t10k,100,18.9,0.1895
sd04-b175,jan-p01-t10k,147,24.5,0.1667
sd04-b175,jan-p01-t10k,215,31.7,0.1475
sd04-b175,jan-p01-t10k,316,41.5,0.1314
sd04-b175,jan-p01-t10k,464,54.6,0.1178
sd04-b175,jan-p01-t10k,681,72.1,0.1059
sd04-b175,jan-p01-t10k,1000,96.0,0.0960
sd04-b175,jan-p01-t10k,1468,128.9,0.0878
sd04-b175,jan-p01-t10k,2154,173.9,0.0807
sd04-b175,jan-p01-t10k,3162,236.0,0.0746
sd04-b175,jan-p01-t10k,4642,322.1,0.0694
sd04-b175,jan-p01-t10k,6813,448.5,0.0658
sd04-b175,jan-p01-t10k,10000,636.0,0.0636
sd04-b175,jan-p10-t10k,1,1.0,1.0000
sd04-b175,jan-p10-t10k,2,1.5,0.7579
sd04-b175,jan-p10-t10k,3,2.0,0.6525
sd04-b175,jan-p10-t10k,4,2.4,0.5876
sd04-b175,jan-p10-t10k,7,3.4,0.4791
sd04-b175,jan-p10-t10k,10,4.2,0.4203
sd04-b175,jan-p10-t10k,11,4.5,0.4058
sd04-b175,jan-p10-t10k,18,6.1,0.3391
sd04-b175,jan-p10-t10k,29,8.3,0.2853
sd04-b175,jan-p10-t10k,46,11.1,0.2422
sd04-b175,jan-p10-t10k,75,15.3,0.2045
sd04-b175,jan-p10-t10k,100,18.6,0.1857
sd04-b175,jan-p10-t10k,121,21.1,0.1744
sd04-b175,jan-p10-t10k,196,29.3,0.1494
sd04-b175,jan-p10-t10k,316,40.8,0.1292
sd04-b175,jan-p10-t10k,511,57.7,0.1130
sd04-b175,jan-p10-t10k,825,82.5,0.1001
sd04-b175,jan-p10-t10k,1000,95.6,0.0956
sd04-b175,jan-p10-t10k,1334,119.5,0.0896
sd04-b175,jan-p10-t10k,2154,175.5,0.0815
sd04-b175,jan-p10-t10k,3481,261.8,0.0752
sd04-b175,jan-p10-t10k,5623,397.1,0.0706
sd04-b175,jan-p10-t10k,9085,613.3,0.0675
sd04-b175,jan-p10-t10k,10000,670.4,0.0670
sd04-b175,jan-p10-t10k,14678,959.0,0.0653
sd04-b175,jan-p10-t10k,23714,1517.8,0.0640
sd04-b175,jan-p10-t10k,38312,2416.3,0.0631
sd04-b175,jan-p10-t10k,61897,3873.8,0.0626
sd04-b175,jan-p10-t10k,100000,6236.0,0.0624
sd04-b175,jan-p20-t10k,1,1.0,1.0000
sd04-b175,jan-p20-t10k,2,1.5,0.7576
sd04-b175,jan-p20-t10k,3,2.0,0.6522
sd04-b175,jan-p20-t10k,5,2.7,0.5411
sd04-b175,jan-p20-t10k,8,3.6,0.4554
sd04-b175,jan-p20-t10k,10,4.2,0.4194
sd04-b175,jan-p20-t10k,13,4.9,0.3807
sd04-b175,jan-p20-t10k,21,6.7,0.3195
sd04-b175,jan-p20-t10k,35,9.3,0.2657
sd04-b175,jan-p20-t10k,58,12.9,0.2223
sd04-b175,jan-p20-t10k,97,18.1,0.1866
sd04-b175,jan-p20-t10k,100,18.5,0.1847
sd04-b175,jan-p20-t10k,162,25.6,0.1578
sd04-b175,jan-p20-t10k,269,36.2,0.1347
sd04-b175,jan-p20-t10k,447,52.0,0.1164
sd04-b175,jan-p20-t10k,744,75.8,0.1018
sd04-b175,jan-p20-t10k,1000,94.9,0.0949
sd04-b175,jan-p20-t10k,1237,111.8,0.0904
sd04-b175,jan-p20-t10k,2057,167.8,0.0816
sd04-b175,jan-p20-t10k,3420,256.2,0.0749
sd04-b175,jan-p20-t10k,5687,398.5,0.0701
sd04-b175,jan-p20-t10k,9457,631.3,0.0668
sd04-b175,jan-p20-t10k,10000,664.8,0.0665
sd04-b175,jan-p20-t10k,15727,1014.0,0.0645
sd04-b175,jan-p20-t10k,26153,1648.6,0.0630
sd04-b175,jan-p20-t10k,43491,2701.3,0.0621
sd04-b175,jan-p20-t10k,72323,4448.4,0.0615
sd04-b175,jan-p20-t10k,100000,6137.4,0.0614
sd04-b175,jan-p20-t10k,120269,7362.9,0.0612
sd04-b175,jan-p20-t10k,200000,12219.0,0.0611
sd05-b150,completa,1,1.0,1.0000
sd05-b150,completa,2,1.6,0.8166
sd05-b150,completa,3,2.2,0.7282
sd05-b150,completa,6,3.6,0.5967
sd05-b150,completa,10,5.1,0.5136
sd05-b150,completa,18,7.8,0.4316
sd05-b150,completa,32,11.6,0.3640
sd05-b150,completa,56,17.3,0.3088
sd05-b150,completa,100,26.1,0.2610
sd05-b150,completa,178,39.4,0.2215
sd05-b150,completa,316,59.7,0.1889
sd05-b150,completa,562,91.0,0.1619
sd05-b150,completa,1000,139.6,0.1396
sd05-b150,completa,1778,215.3,0.1211
sd05-b150,completa,3162,335.0,0.1059
sd05-b150,completa,5623,526.1,0.0936
sd05-b150,completa,10000,835.0,0.0835
sd05-b150,completa,17783,1338.1,0.0752
sd05-b150,completa,31623,2166.7,0.0685
sd05-b150,completa,56234,3546.1,0.0631
sd05-b150,completa,100000,5859.7,0.0586
sd05-b150,completa,177828,9776.1,0.0550
sd05-b150,completa,316228,16607.2,0.0525
sd05-b150,completa,562341,28780.7,0.0512
sd05-b150,completa,1000000,50489.0,0.0505
sd05-b150,sis-p01,1,1.0,1.0000
sd05-b150,sis-p01,2,2.0,0.9926
sd05-b150,sis-p01,3,3.0,0.9880
sd05-b150,sis-p01,5,4.9,0.9813
sd05-b150,sis-p01,7,6.8,0.9762
sd05-b150,sis-p01,10,9.7,0.9705
sd05-b150,sis-p01,15,14.5,0.9634
sd05-b150,sis-p01,22,21.0,0.9566
sd05-b150,sis-p01,32,30.4,0.9497
sd05-b150,sis-p01,46,43.4,0.9430
sd05-b150,sis-p01,68,63.6,0.9352
sd05-b150,sis-p01,100,92.8,0.9276
sd05-b150,sis-p01,147,135.2,0.9197
sd05-b150,sis-p01,215,196.0,0.9118
sd05-b150,sis-p01,316,285.7,0.9041
sd05-b150,sis-p01,464,416.2,0.8969
sd05-b150,sis-p01,681,606.2,0.8901
sd05-b150,sis-p01,1000,883.6,0.8836
sd05-b150,sis-p01,1468,1287.5,0.8770
sd05-b150,sis-p01,2155,1877.6,0.8713
sd05-b150,sis-p01,3163,2744.2,0.8676
sd05-b150,sis-p01,4642,4014.4,0.8648
sd05-b150,sis-p01,6814,5876.9,0.8625
sd05-b150,sis-p01,10000,8608.5,0.8609
sd05-b150,sis-p01,10001,8609.0,0.8608
sd05-b150,sis-p10,1,1.0,1.0000
sd05-b150,sis-p10,2,1.9,0.9637
sd05-b150,sis-p10,3,2.8,0.9387
sd05-b150,sis-p10,4,3.7,0.9196
sd05-b150,sis-p10,7,6.2,0.8794
sd05-b150,sis-p10,10,8.5,0.8521
sd05-b150,sis-p10,11,9.3,0.8446
sd05-b150,sis-p10,18,14.5,0.8050
sd05-b150,sis-p10,29,22.2,0.7658
sd05-b150,sis-p10,46,33.5,0.7277
sd05-b150,sis-p10,75,51.6,0.6880
sd05-b150,sis-p10,100,66.5,0.6649
sd05-b150,sis-p10,121,78.6,0.6497
sd05-b150,sis-p10,196,119.9,0.6119
sd05-b150,sis-p10,316,182.2,0.5765
sd05-b150,sis-p10,511,277.7,0.5434
sd05-b150,sis-p10,825,423.4,0.5132
sd05-b150,sis-p10,1000,501.8,0.5018
sd05-b150,sis-p10,1334,647.7,0.4855
sd05-b150,sis-p10,2154,991.8,0.4604
sd05-b150,sis-p10,3481,1524.5,0.4380
sd05-b150,sis-p10,5623,2353.0,0.4185
sd05-b150,sis-p10,9085,3643.4,0.4010
sd05-b150,sis-p10,10000,3977.8,0.3978
sd05-b150,sis-p10,14678,5661.2,0.3857
sd05-b150,sis-p10,23714,8854.7,0.3734
sd05-b150,sis-p10,38312,14003.1,0.3655
sd05-b150,sis-p10,61897,22318.5,0.3606
sd05-b150,sis-p10,100000,35809.5,0.3581
sd05-b150,sis-p10,100001,35810.0,0.3581
sd05-b150,sis-p20,1,1.0,1.0000
sd05-b150,sis-p20,2,1.9,0.9431
sd05-b150,sis-p20,3,2.7,0.9041
sd05-b150,sis-p20,5,4.3,0.8518
sd05-b150,sis-p20,8,6.4,0.8018
sd05-b150,sis-p20,10,7.8,0.7776
sd05-b150,sis-p20,13,9.7,0.7491
sd05-b150,sis-p20,21,14.6,0.6971
sd05-b150,sis-p20,35,22.5,0.6431
sd05-b150,sis-p20,58,34.3,0.5920
sd05-b150,sis-p20,97,52.6,0.5427
sd05-b150,sis-p20,100,54.0,0.5399
sd05-b150,sis-p20,162,80.5,0.4969
sd05-b150,sis-p20,269,122.4,0.4549
sd05-b150,sis-p20,447,186.2,0.4165
sd05-b150,sis-p20,744,284.4,0.3823
sd05-b150,sis-p20,1000,364.3,0.3643
sd05-b150,sis-p20,1237,435.6,0.3521
sd05-b150,sis-p20,2057,670.0,0.3257
sd05-b150,sis-p20,3420,1035.2,0.3027
sd05-b150,sis-p20,5687,1607.9,0.2827
sd05-b150,sis-p20,9457,2512.5,0.2657
sd05-b150,sis-p20,10000,2639.7,0.2640
sd05-b150,sis-p20,15727,3948.4,0.2511
sd05-b150,sis-p20,26153,6236.7,0.2385
sd05-b150,sis-p20,43491,9928.6,0.2283
sd05-b150,sis-p20,72324,16037.1,0.2217
sd05-b150,sis-p20,100000,21909.9,0.2191
sd05-b150,sis-p20,120270,26200.6,0.2178
sd05-b150,sis-p20,200001,43140.0,0.2157
sd05-b150,jan-p01-t1k,1,1.0,1.0000
sd05-b150,jan-p01-t1k,2,1.6,0.8189
sd05-b150,jan-p01-t1k,3,2.2,0.7325
sd05-b150,jan-p01-t1k,5,3.2,0.6332
sd05-b150,jan-p01-t1k,7,4.0,0.5752
sd05-b150,jan-p01-t1k,10,5.2,0.5184
sd05-b150,jan-p01-t1k,15,6.9,0.4602
sd05-b150,jan-p01-t1k,22,9.1,0.4117
sd05-b150,jan-p01-t1k,32,11.8,0.3691
sd05-b150,jan-p01-t1k,46,15.3,0.3326
sd05-b150,jan-p01-t1k,68,20.3,0.2985
sd05-b150,jan-p01-t1k,100,26.9,0.2687
sd05-b150,jan-p01-t1k,147,35.6,0.2423
sd05-b150,jan-p01-t1k,215,47.2,0.2193
sd05-b150,jan-p01-t1k,316,63.2,0.2000
sd05-b150,jan-p01-t1k,464,85.7,0.1846
sd05-b150,jan-p01-t1k,681,117.4,0.1723
sd05-b150,jan-p01-t1k,1000,162.9,0.1629
sd05-b150,jan-p01-t1k,1468,228.5,0.1557
sd05-b150,jan-p01-t1k,2154,325.0,0.1509
sd05-b150,jan-p01-t1k,3162,466.0,0.1474
sd05-b150,jan-p01-t1k,4642,673.1,0.1450
sd05-b150,jan-p01-t1k,6813,977.3,0.1434
sd05-b150,jan-p01-t1k,10000,1400.0,0.1400
sd05-b150,jan-p10-t1k,1,1.0,1.0000
sd05-b150,jan-p10-t1k,2,1.6,0.8168
sd05-b150,jan-p10-t1k,3,2.2,0.7290
sd05-b150,jan-p10-t1k,4,2.7,0.6718
sd05-b150,jan-p10-t1k,7,4.0,0.5717
sd05-b150,jan-p10-t1k,10,5.1,0.5149
sd05-b150,jan-p10-t1k,11,5.5,0.5007
sd05-b150,jan-p10-t1k,18,7.8,0.4333
sd05-b150,jan-p10-t1k,29,10.9,0.3770
sd05-b150,jan-p10-t1k,46,15.2,0.3301
sd05-b150,jan-p10-t1k,75,21.6,0.2877
sd05-b150,jan-p10-t1k,100,26.6,0.2658
sd05-b150,jan-p10-t1k,121,30.6,0.2525
sd05-b150,jan-p10-t1k,196,43.7,0.2229
sd05-b150,jan-p10-t1k,316,62.9,0.1989
sd05-b150,jan-p10-t1k,511,91.9,0.1797
sd05-b150,jan-p10-t1k,825,136.1,0.1649
sd05-b150,jan-p10-t1k,1000,160.2,0.1602
sd05-b150,jan-p10-t1k,1334,205.7,0.1542
sd05-b150,jan-p10-t1k,2154,316.0,0.1467
sd05-b150,jan-p10-t1k,3481,491.7,0.1413
sd05-b150,jan-p10-t1k,5623,771.5,0.1372
sd05-b150,jan-p10-t1k,9085,1217.3,0.1340
sd05-b150,jan-p10-t1k,10000,1334.4,0.1334
sd05-b150,jan-p10-t1k,14678,1929.7,0.1315
sd05-b150,jan-p10-t1k,23714,3072.6,0.1296
sd05-b150,jan-p10-t1k,38312,4917.5,0.1284
sd05-b150,jan-p10-t1k,61897,7892.7,0.1275
sd05-b150,jan-p10-t1k,100000,12689.0,0.1269
sd05-b150,jan-p20-t1k,1,1.0,1.0000
sd05-b150,jan-p20-t1k,2,1.6,0.8174
sd05-b150,jan-p20-t1k,3,2.2,0.7295
sd05-b150,jan-p20-t1k,5,3.2,0.6305
sd05-b150,jan-p20-t1k,8,4.4,0.5501
sd05-b150,jan-p20-t1k,10,5.2,0.5153
sd05-b150,jan-p20-t1k,13,6.2,0.4770
sd05-b150,jan-p20-t1k,21,8.7,0.4144
sd05-b150,jan-p20-t1k,35,12.5,0.3570
sd05-b150,jan-p20-t1k,58,17.9,0.3090
sd05-b150,jan-p20-t1k,97,26.0,0.2679
sd05-b150,jan-p20-t1k,100,26.6,0.2657
sd05-b150,jan-p20-t1k,162,37.9,0.2339
sd05-b150,jan-p20-t1k,269,55.5,0.2062
sd05-b150,jan-p20-t1k,447,82.3,0.1841
sd05-b150,jan-p20-t1k,744,124.0,0.1667
sd05-b150,jan-p20-t1k,1000,158.6,0.1586
sd05-b150,jan-p20-t1k,1237,190.1,0.1537
sd05-b150,jan-p20-t1k,2057,296.4,0.1441
sd05-b150,jan-p20-t1k,3420,467.6,0.1367
sd05-b150,jan-p20-t1k,5687,744.3,0.1309
sd05-b150,jan-p20-t1k,9457,1192.1,0.1261
sd05-b150,jan-p20-t1k,10000,1255.8,0.1256
sd05-b150,jan-p20-t1k,15727,1918.4,0.1220
sd05-b150,jan-p20-t1k,26153,3099.1,0.1185
sd05-b150,jan-p20-t1k,43491,5028.2,0.1156
sd05-b150,jan-p20-t1k,72323,8219.6,0.1137
sd05-b150,jan-p20-t1k,100000,11279.0,0.1128
sd05-b150,jan-p20-t1k,120269,13531.9,0.1125
sd05-b150,jan-p20-t1k,200000,22391.0,0.1120
sd05-b150,jan-p01-t10k,1,1.0,1.0000
sd05-b150,jan-p01-t10k,2,1.6,0.8181
sd05-b150,jan-p01-t10k,3,2.2,0.7308
sd05-b150,jan-p01-t10k,5,3.2,0.6303
sd05-b150,jan-p01-t10k,7,4.0,0.5716
sd05-b150,jan-p01-t10k,10,5.2,0.5151
sd05-b150,jan-p01-t10k,15,6.9,0.4574
sd05-b150,jan-p01-t10k,22,9.0,0.4092
sd05-b150,jan-p01-t10k,32,11.7,0.3672
sd05-b150,jan-p01-t10k,46,15.2,0.3313
sd05-b150,jan-p01-t10k,68,20.2,0.2971
sd05-b150,jan-p01-t10k,100,26.7,0.2668
sd05-b150,jan-p01-t10k,147,35.2,0.2395
sd05-b150,jan-p01-t10k,215,46.5,0.2165
sd05-b150,jan-p01-t10k,316,62.0,0.1962
sd05-b150,jan-p01-t10k,464,82.4,0.1777
sd05-b150,jan-p01-t10k,681,109.3,0.1605
sd05-b150,jan-p01-t10k,1000,144.9,0.1449
sd05-b150,jan-p01-t10k,1468,192.7,0.1313
sd05-b150,jan-p01-t10k,2154,257.7,0.1196
sd05-b150,jan-p01-t10k,3162,345.1,0.1091
sd05-b150,jan-p01-t10k,4642,463.4,0.0998
sd05-b150,jan-p01-t10k,6813,630.6,0.0926
sd05-b150,jan-p01-t10k,10000,859.0,0.0859
sd05-b150,jan-p10-t10k,1,1.0,1.0000
sd05-b150,jan-p10-t10k,2,1.6,0.8164
sd05-b150,jan-p10-t10k,3,2.2,0.7283
sd05-b150,jan-p10-t10k,4,2.7,0.6711
sd05-b150,jan-p10-t10k,7,4.0,0.5707
sd05-b150,jan-p10-t10k,10,5.1,0.5141
sd05-b150,jan-p10-t10k,11,5.5,0.4998
sd05-b150,jan-p10-t10k,18,7.8,0.4323
sd05-b150,jan-p10-t10k,29,10.9,0.3758
sd05-b150,jan-p10-t10k,46,15.1,0.3286
sd05-b150,jan-p10-t10k,75,21.4,0.2854
sd05-b150,jan-p10-t10k,100,26.3,0.2628
sd05-b150,jan-p10-t10k,121,30.1,0.2489
sd05-b150,jan-p10-t10k,196,42.7,0.2178
sd05-b150,jan-p10-t10k,316,60.5,0.1915
sd05-b150,jan-p10-t10k,511,86.4,0.1691
sd05-b150,jan-p10-t10k,825,123.7,0.1500
sd05-b150,jan-p10-t10k,1000,143.1,0.1431
sd05-b150,jan-p10-t10k,1334,178.3,0.1336
sd05-b150,jan-p10-t10k,2154,258.8,0.1202
sd05-b150,jan-p10-t10k,3481,380.0,0.1092
sd05-b150,jan-p10-t10k,5623,565.7,0.1006
sd05-b150,jan-p10-t10k,9085,857.6,0.0944
sd05-b150,jan-p10-t10k,10000,934.6,0.0935
sd05-b150,jan-p10-t10k,14678,1320.6,0.0900
sd05-b150,jan-p10-t10k,23714,2067.3,0.0872
sd05-b150,jan-p10-t10k,38312,3266.1,0.0852
sd05-b150,jan-p10-t10k,61897,5211.0,0.0842
sd05-b150,jan-p10-t10k,100000,8306.0,0.0831
sd05-b150,jan-p20-t10k,1,1.0,1.0000
sd05-b150,jan-p20-t10k,2,1.6,0.8165
sd05-b150,jan-p20-t10k,3,2.2,0.7282
sd05-b150,jan-p20-t10k,5,3.1,0.6291
sd05-b150,jan-p20-t10k,8,4.4,0.5485
sd05-b150,jan-p20-t10k,10,5.1,0.5136
sd05-b150,jan-p20-t10k,13,6.2,0.4752
sd05-b150,jan-p20-t10k,21,8.7,0.4123
sd05-b150,jan-p20-t10k,35,12.4,0.3547
sd05-b150,jan-p20-t10k,58,17.8,0.3062
sd05-b150,jan-p20-t10k,97,25.6,0.2640
sd05-b150,jan-p20-t10k,100,26.2,0.2618
sd05-b150,jan-p20-t10k,162,37.0,0.2285
sd05-b150,jan-p20-t10k,269,53.5,0.1989
sd05-b150,jan-p20-t10k,447,77.7,0.1739
sd05-b150,jan-p20-t10k,744,113.7,0.1528
sd05-b150,jan-p20-t10k,1000,142.1,0.1421
sd05-b150,jan-p20-t10k,1237,167.1,0.1351
sd05-b150,jan-p20-t10k,2057,248.0,0.1206
sd05-b150,jan-p20-t10k,3420,372.5,0.1089
sd05-b150,jan-p20-t10k,5687,567.7,0.0998
sd05-b150,jan-p20-t10k,9457,880.9,0.0931
sd05-b150,jan-p20-t10k,10000,925.6,0.0926
sd05-b150,jan-p20-t10k,15727,1388.2,0.0883
sd05-b150,jan-p20-t10k,26153,2219.0,0.0848
sd05-b150,jan-p20-t10k,43491,3582.0,0.0824
sd05-b150,jan-p20-t10k,72323,5839.5,0.0807
sd05-b150,jan-p20-t10k,100000,8016.5,0.0802
sd05-b150,jan-p20-t10k,120269,9600.8,0.0798
sd05-b150,jan-p20-t10k,200000,15806.0,0.0790
sd06-b125,completa,1,1.0,1.0000
sd06-b125,completa,2,1.8,0.8865
sd06-b125,completa,3,2.5,0.8240
sd06-b125,completa,6,4.3,0.7231
sd06-b125,completa,10,6.5,0.6541
sd06-b125,completa,18,10.5,0.5808
sd06-b125,completa,32,16.5,0.5157
sd06-b125,completa,56,25.7,0.4585
sd06-b125,completa,100,40.5,0.4051
sd06-b125,completa,178,63.7,0.3578
sd06-b125,completa,316,99.7,0.3155
sd06-b125,completa,562,156.1,0.2778
sd06-b125,completa,1000,244.0,0.2440
sd06-b125,completa,1778,380.3,0.2139
sd06-b125,completa,3162,591.3,0.1870
sd06-b125,completa,5623,917.0,0.1631
sd06-b125,completa,10000,1417.6,0.1418
sd06-b125,completa,17783,2181.0,0.1226
sd06-b125,completa,31623,3342.8,0.1057
sd06-b125,completa,56234,5103.7,0.0908
sd06-b125,completa,100000,7741.5,0.0774
sd06-b125,completa,177828,11704.2,0.0658
sd06-b125,completa,316228,18536.3,0.0586
sd06-b125,completa,562341,30713.8,0.0546
sd06-b125,completa,1000000,52412.0,0.0524
sd06-b125,sis-p01,1,1.0,1.0000
sd06-b125,sis-p01,2,2.0,0.9963
sd06-b125,sis-p01,3,3.0,0.9935
sd06-b125,sis-p01,5,4.9,0.9897
sd06-b125,sis-p01,7,6.9,0.9869
sd06-b125,sis-p01,10,9.8,0.9840
sd06-b125,sis-p01,15,14.7,0.9803
sd06-b125,sis-p01,22,21.5,0.9763
sd06-b125,sis-p01,32,31.1,0.9722
sd06-b125,sis-p01,46,44.5,0.9680
sd06-b125,sis-p01,68,65.5,0.9629
sd06-b125,sis-p01,100,95.8,0.9576
sd06-b125,sis-p01,147,139.9,0.9514
sd06-b125,sis-p01,215,203.1,0.9447
sd06-b125,sis-p01,316,296.0,0.9368
sd06-b125,sis-p01,464,430.7,0.9281
sd06-b125,sis-p01,681,625.7,0.9188
sd06-b125,sis-p01,1000,908.0,0.9080
sd06-b125,sis-p01,1468,1315.1,0.8959
sd06-b125,sis-p01,2155,1904.4,0.8837
sd06-b125,sis-p01,3163,2761.4,0.8730
sd06-b125,sis-p01,4642,4014.7,0.8649
sd06-b125,sis-p01,6814,5856.3,0.8594
sd06-b125,sis-p01,10000,8548.5,0.8548
sd06-b125,sis-p01,10001,8549.0,0.8548
sd06-b125,sis-p10,1,1.0,1.0000
sd06-b125,sis-p10,2,2.0,0.9815
sd06-b125,sis-p10,3,2.9,0.9685
sd06-b125,sis-p10,4,3.8,0.9586
sd06-b125,sis-p10,7,6.6,0.9376
sd06-b125,sis-p10,10,9.2,0.9229
sd06-b125,sis-p10,11,10.1,0.9188
sd06-b125,sis-p10,18,16.1,0.8965
sd06-b125,sis-p10,29,25.3,0.8731
sd06-b125,sis-p10,46,39.1,0.8490
sd06-b125,sis-p10,75,61.6,0.8218
sd06-b125,sis-p10,100,80.5,0.8051
sd06-b125,sis-p10,121,96.0,0.7937
sd06-b125,sis-p10,196,149.7,0.7638
sd06-b125,sis-p10,316,231.6,0.7329
sd06-b125,sis-p10,511,358.1,0.7008
sd06-b125,sis-p10,825,550.4,0.6672
sd06-b125,sis-p10,1000,653.1,0.6531
sd06-b125,sis-p10,1334,842.5,0.6315
sd06-b125,sis-p10,2154,1281.8,0.5951
sd06-b125,sis-p10,3481,1941.9,0.5578
sd06-b125,sis-p10,5623,2923.7,0.5200
sd06-b125,sis-p10,9085,4376.0,0.4817
sd06-b125,sis-p10,10000,4739.6,0.4740
sd06-b125,sis-p10,14678,6501.1,0.4429
sd06-b125,sis-p10,23714,9706.6,0.4093
sd06-b125,sis-p10,38312,14811.7,0.3866
sd06-b125,sis-p10,61897,23043.7,0.3723
sd06-b125,sis-p10,100000,36322.0,0.3632
sd06-b125,sis-p10,100001,36322.0,0.3632
sd06-b125,sis-p20,1,1.0,1.0000
sd06-b125,sis-p20,2,1.9,0.9689
sd06-b125,sis-p20,3,2.8,0.9476
sd06-b125,sis-p20,5,4.6,0.9180
sd06-b125,sis-p20,8,7.1,0.8887
sd06-b125,sis-p20,10,8.7,0.8742
sd06-b125,sis-p20,13,11.1,0.8566
sd06-b125,sis-p20,21,17.3,0.8233
sd06-b125,sis-p20,35,27.5,0.7865
sd06-b125,sis-p20,58,43.4,0.7489
sd06-b125,sis-p20,97,68.8,0.7096
sd06-b125,sis-p20,100,70.7,0.7072
sd06-b125,sis-p20,162,108.5,0.6697
sd06-b125,sis-p20,269,169.4,0.6299
sd06-b125,sis-p20,447,263.6,0.5898
sd06-b125,sis-p20,744,408.9,0.5496
sd06-b125,sis-p20,1000,526.6,0.5266
sd06-b125,sis-p20,1237,631.0,0.5101
sd06-b125,sis-p20,2057,968.2,0.4707
sd06-b125,sis-p20,3420,1476.1,0.4316
sd06-b125,sis-p20,5687,2238.2,0.3936
sd06-b125,sis-p20,9457,3374.2,0.3568
sd06-b125,sis-p20,10000,3528.6,0.3529
sd06-b125,sis-p20,15727,5053.0,0.3213
sd06-b125,sis-p20,26153,7508.5,0.2871
sd06-b125,sis-p20,43491,11199.7,0.2575
sd06-b125,sis-p20,72324,17251.2,0.2385
sd06-b125,sis-p20,100000,23063.8,0.2306
sd06-b125,sis-p20,120270,27311.1,0.2271
sd06-b125,sis-p20,200001,44044.0,0.2202
sd06-b125,jan-p01-t1k,1,1.0,1.0000
sd06-b125,jan-p01-t1k,2,1.8,0.8853
sd06-b125,jan-p01-t1k,3,2.5,0.8235
sd06-b125,jan-p01-t1k,5,3.8,0.7507
sd06-b125,jan-p01-t1k,7,4.9,0.7049
sd06-b125,jan-p01-t1k,10,6.6,0.6577
sd06-b125,jan-p01-t1k,15,9.1,0.6075
sd06-b125,jan-p01-t1k,22,12.4,0.5626
sd06-b125,jan-p01-t1k,32,16.7,0.5215
sd06-b125,jan-p01-t1k,46,22.3,0.4847
sd06-b125,jan-p01-t1k,68,30.4,0.4473
sd06-b125,jan-p01-t1k,100,41.3,0.4130
sd06-b125,jan-p01-t1k,147,56.2,0.3822
sd06-b125,jan-p01-t1k,215,76.2,0.3543
sd06-b125,jan-p01-t1k,316,104.1,0.3294
sd06-b125,jan-p01-t1k,464,143.0,0.3081
sd06-b125,jan-p01-t1k,681,197.9,0.2907
sd06-b125,jan-p01-t1k,1000,277.2,0.2772
sd06-b125,jan-p01-t1k,1468,391.0,0.2664
sd06-b125,jan-p01-t1k,2154,557.9,0.2590
sd06-b125,jan-p01-t1k,3162,801.5,0.2535
sd06-b125,jan-p01-t1k,4642,1156.4,0.2491
sd06-b125,jan-p01-t1k,6813,1684.8,0.2473
sd06-b125,jan-p01-t1k,10000,2434.0,0.2434
sd06-b125,jan-p10-t1k,1,1.0,1.0000
sd06-b125,jan-p10-t1k,2,1.8,0.8857
sd06-b125,jan-p10-t1k,3,2.5,0.8236
sd06-b125,jan-p10-t1k,4,3.1,0.7809
sd06-b125,jan-p10-t1k,7,4.9,0.7026
sd06-b125,jan-p10-t1k,10,6.6,0.6554
sd06-b125,jan-p10-t1k,11,7.1,0.6431
sd06-b125,jan-p10-t1k,18,10.5,0.5830
sd06-b125,jan-p10-t1k,29,15.3,0.5289
sd06-b125,jan-p10-t1k,46,22.1,0.4810
sd06-b125,jan-p10-t1k,75,32.6,0.4350
sd06-b125,jan-p10-t1k,100,41.0,0.4102
sd06-b125,jan-p10-t1k,121,47.8,0.3947
sd06-b125,jan-p10-t1k,196,70.3,0.3587
sd06-b125,jan-p10-t1k,316,103.5,0.3274
sd06-b125,jan-p10-t1k,511,153.6,0.3007
sd06-b125,jan-p10-t1k,825,230.1,0.2789
sd06-b125,jan-p10-t1k,1000,271.6,0.2716
sd06-b125,jan-p10-t1k,1334,349.5,0.2620
sd06-b125,jan-p10-t1k,2154,536.7,0.2491
sd06-b125,jan-p10-t1k,3481,830.5,0.2386
sd06-b125,jan-p10-t1k,5623,1288.6,0.2292
sd06-b125,jan-p10-t1k,9085,1998.9,0.2200
sd06-b125,jan-p10-t1k,10000,2182.0,0.2182
sd06-b125,jan-p10-t1k,14678,3093.8,0.2108
sd06-b125,jan-p10-t1k,23714,4797.9,0.2023
sd06-b125,jan-p10-t1k,38312,7506.6,0.1959
sd06-b125,jan-p10-t1k,61897,11871.5,0.1918
sd06-b125,jan-p10-t1k,100000,18919.0,0.1892
sd06-b125,jan-p20-t1k,1,1.0,1.0000
sd06-b125,jan-p20-t1k,2,1.8,0.8866
sd06-b125,jan-p20-t1k,3,2.5,0.8244
sd06-b125,jan-p20-t1k,5,3.7,0.7499
sd06-b125,jan-p20-t1k,8,5.5,0.6851
sd06-b125,jan-p20-t1k,10,6.6,0.6557
sd06-b125,jan-p20-t1k,13,8.1,0.6225
sd06-b125,jan-p20-t1k,21,11.9,0.5652
sd06-b125,jan-p20-t1k,35,17.8,0.5091
sd06-b125,jan-p20-t1k,58,26.6,0.4588
sd06-b125,jan-p20-t1k,97,40.1,0.4129
sd06-b125,jan-p20-t1k,100,41.0,0.4104
sd06-b125,jan-p20-t1k,162,60.3,0.3725
sd06-b125,jan-p20-t1k,269,90.7,0.3373
sd06-b125,jan-p20-t1k,447,137.3,0.3071
sd06-b125,jan-p20-t1k,744,209.8,0.2820
sd06-b125,jan-p20-t1k,1000,269.7,0.2697
sd06-b125,jan-p20-t1k,1237,323.9,0.2619
sd06-b125,jan-p20-t1k,2057,505.2,0.2456
sd06-b125,jan-p20-t1k,3420,790.9,0.2313
sd06-b125,jan-p20-t1k,5687,1240.5,0.2181
sd06-b125,jan-p20-t1k,9457,1942.2,0.2054
sd06-b125,jan-p20-t1k,10000,2039.9,0.2040
sd06-b125,jan-p20-t1k,15727,3029.3,0.1926
sd06-b125,jan-p20-t1k,26153,4695.6,0.1795
sd06-b125,jan-p20-t1k,43491,7274.2,0.1673
sd06-b125,jan-p20-t1k,72323,11456.4,0.1584
sd06-b125,jan-p20-t1k,100000,15461.8,0.1546
sd06-b125,jan-p20-t1k,120269,18397.4,0.1530
sd06-b125,jan-p20-t1k,200000,29938.0,0.1497
sd06-b125,jan-p01-t10k,1,1.0,1.0000
sd06-b125,jan-p01-t10k,2,1.8,0.8891
sd06-b125,jan-p01-t10k,3,2.5,0.8265
sd06-b125,jan-p01-t10k,5,3.8,0.7519
sd06-b125,jan-p01-t10k,7,4.9,0.7045
sd06-b125,jan-p01-t10k,10,6.6,0.6570
sd06-b125,jan-p01-t10k,15,9.1,0.6053
sd06-b125,jan-p01-t10k,22,12.3,0.5597
sd06-b125,jan-p01-t10k,32,16.6,0.5179
sd06-b125,jan-p01-t10k,46,22.1,0.4800
sd06-b125,jan-p01-t10k,68,30.1,0.4422
sd06-b125,jan-p01-t10k,100,40.8,0.4080
sd06-b125,jan-p01-t10k,147,55.3,0.3764
sd06-b125,jan-p01-t10k,215,74.6,0.3472
sd06-b125,jan-p01-t10k,316,101.3,0.3205
sd06-b125,jan-p01-t10k,464,137.2,0.2957
sd06-b125,jan-p01-t10k,681,185.9,0.2729
sd06-b125,jan-p01-t10k,1000,251.1,0.2511
sd06-b125,jan-p01-t10k,1468,337.7,0.2300
sd06-b125,jan-p01-t10k,2154,453.4,0.2105
sd06-b125,jan-p01-t10k,3162,609.8,0.1929
sd06-b125,jan-p01-t10k,4642,820.1,0.1767
sd06-b125,jan-p01-t10k,6813,1096.3,0.1609
sd06-b125,jan-p01-t10k,10000,1455.0,0.1455
sd06-b125,jan-p10-t10k,1,1.0,1.0000
sd06-b125,jan-p10-t10k,2,1.8,0.8863
sd06-b125,jan-p10-t10k,3,2.5,0.8238
sd06-b125,jan-p10-t10k,4,3.1,0.7809
sd06-b125,jan-p10-t10k,7,4.9,0.7017
sd06-b125,jan-p10-t10k,10,6.5,0.6542
sd06-b125,jan-p10-t10k,11,7.1,0.6420
sd06-b125,jan-p10-t10k,18,10.5,0.5811
sd06-b125,jan-p10-t10k,29,15.3,0.5268
sd06-b125,jan-p10-t10k,46,22.0,0.4786
sd06-b125,jan-p10-t10k,75,32.4,0.4320
sd06-b125,jan-p10-t10k,100,40.6,0.4065
sd06-b125,jan-p10-t10k,121,47.2,0.3904
sd06-b125,jan-p10-t10k,196,69.0,0.3520
sd06-b125,jan-p10-t10k,316,100.4,0.3177
sd06-b125,jan-p10-t10k,511,146.5,0.2866
sd06-b125,jan-p10-t10k,825,213.4,0.2586
sd06-b125,jan-p10-t10k,1000,248.1,0.2481
sd06-b125,jan-p10-t10k,1334,311.1,0.2332
sd06-b125,jan-p10-t10k,2154,454.1,0.2108
sd06-b125,jan-p10-t10k,3481,665.7,0.1912
sd06-b125,jan-p10-t10k,5623,983.2,0.1748
sd06-b125,jan-p10-t10k,9085,1470.8,0.1619
sd06-b125,jan-p10-t10k,10000,1598.2,0.1598
sd06-b125,jan-p10-t10k,14678,2229.6,0.1519
sd06-b125,jan-p10-t10k,23714,3427.4,0.1445
sd06-b125,jan-p10-t10k,38312,5337.3,0.1393
sd06-b125,jan-p10-t10k,61897,8410.7,0.1359
sd06-b125,jan-p10-t10k,100000,13209.0,0.1321
sd06-b125,jan-p20-t10k,1,1.0,1.0000
sd06-b125,jan-p20-t10k,2,1.8,0.8860
sd06-b125,jan-p20-t10k,3,2.5,0.8234
sd06-b125,jan-p20-t10k,5,3.7,0.7484
sd06-b125,jan-p20-t10k,8,5.5,0.6835
sd06-b125,jan-p20-t10k,10,6.5,0.6540
sd06-b125,jan-p20-t10k,13,8.1,0.6206
sd06-b125,jan-p20-t10k,21,11.8,0.5627
sd06-b125,jan-p20-t10k,35,17.7,0.5062
sd06-b125,jan-p20-t10k,58,26.4,0.4552
sd06-b125,jan-p20-t10k,97,39.6,0.4083
sd06-b125,jan-p20-t10k,100,40.6,0.4056
sd06-b125,jan-p20-t10k,162,59.3,0.3658
sd06-b125,jan-p20-t10k,269,88.2,0.3279
sd06-b125,jan-p20-t10k,447,131.4,0.2940
sd06-b125,jan-p20-t10k,744,196.0,0.2635
sd06-b125,jan-p20-t10k,1000,247.3,0.2473
sd06-b125,jan-p20-t10k,1237,292.3,0.2363
sd06-b125,jan-p20-t10k,2057,436.5,0.2122
sd06-b125,jan-p20-t10k,3420,654.3,0.1913
sd06-b125,jan-p20-t10k,5687,987.3,0.1736
sd06-b125,jan-p20-t10k,9457,1506.6,0.1593
sd06-b125,jan-p20-t10k,10000,1579.6,0.1580
sd06-b125,jan-p20-t10k,15727,2320.7,0.1476
sd06-b125,jan-p20-t10k,26153,3598.0,0.1376
sd06-b125,jan-p20-t10k,43491,5613.3,0.1291
sd06-b125,jan-p20-t10k,72323,8894.2,0.1230
sd06-b125,jan-p20-t10k,100000,12043.7,0.1204
sd06-b125,jan-p20-t10k,120269,14326.5,0.1191
sd06-b125,jan-p20-t10k,200000,23188.0,0.1159
sd07-b100,completa,1,1.0,1.0000
sd07-b100,completa,2,1.9,0.9514
sd07-b100,completa,3,2.8,0.9204
sd07-b100,completa,6,5.2,0.8647
sd07-b100,completa,10,8.2,0.8222
sd07-b100,completa,18,13.9,0.7724
sd07-b100,completa,32,23.1,0.7234
sd07-b100,completa,56,37.8,0.6757
sd07-b100,completa,100,62.7,0.6266
sd07-b100,completa,178,102.9,0.5780
sd07-b100,completa,316,167.5,0.5300
sd07-b100,completa,562,271.1,0.4824
sd07-b100,completa,1000,435.3,0.4353
sd07-b100,completa,1778,691.6,0.3890
sd07-b100,completa,3162,1086.4,0.3436
sd07-b100,completa,5623,1682.3,0.2992
sd07-b100,completa,10000,2560.3,0.2560
sd07-b100,completa,17783,3811.8,0.2143
sd07-b100,completa,31623,5521.2,0.1746
sd07-b100,completa,56234,7714.0,0.1372
sd07-b100,completa,100000,10304.6,0.1030
sd07-b100,completa,177828,14145.8,0.0795
sd07-b100,completa,316228,20977.5,0.0663
sd07-b100,completa,562341,33154.6,0.0590
sd07-b100,completa,1000000,54852.0,0.0549
sd07-b100,sis-p01,1,1.0,1.0000
sd07-b100,sis-p01,2,2.0,0.9987
sd07-b100,sis-p01,3,3.0,0.9978
sd07-b100,sis-p01,5,5.0,0.9967
sd07-b100,sis-p01,7,7.0,0.9957
sd07-b100,sis-p01,10,9.9,0.9946
sd07-b100,sis-p01,15,14.9,0.9932
sd07-b100,sis-p01,22,21.8,0.9916
sd07-b100,sis-p01,32,31.7,0.9898
sd07-b100,sis-p01,46,45.4,0.9876
sd07-b100,sis-p01,68,67.0,0.9847
sd07-b100,sis-p01,100,98.1,0.9811
sd07-b100,sis-p01,147,143.6,0.9767
sd07-b100,sis-p01,215,208.9,0.9714
sd07-b100,sis-p01,316,305.0,0.9652
sd07-b100,sis-p01,464,444.3,0.9576
sd07-b100,sis-p01,681,645.8,0.9483
sd07-b100,sis-p01,1000,936.5,0.9365
sd07-b100,sis-p01,1468,1353.9,0.9223
sd07-b100,sis-p01,2155,1953.0,0.9063
sd07-b100,sis-p01,3163,2817.6,0.8908
sd07-b100,sis-p01,4642,4073.1,0.8774
sd07-b100,sis-p01,6814,5906.6,0.8668
sd07-b100,sis-p01,10000,8593.0,0.8593
sd07-b100,sis-p01,10001,8594.0,0.8593
sd07-b100,sis-p10,1,1.0,1.0000
sd07-b100,sis-p10,2,2.0,0.9927
sd07-b100,sis-p10,3,3.0,0.9876
sd07-b100,sis-p10,4,3.9,0.9835
sd07-b100,sis-p10,7,6.8,0.9744
sd07-b100,sis-p10,10,9.7,0.9680
sd07-b100,sis-p10,11,10.6,0.9662
sd07-b100,sis-p10,18,17.2,0.9559
sd07-b100,sis-p10,29,27.4,0.9449
sd07-b100,sis-p10,46,42.9,0.9328
sd07-b100,sis-p10,75,68.9,0.9183
sd07-b100,sis-p10,100,90.9,0.9089
sd07-b100,sis-p10,121,109.2,0.9023
sd07-b100,sis-p10,196,173.2,0.8836
sd07-b100,sis-p10,316,272.6,0.8625
sd07-b100,sis-p10,511,428.4,0.8384
sd07-b100,sis-p10,825,668.7,0.8106
sd07-b100,sis-p10,1000,798.1,0.7981
sd07-b100,sis-p10,1334,1037.5,0.7777
sd07-b100,sis-p10,2154,1592.0,0.7391
sd07-b100,sis-p10,3481,2415.3,0.6939
sd07-b100,sis-p10,5623,3601.9,0.6406
sd07-b100,sis-p10,9085,5253.7,0.5783
sd07-b100,sis-p10,10000,5646.9,0.5647
sd07-b100,sis-p10,14678,7505.3,0.5113
sd07-b100,sis-p10,23714,10769.7,0.4542
sd07-b100,sis-p10,38312,15847.5,0.4136
sd07-b100,sis-p10,61897,24004.1,0.3878
sd07-b100,sis-p10,100000,37243.0,0.3724
sd07-b100,sis-p10,100001,37243.0,0.3724
sd07-b100,sis-p20,1,1.0,1.0000
sd07-b100,sis-p20,2,2.0,0.9871
sd07-b100,sis-p20,3,2.9,0.9780
sd07-b100,sis-p20,5,4.8,0.9652
sd07-b100,sis-p20,8,7.6,0.9519
sd07-b100,sis-p20,10,9.5,0.9451
sd07-b100,sis-p20,13,12.2,0.9369
sd07-b100,sis-p20,21,19.3,0.9205
sd07-b100,sis-p20,35,31.5,0.9011
sd07-b100,sis-p20,58,51.0,0.8801
sd07-b100,sis-p20,97,83.1,0.8563
sd07-b100,sis-p20,100,85.5,0.8548
sd07-b100,sis-p20,162,134.5,0.8301
sd07-b100,sis-p20,269,215.6,0.8014
sd07-b100,sis-p20,447,344.0,0.7696
sd07-b100,sis-p20,744,546.3,0.7343
sd07-b100,sis-p20,1000,711.9,0.7119
sd07-b100,sis-p20,1237,859.5,0.6949
sd07-b100,sis-p20,2057,1338.2,0.6505
sd07-b100,sis-p20,3420,2054.8,0.6008
sd07-b100,sis-p20,5687,3101.6,0.5454
sd07-b100,sis-p20,9457,4575.8,0.4839
sd07-b100,sis-p20,10000,4767.6,0.4768
sd07-b100,sis-p20,15727,6552.3,0.4166
sd07-b100,sis-p20,26153,9090.8,0.3476
sd07-b100,sis-p20,43491,12803.7,0.2944
sd07-b100,sis-p20,72324,18805.6,0.2600
sd07-b100,sis-p20,100000,24552.2,0.2455
sd07-b100,sis-p20,120270,28769.4,0.2392
sd07-b100,sis-p20,200001,45444.0,0.2272
sd07-b100,jan-p01-t1k,1,1.0,1.0000
sd07-b100,jan-p01-t1k,2,1.9,0.9502
sd07-b100,jan-p01-t1k,3,2.8,0.9188
sd07-b100,jan-p01-t1k,5,4.4,0.8776
sd07-b100,jan-p01-t1k,7,5.9,0.8498
sd07-b100,jan-p01-t1k,10,8.2,0.8204
sd07-b100,jan-p01-t1k,15,11.8,0.7869
sd07-b100,jan-p01-t1k,22,16.6,0.7558
sd07-b100,jan-p01-t1k,32,23.2,0.7257
sd07-b100,jan-p01-t1k,46,32.0,0.6964
sd07-b100,jan-p01-t1k,68,45.2,0.6652
sd07-b100,jan-p01-t1k,100,63.4,0.6342
sd07-b100,jan-p01-t1k,147,88.7,0.6035
sd07-b100,jan-p01-t1k,215,123.5,0.5743
sd07-b100,jan-p01-t1k,316,172.7,0.5465
sd07-b100,jan-p01-t1k,464,241.8,0.5210
sd07-b100,jan-p01-t1k,681,339.6,0.4987
sd07-b100,jan-p01-t1k,1000,479.9,0.4799
sd07-b100,jan-p01-t1k,1468,680.8,0.4638
sd07-b100,jan-p01-t1k,2154,972.9,0.4517
sd07-b100,jan-p01-t1k,3162,1396.4,0.4416
sd07-b100,jan-p01-t1k,4642,2011.4,0.4333
sd07-b100,jan-p01-t1k,6813,2922.3,0.4289
sd07-b100,jan-p01-t1k,10000,4227.0,0.4227
sd07-b100,jan-p10-t1k,1,1.0,1.0000
sd07-b100,jan-p10-t1k,2,1.9,0.9507
sd07-b100,jan-p10-t1k,3,2.8,0.9193
sd07-b100,jan-p10-t1k,4,3.6,0.8964
sd07-b100,jan-p10-t1k,7,6.0,0.8507
sd07-b100,jan-p10-t1k,10,8.2,0.8213
sd07-b100,jan-p10-t1k,11,8.9,0.8134
sd07-b100,jan-p10-t1k,18,13.9,0.7723
sd07-b100,jan-p10-t1k,29,21.2,0.7324
sd07-b100,jan-p10-t1k,46,31.9,0.6942
sd07-b100,jan-p10-t1k,75,49.1,0.6543
sd07-b100,jan-p10-t1k,100,63.1,0.6312
sd07-b100,jan-p10-t1k,121,74.5,0.6161
sd07-b100,jan-p10-t1k,196,113.4,0.5786
sd07-b100,jan-p10-t1k,316,171.7,0.5433
sd07-b100,jan-p10-t1k,511,260.7,0.5101
sd07-b100,jan-p10-t1k,825,396.8,0.4810
sd07-b100,jan-p10-t1k,1000,470.7,0.4707
sd07-b100,jan-p10-t1k,1334,609.1,0.4566
sd07-b100,jan-p10-t1k,2154,937.9,0.4354
sd07-b100,jan-p10-t1k,3481,1444.9,0.4151
sd07-b100,jan-p10-t1k,5623,2212.2,0.3934
sd07-b100,jan-p10-t1k,9085,3347.7,0.3685
sd07-b100,jan-p10-t1k,10000,3629.4,0.3629
sd07-b100,jan-p10-t1k,14678,4994.4,0.3403
sd07-b100,jan-p10-t1k,23714,7428.4,0.3133
sd07-b100,jan-p10-t1k,38312,11183.5,0.2919
sd07-b100,jan-p10-t1k,61897,17167.2,0.2774
sd07-b100,jan-p10-t1k,100000,26877.0,0.2688
sd07-b100,jan-p20-t1k,1,1.0,1.0000
sd07-b100,jan-p20-t1k,2,1.9,0.9514
sd07-b100,jan-p20-t1k,3,2.8,0.9204
sd07-b100,jan-p20-t1k,5,4.4,0.8795
sd07-b100,jan-p20-t1k,8,6.7,0.8411
sd07-b100,jan-p20-t1k,10,8.2,0.8226
sd07-b100,jan-p20-t1k,13,10.4,0.8007
sd07-b100,jan-p20-t1k,21,16.0,0.7605
sd07-b100,jan-p20-t1k,35,25.1,0.7178
sd07-b100,jan-p20-t1k,58,39.2,0.6759
sd07-b100,jan-p20-t1k,97,61.5,0.6341
sd07-b100,jan-p20-t1k,100,63.2,0.6316
sd07-b100,jan-p20-t1k,162,96.1,0.5933
sd07-b100,jan-p20-t1k,269,149.2,0.5548
sd07-b100,jan-p20-t1k,447,231.7,0.5184
sd07-b100,jan-p20-t1k,744,361.1,0.4853
sd07-b100,jan-p20-t1k,1000,468.0,0.4680
sd07-b100,jan-p20-t1k,1237,564.6,0.4565
sd07-b100,jan-p20-t1k,2057,885.8,0.4306
sd07-b100,jan-p20-t1k,3420,1385.4,0.4051
sd07-b100,jan-p20-t1k,5687,2147.9,0.3777
sd07-b100,jan-p20-t1k,9457,3283.1,0.3472
sd07-b100,jan-p20-t1k,10000,3435.7,0.3436
sd07-b100,jan-p20-t1k,15727,4905.9,0.3119
sd07-b100,jan-p20-t1k,26153,7128.3,0.2726
sd07-b100,jan-p20-t1k,43491,10356.0,0.2381
sd07-b100,jan-p20-t1k,72323,15458.2,0.2137
sd07-b100,jan-p20-t1k,100000,20326.2,0.2033
sd07-b100,jan-p20-t1k,120269,23893.2,0.1987
sd07-b100,jan-p20-t1k,200000,38022.0,0.1901
sd07-b100,jan-p01-t10k,1,1.0,1.0000
sd07-b100,jan-p01-t10k,2,1.9,0.9549
sd07-b100,jan-p01-t10k,3,2.8,0.9245
sd07-b100,jan-p01-t10k,5,4.4,0.8832
sd07-b100,jan-p01-t10k,7,6.0,0.8559
sd07-b100,jan-p01-t10k,10,8.3,0.8261
sd07-b100,jan-p01-t10k,15,11.9,0.7924
sd07-b100,jan-p01-t10k,22,16.7,0.7597
sd07-b100,jan-p01-t10k,32,23.3,0.7274
sd07-b100,jan-p01-t10k,46,32.0,0.6957
sd07-b100,jan-p01-t10k,68,45.1,0.6627
sd07-b100,jan-p01-t10k,100,63.0,0.6302
sd07-b100,jan-p01-t10k,147,87.8,0.5974
sd07-b100,jan-p01-t10k,215,121.5,0.5653
sd07-b100,jan-p01-t10k,316,168.7,0.5337
sd07-b100,jan-p01-t10k,464,233.0,0.5021
sd07-b100,jan-p01-t10k,681,320.5,0.4706
sd07-b100,jan-p01-t10k,1000,439.0,0.4390
sd07-b100,jan-p01-t10k,1468,599.6,0.4085
sd07-b100,jan-p01-t10k,2154,815.6,0.3786
sd07-b100,jan-p01-t10k,3162,1101.4,0.3483
sd07-b100,jan-p01-t10k,4642,1482.8,0.3194
sd07-b100,jan-p01-t10k,6813,1987.7,0.2918
sd07-b100,jan-p01-t10k,10000,2625.0,0.2625
sd07-b100,jan-p10-t10k,1,1.0,1.0000
sd07-b100,jan-p10-t10k,2,1.9,0.9513
sd07-b100,jan-p10-t10k,3,2.8,0.9202
sd07-b100,jan-p10-t10k,4,3.6,0.8972
sd07-b100,jan-p10-t10k,7,6.0,0.8513
sd07-b100,jan-p10-t10k,10,8.2,0.8216
sd07-b100,jan-p10-t10k,11,9.0,0.8137
sd07-b100,jan-p10-t10k,18,13.9,0.7720
sd07-b100,jan-p10-t10k,29,21.2,0.7314
sd07-b100,jan-p10-t10k,46,31.8,0.6922
sd07-b100,jan-p10-t10k,75,48.8,0.6510
sd07-b100,jan-p10-t10k,100,62.7,0.6268
sd07-b100,jan-p10-t10k,121,73.9,0.6108
sd07-b100,jan-p10-t10k,196,111.9,0.5707
sd07-b100,jan-p10-t10k,316,167.9,0.5314
sd07-b100,jan-p10-t10k,511,251.6,0.4925
sd07-b100,jan-p10-t10k,825,374.8,0.4543
sd07-b100,jan-p10-t10k,1000,439.3,0.4393
sd07-b100,jan-p10-t10k,1334,556.5,0.4172
sd07-b100,jan-p10-t10k,2154,821.7,0.3815
sd07-b100,jan-p10-t10k,3481,1209.0,0.3473
sd07-b100,jan-p10-t10k,5623,1777.9,0.3162
sd07-b100,jan-p10-t10k,9085,2622.4,0.2887
sd07-b100,jan-p10-t10k,10000,2837.4,0.2837
sd07-b100,jan-p10-t10k,14678,3879.0,0.2643
sd07-b100,jan-p10-t10k,23714,5786.4,0.2440
sd07-b100,jan-p10-t10k,38312,8744.0,0.2282
sd07-b100,jan-p10-t10k,61897,13468.5,0.2176
sd07-b100,jan-p10-t10k,100000,20839.0,0.2084
sd07-b100,jan-p20-t10k,1,1.0,1.0000
sd07-b100,jan-p20-t10k,2,1.9,0.9512
sd07-b100,jan-p20-t10k,3,2.8,0.9200
sd07-b100,jan-p20-t10k,5,4.4,0.8790
sd07-b100,jan-p20-t10k,8,6.7,0.8401
sd07-b100,jan-p20-t10k,10,8.2,0.8214
sd07-b100,jan-p20-t10k,13,10.4,0.7992
sd07-b100,jan-p20-t10k,21,15.9,0.7585
sd07-b100,jan-p20-t10k,35,25.0,0.7152
sd07-b100,jan-p20-t10k,58,39.0,0.6725
sd07-b100,jan-p20-t10k,97,61.0,0.6293
sd07-b100,jan-p20-t10k,100,62.7,0.6267
sd07-b100,jan-p20-t10k,162,95.0,0.5863
sd07-b100,jan-p20-t10k,269,146.4,0.5443
sd07-b100,jan-p20-t10k,447,224.7,0.5027
sd07-b100,jan-p20-t10k,744,343.6,0.4618
sd07-b100,jan-p20-t10k,1000,438.6,0.4386
sd07-b100,jan-p20-t10k,1237,522.2,0.4222
sd07-b100,jan-p20-t10k,2057,789.9,0.3840
sd07-b100,jan-p20-t10k,3420,1188.9,0.3476
sd07-b100,jan-p20-t10k,5687,1785.0,0.3139
sd07-b100,jan-p20-t10k,9457,2677.2,0.2831
sd07-b100,jan-p20-t10k,10000,2799.1,0.2799
sd07-b100,jan-p20-t10k,15727,3992.7,0.2539
sd07-b100,jan-p20-t10k,26153,5896.6,0.2255
sd07-b100,jan-p20-t10k,43491,8712.9,0.2003
sd07-b100,jan-p20-t10k,72323,13143.1,0.1817
sd07-b100,jan-p20-t10k,100000,17353.1,0.1735
sd07-b100,jan-p20-t10k,120269,20427.0,0.1698
sd07-b100,jan-p20-t10k,200000,32426.0,0.1621
sd08-b075,completa,1,1.0,1.0000
sd08-b075,completa,2,2.0,0.9870
sd08-b075,completa,3,2.9,0.9776
sd08-b075,completa,6,5.8,0.9585
sd08-b075,completa,10,9.4,0.9419
sd08-b075,completa,18,16.6,0.9198
sd08-b075,completa,32,28.6,0.8948
sd08-b075,completa,56,48.6,0.8670
sd08-b075,completa,100,83.4,0.8345
sd08-b075,completa,178,142.0,0.7977
sd08-b075,completa,316,239.0,0.7564
sd08-b075,completa,562,398.9,0.7098
sd08-b075,completa,1000,657.8,0.6578
sd08-b075,completa,1778,1067.3,0.6003
sd08-b075,completa,3162,1697.8,0.5369
sd08-b075,completa,5623,2633.2,0.4683
sd08-b075,completa,10000,3952.2,0.3952
sd08-b075,completa,17783,5682.0,0.3195
sd08-b075,completa,31623,7713.8,0.2439
sd08-b075,completa,56234,9724.7,0.1729
sd08-b075,completa,100000,11907.4,0.1191
sd08-b075,completa,177828,15747.8,0.0886
sd08-b075,completa,316228,22578.4,0.0714
sd08-b075,completa,562341,34751.0,0.0618
sd08-b075,completa,1000000,56459.0,0.0565
sd08-b075,sis-p01,1,1.0,1.0000
sd08-b075,sis-p01,2,2.0,0.9993
sd08-b075,sis-p01,3,3.0,0.9988
sd08-b075,sis-p01,5,5.0,0.9981
sd08-b075,sis-p01,7,7.0,0.9975
sd08-b075,sis-p01,10,10.0,0.9969
sd08-b075,sis-p01,15,14.9,0.9959
sd08-b075,sis-p01,22,21.9,0.9948
sd08-b075,sis-p01,32,31.8,0.9937
sd08-b075,sis-p01,46,45.7,0.9924
sd08-b075,sis-p01,68,67.4,0.9905
sd08-b075,sis-p01,100,98.8,0.9879
sd08-b075,sis-p01,147,144.7,0.9847
sd08-b075,sis-p01,215,210.8,0.9807
sd08-b075,sis-p01,316,308.2,0.9752
sd08-b075,sis-p01,464,449.1,0.9679
sd08-b075,sis-p01,681,652.3,0.9578
sd08-b075,sis-p01,1000,944.5,0.9445
sd08-b075,sis-p01,1468,1362.5,0.9281
sd08-b075,sis-p01,2155,1958.9,0.9090
sd08-b075,sis-p01,3163,2814.9,0.8899
sd08-b075,sis-p01,4642,4051.1,0.8727
sd08-b075,sis-p01,6814,5855.6,0.8593
sd08-b075,sis-p01,10000,8505.5,0.8506
sd08-b075,sis-p01,10001,8506.0,0.8505
sd08-b075,sis-p10,1,1.0,1.0000
sd08-b075,sis-p10,2,2.0,0.9975
sd08-b075,sis-p10,3,3.0,0.9956
sd08-b075,sis-p10,4,4.0,0.9941
sd08-b075,sis-p10,7,6.9,0.9905
sd08-b075,sis-p10,10,9.9,0.9878
sd08-b075,sis-p10,11,10.9,0.9871
sd08-b075,sis-p10,18,17.7,0.9827
sd08-b075,sis-p10,29,28.4,0.9777
sd08-b075,sis-p10,46,44.7,0.9717
sd08-b075,sis-p10,75,72.3,0.9642
sd08-b075,sis-p10,100,95.9,0.9589
sd08-b075,sis-p10,121,115.6,0.9551
sd08-b075,sis-p10,196,185.0,0.9439
sd08-b075,sis-p10,316,294.0,0.9302
sd08-b075,sis-p10,511,466.6,0.9131
sd08-b075,sis-p10,825,735.4,0.8914
sd08-b075,sis-p10,1000,881.1,0.8811
sd08-b075,sis-p10,1334,1151.9,0.8635
sd08-b075,sis-p10,2154,1782.3,0.8274
sd08-b075,sis-p10,3481,2713.1,0.7794
sd08-b075,sis-p10,5623,4025.9,0.7160
sd08-b075,sis-p10,9085,5784.3,0.6367
sd08-b075,sis-p10,10000,6198.4,0.6198
sd08-b075,sis-p10,14678,8120.7,0.5533
sd08-b075,sis-p10,23714,11415.8,0.4814
sd08-b075,sis-p10,38312,16460.7,0.4296
sd08-b075,sis-p10,61897,24525.2,0.3962
sd08-b075,sis-p10,100000,37559.0,0.3756
sd08-b075,sis-p10,100001,37559.0,0.3756
sd08-b075,sis-p20,1,1.0,1.0000
sd08-b075,sis-p20,2,2.0,0.9959
sd08-b075,sis-p20,3,3.0,0.9928
sd08-b075,sis-p20,5,4.9,0.9882
sd08-b075,sis-p20,8,7.9,0.9832
sd08-b075,sis-p20,10,9.8,0.9805
sd08-b075,sis-p20,13,12.7,0.9771
sd08-b075,sis-p20,21,20.4,0.9700
sd08-b075,sis-p20,35,33.6,0.9611
sd08-b075,sis-p20,58,55.1,0.9506
sd08-b075,sis-p20,97,91.0,0.9377
sd08-b075,sis-p20,100,93.7,0.9369
sd08-b075,sis-p20,162,149.4,0.9224
sd08-b075,sis-p20,269,243.2,0.9041
sd08-b075,sis-p20,447,394.2,0.8819
sd08-b075,sis-p20,744,635.7,0.8544
sd08-b075,sis-p20,1000,835.4,0.8354
sd08-b075,sis-p20,1237,1014.7,0.8203
sd08-b075,sis-p20,2057,1600.3,0.7780
sd08-b075,sis-p20,3420,2479.4,0.7250
sd08-b075,sis-p20,5687,3744.3,0.6584
sd08-b075,sis-p20,9457,5448.4,0.5761
sd08-b075,sis-p20,10000,5660.8,0.5661
sd08-b075,sis-p20,15727,7535.9,0.4792
sd08-b075,sis-p20,26153,10128.4,0.3873
sd08-b075,sis-p20,43491,13847.4,0.3184
sd08-b075,sis-p20,72324,19836.7,0.2743
sd08-b075,sis-p20,100000,25587.1,0.2559
sd08-b075,sis-p20,120270,29776.2,0.2476
sd08-b075,sis-p20,200001,46227.0,0.2311
sd08-b075,jan-p01-t1k,1,1.0,1.0000
sd08-b075,jan-p01-t1k,2,2.0,0.9873
sd08-b075,jan-p01-t1k,3,2.9,0.9777
sd08-b075,jan-p01-t1k,5,4.8,0.9637
sd08-b075,jan-p01-t1k,7,6.7,0.9531
sd08-b075,jan-p01-t1k,10,9.4,0.9415
sd08-b075,jan-p01-t1k,15,13.9,0.9263
sd08-b075,jan-p01-t1k,22,20.0,0.9107
sd08-b075,jan-p01-t1k,32,28.6,0.8944
sd08-b075,jan-p01-t1k,46,40.4,0.8774
sd08-b075,jan-p01-t1k,68,58.3,0.8574
sd08-b075,jan-p01-t1k,100,83.6,0.8357
sd08-b075,jan-p01-t1k,147,119.5,0.8130
sd08-b075,jan-p01-t1k,215,169.8,0.7898
sd08-b075,jan-p01-t1k,316,242.1,0.7661
sd08-b075,jan-p01-t1k,464,344.6,0.7427
sd08-b075,jan-p01-t1k,681,490.3,0.7199
sd08-b075,jan-p01-t1k,1000,699.2,0.6992
sd08-b075,jan-p01-t1k,1468,999.2,0.6807
sd08-b075,jan-p01-t1k,2154,1432.0,0.6648
sd08-b075,jan-p01-t1k,3162,2057.4,0.6507
sd08-b075,jan-p01-t1k,4642,2964.3,0.6386
sd08-b075,jan-p01-t1k,6813,4301.4,0.6313
sd08-b075,jan-p01-t1k,10000,6213.0,0.6213
sd08-b075,jan-p10-t1k,1,1.0,1.0000
sd08-b075,jan-p10-t1k,2,2.0,0.9867
sd08-b075,jan-p10-t1k,3,2.9,0.9772
sd08-b075,jan-p10-t1k,4,3.9,0.9697
sd08-b075,jan-p10-t1k,7,6.7,0.9530
sd08-b075,jan-p10-t1k,10,9.4,0.9412
sd08-b075,jan-p10-t1k,11,10.3,0.9378
sd08-b075,jan-p10-t1k,18,16.5,0.9190
sd08-b075,jan-p10-t1k,29,26.1,0.8986
sd08-b075,jan-p10-t1k,46,40.3,0.8767
sd08-b075,jan-p10-t1k,75,63.9,0.8515
sd08-b075,jan-p10-t1k,100,83.5,0.8355
sd08-b075,jan-p10-t1k,121,99.8,0.8245
sd08-b075,jan-p10-t1k,196,155.9,0.7955
sd08-b075,jan-p10-t1k,316,241.8,0.7652
sd08-b075,jan-p10-t1k,511,375.0,0.7338
sd08-b075,jan-p10-t1k,825,579.9,0.7029
sd08-b075,jan-p10-t1k,1000,691.0,0.6910
sd08-b075,jan-p10-t1k,1334,898.7,0.6737
sd08-b075,jan-p10-t1k,2154,1388.5,0.6446
sd08-b075,jan-p10-t1k,3481,2129.5,0.6117
sd08-b075,jan-p10-t1k,5623,3210.3,0.5709
sd08-b075,jan-p10-t1k,9085,4720.4,0.5196
sd08-b075,jan-p10-t1k,10000,5084.7,0.5085
sd08-b075,jan-p10-t1k,14678,6801.4,0.4634
sd08-b075,jan-p10-t1k,23714,9764.4,0.4118
sd08-b075,jan-p10-t1k,38312,14268.9,0.3724
sd08-b075,jan-p10-t1k,61897,21438.7,0.3464
sd08-b075,jan-p10-t1k,100000,32986.0,0.3299
sd08-b075,jan-p20-t1k,1,1.0,1.0000
sd08-b075,jan-p20-t1k,2,2.0,0.9869
sd08-b075,jan-p20-t1k,3,2.9,0.9775
sd08-b075,jan-p20-t1k,5,4.8,0.9639
sd08-b075,jan-p20-t1k,8,7.6,0.9495
sd08-b075,jan-p20-t1k,10,9.4,0.9420
sd08-b075,jan-p20-t1k,13,12.1,0.9326
sd08-b075,jan-p20-t1k,21,19.2,0.9138
sd08-b075,jan-p20-t1k,35,31.2,0.8913
sd08-b075,jan-p20-t1k,58,50.3,0.8665
sd08-b075,jan-p20-t1k,97,81.4,0.8387
sd08-b075,jan-p20-t1k,100,83.7,0.8370
sd08-b075,jan-p20-t1k,162,131.0,0.8086
sd08-b075,jan-p20-t1k,269,208.9,0.7765
sd08-b075,jan-p20-t1k,447,332.0,0.7427
sd08-b075,jan-p20-t1k,744,526.9,0.7082
sd08-b075,jan-p20-t1k,1000,688.3,0.6883
sd08-b075,jan-p20-t1k,1237,833.9,0.6741
sd08-b075,jan-p20-t1k,2057,1314.8,0.6392
sd08-b075,jan-p20-t1k,3420,2052.0,0.6000
sd08-b075,jan-p20-t1k,5687,3144.5,0.5529
sd08-b075,jan-p20-t1k,9457,4678.0,0.4947
sd08-b075,jan-p20-t1k,10000,4874.3,0.4874
sd08-b075,jan-p20-t1k,15727,6657.4,0.4233
sd08-b075,jan-p20-t1k,26153,9187.1,0.3513
sd08-b075,jan-p20-t1k,43491,12752.5,0.2932
sd08-b075,jan-p20-t1k,72323,18404.0,0.2545
sd08-b075,jan-p20-t1k,100000,23802.9,0.2380
sd08-b075,jan-p20-t1k,120269,27757.1,0.2308
sd08-b075,jan-p20-t1k,200000,43306.0,0.2165
sd08-b075,jan-p01-t10k,1,1.0,1.0000
sd08-b075,jan-p01-t10k,2,2.0,0.9888
sd08-b075,jan-p01-t10k,3,2.9,0.9803
sd08-b075,jan-p01-t10k,5,4.8,0.9674
sd08-b075,jan-p01-t10k,7,6.7,0.9581
sd08-b075,jan-p01-t10k,10,9.5,0.9469
sd08-b075,jan-p01-t10k,15,14.0,0.9321
sd08-b075,jan-p01-t10k,22,20.2,0.9166
sd08-b075,jan-p01-t10k,32,28.8,0.8999
sd08-b075,jan-p01-t10k,46,40.6,0.8821
sd08-b075,jan-p01-t10k,68,58.6,0.8612
sd08-b075,jan-p01-t10k,100,83.9,0.8387
sd08-b075,jan-p01-t10k,147,119.8,0.8149
sd08-b075,jan-p01-t10k,215,169.8,0.7897
sd08-b075,jan-p01-t10k,316,240.6,0.7614
sd08-b075,jan-p01-t10k,464,339.2,0.7310
sd08-b075,jan-p01-t10k,681,475.5,0.6982
sd08-b075,jan-p01-t10k,1000,663.1,0.6631
sd08-b075,jan-p01-t10k,1468,917.8,0.6252
sd08-b075,jan-p01-t10k,2154,1259.7,0.5848
sd08-b075,jan-p01-t10k,3162,1713.4,0.5419
sd08-b075,jan-p01-t10k,4642,2303.1,0.4961
sd08-b075,jan-p01-t10k,6813,3060.7,0.4492
sd08-b075,jan-p01-t10k,10000,3997.0,0.3997
sd08-b075,jan-p10-t10k,1,1.0,1.0000
sd08-b075,jan-p10-t10k,2,2.0,0.9875
sd08-b075,jan-p10-t10k,3,2.9,0.9783
sd08-b075,jan-p10-t10k,4,3.9,0.9709
sd08-b075,jan-p10-t10k,7,6.7,0.9545
sd08-b075,jan-p10-t10k,10,9.4,0.9426
sd08-b075,jan-p10-t10k,11,10.3,0.9392
sd08-b075,jan-p10-t10k,18,16.6,0.9202
sd08-b075,jan-p10-t10k,29,26.1,0.8995
sd08-b075,jan-p10-t10k,46,40.3,0.8771
sd08-b075,jan-p10-t10k,75,63.8,0.8509
sd08-b075,jan-p10-t10k,100,83.4,0.8341
sd08-b075,jan-p10-t10k,121,99.5,0.8226
sd08-b075,jan-p10-t10k,196,155.1,0.7912
sd08-b075,jan-p10-t10k,316,239.2,0.7568
sd08-b075,jan-p10-t10k,511,367.5,0.7191
sd08-b075,jan-p10-t10k,825,559.6,0.6783
sd08-b075,jan-p10-t10k,1000,661.1,0.6611
sd08-b075,jan-p10-t10k,1334,846.3,0.6344
sd08-b075,jan-p10-t10k,2154,1266.2,0.5879
sd08-b075,jan-p10-t10k,3481,1876.7,0.5391
sd08-b075,jan-p10-t10k,5623,2753.7,0.4897
sd08-b075,jan-p10-t10k,9085,4007.3,0.4411
sd08-b075,jan-p10-t10k,10000,4317.8,0.4318
sd08-b075,jan-p10-t10k,14678,5783.8,0.3940
sd08-b075,jan-p10-t10k,23714,8363.0,0.3527
sd08-b075,jan-p10-t10k,38312,12279.7,0.3205
sd08-b075,jan-p10-t10k,61897,18507.6,0.2990
sd08-b075,jan-p10-t10k,100000,28009.0,0.2801
sd08-b075,jan-p20-t10k,1,1.0,1.0000
sd08-b075,jan-p20-t10k,2,2.0,0.9872
sd08-b075,jan-p20-t10k,3,2.9,0.9777
sd08-b075,jan-p20-t10k,5,4.8,0.9640
sd08-b075,jan-p20-t10k,8,7.6,0.9495
sd08-b075,jan-p20-t10k,10,9.4,0.9419
sd08-b075,jan-p20-t10k,13,12.1,0.9324
sd08-b075,jan-p20-t10k,21,19.2,0.9133
sd08-b075,jan-p20-t10k,35,31.2,0.8902
sd08-b075,jan-p20-t10k,58,50.2,0.8647
sd08-b075,jan-p20-t10k,97,81.1,0.8357
sd08-b075,jan-p20-t10k,100,83.4,0.8339
sd08-b075,jan-p20-t10k,162,130.2,0.8036
sd08-b075,jan-p20-t10k,269,206.7,0.7684
sd08-b075,jan-p20-t10k,447,326.1,0.7296
sd08-b075,jan-p20-t10k,744,511.4,0.6873
sd08-b075,jan-p20-t10k,1000,660.9,0.6609
sd08-b075,jan-p20-t10k,1237,793.2,0.6412
sd08-b075,jan-p20-t10k,2057,1217.2,0.5917
sd08-b075,jan-p20-t10k,3420,1844.7,0.5394
sd08-b075,jan-p20-t10k,5687,2758.6,0.4851
sd08-b075,jan-p20-t10k,9457,4056.7,0.4290
sd08-b075,jan-p20-t10k,10000,4226.7,0.4227
sd08-b075,jan-p20-t10k,15727,5815.3,0.3698
sd08-b075,jan-p20-t10k,26153,8160.0,0.3120
sd08-b075,jan-p20-t10k,43491,11484.0,0.2641
sd08-b075,jan-p20-t10k,72323,16690.3,0.2308
sd08-b075,jan-p20-t10k,100000,21647.6,0.2165
sd08-b075,jan-p20-t10k,120269,25266.0,0.2101
sd08-b075,jan-p20-t10k,200000,39200.0,0.1960
sd09-b050,completa,1,1.0,1.0000
sd09-b050,completa,2,2.0,0.9976
sd09-b050,completa,3,3.0,0.9956
sd09-b050,completa,6,5.9,0.9911
sd09-b050,completa,10,9.9,0.9867
sd09-b050,completa,18,17.6,0.9800
sd09-b050,completa,32,31.1,0.9711
sd09-b050,completa,56,53.7,0.9598
sd09-b050,completa,100,94.4,0.9444
sd09-b050,completa,178,164.5,0.9241
sd09-b050,completa,316,283.7,0.8976
sd09-b050,completa,562,485.1,0.8632
sd09-b050,completa,1000,819.0,0.8190
sd09-b050,completa,1778,1356.4,0.7629
sd09-b050,completa,3162,2191.3,0.6930
sd09-b050,completa,5623,3419.3,0.6081
sd09-b050,completa,10000,5085.3,0.5085
sd09-b050,completa,17783,7083.1,0.3983
sd09-b050,completa,31623,9043.8,0.2860
sd09-b050,completa,56234,10545.3,0.1875
sd09-b050,completa,100000,12708.2,0.1271
sd09-b050,completa,177828,16548.3,0.0931
sd09-b050,completa,316228,23378.7,0.0739
sd09-b050,completa,562341,35548.4,0.0632
sd09-b050,completa,1000000,57264.0,0.0573
sd09-b050,sis-p01,1,1.0,1.0000
sd09-b050,sis-p01,2,2.0,0.9998
sd09-b050,sis-p01,3,3.0,0.9996
sd09-b050,sis-p01,5,5.0,0.9994
sd09-b050,sis-p01,7,7.0,0.9992
sd09-b050,sis-p01,10,10.0,0.9989
sd09-b050,sis-p01,15,15.0,0.9983
sd09-b050,sis-p01,22,21.9,0.9976
sd09-b050,sis-p01,32,31.9,0.9968
sd09-b050,sis-p01,46,45.8,0.9959
sd09-b050,sis-p01,68,67.6,0.9945
sd09-b050,sis-p01,100,99.3,0.9927
sd09-b050,sis-p01,147,145.6,0.9902
sd09-b050,sis-p01,215,212.1,0.9863
sd09-b050,sis-p01,316,310.1,0.9812
sd09-b050,sis-p01,464,451.8,0.9736
sd09-b050,sis-p01,681,656.0,0.9633
sd09-b050,sis-p01,1000,950.5,0.9505
sd09-b050,sis-p01,1468,1373.5,0.9356
sd09-b050,sis-p01,2155,1980.4,0.9190
sd09-b050,sis-p01,3163,2852.8,0.9019
sd09-b050,sis-p01,4642,4114.3,0.8863
sd09-b050,sis-p01,6814,5947.6,0.8728
sd09-b050,sis-p01,10000,8612.0,0.8612
sd09-b050,sis-p01,10001,8613.0,0.8612
sd09-b050,sis-p10,1,1.0,1.0000
sd09-b050,sis-p10,2,2.0,0.9993
sd09-b050,sis-p10,3,3.0,0.9987
sd09-b050,sis-p10,4,4.0,0.9981
sd09-b050,sis-p10,7,7.0,0.9968
sd09-b050,sis-p10,10,10.0,0.9957
sd09-b050,sis-p10,11,10.9,0.9954
sd09-b050,sis-p10,18,17.9,0.9935
sd09-b050,sis-p10,29,28.7,0.9909
sd09-b050,sis-p10,46,45.4,0.9878
sd09-b050,sis-p10,75,73.8,0.9835
sd09-b050,sis-p10,100,98.0,0.9804
sd09-b050,sis-p10,121,118.3,0.9780
sd09-b050,sis-p10,196,190.3,0.9707
sd09-b050,sis-p10,316,303.7,0.9611
sd09-b050,sis-p10,511,484.5,0.9481
sd09-b050,sis-p10,825,767.4,0.9301
sd09-b050,sis-p10,1000,921.0,0.9210
sd09-b050,sis-p10,1334,1207.1,0.9049
sd09-b050,sis-p10,2154,1873.4,0.8697
sd09-b050,sis-p10,3481,2852.1,0.8193
sd09-b050,sis-p10,5623,4217.1,0.7500
sd09-b050,sis-p10,9085,6036.5,0.6644
sd09-b050,sis-p10,10000,6463.6,0.6464
sd09-b050,sis-p10,14678,8433.3,0.5746
sd09-b050,sis-p10,23714,11753.5,0.4956
sd09-b050,sis-p10,38312,16807.8,0.4387
sd09-b050,sis-p10,61897,24901.0,0.4023
sd09-b050,sis-p10,100000,37949.5,0.3795
sd09-b050,sis-p10,100001,37950.0,0.3795
sd09-b050,sis-p20,1,1.0,1.0000
sd09-b050,sis-p20,2,2.0,0.9990
sd09-b050,sis-p20,3,3.0,0.9981
sd09-b050,sis-p20,5,5.0,0.9967
sd09-b050,sis-p20,8,8.0,0.9949
sd09-b050,sis-p20,10,9.9,0.9939
sd09-b050,sis-p20,13,12.9,0.9926
sd09-b050,sis-p20,21,20.8,0.9898
sd09-b050,sis-p20,35,34.5,0.9858
sd09-b050,sis-p20,58,56.9,0.9805
sd09-b050,sis-p20,97,94.4,0.9734
sd09-b050,sis-p20,100,97.3,0.9729
sd09-b050,sis-p20,162,156.2,0.9642
sd09-b050,sis-p20,269,256.1,0.9521
sd09-b050,sis-p20,447,418.5,0.9363
sd09-b050,sis-p20,744,680.9,0.9152
sd09-b050,sis-p20,1000,899.6,0.8996
sd09-b050,sis-p20,1237,1096.6,0.8865
sd09-b050,sis-p20,2057,1742.5,0.8471
sd09-b050,sis-p20,3420,2713.4,0.7934
sd09-b050,sis-p20,5687,4096.0,0.7202
sd09-b050,sis-p20,9457,5895.6,0.6234
sd09-b050,sis-p20,10000,6114.2,0.6114
sd09-b050,sis-p20,15727,8040.8,0.5113
sd09-b050,sis-p20,26153,10653.1,0.4073
sd09-b050,sis-p20,43491,14346.0,0.3299
sd09-b050,sis-p20,72324,20309.0,0.2808
sd09-b050,sis-p20,100000,26038.5,0.2604
sd09-b050,sis-p20,120270,30220.6,0.2513
sd09-b050,sis-p20,200001,46684.0,0.2334
sd09-b050,jan-p01-t1k,1,1.0,1.0000
sd09-b050,jan-p01-t1k,2,2.0,0.9971
sd09-b050,jan-p01-t1k,3,3.0,0.9951
sd09-b050,jan-p01-t1k,5,5.0,0.9917
sd09-b050,jan-p01-t1k,7,6.9,0.9894
sd09-b050,jan-p01-t1k,10,9.9,0.9865
sd09-b050,jan-p01-t1k,15,14.7,0.9822
sd09-b050,jan-p01-t1k,22,21.5,0.9771
sd09-b050,jan-p01-t1k,32,31.1,0.9712
sd09-b050,jan-p01-t1k,46,44.4,0.9644
sd09-b050,jan-p01-t1k,68,64.9,0.9551
sd09-b050,jan-p01-t1k,100,94.5,0.9446
sd09-b050,jan-p01-t1k,147,137.0,0.9321
sd09-b050,jan-p01-t1k,215,197.4,0.9180
sd09-b050,jan-p01-t1k,316,285.0,0.9020
sd09-b050,jan-p01-t1k,464,410.4,0.8845
sd09-b050,jan-p01-t1k,681,589.3,0.8653
sd09-b050,jan-p01-t1k,1000,846.3,0.8463
sd09-b050,jan-p01-t1k,1468,1214.6,0.8274
sd09-b050,jan-p01-t1k,2154,1744.6,0.8099
sd09-b050,jan-p01-t1k,3162,2504.9,0.7922
sd09-b050,jan-p01-t1k,4642,3600.3,0.7756
sd09-b050,jan-p01-t1k,6813,5200.2,0.7633
sd09-b050,jan-p01-t1k,10000,7503.0,0.7503
sd09-b050,jan-p10-t1k,1,1.0,1.0000
sd09-b050,jan-p10-t1k,2,2.0,0.9976
sd09-b050,jan-p10-t1k,3,3.0,0.9956
sd09-b050,jan-p10-t1k,4,4.0,0.9939
sd09-b050,jan-p10-t1k,7,6.9,0.9898
sd09-b050,jan-p10-t1k,10,9.9,0.9865
sd09-b050,jan-p10-t1k,11,10.8,0.9855
sd09-b050,jan-p10-t1k,18,17.6,0.9797
sd09-b050,jan-p10-t1k,29,28.2,0.9726
sd09-b050,jan-p10-t1k,46,44.3,0.9639
sd09-b050,jan-p10-t1k,75,71.4,0.9523
sd09-b050,jan-p10-t1k,100,94.4,0.9445
sd09-b050,jan-p10-t1k,121,113.6,0.9387
sd09-b050,jan-p10-t1k,196,180.6,0.9217
sd09-b050,jan-p10-t1k,316,284.8,0.9014
sd09-b050,jan-p10-t1k,511,448.6,0.8778
sd09-b050,jan-p10-t1k,825,702.2,0.8512
sd09-b050,jan-p10-t1k,1000,839.9,0.8399
sd09-b050,jan-p10-t1k,1334,1096.6,0.8220
sd09-b050,jan-p10-t1k,2154,1696.9,0.7878
sd09-b050,jan-p10-t1k,3481,2589.0,0.7437
sd09-b050,jan-p10-t1k,5623,3855.2,0.6856
sd09-b050,jan-p10-t1k,9085,5577.0,0.6139
sd09-b050,jan-p10-t1k,10000,5985.7,0.5986
sd09-b050,jan-p10-t1k,14678,7885.9,0.5373
sd09-b050,jan-p10-t1k,23714,11097.7,0.4680
sd09-b050,jan-p10-t1k,38312,15950.2,0.4163
sd09-b050,jan-p10-t1k,61897,23676.7,0.3825
sd09-b050,jan-p10-t1k,100000,36143.0,0.3614
sd09-b050,jan-p20-t1k,1,1.0,1.0000
sd09-b050,jan-p20-t1k,2,2.0,0.9975
sd09-b050,jan-p20-t1k,3,3.0,0.9956
sd09-b050,jan-p20-t1k,5,5.0,0.9924
sd09-b050,jan-p20-t1k,8,7.9,0.9886
sd09-b050,jan-p20-t1k,10,9.9,0.9865
sd09-b050,jan-p20-t1k,13,12.8,0.9838
sd09-b050,jan-p20-t1k,21,20.5,0.9778
sd09-b050,jan-p20-t1k,35,33.9,0.9696
sd09-b050,jan-p20-t1k,58,55.6,0.9593
sd09-b050,jan-p20-t1k,97,91.8,0.9462
sd09-b050,jan-p20-t1k,100,94.5,0.9453
sd09-b050,jan-p20-t1k,162,150.6,0.9298
sd09-b050,jan-p20-t1k,269,244.7,0.9097
sd09-b050,jan-p20-t1k,447,395.9,0.8856
sd09-b050,jan-p20-t1k,744,637.9,0.8574
sd09-b050,jan-p20-t1k,1000,839.2,0.8392
sd09-b050,jan-p20-t1k,1237,1020.9,0.8253
sd09-b050,jan-p20-t1k,2057,1619.4,0.7873
sd09-b050,jan-p20-t1k,3420,2527.0,0.7389
sd09-b050,jan-p20-t1k,5687,3835.4,0.6744
sd09-b050,jan-p20-t1k,9457,5574.1,0.5894
sd09-b050,jan-p20-t1k,10000,5788.4,0.5788
sd09-b050,jan-p20-t1k,15727,7693.7,0.4892
sd09-b050,jan-p20-t1k,26153,10296.6,0.3937
sd09-b050,jan-p20-t1k,43491,13957.2,0.3209
sd09-b050,jan-p20-t1k,72323,19805.9,0.2739
sd09-b050,jan-p20-t1k,100000,25417.7,0.2542
sd09-b050,jan-p20-t1k,120269,29512.0,0.2454
sd09-b050,jan-p20-t1k,200000,45629.0,0.2281
sd09-b050,jan-p01-t10k,1,1.0,1.0000
sd09-b050,jan-p01-t10k,2,2.0,0.9972
sd09-b050,jan-p01-t10k,3,3.0,0.9951
sd09-b050,jan-p01-t10k,5,5.0,0.9922
sd09-b050,jan-p01-t10k,7,6.9,0.9902
sd09-b050,jan-p01-t10k,10,9.9,0.9874
sd09-b050,jan-p01-t10k,15,14.8,0.9839
sd09-b050,jan-p01-t10k,22,21.6,0.9796
sd09-b050,jan-p01-t10k,32,31.2,0.9743
sd09-b050,jan-p01-t10k,46,44.5,0.9679
sd09-b050,jan-p01-t10k,68,65.2,0.9593
sd09-b050,jan-p01-t10k,100,94.9,0.9493
sd09-b050,jan-p01-t10k,147,137.7,0.9368
sd09-b050,jan-p01-t10k,215,198.1,0.9214
sd09-b050,jan-p01-t10k,316,285.4,0.9032
sd09-b050,jan-p01-t10k,464,408.8,0.8810
sd09-b050,jan-p01-t10k,681,582.2,0.8549
sd09-b050,jan-p01-t10k,1000,824.6,0.8246
sd09-b050,jan-p01-t10k,1468,1157.9,0.7888
sd09-b050,jan-p01-t10k,2154,1608.5,0.7468
sd09-b050,jan-p01-t10k,3162,2208.0,0.6983
sd09-b050,jan-p01-t10k,4642,2984.8,0.6430
sd09-b050,jan-p01-t10k,6813,3964.3,0.5819
sd09-b050,jan-p01-t10k,10000,5136.0,0.5136
sd09-b050,jan-p10-t10k,1,1.0,1.0000
sd09-b050,jan-p10-t10k,2,2.0,0.9976
sd09-b050,jan-p10-t10k,3,3.0,0.9957
sd09-b050,jan-p10-t10k,4,4.0,0.9941
sd09-b050,jan-p10-t10k,7,6.9,0.9903
sd09-b050,jan-p10-t10k,10,9.9,0.9872
sd09-b050,jan-p10-t10k,11,10.8,0.9863
sd09-b050,jan-p10-t10k,18,17.7,0.9807
sd09-b050,jan-p10-t10k,29,28.2,0.9736
sd09-b050,jan-p10-t10k,46,44.4,0.9650
sd09-b050,jan-p10-t10k,75,71.5,0.9534
sd09-b050,jan-p10-t10k,100,94.5,0.9453
sd09-b050,jan-p10-t10k,121,113.6,0.9391
sd09-b050,jan-p10-t10k,196,180.5,0.9208
sd09-b050,jan-p10-t10k,316,283.9,0.8983
sd09-b050,jan-p10-t10k,511,444.7,0.8703
sd09-b050,jan-p10-t10k,825,690.1,0.8365
sd09-b050,jan-p10-t10k,1000,821.1,0.8211
sd09-b050,jan-p10-t10k,1334,1061.6,0.7958
sd09-b050,jan-p10-t10k,2154,1610.1,0.7475
sd09-b050,jan-p10-t10k,3481,2406.8,0.6914
sd09-b050,jan-p10-t10k,5623,3532.6,0.6282
sd09-b050,jan-p10-t10k,9085,5094.0,0.5607
sd09-b050,jan-p10-t10k,10000,5471.0,0.5471
sd09-b050,jan-p10-t10k,14678,7219.3,0.4918
sd09-b050,jan-p10-t10k,23714,10192.7,0.4298
sd09-b050,jan-p10-t10k,38312,14651.8,0.3824
sd09-b050,jan-p10-t10k,61897,21747.9,0.3514
sd09-b050,jan-p10-t10k,100000,32767.0,0.3277
sd09-b050,jan-p20-t10k,1,1.0,1.0000
sd09-b050,jan-p20-t10k,2,2.0,0.9976
sd09-b050,jan-p20-t10k,3,3.0,0.9957
sd09-b050,jan-p20-t10k,5,5.0,0.9926
sd09-b050,jan-p20-t10k,8,7.9,0.9890
sd09-b050,jan-p20-t10k,10,9.9,0.9870
sd09-b050,jan-p20-t10k,13,12.8,0.9842
sd09-b050,jan-p20-t10k,21,20.5,0.9781
sd09-b050,jan-p20-t10k,35,33.9,0.9696
sd09-b050,jan-p20-t10k,58,55.6,0.9590
sd09-b050,jan-p20-t10k,97,91.7,0.9454
sd09-b050,jan-p20-t10k,100,94.4,0.9445
sd09-b050,jan-p20-t10k,162,150.3,0.9279
sd09-b050,jan-p20-t10k,269,243.7,0.9059
sd09-b050,jan-p20-t10k,447,392.6,0.8783
sd09-b050,jan-p20-t10k,744,627.9,0.8439
sd09-b050,jan-p20-t10k,1000,820.5,0.8205
sd09-b050,jan-p20-t10k,1237,991.9,0.8019
sd09-b050,jan-p20-t10k,2057,1545.0,0.7511
sd09-b050,jan-p20-t10k,3420,2362.1,0.6907
sd09-b050,jan-p20-t10k,5687,3525.1,0.6199
sd09-b050,jan-p20-t10k,9457,5105.2,0.5398
sd09-b050,jan-p20-t10k,10000,5306.1,0.5306
sd09-b050,jan-p20-t10k,15727,7126.7,0.4532
sd09-b050,jan-p20-t10k,26153,9678.6,0.3701
sd09-b050,jan-p20-t10k,43491,13221.7,0.3040
sd09-b050,jan-p20-t10k,72323,18799.5,0.2599
sd09-b050,jan-p20-t10k,100000,24133.6,0.2413
sd09-b050,jan-p20-t10k,120269,28020.5,0.2330
sd09-b050,jan-p20-t10k,200000,43179.0,0.2159
sd10-b025,completa,1,1.0,1.0000
sd10-b025,completa,2,2.0,0.9996
sd10-b025,completa,3,3.0,0.9993
sd10-b025,completa,6,6.0,0.9984
sd10-b025,completa,10,10.0,0.9975
sd10-b025,completa,18,17.9,0.9958
sd10-b025,completa,32,31.8,0.9932
sd10-b025,completa,56,55.4,0.9894
sd10-b025,completa,100,98.3,0.9835
sd10-b025,completa,178,173.4,0.9744
sd10-b025,completa,316,303.6,0.9606
sd10-b025,completa,562,528.2,0.9398
sd10-b025,completa,1000,908.4,0.9084
sd10-b025,completa,1778,1533.5,0.8625
sd10-b025,completa,3162,2519.1,0.7967
sd10-b025,completa,5623,3970.0,0.7060
sd10-b025,completa,10000,5883.5,0.5884
sd10-b025,completa,17783,7988.8,0.4492
sd10-b025,completa,31623,9695.7,0.3066
sd10-b025,completa,56234,10967.2,0.1950
sd10-b025,completa,100000,13129.5,0.1313
sd10-b025,completa,177828,16969.5,0.0954
sd10-b025,completa,316228,23799.8,0.0753
sd10-b025,completa,562341,35968.3,0.0640
sd10-b025,completa,1000000,57680.0,0.0577
sd10-b025,sis-p01,1,1.0,1.0000
sd10-b025,sis-p01,2,2.0,1.0000
sd10-b025,sis-p01,3,3.0,0.9999
sd10-b025,sis-p01,5,5.0,0.9997
sd10-b025,sis-p01,7,7.0,0.9996
sd10-b025,sis-p01,10,10.0,0.9994
sd10-b025,sis-p01,15,15.0,0.9991
sd10-b025,sis-p01,22,22.0,0.9986
sd10-b025,sis-p01,32,31.9,0.9979
sd10-b025,sis-p01,46,45.9,0.9970
sd10-b025,sis-p01,68,67.7,0.9959
sd10-b025,sis-p01,100,99.4,0.9942
sd10-b025,sis-p01,147,145.8,0.9919
sd10-b025,sis-p01,215,212.5,0.9886
sd10-b025,sis-p01,316,310.9,0.9839
sd10-b025,sis-p01,464,453.3,0.9770
sd10-b025,sis-p01,681,658.8,0.9675
sd10-b025,sis-p01,1000,954.6,0.9546
sd10-b025,sis-p01,1468,1379.1,0.9395
sd10-b025,sis-p01,2155,1986.1,0.9216
sd10-b025,sis-p01,3163,2857.0,0.9033
sd10-b025,sis-p01,4642,4113.9,0.8862
sd10-b025,sis-p01,6814,5945.1,0.8725
sd10-b025,sis-p01,10000,8584.0,0.8584
sd10-b025,sis-p01,10001,8585.0,0.8584
sd10-b025,sis-p10,1,1.0,1.0000
sd10-b025,sis-p10,2,2.0,0.9998
sd10-b025,sis-p10,3,3.0,0.9996
sd10-b025,sis-p10,4,4.0,0.9994
sd10-b025,sis-p10,7,7.0,0.9989
sd10-b025,sis-p10,10,10.0,0.9984
sd10-b025,sis-p10,11,11.0,0.9983
sd10-b025,sis-p10,18,18.0,0.9974
sd10-b025,sis-p10,29,28.9,0.9962
sd10-b025,sis-p10,46,45.8,0.9947
sd10-b025,sis-p10,75,74.4,0.9922
sd10-b025,sis-p10,100,99.0,0.9903
sd10-b025,sis-p10,121,119.6,0.9887
sd10-b025,sis-p10,196,192.8,0.9836
sd10-b025,sis-p10,316,308.5,0.9761
sd10-b025,sis-p10,511,493.2,0.9652
sd10-b025,sis-p10,825,783.3,0.9494
sd10-b025,sis-p10,1000,941.1,0.9411
sd10-b025,sis-p10,1334,1235.0,0.9258
sd10-b025,sis-p10,2154,1918.4,0.8906
sd10-b025,sis-p10,3481,2921.1,0.8392
sd10-b025,sis-p10,5623,4318.3,0.7680
sd10-b025,sis-p10,9085,6183.3,0.6806
sd10-b025,sis-p10,10000,6619.7,0.6620
sd10-b025,sis-p10,14678,8624.8,0.5876
sd10-b025,sis-p10,23714,11980.8,0.5052
sd10-b025,sis-p10,38312,17048.8,0.4450
sd10-b025,sis-p10,61897,25139.1,0.4061
sd10-b025,sis-p10,100000,38128.5,0.3813
sd10-b025,sis-p10,100001,38129.0,0.3813
sd10-b025,sis-p20,1,1.0,1.0000
sd10-b025,sis-p20,2,2.0,0.9998
sd10-b025,sis-p20,3,3.0,0.9996
sd10-b025,sis-p20,5,5.0,0.9992
sd10-b025,sis-p20,8,8.0,0.9987
sd10-b025,sis-p20,10,10.0,0.9984
sd10-b025,sis-p20,13,13.0,0.9980
sd10-b025,sis-p20,21,20.9,0.9969
sd10-b025,sis-p20,35,34.8,0.9951
sd10-b025,sis-p20,58,57.6,0.9927
sd10-b025,sis-p20,97,95.9,0.9890
sd10-b025,sis-p20,100,98.9,0.9888
sd10-b025,sis-p20,162,159.4,0.9836
sd10-b025,sis-p20,269,262.5,0.9758
sd10-b025,sis-p20,447,430.9,0.9641
sd10-b025,sis-p20,744,704.4,0.9468
sd10-b025,sis-p20,1000,933.2,0.9332
sd10-b025,sis-p20,1237,1139.8,0.9215
sd10-b025,sis-p20,2057,1819.4,0.8845
sd10-b025,sis-p20,3420,2839.8,0.8303
sd10-b025,sis-p20,5687,4281.2,0.7528
sd10-b025,sis-p20,9457,6129.0,0.6481
sd10-b025,sis-p20,10000,6353.9,0.6354
sd10-b025,sis-p20,15727,8325.8,0.5294
sd10-b025,sis-p20,26153,10976.8,0.4197
sd10-b025,sis-p20,43491,14692.1,0.3378
sd10-b025,sis-p20,72324,20671.1,0.2858
sd10-b025,sis-p20,100000,26408.4,0.2641
sd10-b025,sis-p20,120270,30595.6,0.2544
sd10-b025,sis-p20,200001,47048.0,0.2352
sd10-b025,jan-p01-t1k,1,1.0,1.0000
sd10-b025,jan-p01-t1k,2,2.0,0.9997
sd10-b025,jan-p01-t1k,3,3.0,0.9995
sd10-b025,jan-p01-t1k,5,5.0,0.9988
sd10-b025,jan-p01-t1k,7,7.0,0.9982
sd10-b025,jan-p01-t1k,10,10.0,0.9973
sd10-b025,jan-p01-t1k,15,14.9,0.9960
sd10-b025,jan-p01-t1k,22,21.9,0.9946
sd10-b025,jan-p01-t1k,32,31.8,0.9925
sd10-b025,jan-p01-t1k,46,45.6,0.9904
sd10-b025,jan-p01-t1k,68,67.2,0.9876
sd10-b025,jan-p01-t1k,100,98.4,0.9837
sd10-b025,jan-p01-t1k,147,143.8,0.9785
sd10-b025,jan-p01-t1k,215,209.0,0.9719
sd10-b025,jan-p01-t1k,316,304.3,0.9630
sd10-b025,jan-p01-t1k,464,441.9,0.9525
sd10-b025,jan-p01-t1k,681,640.1,0.9400
sd10-b025,jan-p01-t1k,1000,925.4,0.9254
sd10-b025,jan-p01-t1k,1468,1334.6,0.9091
sd10-b025,jan-p01-t1k,2154,1919.0,0.8909
sd10-b025,jan-p01-t1k,3162,2756.4,0.8717
sd10-b025,jan-p01-t1k,4642,3962.4,0.8536
sd10-b025,jan-p01-t1k,6813,5720.1,0.8396
sd10-b025,jan-p01-t1k,10000,8269.0,0.8269
sd10-b025,jan-p10-t1k,1,1.0,1.0000
sd10-b025,jan-p10-t1k,2,2.0,0.9997
sd10-b025,jan-p10-t1k,3,3.0,0.9994
sd10-b025,jan-p10-t1k,4,4.0,0.9991
sd10-b025,jan-p10-t1k,7,7.0,0.9983
sd10-b025,jan-p10-t1k,10,10.0,0.9976
sd10-b025,jan-p10-t1k,11,11.0,0.9974
sd10-b025,jan-p10-t1k,18,17.9,0.9958
sd10-b025,jan-p10-t1k,29,28.8,0.9937
sd10-b025,jan-p10-t1k,46,45.6,0.9908
sd10-b025,jan-p10-t1k,75,74.0,0.9867
sd10-b025,jan-p10-t1k,100,98.3,0.9834
sd10-b025,jan-p10-t1k,121,118.7,0.9809
sd10-b025,jan-p10-t1k,196,190.7,0.9727
sd10-b025,jan-p10-t1k,316,303.8,0.9615
sd10-b025,jan-p10-t1k,511,483.6,0.9464
sd10-b025,jan-p10-t1k,825,764.4,0.9265
sd10-b025,jan-p10-t1k,1000,916.9,0.9169
sd10-b025,jan-p10-t1k,1334,1201.3,0.9005
sd10-b025,jan-p10-t1k,2154,1864.2,0.8655
sd10-b025,jan-p10-t1k,3481,2838.7,0.8155
sd10-b025,jan-p10-t1k,5623,4203.0,0.7475
sd10-b025,jan-p10-t1k,9085,6030.5,0.6638
sd10-b025,jan-p10-t1k,10000,6458.0,0.6458
sd10-b025,jan-p10-t1k,14678,8427.0,0.5741
sd10-b025,jan-p10-t1k,23714,11731.4,0.4947
sd10-b025,jan-p10-t1k,38312,16718.4,0.4364
sd10-b025,jan-p10-t1k,61897,24675.9,0.3987
sd10-b025,jan-p10-t1k,100000,37499.0,0.3750
sd10-b025,jan-p20-t1k,1,1.0,1.0000
sd10-b025,jan-p20-t1k,2,2.0,0.9997
sd10-b025,jan-p20-t1k,3,3.0,0.9993
sd10-b025,jan-p20-t1k,5,5.0,0.9988
sd10-b025,jan-p20-t1k,8,8.0,0.9980
sd10-b025,jan-p20-t1k,10,10.0,0.9975
sd10-b025,jan-p20-t1k,13,13.0,0.9968
sd10-b025,jan-p20-t1k,21,20.9,0.9952
sd10-b025,jan-p20-t1k,35,34.7,0.9926
sd10-b025,jan-p20-t1k,58,57.4,0.9890
sd10-b025,jan-p20-t1k,97,95.4,0.9839
sd10-b025,jan-p20-t1k,100,98.4,0.9835
sd10-b025,jan-p20-t1k,162,158.2,0.9766
sd10-b025,jan-p20-t1k,269,259.9,0.9663
sd10-b025,jan-p20-t1k,447,425.5,0.9518
sd10-b025,jan-p20-t1k,744,693.5,0.9321
sd10-b025,jan-p20-t1k,1000,917.5,0.9175
sd10-b025,jan-p20-t1k,1237,1119.9,0.9053
sd10-b025,jan-p20-t1k,2057,1784.8,0.8677
sd10-b025,jan-p20-t1k,3420,2785.8,0.8146
sd10-b025,jan-p20-t1k,5687,4206.3,0.7396
sd10-b025,jan-p20-t1k,9457,6035.8,0.6382
sd10-b025,jan-p20-t1k,10000,6258.9,0.6259
sd10-b025,jan-p20-t1k,15727,8219.9,0.5227
sd10-b025,jan-p20-t1k,26153,10861.9,0.4153
sd10-b025,jan-p20-t1k,43491,14557.0,0.3347
sd10-b025,jan-p20-t1k,72323,20482.0,0.2832
sd10-b025,jan-p20-t1k,100000,26162.1,0.2616
sd10-b025,jan-p20-t1k,120269,30322.6,0.2521
sd10-b025,jan-p20-t1k,200000,46719.0,0.2336
sd10-b025,jan-p01-t10k,1,1.0,1.0000
sd10-b025,jan-p01-t10k,2,2.0,0.9996
sd10-b025,jan-p01-t10k,3,3.0,0.9993
sd10-b025,jan-p01-t10k,5,5.0,0.9989
sd10-b025,jan-p01-t10k,7,7.0,0.9983
sd10-b025,jan-p01-t10k,10,10.0,0.9974
sd10-b025,jan-p01-t10k,15,14.9,0.9960
sd10-b025,jan-p01-t10k,22,21.9,0.9945
sd10-b025,jan-p01-t10k,32,31.8,0.9926
sd10-b025,jan-p01-t10k,46,45.6,0.9909
sd10-b025,jan-p01-t10k,68,67.2,0.9882
sd10-b025,jan-p01-t10k,100,98.5,0.9849
sd10-b025,jan-p01-t10k,147,144.1,0.9802
sd10-b025,jan-p01-t10k,215,209.3,0.9735
sd10-b025,jan-p01-t10k,316,304.7,0.9642
sd10-b025,jan-p01-t10k,464,441.9,0.9524
sd10-b025,jan-p01-t10k,681,637.4,0.9360
sd10-b025,jan-p01-t10k,1000,914.5,0.9145
sd10-b025,jan-p01-t10k,1468,1299.8,0.8854
sd10-b025,jan-p01-t10k,2154,1827.7,0.8485
sd10-b025,jan-p01-t10k,3162,2536.2,0.8021
sd10-b025,jan-p01-t10k,4642,3449.7,0.7431
sd10-b025,jan-p01-t10k,6813,4599.2,0.6751
sd10-b025,jan-p01-t10k,10000,5937.0,0.5937
sd10-b025,jan-p10-t10k,1,1.0,1.0000
sd10-b025,jan-p10-t10k,2,2.0,0.9996
sd10-b025,jan-p10-t10k,3,3.0,0.9993
sd10-b025,jan-p10-t10k,4,4.0,0.9990
sd10-b025,jan-p10-t10k,7,7.0,0.9982
sd10-b025,jan-p10-t10k,10,10.0,0.9975
sd10-b025,jan-p10-t10k,11,11.0,0.9973
sd10-b025,jan-p10-t10k,18,17.9,0.9959
sd10-b025,jan-p10-t10k,29,28.8,0.9938
sd10-b025,jan-p10-t10k,46,45.6,0.9912
sd10-b025,jan-p10-t10k,75,74.0,0.9872
sd10-b025,jan-p10-t10k,100,98.4,0.9841
sd10-b025,jan-p10-t10k,121,118.8,0.9816
sd10-b025,jan-p10-t10k,196,190.8,0.9733
sd10-b025,jan-p10-t10k,316,303.9,0.9616
sd10-b025,jan-p10-t10k,511,482.9,0.9451
sd10-b025,jan-p10-t10k,825,760.5,0.9218
sd10-b025,jan-p10-t10k,1000,910.1,0.9101
sd10-b025,jan-p10-t10k,1334,1186.9,0.8897
sd10-b025,jan-p10-t10k,2154,1824.7,0.8471
sd10-b025,jan-p10-t10k,3481,2756.1,0.7918
sd10-b025,jan-p10-t10k,5623,4065.9,0.7231
sd10-b025,jan-p10-t10k,9085,5839.6,0.6428
sd10-b025,jan-p10-t10k,10000,6259.7,0.6260
sd10-b025,jan-p10-t10k,14678,8172.0,0.5568
sd10-b025,jan-p10-t10k,23714,11361.9,0.4791
sd10-b025,jan-p10-t10k,38312,16145.5,0.4214
sd10-b025,jan-p10-t10k,61897,23777.5,0.3841
sd10-b025,jan-p10-t10k,100000,35597.0,0.3560
sd10-b025,jan-p20-t10k,1,1.0,1.0000
sd10-b025,jan-p20-t10k,2,2.0,0.9996
sd10-b025,jan-p20-t10k,3,3.0,0.9993
sd10-b025,jan-p20-t10k,5,5.0,0.9987
sd10-b025,jan-p20-t10k,8,8.0,0.9980
sd10-b025,jan-p20-t10k,10,10.0,0.9975
sd10-b025,jan-p20-t10k,13,13.0,0.9968
sd10-b025,jan-p20-t10k,21,20.9,0.9952
sd10-b025,jan-p20-t10k,35,34.7,0.9928
sd10-b025,jan-p20-t10k,58,57.4,0.9893
sd10-b025,jan-p20-t10k,97,95.5,0.9841
sd10-b025,jan-p20-t10k,100,98.4,0.9838
sd10-b025,jan-p20-t10k,162,158.2,0.9764
sd10-b025,jan-p20-t10k,269,259.6,0.9652
sd10-b025,jan-p20-t10k,447,424.4,0.9494
sd10-b025,jan-p20-t10k,744,689.4,0.9267
sd10-b025,jan-p20-t10k,1000,909.3,0.9093
sd10-b025,jan-p20-t10k,1237,1106.6,0.8945
sd10-b025,jan-p20-t10k,2057,1749.2,0.8504
sd10-b025,jan-p20-t10k,3420,2705.5,0.7911
sd10-b025,jan-p20-t10k,5687,4059.4,0.7138
sd10-b025,jan-p20-t10k,9457,5843.2,0.6179
sd10-b025,jan-p20-t10k,10000,6063.9,0.6064
sd10-b025,jan-p20-t10k,15727,8007.2,0.5091
sd10-b025,jan-p20-t10k,26153,10613.6,0.4058
sd10-b025,jan-p20-t10k,43491,14237.3,0.3274
sd10-b025,jan-p20-t10k,72323,20023.1,0.2769
sd10-b025,jan-p20-t10k,100000,25566.4,0.2557
sd10-b025,jan-p20-t10k,120269,29625.9,0.2463
sd10-b025,jan-p20-t10k,200000,45338.0,0.2267
sd11-b000,completa,1,1.0,1.0000
sd11-b000,completa,2,2.0,1.0000
sd11-b000,completa,3,3.0,0.9999
sd11-b000,completa,6,6.0,0.9998
sd11-b000,completa,10,10.0,0.9996
sd11-b000,completa,18,18.0,0.9992
sd11-b000,completa,32,32.0,0.9985
sd11-b000,completa,56,55.9,0.9973
sd11-b000,completa,100,99.5,0.9953
sd11-b000,completa,178,176.5,0.9915
sd11-b000,completa,316,311.3,0.9851
sd11-b000,completa,562,547.2,0.9737
sd11-b000,completa,1000,953.9,0.9539
sd11-b000,completa,1778,1635.6,0.9199
sd11-b000,completa,3162,2730.3,0.8635
sd11-b000,completa,5623,4354.4,0.7744
sd11-b000,completa,10000,6453.9,0.6454
sd11-b000,completa,17783,8582.8,0.4826
sd11-b000,completa,31623,10001.9,0.3163
sd11-b000,completa,56234,11220.7,0.1995
sd11-b000,completa,100000,13382.8,0.1338
sd11-b000,completa,177828,17222.6,0.0968
sd11-b000,completa,316228,24053.0,0.0761
sd11-b000,completa,562341,36220.8,0.0644
sd11-b000,completa,1000000,57929.0,0.0579
sd11-b000,sis-p01,1,1.0,1.0000
sd11-b000,sis-p01,2,2.0,1.0000
sd11-b000,sis-p01,3,3.0,0.9999
sd11-b000,sis-p01,5,5.0,0.9998
sd11-b000,sis-p01,7,7.0,0.9997
sd11-b000,sis-p01,10,10.0,0.9997
sd11-b000,sis-p01,15,15.0,0.9995
sd11-b000,sis-p01,22,22.0,0.9992
sd11-b000,sis-p01,32,32.0,0.9989
sd11-b000,sis-p01,46,45.9,0.9983
sd11-b000,sis-p01,68,67.8,0.9973
sd11-b000,sis-p01,100,99.6,0.9960
sd11-b000,sis-p01,147,146.1,0.9941
sd11-b000,sis-p01,215,213.1,0.9912
sd11-b000,sis-p01,316,311.9,0.9870
sd11-b000,sis-p01,464,454.9,0.9803
sd11-b000,sis-p01,681,661.2,0.9709
sd11-b000,sis-p01,1000,958.3,0.9583
sd11-b000,sis-p01,1468,1383.9,0.9427
sd11-b000,sis-p01,2155,1993.3,0.9249
sd11-b000,sis-p01,3163,2863.8,0.9054
sd11-b000,sis-p01,4642,4116.0,0.8867
sd11-b000,sis-p01,6814,5936.4,0.8712
sd11-b000,sis-p01,10000,8602.5,0.8602
sd11-b000,sis-p01,10001,8603.0,0.8602
sd11-b000,sis-p10,1,1.0,1.0000
sd11-b000,sis-p10,2,2.0,1.0000
sd11-b000,sis-p10,3,3.0,0.9999
sd11-b000,sis-p10,4,4.0,0.9998
sd11-b000,sis-p10,7,7.0,0.9997
sd11-b000,sis-p10,10,10.0,0.9996
sd11-b000,sis-p10,11,11.0,0.9995
sd11-b000,sis-p10,18,18.0,0.9992
sd11-b000,sis-p10,29,29.0,0.9986
sd11-b000,sis-p10,46,45.9,0.9978
sd11-b000,sis-p10,75,74.7,0.9963
sd11-b000,sis-p10,100,99.5,0.9950
sd11-b000,sis-p10,121,120.3,0.9940
sd11-b000,sis-p10,196,194.1,0.9903
sd11-b000,sis-p10,316,311.2,0.9848
sd11-b000,sis-p10,511,498.7,0.9759
sd11-b000,sis-p10,825,793.6,0.9619
sd11-b000,sis-p10,1000,954.2,0.9542
sd11-b000,sis-p10,1334,1253.3,0.9395
sd11-b000,sis-p10,2154,1948.8,0.9047
sd11-b000,sis-p10,3481,2965.0,0.8518
sd11-b000,sis-p10,5623,4378.3,0.7786
sd11-b000,sis-p10,9085,6259.8,0.6890
sd11-b000,sis-p10,10000,6699.3,0.6699
sd11-b000,sis-p10,14678,8712.8,0.5936
sd11-b000,sis-p10,23714,12074.6,0.5092
sd11-b000,sis-p10,38312,17132.7,0.4472
sd11-b000,sis-p10,61897,25191.8,0.4070
sd11-b000,sis-p10,100000,38222.0,0.3822
sd11-b000,sis-p10,100001,38222.0,0.3822
sd11-b000,sis-p20,1,1.0,1.0000
sd11-b000,sis-p20,2,2.0,0.9999
sd11-b000,sis-p20,3,3.0,0.9999
sd11-b000,sis-p20,5,5.0,0.9998
sd11-b000,sis-p20,8,8.0,0.9996
sd11-b000,sis-p20,10,10.0,0.9995
sd11-b000,sis-p20,13,13.0,0.9994
sd11-b000,sis-p20,21,21.0,0.9990
sd11-b000,sis-p20,35,34.9,0.9984
sd11-b000,sis-p20,58,57.8,0.9973
sd11-b000,sis-p20,97,96.6,0.9954
sd11-b000,sis-p20,100,99.5,0.9953
sd11-b000,sis-p20,162,160.8,0.9923
sd11-b000,sis-p20,269,265.5,0.9872
sd11-b000,sis-p20,447,437.5,0.9787
sd11-b000,sis-p20,744,718.0,0.9650
sd11-b000,sis-p20,1000,953.4,0.9534
sd11-b000,sis-p20,1237,1166.4,0.9429
sd11-b000,sis-p20,2057,1867.7,0.9080
sd11-b000,sis-p20,3420,2920.2,0.8538
sd11-b000,sis-p20,5687,4397.6,0.7733
sd11-b000,sis-p20,9457,6275.8,0.6636
sd11-b000,sis-p20,10000,6503.8,0.6504
sd11-b000,sis-p20,15727,8492.6,0.5400
sd11-b000,sis-p20,26153,11135.0,0.4258
sd11-b000,sis-p20,43491,14840.2,0.3412
sd11-b000,sis-p20,72324,20789.7,0.2875
sd11-b000,sis-p20,100000,26478.9,0.2648
sd11-b000,sis-p20,120270,30660.7,0.2549
sd11-b000,sis-p20,200001,47208.0,0.2360
sd11-b000,jan-p01-t1k,1,1.0,1.0000
sd11-b000,jan-p01-t1k,2,2.0,0.9999
sd11-b000,jan-p01-t1k,3,3.0,0.9999
sd11-b000,jan-p01-t1k,5,5.0,0.9999
sd11-b000,jan-p01-t1k,7,7.0,0.9998
sd11-b000,jan-p01-t1k,10,10.0,0.9997
sd11-b000,jan-p01-t1k,15,15.0,0.9995
sd11-b000,jan-p01-t1k,22,22.0,0.9992
sd11-b000,jan-p01-t1k,32,32.0,0.9986
sd11-b000,jan-p01-t1k,46,45.9,0.9978
sd11-b000,jan-p01-t1k,68,67.8,0.9966
sd11-b000,jan-p01-t1k,100,99.5,0.9950
sd11-b000,jan-p01-t1k,147,145.9,0.9926
sd11-b000,jan-p01-t1k,215,212.8,0.9898
sd11-b000,jan-p01-t1k,316,311.4,0.9854
sd11-b000,jan-p01-t1k,464,454.2,0.9790
sd11-b000,jan-p01-t1k,681,660.4,0.9698
sd11-b000,jan-p01-t1k,1000,958.1,0.9581
sd11-b000,jan-p01-t1k,1468,1384.5,0.9431
sd11-b000,jan-p01-t1k,2154,1992.1,0.9248
sd11-b000,jan-p01-t1k,3162,2860.6,0.9047
sd11-b000,jan-p01-t1k,4642,4111.0,0.8856
sd11-b000,jan-p01-t1k,6813,5934.5,0.8711
sd11-b000,jan-p01-t1k,10000,8591.0,0.8591
sd11-b000,jan-p10-t1k,1,1.0,1.0000
sd11-b000,jan-p10-t1k,2,2.0,1.0000
sd11-b000,jan-p10-t1k,3,3.0,0.9999
sd11-b000,jan-p10-t1k,4,4.0,0.9999
sd11-b000,jan-p10-t1k,7,7.0,0.9997
sd11-b000,jan-p10-t1k,10,10.0,0.9996
sd11-b000,jan-p10-t1k,11,11.0,0.9996
sd11-b000,jan-p10-t1k,18,18.0,0.9992
sd11-b000,jan-p10-t1k,29,29.0,0.9987
sd11-b000,jan-p10-t1k,46,45.9,0.9979
sd11-b000,jan-p10-t1k,75,74.7,0.9965
sd11-b000,jan-p10-t1k,100,99.5,0.9953
sd11-b000,jan-p10-t1k,121,120.3,0.9943
sd11-b000,jan-p10-t1k,196,194.2,0.9907
sd11-b000,jan-p10-t1k,316,311.2,0.9849
sd11-b000,jan-p10-t1k,511,498.6,0.9758
sd11-b000,jan-p10-t1k,825,793.2,0.9614
sd11-b000,jan-p10-t1k,1000,953.6,0.9536
sd11-b000,jan-p10-t1k,1334,1252.6,0.9390
sd11-b000,jan-p10-t1k,2154,1948.3,0.9045
sd11-b000,jan-p10-t1k,3481,2964.3,0.8516
sd11-b000,jan-p10-t1k,5623,4374.9,0.7780
sd11-b000,jan-p10-t1k,9085,6252.5,0.6882
sd11-b000,jan-p10-t1k,10000,6691.5,0.6692
sd11-b000,jan-p10-t1k,14678,8704.7,0.5930
sd11-b000,jan-p10-t1k,23714,12067.4,0.5089
sd11-b000,jan-p10-t1k,38312,17140.9,0.4474
sd11-b000,jan-p10-t1k,61897,25222.1,0.4075
sd11-b000,jan-p10-t1k,100000,38314.0,0.3831
sd11-b000,jan-p20-t1k,1,1.0,1.0000
sd11-b000,jan-p20-t1k,2,2.0,1.0000
sd11-b000,jan-p20-t1k,3,3.0,0.9999
sd11-b000,jan-p20-t1k,5,5.0,0.9998
sd11-b000,jan-p20-t1k,8,8.0,0.9997
sd11-b000,jan-p20-t1k,10,10.0,0.9996
sd11-b000,jan-p20-t1k,13,13.0,0.9994
sd11-b000,jan-p20-t1k,21,21.0,0.9991
sd11-b000,jan-p20-t1k,35,34.9,0.9984
sd11-b000,jan-p20-t1k,58,57.8,0.9973
sd11-b000,jan-p20-t1k,97,96.6,0.9954
sd11-b000,jan-p20-t1k,100,99.5,0.9952
sd11-b000,jan-p20-t1k,162,160.7,0.9922
sd11-b000,jan-p20-t1k,269,265.5,0.9871
sd11-b000,jan-p20-t1k,447,437.5,0.9788
sd11-b000,jan-p20-t1k,744,718.0,0.9651
sd11-b000,jan-p20-t1k,1000,953.5,0.9535
sd11-b000,jan-p20-t1k,1237,1166.4,0.9430
sd11-b000,jan-p20-t1k,2057,1867.5,0.9079
sd11-b000,jan-p20-t1k,3420,2920.0,0.8538
sd11-b000,jan-p20-t1k,5687,4395.7,0.7729
sd11-b000,jan-p20-t1k,9457,6270.4,0.6630
sd11-b000,jan-p20-t1k,10000,6497.6,0.6498
sd11-b000,jan-p20-t1k,15727,8477.8,0.5391
sd11-b000,jan-p20-t1k,26153,11118.5,0.4251
sd11-b000,jan-p20-t1k,43491,14815.1,0.3406
sd11-b000,jan-p20-t1k,72323,20762.9,0.2871
sd11-b000,jan-p20-t1k,100000,26460.8,0.2646
sd11-b000,jan-p20-t1k,120269,30635.3,0.2547
sd11-b000,jan-p20-t1k,200000,47130.0,0.2356
sd11-b000,jan-p01-t10k,1,1.0,1.0000
sd11-b000,jan-p01-t10k,2,2.0,0.9999
sd11-b000,jan-p01-t10k,3,3.0,0.9998
sd11-b000,jan-p01-t10k,5,5.0,0.9997
sd11-b000,jan-p01-t10k,7,7.0,0.9996
sd11-b000,jan-p01-t10k,10,10.0,0.9995
sd11-b000,jan-p01-t10k,15,15.0,0.9993
sd11-b000,jan-p01-t10k,22,22.0,0.9990
sd11-b000,jan-p01-t10k,32,32.0,0.9986
sd11-b000,jan-p01-t10k,46,45.9,0.9978
sd11-b000,jan-p01-t10k,68,67.8,0.9965
sd11-b000,jan-p01-t10k,100,99.5,0.9948
sd11-b000,jan-p01-t10k,147,145.9,0.9927
sd11-b000,jan-p01-t10k,215,212.9,0.9901
sd11-b000,jan-p01-t10k,316,311.7,0.9863
sd11-b000,jan-p01-t10k,464,454.9,0.9803
sd11-b000,jan-p01-t10k,681,661.4,0.9711
sd11-b000,jan-p01-t10k,1000,958.5,0.9585
sd11-b000,jan-p01-t10k,1468,1377.8,0.9385
sd11-b000,jan-p01-t10k,2154,1959.3,0.9096
sd11-b000,jan-p01-t10k,3162,2745.2,0.8682
sd11-b000,jan-p01-t10k,4642,3769.8,0.8121
sd11-b000,jan-p01-t10k,6813,5040.7,0.7399
sd11-b000,jan-p01-t10k,10000,6500.0,0.6500
sd11-b000,jan-p10-t10k,1,1.0,1.0000
sd11-b000,jan-p10-t10k,2,2.0,1.0000
sd11-b000,jan-p10-t10k,3,3.0,0.9999
sd11-b000,jan-p10-t10k,4,4.0,0.9999
sd11-b000,jan-p10-t10k,7,7.0,0.9997
sd11-b000,jan-p10-t10k,10,10.0,0.9995
sd11-b000,jan-p10-t10k,11,11.0,0.9995
sd11-b000,jan-p10-t10k,18,18.0,0.9992
sd11-b000,jan-p10-t10k,29,29.0,0.9986
sd11-b000,jan-p10-t10k,46,45.9,0.9978
sd11-b000,jan-p10-t10k,75,74.7,0.9965
sd11-b000,jan-p10-t10k,100,99.5,0.9953
sd11-b000,jan-p10-t10k,121,120.3,0.9944
sd11-b000,jan-p10-t10k,196,194.2,0.9910
sd11-b000,jan-p10-t10k,316,311.5,0.9857
sd11-b000,jan-p10-t10k,511,499.2,0.9769
sd11-b000,jan-p10-t10k,825,794.3,0.9628
sd11-b000,jan-p10-t10k,1000,955.1,0.9551
sd11-b000,jan-p10-t10k,1334,1254.6,0.9405
sd11-b000,jan-p10-t10k,2154,1952.1,0.9062
sd11-b000,jan-p10-t10k,3481,2979.0,0.8558
sd11-b000,jan-p10-t10k,5623,4420.8,0.7862
sd11-b000,jan-p10-t10k,9085,6341.3,0.6980
sd11-b000,jan-p10-t10k,10000,6788.7,0.6789
sd11-b000,jan-p10-t10k,14678,8805.2,0.5999
sd11-b000,jan-p10-t10k,23714,12121.2,0.5111
sd11-b000,jan-p10-t10k,38312,17087.4,0.4460
sd11-b000,jan-p10-t10k,61897,25038.4,0.4045
sd11-b000,jan-p10-t10k,100000,37327.0,0.3733
sd11-b000,jan-p20-t10k,1,1.0,1.0000
sd11-b000,jan-p20-t10k,2,2.0,1.0000
sd11-b000,jan-p20-t10k,3,3.0,0.9999
sd11-b000,jan-p20-t10k,5,5.0,0.9998
sd11-b000,jan-p20-t10k,8,8.0,0.9997
sd11-b000,jan-p20-t10k,10,10.0,0.9996
sd11-b000,jan-p20-t10k,13,13.0,0.9994
sd11-b000,jan-p20-t10k,21,21.0,0.9990
sd11-b000,jan-p20-t10k,35,34.9,0.9983
sd11-b000,jan-p20-t10k,58,57.8,0.9972
sd11-b000,jan-p20-t10k,97,96.6,0.9954
sd11-b000,jan-p20-t10k,100,99.5,0.9953
sd11-b000,jan-p20-t10k,162,160.8,0.9924
sd11-b000,jan-p20-t10k,269,265.6,0.9875
sd11-b000,jan-p20-t10k,447,437.7,0.9793
sd11-b000,jan-p20-t10k,744,718.4,0.9656
sd11-b000,jan-p20-t10k,1000,954.2,0.9542
sd11-b000,jan-p20-t10k,1237,1167.4,0.9437
sd11-b000,jan-p20-t10k,2057,1869.0,0.9086
sd11-b000,jan-p20-t10k,3420,2923.4,0.8548
sd11-b000,jan-p20-t10k,5687,4414.1,0.7762
sd11-b000,jan-p20-t10k,9457,6332.4,0.6696
sd11-b000,jan-p20-t10k,10000,6565.0,0.6565
sd11-b000,jan-p20-t10k,15727,8569.2,0.5449
sd11-b000,jan-p20-t10k,26153,11189.4,0.4278
sd11-b000,jan-p20-t10k,43491,14857.9,0.3416
sd11-b000,jan-p20-t10k,72323,20772.4,0.2872
sd11-b000,jan-p20-t10k,100000,26447.7,0.2645
sd11-b000,jan-p20-t10k,120269,30590.7,0.2544
sd11-b000,jan-p20-t10k,200000,46644.0,0.2332
