cenario,amostra,rank,requisicoes_ao_objeto,fracao_acumulada_das_requisicoes
sd01-b300,completa,1,251,0.00025
sd01-b300,completa,2,213,0.00046
sd01-b300,completa,3,186,0.00065
sd01-b300,completa,4,184,0.00083
sd01-b300,completa,6,179,0.00119
sd01-b300,completa,9,171,0.00171
sd01-b300,completa,14,167,0.00256
sd01-b300,completa,20,157,0.00353
sd01-b300,completa,29,149,0.00490
sd01-b300,completa,42,140,0.00677
sd01-b300,completa,60,133,0.00923
sd01-b300,completa,88,125,0.01284
sd01-b300,completa,127,117,0.01756
sd01-b300,completa,185,111,0.02415
sd01-b300,completa,268,103,0.03302
sd01-b300,completa,389,95,0.04500
sd01-b300,completa,565,89,0.06119
sd01-b300,completa,820,82,0.08283
sd01-b300,completa,1191,74,0.11159
sd01-b300,completa,1729,67,0.14949
sd01-b300,completa,2510,60,0.19890
sd01-b300,completa,3644,52,0.26201
sd01-b300,completa,5290,44,0.34119
sd01-b300,completa,7679,37,0.43798
sd01-b300,completa,11148,30,0.55310
sd01-b300,completa,16184,22,0.68341
sd01-b300,completa,23496,15,0.81919
sd01-b300,completa,34109,8,0.93875
sd01-b300,completa,49518,1,1.00000
sd01-b300,sis-p01,1,5,0.00050
sd01-b300,sis-p01,2,5,0.00100
sd01-b300,sis-p01,3,4,0.00140
sd01-b300,sis-p01,4,4,0.00180
sd01-b300,sis-p01,5,4,0.00220
sd01-b300,sis-p01,7,3,0.00290
sd01-b300,sis-p01,9,3,0.00350
sd01-b300,sis-p01,12,3,0.00440
sd01-b300,sis-p01,17,3,0.00590
sd01-b300,sis-p01,23,3,0.00770
sd01-b300,sis-p01,32,3,0.01040
sd01-b300,sis-p01,44,3,0.01400
sd01-b300,sis-p01,60,2,0.01760
sd01-b300,sis-p01,82,2,0.02200
sd01-b300,sis-p01,113,2,0.02820
sd01-b300,sis-p01,155,2,0.03660
sd01-b300,sis-p01,212,2,0.04800
sd01-b300,sis-p01,290,2,0.06359
sd01-b300,sis-p01,398,2,0.08519
sd01-b300,sis-p01,545,2,0.11459
sd01-b300,sis-p01,747,1,0.14529
sd01-b300,sis-p01,1024,1,0.17298
sd01-b300,sis-p01,1404,1,0.21098
sd01-b300,sis-p01,1923,1,0.26287
sd01-b300,sis-p01,2636,1,0.33417
sd01-b300,sis-p01,3612,1,0.43176
sd01-b300,sis-p01,4950,1,0.56554
sd01-b300,sis-p01,6783,1,0.74883
sd01-b300,sis-p01,9295,1,1.00000
sd01-b300,sis-p10,1,23,0.00023
sd01-b300,sis-p10,2,20,0.00043
sd01-b300,sis-p10,3,20,0.00063
sd01-b300,sis-p10,4,19,0.00082
sd01-b300,sis-p10,6,18,0.00118
sd01-b300,sis-p10,9,18,0.00172
sd01-b300,sis-p10,13,17,0.00243
sd01-b300,sis-p10,18,17,0.00328
sd01-b300,sis-p10,26,16,0.00456
sd01-b300,sis-p10,38,15,0.00640
sd01-b300,sis-p10,55,14,0.00889
sd01-b300,sis-p10,79,14,0.01225
sd01-b300,sis-p10,113,13,0.01670
sd01-b300,sis-p10,163,12,0.02276
sd01-b300,sis-p10,234,11,0.03075
sd01-b300,sis-p10,336,10,0.04161
sd01-b300,sis-p10,484,10,0.05641
sd01-b300,sis-p10,696,9,0.07578
sd01-b300,sis-p10,1001,8,0.10180
sd01-b300,sis-p10,1440,7,0.13628
sd01-b300,sis-p10,2072,7,0.18052
sd01-b300,sis-p10,2980,6,0.23641
sd01-b300,sis-p10,4287,5,0.30698
sd01-b300,sis-p10,6167,4,0.39558
sd01-b300,sis-p10,8871,4,0.50373
sd01-b300,sis-p10,12761,3,0.62205
sd01-b300,sis-p10,18357,2,0.75298
sd01-b300,sis-p10,26407,1,0.88420
sd01-b300,sis-p10,37987,1,1.00000
sd01-b300,sis-p20,1,48,0.00024
sd01-b300,sis-p20,2,40,0.00044
sd01-b300,sis-p20,3,37,0.00062
sd01-b300,sis-p20,4,37,0.00081
sd01-b300,sis-p20,6,37,0.00118
sd01-b300,sis-p20,9,34,0.00169
sd01-b300,sis-p20,13,33,0.00236
sd01-b300,sis-p20,19,31,0.00331
sd01-b300,sis-p20,28,30,0.00469
sd01-b300,sis-p20,40,29,0.00647
sd01-b300,sis-p20,58,27,0.00900
sd01-b300,sis-p20,84,26,0.01243
sd01-b300,sis-p20,121,24,0.01703
sd01-b300,sis-p20,175,23,0.02336
sd01-b300,sis-p20,253,21,0.03183
sd01-b300,sis-p20,366,20,0.04330
sd01-b300,sis-p20,529,18,0.05858
sd01-b300,sis-p20,764,17,0.07910
sd01-b300,sis-p20,1105,15,0.10673
sd01-b300,sis-p20,1598,14,0.14267
sd01-b300,sis-p20,2311,12,0.18983
sd01-b300,sis-p20,3342,11,0.24944
sd01-b300,sis-p20,4833,9,0.32504
sd01-b300,sis-p20,6989,8,0.41725
sd01-b300,sis-p20,10107,6,0.52793
sd01-b300,sis-p20,14615,5,0.65297
sd01-b300,sis-p20,21134,3,0.78976
sd01-b300,sis-p20,30560,2,0.91231
sd01-b300,sis-p20,44192,1,1.00000
sd01-b300,jan-p01-t1k,1,99,0.00990
sd01-b300,jan-p01-t1k,2,92,0.01910
sd01-b300,jan-p01-t1k,3,88,0.02790
sd01-b300,jan-p01-t1k,4,86,0.03650
sd01-b300,jan-p01-t1k,5,83,0.04480
sd01-b300,jan-p01-t1k,6,82,0.05300
sd01-b300,jan-p01-t1k,7,82,0.06120
sd01-b300,jan-p01-t1k,9,76,0.07690
sd01-b300,jan-p01-t1k,11,74,0.09180
sd01-b300,jan-p01-t1k,14,70,0.11320
sd01-b300,jan-p01-t1k,17,62,0.13240
sd01-b300,jan-p01-t1k,21,57,0.15560
sd01-b300,jan-p01-t1k,26,54,0.18320
sd01-b300,jan-p01-t1k,32,50,0.21420
sd01-b300,jan-p01-t1k,40,47,0.25270
sd01-b300,jan-p01-t1k,50,44,0.29720
sd01-b300,jan-p01-t1k,62,41,0.34770
sd01-b300,jan-p01-t1k,77,34,0.40370
sd01-b300,jan-p01-t1k,96,32,0.46610
sd01-b300,jan-p01-t1k,119,28,0.53460
sd01-b300,jan-p01-t1k,148,25,0.61190
sd01-b300,jan-p01-t1k,184,20,0.69200
sd01-b300,jan-p01-t1k,229,16,0.77290
sd01-b300,jan-p01-t1k,285,12,0.85040
sd01-b300,jan-p01-t1k,354,8,0.91900
sd01-b300,jan-p01-t1k,440,4,0.97390
sd01-b300,jan-p01-t1k,547,1,1.00000
sd01-b300,jan-p10-t1k,1,225,0.00225
sd01-b300,jan-p10-t1k,2,169,0.00394
sd01-b300,jan-p10-t1k,3,162,0.00556
sd01-b300,jan-p10-t1k,4,137,0.00693
sd01-b300,jan-p10-t1k,6,126,0.00949
sd01-b300,jan-p10-t1k,8,121,0.01195
sd01-b300,jan-p10-t1k,11,109,0.01539
sd01-b300,jan-p10-t1k,14,108,0.01865
sd01-b300,jan-p10-t1k,19,100,0.02380
sd01-b300,jan-p10-t1k,26,96,0.03064
sd01-b300,jan-p10-t1k,35,92,0.03900
sd01-b300,jan-p10-t1k,47,86,0.04967
sd01-b300,jan-p10-t1k,63,82,0.06309
sd01-b300,jan-p10-t1k,85,76,0.08052
sd01-b300,jan-p10-t1k,114,72,0.10186
sd01-b300,jan-p10-t1k,153,66,0.12880
sd01-b300,jan-p10-t1k,206,60,0.16196
sd01-b300,jan-p10-t1k,277,55,0.20237
sd01-b300,jan-p10-t1k,372,49,0.25155
sd01-b300,jan-p10-t1k,500,44,0.31069
sd01-b300,jan-p10-t1k,673,39,0.38195
sd01-b300,jan-p10-t1k,905,33,0.46461
sd01-b300,jan-p10-t1k,1216,27,0.55756
sd01-b300,jan-p10-t1k,1635,22,0.66023
sd01-b300,jan-p10-t1k,2198,16,0.76671
sd01-b300,jan-p10-t1k,2955,11,0.87014
sd01-b300,jan-p10-t1k,3973,6,0.95647
sd01-b300,jan-p10-t1k,5342,1,1.00000
sd01-b300,jan-p20-t1k,1,225,0.00112
sd01-b300,jan-p20-t1k,2,186,0.00205
sd01-b300,jan-p20-t1k,3,169,0.00290
sd01-b300,jan-p20-t1k,4,163,0.00371
sd01-b300,jan-p20-t1k,5,162,0.00453
sd01-b300,jan-p20-t1k,7,130,0.00586
sd01-b300,jan-p20-t1k,9,126,0.00712
sd01-b300,jan-p20-t1k,13,119,0.00954
sd01-b300,jan-p20-t1k,18,110,0.01239
sd01-b300,jan-p20-t1k,25,106,0.01617
sd01-b300,jan-p20-t1k,34,100,0.02081
sd01-b300,jan-p20-t1k,47,95,0.02712
sd01-b300,jan-p20-t1k,64,91,0.03499
sd01-b300,jan-p20-t1k,88,86,0.04560
sd01-b300,jan-p20-t1k,122,82,0.05988
sd01-b300,jan-p20-t1k,167,76,0.07774
sd01-b300,jan-p20-t1k,230,71,0.10081
sd01-b300,jan-p20-t1k,317,65,0.13012
sd01-b300,jan-p20-t1k,437,59,0.16703
sd01-b300,jan-p20-t1k,602,53,0.21301
sd01-b300,jan-p20-t1k,829,47,0.26944
sd01-b300,jan-p20-t1k,1142,41,0.33820
sd01-b300,jan-p20-t1k,1572,35,0.42035
sd01-b300,jan-p20-t1k,2165,29,0.51519
sd01-b300,jan-p20-t1k,2982,24,0.62235
sd01-b300,jan-p20-t1k,4106,18,0.73774
sd01-b300,jan-p20-t1k,5655,12,0.85272
sd01-b300,jan-p20-t1k,7788,6,0.95071
sd01-b300,jan-p20-t1k,10725,1,1.00000
sd01-b300,jan-p01-t10k,1,133,0.01330
sd01-b300,jan-p01-t10k,2,117,0.02500
sd01-b300,jan-p01-t10k,3,115,0.03650
sd01-b300,jan-p01-t10k,4,109,0.04740
sd01-b300,jan-p01-t10k,5,99,0.05730
sd01-b300,jan-p01-t10k,6,98,0.06710
sd01-b300,jan-p01-t10k,7,82,0.07530
sd01-b300,jan-p01-t10k,9,71,0.08970
sd01-b300,jan-p01-t10k,11,67,0.10350
sd01-b300,jan-p01-t10k,13,66,0.11680
sd01-b300,jan-p01-t10k,17,62,0.14200
sd01-b300,jan-p01-t10k,21,59,0.16630
sd01-b300,jan-p01-t10k,26,55,0.19430
sd01-b300,jan-p01-t10k,32,51,0.22590
sd01-b300,jan-p01-t10k,39,47,0.26000
sd01-b300,jan-p01-t10k,49,43,0.30460
sd01-b300,jan-p01-t10k,61,38,0.35390
sd01-b300,jan-p01-t10k,75,34,0.40360
sd01-b300,jan-p01-t10k,94,30,0.46440
sd01-b300,jan-p01-t10k,116,29,0.52940
sd01-b300,jan-p01-t10k,144,25,0.60480
sd01-b300,jan-p01-t10k,179,21,0.68520
sd01-b300,jan-p01-t10k,222,17,0.76630
sd01-b300,jan-p01-t10k,276,13,0.84570
sd01-b300,jan-p01-t10k,343,9,0.91690
sd01-b300,jan-p01-t10k,425,5,0.97220
sd01-b300,jan-p01-t10k,528,1,1.00000
sd01-b300,jan-p10-t10k,1,167,0.00167
sd01-b300,jan-p10-t10k,2,155,0.00322
sd01-b300,jan-p10-t10k,3,154,0.00476
sd01-b300,jan-p10-t10k,4,142,0.00618
sd01-b300,jan-p10-t10k,6,133,0.00891
sd01-b300,jan-p10-t10k,8,122,0.01139
sd01-b300,jan-p10-t10k,11,116,0.01493
sd01-b300,jan-p10-t10k,14,114,0.01838
sd01-b300,jan-p10-t10k,19,109,0.02391
sd01-b300,jan-p10-t10k,25,105,0.03027
sd01-b300,jan-p10-t10k,34,96,0.03924
sd01-b300,jan-p10-t10k,46,90,0.05034
sd01-b300,jan-p10-t10k,62,82,0.06416
sd01-b300,jan-p10-t10k,83,76,0.08074
sd01-b300,jan-p10-t10k,111,72,0.10147
sd01-b300,jan-p10-t10k,149,68,0.12814
sd01-b300,jan-p10-t10k,200,64,0.16161
sd01-b300,jan-p10-t10k,269,58,0.20340
sd01-b300,jan-p10-t10k,360,52,0.25331
sd01-b300,jan-p10-t10k,484,47,0.31445
sd01-b300,jan-p10-t10k,649,40,0.38573
sd01-b300,jan-p10-t10k,872,34,0.46770
sd01-b300,jan-p10-t10k,1170,28,0.55948
sd01-b300,jan-p10-t10k,1570,23,0.66138
sd01-b300,jan-p10-t10k,2108,18,0.76993
sd01-b300,jan-p10-t10k,2830,12,0.87405
sd01-b300,jan-p10-t10k,3798,6,0.95772
sd01-b300,jan-p10-t10k,5098,1,1.00000
sd01-b300,jan-p20-t10k,1,168,0.00084
sd01-b300,jan-p20-t10k,2,167,0.00168
sd01-b300,jan-p20-t10k,3,155,0.00245
sd01-b300,jan-p20-t10k,4,154,0.00322
sd01-b300,jan-p20-t10k,5,142,0.00393
sd01-b300,jan-p20-t10k,7,140,0.00534
sd01-b300,jan-p20-t10k,9,133,0.00668
sd01-b300,jan-p20-t10k,13,129,0.00928
sd01-b300,jan-p20-t10k,17,122,0.01180
sd01-b300,jan-p20-t10k,24,117,0.01600
sd01-b300,jan-p20-t10k,33,112,0.02113
sd01-b300,jan-p20-t10k,45,106,0.02763
sd01-b300,jan-p20-t10k,62,101,0.03637
sd01-b300,jan-p20-t10k,86,93,0.04798
sd01-b300,jan-p20-t10k,118,87,0.06230
sd01-b300,jan-p20-t10k,162,80,0.08052
sd01-b300,jan-p20-t10k,222,74,0.10352
sd01-b300,jan-p20-t10k,305,68,0.13303
sd01-b300,jan-p20-t10k,419,63,0.17032
sd01-b300,jan-p20-t10k,576,57,0.21727
sd01-b300,jan-p20-t10k,792,51,0.27542
sd01-b300,jan-p20-t10k,1088,44,0.34569
sd01-b300,jan-p20-t10k,1495,38,0.42866
sd01-b300,jan-p20-t10k,2055,31,0.52380
sd01-b300,jan-p20-t10k,2824,25,0.63014
sd01-b300,jan-p20-t10k,3880,19,0.74450
sd01-b300,jan-p20-t10k,5332,13,0.85864
sd01-b300,jan-p20-t10k,7327,7,0.95231
sd01-b300,jan-p20-t10k,10069,1,1.00000
sd02-b250,completa,1,209,0.00021
sd02-b250,completa,2,202,0.00041
sd02-b250,completa,3,182,0.00059
sd02-b250,completa,4,169,0.00076
sd02-b250,completa,6,165,0.00109
sd02-b250,completa,9,160,0.00157
sd02-b250,completa,14,154,0.00236
sd02-b250,completa,20,147,0.00325
sd02-b250,completa,29,142,0.00454
sd02-b250,completa,42,135,0.00634
sd02-b250,completa,60,129,0.00871
sd02-b250,completa,88,121,0.01220
sd02-b250,completa,127,115,0.01680
sd02-b250,completa,185,108,0.02325
sd02-b250,completa,268,102,0.03195
sd02-b250,completa,389,95,0.04375
sd02-b250,completa,565,87,0.05973
sd02-b250,completa,820,80,0.08101
sd02-b250,completa,1191,73,0.10930
sd02-b250,completa,1729,66,0.14646
sd02-b250,completa,2510,59,0.19502
sd02-b250,completa,3644,52,0.25739
sd02-b250,completa,5290,45,0.33649
sd02-b250,completa,7680,37,0.43408
sd02-b250,completa,11150,30,0.55024
sd02-b250,completa,16187,23,0.68209
sd02-b250,completa,23499,15,0.81939
sd02-b250,completa,34114,8,0.93935
sd02-b250,completa,49525,1,1.00000
sd02-b250,sis-p01,1,5,0.00050
sd02-b250,sis-p01,2,4,0.00090
sd02-b250,sis-p01,3,4,0.00130
sd02-b250,sis-p01,4,4,0.00170
sd02-b250,sis-p01,5,3,0.00200
sd02-b250,sis-p01,7,3,0.00260
sd02-b250,sis-p01,9,3,0.00320
sd02-b250,sis-p01,12,3,0.00410
sd02-b250,sis-p01,17,3,0.00560
sd02-b250,sis-p01,23,3,0.00740
sd02-b250,sis-p01,32,3,0.01010
sd02-b250,sis-p01,43,3,0.01340
sd02-b250,sis-p01,59,3,0.01820
sd02-b250,sis-p01,81,2,0.02440
sd02-b250,sis-p01,111,2,0.03040
sd02-b250,sis-p01,153,2,0.03880
sd02-b250,sis-p01,209,2,0.05000
sd02-b250,sis-p01,286,2,0.06539
sd02-b250,sis-p01,392,2,0.08659
sd02-b250,sis-p01,537,2,0.11559
sd02-b250,sis-p01,735,2,0.15518
sd02-b250,sis-p01,1006,1,0.19288
sd02-b250,sis-p01,1378,1,0.23008
sd02-b250,sis-p01,1886,1,0.28087
sd02-b250,sis-p01,2583,1,0.35056
sd02-b250,sis-p01,3536,1,0.44586
sd02-b250,sis-p01,4842,1,0.57644
sd02-b250,sis-p01,6630,1,0.75522
sd02-b250,sis-p01,9078,1,1.00000
sd02-b250,sis-p10,1,23,0.00023
sd02-b250,sis-p10,2,21,0.00044
sd02-b250,sis-p10,3,20,0.00064
sd02-b250,sis-p10,4,20,0.00084
sd02-b250,sis-p10,6,19,0.00123
sd02-b250,sis-p10,9,18,0.00178
sd02-b250,sis-p10,13,18,0.00250
sd02-b250,sis-p10,18,17,0.00335
sd02-b250,sis-p10,26,16,0.00464
sd02-b250,sis-p10,38,15,0.00645
sd02-b250,sis-p10,54,14,0.00873
sd02-b250,sis-p10,78,13,0.01197
sd02-b250,sis-p10,112,13,0.01639
sd02-b250,sis-p10,161,12,0.02228
sd02-b250,sis-p10,231,11,0.03027
sd02-b250,sis-p10,333,10,0.04127
sd02-b250,sis-p10,478,10,0.05577
sd02-b250,sis-p10,688,9,0.07506
sd02-b250,sis-p10,989,8,0.10065
sd02-b250,sis-p10,1421,8,0.13521
sd02-b250,sis-p10,2043,7,0.17875
sd02-b250,sis-p10,2937,6,0.23436
sd02-b250,sis-p10,4222,5,0.30536
sd02-b250,sis-p10,6070,4,0.39545
sd02-b250,sis-p10,8726,4,0.50168
sd02-b250,sis-p10,12544,3,0.62186
sd02-b250,sis-p10,18033,2,0.75386
sd02-b250,sis-p10,25923,1,0.88656
sd02-b250,sis-p10,37267,1,1.00000
sd02-b250,sis-p20,1,42,0.00021
sd02-b250,sis-p20,2,40,0.00041
sd02-b250,sis-p20,3,38,0.00060
sd02-b250,sis-p20,4,37,0.00078
sd02-b250,sis-p20,6,34,0.00113
sd02-b250,sis-p20,9,34,0.00164
sd02-b250,sis-p20,13,32,0.00230
sd02-b250,sis-p20,19,31,0.00325
sd02-b250,sis-p20,28,30,0.00463
sd02-b250,sis-p20,40,28,0.00636
sd02-b250,sis-p20,58,26,0.00881
sd02-b250,sis-p20,83,26,0.01206
sd02-b250,sis-p20,120,24,0.01660
sd02-b250,sis-p20,174,22,0.02282
sd02-b250,sis-p20,251,21,0.03111
sd02-b250,sis-p20,363,19,0.04241
sd02-b250,sis-p20,525,18,0.05758
sd02-b250,sis-p20,760,17,0.07802
sd02-b250,sis-p20,1098,15,0.10481
sd02-b250,sis-p20,1587,14,0.14023
sd02-b250,sis-p20,2294,12,0.18640
sd02-b250,sis-p20,3316,11,0.24550
sd02-b250,sis-p20,4794,9,0.32095
sd02-b250,sis-p20,6930,8,0.41292
sd02-b250,sis-p20,10017,7,0.52545
sd02-b250,sis-p20,14480,5,0.65129
sd02-b250,sis-p20,20932,4,0.78964
sd02-b250,sis-p20,30258,2,0.91270
sd02-b250,sis-p20,43739,1,1.00000
sd02-b250,jan-p01-t1k,1,115,0.01150
sd02-b250,jan-p01-t1k,2,103,0.02180
sd02-b250,jan-p01-t1k,3,100,0.03180
sd02-b250,jan-p01-t1k,4,99,0.04170
sd02-b250,jan-p01-t1k,5,98,0.05150
sd02-b250,jan-p01-t1k,6,91,0.06060
sd02-b250,jan-p01-t1k,7,88,0.06940
sd02-b250,jan-p01-t1k,9,83,0.08640
sd02-b250,jan-p01-t1k,11,76,0.10220
sd02-b250,jan-p01-t1k,14,63,0.12170
sd02-b250,jan-p01-t1k,17,59,0.13990
sd02-b250,jan-p01-t1k,22,55,0.16790
sd02-b250,jan-p01-t1k,27,52,0.19450
sd02-b250,jan-p01-t1k,34,49,0.23000
sd02-b250,jan-p01-t1k,42,46,0.26790
sd02-b250,jan-p01-t1k,52,40,0.30970
sd02-b250,jan-p01-t1k,65,36,0.35880
sd02-b250,jan-p01-t1k,81,33,0.41310
sd02-b250,jan-p01-t1k,101,29,0.47400
sd02-b250,jan-p01-t1k,125,25,0.53780
sd02-b250,jan-p01-t1k,156,22,0.61020
sd02-b250,jan-p01-t1k,194,18,0.68580
sd02-b250,jan-p01-t1k,242,15,0.76450
sd02-b250,jan-p01-t1k,302,11,0.84470
sd02-b250,jan-p01-t1k,376,8,0.91590
sd02-b250,jan-p01-t1k,468,4,0.97060
sd02-b250,jan-p01-t1k,583,1,1.00000
sd02-b250,jan-p10-t1k,1,154,0.00154
sd02-b250,jan-p10-t1k,2,143,0.00297
sd02-b250,jan-p10-t1k,3,118,0.00415
sd02-b250,jan-p10-t1k,4,115,0.00530
sd02-b250,jan-p10-t1k,6,111,0.00752
sd02-b250,jan-p10-t1k,8,103,0.00958
sd02-b250,jan-p10-t1k,11,100,0.01261
sd02-b250,jan-p10-t1k,15,97,0.01653
sd02-b250,jan-p10-t1k,20,93,0.02128
sd02-b250,jan-p10-t1k,27,87,0.02752
sd02-b250,jan-p10-t1k,36,84,0.03522
sd02-b250,jan-p10-t1k,48,81,0.04511
sd02-b250,jan-p10-t1k,65,75,0.05836
sd02-b250,jan-p10-t1k,88,69,0.07504
sd02-b250,jan-p10-t1k,119,64,0.09561
sd02-b250,jan-p10-t1k,160,59,0.12093
sd02-b250,jan-p10-t1k,216,55,0.15288
sd02-b250,jan-p10-t1k,291,50,0.19234
sd02-b250,jan-p10-t1k,392,46,0.24116
sd02-b250,jan-p10-t1k,528,41,0.30015
sd02-b250,jan-p10-t1k,712,36,0.37059
sd02-b250,jan-p10-t1k,959,31,0.45266
sd02-b250,jan-p10-t1k,1293,26,0.54699
sd02-b250,jan-p10-t1k,1742,21,0.65099
sd02-b250,jan-p10-t1k,2349,16,0.76073
sd02-b250,jan-p10-t1k,3166,11,0.86798
sd02-b250,jan-p10-t1k,4267,6,0.95611
sd02-b250,jan-p10-t1k,5751,1,1.00000
sd02-b250,jan-p20-t1k,1,154,0.00077
sd02-b250,jan-p20-t1k,2,143,0.00148
sd02-b250,jan-p20-t1k,3,118,0.00208
sd02-b250,jan-p20-t1k,4,117,0.00266
sd02-b250,jan-p20-t1k,5,116,0.00324
sd02-b250,jan-p20-t1k,7,115,0.00439
sd02-b250,jan-p20-t1k,10,110,0.00605
sd02-b250,jan-p20-t1k,13,108,0.00768
sd02-b250,jan-p20-t1k,18,100,0.01026
sd02-b250,jan-p20-t1k,25,97,0.01370
sd02-b250,jan-p20-t1k,35,93,0.01844
sd02-b250,jan-p20-t1k,48,87,0.02425
sd02-b250,jan-p20-t1k,66,84,0.03194
sd02-b250,jan-p20-t1k,91,81,0.04221
sd02-b250,jan-p20-t1k,126,75,0.05579
sd02-b250,jan-p20-t1k,174,69,0.07318
sd02-b250,jan-p20-t1k,241,64,0.09545
sd02-b250,jan-p20-t1k,332,59,0.12336
sd02-b250,jan-p20-t1k,459,54,0.15898
sd02-b250,jan-p20-t1k,633,49,0.20354
sd02-b250,jan-p20-t1k,874,44,0.25948
sd02-b250,jan-p20-t1k,1207,39,0.32800
sd02-b250,jan-p20-t1k,1666,33,0.41018
sd02-b250,jan-p20-t1k,2300,28,0.50708
sd02-b250,jan-p20-t1k,3176,22,0.61686
sd02-b250,jan-p20-t1k,4385,17,0.73498
sd02-b250,jan-p20-t1k,6054,11,0.85266
sd02-b250,jan-p20-t1k,8358,6,0.95057
sd02-b250,jan-p20-t1k,11539,1,1.00000
sd02-b250,jan-p01-t10k,1,99,0.00990
sd02-b250,jan-p01-t10k,2,94,0.01930
sd02-b250,jan-p01-t10k,3,91,0.02840
sd02-b250,jan-p01-t10k,4,91,0.03750
sd02-b250,jan-p01-t10k,5,90,0.04650
sd02-b250,jan-p01-t10k,6,85,0.05500
sd02-b250,jan-p01-t10k,7,82,0.06320
sd02-b250,jan-p01-t10k,9,80,0.07930
sd02-b250,jan-p01-t10k,11,77,0.09490
sd02-b250,jan-p01-t10k,13,75,0.11000
sd02-b250,jan-p01-t10k,17,67,0.13720
sd02-b250,jan-p01-t10k,21,61,0.16280
sd02-b250,jan-p01-t10k,26,57,0.19220
sd02-b250,jan-p01-t10k,32,53,0.22510
sd02-b250,jan-p01-t10k,40,48,0.26470
sd02-b250,jan-p01-t10k,49,44,0.30550
sd02-b250,jan-p01-t10k,61,41,0.35630
sd02-b250,jan-p01-t10k,76,37,0.41480
sd02-b250,jan-p01-t10k,94,33,0.47710
sd02-b250,jan-p01-t10k,117,29,0.54830
sd02-b250,jan-p01-t10k,145,24,0.62230
sd02-b250,jan-p01-t10k,181,21,0.70360
sd02-b250,jan-p01-t10k,224,16,0.78330
sd02-b250,jan-p01-t10k,278,12,0.85840
sd02-b250,jan-p01-t10k,346,8,0.92610
sd02-b250,jan-p01-t10k,429,4,0.97790
sd02-b250,jan-p01-t10k,533,1,1.00000
sd02-b250,jan-p10-t10k,1,169,0.00169
sd02-b250,jan-p10-t10k,2,165,0.00334
sd02-b250,jan-p10-t10k,3,146,0.00480
sd02-b250,jan-p10-t10k,4,139,0.00619
sd02-b250,jan-p10-t10k,6,128,0.00885
sd02-b250,jan-p10-t10k,8,119,0.01126
sd02-b250,jan-p10-t10k,11,115,0.01473
sd02-b250,jan-p10-t10k,14,110,0.01810
sd02-b250,jan-p10-t10k,19,104,0.02338
sd02-b250,jan-p10-t10k,26,99,0.03046
sd02-b250,jan-p10-t10k,34,94,0.03813
sd02-b250,jan-p10-t10k,46,91,0.04920
sd02-b250,jan-p10-t10k,62,85,0.06325
sd02-b250,jan-p10-t10k,83,80,0.08067
sd02-b250,jan-p10-t10k,112,72,0.10291
sd02-b250,jan-p10-t10k,150,68,0.12938
sd02-b250,jan-p10-t10k,201,62,0.16250
sd02-b250,jan-p10-t10k,270,57,0.20345
sd02-b250,jan-p10-t10k,363,51,0.25347
sd02-b250,jan-p10-t10k,488,46,0.31392
sd02-b250,jan-p10-t10k,655,40,0.38479
sd02-b250,jan-p10-t10k,879,34,0.46724
sd02-b250,jan-p10-t10k,1180,29,0.56131
sd02-b250,jan-p10-t10k,1585,23,0.66482
sd02-b250,jan-p10-t10k,2128,17,0.77359
sd02-b250,jan-p10-t10k,2857,11,0.87802
sd02-b250,jan-p10-t10k,3837,6,0.96036
sd02-b250,jan-p10-t10k,5152,1,1.00000
sd02-b250,jan-p20-t10k,1,169,0.00085
sd02-b250,jan-p20-t10k,2,165,0.00167
sd02-b250,jan-p20-t10k,3,159,0.00247
sd02-b250,jan-p20-t10k,4,149,0.00321
sd02-b250,jan-p20-t10k,5,148,0.00395
sd02-b250,jan-p20-t10k,7,139,0.00537
sd02-b250,jan-p20-t10k,9,138,0.00676
sd02-b250,jan-p20-t10k,13,125,0.00939
sd02-b250,jan-p20-t10k,18,117,0.01239
sd02-b250,jan-p20-t10k,24,114,0.01584
sd02-b250,jan-p20-t10k,33,107,0.02078
sd02-b250,jan-p20-t10k,46,100,0.02747
sd02-b250,jan-p20-t10k,63,95,0.03571
sd02-b250,jan-p20-t10k,86,91,0.04639
sd02-b250,jan-p20-t10k,118,86,0.06051
sd02-b250,jan-p20-t10k,163,80,0.07914
sd02-b250,jan-p20-t10k,224,73,0.10246
sd02-b250,jan-p20-t10k,307,67,0.13139
sd02-b250,jan-p20-t10k,423,61,0.16856
sd02-b250,jan-p20-t10k,581,55,0.21428
sd02-b250,jan-p20-t10k,799,49,0.27124
sd02-b250,jan-p20-t10k,1098,44,0.34047
sd02-b250,jan-p20-t10k,1509,37,0.42320
sd02-b250,jan-p20-t10k,2075,31,0.51940
sd02-b250,jan-p20-t10k,2852,25,0.62789
sd02-b250,jan-p20-t10k,3921,19,0.74438
sd02-b250,jan-p20-t10k,5390,13,0.85923
sd02-b250,jan-p20-t10k,7409,6,0.95425
sd02-b250,jan-p20-t10k,10185,1,1.00000
sd03-b200,completa,1,246,0.00025
sd03-b200,completa,2,196,0.00044
sd03-b200,completa,3,195,0.00064
sd03-b200,completa,4,180,0.00082
sd03-b200,completa,6,176,0.00117
sd03-b200,completa,9,171,0.00169
sd03-b200,completa,14,162,0.00251
sd03-b200,completa,20,159,0.00347
sd03-b200,completa,29,151,0.00485
sd03-b200,completa,42,142,0.00675
sd03-b200,completa,60,134,0.00921
sd03-b200,completa,88,127,0.01284
sd03-b200,completa,127,119,0.01762
sd03-b200,completa,185,110,0.02428
sd03-b200,completa,268,103,0.03310
sd03-b200,completa,389,95,0.04504
sd03-b200,completa,565,88,0.06116
sd03-b200,completa,821,81,0.08272
sd03-b200,completa,1192,73,0.11117
sd03-b200,completa,1730,66,0.14858
sd03-b200,completa,2512,59,0.19741
sd03-b200,completa,3647,52,0.26014
sd03-b200,completa,5295,45,0.33935
sd03-b200,completa,7687,37,0.43601
sd03-b200,completa,11160,30,0.55090
sd03-b200,completa,16201,22,0.68137
sd03-b200,completa,23521,15,0.81724
sd03-b200,completa,34148,8,0.93796
sd03-b200,completa,49576,1,1.00000
sd03-b200,sis-p01,1,4,0.00040
sd03-b200,sis-p01,2,4,0.00080
sd03-b200,sis-p01,3,4,0.00120
sd03-b200,sis-p01,4,4,0.00160
sd03-b200,sis-p01,5,4,0.00200
sd03-b200,sis-p01,7,4,0.00280
sd03-b200,sis-p01,9,4,0.00360
sd03-b200,sis-p01,12,4,0.00480
sd03-b200,sis-p01,17,3,0.00640
sd03-b200,sis-p01,23,3,0.00820
sd03-b200,sis-p01,31,3,0.01060
sd03-b200,sis-p01,43,3,0.01420
sd03-b200,sis-p01,59,3,0.01900
sd03-b200,sis-p01,80,3,0.02530
sd03-b200,sis-p01,110,3,0.03430
sd03-b200,sis-p01,150,2,0.04340
sd03-b200,sis-p01,205,2,0.05439
sd03-b200,sis-p01,281,2,0.06959
sd03-b200,sis-p01,384,2,0.09019
sd03-b200,sis-p01,525,2,0.11839
sd03-b200,sis-p01,718,2,0.15698
sd03-b200,sis-p01,983,2,0.20998
sd03-b200,sis-p01,1344,1,0.25437
sd03-b200,sis-p01,1838,1,0.30377
sd03-b200,sis-p01,2515,1,0.37146
sd03-b200,sis-p01,3439,1,0.46385
sd03-b200,sis-p01,4704,1,0.59034
sd03-b200,sis-p01,6434,1,0.76332
sd03-b200,sis-p01,8801,1,1.00000
sd03-b200,sis-p10,1,24,0.00024
sd03-b200,sis-p10,2,23,0.00047
sd03-b200,sis-p10,3,21,0.00068
sd03-b200,sis-p10,4,20,0.00088
sd03-b200,sis-p10,6,20,0.00128
sd03-b200,sis-p10,9,19,0.00185
sd03-b200,sis-p10,13,18,0.00257
sd03-b200,sis-p10,18,17,0.00342
sd03-b200,sis-p10,26,16,0.00474
sd03-b200,sis-p10,37,16,0.00650
sd03-b200,sis-p10,54,15,0.00913
sd03-b200,sis-p10,77,14,0.01249
sd03-b200,sis-p10,111,14,0.01725
sd03-b200,sis-p10,160,13,0.02367
sd03-b200,sis-p10,229,12,0.03196
sd03-b200,sis-p10,329,11,0.04309
sd03-b200,sis-p10,473,10,0.05800
sd03-b200,sis-p10,680,9,0.07746
sd03-b200,sis-p10,977,8,0.10386
sd03-b200,sis-p10,1403,8,0.13794
sd03-b200,sis-p10,2016,7,0.18154
sd03-b200,sis-p10,2896,6,0.23740
sd03-b200,sis-p10,4160,5,0.30789
sd03-b200,sis-p10,5977,4,0.39761
sd03-b200,sis-p10,8587,4,0.50200
sd03-b200,sis-p10,12336,3,0.62174
sd03-b200,sis-p10,17723,2,0.75434
sd03-b200,sis-p10,25462,1,0.88882
sd03-b200,sis-p10,36580,1,1.00000
sd03-b200,sis-p20,1,42,0.00021
sd03-b200,sis-p20,2,41,0.00041
sd03-b200,sis-p20,3,39,0.00061
sd03-b200,sis-p20,4,37,0.00079
sd03-b200,sis-p20,6,35,0.00114
sd03-b200,sis-p20,9,35,0.00167
sd03-b200,sis-p20,13,34,0.00235
sd03-b200,sis-p20,19,32,0.00332
sd03-b200,sis-p20,27,31,0.00459
sd03-b200,sis-p20,40,30,0.00655
sd03-b200,sis-p20,57,28,0.00903
sd03-b200,sis-p20,83,27,0.01258
sd03-b200,sis-p20,120,25,0.01739
sd03-b200,sis-p20,173,23,0.02375
sd03-b200,sis-p20,250,21,0.03234
sd03-b200,sis-p20,362,20,0.04384
sd03-b200,sis-p20,523,18,0.05918
sd03-b200,sis-p20,756,17,0.07961
sd03-b200,sis-p20,1092,15,0.10685
sd03-b200,sis-p20,1578,14,0.14238
sd03-b200,sis-p20,2281,12,0.18872
sd03-b200,sis-p20,3296,11,0.24756
sd03-b200,sis-p20,4764,9,0.32308
sd03-b200,sis-p20,6885,8,0.41472
sd03-b200,sis-p20,9949,7,0.52664
sd03-b200,sis-p20,14378,5,0.65184
sd03-b200,sis-p20,20778,4,0.78945
sd03-b200,sis-p20,30027,2,0.91254
sd03-b200,sis-p20,43394,1,1.00000
sd03-b200,jan-p01-t1k,1,86,0.00860
sd03-b200,jan-p01-t1k,2,82,0.01680
sd03-b200,jan-p01-t1k,3,79,0.02470
sd03-b200,jan-p01-t1k,4,77,0.03240
sd03-b200,jan-p01-t1k,5,72,0.03960
sd03-b200,jan-p01-t1k,6,71,0.04670
sd03-b200,jan-p01-t1k,8,68,0.06040
sd03-b200,jan-p01-t1k,10,66,0.07360
sd03-b200,jan-p01-t1k,12,64,0.08660
sd03-b200,jan-p01-t1k,15,61,0.10520
sd03-b200,jan-p01-t1k,19,59,0.12890
sd03-b200,jan-p01-t1k,24,46,0.15430
sd03-b200,jan-p01-t1k,30,42,0.18030
sd03-b200,jan-p01-t1k,38,39,0.21310
sd03-b200,jan-p01-t1k,48,34,0.24960
sd03-b200,jan-p01-t1k,60,31,0.28900
sd03-b200,jan-p01-t1k,75,28,0.33320
sd03-b200,jan-p01-t1k,94,26,0.38430
sd03-b200,jan-p01-t1k,118,24,0.44400
sd03-b200,jan-p01-t1k,148,21,0.51130
sd03-b200,jan-p01-t1k,186,18,0.58620
sd03-b200,jan-p01-t1k,233,16,0.66650
sd03-b200,jan-p01-t1k,292,12,0.74770
sd03-b200,jan-p01-t1k,367,10,0.83120
sd03-b200,jan-p01-t1k,460,7,0.90930
sd03-b200,jan-p01-t1k,578,3,0.97120
sd03-b200,jan-p01-t1k,725,1,1.00000
sd03-b200,jan-p10-t1k,1,122,0.00122
sd03-b200,jan-p10-t1k,2,97,0.00219
sd03-b200,jan-p10-t1k,3,95,0.00314
sd03-b200,jan-p10-t1k,5,91,0.00497
sd03-b200,jan-p10-t1k,6,91,0.00588
sd03-b200,jan-p10-t1k,9,88,0.00854
sd03-b200,jan-p10-t1k,12,84,0.01108
sd03-b200,jan-p10-t1k,16,78,0.01425
sd03-b200,jan-p10-t1k,21,75,0.01807
sd03-b200,jan-p10-t1k,29,71,0.02383
sd03-b200,jan-p10-t1k,39,67,0.03067
sd03-b200,jan-p10-t1k,54,63,0.04044
sd03-b200,jan-p10-t1k,73,59,0.05199
sd03-b200,jan-p10-t1k,99,55,0.06692
sd03-b200,jan-p10-t1k,134,52,0.08574
sd03-b200,jan-p10-t1k,183,48,0.11039
sd03-b200,jan-p10-t1k,248,44,0.13994
sd03-b200,jan-p10-t1k,337,41,0.17743
sd03-b200,jan-p10-t1k,458,37,0.22391
sd03-b200,jan-p10-t1k,622,33,0.28059
sd03-b200,jan-p10-t1k,845,29,0.34920
sd03-b200,jan-p10-t1k,1147,25,0.43008
sd03-b200,jan-p10-t1k,1558,21,0.52448
sd03-b200,jan-p10-t1k,2117,17,0.63094
sd03-b200,jan-p10-t1k,2876,13,0.74481
sd03-b200,jan-p10-t1k,3906,9,0.85708
sd03-b200,jan-p10-t1k,5306,5,0.95167
sd03-b200,jan-p10-t1k,7208,1,1.00000
sd03-b200,jan-p20-t1k,1,140,0.00070
sd03-b200,jan-p20-t1k,2,134,0.00137
sd03-b200,jan-p20-t1k,3,108,0.00191
sd03-b200,jan-p20-t1k,4,103,0.00243
sd03-b200,jan-p20-t1k,5,102,0.00294
sd03-b200,jan-p20-t1k,7,97,0.00392
sd03-b200,jan-p20-t1k,10,95,0.00536
sd03-b200,jan-p20-t1k,14,89,0.00717
sd03-b200,jan-p20-t1k,19,84,0.00933
sd03-b200,jan-p20-t1k,27,79,0.01253
sd03-b200,jan-p20-t1k,38,76,0.01680
sd03-b200,jan-p20-t1k,52,72,0.02193
sd03-b200,jan-p20-t1k,73,67,0.02922
sd03-b200,jan-p20-t1k,101,64,0.03837
sd03-b200,jan-p20-t1k,140,60,0.05038
sd03-b200,jan-p20-t1k,195,56,0.06631
sd03-b200,jan-p20-t1k,271,53,0.08698
sd03-b200,jan-p20-t1k,377,48,0.11374
sd03-b200,jan-p20-t1k,525,44,0.14758
sd03-b200,jan-p20-t1k,729,40,0.19004
sd03-b200,jan-p20-t1k,1014,36,0.24347
sd03-b200,jan-p20-t1k,1410,31,0.30969
sd03-b200,jan-p20-t1k,1961,27,0.39019
sd03-b200,jan-p20-t1k,2726,23,0.48536
sd03-b200,jan-p20-t1k,3790,19,0.59569
sd03-b200,jan-p20-t1k,5270,14,0.71747
sd03-b200,jan-p20-t1k,7328,10,0.84018
sd03-b200,jan-p20-t1k,10189,5,0.94564
sd03-b200,jan-p20-t1k,14167,1,1.00000
sd03-b200,jan-p01-t10k,1,119,0.01190
sd03-b200,jan-p01-t10k,2,83,0.02020
sd03-b200,jan-p01-t10k,3,81,0.02830
sd03-b200,jan-p01-t10k,4,76,0.03590
sd03-b200,jan-p01-t10k,5,71,0.04300
sd03-b200,jan-p01-t10k,6,70,0.05000
sd03-b200,jan-p01-t10k,7,67,0.05670
sd03-b200,jan-p01-t10k,9,67,0.07010
sd03-b200,jan-p01-t10k,11,67,0.08350
sd03-b200,jan-p01-t10k,14,63,0.10290
sd03-b200,jan-p01-t10k,17,61,0.12130
sd03-b200,jan-p01-t10k,21,57,0.14480
sd03-b200,jan-p01-t10k,27,51,0.17600
sd03-b200,jan-p01-t10k,33,48,0.20530
sd03-b200,jan-p01-t10k,41,45,0.24210
sd03-b200,jan-p01-t10k,51,43,0.28610
sd03-b200,jan-p01-t10k,64,38,0.33860
sd03-b200,jan-p01-t10k,79,36,0.39370
sd03-b200,jan-p01-t10k,98,32,0.45770
sd03-b200,jan-p01-t10k,122,29,0.52970
sd03-b200,jan-p01-t10k,152,24,0.60850
sd03-b200,jan-p01-t10k,189,20,0.68970
sd03-b200,jan-p01-t10k,236,16,0.77210
sd03-b200,jan-p01-t10k,293,12,0.85110
sd03-b200,jan-p01-t10k,365,8,0.92250
sd03-b200,jan-p01-t10k,454,4,0.97540
sd03-b200,jan-p01-t10k,565,1,1.00000
sd03-b200,jan-p10-t10k,1,160,0.00160
sd03-b200,jan-p10-t10k,2,149,0.00309
sd03-b200,jan-p10-t10k,3,148,0.00457
sd03-b200,jan-p10-t10k,4,145,0.00602
sd03-b200,jan-p10-t10k,6,132,0.00868
sd03-b200,jan-p10-t10k,8,129,0.01127
sd03-b200,jan-p10-t10k,11,118,0.01484
sd03-b200,jan-p10-t10k,14,113,0.01828
sd03-b200,jan-p10-t10k,19,102,0.02366
sd03-b200,jan-p10-t10k,26,95,0.03046
sd03-b200,jan-p10-t10k,35,90,0.03871
sd03-b200,jan-p10-t10k,47,87,0.04930
sd03-b200,jan-p10-t10k,64,81,0.06346
sd03-b200,jan-p10-t10k,86,76,0.08066
sd03-b200,jan-p10-t10k,116,70,0.10242
sd03-b200,jan-p10-t10k,155,66,0.12879
sd03-b200,jan-p10-t10k,209,60,0.16251
sd03-b200,jan-p10-t10k,282,54,0.20352
sd03-b200,jan-p10-t10k,379,48,0.25248
sd03-b200,jan-p10-t10k,510,43,0.31181
sd03-b200,jan-p10-t10k,686,37,0.38253
sd03-b200,jan-p10-t10k,923,32,0.46452
sd03-b200,jan-p10-t10k,1242,27,0.55750
sd03-b200,jan-p10-t10k,1671,21,0.65957
sd03-b200,jan-p10-t10k,2249,16,0.76613
sd03-b200,jan-p10-t10k,3026,11,0.87084
sd03-b200,jan-p10-t10k,4072,6,0.95752
sd03-b200,jan-p10-t10k,5479,1,1.00000
sd03-b200,jan-p20-t10k,1,176,0.00088
sd03-b200,jan-p20-t10k,2,160,0.00168
sd03-b200,jan-p20-t10k,3,149,0.00243
sd03-b200,jan-p20-t10k,4,148,0.00316
sd03-b200,jan-p20-t10k,5,145,0.00389
sd03-b200,jan-p20-t10k,7,137,0.00528
sd03-b200,jan-p20-t10k,9,132,0.00662
sd03-b200,jan-p20-t10k,13,125,0.00918
sd03-b200,jan-p20-t10k,18,118,0.01217
sd03-b200,jan-p20-t10k,25,110,0.01613
sd03-b200,jan-p20-t10k,34,104,0.02094
sd03-b200,jan-p20-t10k,47,98,0.02751
sd03-b200,jan-p20-t10k,64,92,0.03556
sd03-b200,jan-p20-t10k,89,88,0.04682
sd03-b200,jan-p20-t10k,122,83,0.06098
sd03-b200,jan-p20-t10k,168,77,0.07941
sd03-b200,jan-p20-t10k,232,71,0.10285
sd03-b200,jan-p20-t10k,320,64,0.13246
sd03-b200,jan-p20-t10k,441,58,0.16956
sd03-b200,jan-p20-t10k,607,52,0.21511
sd03-b200,jan-p20-t10k,836,46,0.27115
sd03-b200,jan-p20-t10k,1152,40,0.33941
sd03-b200,jan-p20-t10k,1587,34,0.42027
sd03-b200,jan-p20-t10k,2187,29,0.51516
sd03-b200,jan-p20-t10k,3012,23,0.62226
sd03-b200,jan-p20-t10k,4150,18,0.73799
sd03-b200,jan-p20-t10k,5718,12,0.85342
sd03-b200,jan-p20-t10k,7878,6,0.95173
sd03-b200,jan-p20-t10k,10853,1,1.00000
sd04-b175,completa,1,211,0.00021
sd04-b175,completa,2,189,0.00040
sd04-b175,completa,3,178,0.00058
sd04-b175,completa,4,174,0.00075
sd04-b175,completa,6,172,0.00110
sd04-b175,completa,9,170,0.00161
sd04-b175,completa,14,157,0.00242
sd04-b175,completa,20,152,0.00335
sd04-b175,completa,29,142,0.00467
sd04-b175,completa,42,137,0.00647
sd04-b175,completa,60,130,0.00888
sd04-b175,completa,88,122,0.01239
sd04-b175,completa,127,117,0.01704
sd04-b175,completa,185,109,0.02357
sd04-b175,completa,269,103,0.03249
sd04-b175,completa,390,96,0.04446
sd04-b175,completa,567,89,0.06077
sd04-b175,completa,823,82,0.08258
sd04-b175,completa,1195,74,0.11132
sd04-b175,completa,1735,66,0.14888
sd04-b175,completa,2518,59,0.19790
sd04-b175,completa,3657,52,0.26093
sd04-b175,completa,5310,44,0.34017
sd04-b175,completa,7709,37,0.43721
sd04-b175,completa,11194,30,0.55236
sd04-b175,completa,16253,22,0.68269
sd04-b175,completa,23599,15,0.81891
sd04-b175,completa,34265,8,0.93886
sd04-b175,completa,49752,1,1.00000
sd04-b175,sis-p01,1,5,0.00050
sd04-b175,sis-p01,2,5,0.00100
sd04-b175,sis-p01,3,4,0.00140
sd04-b175,sis-p01,5,4,0.00220
sd04-b175,sis-p01,7,4,0.00300
sd04-b175,sis-p01,9,4,0.00380
sd04-b175,sis-p01,12,4,0.00500
sd04-b175,sis-p01,17,4,0.00700
sd04-b175,sis-p01,23,4,0.00940
sd04-b175,sis-p01,31,3,0.01200
sd04-b175,sis-p01,43,3,0.01560
sd04-b175,sis-p01,58,3,0.02010
sd04-b175,sis-p01,80,3,0.02670
sd04-b175,sis-p01,109,3,0.03540
sd04-b175,sis-p01,149,3,0.04740
sd04-b175,sis-p01,204,2,0.05859
sd04-b175,sis-p01,279,2,0.07359
sd04-b175,sis-p01,382,2,0.09419
sd04-b175,sis-p01,523,2,0.12239
sd04-b175,sis-p01,715,2,0.16078
sd04-b175,sis-p01,977,2,0.21318
sd04-b175,sis-p01,1336,1,0.26017
sd04-b175,sis-p01,1827,1,0.30927
sd04-b175,sis-p01,2498,1,0.37636
sd04-b175,sis-p01,3416,1,0.46815
sd04-b175,sis-p01,4671,1,0.59364
sd04-b175,sis-p01,6388,1,0.76532
sd04-b175,sis-p01,8735,1,1.00000
sd04-b175,sis-p10,1,23,0.00023
sd04-b175,sis-p10,2,23,0.00046
sd04-b175,sis-p10,3,20,0.00066
sd04-b175,sis-p10,4,20,0.00086
sd04-b175,sis-p10,6,20,0.00126
sd04-b175,sis-p10,9,19,0.00183
sd04-b175,sis-p10,13,18,0.00255
sd04-b175,sis-p10,18,17,0.00344
sd04-b175,sis-p10,26,17,0.00480
sd04-b175,sis-p10,37,16,0.00657
sd04-b175,sis-p10,54,15,0.00921
sd04-b175,sis-p10,77,14,0.01251
sd04-b175,sis-p10,110,13,0.01702
sd04-b175,sis-p10,159,12,0.02338
sd04-b175,sis-p10,228,12,0.03166
sd04-b175,sis-p10,327,11,0.04285
sd04-b175,sis-p10,469,10,0.05795
sd04-b175,sis-p10,674,9,0.07830
sd04-b175,sis-p10,968,9,0.10476
sd04-b175,sis-p10,1390,8,0.13907
sd04-b175,sis-p10,1996,7,0.18357
sd04-b175,sis-p10,2866,6,0.24063
sd04-b175,sis-p10,4115,5,0.31249
sd04-b175,sis-p10,5909,5,0.40219
sd04-b175,sis-p10,8485,4,0.50667
sd04-b175,sis-p10,12185,3,0.62685
sd04-b175,sis-p10,17497,2,0.75831
sd04-b175,sis-p10,25125,1,0.89046
sd04-b175,sis-p10,36079,1,1.00000
sd04-b175,sis-p20,1,47,0.00023
sd04-b175,sis-p20,2,39,0.00043
sd04-b175,sis-p20,3,37,0.00061
sd04-b175,sis-p20,4,37,0.00080
sd04-b175,sis-p20,6,35,0.00115
sd04-b175,sis-p20,9,34,0.00167
sd04-b175,sis-p20,13,33,0.00234
sd04-b175,sis-p20,19,32,0.00330
sd04-b175,sis-p20,27,31,0.00455
sd04-b175,sis-p20,40,29,0.00651
sd04-b175,sis-p20,57,28,0.00893
sd04-b175,sis-p20,83,26,0.01243
sd04-b175,sis-p20,119,25,0.01706
sd04-b175,sis-p20,173,23,0.02355
sd04-b175,sis-p20,249,22,0.03206
sd04-b175,sis-p20,360,20,0.04356
sd04-b175,sis-p20,520,19,0.05898
sd04-b175,sis-p20,752,17,0.07967
sd04-b175,sis-p20,1086,16,0.10714
sd04-b175,sis-p20,1569,14,0.14330
sd04-b175,sis-p20,2266,13,0.19021
sd04-b175,sis-p20,3274,11,0.25016
sd04-b175,sis-p20,4730,10,0.32590
sd04-b175,sis-p20,6833,8,0.41812
sd04-b175,sis-p20,9872,7,0.52958
sd04-b175,sis-p20,14262,5,0.65469
sd04-b175,sis-p20,20604,4,0.79171
sd04-b175,sis-p20,29766,2,0.91414
sd04-b175,sis-p20,43003,1,1.00000
sd04-b175,jan-p01-t1k,1,65,0.00650
sd04-b175,jan-p01-t1k,2,60,0.01250
sd04-b175,jan-p01-t1k,3,57,0.01820
sd04-b175,jan-p01-t1k,4,53,0.02350
sd04-b175,jan-p01-t1k,5,51,0.02860
sd04-b175,jan-p01-t1k,7,50,0.03870
sd04-b175,jan-p01-t1k,8,50,0.04370
sd04-b175,jan-p01-t1k,11,47,0.05810
sd04-b175,jan-p01-t1k,13,47,0.06750
sd04-b175,jan-p01-t1k,17,43,0.08500
sd04-b175,jan-p01-t1k,21,40,0.10150
sd04-b175,jan-p01-t1k,27,37,0.12440
sd04-b175,jan-p01-t1k,34,32,0.14810
sd04-b175,jan-p01-t1k,43,30,0.17570
sd04-b175,jan-p01-t1k,55,28,0.21090
sd04-b175,jan-p01-t1k,70,26,0.25160
sd04-b175,jan-p01-t1k,88,23,0.29600
sd04-b175,jan-p01-t1k,111,21,0.34730
sd04-b175,jan-p01-t1k,141,20,0.40900
sd04-b175,jan-p01-t1k,178,18,0.47700
sd04-b175,jan-p01-t1k,226,15,0.55600
sd04-b175,jan-p01-t1k,286,13,0.64030
sd04-b175,jan-p01-t1k,362,10,0.72700
sd04-b175,jan-p01-t1k,458,8,0.81470
sd04-b175,jan-p01-t1k,580,6,0.89850
sd04-b175,jan-p01-t1k,734,3,0.96430
sd04-b175,jan-p01-t1k,929,1,1.00000
sd04-b175,jan-p10-t1k,1,86,0.00086
sd04-b175,jan-p10-t1k,2,76,0.00162
sd04-b175,jan-p10-t1k,3,76,0.00238
sd04-b175,jan-p10-t1k,4,76,0.00314
sd04-b175,jan-p10-t1k,5,71,0.00385
sd04-b175,jan-p10-t1k,7,70,0.00526
sd04-b175,jan-p10-t1k,9,68,0.00663
sd04-b175,jan-p10-t1k,12,65,0.00860
sd04-b175,jan-p10-t1k,17,63,0.01180
sd04-b175,jan-p10-t1k,23,59,0.01541
sd04-b175,jan-p10-t1k,32,56,0.02059
sd04-b175,jan-p10-t1k,43,53,0.02662
sd04-b175,jan-p10-t1k,59,51,0.03493
sd04-b175,jan-p10-t1k,81,48,0.04579
sd04-b175,jan-p10-t1k,111,44,0.05971
sd04-b175,jan-p10-t1k,153,41,0.07753
sd04-b175,jan-p10-t1k,209,39,0.10000
sd04-b175,jan-p10-t1k,286,36,0.12880
sd04-b175,jan-p10-t1k,392,33,0.16516
sd04-b175,jan-p10-t1k,536,30,0.21008
sd04-b175,jan-p10-t1k,734,26,0.26540
sd04-b175,jan-p10-t1k,1006,23,0.33297
sd04-b175,jan-p10-t1k,1377,20,0.41356
sd04-b175,jan-p10-t1k,1885,17,0.50786
sd04-b175,jan-p10-t1k,2581,14,0.61527
sd04-b175,jan-p10-t1k,3534,11,0.73148
sd04-b175,jan-p10-t1k,4839,7,0.84783
sd04-b175,jan-p10-t1k,6626,4,0.94662
sd04-b175,jan-p10-t1k,9072,1,1.00000
sd04-b175,jan-p20-t1k,1,91,0.00046
sd04-b175,jan-p20-t1k,2,86,0.00089
sd04-b175,jan-p20-t1k,3,82,0.00129
sd04-b175,jan-p20-t1k,4,81,0.00170
sd04-b175,jan-p20-t1k,5,77,0.00209
sd04-b175,jan-p20-t1k,8,76,0.00323
sd04-b175,jan-p20-t1k,11,73,0.00433
sd04-b175,jan-p20-t1k,15,71,0.00575
sd04-b175,jan-p20-t1k,21,69,0.00785
sd04-b175,jan-p20-t1k,29,66,0.01055
sd04-b175,jan-p20-t1k,40,64,0.01411
sd04-b175,jan-p20-t1k,57,59,0.01933
sd04-b175,jan-p20-t1k,79,57,0.02569
sd04-b175,jan-p20-t1k,111,53,0.03439
sd04-b175,jan-p20-t1k,155,49,0.04557
sd04-b175,jan-p20-t1k,218,46,0.06062
sd04-b175,jan-p20-t1k,305,43,0.07998
sd04-b175,jan-p20-t1k,427,40,0.10517
sd04-b175,jan-p20-t1k,597,36,0.13759
sd04-b175,jan-p20-t1k,836,33,0.17875
sd04-b175,jan-p20-t1k,1170,29,0.23073
sd04-b175,jan-p20-t1k,1638,26,0.29546
sd04-b175,jan-p20-t1k,2294,23,0.37531
sd04-b175,jan-p20-t1k,3211,19,0.47124
sd04-b175,jan-p20-t1k,4495,16,0.58239
sd04-b175,jan-p20-t1k,6293,12,0.70520
sd04-b175,jan-p20-t1k,8810,8,0.83174
sd04-b175,jan-p20-t1k,12333,4,0.94153
sd04-b175,jan-p20-t1k,17266,1,1.00000
sd04-b175,jan-p01-t10k,1,130,0.01300
sd04-b175,jan-p01-t10k,2,78,0.02080
sd04-b175,jan-p01-t10k,3,73,0.02810
sd04-b175,jan-p01-t10k,4,64,0.03450
sd04-b175,jan-p01-t10k,5,62,0.04070
sd04-b175,jan-p01-t10k,6,61,0.04680
sd04-b175,jan-p01-t10k,7,60,0.05280
sd04-b175,jan-p01-t10k,9,58,0.06450
sd04-b175,jan-p01-t10k,12,56,0.08140
sd04-b175,jan-p01-t10k,14,55,0.09240
sd04-b175,jan-p01-t10k,18,51,0.11350
sd04-b175,jan-p01-t10k,23,48,0.13820
sd04-b175,jan-p01-t10k,28,47,0.16180
sd04-b175,jan-p01-t10k,35,44,0.19350
sd04-b175,jan-p01-t10k,44,41,0.23150
sd04-b175,jan-p01-t10k,55,37,0.27480
sd04-b175,jan-p01-t10k,69,33,0.32330
sd04-b175,jan-p01-t10k,86,31,0.37810
sd04-b175,jan-p01-t10k,107,28,0.43990
sd04-b175,jan-p01-t10k,134,24,0.51040
sd04-b175,jan-p01-t10k,167,21,0.58440
sd04-b175,jan-p01-t10k,209,18,0.66400
sd04-b175,jan-p01-t10k,261,15,0.74840
sd04-b175,jan-p01-t10k,326,12,0.83450
sd04-b175,jan-p01-t10k,407,8,0.91220
sd04-b175,jan-p01-t10k,509,4,0.97130
sd04-b175,jan-p01-t10k,636,1,1.00000
sd04-b175,jan-p10-t10k,1,131,0.00131
sd04-b175,jan-p10-t10k,2,130,0.00261
sd04-b175,jan-p10-t10k,3,117,0.00378
sd04-b175,jan-p10-t10k,5,114,0.00607
sd04-b175,jan-p10-t10k,6,104,0.00711
sd04-b175,jan-p10-t10k,8,98,0.00908
sd04-b175,jan-p10-t10k,11,90,0.01181
sd04-b175,jan-p10-t10k,15,88,0.01535
sd04-b175,jan-p10-t10k,20,87,0.01972
sd04-b175,jan-p10-t10k,28,82,0.02644
sd04-b175,jan-p10-t10k,37,79,0.03362
sd04-b175,jan-p10-t10k,50,73,0.04360
sd04-b175,jan-p10-t10k,68,69,0.05637
sd04-b175,jan-p10-t10k,92,64,0.07217
sd04-b175,jan-p10-t10k,124,60,0.09196
sd04-b175,jan-p10-t10k,168,56,0.11747
sd04-b175,jan-p10-t10k,227,53,0.14960
sd04-b175,jan-p10-t10k,306,48,0.18942
sd04-b175,jan-p10-t10k,414,43,0.23890
sd04-b175,jan-p10-t10k,560,38,0.29794
sd04-b175,jan-p10-t10k,757,33,0.36758
sd04-b175,jan-p10-t10k,1023,29,0.44968
sd04-b175,jan-p10-t10k,1382,24,0.54295
sd04-b175,jan-p10-t10k,1868,19,0.64760
sd04-b175,jan-p10-t10k,2525,15,0.75781
sd04-b175,jan-p10-t10k,3413,10,0.86533
sd04-b175,jan-p10-t10k,4614,5,0.95468
sd04-b175,jan-p10-t10k,6236,1,1.00000
sd04-b175,jan-p20-t10k,1,155,0.00077
sd04-b175,jan-p20-t10k,2,137,0.00146
sd04-b175,jan-p20-t10k,3,136,0.00214
sd04-b175,jan-p20-t10k,4,130,0.00279
sd04-b175,jan-p20-t10k,5,117,0.00337
sd04-b175,jan-p20-t10k,7,114,0.00452
sd04-b175,jan-p20-t10k,10,109,0.00619
sd04-b175,jan-p20-t10k,13,105,0.00779
sd04-b175,jan-p20-t10k,19,98,0.01080
sd04-b175,jan-p20-t10k,26,93,0.01412
sd04-b175,jan-p20-t10k,36,88,0.01857
sd04-b175,jan-p20-t10k,49,85,0.02415
sd04-b175,jan-p20-t10k,68,80,0.03198
sd04-b175,jan-p20-t10k,94,75,0.04213
sd04-b175,jan-p20-t10k,130,70,0.05509
sd04-b175,jan-p20-t10k,180,65,0.07196
sd04-b175,jan-p20-t10k,249,61,0.09362
sd04-b175,jan-p20-t10k,344,56,0.12130
sd04-b175,jan-p20-t10k,476,52,0.15680
sd04-b175,jan-p20-t10k,659,47,0.20208
sd04-b175,jan-p20-t10k,911,42,0.25806
sd04-b175,jan-p20-t10k,1260,37,0.32615
sd04-b175,jan-p20-t10k,1744,32,0.40810
sd04-b175,jan-p20-t10k,2412,26,0.50377
sd04-b175,jan-p20-t10k,3337,21,0.61272
sd04-b175,jan-p20-t10k,4616,16,0.73083
sd04-b175,jan-p20-t10k,6385,11,0.84876
sd04-b175,jan-p20-t10k,8833,6,0.94895
sd04-b175,jan-p20-t10k,12219,1,1.00000
sd05-b150,completa,1,242,0.00024
sd05-b150,completa,2,233,0.00047
sd05-b150,completa,3,198,0.00067
sd05-b150,completa,4,184,0.00086
sd05-b150,completa,6,174,0.00121
sd05-b150,completa,9,170,0.00172
sd05-b150,completa,14,161,0.00255
sd05-b150,completa,20,154,0.00348
sd05-b150,completa,29,148,0.00485
sd05-b150,completa,42,138,0.00668
sd05-b150,completa,61,129,0.00921
sd05-b150,completa,88,123,0.01259
sd05-b150,completa,128,116,0.01738
sd05-b150,completa,186,109,0.02390
sd05-b150,completa,271,103,0.03290
sd05-b150,completa,393,95,0.04493
sd05-b150,completa,572,87,0.06120
sd05-b150,completa,830,80,0.08262
sd05-b150,completa,1206,73,0.11121
sd05-b150,completa,1752,66,0.14908
sd05-b150,completa,2545,59,0.19833
sd05-b150,completa,3698,52,0.26177
sd05-b150,completa,5372,44,0.34124
sd05-b150,completa,7804,37,0.43845
sd05-b150,completa,11337,29,0.55402
sd05-b150,completa,16469,22,0.68477
sd05-b150,completa,23924,15,0.82007
sd05-b150,completa,34755,8,0.93932
sd05-b150,completa,50489,1,1.00000
sd05-b150,sis-p01,1,6,0.00060
sd05-b150,sis-p01,2,5,0.00110
sd05-b150,sis-p01,3,5,0.00160
sd05-b150,sis-p01,5,5,0.00260
sd05-b150,sis-p01,7,4,0.00350
sd05-b150,sis-p01,9,4,0.00430
sd05-b150,sis-p01,12,4,0.00550
sd05-b150,sis-p01,17,4,0.00750
sd05-b150,sis-p01,23,3,0.00960
sd05-b150,sis-p01,31,3,0.01200
sd05-b150,sis-p01,42,3,0.01530
sd05-b150,sis-p01,58,3,0.02010
sd05-b150,sis-p01,79,3,0.02640
sd05-b150,sis-p01,108,3,0.03510
sd05-b150,sis-p01,148,3,0.04710
sd05-b150,sis-p01,203,2,0.05889
sd05-b150,sis-p01,277,2,0.07369
sd05-b150,sis-p01,379,2,0.09409
sd05-b150,sis-p01,517,2,0.12169
sd05-b150,sis-p01,707,2,0.15968
sd05-b150,sis-p01,966,2,0.21148
sd05-b150,sis-p01,1321,1,0.27127
sd05-b150,sis-p01,1805,1,0.31967
sd05-b150,sis-p01,2467,1,0.38586
sd05-b150,sis-p01,3372,1,0.47635
sd05-b150,sis-p01,4609,1,0.60004
sd05-b150,sis-p01,6299,1,0.76902
sd05-b150,sis-p01,8609,1,1.00000
sd05-b150,sis-p10,1,32,0.00032
sd05-b150,sis-p10,2,25,0.00057
sd05-b150,sis-p10,3,20,0.00077
sd05-b150,sis-p10,4,20,0.00097
sd05-b150,sis-p10,6,19,0.00136
sd05-b150,sis-p10,9,19,0.00193
sd05-b150,sis-p10,13,18,0.00266
sd05-b150,sis-p10,18,17,0.00353
sd05-b150,sis-p10,26,16,0.00485
sd05-b150,sis-p10,37,16,0.00661
sd05-b150,sis-p10,53,15,0.00903
sd05-b150,sis-p10,77,14,0.01250
sd05-b150,sis-p10,110,13,0.01706
sd05-b150,sis-p10,158,13,0.02330
sd05-b150,sis-p10,227,12,0.03162
sd05-b150,sis-p10,326,11,0.04280
sd05-b150,sis-p10,467,10,0.05791
sd05-b150,sis-p10,671,9,0.07830
sd05-b150,sis-p10,963,9,0.10458
sd05-b150,sis-p10,1383,8,0.13915
sd05-b150,sis-p10,1985,7,0.18382
sd05-b150,sis-p10,2849,6,0.24150
sd05-b150,sis-p10,4091,5,0.31487
sd05-b150,sis-p10,5873,5,0.40397
sd05-b150,sis-p10,8431,4,0.50877
sd05-b150,sis-p10,12103,3,0.62933
sd05-b150,sis-p10,17375,2,0.76021
sd05-b150,sis-p10,24944,1,0.89134
sd05-b150,sis-p10,35810,1,1.00000
sd05-b150,sis-p20,1,55,0.00027
sd05-b150,sis-p20,2,49,0.00052
sd05-b150,sis-p20,3,47,0.00075
sd05-b150,sis-p20,4,37,0.00094
sd05-b150,sis-p20,6,36,0.00130
sd05-b150,sis-p20,9,34,0.00182
sd05-b150,sis-p20,13,34,0.00250
sd05-b150,sis-p20,19,33,0.00349
sd05-b150,sis-p20,27,31,0.00477
sd05-b150,sis-p20,40,29,0.00669
sd05-b150,sis-p20,57,28,0.00908
sd05-b150,sis-p20,83,26,0.01258
sd05-b150,sis-p20,120,25,0.01728
sd05-b150,sis-p20,173,23,0.02356
sd05-b150,sis-p20,250,22,0.03218
sd05-b150,sis-p20,361,20,0.04370
sd05-b150,sis-p20,521,19,0.05923
sd05-b150,sis-p20,753,17,0.08002
sd05-b150,sis-p20,1088,16,0.10753
sd05-b150,sis-p20,1572,14,0.14325
sd05-b150,sis-p20,2271,13,0.19022
sd05-b150,sis-p20,3282,11,0.25036
sd05-b150,sis-p20,4742,10,0.32629
sd05-b150,sis-p20,6851,8,0.41885
sd05-b150,sis-p20,9899,7,0.53092
sd05-b150,sis-p20,14302,5,0.65585
sd05-b150,sis-p20,20665,4,0.79310
sd05-b150,sis-p20,29858,2,0.91408
sd05-b150,sis-p20,43140,1,1.00000
sd05-b150,jan-p01-t1k,1,47,0.00470
sd05-b150,jan-p01-t1k,2,37,0.00840
sd05-b150,jan-p01-t1k,3,37,0.01210
sd05-b150,jan-p01-t1k,4,37,0.01580
sd05-b150,jan-p01-t1k,6,31,0.02240
sd05-b150,jan-p01-t1k,7,31,0.02550
sd05-b150,jan-p01-t1k,9,31,0.03170
sd05-b150,jan-p01-t1k,12,30,0.04070
sd05-b150,jan-p01-t1k,16,28,0.05220
sd05-b150,jan-p01-t1k,20,27,0.06320
sd05-b150,jan-p01-t1k,26,26,0.07910
sd05-b150,jan-p01-t1k,33,24,0.09640
sd05-b150,jan-p01-t1k,42,22,0.11690
sd05-b150,jan-p01-t1k,54,21,0.14300
sd05-b150,jan-p01-t1k,70,20,0.17600
sd05-b150,jan-p01-t1k,90,18,0.21380
sd05-b150,jan-p01-t1k,115,17,0.25740
sd05-b150,jan-p01-t1k,148,15,0.31090
sd05-b150,jan-p01-t1k,190,14,0.37250
sd05-b150,jan-p01-t1k,244,12,0.44290
sd05-b150,jan-p01-t1k,313,11,0.52170
sd05-b150,jan-p01-t1k,402,9,0.60830
sd05-b150,jan-p01-t1k,515,7,0.70060
sd05-b150,jan-p01-t1k,662,6,0.79580
sd05-b150,jan-p01-t1k,849,4,0.88380
sd05-b150,jan-p01-t1k,1091,2,0.95810
sd05-b150,jan-p01-t1k,1400,1,1.00000
sd05-b150,jan-p10-t1k,1,66,0.00066
sd05-b150,jan-p10-t1k,2,61,0.00127
sd05-b150,jan-p10-t1k,3,54,0.00181
sd05-b150,jan-p10-t1k,4,53,0.00234
sd05-b150,jan-p10-t1k,5,51,0.00285
sd05-b150,jan-p10-t1k,7,50,0.00386
sd05-b150,jan-p10-t1k,10,49,0.00533
sd05-b150,jan-p10-t1k,14,48,0.00727
sd05-b150,jan-p10-t1k,19,46,0.00960
sd05-b150,jan-p10-t1k,26,43,0.01266
sd05-b150,jan-p10-t1k,36,40,0.01682
sd05-b150,jan-p10-t1k,50,38,0.02228
sd05-b150,jan-p10-t1k,69,36,0.02922
sd05-b150,jan-p10-t1k,96,34,0.03868
sd05-b150,jan-p10-t1k,133,32,0.05096
sd05-b150,jan-p10-t1k,184,30,0.06692
sd05-b150,jan-p10-t1k,254,28,0.08740
sd05-b150,jan-p10-t1k,352,26,0.11396
sd05-b150,jan-p10-t1k,488,24,0.14782
sd05-b150,jan-p10-t1k,676,21,0.19019
sd05-b150,jan-p10-t1k,936,19,0.24310
sd05-b150,jan-p10-t1k,1297,17,0.30862
sd05-b150,jan-p10-t1k,1797,15,0.38869
sd05-b150,jan-p10-t1k,2489,13,0.48345
sd05-b150,jan-p10-t1k,3447,10,0.59204
sd05-b150,jan-p10-t1k,4775,8,0.71194
sd05-b150,jan-p10-t1k,6614,5,0.83427
sd05-b150,jan-p10-t1k,9161,3,0.93912
sd05-b150,jan-p10-t1k,12689,1,1.00000
sd05-b150,jan-p20-t1k,1,67,0.00034
sd05-b150,jan-p20-t1k,2,67,0.00067
sd05-b150,jan-p20-t1k,3,67,0.00101
sd05-b150,jan-p20-t1k,4,66,0.00134
sd05-b150,jan-p20-t1k,6,63,0.00198
sd05-b150,jan-p20-t1k,8,62,0.00260
sd05-b150,jan-p20-t1k,11,61,0.00352
sd05-b150,jan-p20-t1k,16,60,0.00504
sd05-b150,jan-p20-t1k,22,58,0.00681
sd05-b150,jan-p20-t1k,32,54,0.00958
sd05-b150,jan-p20-t1k,45,50,0.01295
sd05-b150,jan-p20-t1k,63,47,0.01730
sd05-b150,jan-p20-t1k,89,44,0.02319
sd05-b150,jan-p20-t1k,126,42,0.03116
sd05-b150,jan-p20-t1k,178,39,0.04173
sd05-b150,jan-p20-t1k,251,37,0.05559
sd05-b150,jan-p20-t1k,355,34,0.07391
sd05-b150,jan-p20-t1k,501,32,0.09791
sd05-b150,jan-p20-t1k,708,29,0.12903
sd05-b150,jan-p20-t1k,1000,26,0.16919
sd05-b150,jan-p20-t1k,1413,23,0.22023
sd05-b150,jan-p20-t1k,1996,21,0.28403
sd05-b150,jan-p20-t1k,2819,18,0.36236
sd05-b150,jan-p20-t1k,3982,15,0.45798
sd05-b150,jan-p20-t1k,5624,12,0.56924
sd05-b150,jan-p20-t1k,7944,9,0.69408
sd05-b150,jan-p20-t1k,11222,6,0.82325
sd05-b150,jan-p20-t1k,15852,4,0.93715
sd05-b150,jan-p20-t1k,22391,1,1.00000
sd05-b150,jan-p01-t10k,1,76,0.00760
sd05-b150,jan-p01-t10k,2,64,0.01400
sd05-b150,jan-p01-t10k,3,57,0.01970
sd05-b150,jan-p01-t10k,4,57,0.02540
sd05-b150,jan-p01-t10k,5,54,0.03080
sd05-b150,jan-p01-t10k,6,54,0.03620
sd05-b150,jan-p01-t10k,8,52,0.04660
sd05-b150,jan-p01-t10k,10,48,0.05640
sd05-b150,jan-p01-t10k,13,45,0.07020
sd05-b150,jan-p01-t10k,16,45,0.08370
sd05-b150,jan-p01-t10k,21,41,0.10490
sd05-b150,jan-p01-t10k,26,38,0.12440
sd05-b150,jan-p01-t10k,33,35,0.14970
sd05-b150,jan-p01-t10k,42,33,0.18030
sd05-b150,jan-p01-t10k,52,31,0.21210
sd05-b150,jan-p01-t10k,66,28,0.25250
sd05-b150,jan-p01-t10k,84,26,0.30000
sd05-b150,jan-p01-t10k,106,24,0.35420
sd05-b150,jan-p01-t10k,133,22,0.41540
sd05-b150,jan-p01-t10k,168,19,0.48530
sd05-b150,jan-p01-t10k,212,16,0.56190
sd05-b150,jan-p01-t10k,268,14,0.64700
sd05-b150,jan-p01-t10k,338,11,0.73450
sd05-b150,jan-p01-t10k,427,9,0.82310
sd05-b150,jan-p01-t10k,539,6,0.90430
sd05-b150,jan-p01-t10k,680,3,0.96820
sd05-b150,jan-p01-t10k,859,1,1.00000
sd05-b150,jan-p10-t10k,1,93,0.00093
sd05-b150,jan-p10-t10k,2,89,0.00182
sd05-b150,jan-p10-t10k,3,87,0.00269
sd05-b150,jan-p10-t10k,5,76,0.00427
sd05-b150,jan-p10-t10k,6,76,0.00503
sd05-b150,jan-p10-t10k,9,73,0.00724
sd05-b150,jan-p10-t10k,12,71,0.00941
sd05-b150,jan-p10-t10k,16,70,0.01223
sd05-b150,jan-p10-t10k,22,65,0.01623
sd05-b150,jan-p10-t10k,31,62,0.02201
sd05-b150,jan-p10-t10k,42,58,0.02855
sd05-b150,jan-p10-t10k,57,54,0.03692
sd05-b150,jan-p10-t10k,78,52,0.04801
sd05-b150,jan-p10-t10k,106,48,0.06201
sd05-b150,jan-p10-t10k,145,46,0.08036
sd05-b150,jan-p10-t10k,198,43,0.10377
sd05-b150,jan-p10-t10k,271,39,0.13358
sd05-b150,jan-p10-t10k,370,36,0.17075
sd05-b150,jan-p10-t10k,505,33,0.21718
sd05-b150,jan-p10-t10k,689,29,0.27419
sd05-b150,jan-p10-t10k,940,26,0.34320
sd05-b150,jan-p10-t10k,1284,22,0.42513
sd05-b150,jan-p10-t10k,1752,18,0.52031
sd05-b150,jan-p10-t10k,2392,15,0.62593
sd05-b150,jan-p10-t10k,3265,11,0.74034
sd05-b150,jan-p10-t10k,4457,8,0.85370
sd05-b150,jan-p10-t10k,6085,4,0.94880
sd05-b150,jan-p10-t10k,8306,1,1.00000
sd05-b150,jan-p20-t10k,1,119,0.00060
sd05-b150,jan-p20-t10k,2,108,0.00113
sd05-b150,jan-p20-t10k,3,105,0.00166
sd05-b150,jan-p20-t10k,4,100,0.00216
sd05-b150,jan-p20-t10k,5,97,0.00265
sd05-b150,jan-p20-t10k,7,89,0.00354
sd05-b150,jan-p20-t10k,10,85,0.00484
sd05-b150,jan-p20-t10k,14,82,0.00649
sd05-b150,jan-p20-t10k,20,78,0.00887
sd05-b150,jan-p20-t10k,28,75,0.01192
sd05-b150,jan-p20-t10k,39,73,0.01595
sd05-b150,jan-p20-t10k,55,67,0.02153
sd05-b150,jan-p20-t10k,76,63,0.02838
sd05-b150,jan-p20-t10k,106,60,0.03757
sd05-b150,jan-p20-t10k,149,56,0.04992
sd05-b150,jan-p20-t10k,207,52,0.06541
sd05-b150,jan-p20-t10k,289,48,0.08575
sd05-b150,jan-p20-t10k,404,44,0.11210
sd05-b150,jan-p20-t10k,564,40,0.14579
sd05-b150,jan-p20-t10k,787,37,0.18851
sd05-b150,jan-p20-t10k,1098,33,0.24240
sd05-b150,jan-p20-t10k,1532,29,0.30903
sd05-b150,jan-p20-t10k,2138,25,0.39011
sd05-b150,jan-p20-t10k,2985,21,0.48630
sd05-b150,jan-p20-t10k,4166,17,0.59693
sd05-b150,jan-p20-t10k,5814,13,0.71769
sd05-b150,jan-p20-t10k,8114,9,0.83996
sd05-b150,jan-p20-t10k,11325,5,0.94495
sd05-b150,jan-p20-t10k,15806,1,1.00000
sd06-b125,completa,1,207,0.00021
sd06-b125,completa,2,200,0.00041
sd06-b125,completa,3,196,0.00060
sd06-b125,completa,4,195,0.00080
sd06-b125,completa,7,173,0.00135
sd06-b125,completa,9,167,0.00169
sd06-b125,completa,14,159,0.00250
sd06-b125,completa,20,151,0.00342
sd06-b125,completa,29,143,0.00473
sd06-b125,completa,42,135,0.00652
sd06-b125,completa,62,127,0.00913
sd06-b125,completa,90,119,0.01256
sd06-b125,completa,130,111,0.01712
sd06-b125,completa,190,104,0.02359
sd06-b125,completa,276,97,0.03225
sd06-b125,completa,402,91,0.04404
sd06-b125,completa,584,84,0.05993
sd06-b125,completa,850,77,0.08132
sd06-b125,completa,1236,70,0.10948
sd06-b125,completa,1798,63,0.14652
sd06-b125,completa,2615,56,0.19496
sd06-b125,completa,3804,49,0.25746
sd06-b125,completa,5533,42,0.33648
sd06-b125,completa,8049,35,0.43344
sd06-b125,completa,11708,28,0.54873
sd06-b125,completa,17030,21,0.67967
sd06-b125,completa,24772,14,0.81694
sd06-b125,completa,36032,7,0.93792
sd06-b125,completa,52412,1,1.00000
sd06-b125,sis-p01,1,6,0.00060
sd06-b125,sis-p01,2,5,0.00110
sd06-b125,sis-p01,3,5,0.00160
sd06-b125,sis-p01,5,5,0.00260
sd06-b125,sis-p01,7,4,0.00350
sd06-b125,sis-p01,9,4,0.00430
sd06-b125,sis-p01,12,4,0.00550
sd06-b125,sis-p01,17,4,0.00750
sd06-b125,sis-p01,23,4,0.00990
sd06-b125,sis-p01,31,4,0.01310
sd06-b125,sis-p01,42,3,0.01640
sd06-b125,sis-p01,58,3,0.02120
sd06-b125,sis-p01,79,3,0.02750
sd06-b125,sis-p01,108,3,0.03620
sd06-b125,sis-p01,148,3,0.04820
sd06-b125,sis-p01,202,2,0.06289
sd06-b125,sis-p01,276,2,0.07769
sd06-b125,sis-p01,377,2,0.09789
sd06-b125,sis-p01,515,2,0.12549
sd06-b125,sis-p01,703,2,0.16308
sd06-b125,sis-p01,961,2,0.21468
sd06-b125,sis-p01,1313,1,0.27647
sd06-b125,sis-p01,1795,1,0.32467
sd06-b125,sis-p01,2452,1,0.39036
sd06-b125,sis-p01,3351,1,0.48025
sd06-b125,sis-p01,4579,1,0.60304
sd06-b125,sis-p01,6257,1,0.77082
sd06-b125,sis-p01,8549,1,1.00000
sd06-b125,sis-p10,1,23,0.00023
sd06-b125,sis-p10,2,23,0.00046
sd06-b125,sis-p10,3,22,0.00068
sd06-b125,sis-p10,4,22,0.00090
sd06-b125,sis-p10,6,21,0.00133
sd06-b125,sis-p10,9,20,0.00194
sd06-b125,sis-p10,13,18,0.00267
sd06-b125,sis-p10,18,18,0.00357
sd06-b125,sis-p10,26,17,0.00494
sd06-b125,sis-p10,37,16,0.00673
sd06-b125,sis-p10,54,15,0.00937
sd06-b125,sis-p10,77,14,0.01275
sd06-b125,sis-p10,111,13,0.01748
sd06-b125,sis-p10,159,13,0.02372
sd06-b125,sis-p10,228,12,0.03202
sd06-b125,sis-p10,328,11,0.04328
sd06-b125,sis-p10,471,10,0.05824
sd06-b125,sis-p10,677,9,0.07813
sd06-b125,sis-p10,972,8,0.10449
sd06-b125,sis-p10,1396,8,0.13841
sd06-b125,sis-p10,2005,7,0.18287
sd06-b125,sis-p10,2880,6,0.23992
sd06-b125,sis-p10,4137,5,0.31201
sd06-b125,sis-p10,5942,4,0.40223
sd06-b125,sis-p10,8535,4,0.50594
sd06-b125,sis-p10,12258,3,0.62543
sd06-b125,sis-p10,17607,2,0.75714
sd06-b125,sis-p10,25288,1,0.88966
sd06-b125,sis-p10,36322,1,1.00000
sd06-b125,sis-p20,1,47,0.00023
sd06-b125,sis-p20,2,46,0.00046
sd06-b125,sis-p20,3,42,0.00067
sd06-b125,sis-p20,4,39,0.00087
sd06-b125,sis-p20,6,37,0.00124
sd06-b125,sis-p20,9,35,0.00177
sd06-b125,sis-p20,13,34,0.00247
sd06-b125,sis-p20,19,33,0.00347
sd06-b125,sis-p20,28,30,0.00488
sd06-b125,sis-p20,40,28,0.00662
sd06-b125,sis-p20,58,27,0.00910
sd06-b125,sis-p20,83,26,0.01238
sd06-b125,sis-p20,121,24,0.01710
sd06-b125,sis-p20,175,23,0.02340
sd06-b125,sis-p20,252,21,0.03180
sd06-b125,sis-p20,365,20,0.04333
sd06-b125,sis-p20,528,18,0.05879
sd06-b125,sis-p20,763,17,0.07928
sd06-b125,sis-p20,1103,15,0.10647
sd06-b125,sis-p20,1595,14,0.14212
sd06-b125,sis-p20,2306,12,0.18872
sd06-b125,sis-p20,3334,11,0.24791
sd06-b125,sis-p20,4820,9,0.32297
sd06-b125,sis-p20,6970,8,0.41508
sd06-b125,sis-p20,10077,6,0.52669
sd06-b125,sis-p20,14571,5,0.65241
sd06-b125,sis-p20,21068,3,0.79004
sd06-b125,sis-p20,30462,2,0.91278
sd06-b125,sis-p20,44044,1,1.00000
sd06-b125,jan-p01-t1k,1,31,0.00310
sd06-b125,jan-p01-t1k,2,25,0.00560
sd06-b125,jan-p01-t1k,3,25,0.00810
sd06-b125,jan-p01-t1k,4,19,0.01000
sd06-b125,jan-p01-t1k,5,19,0.01190
sd06-b125,jan-p01-t1k,7,18,0.01560
sd06-b125,jan-p01-t1k,9,18,0.01920
sd06-b125,jan-p01-t1k,11,17,0.02270
sd06-b125,jan-p01-t1k,15,17,0.02950
sd06-b125,jan-p01-t1k,19,16,0.03610
sd06-b125,jan-p01-t1k,25,16,0.04570
sd06-b125,jan-p01-t1k,33,15,0.05820
sd06-b125,jan-p01-t1k,43,14,0.07310
sd06-b125,jan-p01-t1k,56,13,0.09120
sd06-b125,jan-p01-t1k,74,13,0.11460
sd06-b125,jan-p01-t1k,97,12,0.14220
sd06-b125,jan-p01-t1k,126,11,0.17440
sd06-b125,jan-p01-t1k,165,10,0.21460
sd06-b125,jan-p01-t1k,216,9,0.26310
sd06-b125,jan-p01-t1k,283,8,0.32160
sd06-b125,jan-p01-t1k,371,7,0.39080
sd06-b125,jan-p01-t1k,485,6,0.46950
sd06-b125,jan-p01-t1k,635,5,0.55860
sd06-b125,jan-p01-t1k,830,4,0.65400
sd06-b125,jan-p01-t1k,1086,3,0.75520
sd06-b125,jan-p01-t1k,1422,2,0.85490
sd06-b125,jan-p01-t1k,1860,2,0.94250
sd06-b125,jan-p01-t1k,2434,1,1.00000
sd06-b125,jan-p10-t1k,1,51,0.00051
sd06-b125,jan-p10-t1k,2,45,0.00096
sd06-b125,jan-p10-t1k,3,43,0.00139
sd06-b125,jan-p10-t1k,4,41,0.00180
sd06-b125,jan-p10-t1k,5,39,0.00219
sd06-b125,jan-p10-t1k,8,37,0.00332
sd06-b125,jan-p10-t1k,11,36,0.00441
sd06-b125,jan-p10-t1k,15,34,0.00577
sd06-b125,jan-p10-t1k,21,31,0.00768
sd06-b125,jan-p10-t1k,30,30,0.01039
sd06-b125,jan-p10-t1k,42,28,0.01389
sd06-b125,jan-p10-t1k,59,27,0.01863
sd06-b125,jan-p10-t1k,83,25,0.02494
sd06-b125,jan-p10-t1k,116,24,0.03299
sd06-b125,jan-p10-t1k,163,22,0.04389
sd06-b125,jan-p10-t1k,229,21,0.05810
sd06-b125,jan-p10-t1k,321,19,0.07642
sd06-b125,jan-p10-t1k,451,18,0.10049
sd06-b125,jan-p10-t1k,634,16,0.13159
sd06-b125,jan-p10-t1k,890,15,0.17127
sd06-b125,jan-p10-t1k,1250,13,0.22128
sd06-b125,jan-p10-t1k,1756,12,0.28417
sd06-b125,jan-p10-t1k,2466,10,0.36132
sd06-b125,jan-p10-t1k,3463,9,0.45491
sd06-b125,jan-p10-t1k,4864,7,0.56380
sd06-b125,jan-p10-t1k,6831,5,0.68711
sd06-b125,jan-p10-t1k,9593,4,0.81290
sd06-b125,jan-p10-t1k,13472,2,0.92659
sd06-b125,jan-p10-t1k,18919,1,1.00000
sd06-b125,jan-p20-t1k,1,69,0.00034
sd06-b125,jan-p20-t1k,2,67,0.00068
sd06-b125,jan-p20-t1k,3,62,0.00099
sd06-b125,jan-p20-t1k,4,60,0.00129
sd06-b125,jan-p20-t1k,6,56,0.00186
sd06-b125,jan-p20-t1k,8,54,0.00240
sd06-b125,jan-p20-t1k,12,51,0.00343
sd06-b125,jan-p20-t1k,17,46,0.00462
sd06-b125,jan-p20-t1k,25,44,0.00640
sd06-b125,jan-p20-t1k,35,42,0.00853
sd06-b125,jan-p20-t1k,50,39,0.01153
sd06-b125,jan-p20-t1k,71,37,0.01554
sd06-b125,jan-p20-t1k,102,35,0.02113
sd06-b125,jan-p20-t1k,145,33,0.02848
sd06-b125,jan-p20-t1k,207,31,0.03833
sd06-b125,jan-p20-t1k,295,29,0.05135
sd06-b125,jan-p20-t1k,421,27,0.06871
sd06-b125,jan-p20-t1k,600,24,0.09122
sd06-b125,jan-p20-t1k,856,22,0.12065
sd06-b125,jan-p20-t1k,1222,20,0.15859
sd06-b125,jan-p20-t1k,1743,18,0.20719
sd06-b125,jan-p20-t1k,2487,16,0.26893
sd06-b125,jan-p20-t1k,3549,14,0.34604
sd06-b125,jan-p20-t1k,5064,11,0.44011
sd06-b125,jan-p20-t1k,7225,9,0.55092
sd06-b125,jan-p20-t1k,10308,7,0.67627
sd06-b125,jan-p20-t1k,14707,5,0.80794
sd06-b125,jan-p20-t1k,20983,3,0.92795
sd06-b125,jan-p20-t1k,29938,1,1.00000
sd06-b125,jan-p01-t10k,1,48,0.00480
sd06-b125,jan-p01-t10k,2,36,0.00840
sd06-b125,jan-p01-t10k,3,34,0.01180
sd06-b125,jan-p01-t10k,4,34,0.01520
sd06-b125,jan-p01-t10k,5,32,0.01840
sd06-b125,jan-p01-t10k,6,31,0.02150
sd06-b125,jan-p01-t10k,7,29,0.02440
sd06-b125,jan-p01-t10k,10,28,0.03300
sd06-b125,jan-p01-t10k,12,28,0.03860
sd06-b125,jan-p01-t10k,16,27,0.04940
sd06-b125,jan-p01-t10k,20,25,0.05960
sd06-b125,jan-p01-t10k,26,24,0.07410
sd06-b125,jan-p01-t10k,34,23,0.09270
sd06-b125,jan-p01-t10k,43,22,0.11300
sd06-b125,jan-p01-t10k,56,21,0.14050
sd06-b125,jan-p01-t10k,71,20,0.17070
sd06-b125,jan-p01-t10k,92,18,0.21060
sd06-b125,jan-p01-t10k,118,17,0.25610
sd06-b125,jan-p01-t10k,152,15,0.31000
sd06-b125,jan-p01-t10k,195,13,0.37000
sd06-b125,jan-p01-t10k,251,12,0.43950
sd06-b125,jan-p01-t10k,322,10,0.51630
sd06-b125,jan-p01-t10k,415,9,0.60350
sd06-b125,jan-p01-t10k,533,7,0.69240
sd06-b125,jan-p01-t10k,685,5,0.78540
sd06-b125,jan-p01-t10k,881,4,0.87520
sd06-b125,jan-p01-t10k,1132,2,0.95380
sd06-b125,jan-p01-t10k,1455,1,1.00000
sd06-b125,jan-p10-t10k,1,58,0.00058
sd06-b125,jan-p10-t10k,2,53,0.00111
sd06-b125,jan-p10-t10k,3,53,0.00164
sd06-b125,jan-p10-t10k,4,48,0.00212
sd06-b125,jan-p10-t10k,5,48,0.00260
sd06-b125,jan-p10-t10k,7,48,0.00356
sd06-b125,jan-p10-t10k,10,47,0.00497
sd06-b125,jan-p10-t10k,14,44,0.00675
sd06-b125,jan-p10-t10k,19,43,0.00891
sd06-b125,jan-p10-t10k,26,42,0.01186
sd06-b125,jan-p10-t10k,37,40,0.01632
sd06-b125,jan-p10-t10k,51,38,0.02171
sd06-b125,jan-p10-t10k,70,35,0.02855
sd06-b125,jan-p10-t10k,98,33,0.03798
sd06-b125,jan-p10-t10k,135,31,0.04983
sd06-b125,jan-p10-t10k,188,29,0.06554
sd06-b125,jan-p10-t10k,260,27,0.08569
sd06-b125,jan-p10-t10k,361,25,0.11191
sd06-b125,jan-p10-t10k,501,23,0.14551
sd06-b125,jan-p10-t10k,695,21,0.18816
sd06-b125,jan-p10-t10k,964,19,0.24158
sd06-b125,jan-p10-t10k,1337,17,0.30772
sd06-b125,jan-p10-t10k,1855,14,0.38768
sd06-b125,jan-p10-t10k,2573,12,0.48280
sd06-b125,jan-p10-t10k,3568,10,0.59169
sd06-b125,jan-p10-t10k,4950,8,0.71191
sd06-b125,jan-p10-t10k,6865,5,0.83266
sd06-b125,jan-p10-t10k,9523,3,0.93874
sd06-b125,jan-p10-t10k,13209,1,1.00000
sd06-b125,jan-p20-t10k,1,92,0.00046
sd06-b125,jan-p20-t10k,2,84,0.00088
sd06-b125,jan-p20-t10k,3,72,0.00124
sd06-b125,jan-p20-t10k,4,67,0.00158
sd06-b125,jan-p20-t10k,6,65,0.00223
sd06-b125,jan-p20-t10k,8,63,0.00286
sd06-b125,jan-p20-t10k,11,60,0.00378
sd06-b125,jan-p20-t10k,16,58,0.00525
sd06-b125,jan-p20-t10k,23,53,0.00715
sd06-b125,jan-p20-t10k,32,48,0.00939
sd06-b125,jan-p20-t10k,45,47,0.01246
sd06-b125,jan-p20-t10k,64,45,0.01678
sd06-b125,jan-p20-t10k,91,42,0.02262
sd06-b125,jan-p20-t10k,128,40,0.03021
sd06-b125,jan-p20-t10k,181,37,0.04045
sd06-b125,jan-p20-t10k,256,35,0.05408
sd06-b125,jan-p20-t10k,362,33,0.07216
sd06-b125,jan-p20-t10k,512,31,0.09594
sd06-b125,jan-p20-t10k,724,28,0.12674
sd06-b125,jan-p20-t10k,1025,25,0.16672
sd06-b125,jan-p20-t10k,1449,23,0.21749
sd06-b125,jan-p20-t10k,2049,20,0.28125
sd06-b125,jan-p20-t10k,2898,17,0.36031
sd06-b125,jan-p20-t10k,4099,15,0.45586
sd06-b125,jan-p20-t10k,5796,12,0.56750
sd06-b125,jan-p20-t10k,8198,9,0.69206
sd06-b125,jan-p20-t10k,11593,6,0.82081
sd06-b125,jan-p20-t10k,16396,3,0.93590
sd06-b125,jan-p20-t10k,23188,1,1.00000
sd07-b100,completa,1,176,0.00018
sd07-b100,completa,2,175,0.00035
sd07-b100,completa,3,171,0.00052
sd07-b100,completa,5,154,0.00084
sd07-b100,completa,7,149,0.00114
sd07-b100,completa,10,146,0.00158
sd07-b100,completa,14,140,0.00215
sd07-b100,completa,20,132,0.00297
sd07-b100,completa,30,126,0.00426
sd07-b100,completa,43,122,0.00587
sd07-b100,completa,63,117,0.00826
sd07-b100,completa,91,111,0.01144
sd07-b100,completa,133,104,0.01594
sd07-b100,completa,194,97,0.02202
sd07-b100,completa,283,91,0.03037
sd07-b100,completa,412,85,0.04170
sd07-b100,completa,600,79,0.05706
sd07-b100,completa,874,73,0.07779
sd07-b100,completa,1273,67,0.10551
sd07-b100,completa,1855,60,0.14217
sd07-b100,completa,2703,53,0.19003
sd07-b100,completa,3938,47,0.25160
sd07-b100,completa,5737,40,0.32964
sd07-b100,completa,8358,34,0.42631
sd07-b100,completa,12176,27,0.54213
sd07-b100,completa,17739,21,0.67453
sd07-b100,completa,25844,14,0.81347
sd07-b100,completa,37651,7,0.93642
sd07-b100,completa,54852,1,1.00000
sd07-b100,sis-p01,1,5,0.00050
sd07-b100,sis-p01,2,4,0.00090
sd07-b100,sis-p01,3,4,0.00130
sd07-b100,sis-p01,5,4,0.00210
sd07-b100,sis-p01,7,4,0.00290
sd07-b100,sis-p01,9,4,0.00370
sd07-b100,sis-p01,12,4,0.00490
sd07-b100,sis-p01,17,4,0.00690
sd07-b100,sis-p01,23,4,0.00930
sd07-b100,sis-p01,31,3,0.01210
sd07-b100,sis-p01,42,3,0.01540
sd07-b100,sis-p01,58,3,0.02020
sd07-b100,sis-p01,79,3,0.02650
sd07-b100,sis-p01,108,3,0.03520
sd07-b100,sis-p01,148,3,0.04720
sd07-b100,sis-p01,202,2,0.06039
sd07-b100,sis-p01,277,2,0.07539
sd07-b100,sis-p01,378,2,0.09559
sd07-b100,sis-p01,517,2,0.12339
sd07-b100,sis-p01,706,2,0.16118
sd07-b100,sis-p01,965,2,0.21298
sd07-b100,sis-p01,1319,1,0.27257
sd07-b100,sis-p01,1803,1,0.32097
sd07-b100,sis-p01,2463,1,0.38696
sd07-b100,sis-p01,3367,1,0.47735
sd07-b100,sis-p01,4601,1,0.60074
sd07-b100,sis-p01,6288,1,0.76942
sd07-b100,sis-p01,8594,1,1.00000
sd07-b100,sis-p10,1,22,0.00022
sd07-b100,sis-p10,2,19,0.00041
sd07-b100,sis-p10,3,19,0.00060
sd07-b100,sis-p10,4,19,0.00079
sd07-b100,sis-p10,6,18,0.00115
sd07-b100,sis-p10,9,17,0.00168
sd07-b100,sis-p10,13,17,0.00236
sd07-b100,sis-p10,18,16,0.00316
sd07-b100,sis-p10,26,15,0.00443
sd07-b100,sis-p10,38,15,0.00623
sd07-b100,sis-p10,54,14,0.00857
sd07-b100,sis-p10,78,14,0.01193
sd07-b100,sis-p10,112,13,0.01638
sd07-b100,sis-p10,161,12,0.02248
sd07-b100,sis-p10,231,11,0.03076
sd07-b100,sis-p10,333,11,0.04198
sd07-b100,sis-p10,478,10,0.05675
sd07-b100,sis-p10,687,9,0.07652
sd07-b100,sis-p10,988,8,0.10249
sd07-b100,sis-p10,1421,7,0.13692
sd07-b100,sis-p10,2042,7,0.18039
sd07-b100,sis-p10,2936,6,0.23621
sd07-b100,sis-p10,4220,5,0.30699
sd07-b100,sis-p10,6066,4,0.39608
sd07-b100,sis-p10,8721,4,0.50227
sd07-b100,sis-p10,12537,3,0.62167
sd07-b100,sis-p10,18022,2,0.75355
sd07-b100,sis-p10,25907,1,0.88664
sd07-b100,sis-p10,37243,1,1.00000
sd07-b100,sis-p20,1,41,0.00020
sd07-b100,sis-p20,2,39,0.00040
sd07-b100,sis-p20,3,37,0.00058
sd07-b100,sis-p20,4,35,0.00076
sd07-b100,sis-p20,6,34,0.00110
sd07-b100,sis-p20,9,32,0.00158
sd07-b100,sis-p20,13,31,0.00222
sd07-b100,sis-p20,19,30,0.00312
sd07-b100,sis-p20,28,28,0.00443
sd07-b100,sis-p20,40,27,0.00610
sd07-b100,sis-p20,58,26,0.00852
sd07-b100,sis-p20,85,25,0.01194
sd07-b100,sis-p20,122,23,0.01634
sd07-b100,sis-p20,177,21,0.02243
sd07-b100,sis-p20,256,20,0.03058
sd07-b100,sis-p20,371,19,0.04174
sd07-b100,sis-p20,537,17,0.05676
sd07-b100,sis-p20,778,16,0.07677
sd07-b100,sis-p20,1126,15,0.10338
sd07-b100,sis-p20,1629,13,0.13826
sd07-b100,sis-p20,2359,12,0.18393
sd07-b100,sis-p20,3414,11,0.24338
sd07-b100,sis-p20,4942,9,0.31796
sd07-b100,sis-p20,7153,8,0.41090
sd07-b100,sis-p20,10353,6,0.52127
sd07-b100,sis-p20,14985,5,0.64830
sd07-b100,sis-p20,21691,3,0.78608
sd07-b100,sis-p20,31396,2,0.91104
sd07-b100,sis-p20,45444,1,1.00000
sd07-b100,jan-p01-t1k,1,14,0.00140
sd07-b100,jan-p01-t1k,2,14,0.00280
sd07-b100,jan-p01-t1k,3,14,0.00420
sd07-b100,jan-p01-t1k,4,14,0.00560
sd07-b100,jan-p01-t1k,6,12,0.00810
sd07-b100,jan-p01-t1k,8,11,0.01040
sd07-b100,jan-p01-t1k,10,11,0.01260
sd07-b100,jan-p01-t1k,13,11,0.01590
sd07-b100,jan-p01-t1k,18,10,0.02100
sd07-b100,jan-p01-t1k,24,10,0.02700
sd07-b100,jan-p01-t1k,32,9,0.03440
sd07-b100,jan-p01-t1k,42,9,0.04340
sd07-b100,jan-p01-t1k,56,8,0.05490
sd07-b100,jan-p01-t1k,75,8,0.07010
sd07-b100,jan-p01-t1k,100,7,0.08860
sd07-b100,jan-p01-t1k,134,7,0.11240
sd07-b100,jan-p01-t1k,178,6,0.14040
sd07-b100,jan-p01-t1k,238,6,0.17640
sd07-b100,jan-p01-t1k,317,5,0.21840
sd07-b100,jan-p01-t1k,422,5,0.27090
sd07-b100,jan-p01-t1k,563,4,0.33140
sd07-b100,jan-p01-t1k,751,4,0.40660
sd07-b100,jan-p01-t1k,1002,3,0.48760
sd07-b100,jan-p01-t1k,1336,3,0.58780
sd07-b100,jan-p01-t1k,1782,2,0.68610
sd07-b100,jan-p01-t1k,2377,2,0.80510
sd07-b100,jan-p01-t1k,3170,1,0.89430
sd07-b100,jan-p01-t1k,4227,1,1.00000
sd07-b100,jan-p10-t1k,1,32,0.00032
sd07-b100,jan-p10-t1k,2,32,0.00064
sd07-b100,jan-p10-t1k,3,30,0.00094
sd07-b100,jan-p10-t1k,4,28,0.00122
sd07-b100,jan-p10-t1k,6,26,0.00174
sd07-b100,jan-p10-t1k,8,25,0.00224
sd07-b100,jan-p10-t1k,12,25,0.00324
sd07-b100,jan-p10-t1k,17,24,0.00446
sd07-b100,jan-p10-t1k,24,23,0.00612
sd07-b100,jan-p10-t1k,34,21,0.00832
sd07-b100,jan-p10-t1k,48,20,0.01120
sd07-b100,jan-p10-t1k,68,19,0.01513
sd07-b100,jan-p10-t1k,97,18,0.02044
sd07-b100,jan-p10-t1k,138,17,0.02749
sd07-b100,jan-p10-t1k,195,16,0.03683
sd07-b100,jan-p10-t1k,278,15,0.04941
sd07-b100,jan-p10-t1k,395,14,0.06596
sd07-b100,jan-p10-t1k,561,13,0.08786
sd07-b100,jan-p10-t1k,798,12,0.11665
sd07-b100,jan-p10-t1k,1134,11,0.15382
sd07-b100,jan-p10-t1k,1612,9,0.20121
sd07-b100,jan-p10-t1k,2292,8,0.26030
sd07-b100,jan-p10-t1k,3258,7,0.33416
sd07-b100,jan-p10-t1k,4631,6,0.42442
sd07-b100,jan-p10-t1k,6583,5,0.53228
sd07-b100,jan-p10-t1k,9358,4,0.65486
sd07-b100,jan-p10-t1k,13302,3,0.78612
sd07-b100,jan-p10-t1k,18908,2,0.91107
sd07-b100,jan-p10-t1k,26877,1,1.00000
sd07-b100,jan-p20-t1k,1,58,0.00029
sd07-b100,jan-p20-t1k,2,48,0.00053
sd07-b100,jan-p20-t1k,3,45,0.00076
sd07-b100,jan-p20-t1k,4,43,0.00097
sd07-b100,jan-p20-t1k,6,42,0.00139
sd07-b100,jan-p20-t1k,9,39,0.00198
sd07-b100,jan-p20-t1k,13,37,0.00272
sd07-b100,jan-p20-t1k,18,36,0.00363
sd07-b100,jan-p20-t1k,26,34,0.00502
sd07-b100,jan-p20-t1k,38,32,0.00701
sd07-b100,jan-p20-t1k,55,30,0.00968
sd07-b100,jan-p20-t1k,79,29,0.01322
sd07-b100,jan-p20-t1k,113,27,0.01794
sd07-b100,jan-p20-t1k,163,25,0.02451
sd07-b100,jan-p20-t1k,234,24,0.03324
sd07-b100,jan-p20-t1k,336,22,0.04510
sd07-b100,jan-p20-t1k,484,21,0.06098
sd07-b100,jan-p20-t1k,696,19,0.08181
sd07-b100,jan-p20-t1k,1002,17,0.10966
sd07-b100,jan-p20-t1k,1441,16,0.14596
sd07-b100,jan-p20-t1k,2073,14,0.19329
sd07-b100,jan-p20-t1k,2982,13,0.25417
sd07-b100,jan-p20-t1k,4290,11,0.33005
sd07-b100,jan-p20-t1k,6171,9,0.42314
sd07-b100,jan-p20-t1k,8878,7,0.53455
sd07-b100,jan-p20-t1k,12771,6,0.66076
sd07-b100,jan-p20-t1k,18373,4,0.79445
sd07-b100,jan-p20-t1k,26430,2,0.91915
sd07-b100,jan-p20-t1k,38022,1,1.00000
sd07-b100,jan-p01-t10k,1,24,0.00240
sd07-b100,jan-p01-t10k,2,22,0.00460
sd07-b100,jan-p01-t10k,3,21,0.00670
sd07-b100,jan-p01-t10k,4,21,0.00880
sd07-b100,jan-p01-t10k,5,19,0.01070
sd07-b100,jan-p01-t10k,7,19,0.01450
sd07-b100,jan-p01-t10k,9,18,0.01810
sd07-b100,jan-p01-t10k,12,17,0.02340
sd07-b100,jan-p01-t10k,15,16,0.02820
sd07-b100,jan-p01-t10k,20,16,0.03620
sd07-b100,jan-p01-t10k,26,15,0.04530
sd07-b100,jan-p01-t10k,34,14,0.05690
sd07-b100,jan-p01-t10k,45,13,0.07160
sd07-b100,jan-p01-t10k,59,12,0.08840
sd07-b100,jan-p01-t10k,77,11,0.10940
sd07-b100,jan-p01-t10k,101,11,0.13580
sd07-b100,jan-p01-t10k,133,10,0.16840
sd07-b100,jan-p01-t10k,174,9,0.20800
sd07-b100,jan-p01-t10k,228,8,0.25580
sd07-b100,jan-p01-t10k,299,8,0.31260
sd07-b100,jan-p01-t10k,392,7,0.37860
sd07-b100,jan-p01-t10k,515,6,0.45620
sd07-b100,jan-p01-t10k,675,5,0.54280
sd07-b100,jan-p01-t10k,886,4,0.63970
sd07-b100,jan-p01-t10k,1163,3,0.74270
sd07-b100,jan-p01-t10k,1525,2,0.84570
sd07-b100,jan-p01-t10k,2001,1,0.93760
sd07-b100,jan-p01-t10k,2625,1,1.00000
sd07-b100,jan-p10-t10k,1,43,0.00043
sd07-b100,jan-p10-t10k,2,39,0.00082
sd07-b100,jan-p10-t10k,3,37,0.00119
sd07-b100,jan-p10-t10k,4,37,0.00156
sd07-b100,jan-p10-t10k,6,36,0.00228
sd07-b100,jan-p10-t10k,8,35,0.00299
sd07-b100,jan-p10-t10k,11,33,0.00401
sd07-b100,jan-p10-t10k,16,30,0.00552
sd07-b100,jan-p10-t10k,22,28,0.00726
sd07-b100,jan-p10-t10k,31,27,0.00970
sd07-b100,jan-p10-t10k,43,26,0.01282
sd07-b100,jan-p10-t10k,61,24,0.01731
sd07-b100,jan-p10-t10k,86,23,0.02324
sd07-b100,jan-p10-t10k,122,22,0.03127
sd07-b100,jan-p10-t10k,171,20,0.04136
sd07-b100,jan-p10-t10k,241,19,0.05499
sd07-b100,jan-p10-t10k,340,17,0.07290
sd07-b100,jan-p10-t10k,479,16,0.09576
sd07-b100,jan-p10-t10k,675,14,0.12542
sd07-b100,jan-p10-t10k,952,13,0.16338
sd07-b100,jan-p10-t10k,1341,12,0.21174
sd07-b100,jan-p10-t10k,1890,11,0.27323
sd07-b100,jan-p10-t10k,2663,9,0.34938
sd07-b100,jan-p10-t10k,3752,8,0.44138
sd07-b100,jan-p10-t10k,5287,6,0.55040
sd07-b100,jan-p10-t10k,7449,5,0.67167
sd07-b100,jan-p10-t10k,10496,4,0.80273
sd07-b100,jan-p10-t10k,14789,2,0.91926
sd07-b100,jan-p10-t10k,20839,1,1.00000
sd07-b100,jan-p20-t10k,1,58,0.00029
sd07-b100,jan-p20-t10k,2,58,0.00058
sd07-b100,jan-p20-t10k,3,55,0.00085
sd07-b100,jan-p20-t10k,4,53,0.00112
sd07-b100,jan-p20-t10k,6,50,0.00163
sd07-b100,jan-p20-t10k,9,45,0.00234
sd07-b100,jan-p20-t10k,12,44,0.00301
sd07-b100,jan-p20-t10k,18,41,0.00428
sd07-b100,jan-p20-t10k,25,40,0.00568
sd07-b100,jan-p20-t10k,36,38,0.00782
sd07-b100,jan-p20-t10k,51,36,0.01059
sd07-b100,jan-p20-t10k,74,34,0.01458
sd07-b100,jan-p20-t10k,105,31,0.01960
sd07-b100,jan-p20-t10k,151,30,0.02659
sd07-b100,jan-p20-t10k,215,28,0.03572
sd07-b100,jan-p20-t10k,308,26,0.04805
sd07-b100,jan-p20-t10k,441,24,0.06452
sd07-b100,jan-p20-t10k,631,22,0.08624
sd07-b100,jan-p20-t10k,902,20,0.11471
sd07-b100,jan-p20-t10k,1291,18,0.15157
sd07-b100,jan-p20-t10k,1847,16,0.19884
sd07-b100,jan-p20-t10k,2643,14,0.25916
sd07-b100,jan-p20-t10k,3781,12,0.33515
sd07-b100,jan-p20-t10k,5409,11,0.42824
sd07-b100,jan-p20-t10k,7739,9,0.53893
sd07-b100,jan-p20-t10k,11073,7,0.66533
sd07-b100,jan-p20-t10k,15842,5,0.79949
sd07-b100,jan-p20-t10k,22664,3,0.92358
sd07-b100,jan-p20-t10k,32426,1,1.00000
sd08-b075,completa,1,155,0.00015
sd08-b075,completa,2,147,0.00030
sd08-b075,completa,3,140,0.00044
sd08-b075,completa,5,137,0.00072
sd08-b075,completa,7,136,0.00099
sd08-b075,completa,10,135,0.00139
sd08-b075,completa,14,131,0.00192
sd08-b075,completa,20,123,0.00268
sd08-b075,completa,30,119,0.00388
sd08-b075,completa,44,115,0.00552
sd08-b075,completa,63,111,0.00766
sd08-b075,completa,93,106,0.01090
sd08-b075,completa,135,100,0.01522
sd08-b075,completa,197,94,0.02125
sd08-b075,completa,287,89,0.02948
sd08-b075,completa,418,83,0.04070
sd08-b075,completa,610,77,0.05604
sd08-b075,completa,890,71,0.07672
sd08-b075,completa,1298,64,0.10426
sd08-b075,completa,1893,58,0.14072
sd08-b075,completa,2760,52,0.18854
sd08-b075,completa,4025,46,0.25038
sd08-b075,completa,5870,40,0.32874
sd08-b075,completa,8560,33,0.42552
sd08-b075,completa,12483,26,0.54136
sd08-b075,completa,18204,20,0.67304
sd08-b075,completa,26548,14,0.81220
sd08-b075,completa,38715,7,0.93571
sd08-b075,completa,56459,1,1.00000
sd08-b075,sis-p01,1,6,0.00060
sd08-b075,sis-p01,2,5,0.00110
sd08-b075,sis-p01,3,5,0.00160
sd08-b075,sis-p01,5,5,0.00260
sd08-b075,sis-p01,7,4,0.00340
sd08-b075,sis-p01,9,4,0.00420
sd08-b075,sis-p01,12,4,0.00540
sd08-b075,sis-p01,17,4,0.00740
sd08-b075,sis-p01,23,4,0.00980
sd08-b075,sis-p01,31,3,0.01240
sd08-b075,sis-p01,42,3,0.01570
sd08-b075,sis-p01,58,3,0.02050
sd08-b075,sis-p01,79,3,0.02680
sd08-b075,sis-p01,108,3,0.03550
sd08-b075,sis-p01,147,3,0.04720
sd08-b075,sis-p01,201,2,0.06079
sd08-b075,sis-p01,275,2,0.07559
sd08-b075,sis-p01,376,2,0.09579
sd08-b075,sis-p01,513,2,0.12319
sd08-b075,sis-p01,701,2,0.16078
sd08-b075,sis-p01,958,2,0.21218
sd08-b075,sis-p01,1308,1,0.28027
sd08-b075,sis-p01,1787,1,0.32817
sd08-b075,sis-p01,2442,1,0.39366
sd08-b075,sis-p01,3336,1,0.48305
sd08-b075,sis-p01,4557,1,0.60514
sd08-b075,sis-p01,6226,1,0.77202
sd08-b075,sis-p01,8506,1,1.00000
sd08-b075,sis-p10,1,21,0.00021
sd08-b075,sis-p10,2,19,0.00040
sd08-b075,sis-p10,3,19,0.00059
sd08-b075,sis-p10,4,19,0.00078
sd08-b075,sis-p10,6,18,0.00114
sd08-b075,sis-p10,9,17,0.00165
sd08-b075,sis-p10,13,16,0.00231
sd08-b075,sis-p10,18,16,0.00311
sd08-b075,sis-p10,26,15,0.00435
sd08-b075,sis-p10,38,14,0.00614
sd08-b075,sis-p10,54,14,0.00838
sd08-b075,sis-p10,78,13,0.01169
sd08-b075,sis-p10,112,13,0.01611
sd08-b075,sis-p10,162,12,0.02214
sd08-b075,sis-p10,232,11,0.03019
sd08-b075,sis-p10,334,10,0.04135
sd08-b075,sis-p10,481,10,0.05605
sd08-b075,sis-p10,691,9,0.07522
sd08-b075,sis-p10,994,8,0.10112
sd08-b075,sis-p10,1429,7,0.13540
sd08-b075,sis-p10,2055,7,0.17922
sd08-b075,sis-p10,2954,6,0.23483
sd08-b075,sis-p10,4248,5,0.30553
sd08-b075,sis-p10,6109,4,0.39444
sd08-b075,sis-p10,8785,4,0.50147
sd08-b075,sis-p10,12632,3,0.62051
sd08-b075,sis-p10,18164,2,0.75193
sd08-b075,sis-p10,26120,1,0.88561
sd08-b075,sis-p10,37559,1,1.00000
sd08-b075,sis-p20,1,36,0.00018
sd08-b075,sis-p20,2,35,0.00035
sd08-b075,sis-p20,3,35,0.00053
sd08-b075,sis-p20,4,33,0.00069
sd08-b075,sis-p20,6,32,0.00102
sd08-b075,sis-p20,9,31,0.00149
sd08-b075,sis-p20,13,29,0.00208
sd08-b075,sis-p20,19,27,0.00291
sd08-b075,sis-p20,28,26,0.00411
sd08-b075,sis-p20,41,25,0.00578
sd08-b075,sis-p20,59,24,0.00801
sd08-b075,sis-p20,85,23,0.01110
sd08-b075,sis-p20,123,22,0.01539
sd08-b075,sis-p20,179,21,0.02141
sd08-b075,sis-p20,259,20,0.02954
sd08-b075,sis-p20,375,19,0.04065
sd08-b075,sis-p20,543,17,0.05550
sd08-b075,sis-p20,786,16,0.07551
sd08-b075,sis-p20,1138,14,0.10213
sd08-b075,sis-p20,1649,13,0.13694
sd08-b075,sis-p20,2388,12,0.18248
sd08-b075,sis-p20,3458,10,0.24113
sd08-b075,sis-p20,5009,9,0.31535
sd08-b075,sis-p20,7254,8,0.40851
sd08-b075,sis-p20,10507,6,0.51863
sd08-b075,sis-p20,15217,5,0.64639
sd08-b075,sis-p20,22038,3,0.78360
sd08-b075,sis-p20,31918,2,0.90938
sd08-b075,sis-p20,46227,1,1.00000
sd08-b075,jan-p01-t1k,1,10,0.00100
sd08-b075,jan-p01-t1k,2,9,0.00190
sd08-b075,jan-p01-t1k,3,9,0.00280
sd08-b075,jan-p01-t1k,5,7,0.00430
sd08-b075,jan-p01-t1k,6,7,0.00500
sd08-b075,jan-p01-t1k,8,7,0.00640
sd08-b075,jan-p01-t1k,11,7,0.00850
sd08-b075,jan-p01-t1k,15,6,0.01110
sd08-b075,jan-p01-t1k,20,6,0.01410
sd08-b075,jan-p01-t1k,27,6,0.01830
sd08-b075,jan-p01-t1k,37,5,0.02420
sd08-b075,jan-p01-t1k,50,5,0.03070
sd08-b075,jan-p01-t1k,68,5,0.03970
sd08-b075,jan-p01-t1k,92,5,0.05170
sd08-b075,jan-p01-t1k,124,4,0.06650
sd08-b075,jan-p01-t1k,167,4,0.08370
sd08-b075,jan-p01-t1k,226,4,0.10730
sd08-b075,jan-p01-t1k,306,4,0.13930
sd08-b075,jan-p01-t1k,413,3,0.17300
sd08-b075,jan-p01-t1k,558,3,0.21650
sd08-b075,jan-p01-t1k,755,3,0.27560
sd08-b075,jan-p01-t1k,1020,2,0.34010
sd08-b075,jan-p01-t1k,1378,2,0.41170
sd08-b075,jan-p01-t1k,1862,2,0.50850
sd08-b075,jan-p01-t1k,2517,1,0.63040
sd08-b075,jan-p01-t1k,3402,1,0.71890
sd08-b075,jan-p01-t1k,4597,1,0.83840
sd08-b075,jan-p01-t1k,6213,1,1.00000
sd08-b075,jan-p10-t1k,1,26,0.00026
sd08-b075,jan-p10-t1k,2,24,0.00050
sd08-b075,jan-p10-t1k,3,23,0.00073
sd08-b075,jan-p10-t1k,4,21,0.00094
sd08-b075,jan-p10-t1k,6,20,0.00134
sd08-b075,jan-p10-t1k,9,20,0.00194
sd08-b075,jan-p10-t1k,12,20,0.00254
sd08-b075,jan-p10-t1k,18,18,0.00367
sd08-b075,jan-p10-t1k,25,18,0.00493
sd08-b075,jan-p10-t1k,36,17,0.00682
sd08-b075,jan-p10-t1k,52,16,0.00938
sd08-b075,jan-p10-t1k,74,15,0.01285
sd08-b075,jan-p10-t1k,106,15,0.01765
sd08-b075,jan-p10-t1k,152,14,0.02412
sd08-b075,jan-p10-t1k,217,13,0.03288
sd08-b075,jan-p10-t1k,311,12,0.04456
sd08-b075,jan-p10-t1k,445,11,0.06011
sd08-b075,jan-p10-t1k,638,10,0.08070
sd08-b075,jan-p10-t1k,913,9,0.10777
sd08-b075,jan-p10-t1k,1306,8,0.14297
sd08-b075,jan-p10-t1k,1870,8,0.18809
sd08-b075,jan-p10-t1k,2677,7,0.24595
sd08-b075,jan-p10-t1k,3833,6,0.31818
sd08-b075,jan-p10-t1k,5487,5,0.40655
sd08-b075,jan-p10-t1k,7854,4,0.51277
sd08-b075,jan-p10-t1k,11244,3,0.63531
sd08-b075,jan-p10-t1k,16096,2,0.76897
sd08-b075,jan-p10-t1k,23042,1,0.90056
sd08-b075,jan-p10-t1k,32986,1,1.00000
sd08-b075,jan-p20-t1k,1,42,0.00021
sd08-b075,jan-p20-t1k,2,38,0.00040
sd08-b075,jan-p20-t1k,3,36,0.00058
sd08-b075,jan-p20-t1k,4,35,0.00076
sd08-b075,jan-p20-t1k,6,34,0.00110
sd08-b075,jan-p20-t1k,9,33,0.00160
sd08-b075,jan-p20-t1k,13,32,0.00225
sd08-b075,jan-p20-t1k,19,31,0.00319
sd08-b075,jan-p20-t1k,27,29,0.00436
sd08-b075,jan-p20-t1k,40,28,0.00620
sd08-b075,jan-p20-t1k,57,27,0.00851
sd08-b075,jan-p20-t1k,83,25,0.01184
sd08-b075,jan-p20-t1k,120,24,0.01639
sd08-b075,jan-p20-t1k,173,23,0.02255
sd08-b075,jan-p20-t1k,250,21,0.03097
sd08-b075,jan-p20-t1k,361,20,0.04238
sd08-b075,jan-p20-t1k,522,19,0.05790
sd08-b075,jan-p20-t1k,755,17,0.07852
sd08-b075,jan-p20-t1k,1091,16,0.10595
sd08-b075,jan-p20-t1k,1576,14,0.14169
sd08-b075,jan-p20-t1k,2278,13,0.18863
sd08-b075,jan-p20-t1k,3291,11,0.24818
sd08-b075,jan-p20-t1k,4756,10,0.32399
sd08-b075,jan-p20-t1k,6873,8,0.41602
sd08-b075,jan-p20-t1k,9932,7,0.52814
sd08-b075,jan-p20-t1k,14352,5,0.65306
sd08-b075,jan-p20-t1k,20739,4,0.79019
sd08-b075,jan-p20-t1k,29969,2,0.91239
sd08-b075,jan-p20-t1k,43306,1,1.00000
sd08-b075,jan-p01-t10k,1,12,0.00120
sd08-b075,jan-p01-t10k,2,12,0.00240
sd08-b075,jan-p01-t10k,3,11,0.00350
sd08-b075,jan-p01-t10k,4,11,0.00460
sd08-b075,jan-p01-t10k,6,11,0.00680
sd08-b075,jan-p01-t10k,7,11,0.00790
sd08-b075,jan-p01-t10k,10,10,0.01100
sd08-b075,jan-p01-t10k,13,10,0.01400
sd08-b075,jan-p01-t10k,17,10,0.01800
sd08-b075,jan-p01-t10k,23,9,0.02380
sd08-b075,jan-p01-t10k,31,9,0.03100
sd08-b075,jan-p01-t10k,41,9,0.04000
sd08-b075,jan-p01-t10k,55,8,0.05120
sd08-b075,jan-p01-t10k,73,8,0.06560
sd08-b075,jan-p01-t10k,97,7,0.08270
sd08-b075,jan-p01-t10k,129,7,0.10510
sd08-b075,jan-p01-t10k,172,6,0.13330
sd08-b075,jan-p01-t10k,229,6,0.16750
sd08-b075,jan-p01-t10k,305,5,0.21070
sd08-b075,jan-p01-t10k,406,5,0.26120
sd08-b075,jan-p01-t10k,540,4,0.32620
sd08-b075,jan-p01-t10k,719,4,0.39780
sd08-b075,jan-p01-t10k,957,3,0.48720
sd08-b075,jan-p01-t10k,1273,3,0.58200
sd08-b075,jan-p01-t10k,1695,2,0.69090
sd08-b075,jan-p01-t10k,2256,2,0.80310
sd08-b075,jan-p01-t10k,3003,1,0.90060
sd08-b075,jan-p01-t10k,3997,1,1.00000
sd08-b075,jan-p10-t10k,1,35,0.00035
sd08-b075,jan-p10-t10k,2,31,0.00066
sd08-b075,jan-p10-t10k,3,29,0.00095
sd08-b075,jan-p10-t10k,4,27,0.00122
sd08-b075,jan-p10-t10k,6,24,0.00170
sd08-b075,jan-p10-t10k,8,24,0.00218
sd08-b075,jan-p10-t10k,12,23,0.00312
sd08-b075,jan-p10-t10k,17,21,0.00420
sd08-b075,jan-p10-t10k,24,20,0.00563
sd08-b075,jan-p10-t10k,34,20,0.00763
sd08-b075,jan-p10-t10k,49,19,0.01051
sd08-b075,jan-p10-t10k,69,18,0.01416
sd08-b075,jan-p10-t10k,99,17,0.01939
sd08-b075,jan-p10-t10k,140,16,0.02605
sd08-b075,jan-p10-t10k,200,15,0.03518
sd08-b075,jan-p10-t10k,284,14,0.04716
sd08-b075,jan-p10-t10k,405,13,0.06329
sd08-b075,jan-p10-t10k,576,12,0.08428
sd08-b075,jan-p10-t10k,820,11,0.11169
sd08-b075,jan-p10-t10k,1167,10,0.14721
sd08-b075,jan-p10-t10k,1661,9,0.19298
sd08-b075,jan-p10-t10k,2365,8,0.25131
sd08-b075,jan-p10-t10k,3366,7,0.32434
sd08-b075,jan-p10-t10k,4792,6,0.41402
sd08-b075,jan-p10-t10k,6821,5,0.52124
sd08-b075,jan-p10-t10k,9710,4,0.64495
sd08-b075,jan-p10-t10k,13823,3,0.77853
sd08-b075,jan-p10-t10k,19676,2,0.90708
sd08-b075,jan-p10-t10k,28009,1,1.00000
sd08-b075,jan-p20-t10k,1,46,0.00023
sd08-b075,jan-p20-t10k,2,44,0.00045
sd08-b075,jan-p20-t10k,3,38,0.00064
sd08-b075,jan-p20-t10k,4,37,0.00082
sd08-b075,jan-p20-t10k,6,36,0.00119
sd08-b075,jan-p20-t10k,9,35,0.00171
sd08-b075,jan-p20-t10k,13,34,0.00239
sd08-b075,jan-p20-t10k,18,32,0.00321
sd08-b075,jan-p20-t10k,27,31,0.00464
sd08-b075,jan-p20-t10k,38,30,0.00630
sd08-b075,jan-p20-t10k,55,29,0.00882
sd08-b075,jan-p20-t10k,80,28,0.01235
sd08-b075,jan-p20-t10k,115,26,0.01704
sd08-b075,jan-p20-t10k,165,24,0.02334
sd08-b075,jan-p20-t10k,238,23,0.03202
sd08-b075,jan-p20-t10k,342,22,0.04366
sd08-b075,jan-p20-t10k,493,20,0.05922
sd08-b075,jan-p20-t10k,710,18,0.08005
sd08-b075,jan-p20-t10k,1022,17,0.10738
sd08-b075,jan-p20-t10k,1472,15,0.14311
sd08-b075,jan-p20-t10k,2119,14,0.18970
sd08-b075,jan-p20-t10k,3052,12,0.24872
sd08-b075,jan-p20-t10k,4395,10,0.32333
sd08-b075,jan-p20-t10k,6329,9,0.41516
sd08-b075,jan-p20-t10k,9114,7,0.52568
sd08-b075,jan-p20-t10k,13126,6,0.65358
sd08-b075,jan-p20-t10k,18902,4,0.78814
sd08-b075,jan-p20-t10k,27221,2,0.91626
sd08-b075,jan-p20-t10k,39200,1,1.00000
sd09-b050,completa,1,130,0.00013
sd09-b050,completa,2,128,0.00026
sd09-b050,completa,3,126,0.00038
sd09-b050,completa,5,126,0.00064
sd09-b050,completa,7,125,0.00089
sd09-b050,completa,10,123,0.00126
sd09-b050,completa,14,121,0.00174
sd09-b050,completa,21,118,0.00258
sd09-b050,completa,30,114,0.00362
sd09-b050,completa,44,112,0.00520
sd09-b050,completa,64,107,0.00739
sd09-b050,completa,93,103,0.01043
sd09-b050,completa,136,97,0.01473
sd09-b050,completa,198,92,0.02057
sd09-b050,completa,289,86,0.02864
sd09-b050,completa,422,80,0.03966
sd09-b050,completa,615,74,0.05458
sd09-b050,completa,898,68,0.07475
sd09-b050,completa,1310,63,0.10178
sd09-b050,completa,1911,57,0.13765
sd09-b050,completa,2788,51,0.18479
sd09-b050,completa,4068,45,0.24610
sd09-b050,completa,5936,39,0.32444
sd09-b050,completa,8661,33,0.42169
sd09-b050,completa,12636,26,0.53863
sd09-b050,completa,18437,20,0.67205
sd09-b050,completa,26900,13,0.81182
sd09-b050,completa,39248,7,0.93565
sd09-b050,completa,57264,1,1.00000
sd09-b050,sis-p01,1,6,0.00060
sd09-b050,sis-p01,2,4,0.00100
sd09-b050,sis-p01,3,4,0.00140
sd09-b050,sis-p01,5,4,0.00220
sd09-b050,sis-p01,7,4,0.00300
sd09-b050,sis-p01,9,4,0.00380
sd09-b050,sis-p01,12,4,0.00500
sd09-b050,sis-p01,17,4,0.00700
sd09-b050,sis-p01,23,3,0.00890
sd09-b050,sis-p01,31,3,0.01130
sd09-b050,sis-p01,42,3,0.01460
sd09-b050,sis-p01,58,3,0.01940
sd09-b050,sis-p01,79,3,0.02570
sd09-b050,sis-p01,108,3,0.03440
sd09-b050,sis-p01,148,3,0.04640
sd09-b050,sis-p01,203,2,0.06029
sd09-b050,sis-p01,277,2,0.07509
sd09-b050,sis-p01,379,2,0.09549
sd09-b050,sis-p01,517,2,0.12309
sd09-b050,sis-p01,707,2,0.16108
sd09-b050,sis-p01,967,2,0.21308
sd09-b050,sis-p01,1321,1,0.27087
sd09-b050,sis-p01,1806,1,0.31937
sd09-b050,sis-p01,2468,1,0.38556
sd09-b050,sis-p01,3373,1,0.47605
sd09-b050,sis-p01,4611,1,0.59984
sd09-b050,sis-p01,6302,1,0.76892
sd09-b050,sis-p01,8613,1,1.00000
sd09-b050,sis-p10,1,20,0.00020
sd09-b050,sis-p10,2,19,0.00039
sd09-b050,sis-p10,3,19,0.00058
sd09-b050,sis-p10,4,18,0.00076
sd09-b050,sis-p10,6,18,0.00112
sd09-b050,sis-p10,9,17,0.00163
sd09-b050,sis-p10,13,16,0.00229
sd09-b050,sis-p10,18,16,0.00309
sd09-b050,sis-p10,26,14,0.00429
sd09-b050,sis-p10,38,14,0.00597
sd09-b050,sis-p10,55,14,0.00835
sd09-b050,sis-p10,78,13,0.01137
sd09-b050,sis-p10,113,12,0.01591
sd09-b050,sis-p10,162,12,0.02179
sd09-b050,sis-p10,234,11,0.02989
sd09-b050,sis-p10,336,10,0.04066
sd09-b050,sis-p10,483,9,0.05520
sd09-b050,sis-p10,695,9,0.07428
sd09-b050,sis-p10,1000,8,0.09945
sd09-b050,sis-p10,1439,7,0.13280
sd09-b050,sis-p10,2070,7,0.17697
sd09-b050,sis-p10,2978,6,0.23198
sd09-b050,sis-p10,4283,5,0.30229
sd09-b050,sis-p10,6162,4,0.39131
sd09-b050,sis-p10,8863,4,0.49935
sd09-b050,sis-p10,12750,3,0.61951
sd09-b050,sis-p10,18340,2,0.75042
sd09-b050,sis-p10,26382,1,0.88432
sd09-b050,sis-p10,37950,1,1.00000
sd09-b050,sis-p20,1,35,0.00017
sd09-b050,sis-p20,2,33,0.00034
sd09-b050,sis-p20,3,32,0.00050
sd09-b050,sis-p20,4,32,0.00066
sd09-b050,sis-p20,6,31,0.00097
sd09-b050,sis-p20,9,30,0.00143
sd09-b050,sis-p20,13,29,0.00201
sd09-b050,sis-p20,19,28,0.00287
sd09-b050,sis-p20,28,26,0.00408
sd09-b050,sis-p20,41,25,0.00574
sd09-b050,sis-p20,59,24,0.00796
sd09-b050,sis-p20,86,23,0.01111
sd09-b050,sis-p20,124,22,0.01534
sd09-b050,sis-p20,180,21,0.02127
sd09-b050,sis-p20,260,19,0.02922
sd09-b050,sis-p20,377,18,0.04010
sd09-b050,sis-p20,546,17,0.05473
sd09-b050,sis-p20,791,15,0.07438
sd09-b050,sis-p20,1146,14,0.10055
sd09-b050,sis-p20,1660,13,0.13519
sd09-b050,sis-p20,2405,12,0.18093
sd09-b050,sis-p20,3484,10,0.23984
sd09-b050,sis-p20,5048,9,0.31416
sd09-b050,sis-p20,7314,8,0.40751
sd09-b050,sis-p20,10596,6,0.51760
sd09-b050,sis-p20,15351,5,0.64618
sd09-b050,sis-p20,22241,3,0.78346
sd09-b050,sis-p20,32223,2,0.90966
sd09-b050,sis-p20,46684,1,1.00000
sd09-b050,jan-p01-t1k,1,7,0.00070
sd09-b050,jan-p01-t1k,2,7,0.00140
sd09-b050,jan-p01-t1k,3,7,0.00210
sd09-b050,jan-p01-t1k,5,6,0.00330
sd09-b050,jan-p01-t1k,6,6,0.00390
sd09-b050,jan-p01-t1k,9,5,0.00540
sd09-b050,jan-p01-t1k,12,5,0.00690
sd09-b050,jan-p01-t1k,16,5,0.00890
sd09-b050,jan-p01-t1k,22,4,0.01170
sd09-b050,jan-p01-t1k,30,4,0.01490
sd09-b050,jan-p01-t1k,40,4,0.01890
sd09-b050,jan-p01-t1k,55,4,0.02490
sd09-b050,jan-p01-t1k,74,4,0.03250
sd09-b050,jan-p01-t1k,101,4,0.04330
sd09-b050,jan-p01-t1k,137,3,0.05560
sd09-b050,jan-p01-t1k,187,3,0.07060
sd09-b050,jan-p01-t1k,254,3,0.09070
sd09-b050,jan-p01-t1k,346,3,0.11830
sd09-b050,jan-p01-t1k,471,3,0.15580
sd09-b050,jan-p01-t1k,640,2,0.18960
sd09-b050,jan-p01-t1k,871,2,0.23580
sd09-b050,jan-p01-t1k,1184,2,0.29840
sd09-b050,jan-p01-t1k,1611,2,0.38380
sd09-b050,jan-p01-t1k,2191,1,0.46880
sd09-b050,jan-p01-t1k,2981,1,0.54780
sd09-b050,jan-p01-t1k,4055,1,0.65520
sd09-b050,jan-p01-t1k,5516,1,0.80130
sd09-b050,jan-p01-t1k,7503,1,1.00000
sd09-b050,jan-p10-t1k,1,21,0.00021
sd09-b050,jan-p10-t1k,2,20,0.00041
sd09-b050,jan-p10-t1k,3,19,0.00060
sd09-b050,jan-p10-t1k,4,19,0.00079
sd09-b050,jan-p10-t1k,6,19,0.00117
sd09-b050,jan-p10-t1k,9,19,0.00174
sd09-b050,jan-p10-t1k,13,17,0.00244
sd09-b050,jan-p10-t1k,18,17,0.00329
sd09-b050,jan-p10-t1k,26,16,0.00461
sd09-b050,jan-p10-t1k,37,16,0.00637
sd09-b050,jan-p10-t1k,54,15,0.00892
sd09-b050,jan-p10-t1k,77,14,0.01218
sd09-b050,jan-p10-t1k,110,13,0.01652
sd09-b050,jan-p10-t1k,159,12,0.02263
sd09-b050,jan-p10-t1k,228,11,0.03076
sd09-b050,jan-p10-t1k,327,11,0.04165
sd09-b050,jan-p10-t1k,470,10,0.05597
sd09-b050,jan-p10-t1k,675,9,0.07512
sd09-b050,jan-p10-t1k,969,8,0.10096
sd09-b050,jan-p10-t1k,1391,8,0.13472
sd09-b050,jan-p10-t1k,1998,7,0.17789
sd09-b050,jan-p10-t1k,2870,6,0.23383
sd09-b050,jan-p10-t1k,4121,5,0.30581
sd09-b050,jan-p10-t1k,5918,5,0.39566
sd09-b050,jan-p10-t1k,8498,4,0.49999
sd09-b050,jan-p10-t1k,12204,3,0.62188
sd09-b050,jan-p10-t1k,17526,2,0.75631
sd09-b050,jan-p10-t1k,25168,1,0.89025
sd09-b050,jan-p10-t1k,36143,1,1.00000
sd09-b050,jan-p20-t1k,1,37,0.00018
sd09-b050,jan-p20-t1k,2,32,0.00034
sd09-b050,jan-p20-t1k,3,31,0.00050
sd09-b050,jan-p20-t1k,4,31,0.00065
sd09-b050,jan-p20-t1k,6,31,0.00097
sd09-b050,jan-p20-t1k,9,30,0.00142
sd09-b050,jan-p20-t1k,13,29,0.00199
sd09-b050,jan-p20-t1k,19,28,0.00284
sd09-b050,jan-p20-t1k,28,26,0.00407
sd09-b050,jan-p20-t1k,40,25,0.00561
sd09-b050,jan-p20-t1k,59,25,0.00799
sd09-b050,jan-p20-t1k,85,24,0.01112
sd09-b050,jan-p20-t1k,123,22,0.01547
sd09-b050,jan-p20-t1k,178,21,0.02142
sd09-b050,jan-p20-t1k,257,20,0.02946
sd09-b050,jan-p20-t1k,372,18,0.04043
sd09-b050,jan-p20-t1k,539,17,0.05514
sd09-b050,jan-p20-t1k,780,16,0.07491
sd09-b050,jan-p20-t1k,1129,14,0.10118
sd09-b050,jan-p20-t1k,1634,13,0.13558
sd09-b050,jan-p20-t1k,2366,12,0.18092
sd09-b050,jan-p20-t1k,3424,10,0.23983
sd09-b050,jan-p20-t1k,4957,9,0.31383
sd09-b050,jan-p20-t1k,7177,8,0.40677
sd09-b050,jan-p20-t1k,10389,6,0.51768
sd09-b050,jan-p20-t1k,15040,5,0.64534
sd09-b050,jan-p20-t1k,21773,3,0.78455
sd09-b050,jan-p20-t1k,31519,2,0.91004
sd09-b050,jan-p20-t1k,45629,1,1.00000
sd09-b050,jan-p01-t10k,1,8,0.00080
sd09-b050,jan-p01-t10k,2,8,0.00160
sd09-b050,jan-p01-t10k,3,8,0.00240
sd09-b050,jan-p01-t10k,4,8,0.00320
sd09-b050,jan-p01-t10k,6,8,0.00480
sd09-b050,jan-p01-t10k,8,8,0.00640
sd09-b050,jan-p01-t10k,11,8,0.00880
sd09-b050,jan-p01-t10k,14,7,0.01110
sd09-b050,jan-p01-t10k,19,7,0.01460
sd09-b050,jan-p01-t10k,26,7,0.01950
sd09-b050,jan-p01-t10k,34,7,0.02510
sd09-b050,jan-p01-t10k,46,6,0.03340
sd09-b050,jan-p01-t10k,62,6,0.04300
sd09-b050,jan-p01-t10k,83,6,0.05560
sd09-b050,jan-p01-t10k,111,5,0.07070
sd09-b050,jan-p01-t10k,150,5,0.09020
sd09-b050,jan-p01-t10k,201,5,0.11570
sd09-b050,jan-p01-t10k,270,4,0.14570
sd09-b050,jan-p01-t10k,362,4,0.18250
sd09-b050,jan-p01-t10k,486,4,0.23210
sd09-b050,jan-p01-t10k,653,3,0.28780
sd09-b050,jan-p01-t10k,877,3,0.35500
sd09-b050,jan-p01-t10k,1177,3,0.44500
sd09-b050,jan-p01-t10k,1581,2,0.53170
sd09-b050,jan-p01-t10k,2122,2,0.63990
sd09-b050,jan-p01-t10k,2849,1,0.77130
sd09-b050,jan-p01-t10k,3825,1,0.86890
sd09-b050,jan-p01-t10k,5136,1,1.00000
sd09-b050,jan-p10-t10k,1,25,0.00025
sd09-b050,jan-p10-t10k,2,23,0.00048
sd09-b050,jan-p10-t10k,3,23,0.00071
sd09-b050,jan-p10-t10k,4,22,0.00093
sd09-b050,jan-p10-t10k,6,20,0.00135
sd09-b050,jan-p10-t10k,9,19,0.00193
sd09-b050,jan-p10-t10k,12,19,0.00250
sd09-b050,jan-p10-t10k,18,18,0.00359
sd09-b050,jan-p10-t10k,25,17,0.00481
sd09-b050,jan-p10-t10k,36,16,0.00665
sd09-b050,jan-p10-t10k,52,15,0.00918
sd09-b050,jan-p10-t10k,74,15,0.01248
sd09-b050,jan-p10-t10k,106,14,0.01705
sd09-b050,jan-p10-t10k,151,13,0.02320
sd09-b050,jan-p10-t10k,217,13,0.03178
sd09-b050,jan-p10-t10k,310,12,0.04297
sd09-b050,jan-p10-t10k,444,11,0.05789
sd09-b050,jan-p10-t10k,635,10,0.07763
sd09-b050,jan-p10-t10k,909,9,0.10368
sd09-b050,jan-p10-t10k,1300,8,0.13786
sd09-b050,jan-p10-t10k,1861,8,0.18274
sd09-b050,jan-p10-t10k,2664,7,0.23905
sd09-b050,jan-p10-t10k,3812,6,0.30977
sd09-b050,jan-p10-t10k,5456,5,0.39792
sd09-b050,jan-p10-t10k,7809,4,0.50422
sd09-b050,jan-p10-t10k,11177,3,0.62781
sd09-b050,jan-p10-t10k,15997,2,0.76503
sd09-b050,jan-p10-t10k,22895,1,0.90128
sd09-b050,jan-p10-t10k,32767,1,1.00000
sd09-b050,jan-p20-t10k,1,37,0.00018
sd09-b050,jan-p20-t10k,2,36,0.00036
sd09-b050,jan-p20-t10k,3,35,0.00054
sd09-b050,jan-p20-t10k,4,34,0.00071
sd09-b050,jan-p20-t10k,6,32,0.00103
sd09-b050,jan-p20-t10k,9,30,0.00150
sd09-b050,jan-p20-t10k,13,30,0.00210
sd09-b050,jan-p20-t10k,19,29,0.00298
sd09-b050,jan-p20-t10k,27,28,0.00411
sd09-b050,jan-p20-t10k,40,26,0.00587
sd09-b050,jan-p20-t10k,57,25,0.00806
sd09-b050,jan-p20-t10k,83,24,0.01128
sd09-b050,jan-p20-t10k,120,23,0.01564
sd09-b050,jan-p20-t10k,173,22,0.02161
sd09-b050,jan-p20-t10k,250,21,0.02984
sd09-b050,jan-p20-t10k,361,20,0.04109
sd09-b050,jan-p20-t10k,521,18,0.05611
sd09-b050,jan-p20-t10k,753,17,0.07619
sd09-b050,jan-p20-t10k,1089,15,0.10272
sd09-b050,jan-p20-t10k,1573,14,0.13772
sd09-b050,jan-p20-t10k,2273,12,0.18344
sd09-b050,jan-p20-t10k,3284,11,0.24202
sd09-b050,jan-p20-t10k,4745,10,0.31714
sd09-b050,jan-p20-t10k,6856,8,0.40858
sd09-b050,jan-p20-t10k,9907,7,0.52060
sd09-b050,jan-p20-t10k,14314,5,0.64677
sd09-b050,jan-p20-t10k,20682,4,0.78504
sd09-b050,jan-p20-t10k,29884,2,0.91095
sd09-b050,jan-p20-t10k,43179,1,1.00000
sd10-b025,completa,1,139,0.00014
sd10-b025,completa,2,125,0.00026
sd10-b025,completa,3,124,0.00039
sd10-b025,completa,5,121,0.00063
sd10-b025,completa,7,121,0.00088
sd10-b025,completa,10,120,0.00123
sd10-b025,completa,14,118,0.00171
sd10-b025,completa,21,114,0.00251
sd10-b025,completa,30,111,0.00352
sd10-b025,completa,44,109,0.00506
sd10-b025,completa,64,105,0.00720
sd10-b025,completa,93,100,0.01017
sd10-b025,completa,136,96,0.01439
sd10-b025,completa,199,91,0.02028
sd10-b025,completa,290,85,0.02826
sd10-b025,completa,423,80,0.03921
sd10-b025,completa,618,74,0.05413
sd10-b025,completa,902,68,0.07438
sd10-b025,completa,1316,63,0.10150
sd10-b025,completa,1921,57,0.13774
sd10-b025,completa,2803,51,0.18512
sd10-b025,completa,4091,45,0.24663
sd10-b025,completa,5970,39,0.32496
sd10-b025,completa,8713,32,0.42226
sd10-b025,completa,12715,26,0.53879
sd10-b025,completa,18557,20,0.67152
sd10-b025,completa,27082,13,0.81145
sd10-b025,completa,39523,7,0.93549
sd10-b025,completa,57680,1,1.00000
sd10-b025,sis-p01,1,6,0.00060
sd10-b025,sis-p01,2,5,0.00110
sd10-b025,sis-p01,3,5,0.00160
sd10-b025,sis-p01,5,4,0.00240
sd10-b025,sis-p01,7,4,0.00320
sd10-b025,sis-p01,9,4,0.00400
sd10-b025,sis-p01,12,4,0.00520
sd10-b025,sis-p01,17,4,0.00720
sd10-b025,sis-p01,23,3,0.00920
sd10-b025,sis-p01,31,3,0.01160
sd10-b025,sis-p01,42,3,0.01490
sd10-b025,sis-p01,58,3,0.01970
sd10-b025,sis-p01,79,3,0.02600
sd10-b025,sis-p01,108,3,0.03470
sd10-b025,sis-p01,148,3,0.04670
sd10-b025,sis-p01,202,2,0.05859
sd10-b025,sis-p01,276,2,0.07339
sd10-b025,sis-p01,378,2,0.09379
sd10-b025,sis-p01,516,2,0.12139
sd10-b025,sis-p01,706,2,0.15938
sd10-b025,sis-p01,964,2,0.21098
sd10-b025,sis-p01,1318,1,0.27337
sd10-b025,sis-p01,1801,1,0.32167
sd10-b025,sis-p01,2461,1,0.38766
sd10-b025,sis-p01,3364,1,0.47795
sd10-b025,sis-p01,4597,1,0.60124
sd10-b025,sis-p01,6282,1,0.76972
sd10-b025,sis-p01,8585,1,1.00000
sd10-b025,sis-p10,1,21,0.00021
sd10-b025,sis-p10,2,18,0.00039
sd10-b025,sis-p10,3,18,0.00057
sd10-b025,sis-p10,4,18,0.00075
sd10-b025,sis-p10,6,17,0.00109
sd10-b025,sis-p10,9,17,0.00160
sd10-b025,sis-p10,13,16,0.00225
sd10-b025,sis-p10,18,15,0.00302
sd10-b025,sis-p10,26,15,0.00422
sd10-b025,sis-p10,38,14,0.00591
sd10-b025,sis-p10,55,13,0.00824
sd10-b025,sis-p10,79,13,0.01136
sd10-b025,sis-p10,113,12,0.01545
sd10-b025,sis-p10,163,11,0.02129
sd10-b025,sis-p10,234,11,0.02910
sd10-b025,sis-p10,337,10,0.03969
sd10-b025,sis-p10,485,9,0.05410
sd10-b025,sis-p10,697,9,0.07318
sd10-b025,sis-p10,1003,8,0.09848
sd10-b025,sis-p10,1444,7,0.13200
sd10-b025,sis-p10,2077,6,0.17624
sd10-b025,sis-p10,2988,6,0.23090
sd10-b025,sis-p10,4299,5,0.30083
sd10-b025,sis-p10,6186,4,0.38985
sd10-b025,sis-p10,8899,4,0.49837
sd10-b025,sis-p10,12804,3,0.61756
sd10-b025,sis-p10,18421,2,0.74933
sd10-b025,sis-p10,26502,1,0.88373
sd10-b025,sis-p10,38129,1,1.00000
sd10-b025,sis-p20,1,35,0.00017
sd10-b025,sis-p20,2,32,0.00033
sd10-b025,sis-p20,3,31,0.00049
sd10-b025,sis-p20,4,30,0.00064
sd10-b025,sis-p20,6,29,0.00093
sd10-b025,sis-p20,9,28,0.00136
sd10-b025,sis-p20,13,28,0.00192
sd10-b025,sis-p20,19,27,0.00274
sd10-b025,sis-p20,28,25,0.00391
sd10-b025,sis-p20,41,25,0.00553
sd10-b025,sis-p20,59,24,0.00772
sd10-b025,sis-p20,86,23,0.01087
sd10-b025,sis-p20,124,21,0.01501
sd10-b025,sis-p20,180,20,0.02079
sd10-b025,sis-p20,261,19,0.02870
sd10-b025,sis-p20,378,18,0.03949
sd10-b025,sis-p20,548,17,0.05414
sd10-b025,sis-p20,795,15,0.07375
sd10-b025,sis-p20,1152,14,0.09992
sd10-b025,sis-p20,1669,13,0.13457
sd10-b025,sis-p20,2419,11,0.18009
sd10-b025,sis-p20,3505,10,0.23807
sd10-b025,sis-p20,5079,9,0.31220
sd10-b025,sis-p20,7361,7,0.40537
sd10-b025,sis-p20,10667,6,0.51534
sd10-b025,sis-p20,15459,5,0.64403
sd10-b025,sis-p20,22403,3,0.78137
sd10-b025,sis-p20,32465,2,0.90847
sd10-b025,sis-p20,47048,1,1.00000
sd10-b025,jan-p01-t1k,1,5,0.00050
sd10-b025,jan-p01-t1k,2,5,0.00100
sd10-b025,jan-p01-t1k,3,5,0.00150
sd10-b025,jan-p01-t1k,5,5,0.00250
sd10-b025,jan-p01-t1k,6,5,0.00300
sd10-b025,jan-p01-t1k,9,4,0.00420
sd10-b025,jan-p01-t1k,12,4,0.00540
sd10-b025,jan-p01-t1k,16,4,0.00700
sd10-b025,jan-p01-t1k,22,4,0.00940
sd10-b025,jan-p01-t1k,31,3,0.01290
sd10-b025,jan-p01-t1k,42,3,0.01620
sd10-b025,jan-p01-t1k,57,3,0.02070
sd10-b025,jan-p01-t1k,78,3,0.02700
sd10-b025,jan-p01-t1k,106,3,0.03540
sd10-b025,jan-p01-t1k,145,3,0.04710
sd10-b025,jan-p01-t1k,198,3,0.06300
sd10-b025,jan-p01-t1k,270,2,0.08310
sd10-b025,jan-p01-t1k,369,2,0.10290
sd10-b025,jan-p01-t1k,503,2,0.12970
sd10-b025,jan-p01-t1k,687,2,0.16650
sd10-b025,jan-p01-t1k,937,2,0.21650
sd10-b025,jan-p01-t1k,1279,2,0.28490
sd10-b025,jan-p01-t1k,1746,1,0.34770
sd10-b025,jan-p01-t1k,2383,1,0.41140
sd10-b025,jan-p01-t1k,3252,1,0.49830
sd10-b025,jan-p01-t1k,4439,1,0.61700
sd10-b025,jan-p01-t1k,6059,1,0.77900
sd10-b025,jan-p01-t1k,8269,1,1.00000
sd10-b025,jan-p10-t1k,1,21,0.00021
sd10-b025,jan-p10-t1k,2,20,0.00041
sd10-b025,jan-p10-t1k,3,18,0.00059
sd10-b025,jan-p10-t1k,4,18,0.00077
sd10-b025,jan-p10-t1k,6,17,0.00111
sd10-b025,jan-p10-t1k,9,17,0.00162
sd10-b025,jan-p10-t1k,13,16,0.00228
sd10-b025,jan-p10-t1k,18,15,0.00306
sd10-b025,jan-p10-t1k,26,15,0.00426
sd10-b025,jan-p10-t1k,38,14,0.00598
sd10-b025,jan-p10-t1k,54,14,0.00822
sd10-b025,jan-p10-t1k,78,13,0.01147
sd10-b025,jan-p10-t1k,112,12,0.01580
sd10-b025,jan-p10-t1k,161,12,0.02168
sd10-b025,jan-p10-t1k,232,11,0.02962
sd10-b025,jan-p10-t1k,334,10,0.04031
sd10-b025,jan-p10-t1k,480,9,0.05488
sd10-b025,jan-p10-t1k,690,9,0.07378
sd10-b025,jan-p10-t1k,993,8,0.09903
sd10-b025,jan-p10-t1k,1427,7,0.13298
sd10-b025,jan-p10-t1k,2052,7,0.17673
sd10-b025,jan-p10-t1k,2951,6,0.23221
sd10-b025,jan-p10-t1k,4243,5,0.30312
sd10-b025,jan-p10-t1k,6101,4,0.39317
sd10-b025,jan-p10-t1k,8772,4,0.50001
sd10-b025,jan-p10-t1k,12614,3,0.62008
sd10-b025,jan-p10-t1k,18137,2,0.75203
sd10-b025,jan-p10-t1k,26079,1,0.88580
sd10-b025,jan-p10-t1k,37499,1,1.00000
sd10-b025,jan-p20-t1k,1,33,0.00016
sd10-b025,jan-p20-t1k,2,33,0.00033
sd10-b025,jan-p20-t1k,3,32,0.00049
sd10-b025,jan-p20-t1k,4,31,0.00064
sd10-b025,jan-p20-t1k,6,30,0.00095
sd10-b025,jan-p20-t1k,9,28,0.00138
sd10-b025,jan-p20-t1k,13,27,0.00194
sd10-b025,jan-p20-t1k,19,27,0.00275
sd10-b025,jan-p20-t1k,28,25,0.00391
sd10-b025,jan-p20-t1k,41,24,0.00551
sd10-b025,jan-p20-t1k,59,24,0.00766
sd10-b025,jan-p20-t1k,86,22,0.01077
sd10-b025,jan-p20-t1k,124,22,0.01495
sd10-b025,jan-p20-t1k,180,20,0.02082
sd10-b025,jan-p20-t1k,260,19,0.02874
sd10-b025,jan-p20-t1k,377,18,0.03952
sd10-b025,jan-p20-t1k,546,17,0.05407
sd10-b025,jan-p20-t1k,791,15,0.07379
sd10-b025,jan-p20-t1k,1146,14,0.10000
sd10-b025,jan-p20-t1k,1661,13,0.13480
sd10-b025,jan-p20-t1k,2406,12,0.18060
sd10-b025,jan-p20-t1k,3486,10,0.23936
sd10-b025,jan-p20-t1k,5051,9,0.31369
sd10-b025,jan-p20-t1k,7318,7,0.40713
sd10-b025,jan-p20-t1k,10603,6,0.51705
sd10-b025,jan-p20-t1k,15362,5,0.64542
sd10-b025,jan-p20-t1k,22257,3,0.78236
sd10-b025,jan-p20-t1k,32246,2,0.90902
sd10-b025,jan-p20-t1k,46719,1,1.00000
sd10-b025,jan-p01-t10k,1,7,0.00070
sd10-b025,jan-p01-t10k,2,7,0.00140
sd10-b025,jan-p01-t10k,3,7,0.00210
sd10-b025,jan-p01-t10k,4,7,0.00280
sd10-b025,jan-p01-t10k,6,7,0.00420
sd10-b025,jan-p01-t10k,8,6,0.00550
sd10-b025,jan-p01-t10k,11,6,0.00730
sd10-b025,jan-p01-t10k,15,6,0.00970
sd10-b025,jan-p01-t10k,20,6,0.01270
sd10-b025,jan-p01-t10k,27,6,0.01690
sd10-b025,jan-p01-t10k,36,5,0.02150
sd10-b025,jan-p01-t10k,49,5,0.02800
sd10-b025,jan-p01-t10k,66,5,0.03650
sd10-b025,jan-p01-t10k,90,5,0.04850
sd10-b025,jan-p01-t10k,121,4,0.06100
sd10-b025,jan-p01-t10k,163,4,0.07780
sd10-b025,jan-p01-t10k,220,4,0.10060
sd10-b025,jan-p01-t10k,297,3,0.13040
sd10-b025,jan-p01-t10k,400,3,0.16130
sd10-b025,jan-p01-t10k,540,3,0.20330
sd10-b025,jan-p01-t10k,729,3,0.26000
sd10-b025,jan-p01-t10k,984,2,0.33550
sd10-b025,jan-p01-t10k,1327,2,0.40410
sd10-b025,jan-p01-t10k,1791,2,0.49690
sd10-b025,jan-p01-t10k,2417,2,0.62210
sd10-b025,jan-p01-t10k,3261,1,0.73240
sd10-b025,jan-p01-t10k,4400,1,0.84630
sd10-b025,jan-p01-t10k,5937,1,1.00000
sd10-b025,jan-p10-t10k,1,20,0.00020
sd10-b025,jan-p10-t10k,2,20,0.00040
sd10-b025,jan-p10-t10k,3,19,0.00059
sd10-b025,jan-p10-t10k,4,18,0.00077
sd10-b025,jan-p10-t10k,6,17,0.00112
sd10-b025,jan-p10-t10k,9,17,0.00163
sd10-b025,jan-p10-t10k,13,16,0.00229
sd10-b025,jan-p10-t10k,18,15,0.00308
sd10-b025,jan-p10-t10k,26,15,0.00428
sd10-b025,jan-p10-t10k,37,14,0.00588
sd10-b025,jan-p10-t10k,53,14,0.00812
sd10-b025,jan-p10-t10k,76,13,0.01122
sd10-b025,jan-p10-t10k,110,13,0.01564
sd10-b025,jan-p10-t10k,157,12,0.02135
sd10-b025,jan-p10-t10k,226,11,0.02924
sd10-b025,jan-p10-t10k,324,10,0.04000
sd10-b025,jan-p10-t10k,466,10,0.05420
sd10-b025,jan-p10-t10k,668,9,0.07314
sd10-b025,jan-p10-t10k,959,8,0.09873
sd10-b025,jan-p10-t10k,1377,8,0.13217
sd10-b025,jan-p10-t10k,1976,7,0.17510
sd10-b025,jan-p10-t10k,2837,6,0.23050
sd10-b025,jan-p10-t10k,4071,5,0.30145
sd10-b025,jan-p10-t10k,5844,5,0.39010
sd10-b025,jan-p10-t10k,8387,4,0.49316
sd10-b025,jan-p10-t10k,12039,3,0.61476
sd10-b025,jan-p10-t10k,17279,2,0.75189
sd10-b025,jan-p10-t10k,24801,1,0.89204
sd10-b025,jan-p10-t10k,35597,1,1.00000
sd10-b025,jan-p20-t10k,1,38,0.00019
sd10-b025,jan-p20-t10k,2,35,0.00036
sd10-b025,jan-p20-t10k,3,33,0.00053
sd10-b025,jan-p20-t10k,4,32,0.00069
sd10-b025,jan-p20-t10k,6,31,0.00101
sd10-b025,jan-p20-t10k,9,29,0.00145
sd10-b025,jan-p20-t10k,13,28,0.00202
sd10-b025,jan-p20-t10k,19,28,0.00286
sd10-b025,jan-p20-t10k,28,26,0.00407
sd10-b025,jan-p20-t10k,40,25,0.00560
sd10-b025,jan-p20-t10k,58,24,0.00781
sd10-b025,jan-p20-t10k,84,23,0.01086
sd10-b025,jan-p20-t10k,122,22,0.01512
sd10-b025,jan-p20-t10k,177,21,0.02100
sd10-b025,jan-p20-t10k,256,20,0.02898
sd10-b025,jan-p20-t10k,371,18,0.03979
sd10-b025,jan-p20-t10k,537,17,0.05444
sd10-b025,jan-p20-t10k,777,16,0.07414
sd10-b025,jan-p20-t10k,1124,15,0.10047
sd10-b025,jan-p20-t10k,1627,13,0.13501
sd10-b025,jan-p20-t10k,2355,12,0.18021
sd10-b025,jan-p20-t10k,3408,10,0.23867
sd10-b025,jan-p20-t10k,4932,9,0.31227
sd10-b025,jan-p20-t10k,7139,8,0.40459
sd10-b025,jan-p20-t10k,10332,6,0.51485
sd10-b025,jan-p20-t10k,14954,5,0.64180
sd10-b025,jan-p20-t10k,21643,3,0.78099
sd10-b025,jan-p20-t10k,31325,2,0.90785
sd10-b025,jan-p20-t10k,45338,1,1.00000
sd11-b000,completa,1,123,0.00012
sd11-b000,completa,2,123,0.00025
sd11-b000,completa,3,122,0.00037
sd11-b000,completa,5,119,0.00061
sd11-b000,completa,7,115,0.00084
sd11-b000,completa,10,113,0.00118
sd11-b000,completa,14,112,0.00163
sd11-b000,completa,21,109,0.00240
sd11-b000,completa,30,107,0.00338
sd11-b000,completa,44,105,0.00486
sd11-b000,completa,64,102,0.00692
sd11-b000,completa,94,98,0.00991
sd11-b000,completa,136,94,0.01392
sd11-b000,completa,199,89,0.01967
sd11-b000,completa,291,85,0.02762
sd11-b000,completa,424,79,0.03851
sd11-b000,completa,620,74,0.05350
sd11-b000,completa,904,69,0.07374
sd11-b000,completa,1320,63,0.10097
sd11-b000,completa,1926,57,0.13716
sd11-b000,completa,2812,51,0.18477
sd11-b000,completa,4104,45,0.24639
sd11-b000,completa,5991,39,0.32475
sd11-b000,completa,8744,32,0.42161
sd11-b000,completa,12763,26,0.53786
sd11-b000,completa,18629,20,0.67087
sd11-b000,completa,27191,13,0.81108
sd11-b000,completa,39688,7,0.93526
sd11-b000,completa,57929,1,1.00000
sd11-b000,sis-p01,1,4,0.00040
sd11-b000,sis-p01,2,4,0.00080
sd11-b000,sis-p01,3,4,0.00120
sd11-b000,sis-p01,5,4,0.00200
sd11-b000,sis-p01,7,4,0.00280
sd11-b000,sis-p01,9,4,0.00360
sd11-b000,sis-p01,12,4,0.00480
sd11-b000,sis-p01,17,4,0.00680
sd11-b000,sis-p01,23,3,0.00860
sd11-b000,sis-p01,31,3,0.01100
sd11-b000,sis-p01,42,3,0.01430
sd11-b000,sis-p01,58,3,0.01910
sd11-b000,sis-p01,79,3,0.02540
sd11-b000,sis-p01,108,3,0.03410
sd11-b000,sis-p01,148,3,0.04610
sd11-b000,sis-p01,203,2,0.06009
sd11-b000,sis-p01,277,2,0.07489
sd11-b000,sis-p01,378,2,0.09509
sd11-b000,sis-p01,517,2,0.12289
sd11-b000,sis-p01,707,2,0.16088
sd11-b000,sis-p01,966,2,0.21268
sd11-b000,sis-p01,1320,1,0.27177
sd11-b000,sis-p01,1804,1,0.32017
sd11-b000,sis-p01,2466,1,0.38636
sd11-b000,sis-p01,3370,1,0.47675
sd11-b000,sis-p01,4606,1,0.60034
sd11-b000,sis-p01,6295,1,0.76922
sd11-b000,sis-p01,8603,1,1.00000
sd11-b000,sis-p10,1,18,0.00018
sd11-b000,sis-p10,2,17,0.00035
sd11-b000,sis-p10,3,17,0.00052
sd11-b000,sis-p10,4,17,0.00069
sd11-b000,sis-p10,6,17,0.00103
sd11-b000,sis-p10,9,16,0.00151
sd11-b000,sis-p10,13,16,0.00215
sd11-b000,sis-p10,18,15,0.00291
sd11-b000,sis-p10,26,14,0.00408
sd11-b000,sis-p10,38,14,0.00576
sd11-b000,sis-p10,55,13,0.00800
sd11-b000,sis-p10,79,12,0.01108
sd11-b000,sis-p10,113,12,0.01516
sd11-b000,sis-p10,163,11,0.02094
sd11-b000,sis-p10,235,11,0.02886
sd11-b000,sis-p10,337,10,0.03919
sd11-b000,sis-p10,485,9,0.05384
sd11-b000,sis-p10,699,9,0.07310
sd11-b000,sis-p10,1005,8,0.09825
sd11-b000,sis-p10,1446,7,0.13178
sd11-b000,sis-p10,2081,6,0.17621
sd11-b000,sis-p10,2994,6,0.23099
sd11-b000,sis-p10,4308,5,0.30103
sd11-b000,sis-p10,6198,4,0.38893
sd11-b000,sis-p10,8918,4,0.49773
sd11-b000,sis-p10,12832,3,0.61748
sd11-b000,sis-p10,18463,2,0.74977
sd11-b000,sis-p10,26565,1,0.88343
sd11-b000,sis-p10,38222,1,1.00000
sd11-b000,sis-p20,1,31,0.00015
sd11-b000,sis-p20,2,31,0.00031
sd11-b000,sis-p20,3,30,0.00046
sd11-b000,sis-p20,4,30,0.00061
sd11-b000,sis-p20,6,28,0.00089
sd11-b000,sis-p20,9,27,0.00130
sd11-b000,sis-p20,13,27,0.00184
sd11-b000,sis-p20,19,26,0.00263
sd11-b000,sis-p20,28,25,0.00379
sd11-b000,sis-p20,41,24,0.00537
sd11-b000,sis-p20,59,23,0.00746
sd11-b000,sis-p20,86,22,0.01049
sd11-b000,sis-p20,125,21,0.01467
sd11-b000,sis-p20,180,20,0.02029
sd11-b000,sis-p20,262,19,0.02826
sd11-b000,sis-p20,379,18,0.03898
sd11-b000,sis-p20,549,17,0.05364
sd11-b000,sis-p20,796,15,0.07328
sd11-b000,sis-p20,1154,14,0.09948
sd11-b000,sis-p20,1673,13,0.13424
sd11-b000,sis-p20,2425,12,0.17999
sd11-b000,sis-p20,3514,10,0.23828
sd11-b000,sis-p20,5093,9,0.31273
sd11-b000,sis-p20,7382,7,0.40567
sd11-b000,sis-p20,10699,6,0.51589
sd11-b000,sis-p20,15506,5,0.64495
sd11-b000,sis-p20,22473,3,0.78169
sd11-b000,sis-p20,32572,2,0.90884
sd11-b000,sis-p20,47208,1,1.00000
sd11-b000,jan-p01-t1k,1,5,0.00050
sd11-b000,jan-p01-t1k,2,5,0.00100
sd11-b000,jan-p01-t1k,3,5,0.00150
sd11-b000,jan-p01-t1k,5,4,0.00240
sd11-b000,jan-p01-t1k,7,4,0.00320
sd11-b000,jan-p01-t1k,9,4,0.00400
sd11-b000,jan-p01-t1k,12,4,0.00520
sd11-b000,jan-p01-t1k,17,4,0.00720
sd11-b000,jan-p01-t1k,23,3,0.00930
sd11-b000,jan-p01-t1k,31,3,0.01170
sd11-b000,jan-p01-t1k,42,3,0.01500
sd11-b000,jan-p01-t1k,58,3,0.01980
sd11-b000,jan-p01-t1k,79,3,0.02610
sd11-b000,jan-p01-t1k,108,3,0.03480
sd11-b000,jan-p01-t1k,148,3,0.04680
sd11-b000,jan-p01-t1k,202,2,0.05840
sd11-b000,jan-p01-t1k,277,2,0.07340
sd11-b000,jan-p01-t1k,378,2,0.09360
sd11-b000,jan-p01-t1k,517,2,0.12140
sd11-b000,jan-p01-t1k,706,2,0.15920
sd11-b000,jan-p01-t1k,965,2,0.21100
sd11-b000,jan-p01-t1k,1319,1,0.27280
sd11-b000,jan-p01-t1k,1802,1,0.32110
sd11-b000,jan-p01-t1k,2463,1,0.38720
sd11-b000,jan-p01-t1k,3366,1,0.47750
sd11-b000,jan-p01-t1k,4600,1,0.60090
sd11-b000,jan-p01-t1k,6286,1,0.76950
sd11-b000,jan-p01-t1k,8591,1,1.00000
sd11-b000,jan-p10-t1k,1,20,0.00020
sd11-b000,jan-p10-t1k,2,19,0.00039
sd11-b000,jan-p10-t1k,3,18,0.00057
sd11-b000,jan-p10-t1k,4,17,0.00074
sd11-b000,jan-p10-t1k,6,17,0.00108
sd11-b000,jan-p10-t1k,9,16,0.00158
sd11-b000,jan-p10-t1k,13,16,0.00222
sd11-b000,jan-p10-t1k,18,15,0.00297
sd11-b000,jan-p10-t1k,26,14,0.00412
sd11-b000,jan-p10-t1k,38,14,0.00580
sd11-b000,jan-p10-t1k,55,13,0.00807
sd11-b000,jan-p10-t1k,79,12,0.01114
sd11-b000,jan-p10-t1k,113,12,0.01522
sd11-b000,jan-p10-t1k,163,11,0.02104
sd11-b000,jan-p10-t1k,235,11,0.02896
sd11-b000,jan-p10-t1k,338,10,0.03967
sd11-b000,jan-p10-t1k,486,9,0.05430
sd11-b000,jan-p10-t1k,700,9,0.07356
sd11-b000,jan-p10-t1k,1007,8,0.09901
sd11-b000,jan-p10-t1k,1449,7,0.13266
sd11-b000,jan-p10-t1k,2084,6,0.17707
sd11-b000,jan-p10-t1k,2999,6,0.23197
sd11-b000,jan-p10-t1k,4316,5,0.30141
sd11-b000,jan-p10-t1k,6210,4,0.38968
sd11-b000,jan-p10-t1k,8937,4,0.49876
sd11-b000,jan-p10-t1k,12859,3,0.61812
sd11-b000,jan-p10-t1k,18504,2,0.74946
sd11-b000,jan-p10-t1k,26626,1,0.88312
sd11-b000,jan-p10-t1k,38314,1,1.00000
sd11-b000,jan-p20-t1k,1,33,0.00016
sd11-b000,jan-p20-t1k,2,32,0.00032
sd11-b000,jan-p20-t1k,3,31,0.00048
sd11-b000,jan-p20-t1k,4,31,0.00064
sd11-b000,jan-p20-t1k,6,30,0.00093
sd11-b000,jan-p20-t1k,9,28,0.00136
sd11-b000,jan-p20-t1k,13,28,0.00192
sd11-b000,jan-p20-t1k,19,27,0.00273
sd11-b000,jan-p20-t1k,28,25,0.00388
sd11-b000,jan-p20-t1k,41,24,0.00546
sd11-b000,jan-p20-t1k,59,23,0.00756
sd11-b000,jan-p20-t1k,86,22,0.01056
sd11-b000,jan-p20-t1k,124,21,0.01464
sd11-b000,jan-p20-t1k,180,20,0.02036
sd11-b000,jan-p20-t1k,261,19,0.02819
sd11-b000,jan-p20-t1k,379,18,0.03902
sd11-b000,jan-p20-t1k,549,17,0.05358
sd11-b000,jan-p20-t1k,796,15,0.07322
sd11-b000,jan-p20-t1k,1153,14,0.09939
sd11-b000,jan-p20-t1k,1671,13,0.13422
sd11-b000,jan-p20-t1k,2422,11,0.18005
sd11-b000,jan-p20-t1k,3510,10,0.23819
sd11-b000,jan-p20-t1k,5086,9,0.31250
sd11-b000,jan-p20-t1k,7372,7,0.40509
sd11-b000,jan-p20-t1k,10683,6,0.51513
sd11-b000,jan-p20-t1k,15483,5,0.64389
sd11-b000,jan-p20-t1k,22439,3,0.78148
sd11-b000,jan-p20-t1k,32520,2,0.90866
sd11-b000,jan-p20-t1k,47130,1,1.00000
sd11-b000,jan-p01-t10k,1,6,0.00060
sd11-b000,jan-p01-t10k,2,6,0.00120
sd11-b000,jan-p01-t10k,3,6,0.00180
sd11-b000,jan-p01-t10k,5,6,0.00300
sd11-b000,jan-p01-t10k,6,6,0.00360
sd11-b000,jan-p01-t10k,8,5,0.00460
sd11-b000,jan-p01-t10k,11,5,0.00610
sd11-b000,jan-p01-t10k,15,5,0.00810
sd11-b000,jan-p01-t10k,21,5,0.01110
sd11-b000,jan-p01-t10k,28,5,0.01460
sd11-b000,jan-p01-t10k,38,4,0.01870
sd11-b000,jan-p01-t10k,51,4,0.02390
sd11-b000,jan-p01-t10k,69,4,0.03110
sd11-b000,jan-p01-t10k,94,4,0.04110
sd11-b000,jan-p01-t10k,127,4,0.05430
sd11-b000,jan-p01-t10k,172,3,0.07070
sd11-b000,jan-p01-t10k,233,3,0.08900
sd11-b000,jan-p01-t10k,315,3,0.11360
sd11-b000,jan-p01-t10k,426,3,0.14690
sd11-b000,jan-p01-t10k,577,3,0.19220
sd11-b000,jan-p01-t10k,781,2,0.24880
sd11-b000,jan-p01-t10k,1057,2,0.30400
sd11-b000,jan-p01-t10k,1431,2,0.37880
sd11-b000,jan-p01-t10k,1936,2,0.47980
sd11-b000,jan-p01-t10k,2621,1,0.61210
sd11-b000,jan-p01-t10k,3548,1,0.70480
sd11-b000,jan-p01-t10k,4802,1,0.83020
sd11-b000,jan-p01-t10k,6500,1,1.00000
sd11-b000,jan-p10-t10k,1,17,0.00017
sd11-b000,jan-p10-t10k,2,17,0.00034
sd11-b000,jan-p10-t10k,3,17,0.00051
sd11-b000,jan-p10-t10k,4,16,0.00067
sd11-b000,jan-p10-t10k,6,16,0.00099
sd11-b000,jan-p10-t10k,9,15,0.00144
sd11-b000,jan-p10-t10k,13,15,0.00204
sd11-b000,jan-p10-t10k,18,14,0.00277
sd11-b000,jan-p10-t10k,26,14,0.00389
sd11-b000,jan-p10-t10k,38,13,0.00556
sd11-b000,jan-p10-t10k,54,13,0.00764
sd11-b000,jan-p10-t10k,78,12,0.01063
sd11-b000,jan-p10-t10k,112,12,0.01471
sd11-b000,jan-p10-t10k,161,11,0.02016
sd11-b000,jan-p10-t10k,232,11,0.02797
sd11-b000,jan-p10-t10k,333,10,0.03809
sd11-b000,jan-p10-t10k,479,9,0.05192
sd11-b000,jan-p10-t10k,688,9,0.07073
sd11-b000,jan-p10-t10k,990,8,0.09510
sd11-b000,jan-p10-t10k,1423,7,0.12752
sd11-b000,jan-p10-t10k,2045,6,0.17098
sd11-b000,jan-p10-t10k,2941,6,0.22474
sd11-b000,jan-p10-t10k,4228,5,0.29388
sd11-b000,jan-p10-t10k,6078,4,0.38223
sd11-b000,jan-p10-t10k,8738,4,0.48863
sd11-b000,jan-p10-t10k,12562,3,0.60906
sd11-b000,jan-p10-t10k,18060,2,0.74413
sd11-b000,jan-p10-t10k,25964,1,0.88637
sd11-b000,jan-p10-t10k,37327,1,1.00000
sd11-b000,jan-p20-t10k,1,32,0.00016
sd11-b000,jan-p20-t10k,2,30,0.00031
sd11-b000,jan-p20-t10k,3,29,0.00046
sd11-b000,jan-p20-t10k,4,29,0.00060
sd11-b000,jan-p20-t10k,6,27,0.00088
sd11-b000,jan-p20-t10k,9,26,0.00128
sd11-b000,jan-p20-t10k,13,26,0.00179
sd11-b000,jan-p20-t10k,19,26,0.00258
sd11-b000,jan-p20-t10k,28,24,0.00368
sd11-b000,jan-p20-t10k,41,24,0.00524
sd11-b000,jan-p20-t10k,59,23,0.00733
sd11-b000,jan-p20-t10k,85,22,0.01022
sd11-b000,jan-p20-t10k,124,21,0.01438
sd11-b000,jan-p20-t10k,179,20,0.01998
sd11-b000,jan-p20-t10k,260,19,0.02789
sd11-b000,jan-p20-t10k,377,18,0.03864
sd11-b000,jan-p20-t10k,546,17,0.05321
sd11-b000,jan-p20-t10k,790,15,0.07247
sd11-b000,jan-p20-t10k,1145,14,0.09847
sd11-b000,jan-p20-t10k,1659,13,0.13300
sd11-b000,jan-p20-t10k,2404,12,0.17840
sd11-b000,jan-p20-t10k,3482,10,0.23639
sd11-b000,jan-p20-t10k,5045,9,0.31052
sd11-b000,jan-p20-t10k,7309,7,0.40330
sd11-b000,jan-p20-t10k,10588,6,0.51236
sd11-b000,jan-p20-t10k,15340,5,0.64021
sd11-b000,jan-p20-t10k,22223,3,0.77763
sd11-b000,jan-p20-t10k,32196,2,0.90616
sd11-b000,jan-p20-t10k,46644,1,1.00000
