cenario,amostra,cache_objetos,hit_teorico,hit_completa,hit_amostra,erro_vs_completa
sd01-b300,completa,1,0.79031,0.79012,0.79012,0.00000
sd01-b300,completa,2,0.88910,0.88924,0.88924,0.00000
sd01-b300,completa,3,0.91837,0.91890,0.91890,0.00000
sd01-b300,completa,4,0.93072,0.93102,0.93102,0.00000
sd01-b300,completa,5,0.93704,0.93742,0.93742,0.00000
sd01-b300,completa,7,0.94301,0.94342,0.94342,0.00000
sd01-b300,completa,9,0.94563,0.94608,0.94608,0.00000
sd01-b300,completa,10,0.94642,0.94689,0.94689,0.00000
sd01-b300,completa,13,0.94783,0.94836,0.94836,0.00000
sd01-b300,completa,18,0.94885,0.94941,0.94941,0.00000
sd01-b300,completa,25,0.94939,0.94993,0.94993,0.00000
sd01-b300,completa,34,0.94967,0.95016,0.95016,0.00000
sd01-b300,completa,47,0.94982,0.95033,0.95033,0.00000
sd01-b300,completa,65,0.94991,0.95040,0.95040,0.00000
sd01-b300,completa,90,0.94995,0.95044,0.95044,0.00000
sd01-b300,completa,100,0.94996,0.95045,0.95045,0.00000
sd01-b300,completa,124,0.94997,0.95046,0.95046,0.00000
sd01-b300,completa,171,0.94999,0.95047,0.95047,0.00000
sd01-b300,completa,236,0.94999,0.95047,0.95047,0.00000
sd01-b300,completa,325,0.95000,0.95047,0.95047,0.00000
sd01-b300,completa,448,0.95000,0.95048,0.95048,0.00000
sd01-b300,completa,618,0.95000,0.95048,0.95048,0.00000
sd01-b300,completa,852,0.95000,0.95048,0.95048,0.00000
sd01-b300,completa,1000,0.95000,0.95048,0.95048,0.00000
sd01-b300,completa,1174,0.95000,0.95048,0.95048,0.00000
sd01-b300,completa,1619,0.95000,0.95048,0.95048,0.00000
sd01-b300,completa,2233,0.95000,0.95048,0.95048,0.00000
sd01-b300,completa,3079,0.95000,0.95048,0.95048,0.00000
sd01-b300,completa,4245,0.95000,0.95048,0.95048,0.00000
sd01-b300,completa,5854,0.95000,0.95048,0.95048,0.00000
sd01-b300,completa,8072,0.95000,0.95048,0.95048,0.00000
sd01-b300,completa,10000,0.95000,0.95048,0.95048,0.00000
sd01-b300,completa,11130,0.95000,0.95048,0.95048,0.00000
sd01-b300,completa,15348,0.95000,0.95048,0.95048,0.00000
sd01-b300,completa,21163,0.95000,0.95048,0.95048,0.00000
sd01-b300,completa,29182,0.95000,0.95048,0.95048,0.00000
sd01-b300,completa,40239,0.95000,0.95048,0.95048,0.00000
sd01-b300,completa,55486,0.95000,0.95048,0.95048,0.00000
sd01-b300,completa,76510,0.95000,0.95048,0.95048,0.00000
sd01-b300,completa,105501,0.95000,0.95048,0.95048,0.00000
sd01-b300,completa,145476,0.95000,0.95048,0.95048,0.00000
sd01-b300,completa,200598,0.95000,0.95048,0.95048,0.00000
sd01-b300,completa,276605,0.95000,0.95048,0.95048,0.00000
sd01-b300,completa,381413,0.95000,0.95048,0.95048,0.00000
sd01-b300,completa,525933,0.95000,0.95048,0.95048,0.00000
sd01-b300,completa,725212,0.95000,0.95048,0.95048,0.00000
sd01-b300,completa,1000000,0.95000,0.95048,0.95048,0.00000
sd01-b300,sis-p01,1,0.79031,0.79012,0.04300,-0.74712
sd01-b300,sis-p01,2,0.88910,0.88924,0.05759,-0.83165
sd01-b300,sis-p01,3,0.91837,0.91890,0.06529,-0.85361
sd01-b300,sis-p01,4,0.93072,0.93102,0.06769,-0.86332
sd01-b300,sis-p01,5,0.93704,0.93742,0.06889,-0.86853
sd01-b300,sis-p01,7,0.94301,0.94342,0.06989,-0.87352
sd01-b300,sis-p01,9,0.94563,0.94608,0.07029,-0.87579
sd01-b300,sis-p01,10,0.94642,0.94689,0.07029,-0.87660
sd01-b300,sis-p01,13,0.94783,0.94836,0.07049,-0.87786
sd01-b300,sis-p01,18,0.94885,0.94941,0.07059,-0.87882
sd01-b300,sis-p01,25,0.94939,0.94993,0.07059,-0.87934
sd01-b300,sis-p01,34,0.94967,0.95016,0.07059,-0.87957
sd01-b300,sis-p01,47,0.94982,0.95033,0.07059,-0.87974
sd01-b300,sis-p01,65,0.94991,0.95040,0.07059,-0.87980
sd01-b300,sis-p01,90,0.94995,0.95044,0.07059,-0.87985
sd01-b300,sis-p01,100,0.94996,0.95045,0.07059,-0.87986
sd01-b300,sis-p01,124,0.94997,0.95046,0.07059,-0.87987
sd01-b300,sis-p01,171,0.94999,0.95047,0.07059,-0.87988
sd01-b300,sis-p01,236,0.94999,0.95047,0.07059,-0.87988
sd01-b300,sis-p01,325,0.95000,0.95047,0.07059,-0.87988
sd01-b300,sis-p01,448,0.95000,0.95048,0.07059,-0.87989
sd01-b300,sis-p01,618,0.95000,0.95048,0.07059,-0.87989
sd01-b300,sis-p01,852,0.95000,0.95048,0.07059,-0.87989
sd01-b300,sis-p01,1000,0.95000,0.95048,0.07059,-0.87989
sd01-b300,sis-p01,1174,0.95000,0.95048,0.07059,-0.87989
sd01-b300,sis-p01,1619,0.95000,0.95048,0.07059,-0.87989
sd01-b300,sis-p01,2233,0.95000,0.95048,0.07059,-0.87989
sd01-b300,sis-p01,3079,0.95000,0.95048,0.07059,-0.87989
sd01-b300,sis-p01,4245,0.95000,0.95048,0.07059,-0.87989
sd01-b300,sis-p01,5854,0.95000,0.95048,0.07059,-0.87989
sd01-b300,sis-p01,8072,0.95000,0.95048,0.07059,-0.87989
sd01-b300,sis-p01,10000,0.95000,0.95048,0.07059,-0.87989
sd01-b300,sis-p01,11130,0.95000,0.95048,0.07059,-0.87989
sd01-b300,sis-p01,15348,0.95000,0.95048,0.07059,-0.87989
sd01-b300,sis-p01,21163,0.95000,0.95048,0.07059,-0.87989
sd01-b300,sis-p01,29182,0.95000,0.95048,0.07059,-0.87989
sd01-b300,sis-p01,40239,0.95000,0.95048,0.07059,-0.87989
sd01-b300,sis-p01,55486,0.95000,0.95048,0.07059,-0.87989
sd01-b300,sis-p01,76510,0.95000,0.95048,0.07059,-0.87989
sd01-b300,sis-p01,105501,0.95000,0.95048,0.07059,-0.87989
sd01-b300,sis-p01,145476,0.95000,0.95048,0.07059,-0.87989
sd01-b300,sis-p01,200598,0.95000,0.95048,0.07059,-0.87989
sd01-b300,sis-p01,276605,0.95000,0.95048,0.07059,-0.87989
sd01-b300,sis-p01,381413,0.95000,0.95048,0.07059,-0.87989
sd01-b300,sis-p01,525933,0.95000,0.95048,0.07059,-0.87989
sd01-b300,sis-p01,725212,0.95000,0.95048,0.07059,-0.87989
sd01-b300,sis-p01,1000000,0.95000,0.95048,0.07059,-0.87989
sd01-b300,sis-p10,1,0.79031,0.79012,0.28301,-0.50711
sd01-b300,sis-p10,2,0.88910,0.88924,0.42808,-0.46117
sd01-b300,sis-p10,3,0.91837,0.91890,0.50174,-0.41716
sd01-b300,sis-p10,4,0.93072,0.93102,0.54194,-0.38907
sd01-b300,sis-p10,5,0.93704,0.93742,0.56564,-0.37177
sd01-b300,sis-p10,7,0.94301,0.94342,0.59042,-0.35299
sd01-b300,sis-p10,9,0.94563,0.94608,0.60199,-0.34409
sd01-b300,sis-p10,10,0.94642,0.94689,0.60539,-0.34150
sd01-b300,sis-p10,13,0.94783,0.94836,0.61187,-0.33648
sd01-b300,sis-p10,18,0.94885,0.94941,0.61583,-0.33358
sd01-b300,sis-p10,25,0.94939,0.94993,0.61778,-0.33215
sd01-b300,sis-p10,34,0.94967,0.95016,0.61892,-0.33124
sd01-b300,sis-p10,47,0.94982,0.95033,0.61949,-0.33083
sd01-b300,sis-p10,65,0.94991,0.95040,0.61981,-0.33058
sd01-b300,sis-p10,90,0.94995,0.95044,0.61999,-0.33045
sd01-b300,sis-p10,100,0.94996,0.95045,0.61999,-0.33046
sd01-b300,sis-p10,124,0.94997,0.95046,0.62002,-0.33044
sd01-b300,sis-p10,171,0.94999,0.95047,0.62008,-0.33039
sd01-b300,sis-p10,236,0.94999,0.95047,0.62009,-0.33038
sd01-b300,sis-p10,325,0.95000,0.95047,0.62010,-0.33037
sd01-b300,sis-p10,448,0.95000,0.95048,0.62012,-0.33035
sd01-b300,sis-p10,618,0.95000,0.95048,0.62012,-0.33036
sd01-b300,sis-p10,852,0.95000,0.95048,0.62013,-0.33035
sd01-b300,sis-p10,1000,0.95000,0.95048,0.62013,-0.33035
sd01-b300,sis-p10,1174,0.95000,0.95048,0.62013,-0.33035
sd01-b300,sis-p10,1619,0.95000,0.95048,0.62013,-0.33035
sd01-b300,sis-p10,2233,0.95000,0.95048,0.62013,-0.33035
sd01-b300,sis-p10,3079,0.95000,0.95048,0.62013,-0.33035
sd01-b300,sis-p10,4245,0.95000,0.95048,0.62013,-0.33035
sd01-b300,sis-p10,5854,0.95000,0.95048,0.62013,-0.33035
sd01-b300,sis-p10,8072,0.95000,0.95048,0.62013,-0.33035
sd01-b300,sis-p10,10000,0.95000,0.95048,0.62013,-0.33035
sd01-b300,sis-p10,11130,0.95000,0.95048,0.62013,-0.33035
sd01-b300,sis-p10,15348,0.95000,0.95048,0.62013,-0.33035
sd01-b300,sis-p10,21163,0.95000,0.95048,0.62013,-0.33035
sd01-b300,sis-p10,29182,0.95000,0.95048,0.62013,-0.33035
sd01-b300,sis-p10,40239,0.95000,0.95048,0.62013,-0.33035
sd01-b300,sis-p10,55486,0.95000,0.95048,0.62013,-0.33035
sd01-b300,sis-p10,76510,0.95000,0.95048,0.62013,-0.33035
sd01-b300,sis-p10,105501,0.95000,0.95048,0.62013,-0.33035
sd01-b300,sis-p10,145476,0.95000,0.95048,0.62013,-0.33035
sd01-b300,sis-p10,200598,0.95000,0.95048,0.62013,-0.33035
sd01-b300,sis-p10,276605,0.95000,0.95048,0.62013,-0.33035
sd01-b300,sis-p10,381413,0.95000,0.95048,0.62013,-0.33035
sd01-b300,sis-p10,525933,0.95000,0.95048,0.62013,-0.33035
sd01-b300,sis-p10,725212,0.95000,0.95048,0.62013,-0.33035
sd01-b300,sis-p10,1000000,0.95000,0.95048,0.62013,-0.33035
sd01-b300,sis-p20,1,0.79031,0.79012,0.41666,-0.37345
sd01-b300,sis-p20,2,0.88910,0.88924,0.59620,-0.29305
sd01-b300,sis-p20,3,0.91837,0.91890,0.67459,-0.24431
sd01-b300,sis-p20,4,0.93072,0.93102,0.71262,-0.21840
sd01-b300,sis-p20,5,0.93704,0.93742,0.73378,-0.20364
sd01-b300,sis-p20,7,0.94301,0.94342,0.75453,-0.18889
sd01-b300,sis-p20,9,0.94563,0.94608,0.76369,-0.18239
sd01-b300,sis-p20,10,0.94642,0.94689,0.76660,-0.18030
sd01-b300,sis-p20,13,0.94783,0.94836,0.77192,-0.17644
sd01-b300,sis-p20,18,0.94885,0.94941,0.77534,-0.17408
sd01-b300,sis-p20,25,0.94939,0.94993,0.77714,-0.17279
sd01-b300,sis-p20,34,0.94967,0.95016,0.77797,-0.17219
sd01-b300,sis-p20,47,0.94982,0.95033,0.77850,-0.17183
sd01-b300,sis-p20,65,0.94991,0.95040,0.77876,-0.17164
sd01-b300,sis-p20,90,0.94995,0.95044,0.77891,-0.17153
sd01-b300,sis-p20,100,0.94996,0.95045,0.77892,-0.17153
sd01-b300,sis-p20,124,0.94997,0.95046,0.77894,-0.17152
sd01-b300,sis-p20,171,0.94999,0.95047,0.77900,-0.17148
sd01-b300,sis-p20,236,0.94999,0.95047,0.77900,-0.17147
sd01-b300,sis-p20,325,0.95000,0.95047,0.77901,-0.17146
sd01-b300,sis-p20,448,0.95000,0.95048,0.77903,-0.17145
sd01-b300,sis-p20,618,0.95000,0.95048,0.77903,-0.17145
sd01-b300,sis-p20,852,0.95000,0.95048,0.77904,-0.17144
sd01-b300,sis-p20,1000,0.95000,0.95048,0.77904,-0.17144
sd01-b300,sis-p20,1174,0.95000,0.95048,0.77904,-0.17144
sd01-b300,sis-p20,1619,0.95000,0.95048,0.77904,-0.17144
sd01-b300,sis-p20,2233,0.95000,0.95048,0.77904,-0.17144
sd01-b300,sis-p20,3079,0.95000,0.95048,0.77904,-0.17144
sd01-b300,sis-p20,4245,0.95000,0.95048,0.77904,-0.17144
sd01-b300,sis-p20,5854,0.95000,0.95048,0.77904,-0.17144
sd01-b300,sis-p20,8072,0.95000,0.95048,0.77904,-0.17144
sd01-b300,sis-p20,10000,0.95000,0.95048,0.77904,-0.17144
sd01-b300,sis-p20,11130,0.95000,0.95048,0.77904,-0.17144
sd01-b300,sis-p20,15348,0.95000,0.95048,0.77904,-0.17144
sd01-b300,sis-p20,21163,0.95000,0.95048,0.77904,-0.17144
sd01-b300,sis-p20,29182,0.95000,0.95048,0.77904,-0.17144
sd01-b300,sis-p20,40239,0.95000,0.95048,0.77904,-0.17144
sd01-b300,sis-p20,55486,0.95000,0.95048,0.77904,-0.17144
sd01-b300,sis-p20,76510,0.95000,0.95048,0.77904,-0.17144
sd01-b300,sis-p20,105501,0.95000,0.95048,0.77904,-0.17144
sd01-b300,sis-p20,145476,0.95000,0.95048,0.77904,-0.17144
sd01-b300,sis-p20,200598,0.95000,0.95048,0.77904,-0.17144
sd01-b300,sis-p20,276605,0.95000,0.95048,0.77904,-0.17144
sd01-b300,sis-p20,381413,0.95000,0.95048,0.77904,-0.17144
sd01-b300,sis-p20,525933,0.95000,0.95048,0.77904,-0.17144
sd01-b300,sis-p20,725212,0.95000,0.95048,0.77904,-0.17144
sd01-b300,sis-p20,1000000,0.95000,0.95048,0.77904,-0.17144
sd01-b300,jan-p01-t1k,1,0.79031,0.79012,0.78500,-0.00512
sd01-b300,jan-p01-t1k,2,0.88910,0.88924,0.88720,-0.00204
sd01-b300,jan-p01-t1k,3,0.91837,0.91890,0.91630,-0.00260
sd01-b300,jan-p01-t1k,4,0.93072,0.93102,0.92820,-0.00282
sd01-b300,jan-p01-t1k,5,0.93704,0.93742,0.93550,-0.00192
sd01-b300,jan-p01-t1k,7,0.94301,0.94342,0.93980,-0.00362
sd01-b300,jan-p01-t1k,9,0.94563,0.94608,0.94260,-0.00348
sd01-b300,jan-p01-t1k,10,0.94642,0.94689,0.94290,-0.00399
sd01-b300,jan-p01-t1k,13,0.94783,0.94836,0.94420,-0.00416
sd01-b300,jan-p01-t1k,18,0.94885,0.94941,0.94490,-0.00451
sd01-b300,jan-p01-t1k,25,0.94939,0.94993,0.94500,-0.00493
sd01-b300,jan-p01-t1k,34,0.94967,0.95016,0.94530,-0.00486
sd01-b300,jan-p01-t1k,47,0.94982,0.95033,0.94530,-0.00503
sd01-b300,jan-p01-t1k,65,0.94991,0.95040,0.94530,-0.00510
sd01-b300,jan-p01-t1k,90,0.94995,0.95044,0.94530,-0.00514
sd01-b300,jan-p01-t1k,100,0.94996,0.95045,0.94530,-0.00515
sd01-b300,jan-p01-t1k,124,0.94997,0.95046,0.94530,-0.00516
sd01-b300,jan-p01-t1k,171,0.94999,0.95047,0.94530,-0.00517
sd01-b300,jan-p01-t1k,236,0.94999,0.95047,0.94530,-0.00517
sd01-b300,jan-p01-t1k,325,0.95000,0.95047,0.94530,-0.00517
sd01-b300,jan-p01-t1k,448,0.95000,0.95048,0.94530,-0.00518
sd01-b300,jan-p01-t1k,618,0.95000,0.95048,0.94530,-0.00518
sd01-b300,jan-p01-t1k,852,0.95000,0.95048,0.94530,-0.00518
sd01-b300,jan-p01-t1k,1000,0.95000,0.95048,0.94530,-0.00518
sd01-b300,jan-p01-t1k,1174,0.95000,0.95048,0.94530,-0.00518
sd01-b300,jan-p01-t1k,1619,0.95000,0.95048,0.94530,-0.00518
sd01-b300,jan-p01-t1k,2233,0.95000,0.95048,0.94530,-0.00518
sd01-b300,jan-p01-t1k,3079,0.95000,0.95048,0.94530,-0.00518
sd01-b300,jan-p01-t1k,4245,0.95000,0.95048,0.94530,-0.00518
sd01-b300,jan-p01-t1k,5854,0.95000,0.95048,0.94530,-0.00518
sd01-b300,jan-p01-t1k,8072,0.95000,0.95048,0.94530,-0.00518
sd01-b300,jan-p01-t1k,10000,0.95000,0.95048,0.94530,-0.00518
sd01-b300,jan-p01-t1k,11130,0.95000,0.95048,0.94530,-0.00518
sd01-b300,jan-p01-t1k,15348,0.95000,0.95048,0.94530,-0.00518
sd01-b300,jan-p01-t1k,21163,0.95000,0.95048,0.94530,-0.00518
sd01-b300,jan-p01-t1k,29182,0.95000,0.95048,0.94530,-0.00518
sd01-b300,jan-p01-t1k,40239,0.95000,0.95048,0.94530,-0.00518
sd01-b300,jan-p01-t1k,55486,0.95000,0.95048,0.94530,-0.00518
sd01-b300,jan-p01-t1k,76510,0.95000,0.95048,0.94530,-0.00518
sd01-b300,jan-p01-t1k,105501,0.95000,0.95048,0.94530,-0.00518
sd01-b300,jan-p01-t1k,145476,0.95000,0.95048,0.94530,-0.00518
sd01-b300,jan-p01-t1k,200598,0.95000,0.95048,0.94530,-0.00518
sd01-b300,jan-p01-t1k,276605,0.95000,0.95048,0.94530,-0.00518
sd01-b300,jan-p01-t1k,381413,0.95000,0.95048,0.94530,-0.00518
sd01-b300,jan-p01-t1k,525933,0.95000,0.95048,0.94530,-0.00518
sd01-b300,jan-p01-t1k,725212,0.95000,0.95048,0.94530,-0.00518
sd01-b300,jan-p01-t1k,1000000,0.95000,0.95048,0.94530,-0.00518
sd01-b300,jan-p10-t1k,1,0.79031,0.79012,0.78812,-0.00200
sd01-b300,jan-p10-t1k,2,0.88910,0.88924,0.88706,-0.00218
sd01-b300,jan-p10-t1k,3,0.91837,0.91890,0.91722,-0.00168
sd01-b300,jan-p10-t1k,4,0.93072,0.93102,0.92897,-0.00205
sd01-b300,jan-p10-t1k,5,0.93704,0.93742,0.93545,-0.00197
sd01-b300,jan-p10-t1k,7,0.94301,0.94342,0.94111,-0.00231
sd01-b300,jan-p10-t1k,9,0.94563,0.94608,0.94352,-0.00256
sd01-b300,jan-p10-t1k,10,0.94642,0.94689,0.94413,-0.00276
sd01-b300,jan-p10-t1k,13,0.94783,0.94836,0.94531,-0.00305
sd01-b300,jan-p10-t1k,18,0.94885,0.94941,0.94610,-0.00331
sd01-b300,jan-p10-t1k,25,0.94939,0.94993,0.94639,-0.00354
sd01-b300,jan-p10-t1k,34,0.94967,0.95016,0.94653,-0.00363
sd01-b300,jan-p10-t1k,47,0.94982,0.95033,0.94658,-0.00375
sd01-b300,jan-p10-t1k,65,0.94991,0.95040,0.94658,-0.00382
sd01-b300,jan-p10-t1k,90,0.94995,0.95044,0.94658,-0.00386
sd01-b300,jan-p10-t1k,100,0.94996,0.95045,0.94658,-0.00387
sd01-b300,jan-p10-t1k,124,0.94997,0.95046,0.94658,-0.00388
sd01-b300,jan-p10-t1k,171,0.94999,0.95047,0.94658,-0.00389
sd01-b300,jan-p10-t1k,236,0.94999,0.95047,0.94658,-0.00389
sd01-b300,jan-p10-t1k,325,0.95000,0.95047,0.94658,-0.00389
sd01-b300,jan-p10-t1k,448,0.95000,0.95048,0.94658,-0.00390
sd01-b300,jan-p10-t1k,618,0.95000,0.95048,0.94658,-0.00390
sd01-b300,jan-p10-t1k,852,0.95000,0.95048,0.94658,-0.00390
sd01-b300,jan-p10-t1k,1000,0.95000,0.95048,0.94658,-0.00390
sd01-b300,jan-p10-t1k,1174,0.95000,0.95048,0.94658,-0.00390
sd01-b300,jan-p10-t1k,1619,0.95000,0.95048,0.94658,-0.00390
sd01-b300,jan-p10-t1k,2233,0.95000,0.95048,0.94658,-0.00390
sd01-b300,jan-p10-t1k,3079,0.95000,0.95048,0.94658,-0.00390
sd01-b300,jan-p10-t1k,4245,0.95000,0.95048,0.94658,-0.00390
sd01-b300,jan-p10-t1k,5854,0.95000,0.95048,0.94658,-0.00390
sd01-b300,jan-p10-t1k,8072,0.95000,0.95048,0.94658,-0.00390
sd01-b300,jan-p10-t1k,10000,0.95000,0.95048,0.94658,-0.00390
sd01-b300,jan-p10-t1k,11130,0.95000,0.95048,0.94658,-0.00390
sd01-b300,jan-p10-t1k,15348,0.95000,0.95048,0.94658,-0.00390
sd01-b300,jan-p10-t1k,21163,0.95000,0.95048,0.94658,-0.00390
sd01-b300,jan-p10-t1k,29182,0.95000,0.95048,0.94658,-0.00390
sd01-b300,jan-p10-t1k,40239,0.95000,0.95048,0.94658,-0.00390
sd01-b300,jan-p10-t1k,55486,0.95000,0.95048,0.94658,-0.00390
sd01-b300,jan-p10-t1k,76510,0.95000,0.95048,0.94658,-0.00390
sd01-b300,jan-p10-t1k,105501,0.95000,0.95048,0.94658,-0.00390
sd01-b300,jan-p10-t1k,145476,0.95000,0.95048,0.94658,-0.00390
sd01-b300,jan-p10-t1k,200598,0.95000,0.95048,0.94658,-0.00390
sd01-b300,jan-p10-t1k,276605,0.95000,0.95048,0.94658,-0.00390
sd01-b300,jan-p10-t1k,381413,0.95000,0.95048,0.94658,-0.00390
sd01-b300,jan-p10-t1k,525933,0.95000,0.95048,0.94658,-0.00390
sd01-b300,jan-p10-t1k,725212,0.95000,0.95048,0.94658,-0.00390
sd01-b300,jan-p10-t1k,1000000,0.95000,0.95048,0.94658,-0.00390
sd01-b300,jan-p20-t1k,1,0.79031,0.79012,0.78856,-0.00156
sd01-b300,jan-p20-t1k,2,0.88910,0.88924,0.88713,-0.00212
sd01-b300,jan-p20-t1k,3,0.91837,0.91890,0.91697,-0.00193
sd01-b300,jan-p20-t1k,4,0.93072,0.93102,0.92870,-0.00232
sd01-b300,jan-p20-t1k,5,0.93704,0.93742,0.93512,-0.00230
sd01-b300,jan-p20-t1k,7,0.94301,0.94342,0.94076,-0.00265
sd01-b300,jan-p20-t1k,9,0.94563,0.94608,0.94326,-0.00282
sd01-b300,jan-p20-t1k,10,0.94642,0.94689,0.94392,-0.00297
sd01-b300,jan-p20-t1k,13,0.94783,0.94836,0.94503,-0.00333
sd01-b300,jan-p20-t1k,18,0.94885,0.94941,0.94583,-0.00359
sd01-b300,jan-p20-t1k,25,0.94939,0.94993,0.94622,-0.00372
sd01-b300,jan-p20-t1k,34,0.94967,0.95016,0.94632,-0.00385
sd01-b300,jan-p20-t1k,47,0.94982,0.95033,0.94637,-0.00395
sd01-b300,jan-p20-t1k,65,0.94991,0.95040,0.94637,-0.00402
sd01-b300,jan-p20-t1k,90,0.94995,0.95044,0.94637,-0.00407
sd01-b300,jan-p20-t1k,100,0.94996,0.95045,0.94637,-0.00408
sd01-b300,jan-p20-t1k,124,0.94997,0.95046,0.94637,-0.00409
sd01-b300,jan-p20-t1k,171,0.94999,0.95047,0.94637,-0.00410
sd01-b300,jan-p20-t1k,236,0.94999,0.95047,0.94637,-0.00410
sd01-b300,jan-p20-t1k,325,0.95000,0.95047,0.94637,-0.00410
sd01-b300,jan-p20-t1k,448,0.95000,0.95048,0.94637,-0.00410
sd01-b300,jan-p20-t1k,618,0.95000,0.95048,0.94637,-0.00411
sd01-b300,jan-p20-t1k,852,0.95000,0.95048,0.94637,-0.00411
sd01-b300,jan-p20-t1k,1000,0.95000,0.95048,0.94637,-0.00411
sd01-b300,jan-p20-t1k,1174,0.95000,0.95048,0.94637,-0.00411
sd01-b300,jan-p20-t1k,1619,0.95000,0.95048,0.94637,-0.00411
sd01-b300,jan-p20-t1k,2233,0.95000,0.95048,0.94637,-0.00411
sd01-b300,jan-p20-t1k,3079,0.95000,0.95048,0.94637,-0.00411
sd01-b300,jan-p20-t1k,4245,0.95000,0.95048,0.94637,-0.00411
sd01-b300,jan-p20-t1k,5854,0.95000,0.95048,0.94637,-0.00411
sd01-b300,jan-p20-t1k,8072,0.95000,0.95048,0.94637,-0.00411
sd01-b300,jan-p20-t1k,10000,0.95000,0.95048,0.94637,-0.00411
sd01-b300,jan-p20-t1k,11130,0.95000,0.95048,0.94637,-0.00411
sd01-b300,jan-p20-t1k,15348,0.95000,0.95048,0.94637,-0.00411
sd01-b300,jan-p20-t1k,21163,0.95000,0.95048,0.94637,-0.00411
sd01-b300,jan-p20-t1k,29182,0.95000,0.95048,0.94637,-0.00411
sd01-b300,jan-p20-t1k,40239,0.95000,0.95048,0.94637,-0.00411
sd01-b300,jan-p20-t1k,55486,0.95000,0.95048,0.94637,-0.00411
sd01-b300,jan-p20-t1k,76510,0.95000,0.95048,0.94637,-0.00411
sd01-b300,jan-p20-t1k,105501,0.95000,0.95048,0.94637,-0.00411
sd01-b300,jan-p20-t1k,145476,0.95000,0.95048,0.94637,-0.00411
sd01-b300,jan-p20-t1k,200598,0.95000,0.95048,0.94637,-0.00411
sd01-b300,jan-p20-t1k,276605,0.95000,0.95048,0.94637,-0.00411
sd01-b300,jan-p20-t1k,381413,0.95000,0.95048,0.94637,-0.00411
sd01-b300,jan-p20-t1k,525933,0.95000,0.95048,0.94637,-0.00411
sd01-b300,jan-p20-t1k,725212,0.95000,0.95048,0.94637,-0.00411
sd01-b300,jan-p20-t1k,1000000,0.95000,0.95048,0.94637,-0.00411
sd01-b300,jan-p01-t10k,1,0.79031,0.79012,0.78200,-0.00812
sd01-b300,jan-p01-t10k,2,0.88910,0.88924,0.88430,-0.00494
sd01-b300,jan-p01-t10k,3,0.91837,0.91890,0.91620,-0.00270
sd01-b300,jan-p01-t10k,4,0.93072,0.93102,0.92890,-0.00212
sd01-b300,jan-p01-t10k,5,0.93704,0.93742,0.93640,-0.00102
sd01-b300,jan-p01-t10k,7,0.94301,0.94342,0.94090,-0.00252
sd01-b300,jan-p01-t10k,9,0.94563,0.94608,0.94290,-0.00318
sd01-b300,jan-p01-t10k,10,0.94642,0.94689,0.94390,-0.00299
sd01-b300,jan-p01-t10k,13,0.94783,0.94836,0.94560,-0.00276
sd01-b300,jan-p01-t10k,18,0.94885,0.94941,0.94670,-0.00271
sd01-b300,jan-p01-t10k,25,0.94939,0.94993,0.94700,-0.00293
sd01-b300,jan-p01-t10k,34,0.94967,0.95016,0.94710,-0.00306
sd01-b300,jan-p01-t10k,47,0.94982,0.95033,0.94720,-0.00313
sd01-b300,jan-p01-t10k,65,0.94991,0.95040,0.94720,-0.00320
sd01-b300,jan-p01-t10k,90,0.94995,0.95044,0.94720,-0.00324
sd01-b300,jan-p01-t10k,100,0.94996,0.95045,0.94720,-0.00325
sd01-b300,jan-p01-t10k,124,0.94997,0.95046,0.94720,-0.00326
sd01-b300,jan-p01-t10k,171,0.94999,0.95047,0.94720,-0.00327
sd01-b300,jan-p01-t10k,236,0.94999,0.95047,0.94720,-0.00327
sd01-b300,jan-p01-t10k,325,0.95000,0.95047,0.94720,-0.00327
sd01-b300,jan-p01-t10k,448,0.95000,0.95048,0.94720,-0.00328
sd01-b300,jan-p01-t10k,618,0.95000,0.95048,0.94720,-0.00328
sd01-b300,jan-p01-t10k,852,0.95000,0.95048,0.94720,-0.00328
sd01-b300,jan-p01-t10k,1000,0.95000,0.95048,0.94720,-0.00328
sd01-b300,jan-p01-t10k,1174,0.95000,0.95048,0.94720,-0.00328
sd01-b300,jan-p01-t10k,1619,0.95000,0.95048,0.94720,-0.00328
sd01-b300,jan-p01-t10k,2233,0.95000,0.95048,0.94720,-0.00328
sd01-b300,jan-p01-t10k,3079,0.95000,0.95048,0.94720,-0.00328
sd01-b300,jan-p01-t10k,4245,0.95000,0.95048,0.94720,-0.00328
sd01-b300,jan-p01-t10k,5854,0.95000,0.95048,0.94720,-0.00328
sd01-b300,jan-p01-t10k,8072,0.95000,0.95048,0.94720,-0.00328
sd01-b300,jan-p01-t10k,10000,0.95000,0.95048,0.94720,-0.00328
sd01-b300,jan-p01-t10k,11130,0.95000,0.95048,0.94720,-0.00328
sd01-b300,jan-p01-t10k,15348,0.95000,0.95048,0.94720,-0.00328
sd01-b300,jan-p01-t10k,21163,0.95000,0.95048,0.94720,-0.00328
sd01-b300,jan-p01-t10k,29182,0.95000,0.95048,0.94720,-0.00328
sd01-b300,jan-p01-t10k,40239,0.95000,0.95048,0.94720,-0.00328
sd01-b300,jan-p01-t10k,55486,0.95000,0.95048,0.94720,-0.00328
sd01-b300,jan-p01-t10k,76510,0.95000,0.95048,0.94720,-0.00328
sd01-b300,jan-p01-t10k,105501,0.95000,0.95048,0.94720,-0.00328
sd01-b300,jan-p01-t10k,145476,0.95000,0.95048,0.94720,-0.00328
sd01-b300,jan-p01-t10k,200598,0.95000,0.95048,0.94720,-0.00328
sd01-b300,jan-p01-t10k,276605,0.95000,0.95048,0.94720,-0.00328
sd01-b300,jan-p01-t10k,381413,0.95000,0.95048,0.94720,-0.00328
sd01-b300,jan-p01-t10k,525933,0.95000,0.95048,0.94720,-0.00328
sd01-b300,jan-p01-t10k,725212,0.95000,0.95048,0.94720,-0.00328
sd01-b300,jan-p01-t10k,1000000,0.95000,0.95048,0.94720,-0.00328
sd01-b300,jan-p10-t10k,1,0.79031,0.79012,0.78838,-0.00174
sd01-b300,jan-p10-t10k,2,0.88910,0.88924,0.88732,-0.00192
sd01-b300,jan-p10-t10k,3,0.91837,0.91890,0.91717,-0.00173
sd01-b300,jan-p10-t10k,4,0.93072,0.93102,0.92991,-0.00111
sd01-b300,jan-p10-t10k,5,0.93704,0.93742,0.93646,-0.00096
sd01-b300,jan-p10-t10k,7,0.94301,0.94342,0.94224,-0.00118
sd01-b300,jan-p10-t10k,9,0.94563,0.94608,0.94496,-0.00112
sd01-b300,jan-p10-t10k,10,0.94642,0.94689,0.94577,-0.00112
sd01-b300,jan-p10-t10k,13,0.94783,0.94836,0.94717,-0.00119
sd01-b300,jan-p10-t10k,18,0.94885,0.94941,0.94817,-0.00124
sd01-b300,jan-p10-t10k,25,0.94939,0.94993,0.94857,-0.00136
sd01-b300,jan-p10-t10k,34,0.94967,0.95016,0.94878,-0.00138
sd01-b300,jan-p10-t10k,47,0.94982,0.95033,0.94889,-0.00144
sd01-b300,jan-p10-t10k,65,0.94991,0.95040,0.94894,-0.00146
sd01-b300,jan-p10-t10k,90,0.94995,0.95044,0.94898,-0.00146
sd01-b300,jan-p10-t10k,100,0.94996,0.95045,0.94899,-0.00146
sd01-b300,jan-p10-t10k,124,0.94997,0.95046,0.94899,-0.00147
sd01-b300,jan-p10-t10k,171,0.94999,0.95047,0.94900,-0.00147
sd01-b300,jan-p10-t10k,236,0.94999,0.95047,0.94901,-0.00146
sd01-b300,jan-p10-t10k,325,0.95000,0.95047,0.94901,-0.00146
sd01-b300,jan-p10-t10k,448,0.95000,0.95048,0.94902,-0.00146
sd01-b300,jan-p10-t10k,618,0.95000,0.95048,0.94902,-0.00146
sd01-b300,jan-p10-t10k,852,0.95000,0.95048,0.94902,-0.00146
sd01-b300,jan-p10-t10k,1000,0.95000,0.95048,0.94902,-0.00146
sd01-b300,jan-p10-t10k,1174,0.95000,0.95048,0.94902,-0.00146
sd01-b300,jan-p10-t10k,1619,0.95000,0.95048,0.94902,-0.00146
sd01-b300,jan-p10-t10k,2233,0.95000,0.95048,0.94902,-0.00146
sd01-b300,jan-p10-t10k,3079,0.95000,0.95048,0.94902,-0.00146
sd01-b300,jan-p10-t10k,4245,0.95000,0.95048,0.94902,-0.00146
sd01-b300,jan-p10-t10k,5854,0.95000,0.95048,0.94902,-0.00146
sd01-b300,jan-p10-t10k,8072,0.95000,0.95048,0.94902,-0.00146
sd01-b300,jan-p10-t10k,10000,0.95000,0.95048,0.94902,-0.00146
sd01-b300,jan-p10-t10k,11130,0.95000,0.95048,0.94902,-0.00146
sd01-b300,jan-p10-t10k,15348,0.95000,0.95048,0.94902,-0.00146
sd01-b300,jan-p10-t10k,21163,0.95000,0.95048,0.94902,-0.00146
sd01-b300,jan-p10-t10k,29182,0.95000,0.95048,0.94902,-0.00146
sd01-b300,jan-p10-t10k,40239,0.95000,0.95048,0.94902,-0.00146
sd01-b300,jan-p10-t10k,55486,0.95000,0.95048,0.94902,-0.00146
sd01-b300,jan-p10-t10k,76510,0.95000,0.95048,0.94902,-0.00146
sd01-b300,jan-p10-t10k,105501,0.95000,0.95048,0.94902,-0.00146
sd01-b300,jan-p10-t10k,145476,0.95000,0.95048,0.94902,-0.00146
sd01-b300,jan-p10-t10k,200598,0.95000,0.95048,0.94902,-0.00146
sd01-b300,jan-p10-t10k,276605,0.95000,0.95048,0.94902,-0.00146
sd01-b300,jan-p10-t10k,381413,0.95000,0.95048,0.94902,-0.00146
sd01-b300,jan-p10-t10k,525933,0.95000,0.95048,0.94902,-0.00146
sd01-b300,jan-p10-t10k,725212,0.95000,0.95048,0.94902,-0.00146
sd01-b300,jan-p10-t10k,1000000,0.95000,0.95048,0.94902,-0.00146
sd01-b300,jan-p20-t10k,1,0.79031,0.79012,0.78946,-0.00065
sd01-b300,jan-p20-t10k,2,0.88910,0.88924,0.88858,-0.00066
sd01-b300,jan-p20-t10k,3,0.91837,0.91890,0.91832,-0.00058
sd01-b300,jan-p20-t10k,4,0.93072,0.93102,0.93083,-0.00019
sd01-b300,jan-p20-t10k,5,0.93704,0.93742,0.93727,-0.00015
sd01-b300,jan-p20-t10k,7,0.94301,0.94342,0.94295,-0.00047
sd01-b300,jan-p20-t10k,9,0.94563,0.94608,0.94558,-0.00050
sd01-b300,jan-p20-t10k,10,0.94642,0.94689,0.94638,-0.00051
sd01-b300,jan-p20-t10k,13,0.94783,0.94836,0.94771,-0.00065
sd01-b300,jan-p20-t10k,18,0.94885,0.94941,0.94867,-0.00074
sd01-b300,jan-p20-t10k,25,0.94939,0.94993,0.94919,-0.00074
sd01-b300,jan-p20-t10k,34,0.94967,0.95016,0.94941,-0.00075
sd01-b300,jan-p20-t10k,47,0.94982,0.95033,0.94951,-0.00081
sd01-b300,jan-p20-t10k,65,0.94991,0.95040,0.94957,-0.00083
sd01-b300,jan-p20-t10k,90,0.94995,0.95044,0.94961,-0.00083
sd01-b300,jan-p20-t10k,100,0.94996,0.95045,0.94963,-0.00083
sd01-b300,jan-p20-t10k,124,0.94997,0.95046,0.94964,-0.00082
sd01-b300,jan-p20-t10k,171,0.94999,0.95047,0.94964,-0.00083
sd01-b300,jan-p20-t10k,236,0.94999,0.95047,0.94965,-0.00082
sd01-b300,jan-p20-t10k,325,0.95000,0.95047,0.94965,-0.00082
sd01-b300,jan-p20-t10k,448,0.95000,0.95048,0.94966,-0.00082
sd01-b300,jan-p20-t10k,618,0.95000,0.95048,0.94966,-0.00082
sd01-b300,jan-p20-t10k,852,0.95000,0.95048,0.94966,-0.00083
sd01-b300,jan-p20-t10k,1000,0.95000,0.95048,0.94966,-0.00083
sd01-b300,jan-p20-t10k,1174,0.95000,0.95048,0.94966,-0.00083
sd01-b300,jan-p20-t10k,1619,0.95000,0.95048,0.94966,-0.00083
sd01-b300,jan-p20-t10k,2233,0.95000,0.95048,0.94966,-0.00083
sd01-b300,jan-p20-t10k,3079,0.95000,0.95048,0.94966,-0.00083
sd01-b300,jan-p20-t10k,4245,0.95000,0.95048,0.94966,-0.00083
sd01-b300,jan-p20-t10k,5854,0.95000,0.95048,0.94966,-0.00083
sd01-b300,jan-p20-t10k,8072,0.95000,0.95048,0.94966,-0.00083
sd01-b300,jan-p20-t10k,10000,0.95000,0.95048,0.94966,-0.00083
sd01-b300,jan-p20-t10k,11130,0.95000,0.95048,0.94966,-0.00083
sd01-b300,jan-p20-t10k,15348,0.95000,0.95048,0.94966,-0.00083
sd01-b300,jan-p20-t10k,21163,0.95000,0.95048,0.94966,-0.00083
sd01-b300,jan-p20-t10k,29182,0.95000,0.95048,0.94966,-0.00083
sd01-b300,jan-p20-t10k,40239,0.95000,0.95048,0.94966,-0.00083
sd01-b300,jan-p20-t10k,55486,0.95000,0.95048,0.94966,-0.00083
sd01-b300,jan-p20-t10k,76510,0.95000,0.95048,0.94966,-0.00083
sd01-b300,jan-p20-t10k,105501,0.95000,0.95048,0.94966,-0.00083
sd01-b300,jan-p20-t10k,145476,0.95000,0.95048,0.94966,-0.00083
sd01-b300,jan-p20-t10k,200598,0.95000,0.95048,0.94966,-0.00083
sd01-b300,jan-p20-t10k,276605,0.95000,0.95048,0.94966,-0.00083
sd01-b300,jan-p20-t10k,381413,0.95000,0.95048,0.94966,-0.00083
sd01-b300,jan-p20-t10k,525933,0.95000,0.95048,0.94966,-0.00083
sd01-b300,jan-p20-t10k,725212,0.95000,0.95048,0.94966,-0.00083
sd01-b300,jan-p20-t10k,1000000,0.95000,0.95048,0.94966,-0.00083
sd02-b250,completa,1,0.70817,0.70793,0.70793,0.00000
sd02-b250,completa,2,0.83336,0.83335,0.83335,0.00000
sd02-b250,completa,3,0.87879,0.87874,0.87874,0.00000
sd02-b250,completa,4,0.90092,0.90146,0.90146,0.00000
sd02-b250,completa,5,0.91358,0.91411,0.91411,0.00000
sd02-b250,completa,7,0.92708,0.92742,0.92742,0.00000
sd02-b250,completa,9,0.93390,0.93422,0.93422,0.00000
sd02-b250,completa,10,0.93614,0.93650,0.93650,0.00000
sd02-b250,completa,13,0.94049,0.94088,0.94088,0.00000
sd02-b250,completa,18,0.94407,0.94450,0.94450,0.00000
sd02-b250,completa,25,0.94633,0.94679,0.94679,0.00000
sd02-b250,completa,34,0.94767,0.94821,0.94821,0.00000
sd02-b250,completa,47,0.94856,0.94913,0.94913,0.00000
sd02-b250,completa,65,0.94911,0.94965,0.94965,0.00000
sd02-b250,completa,90,0.94945,0.94998,0.94998,0.00000
sd02-b250,completa,100,0.94953,0.95004,0.95004,0.00000
sd02-b250,completa,124,0.94966,0.95015,0.95015,0.00000
sd02-b250,completa,171,0.94979,0.95029,0.95029,0.00000
sd02-b250,completa,236,0.94987,0.95036,0.95036,0.00000
sd02-b250,completa,325,0.94992,0.95041,0.95041,0.00000
sd02-b250,completa,448,0.94995,0.95043,0.95043,0.00000
sd02-b250,completa,618,0.94997,0.95045,0.95045,0.00000
sd02-b250,completa,852,0.94998,0.95046,0.95046,0.00000
sd02-b250,completa,1000,0.94999,0.95046,0.95046,0.00000
sd02-b250,completa,1174,0.94999,0.95047,0.95047,0.00000
sd02-b250,completa,1619,0.94999,0.95047,0.95047,0.00000
sd02-b250,completa,2233,0.95000,0.95047,0.95047,0.00000
sd02-b250,completa,3079,0.95000,0.95047,0.95047,0.00000
sd02-b250,completa,4245,0.95000,0.95047,0.95047,0.00000
sd02-b250,completa,5854,0.95000,0.95047,0.95047,0.00000
sd02-b250,completa,8072,0.95000,0.95047,0.95047,0.00000
sd02-b250,completa,10000,0.95000,0.95047,0.95047,0.00000
sd02-b250,completa,11130,0.95000,0.95047,0.95047,0.00000
sd02-b250,completa,15348,0.95000,0.95047,0.95047,0.00000
sd02-b250,completa,21163,0.95000,0.95047,0.95047,0.00000
sd02-b250,completa,29182,0.95000,0.95047,0.95047,0.00000
sd02-b250,completa,40239,0.95000,0.95047,0.95047,0.00000
sd02-b250,completa,55486,0.95000,0.95047,0.95047,0.00000
sd02-b250,completa,76510,0.95000,0.95047,0.95047,0.00000
sd02-b250,completa,105501,0.95000,0.95047,0.95047,0.00000
sd02-b250,completa,145476,0.95000,0.95047,0.95047,0.00000
sd02-b250,completa,200598,0.95000,0.95047,0.95047,0.00000
sd02-b250,completa,276605,0.95000,0.95047,0.95047,0.00000
sd02-b250,completa,381413,0.95000,0.95047,0.95047,0.00000
sd02-b250,completa,525933,0.95000,0.95047,0.95047,0.00000
sd02-b250,completa,725212,0.95000,0.95047,0.95047,0.00000
sd02-b250,completa,1000000,0.95000,0.95047,0.95047,0.00000
sd02-b250,sis-p01,1,0.70817,0.70793,0.04330,-0.66464
sd02-b250,sis-p01,2,0.83336,0.83335,0.05969,-0.77365
sd02-b250,sis-p01,3,0.87879,0.87874,0.07059,-0.80815
sd02-b250,sis-p01,4,0.90092,0.90146,0.07679,-0.82467
sd02-b250,sis-p01,5,0.91358,0.91411,0.08129,-0.83282
sd02-b250,sis-p01,7,0.92708,0.92742,0.08499,-0.84243
sd02-b250,sis-p01,9,0.93390,0.93422,0.08679,-0.84743
sd02-b250,sis-p01,10,0.93614,0.93650,0.08779,-0.84870
sd02-b250,sis-p01,13,0.94049,0.94088,0.08979,-0.85109
sd02-b250,sis-p01,18,0.94407,0.94450,0.09119,-0.85331
sd02-b250,sis-p01,25,0.94633,0.94679,0.09189,-0.85490
sd02-b250,sis-p01,34,0.94767,0.94821,0.09199,-0.85622
sd02-b250,sis-p01,47,0.94856,0.94913,0.09219,-0.85694
sd02-b250,sis-p01,65,0.94911,0.94965,0.09219,-0.85746
sd02-b250,sis-p01,90,0.94945,0.94998,0.09229,-0.85769
sd02-b250,sis-p01,100,0.94953,0.95004,0.09229,-0.85775
sd02-b250,sis-p01,124,0.94966,0.95015,0.09229,-0.85786
sd02-b250,sis-p01,171,0.94979,0.95029,0.09229,-0.85800
sd02-b250,sis-p01,236,0.94987,0.95036,0.09229,-0.85807
sd02-b250,sis-p01,325,0.94992,0.95041,0.09229,-0.85812
sd02-b250,sis-p01,448,0.94995,0.95043,0.09229,-0.85814
sd02-b250,sis-p01,618,0.94997,0.95045,0.09229,-0.85816
sd02-b250,sis-p01,852,0.94998,0.95046,0.09229,-0.85817
sd02-b250,sis-p01,1000,0.94999,0.95046,0.09229,-0.85817
sd02-b250,sis-p01,1174,0.94999,0.95047,0.09229,-0.85818
sd02-b250,sis-p01,1619,0.94999,0.95047,0.09229,-0.85818
sd02-b250,sis-p01,2233,0.95000,0.95047,0.09229,-0.85818
sd02-b250,sis-p01,3079,0.95000,0.95047,0.09229,-0.85818
sd02-b250,sis-p01,4245,0.95000,0.95047,0.09229,-0.85818
sd02-b250,sis-p01,5854,0.95000,0.95047,0.09229,-0.85818
sd02-b250,sis-p01,8072,0.95000,0.95047,0.09229,-0.85818
sd02-b250,sis-p01,10000,0.95000,0.95047,0.09229,-0.85818
sd02-b250,sis-p01,11130,0.95000,0.95047,0.09229,-0.85818
sd02-b250,sis-p01,15348,0.95000,0.95047,0.09229,-0.85818
sd02-b250,sis-p01,21163,0.95000,0.95047,0.09229,-0.85818
sd02-b250,sis-p01,29182,0.95000,0.95047,0.09229,-0.85818
sd02-b250,sis-p01,40239,0.95000,0.95047,0.09229,-0.85818
sd02-b250,sis-p01,55486,0.95000,0.95047,0.09229,-0.85818
sd02-b250,sis-p01,76510,0.95000,0.95047,0.09229,-0.85818
sd02-b250,sis-p01,105501,0.95000,0.95047,0.09229,-0.85818
sd02-b250,sis-p01,145476,0.95000,0.95047,0.09229,-0.85818
sd02-b250,sis-p01,200598,0.95000,0.95047,0.09229,-0.85818
sd02-b250,sis-p01,276605,0.95000,0.95047,0.09229,-0.85818
sd02-b250,sis-p01,381413,0.95000,0.95047,0.09229,-0.85818
sd02-b250,sis-p01,525933,0.95000,0.95047,0.09229,-0.85818
sd02-b250,sis-p01,725212,0.95000,0.95047,0.09229,-0.85818
sd02-b250,sis-p01,1000000,0.95000,0.95047,0.09229,-0.85818
sd02-b250,sis-p10,1,0.70817,0.70793,0.22490,-0.48304
sd02-b250,sis-p10,2,0.83336,0.83335,0.34498,-0.48837
sd02-b250,sis-p10,3,0.87879,0.87874,0.42005,-0.45869
sd02-b250,sis-p10,4,0.90092,0.90146,0.46827,-0.43320
sd02-b250,sis-p10,5,0.91358,0.91411,0.50095,-0.41316
sd02-b250,sis-p10,7,0.92708,0.92742,0.54170,-0.38571
sd02-b250,sis-p10,9,0.93390,0.93422,0.56451,-0.36971
sd02-b250,sis-p10,10,0.93614,0.93650,0.57266,-0.36383
sd02-b250,sis-p10,13,0.94049,0.94088,0.58973,-0.35115
sd02-b250,sis-p10,18,0.94407,0.94450,0.60402,-0.34048
sd02-b250,sis-p10,25,0.94633,0.94679,0.61319,-0.33360
sd02-b250,sis-p10,34,0.94767,0.94821,0.61887,-0.32933
sd02-b250,sis-p10,47,0.94856,0.94913,0.62223,-0.32690
sd02-b250,sis-p10,65,0.94911,0.94965,0.62417,-0.32548
sd02-b250,sis-p10,90,0.94945,0.94998,0.62517,-0.32480
sd02-b250,sis-p10,100,0.94953,0.95004,0.62551,-0.32453
sd02-b250,sis-p10,124,0.94966,0.95015,0.62606,-0.32409
sd02-b250,sis-p10,171,0.94979,0.95029,0.62654,-0.32374
sd02-b250,sis-p10,236,0.94987,0.95036,0.62689,-0.32346
sd02-b250,sis-p10,325,0.94992,0.95041,0.62709,-0.32332
sd02-b250,sis-p10,448,0.94995,0.95043,0.62721,-0.32322
sd02-b250,sis-p10,618,0.94997,0.95045,0.62723,-0.32322
sd02-b250,sis-p10,852,0.94998,0.95046,0.62727,-0.32318
sd02-b250,sis-p10,1000,0.94999,0.95046,0.62727,-0.32319
sd02-b250,sis-p10,1174,0.94999,0.95047,0.62728,-0.32318
sd02-b250,sis-p10,1619,0.94999,0.95047,0.62728,-0.32318
sd02-b250,sis-p10,2233,0.95000,0.95047,0.62728,-0.32318
sd02-b250,sis-p10,3079,0.95000,0.95047,0.62732,-0.32315
sd02-b250,sis-p10,4245,0.95000,0.95047,0.62732,-0.32315
sd02-b250,sis-p10,5854,0.95000,0.95047,0.62733,-0.32314
sd02-b250,sis-p10,8072,0.95000,0.95047,0.62733,-0.32314
sd02-b250,sis-p10,10000,0.95000,0.95047,0.62733,-0.32314
sd02-b250,sis-p10,11130,0.95000,0.95047,0.62733,-0.32314
sd02-b250,sis-p10,15348,0.95000,0.95047,0.62733,-0.32314
sd02-b250,sis-p10,21163,0.95000,0.95047,0.62733,-0.32314
sd02-b250,sis-p10,29182,0.95000,0.95047,0.62733,-0.32314
sd02-b250,sis-p10,40239,0.95000,0.95047,0.62733,-0.32314
sd02-b250,sis-p10,55486,0.95000,0.95047,0.62733,-0.32314
sd02-b250,sis-p10,76510,0.95000,0.95047,0.62733,-0.32314
sd02-b250,sis-p10,105501,0.95000,0.95047,0.62733,-0.32314
sd02-b250,sis-p10,145476,0.95000,0.95047,0.62733,-0.32314
sd02-b250,sis-p10,200598,0.95000,0.95047,0.62733,-0.32314
sd02-b250,sis-p10,276605,0.95000,0.95047,0.62733,-0.32314
sd02-b250,sis-p10,381413,0.95000,0.95047,0.62733,-0.32314
sd02-b250,sis-p10,525933,0.95000,0.95047,0.62733,-0.32314
sd02-b250,sis-p10,725212,0.95000,0.95047,0.62733,-0.32314
sd02-b250,sis-p10,1000000,0.95000,0.95047,0.62733,-0.32314
sd02-b250,sis-p20,1,0.70817,0.70793,0.32525,-0.38268
sd02-b250,sis-p20,2,0.83336,0.83335,0.49033,-0.34302
sd02-b250,sis-p20,3,0.87879,0.87874,0.57900,-0.29974
sd02-b250,sis-p20,4,0.90092,0.90146,0.63265,-0.26882
sd02-b250,sis-p20,5,0.91358,0.91411,0.66735,-0.24676
sd02-b250,sis-p20,7,0.92708,0.92742,0.70602,-0.22140
sd02-b250,sis-p20,9,0.93390,0.93422,0.72715,-0.20708
sd02-b250,sis-p20,10,0.93614,0.93650,0.73458,-0.20191
sd02-b250,sis-p20,13,0.94049,0.94088,0.74895,-0.19193
sd02-b250,sis-p20,18,0.94407,0.94450,0.76112,-0.18339
sd02-b250,sis-p20,25,0.94633,0.94679,0.76897,-0.17782
sd02-b250,sis-p20,34,0.94767,0.94821,0.77373,-0.17448
sd02-b250,sis-p20,47,0.94856,0.94913,0.77680,-0.17234
sd02-b250,sis-p20,65,0.94911,0.94965,0.77857,-0.17108
sd02-b250,sis-p20,90,0.94945,0.94998,0.77957,-0.17041
sd02-b250,sis-p20,100,0.94953,0.95004,0.77980,-0.17024
sd02-b250,sis-p20,124,0.94966,0.95015,0.78020,-0.16995
sd02-b250,sis-p20,171,0.94979,0.95029,0.78067,-0.16962
sd02-b250,sis-p20,236,0.94987,0.95036,0.78090,-0.16946
sd02-b250,sis-p20,325,0.94992,0.95041,0.78109,-0.16932
sd02-b250,sis-p20,448,0.94995,0.95043,0.78119,-0.16924
sd02-b250,sis-p20,618,0.94997,0.95045,0.78122,-0.16923
sd02-b250,sis-p20,852,0.94998,0.95046,0.78125,-0.16921
sd02-b250,sis-p20,1000,0.94999,0.95046,0.78127,-0.16919
sd02-b250,sis-p20,1174,0.94999,0.95047,0.78127,-0.16919
sd02-b250,sis-p20,1619,0.94999,0.95047,0.78128,-0.16919
sd02-b250,sis-p20,2233,0.95000,0.95047,0.78128,-0.16919
sd02-b250,sis-p20,3079,0.95000,0.95047,0.78129,-0.16918
sd02-b250,sis-p20,4245,0.95000,0.95047,0.78130,-0.16917
sd02-b250,sis-p20,5854,0.95000,0.95047,0.78131,-0.16917
sd02-b250,sis-p20,8072,0.95000,0.95047,0.78131,-0.16917
sd02-b250,sis-p20,10000,0.95000,0.95047,0.78131,-0.16917
sd02-b250,sis-p20,11130,0.95000,0.95047,0.78131,-0.16917
sd02-b250,sis-p20,15348,0.95000,0.95047,0.78131,-0.16917
sd02-b250,sis-p20,21163,0.95000,0.95047,0.78131,-0.16917
sd02-b250,sis-p20,29182,0.95000,0.95047,0.78131,-0.16917
sd02-b250,sis-p20,40239,0.95000,0.95047,0.78131,-0.16917
sd02-b250,sis-p20,55486,0.95000,0.95047,0.78131,-0.16917
sd02-b250,sis-p20,76510,0.95000,0.95047,0.78131,-0.16917
sd02-b250,sis-p20,105501,0.95000,0.95047,0.78131,-0.16917
sd02-b250,sis-p20,145476,0.95000,0.95047,0.78131,-0.16917
sd02-b250,sis-p20,200598,0.95000,0.95047,0.78131,-0.16917
sd02-b250,sis-p20,276605,0.95000,0.95047,0.78131,-0.16917
sd02-b250,sis-p20,381413,0.95000,0.95047,0.78131,-0.16917
sd02-b250,sis-p20,525933,0.95000,0.95047,0.78131,-0.16917
sd02-b250,sis-p20,725212,0.95000,0.95047,0.78131,-0.16917
sd02-b250,sis-p20,1000000,0.95000,0.95047,0.78131,-0.16917
sd02-b250,jan-p01-t1k,1,0.70817,0.70793,0.70460,-0.00333
sd02-b250,jan-p01-t1k,2,0.83336,0.83335,0.83060,-0.00275
sd02-b250,jan-p01-t1k,3,0.87879,0.87874,0.87540,-0.00334
sd02-b250,jan-p01-t1k,4,0.90092,0.90146,0.89840,-0.00306
sd02-b250,jan-p01-t1k,5,0.91358,0.91411,0.91090,-0.00321
sd02-b250,jan-p01-t1k,7,0.92708,0.92742,0.92400,-0.00342
sd02-b250,jan-p01-t1k,9,0.93390,0.93422,0.93040,-0.00382
sd02-b250,jan-p01-t1k,10,0.93614,0.93650,0.93280,-0.00370
sd02-b250,jan-p01-t1k,13,0.94049,0.94088,0.93600,-0.00488
sd02-b250,jan-p01-t1k,18,0.94407,0.94450,0.93910,-0.00540
sd02-b250,jan-p01-t1k,25,0.94633,0.94679,0.94060,-0.00619
sd02-b250,jan-p01-t1k,34,0.94767,0.94821,0.94170,-0.00651
sd02-b250,jan-p01-t1k,47,0.94856,0.94913,0.94170,-0.00743
sd02-b250,jan-p01-t1k,65,0.94911,0.94965,0.94170,-0.00795
sd02-b250,jan-p01-t1k,90,0.94945,0.94998,0.94170,-0.00828
sd02-b250,jan-p01-t1k,100,0.94953,0.95004,0.94170,-0.00834
sd02-b250,jan-p01-t1k,124,0.94966,0.95015,0.94170,-0.00845
sd02-b250,jan-p01-t1k,171,0.94979,0.95029,0.94170,-0.00859
sd02-b250,jan-p01-t1k,236,0.94987,0.95036,0.94170,-0.00866
sd02-b250,jan-p01-t1k,325,0.94992,0.95041,0.94170,-0.00871
sd02-b250,jan-p01-t1k,448,0.94995,0.95043,0.94170,-0.00873
sd02-b250,jan-p01-t1k,618,0.94997,0.95045,0.94170,-0.00875
sd02-b250,jan-p01-t1k,852,0.94998,0.95046,0.94170,-0.00876
sd02-b250,jan-p01-t1k,1000,0.94999,0.95046,0.94170,-0.00876
sd02-b250,jan-p01-t1k,1174,0.94999,0.95047,0.94170,-0.00877
sd02-b250,jan-p01-t1k,1619,0.94999,0.95047,0.94170,-0.00877
sd02-b250,jan-p01-t1k,2233,0.95000,0.95047,0.94170,-0.00877
sd02-b250,jan-p01-t1k,3079,0.95000,0.95047,0.94170,-0.00877
sd02-b250,jan-p01-t1k,4245,0.95000,0.95047,0.94170,-0.00877
sd02-b250,jan-p01-t1k,5854,0.95000,0.95047,0.94170,-0.00877
sd02-b250,jan-p01-t1k,8072,0.95000,0.95047,0.94170,-0.00877
sd02-b250,jan-p01-t1k,10000,0.95000,0.95047,0.94170,-0.00877
sd02-b250,jan-p01-t1k,11130,0.95000,0.95047,0.94170,-0.00877
sd02-b250,jan-p01-t1k,15348,0.95000,0.95047,0.94170,-0.00877
sd02-b250,jan-p01-t1k,21163,0.95000,0.95047,0.94170,-0.00877
sd02-b250,jan-p01-t1k,29182,0.95000,0.95047,0.94170,-0.00877
sd02-b250,jan-p01-t1k,40239,0.95000,0.95047,0.94170,-0.00877
sd02-b250,jan-p01-t1k,55486,0.95000,0.95047,0.94170,-0.00877
sd02-b250,jan-p01-t1k,76510,0.95000,0.95047,0.94170,-0.00877
sd02-b250,jan-p01-t1k,105501,0.95000,0.95047,0.94170,-0.00877
sd02-b250,jan-p01-t1k,145476,0.95000,0.95047,0.94170,-0.00877
sd02-b250,jan-p01-t1k,200598,0.95000,0.95047,0.94170,-0.00877
sd02-b250,jan-p01-t1k,276605,0.95000,0.95047,0.94170,-0.00877
sd02-b250,jan-p01-t1k,381413,0.95000,0.95047,0.94170,-0.00877
sd02-b250,jan-p01-t1k,525933,0.95000,0.95047,0.94170,-0.00877
sd02-b250,jan-p01-t1k,725212,0.95000,0.95047,0.94170,-0.00877
sd02-b250,jan-p01-t1k,1000000,0.95000,0.95047,0.94170,-0.00877
sd02-b250,jan-p10-t1k,1,0.70817,0.70793,0.70651,-0.00143
sd02-b250,jan-p10-t1k,2,0.83336,0.83335,0.83157,-0.00178
sd02-b250,jan-p10-t1k,3,0.87879,0.87874,0.87571,-0.00303
sd02-b250,jan-p10-t1k,4,0.90092,0.90146,0.89857,-0.00289
sd02-b250,jan-p10-t1k,5,0.91358,0.91411,0.91114,-0.00297
sd02-b250,jan-p10-t1k,7,0.92708,0.92742,0.92451,-0.00291
sd02-b250,jan-p10-t1k,9,0.93390,0.93422,0.93062,-0.00360
sd02-b250,jan-p10-t1k,10,0.93614,0.93650,0.93288,-0.00362
sd02-b250,jan-p10-t1k,13,0.94049,0.94088,0.93680,-0.00408
sd02-b250,jan-p10-t1k,18,0.94407,0.94450,0.93977,-0.00473
sd02-b250,jan-p10-t1k,25,0.94633,0.94679,0.94140,-0.00539
sd02-b250,jan-p10-t1k,34,0.94767,0.94821,0.94214,-0.00607
sd02-b250,jan-p10-t1k,47,0.94856,0.94913,0.94245,-0.00668
sd02-b250,jan-p10-t1k,65,0.94911,0.94965,0.94248,-0.00717
sd02-b250,jan-p10-t1k,90,0.94945,0.94998,0.94248,-0.00750
sd02-b250,jan-p10-t1k,100,0.94953,0.95004,0.94248,-0.00756
sd02-b250,jan-p10-t1k,124,0.94966,0.95015,0.94248,-0.00767
sd02-b250,jan-p10-t1k,171,0.94979,0.95029,0.94248,-0.00781
sd02-b250,jan-p10-t1k,236,0.94987,0.95036,0.94249,-0.00787
sd02-b250,jan-p10-t1k,325,0.94992,0.95041,0.94249,-0.00792
sd02-b250,jan-p10-t1k,448,0.94995,0.95043,0.94249,-0.00794
sd02-b250,jan-p10-t1k,618,0.94997,0.95045,0.94249,-0.00796
sd02-b250,jan-p10-t1k,852,0.94998,0.95046,0.94249,-0.00797
sd02-b250,jan-p10-t1k,1000,0.94999,0.95046,0.94249,-0.00797
sd02-b250,jan-p10-t1k,1174,0.94999,0.95047,0.94249,-0.00798
sd02-b250,jan-p10-t1k,1619,0.94999,0.95047,0.94249,-0.00798
sd02-b250,jan-p10-t1k,2233,0.95000,0.95047,0.94249,-0.00798
sd02-b250,jan-p10-t1k,3079,0.95000,0.95047,0.94249,-0.00798
sd02-b250,jan-p10-t1k,4245,0.95000,0.95047,0.94249,-0.00798
sd02-b250,jan-p10-t1k,5854,0.95000,0.95047,0.94249,-0.00798
sd02-b250,jan-p10-t1k,8072,0.95000,0.95047,0.94249,-0.00798
sd02-b250,jan-p10-t1k,10000,0.95000,0.95047,0.94249,-0.00798
sd02-b250,jan-p10-t1k,11130,0.95000,0.95047,0.94249,-0.00798
sd02-b250,jan-p10-t1k,15348,0.95000,0.95047,0.94249,-0.00798
sd02-b250,jan-p10-t1k,21163,0.95000,0.95047,0.94249,-0.00798
sd02-b250,jan-p10-t1k,29182,0.95000,0.95047,0.94249,-0.00798
sd02-b250,jan-p10-t1k,40239,0.95000,0.95047,0.94249,-0.00798
sd02-b250,jan-p10-t1k,55486,0.95000,0.95047,0.94249,-0.00798
sd02-b250,jan-p10-t1k,76510,0.95000,0.95047,0.94249,-0.00798
sd02-b250,jan-p10-t1k,105501,0.95000,0.95047,0.94249,-0.00798
sd02-b250,jan-p10-t1k,145476,0.95000,0.95047,0.94249,-0.00798
sd02-b250,jan-p10-t1k,200598,0.95000,0.95047,0.94249,-0.00798
sd02-b250,jan-p10-t1k,276605,0.95000,0.95047,0.94249,-0.00798
sd02-b250,jan-p10-t1k,381413,0.95000,0.95047,0.94249,-0.00798
sd02-b250,jan-p10-t1k,525933,0.95000,0.95047,0.94249,-0.00798
sd02-b250,jan-p10-t1k,725212,0.95000,0.95047,0.94249,-0.00798
sd02-b250,jan-p10-t1k,1000000,0.95000,0.95047,0.94249,-0.00798
sd02-b250,jan-p20-t1k,1,0.70817,0.70793,0.70656,-0.00138
sd02-b250,jan-p20-t1k,2,0.83336,0.83335,0.83121,-0.00214
sd02-b250,jan-p20-t1k,3,0.87879,0.87874,0.87599,-0.00274
sd02-b250,jan-p20-t1k,4,0.90092,0.90146,0.89892,-0.00255
sd02-b250,jan-p20-t1k,5,0.91358,0.91411,0.91114,-0.00297
sd02-b250,jan-p20-t1k,7,0.92708,0.92742,0.92415,-0.00326
sd02-b250,jan-p20-t1k,9,0.93390,0.93422,0.93028,-0.00394
sd02-b250,jan-p20-t1k,10,0.93614,0.93650,0.93255,-0.00395
sd02-b250,jan-p20-t1k,13,0.94049,0.94088,0.93654,-0.00435
sd02-b250,jan-p20-t1k,18,0.94407,0.94450,0.93949,-0.00501
sd02-b250,jan-p20-t1k,25,0.94633,0.94679,0.94119,-0.00561
sd02-b250,jan-p20-t1k,34,0.94767,0.94821,0.94186,-0.00634
sd02-b250,jan-p20-t1k,47,0.94856,0.94913,0.94219,-0.00694
sd02-b250,jan-p20-t1k,65,0.94911,0.94965,0.94225,-0.00740
sd02-b250,jan-p20-t1k,90,0.94945,0.94998,0.94227,-0.00770
sd02-b250,jan-p20-t1k,100,0.94953,0.95004,0.94228,-0.00776
sd02-b250,jan-p20-t1k,124,0.94966,0.95015,0.94229,-0.00786
sd02-b250,jan-p20-t1k,171,0.94979,0.95029,0.94229,-0.00800
sd02-b250,jan-p20-t1k,236,0.94987,0.95036,0.94229,-0.00807
sd02-b250,jan-p20-t1k,325,0.94992,0.95041,0.94229,-0.00812
sd02-b250,jan-p20-t1k,448,0.94995,0.95043,0.94229,-0.00814
sd02-b250,jan-p20-t1k,618,0.94997,0.95045,0.94229,-0.00816
sd02-b250,jan-p20-t1k,852,0.94998,0.95046,0.94230,-0.00815
sd02-b250,jan-p20-t1k,1000,0.94999,0.95046,0.94230,-0.00816
sd02-b250,jan-p20-t1k,1174,0.94999,0.95047,0.94230,-0.00816
sd02-b250,jan-p20-t1k,1619,0.94999,0.95047,0.94230,-0.00816
sd02-b250,jan-p20-t1k,2233,0.95000,0.95047,0.94230,-0.00816
sd02-b250,jan-p20-t1k,3079,0.95000,0.95047,0.94230,-0.00816
sd02-b250,jan-p20-t1k,4245,0.95000,0.95047,0.94230,-0.00817
sd02-b250,jan-p20-t1k,5854,0.95000,0.95047,0.94230,-0.00817
sd02-b250,jan-p20-t1k,8072,0.95000,0.95047,0.94230,-0.00817
sd02-b250,jan-p20-t1k,10000,0.95000,0.95047,0.94230,-0.00817
sd02-b250,jan-p20-t1k,11130,0.95000,0.95047,0.94230,-0.00817
sd02-b250,jan-p20-t1k,15348,0.95000,0.95047,0.94230,-0.00817
sd02-b250,jan-p20-t1k,21163,0.95000,0.95047,0.94230,-0.00817
sd02-b250,jan-p20-t1k,29182,0.95000,0.95047,0.94230,-0.00817
sd02-b250,jan-p20-t1k,40239,0.95000,0.95047,0.94230,-0.00817
sd02-b250,jan-p20-t1k,55486,0.95000,0.95047,0.94230,-0.00817
sd02-b250,jan-p20-t1k,76510,0.95000,0.95047,0.94230,-0.00817
sd02-b250,jan-p20-t1k,105501,0.95000,0.95047,0.94230,-0.00817
sd02-b250,jan-p20-t1k,145476,0.95000,0.95047,0.94230,-0.00817
sd02-b250,jan-p20-t1k,200598,0.95000,0.95047,0.94230,-0.00817
sd02-b250,jan-p20-t1k,276605,0.95000,0.95047,0.94230,-0.00817
sd02-b250,jan-p20-t1k,381413,0.95000,0.95047,0.94230,-0.00817
sd02-b250,jan-p20-t1k,525933,0.95000,0.95047,0.94230,-0.00817
sd02-b250,jan-p20-t1k,725212,0.95000,0.95047,0.94230,-0.00817
sd02-b250,jan-p20-t1k,1000000,0.95000,0.95047,0.94230,-0.00817
sd02-b250,jan-p01-t10k,1,0.70817,0.70793,0.70360,-0.00433
sd02-b250,jan-p01-t10k,2,0.83336,0.83335,0.82580,-0.00755
sd02-b250,jan-p01-t10k,3,0.87879,0.87874,0.87230,-0.00644
sd02-b250,jan-p01-t10k,4,0.90092,0.90146,0.89730,-0.00416
sd02-b250,jan-p01-t10k,5,0.91358,0.91411,0.91040,-0.00371
sd02-b250,jan-p01-t10k,7,0.92708,0.92742,0.92500,-0.00242
sd02-b250,jan-p01-t10k,9,0.93390,0.93422,0.93190,-0.00232
sd02-b250,jan-p01-t10k,10,0.93614,0.93650,0.93490,-0.00160
sd02-b250,jan-p01-t10k,13,0.94049,0.94088,0.93880,-0.00208
sd02-b250,jan-p01-t10k,18,0.94407,0.94450,0.94140,-0.00310
sd02-b250,jan-p01-t10k,25,0.94633,0.94679,0.94350,-0.00329
sd02-b250,jan-p01-t10k,34,0.94767,0.94821,0.94520,-0.00301
sd02-b250,jan-p01-t10k,47,0.94856,0.94913,0.94610,-0.00303
sd02-b250,jan-p01-t10k,65,0.94911,0.94965,0.94670,-0.00295
sd02-b250,jan-p01-t10k,90,0.94945,0.94998,0.94670,-0.00328
sd02-b250,jan-p01-t10k,100,0.94953,0.95004,0.94670,-0.00334
sd02-b250,jan-p01-t10k,124,0.94966,0.95015,0.94670,-0.00345
sd02-b250,jan-p01-t10k,171,0.94979,0.95029,0.94670,-0.00359
sd02-b250,jan-p01-t10k,236,0.94987,0.95036,0.94670,-0.00366
sd02-b250,jan-p01-t10k,325,0.94992,0.95041,0.94670,-0.00371
sd02-b250,jan-p01-t10k,448,0.94995,0.95043,0.94670,-0.00373
sd02-b250,jan-p01-t10k,618,0.94997,0.95045,0.94670,-0.00375
sd02-b250,jan-p01-t10k,852,0.94998,0.95046,0.94670,-0.00376
sd02-b250,jan-p01-t10k,1000,0.94999,0.95046,0.94670,-0.00376
sd02-b250,jan-p01-t10k,1174,0.94999,0.95047,0.94670,-0.00377
sd02-b250,jan-p01-t10k,1619,0.94999,0.95047,0.94670,-0.00377
sd02-b250,jan-p01-t10k,2233,0.95000,0.95047,0.94670,-0.00377
sd02-b250,jan-p01-t10k,3079,0.95000,0.95047,0.94670,-0.00377
sd02-b250,jan-p01-t10k,4245,0.95000,0.95047,0.94670,-0.00377
sd02-b250,jan-p01-t10k,5854,0.95000,0.95047,0.94670,-0.00377
sd02-b250,jan-p01-t10k,8072,0.95000,0.95047,0.94670,-0.00377
sd02-b250,jan-p01-t10k,10000,0.95000,0.95047,0.94670,-0.00377
sd02-b250,jan-p01-t10k,11130,0.95000,0.95047,0.94670,-0.00377
sd02-b250,jan-p01-t10k,15348,0.95000,0.95047,0.94670,-0.00377
sd02-b250,jan-p01-t10k,21163,0.95000,0.95047,0.94670,-0.00377
sd02-b250,jan-p01-t10k,29182,0.95000,0.95047,0.94670,-0.00377
sd02-b250,jan-p01-t10k,40239,0.95000,0.95047,0.94670,-0.00377
sd02-b250,jan-p01-t10k,55486,0.95000,0.95047,0.94670,-0.00377
sd02-b250,jan-p01-t10k,76510,0.95000,0.95047,0.94670,-0.00377
sd02-b250,jan-p01-t10k,105501,0.95000,0.95047,0.94670,-0.00377
sd02-b250,jan-p01-t10k,145476,0.95000,0.95047,0.94670,-0.00377
sd02-b250,jan-p01-t10k,200598,0.95000,0.95047,0.94670,-0.00377
sd02-b250,jan-p01-t10k,276605,0.95000,0.95047,0.94670,-0.00377
sd02-b250,jan-p01-t10k,381413,0.95000,0.95047,0.94670,-0.00377
sd02-b250,jan-p01-t10k,525933,0.95000,0.95047,0.94670,-0.00377
sd02-b250,jan-p01-t10k,725212,0.95000,0.95047,0.94670,-0.00377
sd02-b250,jan-p01-t10k,1000000,0.95000,0.95047,0.94670,-0.00377
sd02-b250,jan-p10-t10k,1,0.70817,0.70793,0.70699,-0.00094
sd02-b250,jan-p10-t10k,2,0.83336,0.83335,0.83146,-0.00189
sd02-b250,jan-p10-t10k,3,0.87879,0.87874,0.87650,-0.00224
sd02-b250,jan-p10-t10k,4,0.90092,0.90146,0.89984,-0.00162
sd02-b250,jan-p10-t10k,5,0.91358,0.91411,0.91253,-0.00158
sd02-b250,jan-p10-t10k,7,0.92708,0.92742,0.92583,-0.00159
sd02-b250,jan-p10-t10k,9,0.93390,0.93422,0.93294,-0.00128
sd02-b250,jan-p10-t10k,10,0.93614,0.93650,0.93526,-0.00124
sd02-b250,jan-p10-t10k,13,0.94049,0.94088,0.93957,-0.00131
sd02-b250,jan-p10-t10k,18,0.94407,0.94450,0.94313,-0.00137
sd02-b250,jan-p10-t10k,25,0.94633,0.94679,0.94543,-0.00136
sd02-b250,jan-p10-t10k,34,0.94767,0.94821,0.94676,-0.00145
sd02-b250,jan-p10-t10k,47,0.94856,0.94913,0.94758,-0.00155
sd02-b250,jan-p10-t10k,65,0.94911,0.94965,0.94804,-0.00161
sd02-b250,jan-p10-t10k,90,0.94945,0.94998,0.94824,-0.00174
sd02-b250,jan-p10-t10k,100,0.94953,0.95004,0.94829,-0.00175
sd02-b250,jan-p10-t10k,124,0.94966,0.95015,0.94836,-0.00179
sd02-b250,jan-p10-t10k,171,0.94979,0.95029,0.94842,-0.00187
sd02-b250,jan-p10-t10k,236,0.94987,0.95036,0.94846,-0.00190
sd02-b250,jan-p10-t10k,325,0.94992,0.95041,0.94848,-0.00193
sd02-b250,jan-p10-t10k,448,0.94995,0.95043,0.94848,-0.00195
sd02-b250,jan-p10-t10k,618,0.94997,0.95045,0.94848,-0.00197
sd02-b250,jan-p10-t10k,852,0.94998,0.95046,0.94848,-0.00198
sd02-b250,jan-p10-t10k,1000,0.94999,0.95046,0.94848,-0.00198
sd02-b250,jan-p10-t10k,1174,0.94999,0.95047,0.94848,-0.00199
sd02-b250,jan-p10-t10k,1619,0.94999,0.95047,0.94848,-0.00199
sd02-b250,jan-p10-t10k,2233,0.95000,0.95047,0.94848,-0.00199
sd02-b250,jan-p10-t10k,3079,0.95000,0.95047,0.94848,-0.00199
sd02-b250,jan-p10-t10k,4245,0.95000,0.95047,0.94848,-0.00199
sd02-b250,jan-p10-t10k,5854,0.95000,0.95047,0.94848,-0.00199
sd02-b250,jan-p10-t10k,8072,0.95000,0.95047,0.94848,-0.00199
sd02-b250,jan-p10-t10k,10000,0.95000,0.95047,0.94848,-0.00199
sd02-b250,jan-p10-t10k,11130,0.95000,0.95047,0.94848,-0.00199
sd02-b250,jan-p10-t10k,15348,0.95000,0.95047,0.94848,-0.00199
sd02-b250,jan-p10-t10k,21163,0.95000,0.95047,0.94848,-0.00199
sd02-b250,jan-p10-t10k,29182,0.95000,0.95047,0.94848,-0.00199
sd02-b250,jan-p10-t10k,40239,0.95000,0.95047,0.94848,-0.00199
sd02-b250,jan-p10-t10k,55486,0.95000,0.95047,0.94848,-0.00199
sd02-b250,jan-p10-t10k,76510,0.95000,0.95047,0.94848,-0.00199
sd02-b250,jan-p10-t10k,105501,0.95000,0.95047,0.94848,-0.00199
sd02-b250,jan-p10-t10k,145476,0.95000,0.95047,0.94848,-0.00199
sd02-b250,jan-p10-t10k,200598,0.95000,0.95047,0.94848,-0.00199
sd02-b250,jan-p10-t10k,276605,0.95000,0.95047,0.94848,-0.00199
sd02-b250,jan-p10-t10k,381413,0.95000,0.95047,0.94848,-0.00199
sd02-b250,jan-p10-t10k,525933,0.95000,0.95047,0.94848,-0.00199
sd02-b250,jan-p10-t10k,725212,0.95000,0.95047,0.94848,-0.00199
sd02-b250,jan-p10-t10k,1000000,0.95000,0.95047,0.94848,-0.00199
sd02-b250,jan-p20-t10k,1,0.70817,0.70793,0.70834,0.00040
sd02-b250,jan-p20-t10k,2,0.83336,0.83335,0.83249,-0.00086
sd02-b250,jan-p20-t10k,3,0.87879,0.87874,0.87782,-0.00092
sd02-b250,jan-p20-t10k,4,0.90092,0.90146,0.90090,-0.00056
sd02-b250,jan-p20-t10k,5,0.91358,0.91411,0.91341,-0.00070
sd02-b250,jan-p20-t10k,7,0.92708,0.92742,0.92688,-0.00053
sd02-b250,jan-p20-t10k,9,0.93390,0.93422,0.93381,-0.00041
sd02-b250,jan-p20-t10k,10,0.93614,0.93650,0.93613,-0.00037
sd02-b250,jan-p20-t10k,13,0.94049,0.94088,0.94024,-0.00064
sd02-b250,jan-p20-t10k,18,0.94407,0.94450,0.94378,-0.00073
sd02-b250,jan-p20-t10k,25,0.94633,0.94679,0.94598,-0.00081
sd02-b250,jan-p20-t10k,34,0.94767,0.94821,0.94725,-0.00095
sd02-b250,jan-p20-t10k,47,0.94856,0.94913,0.94803,-0.00111
sd02-b250,jan-p20-t10k,65,0.94911,0.94965,0.94854,-0.00112
sd02-b250,jan-p20-t10k,90,0.94945,0.94998,0.94882,-0.00116
sd02-b250,jan-p20-t10k,100,0.94953,0.95004,0.94887,-0.00117
sd02-b250,jan-p20-t10k,124,0.94966,0.95015,0.94894,-0.00121
sd02-b250,jan-p20-t10k,171,0.94979,0.95029,0.94900,-0.00128
sd02-b250,jan-p20-t10k,236,0.94987,0.95036,0.94903,-0.00132
sd02-b250,jan-p20-t10k,325,0.94992,0.95041,0.94907,-0.00134
sd02-b250,jan-p20-t10k,448,0.94995,0.95043,0.94908,-0.00136
sd02-b250,jan-p20-t10k,618,0.94997,0.95045,0.94908,-0.00138
sd02-b250,jan-p20-t10k,852,0.94998,0.95046,0.94908,-0.00138
sd02-b250,jan-p20-t10k,1000,0.94999,0.95046,0.94908,-0.00139
sd02-b250,jan-p20-t10k,1174,0.94999,0.95047,0.94908,-0.00139
sd02-b250,jan-p20-t10k,1619,0.94999,0.95047,0.94908,-0.00139
sd02-b250,jan-p20-t10k,2233,0.95000,0.95047,0.94908,-0.00139
sd02-b250,jan-p20-t10k,3079,0.95000,0.95047,0.94908,-0.00139
sd02-b250,jan-p20-t10k,4245,0.95000,0.95047,0.94908,-0.00140
sd02-b250,jan-p20-t10k,5854,0.95000,0.95047,0.94908,-0.00140
sd02-b250,jan-p20-t10k,8072,0.95000,0.95047,0.94908,-0.00140
sd02-b250,jan-p20-t10k,10000,0.95000,0.95047,0.94908,-0.00140
sd02-b250,jan-p20-t10k,11130,0.95000,0.95047,0.94908,-0.00140
sd02-b250,jan-p20-t10k,15348,0.95000,0.95047,0.94908,-0.00140
sd02-b250,jan-p20-t10k,21163,0.95000,0.95047,0.94908,-0.00140
sd02-b250,jan-p20-t10k,29182,0.95000,0.95047,0.94908,-0.00140
sd02-b250,jan-p20-t10k,40239,0.95000,0.95047,0.94908,-0.00140
sd02-b250,jan-p20-t10k,55486,0.95000,0.95047,0.94908,-0.00140
sd02-b250,jan-p20-t10k,76510,0.95000,0.95047,0.94908,-0.00140
sd02-b250,jan-p20-t10k,105501,0.95000,0.95047,0.94908,-0.00140
sd02-b250,jan-p20-t10k,145476,0.95000,0.95047,0.94908,-0.00140
sd02-b250,jan-p20-t10k,200598,0.95000,0.95047,0.94908,-0.00140
sd02-b250,jan-p20-t10k,276605,0.95000,0.95047,0.94908,-0.00140
sd02-b250,jan-p20-t10k,381413,0.95000,0.95047,0.94908,-0.00140
sd02-b250,jan-p20-t10k,525933,0.95000,0.95047,0.94908,-0.00140
sd02-b250,jan-p20-t10k,725212,0.95000,0.95047,0.94908,-0.00140
sd02-b250,jan-p20-t10k,1000000,0.95000,0.95047,0.94908,-0.00140
sd03-b200,completa,1,0.57757,0.57767,0.57767,0.00000
sd03-b200,completa,2,0.72196,0.72189,0.72189,0.00000
sd03-b200,completa,3,0.78613,0.78587,0.78587,0.00000
sd03-b200,completa,4,0.82223,0.82219,0.82219,0.00000
sd03-b200,completa,5,0.84533,0.84536,0.84536,0.00000
sd03-b200,completa,7,0.87316,0.87315,0.87315,0.00000
sd03-b200,completa,9,0.88932,0.88944,0.88944,0.00000
sd03-b200,completa,10,0.89509,0.89546,0.89546,0.00000
sd03-b200,completa,13,0.90729,0.90781,0.90781,0.00000
sd03-b200,completa,18,0.91885,0.91935,0.91935,0.00000
sd03-b200,completa,25,0.92741,0.92773,0.92773,0.00000
sd03-b200,completa,34,0.93332,0.93363,0.93363,0.00000
sd03-b200,completa,47,0.93790,0.93828,0.93828,0.00000
sd03-b200,completa,65,0.94124,0.94159,0.94159,0.00000
sd03-b200,completa,90,0.94368,0.94408,0.94408,0.00000
sd03-b200,completa,100,0.94431,0.94475,0.94475,0.00000
sd03-b200,completa,124,0.94542,0.94585,0.94585,0.00000
sd03-b200,completa,171,0.94669,0.94717,0.94717,0.00000
sd03-b200,completa,236,0.94762,0.94813,0.94813,0.00000
sd03-b200,completa,325,0.94828,0.94883,0.94883,0.00000
sd03-b200,completa,448,0.94877,0.94931,0.94931,0.00000
sd03-b200,completa,618,0.94912,0.94964,0.94964,0.00000
sd03-b200,completa,852,0.94938,0.94988,0.94988,0.00000
sd03-b200,completa,1000,0.94948,0.94997,0.94997,0.00000
sd03-b200,completa,1174,0.94957,0.95005,0.95005,0.00000
sd03-b200,completa,1619,0.94970,0.95016,0.95016,0.00000
sd03-b200,completa,2233,0.94980,0.95026,0.95026,0.00000
sd03-b200,completa,3079,0.94987,0.95032,0.95032,0.00000
sd03-b200,completa,4245,0.94992,0.95037,0.95037,0.00000
sd03-b200,completa,5854,0.94996,0.95039,0.95039,0.00000
sd03-b200,completa,8072,0.94999,0.95041,0.95041,0.00000
sd03-b200,completa,10000,0.95000,0.95042,0.95042,0.00000
sd03-b200,completa,11130,0.95000,0.95042,0.95042,0.00000
sd03-b200,completa,15348,0.95000,0.95042,0.95042,0.00000
sd03-b200,completa,21163,0.95000,0.95042,0.95042,0.00000
sd03-b200,completa,29182,0.95000,0.95042,0.95042,0.00000
sd03-b200,completa,40239,0.95000,0.95042,0.95042,0.00000
sd03-b200,completa,55486,0.95000,0.95042,0.95042,0.00000
sd03-b200,completa,76510,0.95000,0.95042,0.95042,0.00000
sd03-b200,completa,105501,0.95000,0.95042,0.95042,0.00000
sd03-b200,completa,145476,0.95000,0.95042,0.95042,0.00000
sd03-b200,completa,200598,0.95000,0.95042,0.95042,0.00000
sd03-b200,completa,276605,0.95000,0.95042,0.95042,0.00000
sd03-b200,completa,381413,0.95000,0.95042,0.95042,0.00000
sd03-b200,completa,525933,0.95000,0.95042,0.95042,0.00000
sd03-b200,completa,725212,0.95000,0.95042,0.95042,0.00000
sd03-b200,completa,1000000,0.95000,0.95042,0.95042,0.00000
sd03-b200,sis-p01,1,0.57757,0.57767,0.03190,-0.54578
sd03-b200,sis-p01,2,0.72196,0.72189,0.04690,-0.67499
sd03-b200,sis-p01,3,0.78613,0.78587,0.05719,-0.72867
sd03-b200,sis-p01,4,0.82223,0.82219,0.06579,-0.75640
sd03-b200,sis-p01,5,0.84533,0.84536,0.07249,-0.77287
sd03-b200,sis-p01,7,0.87316,0.87315,0.08089,-0.79226
sd03-b200,sis-p01,9,0.88932,0.88944,0.08749,-0.80195
sd03-b200,sis-p01,10,0.89509,0.89546,0.08959,-0.80587
sd03-b200,sis-p01,13,0.90729,0.90781,0.09399,-0.81382
sd03-b200,sis-p01,18,0.91885,0.91935,0.10029,-0.81906
sd03-b200,sis-p01,25,0.92741,0.92773,0.10669,-0.82104
sd03-b200,sis-p01,34,0.93332,0.93363,0.11029,-0.82335
sd03-b200,sis-p01,47,0.93790,0.93828,0.11389,-0.82439
sd03-b200,sis-p01,65,0.94124,0.94159,0.11609,-0.82550
sd03-b200,sis-p01,90,0.94368,0.94408,0.11719,-0.82689
sd03-b200,sis-p01,100,0.94431,0.94475,0.11749,-0.82726
sd03-b200,sis-p01,124,0.94542,0.94585,0.11839,-0.82747
sd03-b200,sis-p01,171,0.94669,0.94717,0.11909,-0.82809
sd03-b200,sis-p01,236,0.94762,0.94813,0.11939,-0.82874
sd03-b200,sis-p01,325,0.94828,0.94883,0.11949,-0.82935
sd03-b200,sis-p01,448,0.94877,0.94931,0.11969,-0.82963
sd03-b200,sis-p01,618,0.94912,0.94964,0.11969,-0.82995
sd03-b200,sis-p01,852,0.94938,0.94988,0.11989,-0.83000
sd03-b200,sis-p01,1000,0.94948,0.94997,0.11989,-0.83009
sd03-b200,sis-p01,1174,0.94957,0.95005,0.11999,-0.83006
sd03-b200,sis-p01,1619,0.94970,0.95016,0.11999,-0.83017
sd03-b200,sis-p01,2233,0.94980,0.95026,0.11999,-0.83027
sd03-b200,sis-p01,3079,0.94987,0.95032,0.11999,-0.83033
sd03-b200,sis-p01,4245,0.94992,0.95037,0.11999,-0.83038
sd03-b200,sis-p01,5854,0.94996,0.95039,0.11999,-0.83041
sd03-b200,sis-p01,8072,0.94999,0.95041,0.11999,-0.83042
sd03-b200,sis-p01,10000,0.95000,0.95042,0.11999,-0.83044
sd03-b200,sis-p01,11130,0.95000,0.95042,0.11999,-0.83044
sd03-b200,sis-p01,15348,0.95000,0.95042,0.11999,-0.83044
sd03-b200,sis-p01,21163,0.95000,0.95042,0.11999,-0.83044
sd03-b200,sis-p01,29182,0.95000,0.95042,0.11999,-0.83044
sd03-b200,sis-p01,40239,0.95000,0.95042,0.11999,-0.83044
sd03-b200,sis-p01,55486,0.95000,0.95042,0.11999,-0.83044
sd03-b200,sis-p01,76510,0.95000,0.95042,0.11999,-0.83044
sd03-b200,sis-p01,105501,0.95000,0.95042,0.11999,-0.83044
sd03-b200,sis-p01,145476,0.95000,0.95042,0.11999,-0.83044
sd03-b200,sis-p01,200598,0.95000,0.95042,0.11999,-0.83044
sd03-b200,sis-p01,276605,0.95000,0.95042,0.11999,-0.83044
sd03-b200,sis-p01,381413,0.95000,0.95042,0.11999,-0.83044
sd03-b200,sis-p01,525933,0.95000,0.95042,0.11999,-0.83044
sd03-b200,sis-p01,725212,0.95000,0.95042,0.11999,-0.83044
sd03-b200,sis-p01,1000000,0.95000,0.95042,0.11999,-0.83044
sd03-b200,sis-p10,1,0.57757,0.57767,0.15088,-0.42680
sd03-b200,sis-p10,2,0.72196,0.72189,0.23557,-0.48632
sd03-b200,sis-p10,3,0.78613,0.78587,0.29462,-0.49125
sd03-b200,sis-p10,4,0.82223,0.82219,0.33664,-0.48556
sd03-b200,sis-p10,5,0.84533,0.84536,0.36946,-0.47591
sd03-b200,sis-p10,7,0.87316,0.87315,0.41659,-0.45656
sd03-b200,sis-p10,9,0.88932,0.88944,0.44928,-0.44016
sd03-b200,sis-p10,10,0.89509,0.89546,0.46271,-0.43276
sd03-b200,sis-p10,13,0.90729,0.90781,0.49166,-0.41615
sd03-b200,sis-p10,18,0.91885,0.91935,0.52450,-0.39484
sd03-b200,sis-p10,25,0.92741,0.92773,0.55073,-0.37700
sd03-b200,sis-p10,34,0.93332,0.93363,0.57066,-0.36297
sd03-b200,sis-p10,47,0.93790,0.93828,0.58654,-0.35173
sd03-b200,sis-p10,65,0.94124,0.94159,0.59951,-0.34207
sd03-b200,sis-p10,90,0.94368,0.94408,0.60883,-0.33524
sd03-b200,sis-p10,100,0.94431,0.94475,0.61134,-0.33340
sd03-b200,sis-p10,124,0.94542,0.94585,0.61575,-0.33010
sd03-b200,sis-p10,171,0.94669,0.94717,0.62124,-0.32593
sd03-b200,sis-p10,236,0.94762,0.94813,0.62534,-0.32278
sd03-b200,sis-p10,325,0.94828,0.94883,0.62793,-0.32090
sd03-b200,sis-p10,448,0.94877,0.94931,0.62975,-0.31956
sd03-b200,sis-p10,618,0.94912,0.94964,0.63108,-0.31856
sd03-b200,sis-p10,852,0.94938,0.94988,0.63203,-0.31785
sd03-b200,sis-p10,1000,0.94948,0.94997,0.63237,-0.31760
sd03-b200,sis-p10,1174,0.94957,0.95005,0.63269,-0.31735
sd03-b200,sis-p10,1619,0.94970,0.95016,0.63330,-0.31686
sd03-b200,sis-p10,2233,0.94980,0.95026,0.63358,-0.31668
sd03-b200,sis-p10,3079,0.94987,0.95032,0.63383,-0.31648
sd03-b200,sis-p10,4245,0.94992,0.95037,0.63404,-0.31632
sd03-b200,sis-p10,5854,0.94996,0.95039,0.63412,-0.31627
sd03-b200,sis-p10,8072,0.94999,0.95041,0.63420,-0.31621
sd03-b200,sis-p10,10000,0.95000,0.95042,0.63420,-0.31622
sd03-b200,sis-p10,11130,0.95000,0.95042,0.63420,-0.31622
sd03-b200,sis-p10,15348,0.95000,0.95042,0.63420,-0.31622
sd03-b200,sis-p10,21163,0.95000,0.95042,0.63420,-0.31622
sd03-b200,sis-p10,29182,0.95000,0.95042,0.63420,-0.31622
sd03-b200,sis-p10,40239,0.95000,0.95042,0.63420,-0.31622
sd03-b200,sis-p10,55486,0.95000,0.95042,0.63420,-0.31622
sd03-b200,sis-p10,76510,0.95000,0.95042,0.63420,-0.31622
sd03-b200,sis-p10,105501,0.95000,0.95042,0.63420,-0.31622
sd03-b200,sis-p10,145476,0.95000,0.95042,0.63420,-0.31622
sd03-b200,sis-p10,200598,0.95000,0.95042,0.63420,-0.31622
sd03-b200,sis-p10,276605,0.95000,0.95042,0.63420,-0.31622
sd03-b200,sis-p10,381413,0.95000,0.95042,0.63420,-0.31622
sd03-b200,sis-p10,525933,0.95000,0.95042,0.63420,-0.31622
sd03-b200,sis-p10,725212,0.95000,0.95042,0.63420,-0.31622
sd03-b200,sis-p10,1000000,0.95000,0.95042,0.63420,-0.31622
sd03-b200,sis-p20,1,0.57757,0.57767,0.22531,-0.35237
sd03-b200,sis-p20,2,0.72196,0.72189,0.34800,-0.37389
sd03-b200,sis-p20,3,0.78613,0.78587,0.42496,-0.36091
sd03-b200,sis-p20,4,0.82223,0.82219,0.48017,-0.34203
sd03-b200,sis-p20,5,0.84533,0.84536,0.52017,-0.32519
sd03-b200,sis-p20,7,0.87316,0.87315,0.57517,-0.29798
sd03-b200,sis-p20,9,0.88932,0.88944,0.61139,-0.27805
sd03-b200,sis-p20,10,0.89509,0.89546,0.62547,-0.26999
sd03-b200,sis-p20,13,0.90729,0.90781,0.65617,-0.25164
sd03-b200,sis-p20,18,0.91885,0.91935,0.68661,-0.23273
sd03-b200,sis-p20,25,0.92741,0.92773,0.71109,-0.21665
sd03-b200,sis-p20,34,0.93332,0.93363,0.72886,-0.20477
sd03-b200,sis-p20,47,0.93790,0.93828,0.74314,-0.19514
sd03-b200,sis-p20,65,0.94124,0.94159,0.75381,-0.18778
sd03-b200,sis-p20,90,0.94368,0.94408,0.76205,-0.18202
sd03-b200,sis-p20,100,0.94431,0.94475,0.76409,-0.18066
sd03-b200,sis-p20,124,0.94542,0.94585,0.76781,-0.17804
sd03-b200,sis-p20,171,0.94669,0.94717,0.77216,-0.17501
sd03-b200,sis-p20,236,0.94762,0.94813,0.77543,-0.17269
sd03-b200,sis-p20,325,0.94828,0.94883,0.77783,-0.17101
sd03-b200,sis-p20,448,0.94877,0.94931,0.77938,-0.16994
sd03-b200,sis-p20,618,0.94912,0.94964,0.78037,-0.16927
sd03-b200,sis-p20,852,0.94938,0.94988,0.78123,-0.16866
sd03-b200,sis-p20,1000,0.94948,0.94997,0.78151,-0.16846
sd03-b200,sis-p20,1174,0.94957,0.95005,0.78176,-0.16828
sd03-b200,sis-p20,1619,0.94970,0.95016,0.78218,-0.16798
sd03-b200,sis-p20,2233,0.94980,0.95026,0.78251,-0.16775
sd03-b200,sis-p20,3079,0.94987,0.95032,0.78269,-0.16762
sd03-b200,sis-p20,4245,0.94992,0.95037,0.78285,-0.16752
sd03-b200,sis-p20,5854,0.94996,0.95039,0.78295,-0.16745
sd03-b200,sis-p20,8072,0.94999,0.95041,0.78300,-0.16742
sd03-b200,sis-p20,10000,0.95000,0.95042,0.78303,-0.16739
sd03-b200,sis-p20,11130,0.95000,0.95042,0.78303,-0.16739
sd03-b200,sis-p20,15348,0.95000,0.95042,0.78303,-0.16739
sd03-b200,sis-p20,21163,0.95000,0.95042,0.78303,-0.16739
sd03-b200,sis-p20,29182,0.95000,0.95042,0.78303,-0.16739
sd03-b200,sis-p20,40239,0.95000,0.95042,0.78303,-0.16739
sd03-b200,sis-p20,55486,0.95000,0.95042,0.78303,-0.16739
sd03-b200,sis-p20,76510,0.95000,0.95042,0.78303,-0.16739
sd03-b200,sis-p20,105501,0.95000,0.95042,0.78303,-0.16739
sd03-b200,sis-p20,145476,0.95000,0.95042,0.78303,-0.16739
sd03-b200,sis-p20,200598,0.95000,0.95042,0.78303,-0.16739
sd03-b200,sis-p20,276605,0.95000,0.95042,0.78303,-0.16739
sd03-b200,sis-p20,381413,0.95000,0.95042,0.78303,-0.16739
sd03-b200,sis-p20,525933,0.95000,0.95042,0.78303,-0.16739
sd03-b200,sis-p20,725212,0.95000,0.95042,0.78303,-0.16739
sd03-b200,sis-p20,1000000,0.95000,0.95042,0.78303,-0.16739
sd03-b200,jan-p01-t1k,1,0.57757,0.57767,0.57230,-0.00537
sd03-b200,jan-p01-t1k,2,0.72196,0.72189,0.71810,-0.00379
sd03-b200,jan-p01-t1k,3,0.78613,0.78587,0.78050,-0.00537
sd03-b200,jan-p01-t1k,4,0.82223,0.82219,0.81760,-0.00459
sd03-b200,jan-p01-t1k,5,0.84533,0.84536,0.84240,-0.00296
sd03-b200,jan-p01-t1k,7,0.87316,0.87315,0.86850,-0.00465
sd03-b200,jan-p01-t1k,9,0.88932,0.88944,0.88510,-0.00434
sd03-b200,jan-p01-t1k,10,0.89509,0.89546,0.89080,-0.00466
sd03-b200,jan-p01-t1k,13,0.90729,0.90781,0.90230,-0.00551
sd03-b200,jan-p01-t1k,18,0.91885,0.91935,0.91260,-0.00675
sd03-b200,jan-p01-t1k,25,0.92741,0.92773,0.91960,-0.00813
sd03-b200,jan-p01-t1k,34,0.93332,0.93363,0.92370,-0.00994
sd03-b200,jan-p01-t1k,47,0.93790,0.93828,0.92700,-0.01128
sd03-b200,jan-p01-t1k,65,0.94124,0.94159,0.92750,-0.01409
sd03-b200,jan-p01-t1k,90,0.94368,0.94408,0.92750,-0.01658
sd03-b200,jan-p01-t1k,100,0.94431,0.94475,0.92750,-0.01725
sd03-b200,jan-p01-t1k,124,0.94542,0.94585,0.92750,-0.01835
sd03-b200,jan-p01-t1k,171,0.94669,0.94717,0.92750,-0.01967
sd03-b200,jan-p01-t1k,236,0.94762,0.94813,0.92750,-0.02063
sd03-b200,jan-p01-t1k,325,0.94828,0.94883,0.92750,-0.02133
sd03-b200,jan-p01-t1k,448,0.94877,0.94931,0.92750,-0.02181
sd03-b200,jan-p01-t1k,618,0.94912,0.94964,0.92750,-0.02214
sd03-b200,jan-p01-t1k,852,0.94938,0.94988,0.92750,-0.02238
sd03-b200,jan-p01-t1k,1000,0.94948,0.94997,0.92750,-0.02247
sd03-b200,jan-p01-t1k,1174,0.94957,0.95005,0.92750,-0.02255
sd03-b200,jan-p01-t1k,1619,0.94970,0.95016,0.92750,-0.02266
sd03-b200,jan-p01-t1k,2233,0.94980,0.95026,0.92750,-0.02276
sd03-b200,jan-p01-t1k,3079,0.94987,0.95032,0.92750,-0.02282
sd03-b200,jan-p01-t1k,4245,0.94992,0.95037,0.92750,-0.02287
sd03-b200,jan-p01-t1k,5854,0.94996,0.95039,0.92750,-0.02289
sd03-b200,jan-p01-t1k,8072,0.94999,0.95041,0.92750,-0.02291
sd03-b200,jan-p01-t1k,10000,0.95000,0.95042,0.92750,-0.02292
sd03-b200,jan-p01-t1k,11130,0.95000,0.95042,0.92750,-0.02292
sd03-b200,jan-p01-t1k,15348,0.95000,0.95042,0.92750,-0.02292
sd03-b200,jan-p01-t1k,21163,0.95000,0.95042,0.92750,-0.02292
sd03-b200,jan-p01-t1k,29182,0.95000,0.95042,0.92750,-0.02292
sd03-b200,jan-p01-t1k,40239,0.95000,0.95042,0.92750,-0.02292
sd03-b200,jan-p01-t1k,55486,0.95000,0.95042,0.92750,-0.02292
sd03-b200,jan-p01-t1k,76510,0.95000,0.95042,0.92750,-0.02292
sd03-b200,jan-p01-t1k,105501,0.95000,0.95042,0.92750,-0.02292
sd03-b200,jan-p01-t1k,145476,0.95000,0.95042,0.92750,-0.02292
sd03-b200,jan-p01-t1k,200598,0.95000,0.95042,0.92750,-0.02292
sd03-b200,jan-p01-t1k,276605,0.95000,0.95042,0.92750,-0.02292
sd03-b200,jan-p01-t1k,381413,0.95000,0.95042,0.92750,-0.02292
sd03-b200,jan-p01-t1k,525933,0.95000,0.95042,0.92750,-0.02292
sd03-b200,jan-p01-t1k,725212,0.95000,0.95042,0.92750,-0.02292
sd03-b200,jan-p01-t1k,1000000,0.95000,0.95042,0.92750,-0.02292
sd03-b200,jan-p10-t1k,1,0.57757,0.57767,0.57696,-0.00071
sd03-b200,jan-p10-t1k,2,0.72196,0.72189,0.72012,-0.00177
sd03-b200,jan-p10-t1k,3,0.78613,0.78587,0.78324,-0.00263
sd03-b200,jan-p10-t1k,4,0.82223,0.82219,0.81952,-0.00267
sd03-b200,jan-p10-t1k,5,0.84533,0.84536,0.84244,-0.00292
sd03-b200,jan-p10-t1k,7,0.87316,0.87315,0.86853,-0.00462
sd03-b200,jan-p10-t1k,9,0.88932,0.88944,0.88477,-0.00467
sd03-b200,jan-p10-t1k,10,0.89509,0.89546,0.89061,-0.00485
sd03-b200,jan-p10-t1k,13,0.90729,0.90781,0.90239,-0.00542
sd03-b200,jan-p10-t1k,18,0.91885,0.91935,0.91313,-0.00622
sd03-b200,jan-p10-t1k,25,0.92741,0.92773,0.91991,-0.00782
sd03-b200,jan-p10-t1k,34,0.93332,0.93363,0.92418,-0.00945
sd03-b200,jan-p10-t1k,47,0.93790,0.93828,0.92676,-0.01152
sd03-b200,jan-p10-t1k,65,0.94124,0.94159,0.92760,-0.01399
sd03-b200,jan-p10-t1k,90,0.94368,0.94408,0.92778,-0.01630
sd03-b200,jan-p10-t1k,100,0.94431,0.94475,0.92780,-0.01695
sd03-b200,jan-p10-t1k,124,0.94542,0.94585,0.92785,-0.01800
sd03-b200,jan-p10-t1k,171,0.94669,0.94717,0.92785,-0.01933
sd03-b200,jan-p10-t1k,236,0.94762,0.94813,0.92788,-0.02025
sd03-b200,jan-p10-t1k,325,0.94828,0.94883,0.92791,-0.02092
sd03-b200,jan-p10-t1k,448,0.94877,0.94931,0.92791,-0.02140
sd03-b200,jan-p10-t1k,618,0.94912,0.94964,0.92791,-0.02173
sd03-b200,jan-p10-t1k,852,0.94938,0.94988,0.92792,-0.02197
sd03-b200,jan-p10-t1k,1000,0.94948,0.94997,0.92792,-0.02205
sd03-b200,jan-p10-t1k,1174,0.94957,0.95005,0.92792,-0.02213
sd03-b200,jan-p10-t1k,1619,0.94970,0.95016,0.92792,-0.02224
sd03-b200,jan-p10-t1k,2233,0.94980,0.95026,0.92792,-0.02234
sd03-b200,jan-p10-t1k,3079,0.94987,0.95032,0.92792,-0.02240
sd03-b200,jan-p10-t1k,4245,0.94992,0.95037,0.92792,-0.02245
sd03-b200,jan-p10-t1k,5854,0.94996,0.95039,0.92792,-0.02247
sd03-b200,jan-p10-t1k,8072,0.94999,0.95041,0.92792,-0.02249
sd03-b200,jan-p10-t1k,10000,0.95000,0.95042,0.92792,-0.02250
sd03-b200,jan-p10-t1k,11130,0.95000,0.95042,0.92792,-0.02250
sd03-b200,jan-p10-t1k,15348,0.95000,0.95042,0.92792,-0.02250
sd03-b200,jan-p10-t1k,21163,0.95000,0.95042,0.92792,-0.02250
sd03-b200,jan-p10-t1k,29182,0.95000,0.95042,0.92792,-0.02250
sd03-b200,jan-p10-t1k,40239,0.95000,0.95042,0.92792,-0.02250
sd03-b200,jan-p10-t1k,55486,0.95000,0.95042,0.92792,-0.02250
sd03-b200,jan-p10-t1k,76510,0.95000,0.95042,0.92792,-0.02250
sd03-b200,jan-p10-t1k,105501,0.95000,0.95042,0.92792,-0.02250
sd03-b200,jan-p10-t1k,145476,0.95000,0.95042,0.92792,-0.02250
sd03-b200,jan-p10-t1k,200598,0.95000,0.95042,0.92792,-0.02250
sd03-b200,jan-p10-t1k,276605,0.95000,0.95042,0.92792,-0.02250
sd03-b200,jan-p10-t1k,381413,0.95000,0.95042,0.92792,-0.02250
sd03-b200,jan-p10-t1k,525933,0.95000,0.95042,0.92792,-0.02250
sd03-b200,jan-p10-t1k,725212,0.95000,0.95042,0.92792,-0.02250
sd03-b200,jan-p10-t1k,1000000,0.95000,0.95042,0.92792,-0.02250
sd03-b200,jan-p20-t1k,1,0.57757,0.57767,0.57644,-0.00124
sd03-b200,jan-p20-t1k,2,0.72196,0.72189,0.72049,-0.00140
sd03-b200,jan-p20-t1k,3,0.78613,0.78587,0.78355,-0.00232
sd03-b200,jan-p20-t1k,4,0.82223,0.82219,0.81925,-0.00294
sd03-b200,jan-p20-t1k,5,0.84533,0.84536,0.84242,-0.00295
sd03-b200,jan-p20-t1k,7,0.87316,0.87315,0.86904,-0.00411
sd03-b200,jan-p20-t1k,9,0.88932,0.88944,0.88492,-0.00451
sd03-b200,jan-p20-t1k,10,0.89509,0.89546,0.89090,-0.00456
sd03-b200,jan-p20-t1k,13,0.90729,0.90781,0.90258,-0.00522
sd03-b200,jan-p20-t1k,18,0.91885,0.91935,0.91290,-0.00644
sd03-b200,jan-p20-t1k,25,0.92741,0.92773,0.91966,-0.00807
sd03-b200,jan-p20-t1k,34,0.93332,0.93363,0.92400,-0.00964
sd03-b200,jan-p20-t1k,47,0.93790,0.93828,0.92681,-0.01147
sd03-b200,jan-p20-t1k,65,0.94124,0.94159,0.92807,-0.01352
sd03-b200,jan-p20-t1k,90,0.94368,0.94408,0.92839,-0.01568
sd03-b200,jan-p20-t1k,100,0.94431,0.94475,0.92848,-0.01627
sd03-b200,jan-p20-t1k,124,0.94542,0.94585,0.92866,-0.01720
sd03-b200,jan-p20-t1k,171,0.94669,0.94717,0.92880,-0.01838
sd03-b200,jan-p20-t1k,236,0.94762,0.94813,0.92893,-0.01920
sd03-b200,jan-p20-t1k,325,0.94828,0.94883,0.92898,-0.01985
sd03-b200,jan-p20-t1k,448,0.94877,0.94931,0.92904,-0.02028
sd03-b200,jan-p20-t1k,618,0.94912,0.94964,0.92910,-0.02053
sd03-b200,jan-p20-t1k,852,0.94938,0.94988,0.92912,-0.02077
sd03-b200,jan-p20-t1k,1000,0.94948,0.94997,0.92914,-0.02084
sd03-b200,jan-p20-t1k,1174,0.94957,0.95005,0.92914,-0.02091
sd03-b200,jan-p20-t1k,1619,0.94970,0.95016,0.92915,-0.02100
sd03-b200,jan-p20-t1k,2233,0.94980,0.95026,0.92917,-0.02110
sd03-b200,jan-p20-t1k,3079,0.94987,0.95032,0.92917,-0.02115
sd03-b200,jan-p20-t1k,4245,0.94992,0.95037,0.92917,-0.02120
sd03-b200,jan-p20-t1k,5854,0.94996,0.95039,0.92917,-0.02123
sd03-b200,jan-p20-t1k,8072,0.94999,0.95041,0.92917,-0.02125
sd03-b200,jan-p20-t1k,10000,0.95000,0.95042,0.92917,-0.02126
sd03-b200,jan-p20-t1k,11130,0.95000,0.95042,0.92917,-0.02126
sd03-b200,jan-p20-t1k,15348,0.95000,0.95042,0.92917,-0.02126
sd03-b200,jan-p20-t1k,21163,0.95000,0.95042,0.92917,-0.02126
sd03-b200,jan-p20-t1k,29182,0.95000,0.95042,0.92917,-0.02126
sd03-b200,jan-p20-t1k,40239,0.95000,0.95042,0.92917,-0.02126
sd03-b200,jan-p20-t1k,55486,0.95000,0.95042,0.92917,-0.02126
sd03-b200,jan-p20-t1k,76510,0.95000,0.95042,0.92917,-0.02126
sd03-b200,jan-p20-t1k,105501,0.95000,0.95042,0.92917,-0.02126
sd03-b200,jan-p20-t1k,145476,0.95000,0.95042,0.92917,-0.02126
sd03-b200,jan-p20-t1k,200598,0.95000,0.95042,0.92917,-0.02126
sd03-b200,jan-p20-t1k,276605,0.95000,0.95042,0.92917,-0.02126
sd03-b200,jan-p20-t1k,381413,0.95000,0.95042,0.92917,-0.02126
sd03-b200,jan-p20-t1k,525933,0.95000,0.95042,0.92917,-0.02126
sd03-b200,jan-p20-t1k,725212,0.95000,0.95042,0.92917,-0.02126
sd03-b200,jan-p20-t1k,1000000,0.95000,0.95042,0.92917,-0.02126
sd03-b200,jan-p01-t10k,1,0.57757,0.57767,0.57560,-0.00207
sd03-b200,jan-p01-t10k,2,0.72196,0.72189,0.71690,-0.00499
sd03-b200,jan-p01-t10k,3,0.78613,0.78587,0.77840,-0.00747
sd03-b200,jan-p01-t10k,4,0.82223,0.82219,0.81430,-0.00789
sd03-b200,jan-p01-t10k,5,0.84533,0.84536,0.83670,-0.00866
sd03-b200,jan-p01-t10k,7,0.87316,0.87315,0.86620,-0.00695
sd03-b200,jan-p01-t10k,9,0.88932,0.88944,0.88450,-0.00494
sd03-b200,jan-p01-t10k,10,0.89509,0.89546,0.89080,-0.00466
sd03-b200,jan-p01-t10k,13,0.90729,0.90781,0.90370,-0.00411
sd03-b200,jan-p01-t10k,18,0.91885,0.91935,0.91630,-0.00305
sd03-b200,jan-p01-t10k,25,0.92741,0.92773,0.92510,-0.00263
sd03-b200,jan-p01-t10k,34,0.93332,0.93363,0.93050,-0.00313
sd03-b200,jan-p01-t10k,47,0.93790,0.93828,0.93580,-0.00248
sd03-b200,jan-p01-t10k,65,0.94124,0.94159,0.93830,-0.00329
sd03-b200,jan-p01-t10k,90,0.94368,0.94408,0.93990,-0.00418
sd03-b200,jan-p01-t10k,100,0.94431,0.94475,0.94030,-0.00445
sd03-b200,jan-p01-t10k,124,0.94542,0.94585,0.94100,-0.00485
sd03-b200,jan-p01-t10k,171,0.94669,0.94717,0.94220,-0.00497
sd03-b200,jan-p01-t10k,236,0.94762,0.94813,0.94290,-0.00523
sd03-b200,jan-p01-t10k,325,0.94828,0.94883,0.94320,-0.00563
sd03-b200,jan-p01-t10k,448,0.94877,0.94931,0.94350,-0.00581
sd03-b200,jan-p01-t10k,618,0.94912,0.94964,0.94350,-0.00614
sd03-b200,jan-p01-t10k,852,0.94938,0.94988,0.94350,-0.00638
sd03-b200,jan-p01-t10k,1000,0.94948,0.94997,0.94350,-0.00647
sd03-b200,jan-p01-t10k,1174,0.94957,0.95005,0.94350,-0.00655
sd03-b200,jan-p01-t10k,1619,0.94970,0.95016,0.94350,-0.00666
sd03-b200,jan-p01-t10k,2233,0.94980,0.95026,0.94350,-0.00676
sd03-b200,jan-p01-t10k,3079,0.94987,0.95032,0.94350,-0.00682
sd03-b200,jan-p01-t10k,4245,0.94992,0.95037,0.94350,-0.00687
sd03-b200,jan-p01-t10k,5854,0.94996,0.95039,0.94350,-0.00689
sd03-b200,jan-p01-t10k,8072,0.94999,0.95041,0.94350,-0.00691
sd03-b200,jan-p01-t10k,10000,0.95000,0.95042,0.94350,-0.00692
sd03-b200,jan-p01-t10k,11130,0.95000,0.95042,0.94350,-0.00692
sd03-b200,jan-p01-t10k,15348,0.95000,0.95042,0.94350,-0.00692
sd03-b200,jan-p01-t10k,21163,0.95000,0.95042,0.94350,-0.00692
sd03-b200,jan-p01-t10k,29182,0.95000,0.95042,0.94350,-0.00692
sd03-b200,jan-p01-t10k,40239,0.95000,0.95042,0.94350,-0.00692
sd03-b200,jan-p01-t10k,55486,0.95000,0.95042,0.94350,-0.00692
sd03-b200,jan-p01-t10k,76510,0.95000,0.95042,0.94350,-0.00692
sd03-b200,jan-p01-t10k,105501,0.95000,0.95042,0.94350,-0.00692
sd03-b200,jan-p01-t10k,145476,0.95000,0.95042,0.94350,-0.00692
sd03-b200,jan-p01-t10k,200598,0.95000,0.95042,0.94350,-0.00692
sd03-b200,jan-p01-t10k,276605,0.95000,0.95042,0.94350,-0.00692
sd03-b200,jan-p01-t10k,381413,0.95000,0.95042,0.94350,-0.00692
sd03-b200,jan-p01-t10k,525933,0.95000,0.95042,0.94350,-0.00692
sd03-b200,jan-p01-t10k,725212,0.95000,0.95042,0.94350,-0.00692
sd03-b200,jan-p01-t10k,1000000,0.95000,0.95042,0.94350,-0.00692
sd03-b200,jan-p10-t10k,1,0.57757,0.57767,0.57653,-0.00114
sd03-b200,jan-p10-t10k,2,0.72196,0.72189,0.72088,-0.00101
sd03-b200,jan-p10-t10k,3,0.78613,0.78587,0.78394,-0.00193
sd03-b200,jan-p10-t10k,4,0.82223,0.82219,0.82016,-0.00203
sd03-b200,jan-p10-t10k,5,0.84533,0.84536,0.84299,-0.00237
sd03-b200,jan-p10-t10k,7,0.87316,0.87315,0.87044,-0.00271
sd03-b200,jan-p10-t10k,9,0.88932,0.88944,0.88727,-0.00217
sd03-b200,jan-p10-t10k,10,0.89509,0.89546,0.89349,-0.00197
sd03-b200,jan-p10-t10k,13,0.90729,0.90781,0.90568,-0.00213
sd03-b200,jan-p10-t10k,18,0.91885,0.91935,0.91706,-0.00229
sd03-b200,jan-p10-t10k,25,0.92741,0.92773,0.92570,-0.00203
sd03-b200,jan-p10-t10k,34,0.93332,0.93363,0.93164,-0.00199
sd03-b200,jan-p10-t10k,47,0.93790,0.93828,0.93614,-0.00214
sd03-b200,jan-p10-t10k,65,0.94124,0.94159,0.93917,-0.00242
sd03-b200,jan-p10-t10k,90,0.94368,0.94408,0.94145,-0.00263
sd03-b200,jan-p10-t10k,100,0.94431,0.94475,0.94206,-0.00269
sd03-b200,jan-p10-t10k,124,0.94542,0.94585,0.94300,-0.00285
sd03-b200,jan-p10-t10k,171,0.94669,0.94717,0.94407,-0.00311
sd03-b200,jan-p10-t10k,236,0.94762,0.94813,0.94469,-0.00344
sd03-b200,jan-p10-t10k,325,0.94828,0.94883,0.94503,-0.00380
sd03-b200,jan-p10-t10k,448,0.94877,0.94931,0.94517,-0.00414
sd03-b200,jan-p10-t10k,618,0.94912,0.94964,0.94519,-0.00445
sd03-b200,jan-p10-t10k,852,0.94938,0.94988,0.94520,-0.00468
sd03-b200,jan-p10-t10k,1000,0.94948,0.94997,0.94521,-0.00476
sd03-b200,jan-p10-t10k,1174,0.94957,0.95005,0.94521,-0.00484
sd03-b200,jan-p10-t10k,1619,0.94970,0.95016,0.94521,-0.00495
sd03-b200,jan-p10-t10k,2233,0.94980,0.95026,0.94521,-0.00505
sd03-b200,jan-p10-t10k,3079,0.94987,0.95032,0.94521,-0.00511
sd03-b200,jan-p10-t10k,4245,0.94992,0.95037,0.94521,-0.00516
sd03-b200,jan-p10-t10k,5854,0.94996,0.95039,0.94521,-0.00518
sd03-b200,jan-p10-t10k,8072,0.94999,0.95041,0.94521,-0.00520
sd03-b200,jan-p10-t10k,10000,0.95000,0.95042,0.94521,-0.00521
sd03-b200,jan-p10-t10k,11130,0.95000,0.95042,0.94521,-0.00521
sd03-b200,jan-p10-t10k,15348,0.95000,0.95042,0.94521,-0.00521
sd03-b200,jan-p10-t10k,21163,0.95000,0.95042,0.94521,-0.00521
sd03-b200,jan-p10-t10k,29182,0.95000,0.95042,0.94521,-0.00521
sd03-b200,jan-p10-t10k,40239,0.95000,0.95042,0.94521,-0.00521
sd03-b200,jan-p10-t10k,55486,0.95000,0.95042,0.94521,-0.00521
sd03-b200,jan-p10-t10k,76510,0.95000,0.95042,0.94521,-0.00521
sd03-b200,jan-p10-t10k,105501,0.95000,0.95042,0.94521,-0.00521
sd03-b200,jan-p10-t10k,145476,0.95000,0.95042,0.94521,-0.00521
sd03-b200,jan-p10-t10k,200598,0.95000,0.95042,0.94521,-0.00521
sd03-b200,jan-p10-t10k,276605,0.95000,0.95042,0.94521,-0.00521
sd03-b200,jan-p10-t10k,381413,0.95000,0.95042,0.94521,-0.00521
sd03-b200,jan-p10-t10k,525933,0.95000,0.95042,0.94521,-0.00521
sd03-b200,jan-p10-t10k,725212,0.95000,0.95042,0.94521,-0.00521
sd03-b200,jan-p10-t10k,1000000,0.95000,0.95042,0.94521,-0.00521
sd03-b200,jan-p20-t10k,1,0.57757,0.57767,0.57783,0.00016
sd03-b200,jan-p20-t10k,2,0.72196,0.72189,0.72200,0.00011
sd03-b200,jan-p20-t10k,3,0.78613,0.78587,0.78503,-0.00084
sd03-b200,jan-p20-t10k,4,0.82223,0.82219,0.82127,-0.00092
sd03-b200,jan-p20-t10k,5,0.84533,0.84536,0.84440,-0.00097
sd03-b200,jan-p20-t10k,7,0.87316,0.87315,0.87202,-0.00113
sd03-b200,jan-p20-t10k,9,0.88932,0.88944,0.88853,-0.00091
sd03-b200,jan-p20-t10k,10,0.89509,0.89546,0.89472,-0.00075
sd03-b200,jan-p20-t10k,13,0.90729,0.90781,0.90684,-0.00097
sd03-b200,jan-p20-t10k,18,0.91885,0.91935,0.91824,-0.00111
sd03-b200,jan-p20-t10k,25,0.92741,0.92773,0.92673,-0.00100
sd03-b200,jan-p20-t10k,34,0.93332,0.93363,0.93256,-0.00108
sd03-b200,jan-p20-t10k,47,0.93790,0.93828,0.93700,-0.00128
sd03-b200,jan-p20-t10k,65,0.94124,0.94159,0.93986,-0.00173
sd03-b200,jan-p20-t10k,90,0.94368,0.94408,0.94214,-0.00194
sd03-b200,jan-p20-t10k,100,0.94431,0.94475,0.94276,-0.00199
sd03-b200,jan-p20-t10k,124,0.94542,0.94585,0.94363,-0.00223
sd03-b200,jan-p20-t10k,171,0.94669,0.94717,0.94462,-0.00255
sd03-b200,jan-p20-t10k,236,0.94762,0.94813,0.94520,-0.00293
sd03-b200,jan-p20-t10k,325,0.94828,0.94883,0.94554,-0.00329
sd03-b200,jan-p20-t10k,448,0.94877,0.94931,0.94566,-0.00366
sd03-b200,jan-p20-t10k,618,0.94912,0.94964,0.94569,-0.00394
sd03-b200,jan-p20-t10k,852,0.94938,0.94988,0.94570,-0.00418
sd03-b200,jan-p20-t10k,1000,0.94948,0.94997,0.94571,-0.00427
sd03-b200,jan-p20-t10k,1174,0.94957,0.95005,0.94571,-0.00434
sd03-b200,jan-p20-t10k,1619,0.94970,0.95016,0.94572,-0.00444
sd03-b200,jan-p20-t10k,2233,0.94980,0.95026,0.94573,-0.00453
sd03-b200,jan-p20-t10k,3079,0.94987,0.95032,0.94573,-0.00458
sd03-b200,jan-p20-t10k,4245,0.94992,0.95037,0.94573,-0.00463
sd03-b200,jan-p20-t10k,5854,0.94996,0.95039,0.94573,-0.00466
sd03-b200,jan-p20-t10k,8072,0.94999,0.95041,0.94573,-0.00468
sd03-b200,jan-p20-t10k,10000,0.95000,0.95042,0.94573,-0.00469
sd03-b200,jan-p20-t10k,11130,0.95000,0.95042,0.94573,-0.00469
sd03-b200,jan-p20-t10k,15348,0.95000,0.95042,0.94573,-0.00469
sd03-b200,jan-p20-t10k,21163,0.95000,0.95042,0.94573,-0.00469
sd03-b200,jan-p20-t10k,29182,0.95000,0.95042,0.94573,-0.00469
sd03-b200,jan-p20-t10k,40239,0.95000,0.95042,0.94573,-0.00469
sd03-b200,jan-p20-t10k,55486,0.95000,0.95042,0.94573,-0.00469
sd03-b200,jan-p20-t10k,76510,0.95000,0.95042,0.94573,-0.00469
sd03-b200,jan-p20-t10k,105501,0.95000,0.95042,0.94573,-0.00469
sd03-b200,jan-p20-t10k,145476,0.95000,0.95042,0.94573,-0.00469
sd03-b200,jan-p20-t10k,200598,0.95000,0.95042,0.94573,-0.00469
sd03-b200,jan-p20-t10k,276605,0.95000,0.95042,0.94573,-0.00469
sd03-b200,jan-p20-t10k,381413,0.95000,0.95042,0.94573,-0.00469
sd03-b200,jan-p20-t10k,525933,0.95000,0.95042,0.94573,-0.00469
sd03-b200,jan-p20-t10k,725212,0.95000,0.95042,0.94573,-0.00469
sd03-b200,jan-p20-t10k,1000000,0.95000,0.95042,0.94573,-0.00469
sd04-b175,completa,1,0.48445,0.48472,0.48472,0.00000
sd04-b175,completa,2,0.62848,0.62846,0.62846,0.00000
sd04-b175,completa,3,0.69932,0.69909,0.69909,0.00000
sd04-b175,completa,4,0.74214,0.74215,0.74215,0.00000
sd04-b175,completa,5,0.77112,0.77091,0.77091,0.00000
sd04-b175,completa,7,0.80826,0.80811,0.80811,0.00000
sd04-b175,completa,9,0.83135,0.83134,0.83134,0.00000
sd04-b175,completa,10,0.83996,0.83998,0.83998,0.00000
sd04-b175,completa,13,0.85896,0.85914,0.85914,0.00000
sd04-b175,completa,18,0.87825,0.87818,0.87818,0.00000
sd04-b175,completa,25,0.89373,0.89406,0.89406,0.00000
sd04-b175,completa,34,0.90527,0.90577,0.90577,0.00000
sd04-b175,completa,47,0.91495,0.91547,0.91547,0.00000
sd04-b175,completa,65,0.92259,0.92305,0.92305,0.00000
sd04-b175,completa,90,0.92863,0.92893,0.92893,0.00000
sd04-b175,completa,100,0.93030,0.93055,0.93055,0.00000
sd04-b175,completa,124,0.93332,0.93361,0.93361,0.00000
sd04-b175,completa,171,0.93702,0.93736,0.93736,0.00000
sd04-b175,completa,236,0.93994,0.94027,0.94027,0.00000
sd04-b175,completa,325,0.94222,0.94257,0.94257,0.00000
sd04-b175,completa,448,0.94402,0.94438,0.94438,0.00000
sd04-b175,completa,618,0.94544,0.94581,0.94581,0.00000
sd04-b175,completa,852,0.94655,0.94696,0.94696,0.00000
sd04-b175,completa,1000,0.94701,0.94741,0.94741,0.00000
sd04-b175,completa,1174,0.94743,0.94784,0.94784,0.00000
sd04-b175,completa,1619,0.94812,0.94856,0.94856,0.00000
sd04-b175,completa,2233,0.94866,0.94910,0.94910,0.00000
sd04-b175,completa,3079,0.94908,0.94949,0.94949,0.00000
sd04-b175,completa,4245,0.94942,0.94979,0.94979,0.00000
sd04-b175,completa,5854,0.94968,0.94999,0.94999,0.00000
sd04-b175,completa,8072,0.94989,0.95016,0.95016,0.00000
sd04-b175,completa,10000,0.95000,0.95025,0.95025,0.00000
sd04-b175,completa,11130,0.95000,0.95025,0.95025,0.00000
sd04-b175,completa,15348,0.95000,0.95025,0.95025,0.00000
sd04-b175,completa,21163,0.95000,0.95025,0.95025,0.00000
sd04-b175,completa,29182,0.95000,0.95025,0.95025,0.00000
sd04-b175,completa,40239,0.95000,0.95025,0.95025,0.00000
sd04-b175,completa,55486,0.95000,0.95025,0.95025,0.00000
sd04-b175,completa,76510,0.95000,0.95025,0.95025,0.00000
sd04-b175,completa,105501,0.95000,0.95025,0.95025,0.00000
sd04-b175,completa,145476,0.95000,0.95025,0.95025,0.00000
sd04-b175,completa,200598,0.95000,0.95025,0.95025,0.00000
sd04-b175,completa,276605,0.95000,0.95025,0.95025,0.00000
sd04-b175,completa,381413,0.95000,0.95025,0.95025,0.00000
sd04-b175,completa,525933,0.95000,0.95025,0.95025,0.00000
sd04-b175,completa,725212,0.95000,0.95025,0.95025,0.00000
sd04-b175,completa,1000000,0.95000,0.95025,0.95025,0.00000
sd04-b175,sis-p01,1,0.48445,0.48472,0.02140,-0.46332
sd04-b175,sis-p01,2,0.62848,0.62846,0.03430,-0.59416
sd04-b175,sis-p01,3,0.69932,0.69909,0.04360,-0.65549
sd04-b175,sis-p01,4,0.74214,0.74215,0.04910,-0.69305
sd04-b175,sis-p01,5,0.77112,0.77091,0.05609,-0.71481
sd04-b175,sis-p01,7,0.80826,0.80811,0.06479,-0.74331
sd04-b175,sis-p01,9,0.83135,0.83134,0.06969,-0.76164
sd04-b175,sis-p01,10,0.83996,0.83998,0.07289,-0.76709
sd04-b175,sis-p01,13,0.85896,0.85914,0.07959,-0.77955
sd04-b175,sis-p01,18,0.87825,0.87818,0.08599,-0.79219
sd04-b175,sis-p01,25,0.89373,0.89406,0.09109,-0.80297
sd04-b175,sis-p01,34,0.90527,0.90577,0.09709,-0.80868
sd04-b175,sis-p01,47,0.91495,0.91547,0.10179,-0.81368
sd04-b175,sis-p01,65,0.92259,0.92305,0.10829,-0.81477
sd04-b175,sis-p01,90,0.92863,0.92893,0.11119,-0.81774
sd04-b175,sis-p01,100,0.93030,0.93055,0.11229,-0.81826
sd04-b175,sis-p01,124,0.93332,0.93361,0.11519,-0.81843
sd04-b175,sis-p01,171,0.93702,0.93736,0.11779,-0.81957
sd04-b175,sis-p01,236,0.93994,0.94027,0.12089,-0.81938
sd04-b175,sis-p01,325,0.94222,0.94257,0.12219,-0.82039
sd04-b175,sis-p01,448,0.94402,0.94438,0.12369,-0.82069
sd04-b175,sis-p01,618,0.94544,0.94581,0.12449,-0.82133
sd04-b175,sis-p01,852,0.94655,0.94696,0.12529,-0.82167
sd04-b175,sis-p01,1000,0.94701,0.94741,0.12539,-0.82202
sd04-b175,sis-p01,1174,0.94743,0.94784,0.12589,-0.82195
sd04-b175,sis-p01,1619,0.94812,0.94856,0.12649,-0.82207
sd04-b175,sis-p01,2233,0.94866,0.94910,0.12659,-0.82251
sd04-b175,sis-p01,3079,0.94908,0.94949,0.12659,-0.82290
sd04-b175,sis-p01,4245,0.94942,0.94979,0.12659,-0.82320
sd04-b175,sis-p01,5854,0.94968,0.94999,0.12659,-0.82340
sd04-b175,sis-p01,8072,0.94989,0.95016,0.12659,-0.82358
sd04-b175,sis-p01,10000,0.95000,0.95025,0.12659,-0.82366
sd04-b175,sis-p01,11130,0.95000,0.95025,0.12659,-0.82366
sd04-b175,sis-p01,15348,0.95000,0.95025,0.12659,-0.82366
sd04-b175,sis-p01,21163,0.95000,0.95025,0.12659,-0.82366
sd04-b175,sis-p01,29182,0.95000,0.95025,0.12659,-0.82366
sd04-b175,sis-p01,40239,0.95000,0.95025,0.12659,-0.82366
sd04-b175,sis-p01,55486,0.95000,0.95025,0.12659,-0.82366
sd04-b175,sis-p01,76510,0.95000,0.95025,0.12659,-0.82366
sd04-b175,sis-p01,105501,0.95000,0.95025,0.12659,-0.82366
sd04-b175,sis-p01,145476,0.95000,0.95025,0.12659,-0.82366
sd04-b175,sis-p01,200598,0.95000,0.95025,0.12659,-0.82366
sd04-b175,sis-p01,276605,0.95000,0.95025,0.12659,-0.82366
sd04-b175,sis-p01,381413,0.95000,0.95025,0.12659,-0.82366
sd04-b175,sis-p01,525933,0.95000,0.95025,0.12659,-0.82366
sd04-b175,sis-p01,725212,0.95000,0.95025,0.12659,-0.82366
sd04-b175,sis-p01,1000000,0.95000,0.95025,0.12659,-0.82366
sd04-b175,sis-p10,1,0.48445,0.48472,0.11097,-0.37375
sd04-b175,sis-p10,2,0.62848,0.62846,0.17355,-0.45491
sd04-b175,sis-p10,3,0.69932,0.69909,0.21818,-0.48091
sd04-b175,sis-p10,4,0.74214,0.74215,0.25182,-0.49033
sd04-b175,sis-p10,5,0.77112,0.77091,0.27870,-0.49221
sd04-b175,sis-p10,7,0.80826,0.80811,0.31969,-0.48842
sd04-b175,sis-p10,9,0.83135,0.83134,0.35053,-0.48081
sd04-b175,sis-p10,10,0.83996,0.83998,0.36334,-0.47665
sd04-b175,sis-p10,13,0.85896,0.85914,0.39426,-0.46489
sd04-b175,sis-p10,18,0.87825,0.87818,0.43000,-0.44819
sd04-b175,sis-p10,25,0.89373,0.89406,0.46326,-0.43080
sd04-b175,sis-p10,34,0.90527,0.90577,0.49189,-0.41388
sd04-b175,sis-p10,47,0.91495,0.91547,0.51862,-0.39684
sd04-b175,sis-p10,65,0.92259,0.92305,0.54101,-0.38204
sd04-b175,sis-p10,90,0.92863,0.92893,0.56024,-0.36869
sd04-b175,sis-p10,100,0.93030,0.93055,0.56599,-0.36455
sd04-b175,sis-p10,124,0.93332,0.93361,0.57652,-0.35709
sd04-b175,sis-p10,171,0.93702,0.93736,0.58956,-0.34780
sd04-b175,sis-p10,236,0.93994,0.94027,0.60046,-0.33980
sd04-b175,sis-p10,325,0.94222,0.94257,0.60890,-0.33367
sd04-b175,sis-p10,448,0.94402,0.94438,0.61627,-0.32811
sd04-b175,sis-p10,618,0.94544,0.94581,0.62221,-0.32360
sd04-b175,sis-p10,852,0.94655,0.94696,0.62674,-0.32021
sd04-b175,sis-p10,1000,0.94701,0.94741,0.62881,-0.31860
sd04-b175,sis-p10,1174,0.94743,0.94784,0.63052,-0.31731
sd04-b175,sis-p10,1619,0.94812,0.94856,0.63336,-0.31520
sd04-b175,sis-p10,2233,0.94866,0.94910,0.63537,-0.31373
sd04-b175,sis-p10,3079,0.94908,0.94949,0.63692,-0.31257
sd04-b175,sis-p10,4245,0.94942,0.94979,0.63777,-0.31202
sd04-b175,sis-p10,5854,0.94968,0.94999,0.63870,-0.31128
sd04-b175,sis-p10,8072,0.94989,0.95016,0.63921,-0.31095
sd04-b175,sis-p10,10000,0.95000,0.95025,0.63921,-0.31103
sd04-b175,sis-p10,11130,0.95000,0.95025,0.63921,-0.31103
sd04-b175,sis-p10,15348,0.95000,0.95025,0.63921,-0.31103
sd04-b175,sis-p10,21163,0.95000,0.95025,0.63921,-0.31103
sd04-b175,sis-p10,29182,0.95000,0.95025,0.63921,-0.31103
sd04-b175,sis-p10,40239,0.95000,0.95025,0.63921,-0.31103
sd04-b175,sis-p10,55486,0.95000,0.95025,0.63921,-0.31103
sd04-b175,sis-p10,76510,0.95000,0.95025,0.63921,-0.31103
sd04-b175,sis-p10,105501,0.95000,0.95025,0.63921,-0.31103
sd04-b175,sis-p10,145476,0.95000,0.95025,0.63921,-0.31103
sd04-b175,sis-p10,200598,0.95000,0.95025,0.63921,-0.31103
sd04-b175,sis-p10,276605,0.95000,0.95025,0.63921,-0.31103
sd04-b175,sis-p10,381413,0.95000,0.95025,0.63921,-0.31103
sd04-b175,sis-p10,525933,0.95000,0.95025,0.63921,-0.31103
sd04-b175,sis-p10,725212,0.95000,0.95025,0.63921,-0.31103
sd04-b175,sis-p10,1000000,0.95000,0.95025,0.63921,-0.31103
sd04-b175,sis-p20,1,0.48445,0.48472,0.17166,-0.31306
sd04-b175,sis-p20,2,0.62848,0.62846,0.26651,-0.36195
sd04-b175,sis-p20,3,0.69932,0.69909,0.32818,-0.37090
sd04-b175,sis-p20,4,0.74214,0.74215,0.37413,-0.36801
sd04-b175,sis-p20,5,0.77112,0.77091,0.40986,-0.36105
sd04-b175,sis-p20,7,0.80826,0.80811,0.46255,-0.34556
sd04-b175,sis-p20,9,0.83135,0.83134,0.49911,-0.33222
sd04-b175,sis-p20,10,0.83996,0.83998,0.51404,-0.32595
sd04-b175,sis-p20,13,0.85896,0.85914,0.54990,-0.30924
sd04-b175,sis-p20,18,0.87825,0.87818,0.58986,-0.28833
sd04-b175,sis-p20,25,0.89373,0.89406,0.62586,-0.26820
sd04-b175,sis-p20,34,0.90527,0.90577,0.65421,-0.25156
sd04-b175,sis-p20,47,0.91495,0.91547,0.67940,-0.23607
sd04-b175,sis-p20,65,0.92259,0.92305,0.70037,-0.22269
sd04-b175,sis-p20,90,0.92863,0.92893,0.71764,-0.21129
sd04-b175,sis-p20,100,0.93030,0.93055,0.72273,-0.20782
sd04-b175,sis-p20,124,0.93332,0.93361,0.73192,-0.20169
sd04-b175,sis-p20,171,0.93702,0.93736,0.74329,-0.19407
sd04-b175,sis-p20,236,0.93994,0.94027,0.75231,-0.18795
sd04-b175,sis-p20,325,0.94222,0.94257,0.75961,-0.18297
sd04-b175,sis-p20,448,0.94402,0.94438,0.76564,-0.17875
sd04-b175,sis-p20,618,0.94544,0.94581,0.77046,-0.17536
sd04-b175,sis-p20,852,0.94655,0.94696,0.77427,-0.17269
sd04-b175,sis-p20,1000,0.94701,0.94741,0.77579,-0.17162
sd04-b175,sis-p20,1174,0.94743,0.94784,0.77728,-0.17055
sd04-b175,sis-p20,1619,0.94812,0.94856,0.77965,-0.16891
sd04-b175,sis-p20,2233,0.94866,0.94910,0.78140,-0.16770
sd04-b175,sis-p20,3079,0.94908,0.94949,0.78263,-0.16686
sd04-b175,sis-p20,4245,0.94942,0.94979,0.78360,-0.16619
sd04-b175,sis-p20,5854,0.94968,0.94999,0.78435,-0.16564
sd04-b175,sis-p20,8072,0.94989,0.95016,0.78488,-0.16528
sd04-b175,sis-p20,10000,0.95000,0.95025,0.78498,-0.16527
sd04-b175,sis-p20,11130,0.95000,0.95025,0.78499,-0.16526
sd04-b175,sis-p20,15348,0.95000,0.95025,0.78499,-0.16526
sd04-b175,sis-p20,21163,0.95000,0.95025,0.78499,-0.16526
sd04-b175,sis-p20,29182,0.95000,0.95025,0.78499,-0.16526
sd04-b175,sis-p20,40239,0.95000,0.95025,0.78499,-0.16526
sd04-b175,sis-p20,55486,0.95000,0.95025,0.78499,-0.16526
sd04-b175,sis-p20,76510,0.95000,0.95025,0.78499,-0.16526
sd04-b175,sis-p20,105501,0.95000,0.95025,0.78499,-0.16526
sd04-b175,sis-p20,145476,0.95000,0.95025,0.78499,-0.16526
sd04-b175,sis-p20,200598,0.95000,0.95025,0.78499,-0.16526
sd04-b175,sis-p20,276605,0.95000,0.95025,0.78499,-0.16526
sd04-b175,sis-p20,381413,0.95000,0.95025,0.78499,-0.16526
sd04-b175,sis-p20,525933,0.95000,0.95025,0.78499,-0.16526
sd04-b175,sis-p20,725212,0.95000,0.95025,0.78499,-0.16526
sd04-b175,sis-p20,1000000,0.95000,0.95025,0.78499,-0.16526
sd04-b175,jan-p01-t1k,1,0.48445,0.48472,0.47990,-0.00482
sd04-b175,jan-p01-t1k,2,0.62848,0.62846,0.62130,-0.00716
sd04-b175,jan-p01-t1k,3,0.69932,0.69909,0.69370,-0.00539
sd04-b175,jan-p01-t1k,4,0.74214,0.74215,0.73690,-0.00525
sd04-b175,jan-p01-t1k,5,0.77112,0.77091,0.76470,-0.00621
sd04-b175,jan-p01-t1k,7,0.80826,0.80811,0.80050,-0.00761
sd04-b175,jan-p01-t1k,9,0.83135,0.83134,0.82550,-0.00584
sd04-b175,jan-p01-t1k,10,0.83996,0.83998,0.83490,-0.00508
sd04-b175,jan-p01-t1k,13,0.85896,0.85914,0.85390,-0.00524
sd04-b175,jan-p01-t1k,18,0.87825,0.87818,0.87050,-0.00768
sd04-b175,jan-p01-t1k,25,0.89373,0.89406,0.88520,-0.00886
sd04-b175,jan-p01-t1k,34,0.90527,0.90577,0.89500,-0.01077
sd04-b175,jan-p01-t1k,47,0.91495,0.91547,0.90240,-0.01307
sd04-b175,jan-p01-t1k,65,0.92259,0.92305,0.90560,-0.01745
sd04-b175,jan-p01-t1k,90,0.92863,0.92893,0.90700,-0.02193
sd04-b175,jan-p01-t1k,100,0.93030,0.93055,0.90700,-0.02355
sd04-b175,jan-p01-t1k,124,0.93332,0.93361,0.90700,-0.02661
sd04-b175,jan-p01-t1k,171,0.93702,0.93736,0.90710,-0.03026
sd04-b175,jan-p01-t1k,236,0.93994,0.94027,0.90710,-0.03317
sd04-b175,jan-p01-t1k,325,0.94222,0.94257,0.90710,-0.03547
sd04-b175,jan-p01-t1k,448,0.94402,0.94438,0.90710,-0.03728
sd04-b175,jan-p01-t1k,618,0.94544,0.94581,0.90710,-0.03871
sd04-b175,jan-p01-t1k,852,0.94655,0.94696,0.90710,-0.03986
sd04-b175,jan-p01-t1k,1000,0.94701,0.94741,0.90710,-0.04031
sd04-b175,jan-p01-t1k,1174,0.94743,0.94784,0.90710,-0.04074
sd04-b175,jan-p01-t1k,1619,0.94812,0.94856,0.90710,-0.04146
sd04-b175,jan-p01-t1k,2233,0.94866,0.94910,0.90710,-0.04200
sd04-b175,jan-p01-t1k,3079,0.94908,0.94949,0.90710,-0.04239
sd04-b175,jan-p01-t1k,4245,0.94942,0.94979,0.90710,-0.04269
sd04-b175,jan-p01-t1k,5854,0.94968,0.94999,0.90710,-0.04289
sd04-b175,jan-p01-t1k,8072,0.94989,0.95016,0.90710,-0.04306
sd04-b175,jan-p01-t1k,10000,0.95000,0.95025,0.90710,-0.04315
sd04-b175,jan-p01-t1k,11130,0.95000,0.95025,0.90710,-0.04315
sd04-b175,jan-p01-t1k,15348,0.95000,0.95025,0.90710,-0.04315
sd04-b175,jan-p01-t1k,21163,0.95000,0.95025,0.90710,-0.04315
sd04-b175,jan-p01-t1k,29182,0.95000,0.95025,0.90710,-0.04315
sd04-b175,jan-p01-t1k,40239,0.95000,0.95025,0.90710,-0.04315
sd04-b175,jan-p01-t1k,55486,0.95000,0.95025,0.90710,-0.04315
sd04-b175,jan-p01-t1k,76510,0.95000,0.95025,0.90710,-0.04315
sd04-b175,jan-p01-t1k,105501,0.95000,0.95025,0.90710,-0.04315
sd04-b175,jan-p01-t1k,145476,0.95000,0.95025,0.90710,-0.04315
sd04-b175,jan-p01-t1k,200598,0.95000,0.95025,0.90710,-0.04315
sd04-b175,jan-p01-t1k,276605,0.95000,0.95025,0.90710,-0.04315
sd04-b175,jan-p01-t1k,381413,0.95000,0.95025,0.90710,-0.04315
sd04-b175,jan-p01-t1k,525933,0.95000,0.95025,0.90710,-0.04315
sd04-b175,jan-p01-t1k,725212,0.95000,0.95025,0.90710,-0.04315
sd04-b175,jan-p01-t1k,1000000,0.95000,0.95025,0.90710,-0.04315
sd04-b175,jan-p10-t1k,1,0.48445,0.48472,0.48286,-0.00186
sd04-b175,jan-p10-t1k,2,0.62848,0.62846,0.62681,-0.00165
sd04-b175,jan-p10-t1k,3,0.69932,0.69909,0.69728,-0.00181
sd04-b175,jan-p10-t1k,4,0.74214,0.74215,0.73989,-0.00226
sd04-b175,jan-p10-t1k,5,0.77112,0.77091,0.76765,-0.00326
sd04-b175,jan-p10-t1k,7,0.80826,0.80811,0.80454,-0.00357
sd04-b175,jan-p10-t1k,9,0.83135,0.83134,0.82727,-0.00407
sd04-b175,jan-p10-t1k,10,0.83996,0.83998,0.83557,-0.00441
sd04-b175,jan-p10-t1k,13,0.85896,0.85914,0.85336,-0.00578
sd04-b175,jan-p10-t1k,18,0.87825,0.87818,0.87060,-0.00758
sd04-b175,jan-p10-t1k,25,0.89373,0.89406,0.88486,-0.00920
sd04-b175,jan-p10-t1k,34,0.90527,0.90577,0.89469,-0.01108
sd04-b175,jan-p10-t1k,47,0.91495,0.91547,0.90144,-0.01403
sd04-b175,jan-p10-t1k,65,0.92259,0.92305,0.90558,-0.01747
sd04-b175,jan-p10-t1k,90,0.92863,0.92893,0.90739,-0.02154
sd04-b175,jan-p10-t1k,100,0.93030,0.93055,0.90756,-0.02299
sd04-b175,jan-p10-t1k,124,0.93332,0.93361,0.90783,-0.02578
sd04-b175,jan-p10-t1k,171,0.93702,0.93736,0.90815,-0.02921
sd04-b175,jan-p10-t1k,236,0.93994,0.94027,0.90848,-0.03179
sd04-b175,jan-p10-t1k,325,0.94222,0.94257,0.90876,-0.03381
sd04-b175,jan-p10-t1k,448,0.94402,0.94438,0.90890,-0.03548
sd04-b175,jan-p10-t1k,618,0.94544,0.94581,0.90897,-0.03685
sd04-b175,jan-p10-t1k,852,0.94655,0.94696,0.90907,-0.03789
sd04-b175,jan-p10-t1k,1000,0.94701,0.94741,0.90913,-0.03828
sd04-b175,jan-p10-t1k,1174,0.94743,0.94784,0.90915,-0.03869
sd04-b175,jan-p10-t1k,1619,0.94812,0.94856,0.90922,-0.03934
sd04-b175,jan-p10-t1k,2233,0.94866,0.94910,0.90928,-0.03982
sd04-b175,jan-p10-t1k,3079,0.94908,0.94949,0.90928,-0.04021
sd04-b175,jan-p10-t1k,4245,0.94942,0.94979,0.90928,-0.04051
sd04-b175,jan-p10-t1k,5854,0.94968,0.94999,0.90928,-0.04071
sd04-b175,jan-p10-t1k,8072,0.94989,0.95016,0.90928,-0.04088
sd04-b175,jan-p10-t1k,10000,0.95000,0.95025,0.90928,-0.04097
sd04-b175,jan-p10-t1k,11130,0.95000,0.95025,0.90928,-0.04097
sd04-b175,jan-p10-t1k,15348,0.95000,0.95025,0.90928,-0.04097
sd04-b175,jan-p10-t1k,21163,0.95000,0.95025,0.90928,-0.04097
sd04-b175,jan-p10-t1k,29182,0.95000,0.95025,0.90928,-0.04097
sd04-b175,jan-p10-t1k,40239,0.95000,0.95025,0.90928,-0.04097
sd04-b175,jan-p10-t1k,55486,0.95000,0.95025,0.90928,-0.04097
sd04-b175,jan-p10-t1k,76510,0.95000,0.95025,0.90928,-0.04097
sd04-b175,jan-p10-t1k,105501,0.95000,0.95025,0.90928,-0.04097
sd04-b175,jan-p10-t1k,145476,0.95000,0.95025,0.90928,-0.04097
sd04-b175,jan-p10-t1k,200598,0.95000,0.95025,0.90928,-0.04097
sd04-b175,jan-p10-t1k,276605,0.95000,0.95025,0.90928,-0.04097
sd04-b175,jan-p10-t1k,381413,0.95000,0.95025,0.90928,-0.04097
sd04-b175,jan-p10-t1k,525933,0.95000,0.95025,0.90928,-0.04097
sd04-b175,jan-p10-t1k,725212,0.95000,0.95025,0.90928,-0.04097
sd04-b175,jan-p10-t1k,1000000,0.95000,0.95025,0.90928,-0.04097
sd04-b175,jan-p20-t1k,1,0.48445,0.48472,0.48285,-0.00187
sd04-b175,jan-p20-t1k,2,0.62848,0.62846,0.62711,-0.00135
sd04-b175,jan-p20-t1k,3,0.69932,0.69909,0.69724,-0.00185
sd04-b175,jan-p20-t1k,4,0.74214,0.74215,0.74023,-0.00192
sd04-b175,jan-p20-t1k,5,0.77112,0.77091,0.76789,-0.00302
sd04-b175,jan-p20-t1k,7,0.80826,0.80811,0.80448,-0.00363
sd04-b175,jan-p20-t1k,9,0.83135,0.83134,0.82708,-0.00426
sd04-b175,jan-p20-t1k,10,0.83996,0.83998,0.83539,-0.00459
sd04-b175,jan-p20-t1k,13,0.85896,0.85914,0.85352,-0.00563
sd04-b175,jan-p20-t1k,18,0.87825,0.87818,0.87101,-0.00718
sd04-b175,jan-p20-t1k,25,0.89373,0.89406,0.88518,-0.00888
sd04-b175,jan-p20-t1k,34,0.90527,0.90577,0.89485,-0.01091
sd04-b175,jan-p20-t1k,47,0.91495,0.91547,0.90170,-0.01376
sd04-b175,jan-p20-t1k,65,0.92259,0.92305,0.90609,-0.01697
sd04-b175,jan-p20-t1k,90,0.92863,0.92893,0.90836,-0.02058
sd04-b175,jan-p20-t1k,100,0.93030,0.93055,0.90875,-0.02179
sd04-b175,jan-p20-t1k,124,0.93332,0.93361,0.90942,-0.02419
sd04-b175,jan-p20-t1k,171,0.93702,0.93736,0.91036,-0.02700
sd04-b175,jan-p20-t1k,236,0.93994,0.94027,0.91113,-0.02914
sd04-b175,jan-p20-t1k,325,0.94222,0.94257,0.91170,-0.03088
sd04-b175,jan-p20-t1k,448,0.94402,0.94438,0.91222,-0.03216
sd04-b175,jan-p20-t1k,618,0.94544,0.94581,0.91262,-0.03319
sd04-b175,jan-p20-t1k,852,0.94655,0.94696,0.91295,-0.03401
sd04-b175,jan-p20-t1k,1000,0.94701,0.94741,0.91307,-0.03435
sd04-b175,jan-p20-t1k,1174,0.94743,0.94784,0.91317,-0.03467
sd04-b175,jan-p20-t1k,1619,0.94812,0.94856,0.91336,-0.03520
sd04-b175,jan-p20-t1k,2233,0.94866,0.94910,0.91354,-0.03556
sd04-b175,jan-p20-t1k,3079,0.94908,0.94949,0.91363,-0.03587
sd04-b175,jan-p20-t1k,4245,0.94942,0.94979,0.91367,-0.03612
sd04-b175,jan-p20-t1k,5854,0.94968,0.94999,0.91367,-0.03632
sd04-b175,jan-p20-t1k,8072,0.94989,0.95016,0.91367,-0.03649
sd04-b175,jan-p20-t1k,10000,0.95000,0.95025,0.91367,-0.03658
sd04-b175,jan-p20-t1k,11130,0.95000,0.95025,0.91367,-0.03658
sd04-b175,jan-p20-t1k,15348,0.95000,0.95025,0.91367,-0.03658
sd04-b175,jan-p20-t1k,21163,0.95000,0.95025,0.91367,-0.03658
sd04-b175,jan-p20-t1k,29182,0.95000,0.95025,0.91367,-0.03658
sd04-b175,jan-p20-t1k,40239,0.95000,0.95025,0.91367,-0.03658
sd04-b175,jan-p20-t1k,55486,0.95000,0.95025,0.91367,-0.03658
sd04-b175,jan-p20-t1k,76510,0.95000,0.95025,0.91367,-0.03658
sd04-b175,jan-p20-t1k,105501,0.95000,0.95025,0.91367,-0.03658
sd04-b175,jan-p20-t1k,145476,0.95000,0.95025,0.91367,-0.03658
sd04-b175,jan-p20-t1k,200598,0.95000,0.95025,0.91367,-0.03658
sd04-b175,jan-p20-t1k,276605,0.95000,0.95025,0.91367,-0.03658
sd04-b175,jan-p20-t1k,381413,0.95000,0.95025,0.91367,-0.03658
sd04-b175,jan-p20-t1k,525933,0.95000,0.95025,0.91367,-0.03658
sd04-b175,jan-p20-t1k,725212,0.95000,0.95025,0.91367,-0.03658
sd04-b175,jan-p20-t1k,1000000,0.95000,0.95025,0.91367,-0.03658
sd04-b175,jan-p01-t10k,1,0.48445,0.48472,0.48090,-0.00382
sd04-b175,jan-p01-t10k,2,0.62848,0.62846,0.62620,-0.00226
sd04-b175,jan-p01-t10k,3,0.69932,0.69909,0.69430,-0.00479
sd04-b175,jan-p01-t10k,4,0.74214,0.74215,0.73540,-0.00675
sd04-b175,jan-p01-t10k,5,0.77112,0.77091,0.76450,-0.00641
sd04-b175,jan-p01-t10k,7,0.80826,0.80811,0.80000,-0.00811
sd04-b175,jan-p01-t10k,9,0.83135,0.83134,0.82350,-0.00784
sd04-b175,jan-p01-t10k,10,0.83996,0.83998,0.83180,-0.00818
sd04-b175,jan-p01-t10k,13,0.85896,0.85914,0.84950,-0.00964
sd04-b175,jan-p01-t10k,18,0.87825,0.87818,0.87130,-0.00688
sd04-b175,jan-p01-t10k,25,0.89373,0.89406,0.88910,-0.00496
sd04-b175,jan-p01-t10k,34,0.90527,0.90577,0.90130,-0.00447
sd04-b175,jan-p01-t10k,47,0.91495,0.91547,0.91080,-0.00467
sd04-b175,jan-p01-t10k,65,0.92259,0.92305,0.91930,-0.00375
sd04-b175,jan-p01-t10k,90,0.92863,0.92893,0.92450,-0.00443
sd04-b175,jan-p01-t10k,100,0.93030,0.93055,0.92610,-0.00445
sd04-b175,jan-p01-t10k,124,0.93332,0.93361,0.92870,-0.00491
sd04-b175,jan-p01-t10k,171,0.93702,0.93736,0.93300,-0.00436
sd04-b175,jan-p01-t10k,236,0.93994,0.94027,0.93460,-0.00567
sd04-b175,jan-p01-t10k,325,0.94222,0.94257,0.93580,-0.00677
sd04-b175,jan-p01-t10k,448,0.94402,0.94438,0.93620,-0.00818
sd04-b175,jan-p01-t10k,618,0.94544,0.94581,0.93640,-0.00941
sd04-b175,jan-p01-t10k,852,0.94655,0.94696,0.93640,-0.01056
sd04-b175,jan-p01-t10k,1000,0.94701,0.94741,0.93640,-0.01101
sd04-b175,jan-p01-t10k,1174,0.94743,0.94784,0.93640,-0.01144
sd04-b175,jan-p01-t10k,1619,0.94812,0.94856,0.93640,-0.01216
sd04-b175,jan-p01-t10k,2233,0.94866,0.94910,0.93640,-0.01270
sd04-b175,jan-p01-t10k,3079,0.94908,0.94949,0.93640,-0.01309
sd04-b175,jan-p01-t10k,4245,0.94942,0.94979,0.93640,-0.01339
sd04-b175,jan-p01-t10k,5854,0.94968,0.94999,0.93640,-0.01359
sd04-b175,jan-p01-t10k,8072,0.94989,0.95016,0.93640,-0.01376
sd04-b175,jan-p01-t10k,10000,0.95000,0.95025,0.93640,-0.01385
sd04-b175,jan-p01-t10k,11130,0.95000,0.95025,0.93640,-0.01385
sd04-b175,jan-p01-t10k,15348,0.95000,0.95025,0.93640,-0.01385
sd04-b175,jan-p01-t10k,21163,0.95000,0.95025,0.93640,-0.01385
sd04-b175,jan-p01-t10k,29182,0.95000,0.95025,0.93640,-0.01385
sd04-b175,jan-p01-t10k,40239,0.95000,0.95025,0.93640,-0.01385
sd04-b175,jan-p01-t10k,55486,0.95000,0.95025,0.93640,-0.01385
sd04-b175,jan-p01-t10k,76510,0.95000,0.95025,0.93640,-0.01385
sd04-b175,jan-p01-t10k,105501,0.95000,0.95025,0.93640,-0.01385
sd04-b175,jan-p01-t10k,145476,0.95000,0.95025,0.93640,-0.01385
sd04-b175,jan-p01-t10k,200598,0.95000,0.95025,0.93640,-0.01385
sd04-b175,jan-p01-t10k,276605,0.95000,0.95025,0.93640,-0.01385
sd04-b175,jan-p01-t10k,381413,0.95000,0.95025,0.93640,-0.01385
sd04-b175,jan-p01-t10k,525933,0.95000,0.95025,0.93640,-0.01385
sd04-b175,jan-p01-t10k,725212,0.95000,0.95025,0.93640,-0.01385
sd04-b175,jan-p01-t10k,1000000,0.95000,0.95025,0.93640,-0.01385
sd04-b175,jan-p10-t10k,1,0.48445,0.48472,0.48425,-0.00047
sd04-b175,jan-p10-t10k,2,0.62848,0.62846,0.62736,-0.00110
sd04-b175,jan-p10-t10k,3,0.69932,0.69909,0.69781,-0.00128
sd04-b175,jan-p10-t10k,4,0.74214,0.74215,0.74025,-0.00190
sd04-b175,jan-p10-t10k,5,0.77112,0.77091,0.76853,-0.00238
sd04-b175,jan-p10-t10k,7,0.80826,0.80811,0.80604,-0.00207
sd04-b175,jan-p10-t10k,9,0.83135,0.83134,0.82906,-0.00228
sd04-b175,jan-p10-t10k,10,0.83996,0.83998,0.83748,-0.00250
sd04-b175,jan-p10-t10k,13,0.85896,0.85914,0.85633,-0.00281
sd04-b175,jan-p10-t10k,18,0.87825,0.87818,0.87550,-0.00268
sd04-b175,jan-p10-t10k,25,0.89373,0.89406,0.89164,-0.00242
sd04-b175,jan-p10-t10k,34,0.90527,0.90577,0.90327,-0.00250
sd04-b175,jan-p10-t10k,47,0.91495,0.91547,0.91272,-0.00275
sd04-b175,jan-p10-t10k,65,0.92259,0.92305,0.92010,-0.00295
sd04-b175,jan-p10-t10k,90,0.92863,0.92893,0.92592,-0.00301
sd04-b175,jan-p10-t10k,100,0.93030,0.93055,0.92734,-0.00321
sd04-b175,jan-p10-t10k,124,0.93332,0.93361,0.92988,-0.00373
sd04-b175,jan-p10-t10k,171,0.93702,0.93736,0.93311,-0.00425
sd04-b175,jan-p10-t10k,236,0.93994,0.94027,0.93516,-0.00511
sd04-b175,jan-p10-t10k,325,0.94222,0.94257,0.93646,-0.00611
sd04-b175,jan-p10-t10k,448,0.94402,0.94438,0.93730,-0.00708
sd04-b175,jan-p10-t10k,618,0.94544,0.94581,0.93758,-0.00823
sd04-b175,jan-p10-t10k,852,0.94655,0.94696,0.93762,-0.00934
sd04-b175,jan-p10-t10k,1000,0.94701,0.94741,0.93763,-0.00978
sd04-b175,jan-p10-t10k,1174,0.94743,0.94784,0.93764,-0.01020
sd04-b175,jan-p10-t10k,1619,0.94812,0.94856,0.93764,-0.01092
sd04-b175,jan-p10-t10k,2233,0.94866,0.94910,0.93764,-0.01146
sd04-b175,jan-p10-t10k,3079,0.94908,0.94949,0.93764,-0.01185
sd04-b175,jan-p10-t10k,4245,0.94942,0.94979,0.93764,-0.01215
sd04-b175,jan-p10-t10k,5854,0.94968,0.94999,0.93764,-0.01235
sd04-b175,jan-p10-t10k,8072,0.94989,0.95016,0.93764,-0.01252
sd04-b175,jan-p10-t10k,10000,0.95000,0.95025,0.93764,-0.01261
sd04-b175,jan-p10-t10k,11130,0.95000,0.95025,0.93764,-0.01261
sd04-b175,jan-p10-t10k,15348,0.95000,0.95025,0.93764,-0.01261
sd04-b175,jan-p10-t10k,21163,0.95000,0.95025,0.93764,-0.01261
sd04-b175,jan-p10-t10k,29182,0.95000,0.95025,0.93764,-0.01261
sd04-b175,jan-p10-t10k,40239,0.95000,0.95025,0.93764,-0.01261
sd04-b175,jan-p10-t10k,55486,0.95000,0.95025,0.93764,-0.01261
sd04-b175,jan-p10-t10k,76510,0.95000,0.95025,0.93764,-0.01261
sd04-b175,jan-p10-t10k,105501,0.95000,0.95025,0.93764,-0.01261
sd04-b175,jan-p10-t10k,145476,0.95000,0.95025,0.93764,-0.01261
sd04-b175,jan-p10-t10k,200598,0.95000,0.95025,0.93764,-0.01261
sd04-b175,jan-p10-t10k,276605,0.95000,0.95025,0.93764,-0.01261
sd04-b175,jan-p10-t10k,381413,0.95000,0.95025,0.93764,-0.01261
sd04-b175,jan-p10-t10k,525933,0.95000,0.95025,0.93764,-0.01261
sd04-b175,jan-p10-t10k,725212,0.95000,0.95025,0.93764,-0.01261
sd04-b175,jan-p10-t10k,1000000,0.95000,0.95025,0.93764,-0.01261
sd04-b175,jan-p20-t10k,1,0.48445,0.48472,0.48478,0.00006
sd04-b175,jan-p20-t10k,2,0.62848,0.62846,0.62850,0.00004
sd04-b175,jan-p20-t10k,3,0.69932,0.69909,0.69922,0.00013
sd04-b175,jan-p20-t10k,4,0.74214,0.74215,0.74165,-0.00050
sd04-b175,jan-p20-t10k,5,0.77112,0.77091,0.77029,-0.00061
sd04-b175,jan-p20-t10k,7,0.80826,0.80811,0.80712,-0.00099
sd04-b175,jan-p20-t10k,9,0.83135,0.83134,0.83017,-0.00117
sd04-b175,jan-p20-t10k,10,0.83996,0.83998,0.83889,-0.00109
sd04-b175,jan-p20-t10k,13,0.85896,0.85914,0.85767,-0.00147
sd04-b175,jan-p20-t10k,18,0.87825,0.87818,0.87676,-0.00142
sd04-b175,jan-p20-t10k,25,0.89373,0.89406,0.89280,-0.00125
sd04-b175,jan-p20-t10k,34,0.90527,0.90577,0.90422,-0.00154
sd04-b175,jan-p20-t10k,47,0.91495,0.91547,0.91367,-0.00180
sd04-b175,jan-p20-t10k,65,0.92259,0.92305,0.92097,-0.00209
sd04-b175,jan-p20-t10k,90,0.92863,0.92893,0.92659,-0.00234
sd04-b175,jan-p20-t10k,100,0.93030,0.93055,0.92807,-0.00247
sd04-b175,jan-p20-t10k,124,0.93332,0.93361,0.93066,-0.00295
sd04-b175,jan-p20-t10k,171,0.93702,0.93736,0.93385,-0.00352
sd04-b175,jan-p20-t10k,236,0.93994,0.94027,0.93590,-0.00437
sd04-b175,jan-p20-t10k,325,0.94222,0.94257,0.93733,-0.00524
sd04-b175,jan-p20-t10k,448,0.94402,0.94438,0.93820,-0.00619
sd04-b175,jan-p20-t10k,618,0.94544,0.94581,0.93856,-0.00726
sd04-b175,jan-p20-t10k,852,0.94655,0.94696,0.93868,-0.00827
sd04-b175,jan-p20-t10k,1000,0.94701,0.94741,0.93875,-0.00867
sd04-b175,jan-p20-t10k,1174,0.94743,0.94784,0.93878,-0.00906
sd04-b175,jan-p20-t10k,1619,0.94812,0.94856,0.93883,-0.00974
sd04-b175,jan-p20-t10k,2233,0.94866,0.94910,0.93888,-0.01022
sd04-b175,jan-p20-t10k,3079,0.94908,0.94949,0.93890,-0.01059
sd04-b175,jan-p20-t10k,4245,0.94942,0.94979,0.93890,-0.01089
sd04-b175,jan-p20-t10k,5854,0.94968,0.94999,0.93890,-0.01108
sd04-b175,jan-p20-t10k,8072,0.94989,0.95016,0.93890,-0.01126
sd04-b175,jan-p20-t10k,10000,0.95000,0.95025,0.93890,-0.01134
sd04-b175,jan-p20-t10k,11130,0.95000,0.95025,0.93890,-0.01134
sd04-b175,jan-p20-t10k,15348,0.95000,0.95025,0.93890,-0.01134
sd04-b175,jan-p20-t10k,21163,0.95000,0.95025,0.93890,-0.01134
sd04-b175,jan-p20-t10k,29182,0.95000,0.95025,0.93890,-0.01134
sd04-b175,jan-p20-t10k,40239,0.95000,0.95025,0.93890,-0.01134
sd04-b175,jan-p20-t10k,55486,0.95000,0.95025,0.93890,-0.01134
sd04-b175,jan-p20-t10k,76510,0.95000,0.95025,0.93890,-0.01134
sd04-b175,jan-p20-t10k,105501,0.95000,0.95025,0.93890,-0.01134
sd04-b175,jan-p20-t10k,145476,0.95000,0.95025,0.93890,-0.01134
sd04-b175,jan-p20-t10k,200598,0.95000,0.95025,0.93890,-0.01134
sd04-b175,jan-p20-t10k,276605,0.95000,0.95025,0.93890,-0.01134
sd04-b175,jan-p20-t10k,381413,0.95000,0.95025,0.93890,-0.01134
sd04-b175,jan-p20-t10k,525933,0.95000,0.95025,0.93890,-0.01134
sd04-b175,jan-p20-t10k,725212,0.95000,0.95025,0.93890,-0.01134
sd04-b175,jan-p20-t10k,1000000,0.95000,0.95025,0.93890,-0.01134
sd05-b150,completa,1,0.36646,0.36689,0.36689,0.00000
sd05-b150,completa,2,0.49602,0.49609,0.49609,0.00000
sd05-b150,completa,3,0.56655,0.56675,0.56675,0.00000
sd05-b150,completa,4,0.61235,0.61235,0.61235,0.00000
sd05-b150,completa,5,0.64513,0.64528,0.64528,0.00000
sd05-b150,completa,7,0.68985,0.68976,0.68976,0.00000
sd05-b150,completa,9,0.71962,0.71945,0.71945,0.00000
sd05-b150,completa,10,0.73121,0.73123,0.73123,0.00000
sd05-b150,completa,13,0.75789,0.75765,0.75765,0.00000
sd05-b150,completa,18,0.78694,0.78670,0.78670,0.00000
sd05-b150,completa,25,0.81220,0.81212,0.81212,0.00000
sd05-b150,completa,34,0.83255,0.83260,0.83260,0.00000
sd05-b150,completa,47,0.85099,0.85105,0.85105,0.00000
sd05-b150,completa,65,0.86677,0.86681,0.86681,0.00000
sd05-b150,completa,90,0.88029,0.88028,0.88028,0.00000
sd05-b150,completa,100,0.88422,0.88428,0.88428,0.00000
sd05-b150,completa,124,0.89164,0.89191,0.89191,0.00000
sd05-b150,completa,171,0.90136,0.90185,0.90185,0.00000
sd05-b150,completa,236,0.90967,0.91019,0.91019,0.00000
sd05-b150,completa,325,0.91671,0.91713,0.91713,0.00000
sd05-b150,completa,448,0.92272,0.92310,0.92310,0.00000
sd05-b150,completa,618,0.92786,0.92806,0.92806,0.00000
sd05-b150,completa,852,0.93223,0.93235,0.93235,0.00000
sd05-b150,completa,1000,0.93416,0.93431,0.93431,0.00000
sd05-b150,completa,1174,0.93594,0.93610,0.93610,0.00000
sd05-b150,completa,1619,0.93912,0.93923,0.93923,0.00000
sd05-b150,completa,2233,0.94182,0.94187,0.94187,0.00000
sd05-b150,completa,3079,0.94412,0.94414,0.94414,0.00000
sd05-b150,completa,4245,0.94608,0.94600,0.94600,0.00000
sd05-b150,completa,5854,0.94775,0.94760,0.94760,0.00000
sd05-b150,completa,8072,0.94917,0.94888,0.94888,0.00000
sd05-b150,completa,10000,0.95000,0.94951,0.94951,0.00000
sd05-b150,completa,11130,0.95000,0.94951,0.94951,0.00000
sd05-b150,completa,15348,0.95000,0.94951,0.94951,0.00000
sd05-b150,completa,21163,0.95000,0.94951,0.94951,0.00000
sd05-b150,completa,29182,0.95000,0.94951,0.94951,0.00000
sd05-b150,completa,40239,0.95000,0.94951,0.94951,0.00000
sd05-b150,completa,55486,0.95000,0.94951,0.94951,0.00000
sd05-b150,completa,76510,0.95000,0.94951,0.94951,0.00000
sd05-b150,completa,105501,0.95000,0.94951,0.94951,0.00000
sd05-b150,completa,145476,0.95000,0.94951,0.94951,0.00000
sd05-b150,completa,200598,0.95000,0.94951,0.94951,0.00000
sd05-b150,completa,276605,0.95000,0.94951,0.94951,0.00000
sd05-b150,completa,381413,0.95000,0.94951,0.94951,0.00000
sd05-b150,completa,525933,0.95000,0.94951,0.94951,0.00000
sd05-b150,completa,725212,0.95000,0.94951,0.94951,0.00000
sd05-b150,completa,1000000,0.95000,0.94951,0.94951,0.00000
sd05-b150,sis-p01,1,0.36646,0.36689,0.01480,-0.35209
sd05-b150,sis-p01,2,0.49602,0.49609,0.02130,-0.47480
sd05-b150,sis-p01,3,0.56655,0.56675,0.02640,-0.54035
sd05-b150,sis-p01,4,0.61235,0.61235,0.03160,-0.58076
sd05-b150,sis-p01,5,0.64513,0.64528,0.03570,-0.60958
sd05-b150,sis-p01,7,0.68985,0.68976,0.04150,-0.64827
sd05-b150,sis-p01,9,0.71962,0.71945,0.04580,-0.67366
sd05-b150,sis-p01,10,0.73121,0.73123,0.04820,-0.68304
sd05-b150,sis-p01,13,0.75789,0.75765,0.05289,-0.70476
sd05-b150,sis-p01,18,0.78694,0.78670,0.05909,-0.72760
sd05-b150,sis-p01,25,0.81220,0.81212,0.06489,-0.74723
sd05-b150,sis-p01,34,0.83255,0.83260,0.07129,-0.76131
sd05-b150,sis-p01,47,0.85099,0.85105,0.07869,-0.77236
sd05-b150,sis-p01,65,0.86677,0.86681,0.08489,-0.78192
sd05-b150,sis-p01,90,0.88029,0.88028,0.09209,-0.78819
sd05-b150,sis-p01,100,0.88422,0.88428,0.09429,-0.78999
sd05-b150,sis-p01,124,0.89164,0.89191,0.09859,-0.79332
sd05-b150,sis-p01,171,0.90136,0.90185,0.10549,-0.79636
sd05-b150,sis-p01,236,0.90967,0.91019,0.11169,-0.79850
sd05-b150,sis-p01,325,0.91671,0.91713,0.11759,-0.79954
sd05-b150,sis-p01,448,0.92272,0.92310,0.12269,-0.80041
sd05-b150,sis-p01,618,0.92786,0.92806,0.12669,-0.80137
sd05-b150,sis-p01,852,0.93223,0.93235,0.13159,-0.80077
sd05-b150,sis-p01,1000,0.93416,0.93431,0.13359,-0.80072
sd05-b150,sis-p01,1174,0.93594,0.93610,0.13559,-0.80052
sd05-b150,sis-p01,1619,0.93912,0.93923,0.13829,-0.80094
sd05-b150,sis-p01,2233,0.94182,0.94187,0.13909,-0.80278
sd05-b150,sis-p01,3079,0.94412,0.94414,0.13919,-0.80495
sd05-b150,sis-p01,4245,0.94608,0.94600,0.13919,-0.80681
sd05-b150,sis-p01,5854,0.94775,0.94760,0.13919,-0.80841
sd05-b150,sis-p01,8072,0.94917,0.94888,0.13919,-0.80969
sd05-b150,sis-p01,10000,0.95000,0.94951,0.13919,-0.81032
sd05-b150,sis-p01,11130,0.95000,0.94951,0.13919,-0.81032
sd05-b150,sis-p01,15348,0.95000,0.94951,0.13919,-0.81032
sd05-b150,sis-p01,21163,0.95000,0.94951,0.13919,-0.81032
sd05-b150,sis-p01,29182,0.95000,0.94951,0.13919,-0.81032
sd05-b150,sis-p01,40239,0.95000,0.94951,0.13919,-0.81032
sd05-b150,sis-p01,55486,0.95000,0.94951,0.13919,-0.81032
sd05-b150,sis-p01,76510,0.95000,0.94951,0.13919,-0.81032
sd05-b150,sis-p01,105501,0.95000,0.94951,0.13919,-0.81032
sd05-b150,sis-p01,145476,0.95000,0.94951,0.13919,-0.81032
sd05-b150,sis-p01,200598,0.95000,0.94951,0.13919,-0.81032
sd05-b150,sis-p01,276605,0.95000,0.94951,0.13919,-0.81032
sd05-b150,sis-p01,381413,0.95000,0.94951,0.13919,-0.81032
sd05-b150,sis-p01,525933,0.95000,0.94951,0.13919,-0.81032
sd05-b150,sis-p01,725212,0.95000,0.94951,0.13919,-0.81032
sd05-b150,sis-p01,1000000,0.95000,0.94951,0.13919,-0.81032
sd05-b150,sis-p10,1,0.36646,0.36689,0.07270,-0.29419
sd05-b150,sis-p10,2,0.49602,0.49609,0.11344,-0.38266
sd05-b150,sis-p10,3,0.56655,0.56675,0.14190,-0.42485
sd05-b150,sis-p10,4,0.61235,0.61235,0.16475,-0.44761
sd05-b150,sis-p10,5,0.64513,0.64528,0.18294,-0.46234
sd05-b150,sis-p10,7,0.68985,0.68976,0.21285,-0.47691
sd05-b150,sis-p10,9,0.71962,0.71945,0.23471,-0.48474
sd05-b150,sis-p10,10,0.73121,0.73123,0.24473,-0.48651
sd05-b150,sis-p10,13,0.75789,0.75765,0.26902,-0.48864
sd05-b150,sis-p10,18,0.78694,0.78670,0.29880,-0.48790
sd05-b150,sis-p10,25,0.81220,0.81212,0.32903,-0.48309
sd05-b150,sis-p10,34,0.83255,0.83260,0.35706,-0.47554
sd05-b150,sis-p10,47,0.85099,0.85105,0.38495,-0.46610
sd05-b150,sis-p10,65,0.86677,0.86681,0.41372,-0.45310
sd05-b150,sis-p10,90,0.88029,0.88028,0.44145,-0.43883
sd05-b150,sis-p10,100,0.88422,0.88428,0.45014,-0.43414
sd05-b150,sis-p10,124,0.89164,0.89191,0.46705,-0.42486
sd05-b150,sis-p10,171,0.90136,0.90185,0.49075,-0.41110
sd05-b150,sis-p10,236,0.90967,0.91019,0.51205,-0.39813
sd05-b150,sis-p10,325,0.91671,0.91713,0.53126,-0.38586
sd05-b150,sis-p10,448,0.92272,0.92310,0.54935,-0.37375
sd05-b150,sis-p10,618,0.92786,0.92806,0.56624,-0.36181
sd05-b150,sis-p10,852,0.93223,0.93235,0.58133,-0.35102
sd05-b150,sis-p10,1000,0.93416,0.93431,0.58825,-0.34606
sd05-b150,sis-p10,1174,0.93594,0.93610,0.59495,-0.34115
sd05-b150,sis-p10,1619,0.93912,0.93923,0.60589,-0.33334
sd05-b150,sis-p10,2233,0.94182,0.94187,0.61632,-0.32554
sd05-b150,sis-p10,3079,0.94412,0.94414,0.62498,-0.31916
sd05-b150,sis-p10,4245,0.94608,0.94600,0.63270,-0.31330
sd05-b150,sis-p10,5854,0.94775,0.94760,0.63869,-0.30890
sd05-b150,sis-p10,8072,0.94917,0.94888,0.64160,-0.30727
sd05-b150,sis-p10,10000,0.95000,0.94951,0.64185,-0.30766
sd05-b150,sis-p10,11130,0.95000,0.94951,0.64186,-0.30765
sd05-b150,sis-p10,15348,0.95000,0.94951,0.64190,-0.30761
sd05-b150,sis-p10,21163,0.95000,0.94951,0.64190,-0.30761
sd05-b150,sis-p10,29182,0.95000,0.94951,0.64190,-0.30761
sd05-b150,sis-p10,40239,0.95000,0.94951,0.64190,-0.30761
sd05-b150,sis-p10,55486,0.95000,0.94951,0.64190,-0.30761
sd05-b150,sis-p10,76510,0.95000,0.94951,0.64190,-0.30761
sd05-b150,sis-p10,105501,0.95000,0.94951,0.64190,-0.30761
sd05-b150,sis-p10,145476,0.95000,0.94951,0.64190,-0.30761
sd05-b150,sis-p10,200598,0.95000,0.94951,0.64190,-0.30761
sd05-b150,sis-p10,276605,0.95000,0.94951,0.64190,-0.30761
sd05-b150,sis-p10,381413,0.95000,0.94951,0.64190,-0.30761
sd05-b150,sis-p10,525933,0.95000,0.94951,0.64190,-0.30761
sd05-b150,sis-p10,725212,0.95000,0.94951,0.64190,-0.30761
sd05-b150,sis-p10,1000000,0.95000,0.94951,0.64190,-0.30761
sd05-b150,sis-p20,1,0.36646,0.36689,0.11384,-0.25305
sd05-b150,sis-p20,2,0.49602,0.49609,0.17933,-0.31676
sd05-b150,sis-p20,3,0.56655,0.56675,0.22358,-0.34316
sd05-b150,sis-p20,4,0.61235,0.61235,0.25663,-0.35572
sd05-b150,sis-p20,5,0.64513,0.64528,0.28250,-0.36278
sd05-b150,sis-p20,7,0.68985,0.68976,0.32310,-0.36666
sd05-b150,sis-p20,9,0.71962,0.71945,0.35444,-0.36501
sd05-b150,sis-p20,10,0.73121,0.73123,0.36693,-0.36430
sd05-b150,sis-p20,13,0.75789,0.75765,0.39873,-0.35892
sd05-b150,sis-p20,18,0.78694,0.78670,0.43714,-0.34955
sd05-b150,sis-p20,25,0.81220,0.81212,0.47374,-0.33838
sd05-b150,sis-p20,34,0.83255,0.83260,0.50662,-0.32598
sd05-b150,sis-p20,47,0.85099,0.85105,0.53975,-0.31130
sd05-b150,sis-p20,65,0.86677,0.86681,0.57045,-0.29636
sd05-b150,sis-p20,90,0.88029,0.88028,0.59939,-0.28089
sd05-b150,sis-p20,100,0.88422,0.88428,0.60841,-0.27586
sd05-b150,sis-p20,124,0.89164,0.89191,0.62554,-0.26637
sd05-b150,sis-p20,171,0.90136,0.90185,0.64905,-0.25280
sd05-b150,sis-p20,236,0.90967,0.91019,0.66957,-0.24062
sd05-b150,sis-p20,325,0.91671,0.91713,0.68805,-0.22908
sd05-b150,sis-p20,448,0.92272,0.92310,0.70420,-0.21890
sd05-b150,sis-p20,618,0.92786,0.92806,0.71875,-0.20931
sd05-b150,sis-p20,852,0.93223,0.93235,0.73175,-0.20061
sd05-b150,sis-p20,1000,0.93416,0.93431,0.73744,-0.19687
sd05-b150,sis-p20,1174,0.93594,0.93610,0.74295,-0.19316
sd05-b150,sis-p20,1619,0.93912,0.93923,0.75275,-0.18648
sd05-b150,sis-p20,2233,0.94182,0.94187,0.76102,-0.18085
sd05-b150,sis-p20,3079,0.94412,0.94414,0.76820,-0.17594
sd05-b150,sis-p20,4245,0.94608,0.94600,0.77458,-0.17142
sd05-b150,sis-p20,5854,0.94775,0.94760,0.77976,-0.16784
sd05-b150,sis-p20,8072,0.94917,0.94888,0.78354,-0.16533
sd05-b150,sis-p20,10000,0.95000,0.94951,0.78423,-0.16528
sd05-b150,sis-p20,11130,0.95000,0.94951,0.78426,-0.16525
sd05-b150,sis-p20,15348,0.95000,0.94951,0.78430,-0.16521
sd05-b150,sis-p20,21163,0.95000,0.94951,0.78430,-0.16521
sd05-b150,sis-p20,29182,0.95000,0.94951,0.78430,-0.16521
sd05-b150,sis-p20,40239,0.95000,0.94951,0.78430,-0.16521
sd05-b150,sis-p20,55486,0.95000,0.94951,0.78430,-0.16521
sd05-b150,sis-p20,76510,0.95000,0.94951,0.78430,-0.16521
sd05-b150,sis-p20,105501,0.95000,0.94951,0.78430,-0.16521
sd05-b150,sis-p20,145476,0.95000,0.94951,0.78430,-0.16521
sd05-b150,sis-p20,200598,0.95000,0.94951,0.78430,-0.16521
sd05-b150,sis-p20,276605,0.95000,0.94951,0.78430,-0.16521
sd05-b150,sis-p20,381413,0.95000,0.94951,0.78430,-0.16521
sd05-b150,sis-p20,525933,0.95000,0.94951,0.78430,-0.16521
sd05-b150,sis-p20,725212,0.95000,0.94951,0.78430,-0.16521
sd05-b150,sis-p20,1000000,0.95000,0.94951,0.78430,-0.16521
sd05-b150,jan-p01-t1k,1,0.36646,0.36689,0.36220,-0.00468
sd05-b150,jan-p01-t1k,2,0.49602,0.49609,0.49000,-0.00609
sd05-b150,jan-p01-t1k,3,0.56655,0.56675,0.55990,-0.00685
sd05-b150,jan-p01-t1k,4,0.61235,0.61235,0.60440,-0.00795
sd05-b150,jan-p01-t1k,5,0.64513,0.64528,0.63820,-0.00708
sd05-b150,jan-p01-t1k,7,0.68985,0.68976,0.68190,-0.00786
sd05-b150,jan-p01-t1k,9,0.71962,0.71945,0.71270,-0.00675
sd05-b150,jan-p01-t1k,10,0.73121,0.73123,0.72600,-0.00523
sd05-b150,jan-p01-t1k,13,0.75789,0.75765,0.75010,-0.00755
sd05-b150,jan-p01-t1k,18,0.78694,0.78670,0.77730,-0.00940
sd05-b150,jan-p01-t1k,25,0.81220,0.81212,0.80110,-0.01102
sd05-b150,jan-p01-t1k,34,0.83255,0.83260,0.82120,-0.01140
sd05-b150,jan-p01-t1k,47,0.85099,0.85105,0.83710,-0.01395
sd05-b150,jan-p01-t1k,65,0.86677,0.86681,0.84770,-0.01911
sd05-b150,jan-p01-t1k,90,0.88029,0.88028,0.85500,-0.02528
sd05-b150,jan-p01-t1k,100,0.88422,0.88428,0.85760,-0.02668
sd05-b150,jan-p01-t1k,124,0.89164,0.89191,0.85960,-0.03231
sd05-b150,jan-p01-t1k,171,0.90136,0.90185,0.85980,-0.04205
sd05-b150,jan-p01-t1k,236,0.90967,0.91019,0.86000,-0.05019
sd05-b150,jan-p01-t1k,325,0.91671,0.91713,0.86000,-0.05713
sd05-b150,jan-p01-t1k,448,0.92272,0.92310,0.86000,-0.06310
sd05-b150,jan-p01-t1k,618,0.92786,0.92806,0.86000,-0.06806
sd05-b150,jan-p01-t1k,852,0.93223,0.93235,0.86000,-0.07235
sd05-b150,jan-p01-t1k,1000,0.93416,0.93431,0.86000,-0.07431
sd05-b150,jan-p01-t1k,1174,0.93594,0.93610,0.86000,-0.07610
sd05-b150,jan-p01-t1k,1619,0.93912,0.93923,0.86000,-0.07923
sd05-b150,jan-p01-t1k,2233,0.94182,0.94187,0.86000,-0.08187
sd05-b150,jan-p01-t1k,3079,0.94412,0.94414,0.86000,-0.08414
sd05-b150,jan-p01-t1k,4245,0.94608,0.94600,0.86000,-0.08600
sd05-b150,jan-p01-t1k,5854,0.94775,0.94760,0.86000,-0.08760
sd05-b150,jan-p01-t1k,8072,0.94917,0.94888,0.86000,-0.08888
sd05-b150,jan-p01-t1k,10000,0.95000,0.94951,0.86000,-0.08951
sd05-b150,jan-p01-t1k,11130,0.95000,0.94951,0.86000,-0.08951
sd05-b150,jan-p01-t1k,15348,0.95000,0.94951,0.86000,-0.08951
sd05-b150,jan-p01-t1k,21163,0.95000,0.94951,0.86000,-0.08951
sd05-b150,jan-p01-t1k,29182,0.95000,0.94951,0.86000,-0.08951
sd05-b150,jan-p01-t1k,40239,0.95000,0.94951,0.86000,-0.08951
sd05-b150,jan-p01-t1k,55486,0.95000,0.94951,0.86000,-0.08951
sd05-b150,jan-p01-t1k,76510,0.95000,0.94951,0.86000,-0.08951
sd05-b150,jan-p01-t1k,105501,0.95000,0.94951,0.86000,-0.08951
sd05-b150,jan-p01-t1k,145476,0.95000,0.94951,0.86000,-0.08951
sd05-b150,jan-p01-t1k,200598,0.95000,0.94951,0.86000,-0.08951
sd05-b150,jan-p01-t1k,276605,0.95000,0.94951,0.86000,-0.08951
sd05-b150,jan-p01-t1k,381413,0.95000,0.94951,0.86000,-0.08951
sd05-b150,jan-p01-t1k,525933,0.95000,0.94951,0.86000,-0.08951
sd05-b150,jan-p01-t1k,725212,0.95000,0.94951,0.86000,-0.08951
sd05-b150,jan-p01-t1k,1000000,0.95000,0.94951,0.86000,-0.08951
sd05-b150,jan-p10-t1k,1,0.36646,0.36689,0.36632,-0.00057
sd05-b150,jan-p10-t1k,2,0.49602,0.49609,0.49373,-0.00236
sd05-b150,jan-p10-t1k,3,0.56655,0.56675,0.56532,-0.00143
sd05-b150,jan-p10-t1k,4,0.61235,0.61235,0.61033,-0.00202
sd05-b150,jan-p10-t1k,5,0.64513,0.64528,0.64336,-0.00192
sd05-b150,jan-p10-t1k,7,0.68985,0.68976,0.68669,-0.00307
sd05-b150,jan-p10-t1k,9,0.71962,0.71945,0.71571,-0.00374
sd05-b150,jan-p10-t1k,10,0.73121,0.73123,0.72775,-0.00348
sd05-b150,jan-p10-t1k,13,0.75789,0.75765,0.75270,-0.00495
sd05-b150,jan-p10-t1k,18,0.78694,0.78670,0.78051,-0.00619
sd05-b150,jan-p10-t1k,25,0.81220,0.81212,0.80433,-0.00779
sd05-b150,jan-p10-t1k,34,0.83255,0.83260,0.82248,-0.01012
sd05-b150,jan-p10-t1k,47,0.85099,0.85105,0.83731,-0.01374
sd05-b150,jan-p10-t1k,65,0.86677,0.86681,0.84852,-0.01829
sd05-b150,jan-p10-t1k,90,0.88029,0.88028,0.85653,-0.02375
sd05-b150,jan-p10-t1k,100,0.88422,0.88428,0.85867,-0.02561
sd05-b150,jan-p10-t1k,124,0.89164,0.89191,0.86139,-0.03052
sd05-b150,jan-p10-t1k,171,0.90136,0.90185,0.86320,-0.03865
sd05-b150,jan-p10-t1k,236,0.90967,0.91019,0.86473,-0.04546
sd05-b150,jan-p10-t1k,325,0.91671,0.91713,0.86632,-0.05081
sd05-b150,jan-p10-t1k,448,0.92272,0.92310,0.86783,-0.05527
sd05-b150,jan-p10-t1k,618,0.92786,0.92806,0.86900,-0.05906
sd05-b150,jan-p10-t1k,852,0.93223,0.93235,0.87002,-0.06233
sd05-b150,jan-p10-t1k,1000,0.93416,0.93431,0.87064,-0.06367
sd05-b150,jan-p10-t1k,1174,0.93594,0.93610,0.87112,-0.06498
sd05-b150,jan-p10-t1k,1619,0.93912,0.93923,0.87195,-0.06728
sd05-b150,jan-p10-t1k,2233,0.94182,0.94187,0.87272,-0.06915
sd05-b150,jan-p10-t1k,3079,0.94412,0.94414,0.87301,-0.07113
sd05-b150,jan-p10-t1k,4245,0.94608,0.94600,0.87311,-0.07289
sd05-b150,jan-p10-t1k,5854,0.94775,0.94760,0.87311,-0.07449
sd05-b150,jan-p10-t1k,8072,0.94917,0.94888,0.87311,-0.07577
sd05-b150,jan-p10-t1k,10000,0.95000,0.94951,0.87311,-0.07640
sd05-b150,jan-p10-t1k,11130,0.95000,0.94951,0.87311,-0.07640
sd05-b150,jan-p10-t1k,15348,0.95000,0.94951,0.87311,-0.07640
sd05-b150,jan-p10-t1k,21163,0.95000,0.94951,0.87311,-0.07640
sd05-b150,jan-p10-t1k,29182,0.95000,0.94951,0.87311,-0.07640
sd05-b150,jan-p10-t1k,40239,0.95000,0.94951,0.87311,-0.07640
sd05-b150,jan-p10-t1k,55486,0.95000,0.94951,0.87311,-0.07640
sd05-b150,jan-p10-t1k,76510,0.95000,0.94951,0.87311,-0.07640
sd05-b150,jan-p10-t1k,105501,0.95000,0.94951,0.87311,-0.07640
sd05-b150,jan-p10-t1k,145476,0.95000,0.94951,0.87311,-0.07640
sd05-b150,jan-p10-t1k,200598,0.95000,0.94951,0.87311,-0.07640
sd05-b150,jan-p10-t1k,276605,0.95000,0.94951,0.87311,-0.07640
sd05-b150,jan-p10-t1k,381413,0.95000,0.94951,0.87311,-0.07640
sd05-b150,jan-p10-t1k,525933,0.95000,0.94951,0.87311,-0.07640
sd05-b150,jan-p10-t1k,725212,0.95000,0.94951,0.87311,-0.07640
sd05-b150,jan-p10-t1k,1000000,0.95000,0.94951,0.87311,-0.07640
sd05-b150,jan-p20-t1k,1,0.36646,0.36689,0.36527,-0.00162
sd05-b150,jan-p20-t1k,2,0.49602,0.49609,0.49378,-0.00231
sd05-b150,jan-p20-t1k,3,0.56655,0.56675,0.56480,-0.00195
sd05-b150,jan-p20-t1k,4,0.61235,0.61235,0.61039,-0.00196
sd05-b150,jan-p20-t1k,5,0.64513,0.64528,0.64331,-0.00198
sd05-b150,jan-p20-t1k,7,0.68985,0.68976,0.68693,-0.00283
sd05-b150,jan-p20-t1k,9,0.71962,0.71945,0.71605,-0.00341
sd05-b150,jan-p20-t1k,10,0.73121,0.73123,0.72810,-0.00313
sd05-b150,jan-p20-t1k,13,0.75789,0.75765,0.75310,-0.00455
sd05-b150,jan-p20-t1k,18,0.78694,0.78670,0.78086,-0.00584
sd05-b150,jan-p20-t1k,25,0.81220,0.81212,0.80409,-0.00804
sd05-b150,jan-p20-t1k,34,0.83255,0.83260,0.82237,-0.01023
sd05-b150,jan-p20-t1k,47,0.85099,0.85105,0.83764,-0.01341
sd05-b150,jan-p20-t1k,65,0.86677,0.86681,0.84932,-0.01749
sd05-b150,jan-p20-t1k,90,0.88029,0.88028,0.85794,-0.02234
sd05-b150,jan-p20-t1k,100,0.88422,0.88428,0.86033,-0.02395
sd05-b150,jan-p20-t1k,124,0.89164,0.89191,0.86364,-0.02827
sd05-b150,jan-p20-t1k,171,0.90136,0.90185,0.86691,-0.03493
sd05-b150,jan-p20-t1k,236,0.90967,0.91019,0.87020,-0.03999
sd05-b150,jan-p20-t1k,325,0.91671,0.91713,0.87287,-0.04425
sd05-b150,jan-p20-t1k,448,0.92272,0.92310,0.87561,-0.04749
sd05-b150,jan-p20-t1k,618,0.92786,0.92806,0.87794,-0.05011
sd05-b150,jan-p20-t1k,852,0.93223,0.93235,0.88009,-0.05227
sd05-b150,jan-p20-t1k,1000,0.93416,0.93431,0.88111,-0.05321
sd05-b150,jan-p20-t1k,1174,0.93594,0.93610,0.88207,-0.05403
sd05-b150,jan-p20-t1k,1619,0.93912,0.93923,0.88384,-0.05539
sd05-b150,jan-p20-t1k,2233,0.94182,0.94187,0.88535,-0.05652
sd05-b150,jan-p20-t1k,3079,0.94412,0.94414,0.88672,-0.05742
sd05-b150,jan-p20-t1k,4245,0.94608,0.94600,0.88772,-0.05827
sd05-b150,jan-p20-t1k,5854,0.94775,0.94760,0.88799,-0.05961
sd05-b150,jan-p20-t1k,8072,0.94917,0.94888,0.88804,-0.06083
sd05-b150,jan-p20-t1k,10000,0.95000,0.94951,0.88804,-0.06147
sd05-b150,jan-p20-t1k,11130,0.95000,0.94951,0.88804,-0.06147
sd05-b150,jan-p20-t1k,15348,0.95000,0.94951,0.88804,-0.06147
sd05-b150,jan-p20-t1k,21163,0.95000,0.94951,0.88804,-0.06147
sd05-b150,jan-p20-t1k,29182,0.95000,0.94951,0.88804,-0.06147
sd05-b150,jan-p20-t1k,40239,0.95000,0.94951,0.88804,-0.06147
sd05-b150,jan-p20-t1k,55486,0.95000,0.94951,0.88804,-0.06147
sd05-b150,jan-p20-t1k,76510,0.95000,0.94951,0.88804,-0.06147
sd05-b150,jan-p20-t1k,105501,0.95000,0.94951,0.88804,-0.06147
sd05-b150,jan-p20-t1k,145476,0.95000,0.94951,0.88804,-0.06147
sd05-b150,jan-p20-t1k,200598,0.95000,0.94951,0.88804,-0.06147
sd05-b150,jan-p20-t1k,276605,0.95000,0.94951,0.88804,-0.06147
sd05-b150,jan-p20-t1k,381413,0.95000,0.94951,0.88804,-0.06147
sd05-b150,jan-p20-t1k,525933,0.95000,0.94951,0.88804,-0.06147
sd05-b150,jan-p20-t1k,725212,0.95000,0.94951,0.88804,-0.06147
sd05-b150,jan-p20-t1k,1000000,0.95000,0.94951,0.88804,-0.06147
sd05-b150,jan-p01-t10k,1,0.36646,0.36689,0.36370,-0.00318
sd05-b150,jan-p01-t10k,2,0.49602,0.49609,0.49330,-0.00279
sd05-b150,jan-p01-t10k,3,0.56655,0.56675,0.56370,-0.00305
sd05-b150,jan-p01-t10k,4,0.61235,0.61235,0.61090,-0.00145
sd05-b150,jan-p01-t10k,5,0.64513,0.64528,0.64140,-0.00388
sd05-b150,jan-p01-t10k,7,0.68985,0.68976,0.68450,-0.00526
sd05-b150,jan-p01-t10k,9,0.71962,0.71945,0.71420,-0.00525
sd05-b150,jan-p01-t10k,10,0.73121,0.73123,0.72550,-0.00573
sd05-b150,jan-p01-t10k,13,0.75789,0.75765,0.75160,-0.00605
sd05-b150,jan-p01-t10k,18,0.78694,0.78670,0.77860,-0.00810
sd05-b150,jan-p01-t10k,25,0.81220,0.81212,0.80400,-0.00812
sd05-b150,jan-p01-t10k,34,0.83255,0.83260,0.82450,-0.00810
sd05-b150,jan-p01-t10k,47,0.85099,0.85105,0.84050,-0.01055
sd05-b150,jan-p01-t10k,65,0.86677,0.86681,0.85660,-0.01021
sd05-b150,jan-p01-t10k,90,0.88029,0.88028,0.87200,-0.00828
sd05-b150,jan-p01-t10k,100,0.88422,0.88428,0.87620,-0.00808
sd05-b150,jan-p01-t10k,124,0.89164,0.89191,0.88450,-0.00741
sd05-b150,jan-p01-t10k,171,0.90136,0.90185,0.89390,-0.00795
sd05-b150,jan-p01-t10k,236,0.90967,0.91019,0.90140,-0.00879
sd05-b150,jan-p01-t10k,325,0.91671,0.91713,0.90660,-0.01053
sd05-b150,jan-p01-t10k,448,0.92272,0.92310,0.91080,-0.01230
sd05-b150,jan-p01-t10k,618,0.92786,0.92806,0.91330,-0.01476
sd05-b150,jan-p01-t10k,852,0.93223,0.93235,0.91410,-0.01825
sd05-b150,jan-p01-t10k,1000,0.93416,0.93431,0.91410,-0.02021
sd05-b150,jan-p01-t10k,1174,0.93594,0.93610,0.91410,-0.02200
sd05-b150,jan-p01-t10k,1619,0.93912,0.93923,0.91410,-0.02513
sd05-b150,jan-p01-t10k,2233,0.94182,0.94187,0.91410,-0.02777
sd05-b150,jan-p01-t10k,3079,0.94412,0.94414,0.91410,-0.03004
sd05-b150,jan-p01-t10k,4245,0.94608,0.94600,0.91410,-0.03190
sd05-b150,jan-p01-t10k,5854,0.94775,0.94760,0.91410,-0.03350
sd05-b150,jan-p01-t10k,8072,0.94917,0.94888,0.91410,-0.03478
sd05-b150,jan-p01-t10k,10000,0.95000,0.94951,0.91410,-0.03541
sd05-b150,jan-p01-t10k,11130,0.95000,0.94951,0.91410,-0.03541
sd05-b150,jan-p01-t10k,15348,0.95000,0.94951,0.91410,-0.03541
sd05-b150,jan-p01-t10k,21163,0.95000,0.94951,0.91410,-0.03541
sd05-b150,jan-p01-t10k,29182,0.95000,0.94951,0.91410,-0.03541
sd05-b150,jan-p01-t10k,40239,0.95000,0.94951,0.91410,-0.03541
sd05-b150,jan-p01-t10k,55486,0.95000,0.94951,0.91410,-0.03541
sd05-b150,jan-p01-t10k,76510,0.95000,0.94951,0.91410,-0.03541
sd05-b150,jan-p01-t10k,105501,0.95000,0.94951,0.91410,-0.03541
sd05-b150,jan-p01-t10k,145476,0.95000,0.94951,0.91410,-0.03541
sd05-b150,jan-p01-t10k,200598,0.95000,0.94951,0.91410,-0.03541
sd05-b150,jan-p01-t10k,276605,0.95000,0.94951,0.91410,-0.03541
sd05-b150,jan-p01-t10k,381413,0.95000,0.94951,0.91410,-0.03541
sd05-b150,jan-p01-t10k,525933,0.95000,0.94951,0.91410,-0.03541
sd05-b150,jan-p01-t10k,725212,0.95000,0.94951,0.91410,-0.03541
sd05-b150,jan-p01-t10k,1000000,0.95000,0.94951,0.91410,-0.03541
sd05-b150,jan-p10-t10k,1,0.36646,0.36689,0.36712,0.00023
sd05-b150,jan-p10-t10k,2,0.49602,0.49609,0.49561,-0.00048
sd05-b150,jan-p10-t10k,3,0.56655,0.56675,0.56566,-0.00109
sd05-b150,jan-p10-t10k,4,0.61235,0.61235,0.61171,-0.00065
sd05-b150,jan-p10-t10k,5,0.64513,0.64528,0.64363,-0.00165
sd05-b150,jan-p10-t10k,7,0.68985,0.68976,0.68805,-0.00171
sd05-b150,jan-p10-t10k,9,0.71962,0.71945,0.71813,-0.00132
sd05-b150,jan-p10-t10k,10,0.73121,0.73123,0.72946,-0.00177
sd05-b150,jan-p10-t10k,13,0.75789,0.75765,0.75511,-0.00255
sd05-b150,jan-p10-t10k,18,0.78694,0.78670,0.78453,-0.00217
sd05-b150,jan-p10-t10k,25,0.81220,0.81212,0.80948,-0.00264
sd05-b150,jan-p10-t10k,34,0.83255,0.83260,0.82973,-0.00287
sd05-b150,jan-p10-t10k,47,0.85099,0.85105,0.84739,-0.00366
sd05-b150,jan-p10-t10k,65,0.86677,0.86681,0.86259,-0.00422
sd05-b150,jan-p10-t10k,90,0.88029,0.88028,0.87578,-0.00450
sd05-b150,jan-p10-t10k,100,0.88422,0.88428,0.87977,-0.00451
sd05-b150,jan-p10-t10k,124,0.89164,0.89191,0.88717,-0.00474
sd05-b150,jan-p10-t10k,171,0.90136,0.90185,0.89637,-0.00548
sd05-b150,jan-p10-t10k,236,0.90967,0.91019,0.90329,-0.00690
sd05-b150,jan-p10-t10k,325,0.91671,0.91713,0.90878,-0.00835
sd05-b150,jan-p10-t10k,448,0.92272,0.92310,0.91272,-0.01038
sd05-b150,jan-p10-t10k,618,0.92786,0.92806,0.91512,-0.01294
sd05-b150,jan-p10-t10k,852,0.93223,0.93235,0.91626,-0.01609
sd05-b150,jan-p10-t10k,1000,0.93416,0.93431,0.91645,-0.01786
sd05-b150,jan-p10-t10k,1174,0.93594,0.93610,0.91659,-0.01951
sd05-b150,jan-p10-t10k,1619,0.93912,0.93923,0.91684,-0.02239
sd05-b150,jan-p10-t10k,2233,0.94182,0.94187,0.91689,-0.02498
sd05-b150,jan-p10-t10k,3079,0.94412,0.94414,0.91694,-0.02720
sd05-b150,jan-p10-t10k,4245,0.94608,0.94600,0.91694,-0.02906
sd05-b150,jan-p10-t10k,5854,0.94775,0.94760,0.91694,-0.03066
sd05-b150,jan-p10-t10k,8072,0.94917,0.94888,0.91694,-0.03194
sd05-b150,jan-p10-t10k,10000,0.95000,0.94951,0.91694,-0.03257
sd05-b150,jan-p10-t10k,11130,0.95000,0.94951,0.91694,-0.03257
sd05-b150,jan-p10-t10k,15348,0.95000,0.94951,0.91694,-0.03257
sd05-b150,jan-p10-t10k,21163,0.95000,0.94951,0.91694,-0.03257
sd05-b150,jan-p10-t10k,29182,0.95000,0.94951,0.91694,-0.03257
sd05-b150,jan-p10-t10k,40239,0.95000,0.94951,0.91694,-0.03257
sd05-b150,jan-p10-t10k,55486,0.95000,0.94951,0.91694,-0.03257
sd05-b150,jan-p10-t10k,76510,0.95000,0.94951,0.91694,-0.03257
sd05-b150,jan-p10-t10k,105501,0.95000,0.94951,0.91694,-0.03257
sd05-b150,jan-p10-t10k,145476,0.95000,0.94951,0.91694,-0.03257
sd05-b150,jan-p10-t10k,200598,0.95000,0.94951,0.91694,-0.03257
sd05-b150,jan-p10-t10k,276605,0.95000,0.94951,0.91694,-0.03257
sd05-b150,jan-p10-t10k,381413,0.95000,0.94951,0.91694,-0.03257
sd05-b150,jan-p10-t10k,525933,0.95000,0.94951,0.91694,-0.03257
sd05-b150,jan-p10-t10k,725212,0.95000,0.94951,0.91694,-0.03257
sd05-b150,jan-p10-t10k,1000000,0.95000,0.94951,0.91694,-0.03257
sd05-b150,jan-p20-t10k,1,0.36646,0.36689,0.36698,0.00009
sd05-b150,jan-p20-t10k,2,0.49602,0.49609,0.49611,0.00002
sd05-b150,jan-p20-t10k,3,0.56655,0.56675,0.56697,0.00022
sd05-b150,jan-p20-t10k,4,0.61235,0.61235,0.61279,0.00043
sd05-b150,jan-p20-t10k,5,0.64513,0.64528,0.64498,-0.00030
sd05-b150,jan-p20-t10k,7,0.68985,0.68976,0.68961,-0.00015
sd05-b150,jan-p20-t10k,9,0.71962,0.71945,0.71930,-0.00016
sd05-b150,jan-p20-t10k,10,0.73121,0.73123,0.73094,-0.00029
sd05-b150,jan-p20-t10k,13,0.75789,0.75765,0.75679,-0.00087
sd05-b150,jan-p20-t10k,18,0.78694,0.78670,0.78556,-0.00114
sd05-b150,jan-p20-t10k,25,0.81220,0.81212,0.81071,-0.00141
sd05-b150,jan-p20-t10k,34,0.83255,0.83260,0.83084,-0.00176
sd05-b150,jan-p20-t10k,47,0.85099,0.85105,0.84874,-0.00231
sd05-b150,jan-p20-t10k,65,0.86677,0.86681,0.86393,-0.00289
sd05-b150,jan-p20-t10k,90,0.88029,0.88028,0.87712,-0.00316
sd05-b150,jan-p20-t10k,100,0.88422,0.88428,0.88113,-0.00315
sd05-b150,jan-p20-t10k,124,0.89164,0.89191,0.88838,-0.00353
sd05-b150,jan-p20-t10k,171,0.90136,0.90185,0.89745,-0.00440
sd05-b150,jan-p20-t10k,236,0.90967,0.91019,0.90453,-0.00566
sd05-b150,jan-p20-t10k,325,0.91671,0.91713,0.90986,-0.00727
sd05-b150,jan-p20-t10k,448,0.92272,0.92310,0.91392,-0.00918
sd05-b150,jan-p20-t10k,618,0.92786,0.92806,0.91667,-0.01139
sd05-b150,jan-p20-t10k,852,0.93223,0.93235,0.91804,-0.01431
sd05-b150,jan-p20-t10k,1000,0.93416,0.93431,0.91846,-0.01585
sd05-b150,jan-p20-t10k,1174,0.93594,0.93610,0.91890,-0.01721
sd05-b150,jan-p20-t10k,1619,0.93912,0.93923,0.91972,-0.01951
sd05-b150,jan-p20-t10k,2233,0.94182,0.94187,0.92039,-0.02147
sd05-b150,jan-p20-t10k,3079,0.94412,0.94414,0.92082,-0.02332
sd05-b150,jan-p20-t10k,4245,0.94608,0.94600,0.92094,-0.02506
sd05-b150,jan-p20-t10k,5854,0.94775,0.94760,0.92097,-0.02663
sd05-b150,jan-p20-t10k,8072,0.94917,0.94888,0.92097,-0.02791
sd05-b150,jan-p20-t10k,10000,0.95000,0.94951,0.92097,-0.02854
sd05-b150,jan-p20-t10k,11130,0.95000,0.94951,0.92097,-0.02854
sd05-b150,jan-p20-t10k,15348,0.95000,0.94951,0.92097,-0.02854
sd05-b150,jan-p20-t10k,21163,0.95000,0.94951,0.92097,-0.02854
sd05-b150,jan-p20-t10k,29182,0.95000,0.94951,0.92097,-0.02854
sd05-b150,jan-p20-t10k,40239,0.95000,0.94951,0.92097,-0.02854
sd05-b150,jan-p20-t10k,55486,0.95000,0.94951,0.92097,-0.02854
sd05-b150,jan-p20-t10k,76510,0.95000,0.94951,0.92097,-0.02854
sd05-b150,jan-p20-t10k,105501,0.95000,0.94951,0.92097,-0.02854
sd05-b150,jan-p20-t10k,145476,0.95000,0.94951,0.92097,-0.02854
sd05-b150,jan-p20-t10k,200598,0.95000,0.94951,0.92097,-0.02854
sd05-b150,jan-p20-t10k,276605,0.95000,0.94951,0.92097,-0.02854
sd05-b150,jan-p20-t10k,381413,0.95000,0.94951,0.92097,-0.02854
sd05-b150,jan-p20-t10k,525933,0.95000,0.94951,0.92097,-0.02854
sd05-b150,jan-p20-t10k,725212,0.95000,0.94951,0.92097,-0.02854
sd05-b150,jan-p20-t10k,1000000,0.95000,0.94951,0.92097,-0.02854
sd06-b125,completa,1,0.22645,0.22708,0.22708,0.00000
sd06-b125,completa,2,0.32167,0.32238,0.32238,0.00000
sd06-b125,completa,3,0.37902,0.37939,0.37939,0.00000
sd06-b125,completa,4,0.41905,0.41938,0.41938,0.00000
sd06-b125,completa,5,0.44934,0.44945,0.44945,0.00000
sd06-b125,completa,7,0.49335,0.49347,0.49347,0.00000
sd06-b125,completa,9,0.52470,0.52468,0.52468,0.00000
sd06-b125,completa,10,0.53744,0.53746,0.53746,0.00000
sd06-b125,completa,13,0.56806,0.56825,0.56825,0.00000
sd06-b125,completa,18,0.60383,0.60365,0.60365,0.00000
sd06-b125,completa,25,0.63750,0.63748,0.63748,0.00000
sd06-b125,completa,34,0.66683,0.66698,0.66698,0.00000
sd06-b125,completa,47,0.69554,0.69534,0.69534,0.00000
sd06-b125,completa,65,0.72218,0.72209,0.72209,0.00000
sd06-b125,completa,90,0.74690,0.74690,0.74690,0.00000
sd06-b125,completa,100,0.75449,0.75426,0.75426,0.00000
sd06-b125,completa,124,0.76941,0.76917,0.76917,0.00000
sd06-b125,completa,171,0.79027,0.79005,0.79005,0.00000
sd06-b125,completa,236,0.80960,0.80943,0.80943,0.00000
sd06-b125,completa,325,0.82732,0.82726,0.82726,0.00000
sd06-b125,completa,448,0.84375,0.84366,0.84366,0.00000
sd06-b125,completa,618,0.85894,0.85899,0.85899,0.00000
sd06-b125,completa,852,0.87294,0.87278,0.87278,0.00000
sd06-b125,completa,1000,0.87952,0.87930,0.87930,0.00000
sd06-b125,completa,1174,0.88585,0.88567,0.88567,0.00000
sd06-b125,completa,1619,0.89779,0.89788,0.89788,0.00000
sd06-b125,completa,2233,0.90882,0.90881,0.90881,0.00000
sd06-b125,completa,3079,0.91898,0.91868,0.91868,0.00000
sd06-b125,completa,4245,0.92836,0.92760,0.92760,0.00000
sd06-b125,completa,5854,0.93703,0.93581,0.93581,0.00000
sd06-b125,completa,8072,0.94502,0.94319,0.94319,0.00000
sd06-b125,completa,10000,0.95000,0.94759,0.94759,0.00000
sd06-b125,completa,11130,0.95000,0.94759,0.94759,0.00000
sd06-b125,completa,15348,0.95000,0.94759,0.94759,0.00000
sd06-b125,completa,21163,0.95000,0.94759,0.94759,0.00000
sd06-b125,completa,29182,0.95000,0.94759,0.94759,0.00000
sd06-b125,completa,40239,0.95000,0.94759,0.94759,0.00000
sd06-b125,completa,55486,0.95000,0.94759,0.94759,0.00000
sd06-b125,completa,76510,0.95000,0.94759,0.94759,0.00000
sd06-b125,completa,105501,0.95000,0.94759,0.94759,0.00000
sd06-b125,completa,145476,0.95000,0.94759,0.94759,0.00000
sd06-b125,completa,200598,0.95000,0.94759,0.94759,0.00000
sd06-b125,completa,276605,0.95000,0.94759,0.94759,0.00000
sd06-b125,completa,381413,0.95000,0.94759,0.94759,0.00000
sd06-b125,completa,525933,0.95000,0.94759,0.94759,0.00000
sd06-b125,completa,725212,0.95000,0.94759,0.94759,0.00000
sd06-b125,completa,1000000,0.95000,0.94759,0.94759,0.00000
sd06-b125,sis-p01,1,0.22645,0.22708,0.00750,-0.21958
sd06-b125,sis-p01,2,0.32167,0.32238,0.01190,-0.31048
sd06-b125,sis-p01,3,0.37902,0.37939,0.01470,-0.36470
sd06-b125,sis-p01,4,0.41905,0.41938,0.01720,-0.40218
sd06-b125,sis-p01,5,0.44934,0.44945,0.01960,-0.42986
sd06-b125,sis-p01,7,0.49335,0.49347,0.02170,-0.47178
sd06-b125,sis-p01,9,0.52470,0.52468,0.02420,-0.50049
sd06-b125,sis-p01,10,0.53744,0.53746,0.02500,-0.51246
sd06-b125,sis-p01,13,0.56806,0.56825,0.02870,-0.53955
sd06-b125,sis-p01,18,0.60383,0.60365,0.03240,-0.57125
sd06-b125,sis-p01,25,0.63750,0.63748,0.03630,-0.60118
sd06-b125,sis-p01,34,0.66683,0.66698,0.04020,-0.62678
sd06-b125,sis-p01,47,0.69554,0.69534,0.04570,-0.64964
sd06-b125,sis-p01,65,0.72218,0.72209,0.05029,-0.67179
sd06-b125,sis-p01,90,0.74690,0.74690,0.05549,-0.69140
sd06-b125,sis-p01,100,0.75449,0.75426,0.05859,-0.69567
sd06-b125,sis-p01,124,0.76941,0.76917,0.06299,-0.70618
sd06-b125,sis-p01,171,0.79027,0.79005,0.06989,-0.72015
sd06-b125,sis-p01,236,0.80960,0.80943,0.07859,-0.73084
sd06-b125,sis-p01,325,0.82732,0.82726,0.08749,-0.73977
sd06-b125,sis-p01,448,0.84375,0.84366,0.09599,-0.74767
sd06-b125,sis-p01,618,0.85894,0.85899,0.10589,-0.75310
sd06-b125,sis-p01,852,0.87294,0.87278,0.11649,-0.75629
sd06-b125,sis-p01,1000,0.87952,0.87930,0.12159,-0.75772
sd06-b125,sis-p01,1174,0.88585,0.88567,0.12729,-0.75838
sd06-b125,sis-p01,1619,0.89779,0.89788,0.13629,-0.76159
sd06-b125,sis-p01,2233,0.90882,0.90881,0.14239,-0.76643
sd06-b125,sis-p01,3079,0.91898,0.91868,0.14449,-0.77419
sd06-b125,sis-p01,4245,0.92836,0.92760,0.14519,-0.78242
sd06-b125,sis-p01,5854,0.93703,0.93581,0.14519,-0.79062
sd06-b125,sis-p01,8072,0.94502,0.94319,0.14519,-0.79800
sd06-b125,sis-p01,10000,0.95000,0.94759,0.14519,-0.80240
sd06-b125,sis-p01,11130,0.95000,0.94759,0.14519,-0.80240
sd06-b125,sis-p01,15348,0.95000,0.94759,0.14519,-0.80240
sd06-b125,sis-p01,21163,0.95000,0.94759,0.14519,-0.80240
sd06-b125,sis-p01,29182,0.95000,0.94759,0.14519,-0.80240
sd06-b125,sis-p01,40239,0.95000,0.94759,0.14519,-0.80240
sd06-b125,sis-p01,55486,0.95000,0.94759,0.14519,-0.80240
sd06-b125,sis-p01,76510,0.95000,0.94759,0.14519,-0.80240
sd06-b125,sis-p01,105501,0.95000,0.94759,0.14519,-0.80240
sd06-b125,sis-p01,145476,0.95000,0.94759,0.14519,-0.80240
sd06-b125,sis-p01,200598,0.95000,0.94759,0.14519,-0.80240
sd06-b125,sis-p01,276605,0.95000,0.94759,0.14519,-0.80240
sd06-b125,sis-p01,381413,0.95000,0.94759,0.14519,-0.80240
sd06-b125,sis-p01,525933,0.95000,0.94759,0.14519,-0.80240
sd06-b125,sis-p01,725212,0.95000,0.94759,0.14519,-0.80240
sd06-b125,sis-p01,1000000,0.95000,0.94759,0.14519,-0.80240
sd06-b125,sis-p10,1,0.22645,0.22708,0.03695,-0.19013
sd06-b125,sis-p10,2,0.32167,0.32238,0.05809,-0.26429
sd06-b125,sis-p10,3,0.37902,0.37939,0.07232,-0.30708
sd06-b125,sis-p10,4,0.41905,0.41938,0.08352,-0.33586
sd06-b125,sis-p10,5,0.44934,0.44945,0.09292,-0.35654
sd06-b125,sis-p10,7,0.49335,0.49347,0.10831,-0.38517
sd06-b125,sis-p10,9,0.52470,0.52468,0.12102,-0.40367
sd06-b125,sis-p10,10,0.53744,0.53746,0.12643,-0.41103
sd06-b125,sis-p10,13,0.56806,0.56825,0.13974,-0.42851
sd06-b125,sis-p10,18,0.60383,0.60365,0.15854,-0.44511
sd06-b125,sis-p10,25,0.63750,0.63748,0.17809,-0.45939
sd06-b125,sis-p10,34,0.66683,0.66698,0.19662,-0.47036
sd06-b125,sis-p10,47,0.69554,0.69534,0.21764,-0.47770
sd06-b125,sis-p10,65,0.72218,0.72209,0.23936,-0.48273
sd06-b125,sis-p10,90,0.74690,0.74690,0.26235,-0.48455
sd06-b125,sis-p10,100,0.75449,0.75426,0.27029,-0.48397
sd06-b125,sis-p10,124,0.76941,0.76917,0.28590,-0.48327
sd06-b125,sis-p10,171,0.79027,0.79005,0.31014,-0.47991
sd06-b125,sis-p10,236,0.80960,0.80943,0.33423,-0.47520
sd06-b125,sis-p10,325,0.82732,0.82726,0.35902,-0.46824
sd06-b125,sis-p10,448,0.84375,0.84366,0.38654,-0.45712
sd06-b125,sis-p10,618,0.85894,0.85899,0.41513,-0.44387
sd06-b125,sis-p10,852,0.87294,0.87278,0.44364,-0.42914
sd06-b125,sis-p10,1000,0.87952,0.87930,0.45767,-0.42164
sd06-b125,sis-p10,1174,0.88585,0.88567,0.47280,-0.41287
sd06-b125,sis-p10,1619,0.89779,0.89788,0.50142,-0.39645
sd06-b125,sis-p10,2233,0.90882,0.90881,0.53101,-0.37780
sd06-b125,sis-p10,3079,0.91898,0.91868,0.56012,-0.35855
sd06-b125,sis-p10,4245,0.92836,0.92760,0.58885,-0.33875
sd06-b125,sis-p10,5854,0.93703,0.93581,0.61701,-0.31880
sd06-b125,sis-p10,8072,0.94502,0.94319,0.63262,-0.31056
sd06-b125,sis-p10,10000,0.95000,0.94759,0.63554,-0.31204
sd06-b125,sis-p10,11130,0.95000,0.94759,0.63617,-0.31141
sd06-b125,sis-p10,15348,0.95000,0.94759,0.63673,-0.31085
sd06-b125,sis-p10,21163,0.95000,0.94759,0.63678,-0.31080
sd06-b125,sis-p10,29182,0.95000,0.94759,0.63678,-0.31080
sd06-b125,sis-p10,40239,0.95000,0.94759,0.63678,-0.31080
sd06-b125,sis-p10,55486,0.95000,0.94759,0.63678,-0.31080
sd06-b125,sis-p10,76510,0.95000,0.94759,0.63678,-0.31080
sd06-b125,sis-p10,105501,0.95000,0.94759,0.63678,-0.31080
sd06-b125,sis-p10,145476,0.95000,0.94759,0.63678,-0.31080
sd06-b125,sis-p10,200598,0.95000,0.94759,0.63678,-0.31080
sd06-b125,sis-p10,276605,0.95000,0.94759,0.63678,-0.31080
sd06-b125,sis-p10,381413,0.95000,0.94759,0.63678,-0.31080
sd06-b125,sis-p10,525933,0.95000,0.94759,0.63678,-0.31080
sd06-b125,sis-p10,725212,0.95000,0.94759,0.63678,-0.31080
sd06-b125,sis-p10,1000000,0.95000,0.94759,0.63678,-0.31080
sd06-b125,sis-p20,1,0.22645,0.22708,0.06222,-0.16485
sd06-b125,sis-p20,2,0.32167,0.32238,0.09681,-0.22557
sd06-b125,sis-p20,3,0.37902,0.37939,0.12098,-0.25842
sd06-b125,sis-p20,4,0.41905,0.41938,0.13996,-0.27942
sd06-b125,sis-p20,5,0.44934,0.44945,0.15486,-0.29460
sd06-b125,sis-p20,7,0.49335,0.49347,0.17872,-0.31475
sd06-b125,sis-p20,9,0.52470,0.52468,0.19750,-0.32718
sd06-b125,sis-p20,10,0.53744,0.53746,0.20548,-0.33198
sd06-b125,sis-p20,13,0.56806,0.56825,0.22631,-0.34194
sd06-b125,sis-p20,18,0.60383,0.60365,0.25280,-0.35085
sd06-b125,sis-p20,25,0.63750,0.63748,0.27949,-0.35799
sd06-b125,sis-p20,34,0.66683,0.66698,0.30621,-0.36077
sd06-b125,sis-p20,47,0.69554,0.69534,0.33448,-0.36086
sd06-b125,sis-p20,65,0.72218,0.72209,0.36303,-0.35905
sd06-b125,sis-p20,90,0.74690,0.74690,0.39187,-0.35503
sd06-b125,sis-p20,100,0.75449,0.75426,0.40145,-0.35281
sd06-b125,sis-p20,124,0.76941,0.76917,0.42086,-0.34831
sd06-b125,sis-p20,171,0.79027,0.79005,0.44967,-0.34038
sd06-b125,sis-p20,236,0.80960,0.80943,0.47904,-0.33039
sd06-b125,sis-p20,325,0.82732,0.82726,0.50792,-0.31933
sd06-b125,sis-p20,448,0.84375,0.84366,0.53626,-0.30740
sd06-b125,sis-p20,618,0.85894,0.85899,0.56512,-0.29387
sd06-b125,sis-p20,852,0.87294,0.87278,0.59414,-0.27863
sd06-b125,sis-p20,1000,0.87952,0.87930,0.60876,-0.27055
sd06-b125,sis-p20,1174,0.88585,0.88567,0.62311,-0.26256
sd06-b125,sis-p20,1619,0.89779,0.89788,0.65108,-0.24680
sd06-b125,sis-p20,2233,0.90882,0.90881,0.67773,-0.23108
sd06-b125,sis-p20,3079,0.91898,0.91868,0.70381,-0.21487
sd06-b125,sis-p20,4245,0.92836,0.92760,0.72877,-0.19883
sd06-b125,sis-p20,5854,0.93703,0.93581,0.75261,-0.18320
sd06-b125,sis-p20,8072,0.94502,0.94319,0.77496,-0.16823
sd06-b125,sis-p20,10000,0.95000,0.94759,0.77838,-0.16921
sd06-b125,sis-p20,11130,0.95000,0.94759,0.77911,-0.16848
sd06-b125,sis-p20,15348,0.95000,0.94759,0.77973,-0.16786
sd06-b125,sis-p20,21163,0.95000,0.94759,0.77978,-0.16781
sd06-b125,sis-p20,29182,0.95000,0.94759,0.77978,-0.16781
sd06-b125,sis-p20,40239,0.95000,0.94759,0.77978,-0.16781
sd06-b125,sis-p20,55486,0.95000,0.94759,0.77978,-0.16781
sd06-b125,sis-p20,76510,0.95000,0.94759,0.77978,-0.16781
sd06-b125,sis-p20,105501,0.95000,0.94759,0.77978,-0.16781
sd06-b125,sis-p20,145476,0.95000,0.94759,0.77978,-0.16781
sd06-b125,sis-p20,200598,0.95000,0.94759,0.77978,-0.16781
sd06-b125,sis-p20,276605,0.95000,0.94759,0.77978,-0.16781
sd06-b125,sis-p20,381413,0.95000,0.94759,0.77978,-0.16781
sd06-b125,sis-p20,525933,0.95000,0.94759,0.77978,-0.16781
sd06-b125,sis-p20,725212,0.95000,0.94759,0.77978,-0.16781
sd06-b125,sis-p20,1000000,0.95000,0.94759,0.77978,-0.16781
sd06-b125,jan-p01-t1k,1,0.22645,0.22708,0.22940,0.00232
sd06-b125,jan-p01-t1k,2,0.32167,0.32238,0.32010,-0.00228
sd06-b125,jan-p01-t1k,3,0.37902,0.37939,0.37350,-0.00589
sd06-b125,jan-p01-t1k,4,0.41905,0.41938,0.41390,-0.00548
sd06-b125,jan-p01-t1k,5,0.44934,0.44945,0.44300,-0.00645
sd06-b125,jan-p01-t1k,7,0.49335,0.49347,0.48710,-0.00637
sd06-b125,jan-p01-t1k,9,0.52470,0.52468,0.51690,-0.00778
sd06-b125,jan-p01-t1k,10,0.53744,0.53746,0.53070,-0.00676
sd06-b125,jan-p01-t1k,13,0.56806,0.56825,0.56030,-0.00795
sd06-b125,jan-p01-t1k,18,0.60383,0.60365,0.59420,-0.00945
sd06-b125,jan-p01-t1k,25,0.63750,0.63748,0.62680,-0.01068
sd06-b125,jan-p01-t1k,34,0.66683,0.66698,0.65730,-0.00968
sd06-b125,jan-p01-t1k,47,0.69554,0.69534,0.68100,-0.01434
sd06-b125,jan-p01-t1k,65,0.72218,0.72209,0.70600,-0.01609
sd06-b125,jan-p01-t1k,90,0.74690,0.74690,0.72510,-0.02180
sd06-b125,jan-p01-t1k,100,0.75449,0.75426,0.73020,-0.02406
sd06-b125,jan-p01-t1k,124,0.76941,0.76917,0.73990,-0.02927
sd06-b125,jan-p01-t1k,171,0.79027,0.79005,0.74960,-0.04045
sd06-b125,jan-p01-t1k,236,0.80960,0.80943,0.75410,-0.05533
sd06-b125,jan-p01-t1k,325,0.82732,0.82726,0.75480,-0.07246
sd06-b125,jan-p01-t1k,448,0.84375,0.84366,0.75600,-0.08766
sd06-b125,jan-p01-t1k,618,0.85894,0.85899,0.75650,-0.10249
sd06-b125,jan-p01-t1k,852,0.87294,0.87278,0.75660,-0.11618
sd06-b125,jan-p01-t1k,1000,0.87952,0.87930,0.75660,-0.12270
sd06-b125,jan-p01-t1k,1174,0.88585,0.88567,0.75660,-0.12907
sd06-b125,jan-p01-t1k,1619,0.89779,0.89788,0.75660,-0.14128
sd06-b125,jan-p01-t1k,2233,0.90882,0.90881,0.75660,-0.15221
sd06-b125,jan-p01-t1k,3079,0.91898,0.91868,0.75660,-0.16208
sd06-b125,jan-p01-t1k,4245,0.92836,0.92760,0.75660,-0.17100
sd06-b125,jan-p01-t1k,5854,0.93703,0.93581,0.75660,-0.17921
sd06-b125,jan-p01-t1k,8072,0.94502,0.94319,0.75660,-0.18659
sd06-b125,jan-p01-t1k,10000,0.95000,0.94759,0.75660,-0.19099
sd06-b125,jan-p01-t1k,11130,0.95000,0.94759,0.75660,-0.19099
sd06-b125,jan-p01-t1k,15348,0.95000,0.94759,0.75660,-0.19099
sd06-b125,jan-p01-t1k,21163,0.95000,0.94759,0.75660,-0.19099
sd06-b125,jan-p01-t1k,29182,0.95000,0.94759,0.75660,-0.19099
sd06-b125,jan-p01-t1k,40239,0.95000,0.94759,0.75660,-0.19099
sd06-b125,jan-p01-t1k,55486,0.95000,0.94759,0.75660,-0.19099
sd06-b125,jan-p01-t1k,76510,0.95000,0.94759,0.75660,-0.19099
sd06-b125,jan-p01-t1k,105501,0.95000,0.94759,0.75660,-0.19099
sd06-b125,jan-p01-t1k,145476,0.95000,0.94759,0.75660,-0.19099
sd06-b125,jan-p01-t1k,200598,0.95000,0.94759,0.75660,-0.19099
sd06-b125,jan-p01-t1k,276605,0.95000,0.94759,0.75660,-0.19099
sd06-b125,jan-p01-t1k,381413,0.95000,0.94759,0.75660,-0.19099
sd06-b125,jan-p01-t1k,525933,0.95000,0.94759,0.75660,-0.19099
sd06-b125,jan-p01-t1k,725212,0.95000,0.94759,0.75660,-0.19099
sd06-b125,jan-p01-t1k,1000000,0.95000,0.94759,0.75660,-0.19099
sd06-b125,jan-p10-t1k,1,0.22645,0.22708,0.22850,0.00142
sd06-b125,jan-p10-t1k,2,0.32167,0.32238,0.32216,-0.00022
sd06-b125,jan-p10-t1k,3,0.37902,0.37939,0.37833,-0.00106
sd06-b125,jan-p10-t1k,4,0.41905,0.41938,0.41728,-0.00210
sd06-b125,jan-p10-t1k,5,0.44934,0.44945,0.44627,-0.00318
sd06-b125,jan-p10-t1k,7,0.49335,0.49347,0.49044,-0.00303
sd06-b125,jan-p10-t1k,9,0.52470,0.52468,0.52095,-0.00373
sd06-b125,jan-p10-t1k,10,0.53744,0.53746,0.53394,-0.00352
sd06-b125,jan-p10-t1k,13,0.56806,0.56825,0.56506,-0.00319
sd06-b125,jan-p10-t1k,18,0.60383,0.60365,0.59927,-0.00438
sd06-b125,jan-p10-t1k,25,0.63750,0.63748,0.63129,-0.00619
sd06-b125,jan-p10-t1k,34,0.66683,0.66698,0.65935,-0.00763
sd06-b125,jan-p10-t1k,47,0.69554,0.69534,0.68485,-0.01049
sd06-b125,jan-p10-t1k,65,0.72218,0.72209,0.70772,-0.01437
sd06-b125,jan-p10-t1k,90,0.74690,0.74690,0.72758,-0.01932
sd06-b125,jan-p10-t1k,100,0.75449,0.75426,0.73298,-0.02128
sd06-b125,jan-p10-t1k,124,0.76941,0.76917,0.74310,-0.02607
sd06-b125,jan-p10-t1k,171,0.79027,0.79005,0.75492,-0.03513
sd06-b125,jan-p10-t1k,236,0.80960,0.80943,0.76222,-0.04721
sd06-b125,jan-p10-t1k,325,0.82732,0.82726,0.76702,-0.06024
sd06-b125,jan-p10-t1k,448,0.84375,0.84366,0.77167,-0.07199
sd06-b125,jan-p10-t1k,618,0.85894,0.85899,0.77661,-0.08238
sd06-b125,jan-p10-t1k,852,0.87294,0.87278,0.78183,-0.09095
sd06-b125,jan-p10-t1k,1000,0.87952,0.87930,0.78438,-0.09492
sd06-b125,jan-p10-t1k,1174,0.88585,0.88567,0.78723,-0.09844
sd06-b125,jan-p10-t1k,1619,0.89779,0.89788,0.79296,-0.10492
sd06-b125,jan-p10-t1k,2233,0.90882,0.90881,0.79888,-0.10993
sd06-b125,jan-p10-t1k,3079,0.91898,0.91868,0.80524,-0.11344
sd06-b125,jan-p10-t1k,4245,0.92836,0.92760,0.80879,-0.11881
sd06-b125,jan-p10-t1k,5854,0.93703,0.93581,0.81036,-0.12545
sd06-b125,jan-p10-t1k,8072,0.94502,0.94319,0.81077,-0.13242
sd06-b125,jan-p10-t1k,10000,0.95000,0.94759,0.81080,-0.13679
sd06-b125,jan-p10-t1k,11130,0.95000,0.94759,0.81080,-0.13679
sd06-b125,jan-p10-t1k,15348,0.95000,0.94759,0.81081,-0.13678
sd06-b125,jan-p10-t1k,21163,0.95000,0.94759,0.81081,-0.13678
sd06-b125,jan-p10-t1k,29182,0.95000,0.94759,0.81081,-0.13678
sd06-b125,jan-p10-t1k,40239,0.95000,0.94759,0.81081,-0.13678
sd06-b125,jan-p10-t1k,55486,0.95000,0.94759,0.81081,-0.13678
sd06-b125,jan-p10-t1k,76510,0.95000,0.94759,0.81081,-0.13678
sd06-b125,jan-p10-t1k,105501,0.95000,0.94759,0.81081,-0.13678
sd06-b125,jan-p10-t1k,145476,0.95000,0.94759,0.81081,-0.13678
sd06-b125,jan-p10-t1k,200598,0.95000,0.94759,0.81081,-0.13678
sd06-b125,jan-p10-t1k,276605,0.95000,0.94759,0.81081,-0.13678
sd06-b125,jan-p10-t1k,381413,0.95000,0.94759,0.81081,-0.13678
sd06-b125,jan-p10-t1k,525933,0.95000,0.94759,0.81081,-0.13678
sd06-b125,jan-p10-t1k,725212,0.95000,0.94759,0.81081,-0.13678
sd06-b125,jan-p10-t1k,1000000,0.95000,0.94759,0.81081,-0.13678
sd06-b125,jan-p20-t1k,1,0.22645,0.22708,0.22672,-0.00036
sd06-b125,jan-p20-t1k,2,0.32167,0.32238,0.32108,-0.00130
sd06-b125,jan-p20-t1k,3,0.37902,0.37939,0.37749,-0.00190
sd06-b125,jan-p20-t1k,4,0.41905,0.41938,0.41709,-0.00229
sd06-b125,jan-p20-t1k,5,0.44934,0.44945,0.44655,-0.00290
sd06-b125,jan-p20-t1k,7,0.49335,0.49347,0.49035,-0.00312
sd06-b125,jan-p20-t1k,9,0.52470,0.52468,0.52114,-0.00355
sd06-b125,jan-p20-t1k,10,0.53744,0.53746,0.53399,-0.00347
sd06-b125,jan-p20-t1k,13,0.56806,0.56825,0.56455,-0.00370
sd06-b125,jan-p20-t1k,18,0.60383,0.60365,0.59916,-0.00449
sd06-b125,jan-p20-t1k,25,0.63750,0.63748,0.63152,-0.00596
sd06-b125,jan-p20-t1k,34,0.66683,0.66698,0.65932,-0.00766
sd06-b125,jan-p20-t1k,47,0.69554,0.69534,0.68492,-0.01042
sd06-b125,jan-p20-t1k,65,0.72218,0.72209,0.70825,-0.01383
sd06-b125,jan-p20-t1k,90,0.74690,0.74690,0.72828,-0.01861
sd06-b125,jan-p20-t1k,100,0.75449,0.75426,0.73391,-0.02035
sd06-b125,jan-p20-t1k,124,0.76941,0.76917,0.74409,-0.02507
sd06-b125,jan-p20-t1k,171,0.79027,0.79005,0.75689,-0.03316
sd06-b125,jan-p20-t1k,236,0.80960,0.80943,0.76634,-0.04309
sd06-b125,jan-p20-t1k,325,0.82732,0.82726,0.77312,-0.05413
sd06-b125,jan-p20-t1k,448,0.84375,0.84366,0.78070,-0.06296
sd06-b125,jan-p20-t1k,618,0.85894,0.85899,0.78895,-0.07005
sd06-b125,jan-p20-t1k,852,0.87294,0.87278,0.79692,-0.07586
sd06-b125,jan-p20-t1k,1000,0.87952,0.87930,0.80083,-0.07847
sd06-b125,jan-p20-t1k,1174,0.88585,0.88567,0.80487,-0.08080
sd06-b125,jan-p20-t1k,1619,0.89779,0.89788,0.81344,-0.08444
sd06-b125,jan-p20-t1k,2233,0.90882,0.90881,0.82190,-0.08691
sd06-b125,jan-p20-t1k,3079,0.91898,0.91868,0.83107,-0.08761
sd06-b125,jan-p20-t1k,4245,0.92836,0.92760,0.84015,-0.08745
sd06-b125,jan-p20-t1k,5854,0.93703,0.93581,0.84716,-0.08864
sd06-b125,jan-p20-t1k,8072,0.94502,0.94319,0.84959,-0.09360
sd06-b125,jan-p20-t1k,10000,0.95000,0.94759,0.85008,-0.09750
sd06-b125,jan-p20-t1k,11130,0.95000,0.94759,0.85025,-0.09733
sd06-b125,jan-p20-t1k,15348,0.95000,0.94759,0.85030,-0.09728
sd06-b125,jan-p20-t1k,21163,0.95000,0.94759,0.85031,-0.09728
sd06-b125,jan-p20-t1k,29182,0.95000,0.94759,0.85031,-0.09728
sd06-b125,jan-p20-t1k,40239,0.95000,0.94759,0.85031,-0.09728
sd06-b125,jan-p20-t1k,55486,0.95000,0.94759,0.85031,-0.09728
sd06-b125,jan-p20-t1k,76510,0.95000,0.94759,0.85031,-0.09728
sd06-b125,jan-p20-t1k,105501,0.95000,0.94759,0.85031,-0.09728
sd06-b125,jan-p20-t1k,145476,0.95000,0.94759,0.85031,-0.09728
sd06-b125,jan-p20-t1k,200598,0.95000,0.94759,0.85031,-0.09728
sd06-b125,jan-p20-t1k,276605,0.95000,0.94759,0.85031,-0.09728
sd06-b125,jan-p20-t1k,381413,0.95000,0.94759,0.85031,-0.09728
sd06-b125,jan-p20-t1k,525933,0.95000,0.94759,0.85031,-0.09728
sd06-b125,jan-p20-t1k,725212,0.95000,0.94759,0.85031,-0.09728
sd06-b125,jan-p20-t1k,1000000,0.95000,0.94759,0.85031,-0.09728
sd06-b125,jan-p01-t10k,1,0.22645,0.22708,0.22170,-0.00538
sd06-b125,jan-p01-t10k,2,0.32167,0.32238,0.31960,-0.00278
sd06-b125,jan-p01-t10k,3,0.37902,0.37939,0.37660,-0.00279
sd06-b125,jan-p01-t10k,4,0.41905,0.41938,0.41460,-0.00478
sd06-b125,jan-p01-t10k,5,0.44934,0.44945,0.44580,-0.00366
sd06-b125,jan-p01-t10k,7,0.49335,0.49347,0.49060,-0.00287
sd06-b125,jan-p01-t10k,9,0.52470,0.52468,0.52060,-0.00408
sd06-b125,jan-p01-t10k,10,0.53744,0.53746,0.53290,-0.00456
sd06-b125,jan-p01-t10k,13,0.56806,0.56825,0.56470,-0.00355
sd06-b125,jan-p01-t10k,18,0.60383,0.60365,0.60100,-0.00265
sd06-b125,jan-p01-t10k,25,0.63750,0.63748,0.63320,-0.00428
sd06-b125,jan-p01-t10k,34,0.66683,0.66698,0.66180,-0.00518
sd06-b125,jan-p01-t10k,47,0.69554,0.69534,0.68960,-0.00574
sd06-b125,jan-p01-t10k,65,0.72218,0.72209,0.71560,-0.00649
sd06-b125,jan-p01-t10k,90,0.74690,0.74690,0.73860,-0.00830
sd06-b125,jan-p01-t10k,100,0.75449,0.75426,0.74600,-0.00826
sd06-b125,jan-p01-t10k,124,0.76941,0.76917,0.76000,-0.00917
sd06-b125,jan-p01-t10k,171,0.79027,0.79005,0.77790,-0.01215
sd06-b125,jan-p01-t10k,236,0.80960,0.80943,0.79690,-0.01253
sd06-b125,jan-p01-t10k,325,0.82732,0.82726,0.81310,-0.01416
sd06-b125,jan-p01-t10k,448,0.84375,0.84366,0.82700,-0.01666
sd06-b125,jan-p01-t10k,618,0.85894,0.85899,0.83770,-0.02129
sd06-b125,jan-p01-t10k,852,0.87294,0.87278,0.84740,-0.02538
sd06-b125,jan-p01-t10k,1000,0.87952,0.87930,0.85050,-0.02880
sd06-b125,jan-p01-t10k,1174,0.88585,0.88567,0.85320,-0.03247
sd06-b125,jan-p01-t10k,1619,0.89779,0.89788,0.85450,-0.04338
sd06-b125,jan-p01-t10k,2233,0.90882,0.90881,0.85450,-0.05431
sd06-b125,jan-p01-t10k,3079,0.91898,0.91868,0.85450,-0.06418
sd06-b125,jan-p01-t10k,4245,0.92836,0.92760,0.85450,-0.07310
sd06-b125,jan-p01-t10k,5854,0.93703,0.93581,0.85450,-0.08131
sd06-b125,jan-p01-t10k,8072,0.94502,0.94319,0.85450,-0.08869
sd06-b125,jan-p01-t10k,10000,0.95000,0.94759,0.85450,-0.09309
sd06-b125,jan-p01-t10k,11130,0.95000,0.94759,0.85450,-0.09309
sd06-b125,jan-p01-t10k,15348,0.95000,0.94759,0.85450,-0.09309
sd06-b125,jan-p01-t10k,21163,0.95000,0.94759,0.85450,-0.09309
sd06-b125,jan-p01-t10k,29182,0.95000,0.94759,0.85450,-0.09309
sd06-b125,jan-p01-t10k,40239,0.95000,0.94759,0.85450,-0.09309
sd06-b125,jan-p01-t10k,55486,0.95000,0.94759,0.85450,-0.09309
sd06-b125,jan-p01-t10k,76510,0.95000,0.94759,0.85450,-0.09309
sd06-b125,jan-p01-t10k,105501,0.95000,0.94759,0.85450,-0.09309
sd06-b125,jan-p01-t10k,145476,0.95000,0.94759,0.85450,-0.09309
sd06-b125,jan-p01-t10k,200598,0.95000,0.94759,0.85450,-0.09309
sd06-b125,jan-p01-t10k,276605,0.95000,0.94759,0.85450,-0.09309
sd06-b125,jan-p01-t10k,381413,0.95000,0.94759,0.85450,-0.09309
sd06-b125,jan-p01-t10k,525933,0.95000,0.94759,0.85450,-0.09309
sd06-b125,jan-p01-t10k,725212,0.95000,0.94759,0.85450,-0.09309
sd06-b125,jan-p01-t10k,1000000,0.95000,0.94759,0.85450,-0.09309
sd06-b125,jan-p10-t10k,1,0.22645,0.22708,0.22743,0.00035
sd06-b125,jan-p10-t10k,2,0.32167,0.32238,0.32297,0.00059
sd06-b125,jan-p10-t10k,3,0.37902,0.37939,0.37948,0.00009
sd06-b125,jan-p10-t10k,4,0.41905,0.41938,0.41900,-0.00038
sd06-b125,jan-p10-t10k,5,0.44934,0.44945,0.44901,-0.00044
sd06-b125,jan-p10-t10k,7,0.49335,0.49347,0.49290,-0.00057
sd06-b125,jan-p10-t10k,9,0.52470,0.52468,0.52363,-0.00105
sd06-b125,jan-p10-t10k,10,0.53744,0.53746,0.53659,-0.00087
sd06-b125,jan-p10-t10k,13,0.56806,0.56825,0.56703,-0.00122
sd06-b125,jan-p10-t10k,18,0.60383,0.60365,0.60254,-0.00111
sd06-b125,jan-p10-t10k,25,0.63750,0.63748,0.63535,-0.00213
sd06-b125,jan-p10-t10k,34,0.66683,0.66698,0.66504,-0.00194
sd06-b125,jan-p10-t10k,47,0.69554,0.69534,0.69287,-0.00247
sd06-b125,jan-p10-t10k,65,0.72218,0.72209,0.71961,-0.00248
sd06-b125,jan-p10-t10k,90,0.74690,0.74690,0.74320,-0.00370
sd06-b125,jan-p10-t10k,100,0.75449,0.75426,0.75017,-0.00409
sd06-b125,jan-p10-t10k,124,0.76941,0.76917,0.76434,-0.00483
sd06-b125,jan-p10-t10k,171,0.79027,0.79005,0.78470,-0.00535
sd06-b125,jan-p10-t10k,236,0.80960,0.80943,0.80248,-0.00695
sd06-b125,jan-p10-t10k,325,0.82732,0.82726,0.81832,-0.00894
sd06-b125,jan-p10-t10k,448,0.84375,0.84366,0.83203,-0.01163
sd06-b125,jan-p10-t10k,618,0.85894,0.85899,0.84337,-0.01562
sd06-b125,jan-p10-t10k,852,0.87294,0.87278,0.85233,-0.02045
sd06-b125,jan-p10-t10k,1000,0.87952,0.87930,0.85593,-0.02337
sd06-b125,jan-p10-t10k,1174,0.88585,0.88567,0.85877,-0.02690
sd06-b125,jan-p10-t10k,1619,0.89779,0.89788,0.86192,-0.03596
sd06-b125,jan-p10-t10k,2233,0.90882,0.90881,0.86481,-0.04400
sd06-b125,jan-p10-t10k,3079,0.91898,0.91868,0.86665,-0.05203
sd06-b125,jan-p10-t10k,4245,0.92836,0.92760,0.86765,-0.05995
sd06-b125,jan-p10-t10k,5854,0.93703,0.93581,0.86789,-0.06792
sd06-b125,jan-p10-t10k,8072,0.94502,0.94319,0.86791,-0.07528
sd06-b125,jan-p10-t10k,10000,0.95000,0.94759,0.86791,-0.07968
sd06-b125,jan-p10-t10k,11130,0.95000,0.94759,0.86791,-0.07968
sd06-b125,jan-p10-t10k,15348,0.95000,0.94759,0.86791,-0.07968
sd06-b125,jan-p10-t10k,21163,0.95000,0.94759,0.86791,-0.07968
sd06-b125,jan-p10-t10k,29182,0.95000,0.94759,0.86791,-0.07968
sd06-b125,jan-p10-t10k,40239,0.95000,0.94759,0.86791,-0.07968
sd06-b125,jan-p10-t10k,55486,0.95000,0.94759,0.86791,-0.07968
sd06-b125,jan-p10-t10k,76510,0.95000,0.94759,0.86791,-0.07968
sd06-b125,jan-p10-t10k,105501,0.95000,0.94759,0.86791,-0.07968
sd06-b125,jan-p10-t10k,145476,0.95000,0.94759,0.86791,-0.07968
sd06-b125,jan-p10-t10k,200598,0.95000,0.94759,0.86791,-0.07968
sd06-b125,jan-p10-t10k,276605,0.95000,0.94759,0.86791,-0.07968
sd06-b125,jan-p10-t10k,381413,0.95000,0.94759,0.86791,-0.07968
sd06-b125,jan-p10-t10k,525933,0.95000,0.94759,0.86791,-0.07968
sd06-b125,jan-p10-t10k,725212,0.95000,0.94759,0.86791,-0.07968
sd06-b125,jan-p10-t10k,1000000,0.95000,0.94759,0.86791,-0.07968
sd06-b125,jan-p20-t10k,1,0.22645,0.22708,0.22807,0.00100
sd06-b125,jan-p20-t10k,2,0.32167,0.32238,0.32327,0.00089
sd06-b125,jan-p20-t10k,3,0.37902,0.37939,0.37950,0.00011
sd06-b125,jan-p20-t10k,4,0.41905,0.41938,0.41941,0.00004
sd06-b125,jan-p20-t10k,5,0.44934,0.44945,0.44959,0.00013
sd06-b125,jan-p20-t10k,7,0.49335,0.49347,0.49344,-0.00003
sd06-b125,jan-p20-t10k,9,0.52470,0.52468,0.52442,-0.00026
sd06-b125,jan-p20-t10k,10,0.53744,0.53746,0.53707,-0.00038
sd06-b125,jan-p20-t10k,13,0.56806,0.56825,0.56825,0.00000
sd06-b125,jan-p20-t10k,18,0.60383,0.60365,0.60371,0.00006
sd06-b125,jan-p20-t10k,25,0.63750,0.63748,0.63676,-0.00072
sd06-b125,jan-p20-t10k,34,0.66683,0.66698,0.66607,-0.00090
sd06-b125,jan-p20-t10k,47,0.69554,0.69534,0.69434,-0.00100
sd06-b125,jan-p20-t10k,65,0.72218,0.72209,0.72076,-0.00132
sd06-b125,jan-p20-t10k,90,0.74690,0.74690,0.74452,-0.00237
sd06-b125,jan-p20-t10k,100,0.75449,0.75426,0.75159,-0.00267
sd06-b125,jan-p20-t10k,124,0.76941,0.76917,0.76611,-0.00306
sd06-b125,jan-p20-t10k,171,0.79027,0.79005,0.78573,-0.00431
sd06-b125,jan-p20-t10k,236,0.80960,0.80943,0.80353,-0.00591
sd06-b125,jan-p20-t10k,325,0.82732,0.82726,0.81952,-0.00774
sd06-b125,jan-p20-t10k,448,0.84375,0.84366,0.83345,-0.01021
sd06-b125,jan-p20-t10k,618,0.85894,0.85899,0.84513,-0.01387
sd06-b125,jan-p20-t10k,852,0.87294,0.87278,0.85467,-0.01811
sd06-b125,jan-p20-t10k,1000,0.87952,0.87930,0.85856,-0.02074
sd06-b125,jan-p20-t10k,1174,0.88585,0.88567,0.86168,-0.02399
sd06-b125,jan-p20-t10k,1619,0.89779,0.89788,0.86676,-0.03112
sd06-b125,jan-p20-t10k,2233,0.90882,0.90881,0.87181,-0.03700
sd06-b125,jan-p20-t10k,3079,0.91898,0.91868,0.87679,-0.04189
sd06-b125,jan-p20-t10k,4245,0.92836,0.92760,0.88118,-0.04642
sd06-b125,jan-p20-t10k,5854,0.93703,0.93581,0.88318,-0.05262
sd06-b125,jan-p20-t10k,8072,0.94502,0.94319,0.88387,-0.05932
sd06-b125,jan-p20-t10k,10000,0.95000,0.94759,0.88400,-0.06359
sd06-b125,jan-p20-t10k,11130,0.95000,0.94759,0.88404,-0.06355
sd06-b125,jan-p20-t10k,15348,0.95000,0.94759,0.88406,-0.06353
sd06-b125,jan-p20-t10k,21163,0.95000,0.94759,0.88406,-0.06353
sd06-b125,jan-p20-t10k,29182,0.95000,0.94759,0.88406,-0.06353
sd06-b125,jan-p20-t10k,40239,0.95000,0.94759,0.88406,-0.06353
sd06-b125,jan-p20-t10k,55486,0.95000,0.94759,0.88406,-0.06353
sd06-b125,jan-p20-t10k,76510,0.95000,0.94759,0.88406,-0.06353
sd06-b125,jan-p20-t10k,105501,0.95000,0.94759,0.88406,-0.06353
sd06-b125,jan-p20-t10k,145476,0.95000,0.94759,0.88406,-0.06353
sd06-b125,jan-p20-t10k,200598,0.95000,0.94759,0.88406,-0.06353
sd06-b125,jan-p20-t10k,276605,0.95000,0.94759,0.88406,-0.06353
sd06-b125,jan-p20-t10k,381413,0.95000,0.94759,0.88406,-0.06353
sd06-b125,jan-p20-t10k,525933,0.95000,0.94759,0.88406,-0.06353
sd06-b125,jan-p20-t10k,725212,0.95000,0.94759,0.88406,-0.06353
sd06-b125,jan-p20-t10k,1000000,0.95000,0.94759,0.88406,-0.06353
sd07-b100,completa,1,0.09706,0.09718,0.09718,0.00000
sd07-b100,completa,2,0.14559,0.14625,0.14625,0.00000
sd07-b100,completa,3,0.17795,0.17861,0.17861,0.00000
sd07-b100,completa,4,0.20221,0.20271,0.20271,0.00000
sd07-b100,completa,5,0.22162,0.22220,0.22220,0.00000
sd07-b100,completa,7,0.25167,0.25221,0.25221,0.00000
sd07-b100,completa,9,0.27458,0.27524,0.27524,0.00000
sd07-b100,completa,10,0.28429,0.28503,0.28503,0.00000
sd07-b100,completa,13,0.30867,0.30941,0.30941,0.00000
sd07-b100,completa,18,0.33924,0.33991,0.33991,0.00000
sd07-b100,completa,25,0.37038,0.37078,0.37078,0.00000
sd07-b100,completa,34,0.39972,0.40023,0.40023,0.00000
sd07-b100,completa,47,0.43076,0.43099,0.43099,0.00000
sd07-b100,completa,65,0.46194,0.46212,0.46212,0.00000
sd07-b100,completa,90,0.49332,0.49345,0.49345,0.00000
sd07-b100,completa,100,0.50349,0.50353,0.50353,0.00000
sd07-b100,completa,124,0.52428,0.52425,0.52425,0.00000
sd07-b100,completa,171,0.55537,0.55566,0.55566,0.00000
sd07-b100,completa,236,0.58656,0.58641,0.58641,0.00000
sd07-b100,completa,325,0.61756,0.61747,0.61747,0.00000
sd07-b100,completa,448,0.64867,0.64868,0.64868,0.00000
sd07-b100,completa,618,0.67987,0.67979,0.67979,0.00000
sd07-b100,completa,852,0.71101,0.71056,0.71056,0.00000
sd07-b100,completa,1000,0.72655,0.72637,0.72637,0.00000
sd07-b100,completa,1174,0.74211,0.74188,0.74188,0.00000
sd07-b100,completa,1619,0.77330,0.77261,0.77261,0.00000
sd07-b100,completa,2233,0.80450,0.80373,0.80373,0.00000
sd07-b100,completa,3079,0.83567,0.83480,0.83480,0.00000
sd07-b100,completa,4245,0.86684,0.86550,0.86550,0.00000
sd07-b100,completa,5854,0.89803,0.89625,0.89625,0.00000
sd07-b100,completa,8072,0.92921,0.92572,0.92572,0.00000
sd07-b100,completa,10000,0.95000,0.94515,0.94515,0.00000
sd07-b100,completa,11130,0.95000,0.94515,0.94515,0.00000
sd07-b100,completa,15348,0.95000,0.94515,0.94515,0.00000
sd07-b100,completa,21163,0.95000,0.94515,0.94515,0.00000
sd07-b100,completa,29182,0.95000,0.94515,0.94515,0.00000
sd07-b100,completa,40239,0.95000,0.94515,0.94515,0.00000
sd07-b100,completa,55486,0.95000,0.94515,0.94515,0.00000
sd07-b100,completa,76510,0.95000,0.94515,0.94515,0.00000
sd07-b100,completa,105501,0.95000,0.94515,0.94515,0.00000
sd07-b100,completa,145476,0.95000,0.94515,0.94515,0.00000
sd07-b100,completa,200598,0.95000,0.94515,0.94515,0.00000
sd07-b100,completa,276605,0.95000,0.94515,0.94515,0.00000
sd07-b100,completa,381413,0.95000,0.94515,0.94515,0.00000
sd07-b100,completa,525933,0.95000,0.94515,0.94515,0.00000
sd07-b100,completa,725212,0.95000,0.94515,0.94515,0.00000
sd07-b100,completa,1000000,0.95000,0.94515,0.94515,0.00000
sd07-b100,sis-p01,1,0.09706,0.09718,0.00270,-0.09448
sd07-b100,sis-p01,2,0.14559,0.14625,0.00390,-0.14235
sd07-b100,sis-p01,3,0.17795,0.17861,0.00450,-0.17411
sd07-b100,sis-p01,4,0.20221,0.20271,0.00530,-0.19741
sd07-b100,sis-p01,5,0.22162,0.22220,0.00660,-0.21560
sd07-b100,sis-p01,7,0.25167,0.25221,0.00740,-0.24481
sd07-b100,sis-p01,9,0.27458,0.27524,0.00850,-0.26674
sd07-b100,sis-p01,10,0.28429,0.28503,0.00930,-0.27573
sd07-b100,sis-p01,13,0.30867,0.30941,0.00990,-0.29951
sd07-b100,sis-p01,18,0.33924,0.33991,0.01190,-0.32801
sd07-b100,sis-p01,25,0.37038,0.37078,0.01400,-0.35678
sd07-b100,sis-p01,34,0.39972,0.40023,0.01700,-0.38323
sd07-b100,sis-p01,47,0.43076,0.43099,0.01920,-0.41179
sd07-b100,sis-p01,65,0.46194,0.46212,0.02310,-0.43902
sd07-b100,sis-p01,90,0.49332,0.49345,0.02770,-0.46576
sd07-b100,sis-p01,100,0.50349,0.50353,0.02940,-0.47413
sd07-b100,sis-p01,124,0.52428,0.52425,0.03300,-0.49125
sd07-b100,sis-p01,171,0.55537,0.55566,0.03950,-0.51616
sd07-b100,sis-p01,236,0.58656,0.58641,0.04530,-0.54112
sd07-b100,sis-p01,325,0.61756,0.61747,0.05329,-0.56418
sd07-b100,sis-p01,448,0.64867,0.64868,0.06309,-0.58558
sd07-b100,sis-p01,618,0.67987,0.67979,0.07489,-0.60490
sd07-b100,sis-p01,852,0.71101,0.71056,0.08999,-0.62056
sd07-b100,sis-p01,1000,0.72655,0.72637,0.09799,-0.62838
sd07-b100,sis-p01,1174,0.74211,0.74188,0.10589,-0.63599
sd07-b100,sis-p01,1619,0.77330,0.77261,0.11939,-0.65322
sd07-b100,sis-p01,2233,0.80450,0.80373,0.13069,-0.67304
sd07-b100,sis-p01,3079,0.83567,0.83480,0.13709,-0.69772
sd07-b100,sis-p01,4245,0.86684,0.86550,0.13999,-0.72551
sd07-b100,sis-p01,5854,0.89803,0.89625,0.14069,-0.75557
sd07-b100,sis-p01,8072,0.92921,0.92572,0.14069,-0.78503
sd07-b100,sis-p01,10000,0.95000,0.94515,0.14069,-0.80446
sd07-b100,sis-p01,11130,0.95000,0.94515,0.14069,-0.80446
sd07-b100,sis-p01,15348,0.95000,0.94515,0.14069,-0.80446
sd07-b100,sis-p01,21163,0.95000,0.94515,0.14069,-0.80446
sd07-b100,sis-p01,29182,0.95000,0.94515,0.14069,-0.80446
sd07-b100,sis-p01,40239,0.95000,0.94515,0.14069,-0.80446
sd07-b100,sis-p01,55486,0.95000,0.94515,0.14069,-0.80446
sd07-b100,sis-p01,76510,0.95000,0.94515,0.14069,-0.80446
sd07-b100,sis-p01,105501,0.95000,0.94515,0.14069,-0.80446
sd07-b100,sis-p01,145476,0.95000,0.94515,0.14069,-0.80446
sd07-b100,sis-p01,200598,0.95000,0.94515,0.14069,-0.80446
sd07-b100,sis-p01,276605,0.95000,0.94515,0.14069,-0.80446
sd07-b100,sis-p01,381413,0.95000,0.94515,0.14069,-0.80446
sd07-b100,sis-p01,525933,0.95000,0.94515,0.14069,-0.80446
sd07-b100,sis-p01,725212,0.95000,0.94515,0.14069,-0.80446
sd07-b100,sis-p01,1000000,0.95000,0.94515,0.14069,-0.80446
sd07-b100,sis-p10,1,0.09706,0.09718,0.01454,-0.08264
sd07-b100,sis-p10,2,0.14559,0.14625,0.02271,-0.12354
sd07-b100,sis-p10,3,0.17795,0.17861,0.02895,-0.14966
sd07-b100,sis-p10,4,0.20221,0.20271,0.03412,-0.16859
sd07-b100,sis-p10,5,0.22162,0.22220,0.03826,-0.18394
sd07-b100,sis-p10,7,0.25167,0.25221,0.04486,-0.20735
sd07-b100,sis-p10,9,0.27458,0.27524,0.05010,-0.22514
sd07-b100,sis-p10,10,0.28429,0.28503,0.05298,-0.23205
sd07-b100,sis-p10,13,0.30867,0.30941,0.05969,-0.24972
sd07-b100,sis-p10,18,0.33924,0.33991,0.06770,-0.27221
sd07-b100,sis-p10,25,0.37038,0.37078,0.07753,-0.29325
sd07-b100,sis-p10,34,0.39972,0.40023,0.08718,-0.31305
sd07-b100,sis-p10,47,0.43076,0.43099,0.09868,-0.33231
sd07-b100,sis-p10,65,0.46194,0.46212,0.11111,-0.35101
sd07-b100,sis-p10,90,0.49332,0.49345,0.12447,-0.36898
sd07-b100,sis-p10,100,0.50349,0.50353,0.12935,-0.37418
sd07-b100,sis-p10,124,0.52428,0.52425,0.14006,-0.38419
sd07-b100,sis-p10,171,0.55537,0.55566,0.15715,-0.39851
sd07-b100,sis-p10,236,0.58656,0.58641,0.17573,-0.41068
sd07-b100,sis-p10,325,0.61756,0.61747,0.19568,-0.42179
sd07-b100,sis-p10,448,0.64867,0.64868,0.21849,-0.43019
sd07-b100,sis-p10,618,0.67987,0.67979,0.24457,-0.43522
sd07-b100,sis-p10,852,0.71101,0.71056,0.27487,-0.43569
sd07-b100,sis-p10,1000,0.72655,0.72637,0.29128,-0.43509
sd07-b100,sis-p10,1174,0.74211,0.74188,0.30906,-0.43282
sd07-b100,sis-p10,1619,0.77330,0.77261,0.34841,-0.42420
sd07-b100,sis-p10,2233,0.80450,0.80373,0.39294,-0.41079
sd07-b100,sis-p10,3079,0.83567,0.83480,0.44496,-0.38985
sd07-b100,sis-p10,4245,0.86684,0.86550,0.50423,-0.36126
sd07-b100,sis-p10,5854,0.89803,0.89625,0.56895,-0.32730
sd07-b100,sis-p10,8072,0.92921,0.92572,0.60830,-0.31741
sd07-b100,sis-p10,10000,0.95000,0.94515,0.62115,-0.32399
sd07-b100,sis-p10,11130,0.95000,0.94515,0.62410,-0.32104
sd07-b100,sis-p10,15348,0.95000,0.94515,0.62736,-0.31778
sd07-b100,sis-p10,21163,0.95000,0.94515,0.62757,-0.31757
sd07-b100,sis-p10,29182,0.95000,0.94515,0.62757,-0.31757
sd07-b100,sis-p10,40239,0.95000,0.94515,0.62757,-0.31757
sd07-b100,sis-p10,55486,0.95000,0.94515,0.62757,-0.31757
sd07-b100,sis-p10,76510,0.95000,0.94515,0.62757,-0.31757
sd07-b100,sis-p10,105501,0.95000,0.94515,0.62757,-0.31757
sd07-b100,sis-p10,145476,0.95000,0.94515,0.62757,-0.31757
sd07-b100,sis-p10,200598,0.95000,0.94515,0.62757,-0.31757
sd07-b100,sis-p10,276605,0.95000,0.94515,0.62757,-0.31757
sd07-b100,sis-p10,381413,0.95000,0.94515,0.62757,-0.31757
sd07-b100,sis-p10,525933,0.95000,0.94515,0.62757,-0.31757
sd07-b100,sis-p10,725212,0.95000,0.94515,0.62757,-0.31757
sd07-b100,sis-p10,1000000,0.95000,0.94515,0.62757,-0.31757
sd07-b100,sis-p20,1,0.09706,0.09718,0.02588,-0.07130
sd07-b100,sis-p20,2,0.14559,0.14625,0.04033,-0.10592
sd07-b100,sis-p20,3,0.17795,0.17861,0.05074,-0.12787
sd07-b100,sis-p20,4,0.20221,0.20271,0.05892,-0.14379
sd07-b100,sis-p20,5,0.22162,0.22220,0.06597,-0.15623
sd07-b100,sis-p20,7,0.25167,0.25221,0.07673,-0.17547
sd07-b100,sis-p20,9,0.27458,0.27524,0.08572,-0.18952
sd07-b100,sis-p20,10,0.28429,0.28503,0.08939,-0.19564
sd07-b100,sis-p20,13,0.30867,0.30941,0.09959,-0.20982
sd07-b100,sis-p20,18,0.33924,0.33991,0.11340,-0.22651
sd07-b100,sis-p20,25,0.37038,0.37078,0.12844,-0.24234
sd07-b100,sis-p20,34,0.39972,0.40023,0.14282,-0.25741
sd07-b100,sis-p20,47,0.43076,0.43099,0.15940,-0.27159
sd07-b100,sis-p20,65,0.46194,0.46212,0.17779,-0.28433
sd07-b100,sis-p20,90,0.49332,0.49345,0.19760,-0.29585
sd07-b100,sis-p20,100,0.50349,0.50353,0.20432,-0.29921
sd07-b100,sis-p20,124,0.52428,0.52425,0.21804,-0.30621
sd07-b100,sis-p20,171,0.55537,0.55566,0.24074,-0.31492
sd07-b100,sis-p20,236,0.58656,0.58641,0.26547,-0.32094
sd07-b100,sis-p20,325,0.61756,0.61747,0.29101,-0.32646
sd07-b100,sis-p20,448,0.64867,0.64868,0.31973,-0.32894
sd07-b100,sis-p20,618,0.67987,0.67979,0.35105,-0.32874
sd07-b100,sis-p20,852,0.71101,0.71056,0.38580,-0.32476
sd07-b100,sis-p20,1000,0.72655,0.72637,0.40451,-0.32185
sd07-b100,sis-p20,1174,0.74211,0.74188,0.42394,-0.31794
sd07-b100,sis-p20,1619,0.77330,0.77261,0.46622,-0.30639
sd07-b100,sis-p20,2233,0.80450,0.80373,0.51345,-0.29028
sd07-b100,sis-p20,3079,0.83567,0.83480,0.56484,-0.26996
sd07-b100,sis-p20,4245,0.86684,0.86550,0.62320,-0.24230
sd07-b100,sis-p20,5854,0.89803,0.89625,0.68628,-0.20997
sd07-b100,sis-p20,8072,0.92921,0.92572,0.74858,-0.17714
sd07-b100,sis-p20,10000,0.95000,0.94515,0.76521,-0.17994
sd07-b100,sis-p20,11130,0.95000,0.94515,0.76919,-0.17596
sd07-b100,sis-p20,15348,0.95000,0.94515,0.77256,-0.17259
sd07-b100,sis-p20,21163,0.95000,0.94515,0.77278,-0.17237
sd07-b100,sis-p20,29182,0.95000,0.94515,0.77278,-0.17237
sd07-b100,sis-p20,40239,0.95000,0.94515,0.77278,-0.17237
sd07-b100,sis-p20,55486,0.95000,0.94515,0.77278,-0.17237
sd07-b100,sis-p20,76510,0.95000,0.94515,0.77278,-0.17237
sd07-b100,sis-p20,105501,0.95000,0.94515,0.77278,-0.17237
sd07-b100,sis-p20,145476,0.95000,0.94515,0.77278,-0.17237
sd07-b100,sis-p20,200598,0.95000,0.94515,0.77278,-0.17237
sd07-b100,sis-p20,276605,0.95000,0.94515,0.77278,-0.17237
sd07-b100,sis-p20,381413,0.95000,0.94515,0.77278,-0.17237
sd07-b100,sis-p20,525933,0.95000,0.94515,0.77278,-0.17237
sd07-b100,sis-p20,725212,0.95000,0.94515,0.77278,-0.17237
sd07-b100,sis-p20,1000000,0.95000,0.94515,0.77278,-0.17237
sd07-b100,jan-p01-t1k,1,0.09706,0.09718,0.09960,0.00242
sd07-b100,jan-p01-t1k,2,0.14559,0.14625,0.14800,0.00175
sd07-b100,jan-p01-t1k,3,0.17795,0.17861,0.17960,0.00099
sd07-b100,jan-p01-t1k,4,0.20221,0.20271,0.20540,0.00269
sd07-b100,jan-p01-t1k,5,0.22162,0.22220,0.22380,0.00160
sd07-b100,jan-p01-t1k,7,0.25167,0.25221,0.25450,0.00229
sd07-b100,jan-p01-t1k,9,0.27458,0.27524,0.27470,-0.00054
sd07-b100,jan-p01-t1k,10,0.28429,0.28503,0.28440,-0.00063
sd07-b100,jan-p01-t1k,13,0.30867,0.30941,0.30570,-0.00371
sd07-b100,jan-p01-t1k,18,0.33924,0.33991,0.33490,-0.00501
sd07-b100,jan-p01-t1k,25,0.37038,0.37078,0.36400,-0.00678
sd07-b100,jan-p01-t1k,34,0.39972,0.40023,0.39130,-0.00893
sd07-b100,jan-p01-t1k,47,0.43076,0.43099,0.41990,-0.01109
sd07-b100,jan-p01-t1k,65,0.46194,0.46212,0.44990,-0.01222
sd07-b100,jan-p01-t1k,90,0.49332,0.49345,0.47650,-0.01695
sd07-b100,jan-p01-t1k,100,0.50349,0.50353,0.48480,-0.01873
sd07-b100,jan-p01-t1k,124,0.52428,0.52425,0.50070,-0.02355
sd07-b100,jan-p01-t1k,171,0.55537,0.55566,0.52350,-0.03216
sd07-b100,jan-p01-t1k,236,0.58656,0.58641,0.54180,-0.04461
sd07-b100,jan-p01-t1k,325,0.61756,0.61747,0.55570,-0.06177
sd07-b100,jan-p01-t1k,448,0.64867,0.64868,0.56510,-0.08357
sd07-b100,jan-p01-t1k,618,0.67987,0.67979,0.56860,-0.11119
sd07-b100,jan-p01-t1k,852,0.71101,0.71056,0.57250,-0.13806
sd07-b100,jan-p01-t1k,1000,0.72655,0.72637,0.57370,-0.15267
sd07-b100,jan-p01-t1k,1174,0.74211,0.74188,0.57470,-0.16718
sd07-b100,jan-p01-t1k,1619,0.77330,0.77261,0.57660,-0.19601
sd07-b100,jan-p01-t1k,2233,0.80450,0.80373,0.57710,-0.22663
sd07-b100,jan-p01-t1k,3079,0.83567,0.83480,0.57730,-0.25750
sd07-b100,jan-p01-t1k,4245,0.86684,0.86550,0.57730,-0.28820
sd07-b100,jan-p01-t1k,5854,0.89803,0.89625,0.57730,-0.31895
sd07-b100,jan-p01-t1k,8072,0.92921,0.92572,0.57730,-0.34842
sd07-b100,jan-p01-t1k,10000,0.95000,0.94515,0.57730,-0.36785
sd07-b100,jan-p01-t1k,11130,0.95000,0.94515,0.57730,-0.36785
sd07-b100,jan-p01-t1k,15348,0.95000,0.94515,0.57730,-0.36785
sd07-b100,jan-p01-t1k,21163,0.95000,0.94515,0.57730,-0.36785
sd07-b100,jan-p01-t1k,29182,0.95000,0.94515,0.57730,-0.36785
sd07-b100,jan-p01-t1k,40239,0.95000,0.94515,0.57730,-0.36785
sd07-b100,jan-p01-t1k,55486,0.95000,0.94515,0.57730,-0.36785
sd07-b100,jan-p01-t1k,76510,0.95000,0.94515,0.57730,-0.36785
sd07-b100,jan-p01-t1k,105501,0.95000,0.94515,0.57730,-0.36785
sd07-b100,jan-p01-t1k,145476,0.95000,0.94515,0.57730,-0.36785
sd07-b100,jan-p01-t1k,200598,0.95000,0.94515,0.57730,-0.36785
sd07-b100,jan-p01-t1k,276605,0.95000,0.94515,0.57730,-0.36785
sd07-b100,jan-p01-t1k,381413,0.95000,0.94515,0.57730,-0.36785
sd07-b100,jan-p01-t1k,525933,0.95000,0.94515,0.57730,-0.36785
sd07-b100,jan-p01-t1k,725212,0.95000,0.94515,0.57730,-0.36785
sd07-b100,jan-p01-t1k,1000000,0.95000,0.94515,0.57730,-0.36785
sd07-b100,jan-p10-t1k,1,0.09706,0.09718,0.09856,0.00138
sd07-b100,jan-p10-t1k,2,0.14559,0.14625,0.14811,0.00186
sd07-b100,jan-p10-t1k,3,0.17795,0.17861,0.17999,0.00138
sd07-b100,jan-p10-t1k,4,0.20221,0.20271,0.20419,0.00148
sd07-b100,jan-p10-t1k,5,0.22162,0.22220,0.22335,0.00115
sd07-b100,jan-p10-t1k,7,0.25167,0.25221,0.25276,0.00055
sd07-b100,jan-p10-t1k,9,0.27458,0.27524,0.27496,-0.00028
sd07-b100,jan-p10-t1k,10,0.28429,0.28503,0.28467,-0.00036
sd07-b100,jan-p10-t1k,13,0.30867,0.30941,0.30820,-0.00121
sd07-b100,jan-p10-t1k,18,0.33924,0.33991,0.33783,-0.00208
sd07-b100,jan-p10-t1k,25,0.37038,0.37078,0.36776,-0.00302
sd07-b100,jan-p10-t1k,34,0.39972,0.40023,0.39590,-0.00433
sd07-b100,jan-p10-t1k,47,0.43076,0.43099,0.42356,-0.00743
sd07-b100,jan-p10-t1k,65,0.46194,0.46212,0.45258,-0.00954
sd07-b100,jan-p10-t1k,90,0.49332,0.49345,0.47981,-0.01364
sd07-b100,jan-p10-t1k,100,0.50349,0.50353,0.48817,-0.01536
sd07-b100,jan-p10-t1k,124,0.52428,0.52425,0.50517,-0.01908
sd07-b100,jan-p10-t1k,171,0.55537,0.55566,0.53004,-0.02562
sd07-b100,jan-p10-t1k,236,0.58656,0.58641,0.55096,-0.03545
sd07-b100,jan-p10-t1k,325,0.61756,0.61747,0.56741,-0.05006
sd07-b100,jan-p10-t1k,448,0.64867,0.64868,0.57947,-0.06920
sd07-b100,jan-p10-t1k,618,0.67987,0.67979,0.59002,-0.08977
sd07-b100,jan-p10-t1k,852,0.71101,0.71056,0.60234,-0.10822
sd07-b100,jan-p10-t1k,1000,0.72655,0.72637,0.60913,-0.11724
sd07-b100,jan-p10-t1k,1174,0.74211,0.74188,0.61622,-0.12566
sd07-b100,jan-p10-t1k,1619,0.77330,0.77261,0.63318,-0.13943
sd07-b100,jan-p10-t1k,2233,0.80450,0.80373,0.65283,-0.15090
sd07-b100,jan-p10-t1k,3079,0.83567,0.83480,0.67657,-0.15823
sd07-b100,jan-p10-t1k,4245,0.86684,0.86550,0.70041,-0.16509
sd07-b100,jan-p10-t1k,5854,0.89803,0.89625,0.71814,-0.17811
sd07-b100,jan-p10-t1k,8072,0.92921,0.92572,0.72747,-0.19825
sd07-b100,jan-p10-t1k,10000,0.95000,0.94515,0.73003,-0.21512
sd07-b100,jan-p10-t1k,11130,0.95000,0.94515,0.73069,-0.21446
sd07-b100,jan-p10-t1k,15348,0.95000,0.94515,0.73120,-0.21395
sd07-b100,jan-p10-t1k,21163,0.95000,0.94515,0.73123,-0.21392
sd07-b100,jan-p10-t1k,29182,0.95000,0.94515,0.73123,-0.21392
sd07-b100,jan-p10-t1k,40239,0.95000,0.94515,0.73123,-0.21392
sd07-b100,jan-p10-t1k,55486,0.95000,0.94515,0.73123,-0.21392
sd07-b100,jan-p10-t1k,76510,0.95000,0.94515,0.73123,-0.21392
sd07-b100,jan-p10-t1k,105501,0.95000,0.94515,0.73123,-0.21392
sd07-b100,jan-p10-t1k,145476,0.95000,0.94515,0.73123,-0.21392
sd07-b100,jan-p10-t1k,200598,0.95000,0.94515,0.73123,-0.21392
sd07-b100,jan-p10-t1k,276605,0.95000,0.94515,0.73123,-0.21392
sd07-b100,jan-p10-t1k,381413,0.95000,0.94515,0.73123,-0.21392
sd07-b100,jan-p10-t1k,525933,0.95000,0.94515,0.73123,-0.21392
sd07-b100,jan-p10-t1k,725212,0.95000,0.94515,0.73123,-0.21392
sd07-b100,jan-p10-t1k,1000000,0.95000,0.94515,0.73123,-0.21392
sd07-b100,jan-p20-t1k,1,0.09706,0.09718,0.09725,0.00008
sd07-b100,jan-p20-t1k,2,0.14559,0.14625,0.14633,0.00008
sd07-b100,jan-p20-t1k,3,0.17795,0.17861,0.17845,-0.00016
sd07-b100,jan-p20-t1k,4,0.20221,0.20271,0.20245,-0.00027
sd07-b100,jan-p20-t1k,5,0.22162,0.22220,0.22159,-0.00061
sd07-b100,jan-p20-t1k,7,0.25167,0.25221,0.25112,-0.00109
sd07-b100,jan-p20-t1k,9,0.27458,0.27524,0.27361,-0.00163
sd07-b100,jan-p20-t1k,10,0.28429,0.28503,0.28343,-0.00160
sd07-b100,jan-p20-t1k,13,0.30867,0.30941,0.30717,-0.00224
sd07-b100,jan-p20-t1k,18,0.33924,0.33991,0.33703,-0.00288
sd07-b100,jan-p20-t1k,25,0.37038,0.37078,0.36682,-0.00396
sd07-b100,jan-p20-t1k,34,0.39972,0.40023,0.39524,-0.00499
sd07-b100,jan-p20-t1k,47,0.43076,0.43099,0.42350,-0.00749
sd07-b100,jan-p20-t1k,65,0.46194,0.46212,0.45260,-0.00953
sd07-b100,jan-p20-t1k,90,0.49332,0.49345,0.48002,-0.01343
sd07-b100,jan-p20-t1k,100,0.50349,0.50353,0.48883,-0.01470
sd07-b100,jan-p20-t1k,124,0.52428,0.52425,0.50576,-0.01849
sd07-b100,jan-p20-t1k,171,0.55537,0.55566,0.53083,-0.02482
sd07-b100,jan-p20-t1k,236,0.58656,0.58641,0.55267,-0.03374
sd07-b100,jan-p20-t1k,325,0.61756,0.61747,0.57105,-0.04642
sd07-b100,jan-p20-t1k,448,0.64867,0.64868,0.58598,-0.06270
sd07-b100,jan-p20-t1k,618,0.67987,0.67979,0.60047,-0.07932
sd07-b100,jan-p20-t1k,852,0.71101,0.71056,0.61652,-0.09404
sd07-b100,jan-p20-t1k,1000,0.72655,0.72637,0.62537,-0.10100
sd07-b100,jan-p20-t1k,1174,0.74211,0.74188,0.63528,-0.10660
sd07-b100,jan-p20-t1k,1619,0.77330,0.77261,0.65667,-0.11594
sd07-b100,jan-p20-t1k,2233,0.80450,0.80373,0.68009,-0.12364
sd07-b100,jan-p20-t1k,3079,0.83567,0.83480,0.70818,-0.12662
sd07-b100,jan-p20-t1k,4245,0.86684,0.86550,0.74058,-0.12492
sd07-b100,jan-p20-t1k,5854,0.89803,0.89625,0.77734,-0.11891
sd07-b100,jan-p20-t1k,8072,0.92921,0.92572,0.79949,-0.12623
sd07-b100,jan-p20-t1k,10000,0.95000,0.94515,0.80654,-0.13860
sd07-b100,jan-p20-t1k,11130,0.95000,0.94515,0.80814,-0.13701
sd07-b100,jan-p20-t1k,15348,0.95000,0.94515,0.80977,-0.13538
sd07-b100,jan-p20-t1k,21163,0.95000,0.94515,0.80989,-0.13526
sd07-b100,jan-p20-t1k,29182,0.95000,0.94515,0.80989,-0.13526
sd07-b100,jan-p20-t1k,40239,0.95000,0.94515,0.80989,-0.13526
sd07-b100,jan-p20-t1k,55486,0.95000,0.94515,0.80989,-0.13526
sd07-b100,jan-p20-t1k,76510,0.95000,0.94515,0.80989,-0.13526
sd07-b100,jan-p20-t1k,105501,0.95000,0.94515,0.80989,-0.13526
sd07-b100,jan-p20-t1k,145476,0.95000,0.94515,0.80989,-0.13526
sd07-b100,jan-p20-t1k,200598,0.95000,0.94515,0.80989,-0.13526
sd07-b100,jan-p20-t1k,276605,0.95000,0.94515,0.80989,-0.13526
sd07-b100,jan-p20-t1k,381413,0.95000,0.94515,0.80989,-0.13526
sd07-b100,jan-p20-t1k,525933,0.95000,0.94515,0.80989,-0.13526
sd07-b100,jan-p20-t1k,725212,0.95000,0.94515,0.80989,-0.13526
sd07-b100,jan-p20-t1k,1000000,0.95000,0.94515,0.80989,-0.13526
sd07-b100,jan-p01-t10k,1,0.09706,0.09718,0.09010,-0.00708
sd07-b100,jan-p01-t10k,2,0.14559,0.14625,0.14030,-0.00595
sd07-b100,jan-p01-t10k,3,0.17795,0.17861,0.17490,-0.00371
sd07-b100,jan-p01-t10k,4,0.20221,0.20271,0.19840,-0.00431
sd07-b100,jan-p01-t10k,5,0.22162,0.22220,0.21680,-0.00540
sd07-b100,jan-p01-t10k,7,0.25167,0.25221,0.24650,-0.00571
sd07-b100,jan-p01-t10k,9,0.27458,0.27524,0.26900,-0.00624
sd07-b100,jan-p01-t10k,10,0.28429,0.28503,0.28000,-0.00503
sd07-b100,jan-p01-t10k,13,0.30867,0.30941,0.30620,-0.00321
sd07-b100,jan-p01-t10k,18,0.33924,0.33991,0.33530,-0.00461
sd07-b100,jan-p01-t10k,25,0.37038,0.37078,0.36810,-0.00268
sd07-b100,jan-p01-t10k,34,0.39972,0.40023,0.39660,-0.00363
sd07-b100,jan-p01-t10k,47,0.43076,0.43099,0.42520,-0.00579
sd07-b100,jan-p01-t10k,65,0.46194,0.46212,0.45820,-0.00392
sd07-b100,jan-p01-t10k,90,0.49332,0.49345,0.48940,-0.00405
sd07-b100,jan-p01-t10k,100,0.50349,0.50353,0.49970,-0.00383
sd07-b100,jan-p01-t10k,124,0.52428,0.52425,0.51860,-0.00565
sd07-b100,jan-p01-t10k,171,0.55537,0.55566,0.54980,-0.00586
sd07-b100,jan-p01-t10k,236,0.58656,0.58641,0.57970,-0.00671
sd07-b100,jan-p01-t10k,325,0.61756,0.61747,0.60980,-0.00767
sd07-b100,jan-p01-t10k,448,0.64867,0.64868,0.63610,-0.01258
sd07-b100,jan-p01-t10k,618,0.67987,0.67979,0.66090,-0.01889
sd07-b100,jan-p01-t10k,852,0.71101,0.71056,0.68720,-0.02336
sd07-b100,jan-p01-t10k,1000,0.72655,0.72637,0.69880,-0.02757
sd07-b100,jan-p01-t10k,1174,0.74211,0.74188,0.70820,-0.03368
sd07-b100,jan-p01-t10k,1619,0.77330,0.77261,0.72630,-0.04631
sd07-b100,jan-p01-t10k,2233,0.80450,0.80373,0.73570,-0.06803
sd07-b100,jan-p01-t10k,3079,0.83567,0.83480,0.73750,-0.09730
sd07-b100,jan-p01-t10k,4245,0.86684,0.86550,0.73750,-0.12800
sd07-b100,jan-p01-t10k,5854,0.89803,0.89625,0.73750,-0.15875
sd07-b100,jan-p01-t10k,8072,0.92921,0.92572,0.73750,-0.18822
sd07-b100,jan-p01-t10k,10000,0.95000,0.94515,0.73750,-0.20765
sd07-b100,jan-p01-t10k,11130,0.95000,0.94515,0.73750,-0.20765
sd07-b100,jan-p01-t10k,15348,0.95000,0.94515,0.73750,-0.20765
sd07-b100,jan-p01-t10k,21163,0.95000,0.94515,0.73750,-0.20765
sd07-b100,jan-p01-t10k,29182,0.95000,0.94515,0.73750,-0.20765
sd07-b100,jan-p01-t10k,40239,0.95000,0.94515,0.73750,-0.20765
sd07-b100,jan-p01-t10k,55486,0.95000,0.94515,0.73750,-0.20765
sd07-b100,jan-p01-t10k,76510,0.95000,0.94515,0.73750,-0.20765
sd07-b100,jan-p01-t10k,105501,0.95000,0.94515,0.73750,-0.20765
sd07-b100,jan-p01-t10k,145476,0.95000,0.94515,0.73750,-0.20765
sd07-b100,jan-p01-t10k,200598,0.95000,0.94515,0.73750,-0.20765
sd07-b100,jan-p01-t10k,276605,0.95000,0.94515,0.73750,-0.20765
sd07-b100,jan-p01-t10k,381413,0.95000,0.94515,0.73750,-0.20765
sd07-b100,jan-p01-t10k,525933,0.95000,0.94515,0.73750,-0.20765
sd07-b100,jan-p01-t10k,725212,0.95000,0.94515,0.73750,-0.20765
sd07-b100,jan-p01-t10k,1000000,0.95000,0.94515,0.73750,-0.20765
sd07-b100,jan-p10-t10k,1,0.09706,0.09718,0.09733,0.00015
sd07-b100,jan-p10-t10k,2,0.14559,0.14625,0.14669,0.00044
sd07-b100,jan-p10-t10k,3,0.17795,0.17861,0.17939,0.00078
sd07-b100,jan-p10-t10k,4,0.20221,0.20271,0.20382,0.00111
sd07-b100,jan-p10-t10k,5,0.22162,0.22220,0.22273,0.00053
sd07-b100,jan-p10-t10k,7,0.25167,0.25221,0.25248,0.00027
sd07-b100,jan-p10-t10k,9,0.27458,0.27524,0.27554,0.00030
sd07-b100,jan-p10-t10k,10,0.28429,0.28503,0.28508,0.00005
sd07-b100,jan-p10-t10k,13,0.30867,0.30941,0.31008,0.00067
sd07-b100,jan-p10-t10k,18,0.33924,0.33991,0.33962,-0.00029
sd07-b100,jan-p10-t10k,25,0.37038,0.37078,0.37089,0.00011
sd07-b100,jan-p10-t10k,34,0.39972,0.40023,0.40026,0.00003
sd07-b100,jan-p10-t10k,47,0.43076,0.43099,0.43001,-0.00098
sd07-b100,jan-p10-t10k,65,0.46194,0.46212,0.46148,-0.00064
sd07-b100,jan-p10-t10k,90,0.49332,0.49345,0.49191,-0.00154
sd07-b100,jan-p10-t10k,100,0.50349,0.50353,0.50178,-0.00175
sd07-b100,jan-p10-t10k,124,0.52428,0.52425,0.52169,-0.00256
sd07-b100,jan-p10-t10k,171,0.55537,0.55566,0.55238,-0.00328
sd07-b100,jan-p10-t10k,236,0.58656,0.58641,0.58168,-0.00473
sd07-b100,jan-p10-t10k,325,0.61756,0.61747,0.61165,-0.00582
sd07-b100,jan-p10-t10k,448,0.64867,0.64868,0.63956,-0.00911
sd07-b100,jan-p10-t10k,618,0.67987,0.67979,0.66721,-0.01258
sd07-b100,jan-p10-t10k,852,0.71101,0.71056,0.69377,-0.01679
sd07-b100,jan-p10-t10k,1000,0.72655,0.72637,0.70694,-0.01943
sd07-b100,jan-p10-t10k,1174,0.74211,0.74188,0.71822,-0.02366
sd07-b100,jan-p10-t10k,1619,0.77330,0.77261,0.73910,-0.03351
sd07-b100,jan-p10-t10k,2233,0.80450,0.80373,0.75652,-0.04721
sd07-b100,jan-p10-t10k,3079,0.83567,0.83480,0.76917,-0.06563
sd07-b100,jan-p10-t10k,4245,0.86684,0.86550,0.78098,-0.08452
sd07-b100,jan-p10-t10k,5854,0.89803,0.89625,0.78770,-0.10855
sd07-b100,jan-p10-t10k,8072,0.92921,0.92572,0.79078,-0.13494
sd07-b100,jan-p10-t10k,10000,0.95000,0.94515,0.79141,-0.15374
sd07-b100,jan-p10-t10k,11130,0.95000,0.94515,0.79156,-0.15359
sd07-b100,jan-p10-t10k,15348,0.95000,0.94515,0.79159,-0.15356
sd07-b100,jan-p10-t10k,21163,0.95000,0.94515,0.79161,-0.15354
sd07-b100,jan-p10-t10k,29182,0.95000,0.94515,0.79161,-0.15354
sd07-b100,jan-p10-t10k,40239,0.95000,0.94515,0.79161,-0.15354
sd07-b100,jan-p10-t10k,55486,0.95000,0.94515,0.79161,-0.15354
sd07-b100,jan-p10-t10k,76510,0.95000,0.94515,0.79161,-0.15354
sd07-b100,jan-p10-t10k,105501,0.95000,0.94515,0.79161,-0.15354
sd07-b100,jan-p10-t10k,145476,0.95000,0.94515,0.79161,-0.15354
sd07-b100,jan-p10-t10k,200598,0.95000,0.94515,0.79161,-0.15354
sd07-b100,jan-p10-t10k,276605,0.95000,0.94515,0.79161,-0.15354
sd07-b100,jan-p10-t10k,381413,0.95000,0.94515,0.79161,-0.15354
sd07-b100,jan-p10-t10k,525933,0.95000,0.94515,0.79161,-0.15354
sd07-b100,jan-p10-t10k,725212,0.95000,0.94515,0.79161,-0.15354
sd07-b100,jan-p10-t10k,1000000,0.95000,0.94515,0.79161,-0.15354
sd07-b100,jan-p20-t10k,1,0.09706,0.09718,0.09752,0.00034
sd07-b100,jan-p20-t10k,2,0.14559,0.14625,0.14713,0.00088
sd07-b100,jan-p20-t10k,3,0.17795,0.17861,0.17927,0.00066
sd07-b100,jan-p20-t10k,4,0.20221,0.20271,0.20394,0.00122
sd07-b100,jan-p20-t10k,5,0.22162,0.22220,0.22302,0.00082
sd07-b100,jan-p20-t10k,7,0.25167,0.25221,0.25340,0.00120
sd07-b100,jan-p20-t10k,9,0.27458,0.27524,0.27621,0.00097
sd07-b100,jan-p20-t10k,10,0.28429,0.28503,0.28590,0.00087
sd07-b100,jan-p20-t10k,13,0.30867,0.30941,0.31035,0.00095
sd07-b100,jan-p20-t10k,18,0.33924,0.33991,0.34008,0.00016
sd07-b100,jan-p20-t10k,25,0.37038,0.37078,0.37068,-0.00010
sd07-b100,jan-p20-t10k,34,0.39972,0.40023,0.40022,-0.00000
sd07-b100,jan-p20-t10k,47,0.43076,0.43099,0.43055,-0.00044
sd07-b100,jan-p20-t10k,65,0.46194,0.46212,0.46160,-0.00052
sd07-b100,jan-p20-t10k,90,0.49332,0.49345,0.49247,-0.00098
sd07-b100,jan-p20-t10k,100,0.50349,0.50353,0.50223,-0.00130
sd07-b100,jan-p20-t10k,124,0.52428,0.52425,0.52251,-0.00174
sd07-b100,jan-p20-t10k,171,0.55537,0.55566,0.55337,-0.00229
sd07-b100,jan-p20-t10k,236,0.58656,0.58641,0.58309,-0.00332
sd07-b100,jan-p20-t10k,325,0.61756,0.61747,0.61277,-0.00470
sd07-b100,jan-p20-t10k,448,0.64867,0.64868,0.64117,-0.00750
sd07-b100,jan-p20-t10k,618,0.67987,0.67979,0.66902,-0.01077
sd07-b100,jan-p20-t10k,852,0.71101,0.71056,0.69571,-0.01485
sd07-b100,jan-p20-t10k,1000,0.72655,0.72637,0.70896,-0.01741
sd07-b100,jan-p20-t10k,1174,0.74211,0.74188,0.72083,-0.02105
sd07-b100,jan-p20-t10k,1619,0.77330,0.77261,0.74312,-0.02949
sd07-b100,jan-p20-t10k,2233,0.80450,0.80373,0.76342,-0.04031
sd07-b100,jan-p20-t10k,3079,0.83567,0.83480,0.78199,-0.05282
sd07-b100,jan-p20-t10k,4245,0.86684,0.86550,0.80331,-0.06219
sd07-b100,jan-p20-t10k,5854,0.89803,0.89625,0.82178,-0.07447
sd07-b100,jan-p20-t10k,8072,0.92921,0.92572,0.83285,-0.09287
sd07-b100,jan-p20-t10k,10000,0.95000,0.94515,0.83627,-0.10888
sd07-b100,jan-p20-t10k,11130,0.95000,0.94515,0.83713,-0.10802
sd07-b100,jan-p20-t10k,15348,0.95000,0.94515,0.83781,-0.10734
sd07-b100,jan-p20-t10k,21163,0.95000,0.94515,0.83787,-0.10728
sd07-b100,jan-p20-t10k,29182,0.95000,0.94515,0.83787,-0.10728
sd07-b100,jan-p20-t10k,40239,0.95000,0.94515,0.83787,-0.10728
sd07-b100,jan-p20-t10k,55486,0.95000,0.94515,0.83787,-0.10728
sd07-b100,jan-p20-t10k,76510,0.95000,0.94515,0.83787,-0.10728
sd07-b100,jan-p20-t10k,105501,0.95000,0.94515,0.83787,-0.10728
sd07-b100,jan-p20-t10k,145476,0.95000,0.94515,0.83787,-0.10728
sd07-b100,jan-p20-t10k,200598,0.95000,0.94515,0.83787,-0.10728
sd07-b100,jan-p20-t10k,276605,0.95000,0.94515,0.83787,-0.10728
sd07-b100,jan-p20-t10k,381413,0.95000,0.94515,0.83787,-0.10728
sd07-b100,jan-p20-t10k,525933,0.95000,0.94515,0.83787,-0.10728
sd07-b100,jan-p20-t10k,725212,0.95000,0.94515,0.83787,-0.10728
sd07-b100,jan-p20-t10k,1000000,0.95000,0.94515,0.83787,-0.10728
sd08-b075,completa,1,0.02599,0.02598,0.02598,0.00000
sd08-b075,completa,2,0.04144,0.04154,0.04154,0.00000
sd08-b075,completa,3,0.05284,0.05284,0.05284,0.00000
sd08-b075,completa,4,0.06202,0.06218,0.06218,0.00000
sd08-b075,completa,5,0.06979,0.06998,0.06998,0.00000
sd08-b075,completa,7,0.08261,0.08268,0.08268,0.00000
sd08-b075,completa,9,0.09307,0.09320,0.09320,0.00000
sd08-b075,completa,10,0.09770,0.09783,0.09783,0.00000
sd08-b075,completa,13,0.10982,0.11009,0.11009,0.00000
sd08-b075,completa,18,0.12615,0.12658,0.12658,0.00000
sd08-b075,completa,25,0.14415,0.14476,0.14476,0.00000
sd08-b075,completa,34,0.16249,0.16315,0.16315,0.00000
sd08-b075,completa,47,0.18345,0.18402,0.18402,0.00000
sd08-b075,completa,65,0.20628,0.20684,0.20684,0.00000
sd08-b075,completa,90,0.23117,0.23182,0.23182,0.00000
sd08-b075,completa,100,0.23968,0.24036,0.24036,0.00000
sd08-b075,completa,124,0.25778,0.25829,0.25829,0.00000
sd08-b075,completa,171,0.28672,0.28740,0.28740,0.00000
sd08-b075,completa,236,0.31819,0.31891,0.31891,0.00000
sd08-b075,completa,325,0.35207,0.35259,0.35259,0.00000
sd08-b075,completa,448,0.38891,0.38926,0.38926,0.00000
sd08-b075,completa,618,0.42893,0.42911,0.42911,0.00000
sd08-b075,completa,852,0.47222,0.47234,0.47234,0.00000
sd08-b075,completa,1000,0.49515,0.49504,0.49504,0.00000
sd08-b075,completa,1174,0.51906,0.51890,0.51890,0.00000
sd08-b075,completa,1619,0.56995,0.56979,0.56979,0.00000
sd08-b075,completa,2233,0.62513,0.62465,0.62465,0.00000
sd08-b075,completa,3079,0.68487,0.68393,0.68393,0.00000
sd08-b075,completa,4245,0.74959,0.74819,0.74819,0.00000
sd08-b075,completa,5854,0.81978,0.81730,0.81730,0.00000
sd08-b075,completa,8072,0.89581,0.89178,0.89178,0.00000
sd08-b075,completa,10000,0.95000,0.94354,0.94354,0.00000
sd08-b075,completa,11130,0.95000,0.94354,0.94354,0.00000
sd08-b075,completa,15348,0.95000,0.94354,0.94354,0.00000
sd08-b075,completa,21163,0.95000,0.94354,0.94354,0.00000
sd08-b075,completa,29182,0.95000,0.94354,0.94354,0.00000
sd08-b075,completa,40239,0.95000,0.94354,0.94354,0.00000
sd08-b075,completa,55486,0.95000,0.94354,0.94354,0.00000
sd08-b075,completa,76510,0.95000,0.94354,0.94354,0.00000
sd08-b075,completa,105501,0.95000,0.94354,0.94354,0.00000
sd08-b075,completa,145476,0.95000,0.94354,0.94354,0.00000
sd08-b075,completa,200598,0.95000,0.94354,0.94354,0.00000
sd08-b075,completa,276605,0.95000,0.94354,0.94354,0.00000
sd08-b075,completa,381413,0.95000,0.94354,0.94354,0.00000
sd08-b075,completa,525933,0.95000,0.94354,0.94354,0.00000
sd08-b075,completa,725212,0.95000,0.94354,0.94354,0.00000
sd08-b075,completa,1000000,0.95000,0.94354,0.94354,0.00000
sd08-b075,sis-p01,1,0.02599,0.02598,0.00140,-0.02458
sd08-b075,sis-p01,2,0.04144,0.04154,0.00230,-0.03924
sd08-b075,sis-p01,3,0.05284,0.05284,0.00250,-0.05034
sd08-b075,sis-p01,4,0.06202,0.06218,0.00330,-0.05888
sd08-b075,sis-p01,5,0.06979,0.06998,0.00360,-0.06638
sd08-b075,sis-p01,7,0.08261,0.08268,0.00440,-0.07829
sd08-b075,sis-p01,9,0.09307,0.09320,0.00500,-0.08820
sd08-b075,sis-p01,10,0.09770,0.09783,0.00560,-0.09223
sd08-b075,sis-p01,13,0.10982,0.11009,0.00610,-0.10399
sd08-b075,sis-p01,18,0.12615,0.12658,0.00780,-0.11878
sd08-b075,sis-p01,25,0.14415,0.14476,0.00890,-0.13586
sd08-b075,sis-p01,34,0.16249,0.16315,0.00970,-0.15345
sd08-b075,sis-p01,47,0.18345,0.18402,0.01160,-0.17243
sd08-b075,sis-p01,65,0.20628,0.20684,0.01550,-0.19134
sd08-b075,sis-p01,90,0.23117,0.23182,0.01860,-0.21322
sd08-b075,sis-p01,100,0.23968,0.24036,0.02010,-0.22026
sd08-b075,sis-p01,124,0.25778,0.25829,0.02250,-0.23579
sd08-b075,sis-p01,171,0.28672,0.28740,0.02740,-0.26001
sd08-b075,sis-p01,236,0.31819,0.31891,0.03400,-0.28492
sd08-b075,sis-p01,325,0.35207,0.35259,0.04210,-0.31049
sd08-b075,sis-p01,448,0.38891,0.38926,0.05309,-0.33617
sd08-b075,sis-p01,618,0.42893,0.42911,0.06789,-0.36122
sd08-b075,sis-p01,852,0.47222,0.47234,0.08269,-0.38965
sd08-b075,sis-p01,1000,0.49515,0.49504,0.09219,-0.40285
sd08-b075,sis-p01,1174,0.51906,0.51890,0.10089,-0.41801
sd08-b075,sis-p01,1619,0.56995,0.56979,0.12009,-0.44970
sd08-b075,sis-p01,2233,0.62513,0.62465,0.13329,-0.49136
sd08-b075,sis-p01,3079,0.68487,0.68393,0.14329,-0.54064
sd08-b075,sis-p01,4245,0.74959,0.74819,0.14809,-0.60010
sd08-b075,sis-p01,5854,0.81978,0.81730,0.14939,-0.66792
sd08-b075,sis-p01,8072,0.89581,0.89178,0.14949,-0.74229
sd08-b075,sis-p01,10000,0.95000,0.94354,0.14949,-0.79406
sd08-b075,sis-p01,11130,0.95000,0.94354,0.14949,-0.79406
sd08-b075,sis-p01,15348,0.95000,0.94354,0.14949,-0.79406
sd08-b075,sis-p01,21163,0.95000,0.94354,0.14949,-0.79406
sd08-b075,sis-p01,29182,0.95000,0.94354,0.14949,-0.79406
sd08-b075,sis-p01,40239,0.95000,0.94354,0.14949,-0.79406
sd08-b075,sis-p01,55486,0.95000,0.94354,0.14949,-0.79406
sd08-b075,sis-p01,76510,0.95000,0.94354,0.14949,-0.79406
sd08-b075,sis-p01,105501,0.95000,0.94354,0.14949,-0.79406
sd08-b075,sis-p01,145476,0.95000,0.94354,0.14949,-0.79406
sd08-b075,sis-p01,200598,0.95000,0.94354,0.14949,-0.79406
sd08-b075,sis-p01,276605,0.95000,0.94354,0.14949,-0.79406
sd08-b075,sis-p01,381413,0.95000,0.94354,0.14949,-0.79406
sd08-b075,sis-p01,525933,0.95000,0.94354,0.14949,-0.79406
sd08-b075,sis-p01,725212,0.95000,0.94354,0.14949,-0.79406
sd08-b075,sis-p01,1000000,0.95000,0.94354,0.14949,-0.79406
sd08-b075,sis-p10,1,0.02599,0.02598,0.00508,-0.02090
sd08-b075,sis-p10,2,0.04144,0.04154,0.00815,-0.03339
sd08-b075,sis-p10,3,0.05284,0.05284,0.01045,-0.04239
sd08-b075,sis-p10,4,0.06202,0.06218,0.01269,-0.04949
sd08-b075,sis-p10,5,0.06979,0.06998,0.01431,-0.05567
sd08-b075,sis-p10,7,0.08261,0.08268,0.01733,-0.06536
sd08-b075,sis-p10,9,0.09307,0.09320,0.01965,-0.07355
sd08-b075,sis-p10,10,0.09770,0.09783,0.02058,-0.07725
sd08-b075,sis-p10,13,0.10982,0.11009,0.02362,-0.08647
sd08-b075,sis-p10,18,0.12615,0.12658,0.02765,-0.09893
sd08-b075,sis-p10,25,0.14415,0.14476,0.03224,-0.11252
sd08-b075,sis-p10,34,0.16249,0.16315,0.03734,-0.12581
sd08-b075,sis-p10,47,0.18345,0.18402,0.04346,-0.14057
sd08-b075,sis-p10,65,0.20628,0.20684,0.05059,-0.15625
sd08-b075,sis-p10,90,0.23117,0.23182,0.05894,-0.17288
sd08-b075,sis-p10,100,0.23968,0.24036,0.06168,-0.17868
sd08-b075,sis-p10,124,0.25778,0.25829,0.06818,-0.19011
sd08-b075,sis-p10,171,0.28672,0.28740,0.07885,-0.20855
sd08-b075,sis-p10,236,0.31819,0.31891,0.09157,-0.22734
sd08-b075,sis-p10,325,0.35207,0.35259,0.10658,-0.24601
sd08-b075,sis-p10,448,0.38891,0.38926,0.12383,-0.26543
sd08-b075,sis-p10,618,0.42893,0.42911,0.14583,-0.28328
sd08-b075,sis-p10,852,0.47222,0.47234,0.17154,-0.30080
sd08-b075,sis-p10,1000,0.49515,0.49504,0.18650,-0.30854
sd08-b075,sis-p10,1174,0.51906,0.51890,0.20290,-0.31600
sd08-b075,sis-p10,1619,0.56995,0.56979,0.24342,-0.32637
sd08-b075,sis-p10,2233,0.62513,0.62465,0.29431,-0.33034
sd08-b075,sis-p10,3079,0.68487,0.68393,0.35956,-0.32437
sd08-b075,sis-p10,4245,0.74959,0.74819,0.44231,-0.30588
sd08-b075,sis-p10,5854,0.81978,0.81730,0.52484,-0.29246
sd08-b075,sis-p10,8072,0.89581,0.89178,0.58789,-0.30388
sd08-b075,sis-p10,10000,0.95000,0.94354,0.61044,-0.33310
sd08-b075,sis-p10,11130,0.95000,0.94354,0.61682,-0.32672
sd08-b075,sis-p10,15348,0.95000,0.94354,0.62355,-0.31999
sd08-b075,sis-p10,21163,0.95000,0.94354,0.62437,-0.31917
sd08-b075,sis-p10,29182,0.95000,0.94354,0.62441,-0.31913
sd08-b075,sis-p10,40239,0.95000,0.94354,0.62441,-0.31913
sd08-b075,sis-p10,55486,0.95000,0.94354,0.62441,-0.31913
sd08-b075,sis-p10,76510,0.95000,0.94354,0.62441,-0.31913
sd08-b075,sis-p10,105501,0.95000,0.94354,0.62441,-0.31913
sd08-b075,sis-p10,145476,0.95000,0.94354,0.62441,-0.31913
sd08-b075,sis-p10,200598,0.95000,0.94354,0.62441,-0.31913
sd08-b075,sis-p10,276605,0.95000,0.94354,0.62441,-0.31913
sd08-b075,sis-p10,381413,0.95000,0.94354,0.62441,-0.31913
sd08-b075,sis-p10,525933,0.95000,0.94354,0.62441,-0.31913
sd08-b075,sis-p10,725212,0.95000,0.94354,0.62441,-0.31913
sd08-b075,sis-p10,1000000,0.95000,0.94354,0.62441,-0.31913
sd08-b075,sis-p20,1,0.02599,0.02598,0.00825,-0.01773
sd08-b075,sis-p20,2,0.04144,0.04154,0.01332,-0.02822
sd08-b075,sis-p20,3,0.05284,0.05284,0.01723,-0.03560
sd08-b075,sis-p20,4,0.06202,0.06218,0.02027,-0.04190
sd08-b075,sis-p20,5,0.06979,0.06998,0.02313,-0.04685
sd08-b075,sis-p20,7,0.08261,0.08268,0.02762,-0.05506
sd08-b075,sis-p20,9,0.09307,0.09320,0.03146,-0.06174
sd08-b075,sis-p20,10,0.09770,0.09783,0.03302,-0.06481
sd08-b075,sis-p20,13,0.10982,0.11009,0.03766,-0.07243
sd08-b075,sis-p20,18,0.12615,0.12658,0.04374,-0.08284
sd08-b075,sis-p20,25,0.14415,0.14476,0.05095,-0.09381
sd08-b075,sis-p20,34,0.16249,0.16315,0.05843,-0.10471
sd08-b075,sis-p20,47,0.18345,0.18402,0.06757,-0.11645
sd08-b075,sis-p20,65,0.20628,0.20684,0.07787,-0.12896
sd08-b075,sis-p20,90,0.23117,0.23182,0.08935,-0.14246
sd08-b075,sis-p20,100,0.23968,0.24036,0.09332,-0.14704
sd08-b075,sis-p20,124,0.25778,0.25829,0.10217,-0.15611
sd08-b075,sis-p20,171,0.28672,0.28740,0.11719,-0.17021
sd08-b075,sis-p20,236,0.31819,0.31891,0.13405,-0.18486
sd08-b075,sis-p20,325,0.35207,0.35259,0.15313,-0.19946
sd08-b075,sis-p20,448,0.38891,0.38926,0.17594,-0.21332
sd08-b075,sis-p20,618,0.42893,0.42911,0.20296,-0.22615
sd08-b075,sis-p20,852,0.47222,0.47234,0.23447,-0.23787
sd08-b075,sis-p20,1000,0.49515,0.49504,0.25215,-0.24289
sd08-b075,sis-p20,1174,0.51906,0.51890,0.27102,-0.24788
sd08-b075,sis-p20,1619,0.56995,0.56979,0.31611,-0.25368
sd08-b075,sis-p20,2233,0.62513,0.62465,0.36965,-0.25500
sd08-b075,sis-p20,3079,0.68487,0.68393,0.43627,-0.24766
sd08-b075,sis-p20,4245,0.74959,0.74819,0.51727,-0.23092
sd08-b075,sis-p20,5854,0.81978,0.81730,0.61896,-0.19835
sd08-b075,sis-p20,8072,0.89581,0.89178,0.71617,-0.17561
sd08-b075,sis-p20,10000,0.95000,0.94354,0.75182,-0.19172
sd08-b075,sis-p20,11130,0.95000,0.94354,0.76047,-0.18307
sd08-b075,sis-p20,15348,0.95000,0.94354,0.76841,-0.17513
sd08-b075,sis-p20,21163,0.95000,0.94354,0.76885,-0.17469
sd08-b075,sis-p20,29182,0.95000,0.94354,0.76887,-0.17467
sd08-b075,sis-p20,40239,0.95000,0.94354,0.76887,-0.17467
sd08-b075,sis-p20,55486,0.95000,0.94354,0.76887,-0.17467
sd08-b075,sis-p20,76510,0.95000,0.94354,0.76887,-0.17467
sd08-b075,sis-p20,105501,0.95000,0.94354,0.76887,-0.17467
sd08-b075,sis-p20,145476,0.95000,0.94354,0.76887,-0.17467
sd08-b075,sis-p20,200598,0.95000,0.94354,0.76887,-0.17467
sd08-b075,sis-p20,276605,0.95000,0.94354,0.76887,-0.17467
sd08-b075,sis-p20,381413,0.95000,0.94354,0.76887,-0.17467
sd08-b075,sis-p20,525933,0.95000,0.94354,0.76887,-0.17467
sd08-b075,sis-p20,725212,0.95000,0.94354,0.76887,-0.17467
sd08-b075,sis-p20,1000000,0.95000,0.94354,0.76887,-0.17467
sd08-b075,jan-p01-t1k,1,0.02599,0.02598,0.02530,-0.00068
sd08-b075,jan-p01-t1k,2,0.04144,0.04154,0.04180,0.00026
sd08-b075,jan-p01-t1k,3,0.05284,0.05284,0.05300,0.00016
sd08-b075,jan-p01-t1k,4,0.06202,0.06218,0.06300,0.00082
sd08-b075,jan-p01-t1k,5,0.06979,0.06998,0.07090,0.00092
sd08-b075,jan-p01-t1k,7,0.08261,0.08268,0.08210,-0.00058
sd08-b075,jan-p01-t1k,9,0.09307,0.09320,0.09370,0.00050
sd08-b075,jan-p01-t1k,10,0.09770,0.09783,0.09960,0.00177
sd08-b075,jan-p01-t1k,13,0.10982,0.11009,0.11130,0.00121
sd08-b075,jan-p01-t1k,18,0.12615,0.12658,0.12710,0.00052
sd08-b075,jan-p01-t1k,25,0.14415,0.14476,0.14510,0.00034
sd08-b075,jan-p01-t1k,34,0.16249,0.16315,0.16150,-0.00165
sd08-b075,jan-p01-t1k,47,0.18345,0.18402,0.18210,-0.00192
sd08-b075,jan-p01-t1k,65,0.20628,0.20684,0.20430,-0.00254
sd08-b075,jan-p01-t1k,90,0.23117,0.23182,0.22690,-0.00492
sd08-b075,jan-p01-t1k,100,0.23968,0.24036,0.23410,-0.00626
sd08-b075,jan-p01-t1k,124,0.25778,0.25829,0.24950,-0.00879
sd08-b075,jan-p01-t1k,171,0.28672,0.28740,0.27190,-0.01550
sd08-b075,jan-p01-t1k,236,0.31819,0.31891,0.29390,-0.02501
sd08-b075,jan-p01-t1k,325,0.35207,0.35259,0.31530,-0.03729
sd08-b075,jan-p01-t1k,448,0.38891,0.38926,0.33390,-0.05536
sd08-b075,jan-p01-t1k,618,0.42893,0.42911,0.34870,-0.08041
sd08-b075,jan-p01-t1k,852,0.47222,0.47234,0.35540,-0.11694
sd08-b075,jan-p01-t1k,1000,0.49515,0.49504,0.35960,-0.13544
sd08-b075,jan-p01-t1k,1174,0.51906,0.51890,0.36400,-0.15490
sd08-b075,jan-p01-t1k,1619,0.56995,0.56979,0.37060,-0.19919
sd08-b075,jan-p01-t1k,2233,0.62513,0.62465,0.37550,-0.24915
sd08-b075,jan-p01-t1k,3079,0.68487,0.68393,0.37760,-0.30633
sd08-b075,jan-p01-t1k,4245,0.74959,0.74819,0.37840,-0.36979
sd08-b075,jan-p01-t1k,5854,0.81978,0.81730,0.37870,-0.43860
sd08-b075,jan-p01-t1k,8072,0.89581,0.89178,0.37870,-0.51308
sd08-b075,jan-p01-t1k,10000,0.95000,0.94354,0.37870,-0.56484
sd08-b075,jan-p01-t1k,11130,0.95000,0.94354,0.37870,-0.56484
sd08-b075,jan-p01-t1k,15348,0.95000,0.94354,0.37870,-0.56484
sd08-b075,jan-p01-t1k,21163,0.95000,0.94354,0.37870,-0.56484
sd08-b075,jan-p01-t1k,29182,0.95000,0.94354,0.37870,-0.56484
sd08-b075,jan-p01-t1k,40239,0.95000,0.94354,0.37870,-0.56484
sd08-b075,jan-p01-t1k,55486,0.95000,0.94354,0.37870,-0.56484
sd08-b075,jan-p01-t1k,76510,0.95000,0.94354,0.37870,-0.56484
sd08-b075,jan-p01-t1k,105501,0.95000,0.94354,0.37870,-0.56484
sd08-b075,jan-p01-t1k,145476,0.95000,0.94354,0.37870,-0.56484
sd08-b075,jan-p01-t1k,200598,0.95000,0.94354,0.37870,-0.56484
sd08-b075,jan-p01-t1k,276605,0.95000,0.94354,0.37870,-0.56484
sd08-b075,jan-p01-t1k,381413,0.95000,0.94354,0.37870,-0.56484
sd08-b075,jan-p01-t1k,525933,0.95000,0.94354,0.37870,-0.56484
sd08-b075,jan-p01-t1k,725212,0.95000,0.94354,0.37870,-0.56484
sd08-b075,jan-p01-t1k,1000000,0.95000,0.94354,0.37870,-0.56484
sd08-b075,jan-p10-t1k,1,0.02599,0.02598,0.02652,0.00054
sd08-b075,jan-p10-t1k,2,0.04144,0.04154,0.04212,0.00058
sd08-b075,jan-p10-t1k,3,0.05284,0.05284,0.05350,0.00066
sd08-b075,jan-p10-t1k,4,0.06202,0.06218,0.06334,0.00116
sd08-b075,jan-p10-t1k,5,0.06979,0.06998,0.07121,0.00123
sd08-b075,jan-p10-t1k,7,0.08261,0.08268,0.08328,0.00060
sd08-b075,jan-p10-t1k,9,0.09307,0.09320,0.09371,0.00051
sd08-b075,jan-p10-t1k,10,0.09770,0.09783,0.09881,0.00098
sd08-b075,jan-p10-t1k,13,0.10982,0.11009,0.11091,0.00082
sd08-b075,jan-p10-t1k,18,0.12615,0.12658,0.12750,0.00092
sd08-b075,jan-p10-t1k,25,0.14415,0.14476,0.14548,0.00072
sd08-b075,jan-p10-t1k,34,0.16249,0.16315,0.16317,0.00002
sd08-b075,jan-p10-t1k,47,0.18345,0.18402,0.18294,-0.00109
sd08-b075,jan-p10-t1k,65,0.20628,0.20684,0.20464,-0.00220
sd08-b075,jan-p10-t1k,90,0.23117,0.23182,0.22707,-0.00475
sd08-b075,jan-p10-t1k,100,0.23968,0.24036,0.23471,-0.00565
sd08-b075,jan-p10-t1k,124,0.25778,0.25829,0.24974,-0.00855
sd08-b075,jan-p10-t1k,171,0.28672,0.28740,0.27408,-0.01332
sd08-b075,jan-p10-t1k,236,0.31819,0.31891,0.29821,-0.02070
sd08-b075,jan-p10-t1k,325,0.35207,0.35259,0.32207,-0.03052
sd08-b075,jan-p10-t1k,448,0.38891,0.38926,0.34447,-0.04479
sd08-b075,jan-p10-t1k,618,0.42893,0.42911,0.36401,-0.06510
sd08-b075,jan-p10-t1k,852,0.47222,0.47234,0.38157,-0.09077
sd08-b075,jan-p10-t1k,1000,0.49515,0.49504,0.39271,-0.10233
sd08-b075,jan-p10-t1k,1174,0.51906,0.51890,0.40382,-0.11508
sd08-b075,jan-p10-t1k,1619,0.56995,0.56979,0.43176,-0.13803
sd08-b075,jan-p10-t1k,2233,0.62513,0.62465,0.46668,-0.15797
sd08-b075,jan-p10-t1k,3079,0.68487,0.68393,0.51327,-0.17066
sd08-b075,jan-p10-t1k,4245,0.74959,0.74819,0.56715,-0.18104
sd08-b075,jan-p10-t1k,5854,0.81978,0.81730,0.61676,-0.20054
sd08-b075,jan-p10-t1k,8072,0.89581,0.89178,0.65043,-0.24135
sd08-b075,jan-p10-t1k,10000,0.95000,0.94354,0.66256,-0.28098
sd08-b075,jan-p10-t1k,11130,0.95000,0.94354,0.66582,-0.27772
sd08-b075,jan-p10-t1k,15348,0.95000,0.94354,0.66974,-0.27380
sd08-b075,jan-p10-t1k,21163,0.95000,0.94354,0.67012,-0.27342
sd08-b075,jan-p10-t1k,29182,0.95000,0.94354,0.67014,-0.27340
sd08-b075,jan-p10-t1k,40239,0.95000,0.94354,0.67014,-0.27340
sd08-b075,jan-p10-t1k,55486,0.95000,0.94354,0.67014,-0.27340
sd08-b075,jan-p10-t1k,76510,0.95000,0.94354,0.67014,-0.27340
sd08-b075,jan-p10-t1k,105501,0.95000,0.94354,0.67014,-0.27340
sd08-b075,jan-p10-t1k,145476,0.95000,0.94354,0.67014,-0.27340
sd08-b075,jan-p10-t1k,200598,0.95000,0.94354,0.67014,-0.27340
sd08-b075,jan-p10-t1k,276605,0.95000,0.94354,0.67014,-0.27340
sd08-b075,jan-p10-t1k,381413,0.95000,0.94354,0.67014,-0.27340
sd08-b075,jan-p10-t1k,525933,0.95000,0.94354,0.67014,-0.27340
sd08-b075,jan-p10-t1k,725212,0.95000,0.94354,0.67014,-0.27340
sd08-b075,jan-p10-t1k,1000000,0.95000,0.94354,0.67014,-0.27340
sd08-b075,jan-p20-t1k,1,0.02599,0.02598,0.02627,0.00029
sd08-b075,jan-p20-t1k,2,0.04144,0.04154,0.04158,0.00004
sd08-b075,jan-p20-t1k,3,0.05284,0.05284,0.05266,-0.00018
sd08-b075,jan-p20-t1k,4,0.06202,0.06218,0.06214,-0.00004
sd08-b075,jan-p20-t1k,5,0.06979,0.06998,0.06978,-0.00021
sd08-b075,jan-p20-t1k,7,0.08261,0.08268,0.08232,-0.00036
sd08-b075,jan-p20-t1k,9,0.09307,0.09320,0.09266,-0.00054
sd08-b075,jan-p20-t1k,10,0.09770,0.09783,0.09753,-0.00030
sd08-b075,jan-p20-t1k,13,0.10982,0.11009,0.10946,-0.00063
sd08-b075,jan-p20-t1k,18,0.12615,0.12658,0.12565,-0.00093
sd08-b075,jan-p20-t1k,25,0.14415,0.14476,0.14375,-0.00101
sd08-b075,jan-p20-t1k,34,0.16249,0.16315,0.16149,-0.00165
sd08-b075,jan-p20-t1k,47,0.18345,0.18402,0.18140,-0.00263
sd08-b075,jan-p20-t1k,65,0.20628,0.20684,0.20272,-0.00411
sd08-b075,jan-p20-t1k,90,0.23117,0.23182,0.22531,-0.00650
sd08-b075,jan-p20-t1k,100,0.23968,0.24036,0.23306,-0.00729
sd08-b075,jan-p20-t1k,124,0.25778,0.25829,0.24890,-0.00938
sd08-b075,jan-p20-t1k,171,0.28672,0.28740,0.27379,-0.01361
sd08-b075,jan-p20-t1k,236,0.31819,0.31891,0.29869,-0.02022
sd08-b075,jan-p20-t1k,325,0.35207,0.35259,0.32388,-0.02871
sd08-b075,jan-p20-t1k,448,0.38891,0.38926,0.34803,-0.04123
sd08-b075,jan-p20-t1k,618,0.42893,0.42911,0.37101,-0.05810
sd08-b075,jan-p20-t1k,852,0.47222,0.47234,0.39395,-0.07838
sd08-b075,jan-p20-t1k,1000,0.49515,0.49504,0.40708,-0.08796
sd08-b075,jan-p20-t1k,1174,0.51906,0.51890,0.42129,-0.09761
sd08-b075,jan-p20-t1k,1619,0.56995,0.56979,0.45353,-0.11626
sd08-b075,jan-p20-t1k,2233,0.62513,0.62465,0.49356,-0.13108
sd08-b075,jan-p20-t1k,3079,0.68487,0.68393,0.54255,-0.14138
sd08-b075,jan-p20-t1k,4245,0.74959,0.74819,0.60492,-0.14327
sd08-b075,jan-p20-t1k,5854,0.81978,0.81730,0.68377,-0.13353
sd08-b075,jan-p20-t1k,8072,0.89581,0.89178,0.74626,-0.14551
sd08-b075,jan-p20-t1k,10000,0.95000,0.94354,0.77053,-0.17302
sd08-b075,jan-p20-t1k,11130,0.95000,0.94354,0.77680,-0.16675
sd08-b075,jan-p20-t1k,15348,0.95000,0.94354,0.78292,-0.16063
sd08-b075,jan-p20-t1k,21163,0.95000,0.94354,0.78346,-0.16008
sd08-b075,jan-p20-t1k,29182,0.95000,0.94354,0.78347,-0.16007
sd08-b075,jan-p20-t1k,40239,0.95000,0.94354,0.78347,-0.16007
sd08-b075,jan-p20-t1k,55486,0.95000,0.94354,0.78347,-0.16007
sd08-b075,jan-p20-t1k,76510,0.95000,0.94354,0.78347,-0.16007
sd08-b075,jan-p20-t1k,105501,0.95000,0.94354,0.78347,-0.16007
sd08-b075,jan-p20-t1k,145476,0.95000,0.94354,0.78347,-0.16007
sd08-b075,jan-p20-t1k,200598,0.95000,0.94354,0.78347,-0.16007
sd08-b075,jan-p20-t1k,276605,0.95000,0.94354,0.78347,-0.16007
sd08-b075,jan-p20-t1k,381413,0.95000,0.94354,0.78347,-0.16007
sd08-b075,jan-p20-t1k,525933,0.95000,0.94354,0.78347,-0.16007
sd08-b075,jan-p20-t1k,725212,0.95000,0.94354,0.78347,-0.16007
sd08-b075,jan-p20-t1k,1000000,0.95000,0.94354,0.78347,-0.16007
sd08-b075,jan-p01-t10k,1,0.02599,0.02598,0.02240,-0.00358
sd08-b075,jan-p01-t10k,2,0.04144,0.04154,0.03700,-0.00454
sd08-b075,jan-p01-t10k,3,0.05284,0.05284,0.04790,-0.00494
sd08-b075,jan-p01-t10k,4,0.06202,0.06218,0.05760,-0.00458
sd08-b075,jan-p01-t10k,5,0.06979,0.06998,0.06390,-0.00608
sd08-b075,jan-p01-t10k,7,0.08261,0.08268,0.07590,-0.00678
sd08-b075,jan-p01-t10k,9,0.09307,0.09320,0.08570,-0.00750
sd08-b075,jan-p01-t10k,10,0.09770,0.09783,0.09110,-0.00673
sd08-b075,jan-p01-t10k,13,0.10982,0.11009,0.10590,-0.00419
sd08-b075,jan-p01-t10k,18,0.12615,0.12658,0.12040,-0.00618
sd08-b075,jan-p01-t10k,25,0.14415,0.14476,0.13840,-0.00636
sd08-b075,jan-p01-t10k,34,0.16249,0.16315,0.15760,-0.00555
sd08-b075,jan-p01-t10k,47,0.18345,0.18402,0.18010,-0.00392
sd08-b075,jan-p01-t10k,65,0.20628,0.20684,0.20300,-0.00384
sd08-b075,jan-p01-t10k,90,0.23117,0.23182,0.22550,-0.00632
sd08-b075,jan-p01-t10k,100,0.23968,0.24036,0.23410,-0.00626
sd08-b075,jan-p01-t10k,124,0.25778,0.25829,0.25050,-0.00779
sd08-b075,jan-p01-t10k,171,0.28672,0.28740,0.28060,-0.00680
sd08-b075,jan-p01-t10k,236,0.31819,0.31891,0.31310,-0.00581
sd08-b075,jan-p01-t10k,325,0.35207,0.35259,0.34370,-0.00889
sd08-b075,jan-p01-t10k,448,0.38891,0.38926,0.37930,-0.00996
sd08-b075,jan-p01-t10k,618,0.42893,0.42911,0.41460,-0.01451
sd08-b075,jan-p01-t10k,852,0.47222,0.47234,0.45370,-0.01864
sd08-b075,jan-p01-t10k,1000,0.49515,0.49504,0.47430,-0.02074
sd08-b075,jan-p01-t10k,1174,0.51906,0.51890,0.49420,-0.02470
sd08-b075,jan-p01-t10k,1619,0.56995,0.56979,0.53160,-0.03819
sd08-b075,jan-p01-t10k,2233,0.62513,0.62465,0.56580,-0.05885
sd08-b075,jan-p01-t10k,3079,0.68487,0.68393,0.59090,-0.09303
sd08-b075,jan-p01-t10k,4245,0.74959,0.74819,0.60030,-0.14789
sd08-b075,jan-p01-t10k,5854,0.81978,0.81730,0.60030,-0.21701
sd08-b075,jan-p01-t10k,8072,0.89581,0.89178,0.60030,-0.29148
sd08-b075,jan-p01-t10k,10000,0.95000,0.94354,0.60030,-0.34324
sd08-b075,jan-p01-t10k,11130,0.95000,0.94354,0.60030,-0.34324
sd08-b075,jan-p01-t10k,15348,0.95000,0.94354,0.60030,-0.34324
sd08-b075,jan-p01-t10k,21163,0.95000,0.94354,0.60030,-0.34324
sd08-b075,jan-p01-t10k,29182,0.95000,0.94354,0.60030,-0.34324
sd08-b075,jan-p01-t10k,40239,0.95000,0.94354,0.60030,-0.34324
sd08-b075,jan-p01-t10k,55486,0.95000,0.94354,0.60030,-0.34324
sd08-b075,jan-p01-t10k,76510,0.95000,0.94354,0.60030,-0.34324
sd08-b075,jan-p01-t10k,105501,0.95000,0.94354,0.60030,-0.34324
sd08-b075,jan-p01-t10k,145476,0.95000,0.94354,0.60030,-0.34324
sd08-b075,jan-p01-t10k,200598,0.95000,0.94354,0.60030,-0.34324
sd08-b075,jan-p01-t10k,276605,0.95000,0.94354,0.60030,-0.34324
sd08-b075,jan-p01-t10k,381413,0.95000,0.94354,0.60030,-0.34324
sd08-b075,jan-p01-t10k,525933,0.95000,0.94354,0.60030,-0.34324
sd08-b075,jan-p01-t10k,725212,0.95000,0.94354,0.60030,-0.34324
sd08-b075,jan-p01-t10k,1000000,0.95000,0.94354,0.60030,-0.34324
sd08-b075,jan-p10-t10k,1,0.02599,0.02598,0.02503,-0.00095
sd08-b075,jan-p10-t10k,2,0.04144,0.04154,0.04058,-0.00096
sd08-b075,jan-p10-t10k,3,0.05284,0.05284,0.05205,-0.00079
sd08-b075,jan-p10-t10k,4,0.06202,0.06218,0.06126,-0.00092
sd08-b075,jan-p10-t10k,5,0.06979,0.06998,0.06898,-0.00100
sd08-b075,jan-p10-t10k,7,0.08261,0.08268,0.08177,-0.00091
sd08-b075,jan-p10-t10k,9,0.09307,0.09320,0.09296,-0.00024
sd08-b075,jan-p10-t10k,10,0.09770,0.09783,0.09786,0.00003
sd08-b075,jan-p10-t10k,13,0.10982,0.11009,0.11005,-0.00004
sd08-b075,jan-p10-t10k,18,0.12615,0.12658,0.12643,-0.00015
sd08-b075,jan-p10-t10k,25,0.14415,0.14476,0.14511,0.00035
sd08-b075,jan-p10-t10k,34,0.16249,0.16315,0.16358,0.00043
sd08-b075,jan-p10-t10k,47,0.18345,0.18402,0.18466,0.00063
sd08-b075,jan-p10-t10k,65,0.20628,0.20684,0.20765,0.00081
sd08-b075,jan-p10-t10k,90,0.23117,0.23182,0.23157,-0.00025
sd08-b075,jan-p10-t10k,100,0.23968,0.24036,0.23979,-0.00057
sd08-b075,jan-p10-t10k,124,0.25778,0.25829,0.25771,-0.00058
sd08-b075,jan-p10-t10k,171,0.28672,0.28740,0.28631,-0.00109
sd08-b075,jan-p10-t10k,236,0.31819,0.31891,0.31747,-0.00144
sd08-b075,jan-p10-t10k,325,0.35207,0.35259,0.34893,-0.00366
sd08-b075,jan-p10-t10k,448,0.38891,0.38926,0.38461,-0.00465
sd08-b075,jan-p10-t10k,618,0.42893,0.42911,0.42098,-0.00813
sd08-b075,jan-p10-t10k,852,0.47222,0.47234,0.46030,-0.01204
sd08-b075,jan-p10-t10k,1000,0.49515,0.49504,0.48050,-0.01454
sd08-b075,jan-p10-t10k,1174,0.51906,0.51890,0.50063,-0.01827
sd08-b075,jan-p10-t10k,1619,0.56995,0.56979,0.54311,-0.02668
sd08-b075,jan-p10-t10k,2233,0.62513,0.62465,0.58484,-0.03981
sd08-b075,jan-p10-t10k,3079,0.68487,0.68393,0.62568,-0.05825
sd08-b075,jan-p10-t10k,4245,0.74959,0.74819,0.66028,-0.08791
sd08-b075,jan-p10-t10k,5854,0.81978,0.81730,0.69158,-0.12572
sd08-b075,jan-p10-t10k,8072,0.89581,0.89178,0.70994,-0.18184
sd08-b075,jan-p10-t10k,10000,0.95000,0.94354,0.71613,-0.22741
sd08-b075,jan-p10-t10k,11130,0.95000,0.94354,0.71781,-0.22573
sd08-b075,jan-p10-t10k,15348,0.95000,0.94354,0.71976,-0.22378
sd08-b075,jan-p10-t10k,21163,0.95000,0.94354,0.71991,-0.22363
sd08-b075,jan-p10-t10k,29182,0.95000,0.94354,0.71991,-0.22363
sd08-b075,jan-p10-t10k,40239,0.95000,0.94354,0.71991,-0.22363
sd08-b075,jan-p10-t10k,55486,0.95000,0.94354,0.71991,-0.22363
sd08-b075,jan-p10-t10k,76510,0.95000,0.94354,0.71991,-0.22363
sd08-b075,jan-p10-t10k,105501,0.95000,0.94354,0.71991,-0.22363
sd08-b075,jan-p10-t10k,145476,0.95000,0.94354,0.71991,-0.22363
sd08-b075,jan-p10-t10k,200598,0.95000,0.94354,0.71991,-0.22363
sd08-b075,jan-p10-t10k,276605,0.95000,0.94354,0.71991,-0.22363
sd08-b075,jan-p10-t10k,381413,0.95000,0.94354,0.71991,-0.22363
sd08-b075,jan-p10-t10k,525933,0.95000,0.94354,0.71991,-0.22363
sd08-b075,jan-p10-t10k,725212,0.95000,0.94354,0.71991,-0.22363
sd08-b075,jan-p10-t10k,1000000,0.95000,0.94354,0.71991,-0.22363
sd08-b075,jan-p20-t10k,1,0.02599,0.02598,0.02559,-0.00039
sd08-b075,jan-p20-t10k,2,0.04144,0.04154,0.04163,0.00008
sd08-b075,jan-p20-t10k,3,0.05284,0.05284,0.05300,0.00016
sd08-b075,jan-p20-t10k,4,0.06202,0.06218,0.06218,0.00001
sd08-b075,jan-p20-t10k,5,0.06979,0.06998,0.06986,-0.00012
sd08-b075,jan-p20-t10k,7,0.08261,0.08268,0.08238,-0.00030
sd08-b075,jan-p20-t10k,9,0.09307,0.09320,0.09338,0.00018
sd08-b075,jan-p20-t10k,10,0.09770,0.09783,0.09811,0.00028
sd08-b075,jan-p20-t10k,13,0.10982,0.11009,0.11016,0.00007
sd08-b075,jan-p20-t10k,18,0.12615,0.12658,0.12698,0.00039
sd08-b075,jan-p20-t10k,25,0.14415,0.14476,0.14555,0.00079
sd08-b075,jan-p20-t10k,34,0.16249,0.16315,0.16388,0.00073
sd08-b075,jan-p20-t10k,47,0.18345,0.18402,0.18460,0.00057
sd08-b075,jan-p20-t10k,65,0.20628,0.20684,0.20769,0.00085
sd08-b075,jan-p20-t10k,90,0.23117,0.23182,0.23222,0.00040
sd08-b075,jan-p20-t10k,100,0.23968,0.24036,0.24073,0.00037
sd08-b075,jan-p20-t10k,124,0.25778,0.25829,0.25869,0.00040
sd08-b075,jan-p20-t10k,171,0.28672,0.28740,0.28700,-0.00041
sd08-b075,jan-p20-t10k,236,0.31819,0.31891,0.31773,-0.00118
sd08-b075,jan-p20-t10k,325,0.35207,0.35259,0.34935,-0.00324
sd08-b075,jan-p20-t10k,448,0.38891,0.38926,0.38454,-0.00472
sd08-b075,jan-p20-t10k,618,0.42893,0.42911,0.42196,-0.00715
sd08-b075,jan-p20-t10k,852,0.47222,0.47234,0.46208,-0.01026
sd08-b075,jan-p20-t10k,1000,0.49515,0.49504,0.48256,-0.01248
sd08-b075,jan-p20-t10k,1174,0.51906,0.51890,0.50370,-0.01520
sd08-b075,jan-p20-t10k,1619,0.56995,0.56979,0.54771,-0.02208
sd08-b075,jan-p20-t10k,2233,0.62513,0.62465,0.59205,-0.03259
sd08-b075,jan-p20-t10k,3079,0.68487,0.68393,0.63845,-0.04548
sd08-b075,jan-p20-t10k,4245,0.74959,0.74819,0.68810,-0.06009
sd08-b075,jan-p20-t10k,5854,0.81978,0.81730,0.74079,-0.07651
sd08-b075,jan-p20-t10k,8072,0.89581,0.89178,0.78099,-0.11079
sd08-b075,jan-p20-t10k,10000,0.95000,0.94354,0.79546,-0.14808
sd08-b075,jan-p20-t10k,11130,0.95000,0.94354,0.79932,-0.14422
sd08-b075,jan-p20-t10k,15348,0.95000,0.94354,0.80354,-0.14000
sd08-b075,jan-p20-t10k,21163,0.95000,0.94354,0.80399,-0.13955
sd08-b075,jan-p20-t10k,29182,0.95000,0.94354,0.80400,-0.13954
sd08-b075,jan-p20-t10k,40239,0.95000,0.94354,0.80400,-0.13954
sd08-b075,jan-p20-t10k,55486,0.95000,0.94354,0.80400,-0.13954
sd08-b075,jan-p20-t10k,76510,0.95000,0.94354,0.80400,-0.13954
sd08-b075,jan-p20-t10k,105501,0.95000,0.94354,0.80400,-0.13954
sd08-b075,jan-p20-t10k,145476,0.95000,0.94354,0.80400,-0.13954
sd08-b075,jan-p20-t10k,200598,0.95000,0.94354,0.80400,-0.13954
sd08-b075,jan-p20-t10k,276605,0.95000,0.94354,0.80400,-0.13954
sd08-b075,jan-p20-t10k,381413,0.95000,0.94354,0.80400,-0.13954
sd08-b075,jan-p20-t10k,525933,0.95000,0.94354,0.80400,-0.13954
sd08-b075,jan-p20-t10k,725212,0.95000,0.94354,0.80400,-0.13954
sd08-b075,jan-p20-t10k,1000000,0.95000,0.94354,0.80400,-0.13954
sd09-b050,completa,1,0.00478,0.00488,0.00488,0.00000
sd09-b050,completa,2,0.00817,0.00824,0.00824,0.00000
sd09-b050,completa,3,0.01093,0.01109,0.01109,0.00000
sd09-b050,completa,4,0.01332,0.01353,0.01353,0.00000
sd09-b050,completa,5,0.01546,0.01562,0.01562,0.00000
sd09-b050,completa,7,0.01922,0.01924,0.01924,0.00000
sd09-b050,completa,9,0.02251,0.02259,0.02259,0.00000
sd09-b050,completa,10,0.02402,0.02411,0.02411,0.00000
sd09-b050,completa,13,0.02818,0.02816,0.02816,0.00000
sd09-b050,completa,18,0.03417,0.03424,0.03424,0.00000
sd09-b050,completa,25,0.04134,0.04145,0.04145,0.00000
sd09-b050,completa,34,0.04922,0.04923,0.04923,0.00000
sd09-b050,completa,47,0.05897,0.05912,0.05912,0.00000
sd09-b050,completa,65,0.07046,0.07062,0.07062,0.00000
sd09-b050,completa,90,0.08405,0.08414,0.08414,0.00000
sd09-b050,completa,100,0.08895,0.08909,0.08909,0.00000
sd09-b050,completa,124,0.09979,0.10000,0.10000,0.00000
sd09-b050,completa,171,0.11833,0.11870,0.11870,0.00000
sd09-b050,completa,236,0.14018,0.14071,0.14071,0.00000
sd09-b050,completa,325,0.16566,0.16632,0.16632,0.00000
sd09-b050,completa,448,0.19568,0.19612,0.19612,0.00000
sd09-b050,completa,618,0.23101,0.23159,0.23159,0.00000
sd09-b050,completa,852,0.27242,0.27296,0.27296,0.00000
sd09-b050,completa,1000,0.29571,0.29626,0.29626,0.00000
sd09-b050,completa,1174,0.32097,0.32156,0.32156,0.00000
sd09-b050,completa,1619,0.37812,0.37825,0.37825,0.00000
sd09-b050,completa,2233,0.44527,0.44496,0.44496,0.00000
sd09-b050,completa,3079,0.52406,0.52328,0.52328,0.00000
sd09-b050,completa,4245,0.61655,0.61518,0.61518,0.00000
sd09-b050,completa,5854,0.72523,0.72291,0.72291,0.00000
sd09-b050,completa,8072,0.85282,0.84837,0.84837,0.00000
sd09-b050,completa,10000,0.95000,0.94274,0.94274,0.00000
sd09-b050,completa,11130,0.95000,0.94274,0.94274,0.00000
sd09-b050,completa,15348,0.95000,0.94274,0.94274,0.00000
sd09-b050,completa,21163,0.95000,0.94274,0.94274,0.00000
sd09-b050,completa,29182,0.95000,0.94274,0.94274,0.00000
sd09-b050,completa,40239,0.95000,0.94274,0.94274,0.00000
sd09-b050,completa,55486,0.95000,0.94274,0.94274,0.00000
sd09-b050,completa,76510,0.95000,0.94274,0.94274,0.00000
sd09-b050,completa,105501,0.95000,0.94274,0.94274,0.00000
sd09-b050,completa,145476,0.95000,0.94274,0.94274,0.00000
sd09-b050,completa,200598,0.95000,0.94274,0.94274,0.00000
sd09-b050,completa,276605,0.95000,0.94274,0.94274,0.00000
sd09-b050,completa,381413,0.95000,0.94274,0.94274,0.00000
sd09-b050,completa,525933,0.95000,0.94274,0.94274,0.00000
sd09-b050,completa,725212,0.95000,0.94274,0.94274,0.00000
sd09-b050,completa,1000000,0.95000,0.94274,0.94274,0.00000
sd09-b050,sis-p01,1,0.00478,0.00488,0.00040,-0.00448
sd09-b050,sis-p01,2,0.00817,0.00824,0.00070,-0.00754
sd09-b050,sis-p01,3,0.01093,0.01109,0.00090,-0.01019
sd09-b050,sis-p01,4,0.01332,0.01353,0.00110,-0.01243
sd09-b050,sis-p01,5,0.01546,0.01562,0.00130,-0.01432
sd09-b050,sis-p01,7,0.01922,0.01924,0.00170,-0.01754
sd09-b050,sis-p01,9,0.02251,0.02259,0.00200,-0.02059
sd09-b050,sis-p01,10,0.02402,0.02411,0.00230,-0.02181
sd09-b050,sis-p01,13,0.02818,0.02816,0.00300,-0.02516
sd09-b050,sis-p01,18,0.03417,0.03424,0.00400,-0.03024
sd09-b050,sis-p01,25,0.04134,0.04145,0.00470,-0.03675
sd09-b050,sis-p01,34,0.04922,0.04923,0.00570,-0.04353
sd09-b050,sis-p01,47,0.05897,0.05912,0.00740,-0.05172
sd09-b050,sis-p01,65,0.07046,0.07062,0.00930,-0.06132
sd09-b050,sis-p01,90,0.08405,0.08414,0.01200,-0.07215
sd09-b050,sis-p01,100,0.08895,0.08909,0.01290,-0.07619
sd09-b050,sis-p01,124,0.09979,0.10000,0.01520,-0.08480
sd09-b050,sis-p01,171,0.11833,0.11870,0.02050,-0.09820
sd09-b050,sis-p01,236,0.14018,0.14071,0.02650,-0.11421
sd09-b050,sis-p01,325,0.16566,0.16632,0.03530,-0.13102
sd09-b050,sis-p01,448,0.19568,0.19612,0.04870,-0.14743
sd09-b050,sis-p01,618,0.23101,0.23159,0.06199,-0.16960
sd09-b050,sis-p01,852,0.27242,0.27296,0.07729,-0.19567
sd09-b050,sis-p01,1000,0.29571,0.29626,0.08499,-0.21127
sd09-b050,sis-p01,1174,0.32097,0.32156,0.09249,-0.22907
sd09-b050,sis-p01,1619,0.37812,0.37825,0.10819,-0.27006
sd09-b050,sis-p01,2233,0.44527,0.44496,0.12179,-0.32318
sd09-b050,sis-p01,3079,0.52406,0.52328,0.13279,-0.39049
sd09-b050,sis-p01,4245,0.61655,0.61518,0.13749,-0.47769
sd09-b050,sis-p01,5854,0.72523,0.72291,0.13869,-0.58422
sd09-b050,sis-p01,8072,0.85282,0.84837,0.13879,-0.70959
sd09-b050,sis-p01,10000,0.95000,0.94274,0.13879,-0.80395
sd09-b050,sis-p01,11130,0.95000,0.94274,0.13879,-0.80395
sd09-b050,sis-p01,15348,0.95000,0.94274,0.13879,-0.80395
sd09-b050,sis-p01,21163,0.95000,0.94274,0.13879,-0.80395
sd09-b050,sis-p01,29182,0.95000,0.94274,0.13879,-0.80395
sd09-b050,sis-p01,40239,0.95000,0.94274,0.13879,-0.80395
sd09-b050,sis-p01,55486,0.95000,0.94274,0.13879,-0.80395
sd09-b050,sis-p01,76510,0.95000,0.94274,0.13879,-0.80395
sd09-b050,sis-p01,105501,0.95000,0.94274,0.13879,-0.80395
sd09-b050,sis-p01,145476,0.95000,0.94274,0.13879,-0.80395
sd09-b050,sis-p01,200598,0.95000,0.94274,0.13879,-0.80395
sd09-b050,sis-p01,276605,0.95000,0.94274,0.13879,-0.80395
sd09-b050,sis-p01,381413,0.95000,0.94274,0.13879,-0.80395
sd09-b050,sis-p01,525933,0.95000,0.94274,0.13879,-0.80395
sd09-b050,sis-p01,725212,0.95000,0.94274,0.13879,-0.80395
sd09-b050,sis-p01,1000000,0.95000,0.94274,0.13879,-0.80395
sd09-b050,sis-p10,1,0.00478,0.00488,0.00133,-0.00355
sd09-b050,sis-p10,2,0.00817,0.00824,0.00268,-0.00556
sd09-b050,sis-p10,3,0.01093,0.01109,0.00359,-0.00750
sd09-b050,sis-p10,4,0.01332,0.01353,0.00431,-0.00922
sd09-b050,sis-p10,5,0.01546,0.01562,0.00507,-0.01055
sd09-b050,sis-p10,7,0.01922,0.01924,0.00627,-0.01297
sd09-b050,sis-p10,9,0.02251,0.02259,0.00713,-0.01546
sd09-b050,sis-p10,10,0.02402,0.02411,0.00767,-0.01644
sd09-b050,sis-p10,13,0.02818,0.02816,0.00920,-0.01896
sd09-b050,sis-p10,18,0.03417,0.03424,0.01136,-0.02288
sd09-b050,sis-p10,25,0.04134,0.04145,0.01397,-0.02748
sd09-b050,sis-p10,34,0.04922,0.04923,0.01690,-0.03233
sd09-b050,sis-p10,47,0.05897,0.05912,0.02047,-0.03865
sd09-b050,sis-p10,65,0.07046,0.07062,0.02478,-0.04584
sd09-b050,sis-p10,90,0.08405,0.08414,0.02992,-0.05423
sd09-b050,sis-p10,100,0.08895,0.08909,0.03173,-0.05736
sd09-b050,sis-p10,124,0.09979,0.10000,0.03617,-0.06383
sd09-b050,sis-p10,171,0.11833,0.11870,0.04381,-0.07489
sd09-b050,sis-p10,236,0.14018,0.14071,0.05308,-0.08763
sd09-b050,sis-p10,325,0.16566,0.16632,0.06465,-0.10167
sd09-b050,sis-p10,448,0.19568,0.19612,0.07951,-0.11661
sd09-b050,sis-p10,618,0.23101,0.23159,0.09784,-0.13375
sd09-b050,sis-p10,852,0.27242,0.27296,0.12267,-0.15029
sd09-b050,sis-p10,1000,0.29571,0.29626,0.13675,-0.15951
sd09-b050,sis-p10,1174,0.32097,0.32156,0.15256,-0.16900
sd09-b050,sis-p10,1619,0.37812,0.37825,0.19313,-0.18512
sd09-b050,sis-p10,2233,0.44527,0.44496,0.24689,-0.19808
sd09-b050,sis-p10,3079,0.52406,0.52328,0.31882,-0.20446
sd09-b050,sis-p10,4245,0.61655,0.61518,0.40740,-0.20778
sd09-b050,sis-p10,5854,0.72523,0.72291,0.49775,-0.22516
sd09-b050,sis-p10,8072,0.85282,0.84837,0.57223,-0.27614
sd09-b050,sis-p10,10000,0.95000,0.94274,0.60161,-0.34112
sd09-b050,sis-p10,11130,0.95000,0.94274,0.60972,-0.33301
sd09-b050,sis-p10,15348,0.95000,0.94274,0.61945,-0.32328
sd09-b050,sis-p10,21163,0.95000,0.94274,0.62045,-0.32228
sd09-b050,sis-p10,29182,0.95000,0.94274,0.62050,-0.32223
sd09-b050,sis-p10,40239,0.95000,0.94274,0.62050,-0.32223
sd09-b050,sis-p10,55486,0.95000,0.94274,0.62050,-0.32223
sd09-b050,sis-p10,76510,0.95000,0.94274,0.62050,-0.32223
sd09-b050,sis-p10,105501,0.95000,0.94274,0.62050,-0.32223
sd09-b050,sis-p10,145476,0.95000,0.94274,0.62050,-0.32223
sd09-b050,sis-p10,200598,0.95000,0.94274,0.62050,-0.32223
sd09-b050,sis-p10,276605,0.95000,0.94274,0.62050,-0.32223
sd09-b050,sis-p10,381413,0.95000,0.94274,0.62050,-0.32223
sd09-b050,sis-p10,525933,0.95000,0.94274,0.62050,-0.32223
sd09-b050,sis-p10,725212,0.95000,0.94274,0.62050,-0.32223
sd09-b050,sis-p10,1000000,0.95000,0.94274,0.62050,-0.32223
sd09-b050,sis-p20,1,0.00478,0.00488,0.00209,-0.00279
sd09-b050,sis-p20,2,0.00817,0.00824,0.00365,-0.00459
sd09-b050,sis-p20,3,0.01093,0.01109,0.00489,-0.00619
sd09-b050,sis-p20,4,0.01332,0.01353,0.00611,-0.00741
sd09-b050,sis-p20,5,0.01546,0.01562,0.00711,-0.00851
sd09-b050,sis-p20,7,0.01922,0.01924,0.00888,-0.01036
sd09-b050,sis-p20,9,0.02251,0.02259,0.01038,-0.01221
sd09-b050,sis-p20,10,0.02402,0.02411,0.01116,-0.01295
sd09-b050,sis-p20,13,0.02818,0.02816,0.01303,-0.01513
sd09-b050,sis-p20,18,0.03417,0.03424,0.01570,-0.01854
sd09-b050,sis-p20,25,0.04134,0.04145,0.01926,-0.02219
sd09-b050,sis-p20,34,0.04922,0.04923,0.02326,-0.02596
sd09-b050,sis-p20,47,0.05897,0.05912,0.02819,-0.03093
sd09-b050,sis-p20,65,0.07046,0.07062,0.03408,-0.03654
sd09-b050,sis-p20,90,0.08405,0.08414,0.04136,-0.04278
sd09-b050,sis-p20,100,0.08895,0.08909,0.04385,-0.04524
sd09-b050,sis-p20,124,0.09979,0.10000,0.04932,-0.05068
sd09-b050,sis-p20,171,0.11833,0.11870,0.05950,-0.05920
sd09-b050,sis-p20,236,0.14018,0.14071,0.07167,-0.06904
sd09-b050,sis-p20,325,0.16566,0.16632,0.08587,-0.08045
sd09-b050,sis-p20,448,0.19568,0.19612,0.10299,-0.09313
sd09-b050,sis-p20,618,0.23101,0.23159,0.12519,-0.10640
sd09-b050,sis-p20,852,0.27242,0.27296,0.15270,-0.12026
sd09-b050,sis-p20,1000,0.29571,0.29626,0.16892,-0.12734
sd09-b050,sis-p20,1174,0.32097,0.32156,0.18676,-0.13480
sd09-b050,sis-p20,1619,0.37812,0.37825,0.23096,-0.14728
sd09-b050,sis-p20,2233,0.44527,0.44496,0.28609,-0.15887
sd09-b050,sis-p20,3079,0.52406,0.52328,0.35787,-0.16541
sd09-b050,sis-p20,4245,0.61655,0.61518,0.45357,-0.16161
sd09-b050,sis-p20,5854,0.72523,0.72291,0.57725,-0.14566
sd09-b050,sis-p20,8072,0.85282,0.84837,0.69331,-0.15507
sd09-b050,sis-p20,10000,0.95000,0.94274,0.74160,-0.20114
sd09-b050,sis-p20,11130,0.95000,0.94274,0.75464,-0.18809
sd09-b050,sis-p20,15348,0.95000,0.94274,0.76588,-0.17685
sd09-b050,sis-p20,21163,0.95000,0.94274,0.76657,-0.17616
sd09-b050,sis-p20,29182,0.95000,0.94274,0.76658,-0.17615
sd09-b050,sis-p20,40239,0.95000,0.94274,0.76658,-0.17615
sd09-b050,sis-p20,55486,0.95000,0.94274,0.76658,-0.17615
sd09-b050,sis-p20,76510,0.95000,0.94274,0.76658,-0.17615
sd09-b050,sis-p20,105501,0.95000,0.94274,0.76658,-0.17615
sd09-b050,sis-p20,145476,0.95000,0.94274,0.76658,-0.17615
sd09-b050,sis-p20,200598,0.95000,0.94274,0.76658,-0.17615
sd09-b050,sis-p20,276605,0.95000,0.94274,0.76658,-0.17615
sd09-b050,sis-p20,381413,0.95000,0.94274,0.76658,-0.17615
sd09-b050,sis-p20,525933,0.95000,0.94274,0.76658,-0.17615
sd09-b050,sis-p20,725212,0.95000,0.94274,0.76658,-0.17615
sd09-b050,sis-p20,1000000,0.95000,0.94274,0.76658,-0.17615
sd09-b050,jan-p01-t1k,1,0.00478,0.00488,0.00570,0.00082
sd09-b050,jan-p01-t1k,2,0.00817,0.00824,0.00900,0.00076
sd09-b050,jan-p01-t1k,3,0.01093,0.01109,0.01260,0.00151
sd09-b050,jan-p01-t1k,4,0.01332,0.01353,0.01410,0.00057
sd09-b050,jan-p01-t1k,5,0.01546,0.01562,0.01550,-0.00012
sd09-b050,jan-p01-t1k,7,0.01922,0.01924,0.01850,-0.00074
sd09-b050,jan-p01-t1k,9,0.02251,0.02259,0.02250,-0.00009
sd09-b050,jan-p01-t1k,10,0.02402,0.02411,0.02400,-0.00011
sd09-b050,jan-p01-t1k,13,0.02818,0.02816,0.02830,0.00014
sd09-b050,jan-p01-t1k,18,0.03417,0.03424,0.03420,-0.00004
sd09-b050,jan-p01-t1k,25,0.04134,0.04145,0.04130,-0.00015
sd09-b050,jan-p01-t1k,34,0.04922,0.04923,0.04830,-0.00093
sd09-b050,jan-p01-t1k,47,0.05897,0.05912,0.05950,0.00038
sd09-b050,jan-p01-t1k,65,0.07046,0.07062,0.07050,-0.00012
sd09-b050,jan-p01-t1k,90,0.08405,0.08414,0.08210,-0.00204
sd09-b050,jan-p01-t1k,100,0.08895,0.08909,0.08690,-0.00219
sd09-b050,jan-p01-t1k,124,0.09979,0.10000,0.09840,-0.00160
sd09-b050,jan-p01-t1k,171,0.11833,0.11870,0.11310,-0.00560
sd09-b050,jan-p01-t1k,236,0.14018,0.14071,0.13090,-0.00981
sd09-b050,jan-p01-t1k,325,0.16566,0.16632,0.15040,-0.01592
sd09-b050,jan-p01-t1k,448,0.19568,0.19612,0.17190,-0.02422
sd09-b050,jan-p01-t1k,618,0.23101,0.23159,0.18820,-0.04339
sd09-b050,jan-p01-t1k,852,0.27242,0.27296,0.20230,-0.07066
sd09-b050,jan-p01-t1k,1000,0.29571,0.29626,0.20830,-0.08796
sd09-b050,jan-p01-t1k,1174,0.32097,0.32156,0.21450,-0.10706
sd09-b050,jan-p01-t1k,1619,0.37812,0.37825,0.22510,-0.15315
sd09-b050,jan-p01-t1k,2233,0.44527,0.44496,0.23770,-0.20726
sd09-b050,jan-p01-t1k,3079,0.52406,0.52328,0.24500,-0.27828
sd09-b050,jan-p01-t1k,4245,0.61655,0.61518,0.24880,-0.36638
sd09-b050,jan-p01-t1k,5854,0.72523,0.72291,0.24970,-0.47321
sd09-b050,jan-p01-t1k,8072,0.85282,0.84837,0.24970,-0.59867
sd09-b050,jan-p01-t1k,10000,0.95000,0.94274,0.24970,-0.69304
sd09-b050,jan-p01-t1k,11130,0.95000,0.94274,0.24970,-0.69304
sd09-b050,jan-p01-t1k,15348,0.95000,0.94274,0.24970,-0.69304
sd09-b050,jan-p01-t1k,21163,0.95000,0.94274,0.24970,-0.69304
sd09-b050,jan-p01-t1k,29182,0.95000,0.94274,0.24970,-0.69304
sd09-b050,jan-p01-t1k,40239,0.95000,0.94274,0.24970,-0.69304
sd09-b050,jan-p01-t1k,55486,0.95000,0.94274,0.24970,-0.69304
sd09-b050,jan-p01-t1k,76510,0.95000,0.94274,0.24970,-0.69304
sd09-b050,jan-p01-t1k,105501,0.95000,0.94274,0.24970,-0.69304
sd09-b050,jan-p01-t1k,145476,0.95000,0.94274,0.24970,-0.69304
sd09-b050,jan-p01-t1k,200598,0.95000,0.94274,0.24970,-0.69304
sd09-b050,jan-p01-t1k,276605,0.95000,0.94274,0.24970,-0.69304
sd09-b050,jan-p01-t1k,381413,0.95000,0.94274,0.24970,-0.69304
sd09-b050,jan-p01-t1k,525933,0.95000,0.94274,0.24970,-0.69304
sd09-b050,jan-p01-t1k,725212,0.95000,0.94274,0.24970,-0.69304
sd09-b050,jan-p01-t1k,1000000,0.95000,0.94274,0.24970,-0.69304
sd09-b050,jan-p10-t1k,1,0.00478,0.00488,0.00489,0.00001
sd09-b050,jan-p10-t1k,2,0.00817,0.00824,0.00827,0.00003
sd09-b050,jan-p10-t1k,3,0.01093,0.01109,0.01145,0.00036
sd09-b050,jan-p10-t1k,4,0.01332,0.01353,0.01386,0.00034
sd09-b050,jan-p10-t1k,5,0.01546,0.01562,0.01573,0.00011
sd09-b050,jan-p10-t1k,7,0.01922,0.01924,0.01948,0.00024
sd09-b050,jan-p10-t1k,9,0.02251,0.02259,0.02305,0.00046
sd09-b050,jan-p10-t1k,10,0.02402,0.02411,0.02460,0.00049
sd09-b050,jan-p10-t1k,13,0.02818,0.02816,0.02857,0.00041
sd09-b050,jan-p10-t1k,18,0.03417,0.03424,0.03442,0.00018
sd09-b050,jan-p10-t1k,25,0.04134,0.04145,0.04173,0.00028
sd09-b050,jan-p10-t1k,34,0.04922,0.04923,0.04955,0.00032
sd09-b050,jan-p10-t1k,47,0.05897,0.05912,0.05949,0.00037
sd09-b050,jan-p10-t1k,65,0.07046,0.07062,0.07057,-0.00005
sd09-b050,jan-p10-t1k,90,0.08405,0.08414,0.08254,-0.00160
sd09-b050,jan-p10-t1k,100,0.08895,0.08909,0.08738,-0.00171
sd09-b050,jan-p10-t1k,124,0.09979,0.10000,0.09773,-0.00227
sd09-b050,jan-p10-t1k,171,0.11833,0.11870,0.11402,-0.00468
sd09-b050,jan-p10-t1k,236,0.14018,0.14071,0.13303,-0.00768
sd09-b050,jan-p10-t1k,325,0.16566,0.16632,0.15322,-0.01310
sd09-b050,jan-p10-t1k,448,0.19568,0.19612,0.17503,-0.02109
sd09-b050,jan-p10-t1k,618,0.23101,0.23159,0.19788,-0.03371
sd09-b050,jan-p10-t1k,852,0.27242,0.27296,0.22067,-0.05229
sd09-b050,jan-p10-t1k,1000,0.29571,0.29626,0.23364,-0.06262
sd09-b050,jan-p10-t1k,1174,0.32097,0.32156,0.24845,-0.07311
sd09-b050,jan-p10-t1k,1619,0.37812,0.37825,0.28417,-0.09408
sd09-b050,jan-p10-t1k,2233,0.44527,0.44496,0.33144,-0.11352
sd09-b050,jan-p10-t1k,3079,0.52406,0.52328,0.39347,-0.12981
sd09-b050,jan-p10-t1k,4245,0.61655,0.61518,0.46578,-0.14940
sd09-b050,jan-p10-t1k,5854,0.72523,0.72291,0.54044,-0.18247
sd09-b050,jan-p10-t1k,8072,0.85282,0.84837,0.59974,-0.24863
sd09-b050,jan-p10-t1k,10000,0.95000,0.94274,0.62284,-0.31990
sd09-b050,jan-p10-t1k,11130,0.95000,0.94274,0.62965,-0.31309
sd09-b050,jan-p10-t1k,15348,0.95000,0.94274,0.63752,-0.30522
sd09-b050,jan-p10-t1k,21163,0.95000,0.94274,0.63854,-0.30420
sd09-b050,jan-p10-t1k,29182,0.95000,0.94274,0.63857,-0.30417
sd09-b050,jan-p10-t1k,40239,0.95000,0.94274,0.63857,-0.30417
sd09-b050,jan-p10-t1k,55486,0.95000,0.94274,0.63857,-0.30417
sd09-b050,jan-p10-t1k,76510,0.95000,0.94274,0.63857,-0.30417
sd09-b050,jan-p10-t1k,105501,0.95000,0.94274,0.63857,-0.30417
sd09-b050,jan-p10-t1k,145476,0.95000,0.94274,0.63857,-0.30417
sd09-b050,jan-p10-t1k,200598,0.95000,0.94274,0.63857,-0.30417
sd09-b050,jan-p10-t1k,276605,0.95000,0.94274,0.63857,-0.30417
sd09-b050,jan-p10-t1k,381413,0.95000,0.94274,0.63857,-0.30417
sd09-b050,jan-p10-t1k,525933,0.95000,0.94274,0.63857,-0.30417
sd09-b050,jan-p10-t1k,725212,0.95000,0.94274,0.63857,-0.30417
sd09-b050,jan-p10-t1k,1000000,0.95000,0.94274,0.63857,-0.30417
sd09-b050,jan-p20-t1k,1,0.00478,0.00488,0.00492,0.00004
sd09-b050,jan-p20-t1k,2,0.00817,0.00824,0.00833,0.00008
sd09-b050,jan-p20-t1k,3,0.01093,0.01109,0.01132,0.00024
sd09-b050,jan-p20-t1k,4,0.01332,0.01353,0.01383,0.00030
sd09-b050,jan-p20-t1k,5,0.01546,0.01562,0.01578,0.00016
sd09-b050,jan-p20-t1k,7,0.01922,0.01924,0.01949,0.00025
sd09-b050,jan-p20-t1k,9,0.02251,0.02259,0.02286,0.00027
sd09-b050,jan-p20-t1k,10,0.02402,0.02411,0.02436,0.00025
sd09-b050,jan-p20-t1k,13,0.02818,0.02816,0.02823,0.00007
sd09-b050,jan-p20-t1k,18,0.03417,0.03424,0.03401,-0.00023
sd09-b050,jan-p20-t1k,25,0.04134,0.04145,0.04118,-0.00027
sd09-b050,jan-p20-t1k,34,0.04922,0.04923,0.04880,-0.00043
sd09-b050,jan-p20-t1k,47,0.05897,0.05912,0.05838,-0.00074
sd09-b050,jan-p20-t1k,65,0.07046,0.07062,0.06920,-0.00142
sd09-b050,jan-p20-t1k,90,0.08405,0.08414,0.08161,-0.00253
sd09-b050,jan-p20-t1k,100,0.08895,0.08909,0.08633,-0.00275
sd09-b050,jan-p20-t1k,124,0.09979,0.10000,0.09649,-0.00352
sd09-b050,jan-p20-t1k,171,0.11833,0.11870,0.11275,-0.00595
sd09-b050,jan-p20-t1k,236,0.14018,0.14071,0.13198,-0.00873
sd09-b050,jan-p20-t1k,325,0.16566,0.16632,0.15242,-0.01390
sd09-b050,jan-p20-t1k,448,0.19568,0.19612,0.17494,-0.02118
sd09-b050,jan-p20-t1k,618,0.23101,0.23159,0.19960,-0.03199
sd09-b050,jan-p20-t1k,852,0.27242,0.27296,0.22551,-0.04746
sd09-b050,jan-p20-t1k,1000,0.29571,0.29626,0.23974,-0.05652
sd09-b050,jan-p20-t1k,1174,0.32097,0.32156,0.25625,-0.06531
sd09-b050,jan-p20-t1k,1619,0.37812,0.37825,0.29510,-0.08315
sd09-b050,jan-p20-t1k,2233,0.44527,0.44496,0.34478,-0.10018
sd09-b050,jan-p20-t1k,3079,0.52406,0.52328,0.41102,-0.11226
sd09-b050,jan-p20-t1k,4245,0.61655,0.61518,0.49731,-0.11787
sd09-b050,jan-p20-t1k,5854,0.72523,0.72291,0.60673,-0.11618
sd09-b050,jan-p20-t1k,8072,0.85282,0.84837,0.70777,-0.14060
sd09-b050,jan-p20-t1k,10000,0.95000,0.94274,0.74978,-0.19296
sd09-b050,jan-p20-t1k,11130,0.95000,0.94274,0.76061,-0.18213
sd09-b050,jan-p20-t1k,15348,0.95000,0.94274,0.77111,-0.17163
sd09-b050,jan-p20-t1k,21163,0.95000,0.94274,0.77185,-0.17089
sd09-b050,jan-p20-t1k,29182,0.95000,0.94274,0.77185,-0.17088
sd09-b050,jan-p20-t1k,40239,0.95000,0.94274,0.77185,-0.17088
sd09-b050,jan-p20-t1k,55486,0.95000,0.94274,0.77185,-0.17088
sd09-b050,jan-p20-t1k,76510,0.95000,0.94274,0.77185,-0.17088
sd09-b050,jan-p20-t1k,105501,0.95000,0.94274,0.77185,-0.17088
sd09-b050,jan-p20-t1k,145476,0.95000,0.94274,0.77185,-0.17088
sd09-b050,jan-p20-t1k,200598,0.95000,0.94274,0.77185,-0.17088
sd09-b050,jan-p20-t1k,276605,0.95000,0.94274,0.77185,-0.17088
sd09-b050,jan-p20-t1k,381413,0.95000,0.94274,0.77185,-0.17088
sd09-b050,jan-p20-t1k,525933,0.95000,0.94274,0.77185,-0.17088
sd09-b050,jan-p20-t1k,725212,0.95000,0.94274,0.77185,-0.17088
sd09-b050,jan-p20-t1k,1000000,0.95000,0.94274,0.77185,-0.17088
sd09-b050,jan-p01-t10k,1,0.00478,0.00488,0.00550,0.00062
sd09-b050,jan-p01-t10k,2,0.00817,0.00824,0.00920,0.00096
sd09-b050,jan-p01-t10k,3,0.01093,0.01109,0.01190,0.00081
sd09-b050,jan-p01-t10k,4,0.01332,0.01353,0.01260,-0.00093
sd09-b050,jan-p01-t10k,5,0.01546,0.01562,0.01420,-0.00142
sd09-b050,jan-p01-t10k,7,0.01922,0.01924,0.01760,-0.00164
sd09-b050,jan-p01-t10k,9,0.02251,0.02259,0.02070,-0.00189
sd09-b050,jan-p01-t10k,10,0.02402,0.02411,0.02120,-0.00291
sd09-b050,jan-p01-t10k,13,0.02818,0.02816,0.02430,-0.00386
sd09-b050,jan-p01-t10k,18,0.03417,0.03424,0.02980,-0.00444
sd09-b050,jan-p01-t10k,25,0.04134,0.04145,0.03680,-0.00465
sd09-b050,jan-p01-t10k,34,0.04922,0.04923,0.04470,-0.00453
sd09-b050,jan-p01-t10k,47,0.05897,0.05912,0.05450,-0.00462
sd09-b050,jan-p01-t10k,65,0.07046,0.07062,0.06400,-0.00662
sd09-b050,jan-p01-t10k,90,0.08405,0.08414,0.07730,-0.00685
sd09-b050,jan-p01-t10k,100,0.08895,0.08909,0.08230,-0.00679
sd09-b050,jan-p01-t10k,124,0.09979,0.10000,0.09320,-0.00680
sd09-b050,jan-p01-t10k,171,0.11833,0.11870,0.11210,-0.00660
sd09-b050,jan-p01-t10k,236,0.14018,0.14071,0.13370,-0.00701
sd09-b050,jan-p01-t10k,325,0.16566,0.16632,0.15970,-0.00662
sd09-b050,jan-p01-t10k,448,0.19568,0.19612,0.18890,-0.00722
sd09-b050,jan-p01-t10k,618,0.23101,0.23159,0.22050,-0.01109
sd09-b050,jan-p01-t10k,852,0.27242,0.27296,0.25710,-0.01586
sd09-b050,jan-p01-t10k,1000,0.29571,0.29626,0.27820,-0.01806
sd09-b050,jan-p01-t10k,1174,0.32097,0.32156,0.30070,-0.02086
sd09-b050,jan-p01-t10k,1619,0.37812,0.37825,0.34670,-0.03155
sd09-b050,jan-p01-t10k,2233,0.44527,0.44496,0.39480,-0.05016
sd09-b050,jan-p01-t10k,3079,0.52406,0.52328,0.44460,-0.07868
sd09-b050,jan-p01-t10k,4245,0.61655,0.61518,0.47900,-0.13618
sd09-b050,jan-p01-t10k,5854,0.72523,0.72291,0.48640,-0.23651
sd09-b050,jan-p01-t10k,8072,0.85282,0.84837,0.48640,-0.36197
sd09-b050,jan-p01-t10k,10000,0.95000,0.94274,0.48640,-0.45634
sd09-b050,jan-p01-t10k,11130,0.95000,0.94274,0.48640,-0.45634
sd09-b050,jan-p01-t10k,15348,0.95000,0.94274,0.48640,-0.45634
sd09-b050,jan-p01-t10k,21163,0.95000,0.94274,0.48640,-0.45634
sd09-b050,jan-p01-t10k,29182,0.95000,0.94274,0.48640,-0.45634
sd09-b050,jan-p01-t10k,40239,0.95000,0.94274,0.48640,-0.45634
sd09-b050,jan-p01-t10k,55486,0.95000,0.94274,0.48640,-0.45634
sd09-b050,jan-p01-t10k,76510,0.95000,0.94274,0.48640,-0.45634
sd09-b050,jan-p01-t10k,105501,0.95000,0.94274,0.48640,-0.45634
sd09-b050,jan-p01-t10k,145476,0.95000,0.94274,0.48640,-0.45634
sd09-b050,jan-p01-t10k,200598,0.95000,0.94274,0.48640,-0.45634
sd09-b050,jan-p01-t10k,276605,0.95000,0.94274,0.48640,-0.45634
sd09-b050,jan-p01-t10k,381413,0.95000,0.94274,0.48640,-0.45634
sd09-b050,jan-p01-t10k,525933,0.95000,0.94274,0.48640,-0.45634
sd09-b050,jan-p01-t10k,725212,0.95000,0.94274,0.48640,-0.45634
sd09-b050,jan-p01-t10k,1000000,0.95000,0.94274,0.48640,-0.45634
sd09-b050,jan-p10-t10k,1,0.00478,0.00488,0.00481,-0.00007
sd09-b050,jan-p10-t10k,2,0.00817,0.00824,0.00809,-0.00015
sd09-b050,jan-p10-t10k,3,0.01093,0.01109,0.01091,-0.00018
sd09-b050,jan-p10-t10k,4,0.01332,0.01353,0.01306,-0.00047
sd09-b050,jan-p10-t10k,5,0.01546,0.01562,0.01491,-0.00071
sd09-b050,jan-p10-t10k,7,0.01922,0.01924,0.01846,-0.00078
sd09-b050,jan-p10-t10k,9,0.02251,0.02259,0.02184,-0.00075
sd09-b050,jan-p10-t10k,10,0.02402,0.02411,0.02324,-0.00087
sd09-b050,jan-p10-t10k,13,0.02818,0.02816,0.02708,-0.00108
sd09-b050,jan-p10-t10k,18,0.03417,0.03424,0.03324,-0.00100
sd09-b050,jan-p10-t10k,25,0.04134,0.04145,0.04042,-0.00103
sd09-b050,jan-p10-t10k,34,0.04922,0.04923,0.04837,-0.00086
sd09-b050,jan-p10-t10k,47,0.05897,0.05912,0.05835,-0.00077
sd09-b050,jan-p10-t10k,65,0.07046,0.07062,0.06946,-0.00116
sd09-b050,jan-p10-t10k,90,0.08405,0.08414,0.08323,-0.00091
sd09-b050,jan-p10-t10k,100,0.08895,0.08909,0.08834,-0.00075
sd09-b050,jan-p10-t10k,124,0.09979,0.10000,0.09985,-0.00015
sd09-b050,jan-p10-t10k,171,0.11833,0.11870,0.11812,-0.00058
sd09-b050,jan-p10-t10k,236,0.14018,0.14071,0.14006,-0.00065
sd09-b050,jan-p10-t10k,325,0.16566,0.16632,0.16532,-0.00100
sd09-b050,jan-p10-t10k,448,0.19568,0.19612,0.19481,-0.00131
sd09-b050,jan-p10-t10k,618,0.23101,0.23159,0.22785,-0.00374
sd09-b050,jan-p10-t10k,852,0.27242,0.27296,0.26628,-0.00668
sd09-b050,jan-p10-t10k,1000,0.29571,0.29626,0.28795,-0.00831
sd09-b050,jan-p10-t10k,1174,0.32097,0.32156,0.31089,-0.01067
sd09-b050,jan-p10-t10k,1619,0.37812,0.37825,0.36018,-0.01807
sd09-b050,jan-p10-t10k,2233,0.44527,0.44496,0.41642,-0.02854
sd09-b050,jan-p10-t10k,3079,0.52406,0.52328,0.47895,-0.04433
sd09-b050,jan-p10-t10k,4245,0.61655,0.61518,0.54139,-0.07379
sd09-b050,jan-p10-t10k,5854,0.72523,0.72291,0.59819,-0.12472
sd09-b050,jan-p10-t10k,8072,0.85282,0.84837,0.64529,-0.20308
sd09-b050,jan-p10-t10k,10000,0.95000,0.94274,0.66128,-0.28146
sd09-b050,jan-p10-t10k,11130,0.95000,0.94274,0.66651,-0.27623
sd09-b050,jan-p10-t10k,15348,0.95000,0.94274,0.67179,-0.27095
sd09-b050,jan-p10-t10k,21163,0.95000,0.94274,0.67231,-0.27043
sd09-b050,jan-p10-t10k,29182,0.95000,0.94274,0.67233,-0.27041
sd09-b050,jan-p10-t10k,40239,0.95000,0.94274,0.67233,-0.27041
sd09-b050,jan-p10-t10k,55486,0.95000,0.94274,0.67233,-0.27041
sd09-b050,jan-p10-t10k,76510,0.95000,0.94274,0.67233,-0.27041
sd09-b050,jan-p10-t10k,105501,0.95000,0.94274,0.67233,-0.27041
sd09-b050,jan-p10-t10k,145476,0.95000,0.94274,0.67233,-0.27041
sd09-b050,jan-p10-t10k,200598,0.95000,0.94274,0.67233,-0.27041
sd09-b050,jan-p10-t10k,276605,0.95000,0.94274,0.67233,-0.27041
sd09-b050,jan-p10-t10k,381413,0.95000,0.94274,0.67233,-0.27041
sd09-b050,jan-p10-t10k,525933,0.95000,0.94274,0.67233,-0.27041
sd09-b050,jan-p10-t10k,725212,0.95000,0.94274,0.67233,-0.27041
sd09-b050,jan-p10-t10k,1000000,0.95000,0.94274,0.67233,-0.27041
sd09-b050,jan-p20-t10k,1,0.00478,0.00488,0.00487,-0.00001
sd09-b050,jan-p20-t10k,2,0.00817,0.00824,0.00813,-0.00011
sd09-b050,jan-p20-t10k,3,0.01093,0.01109,0.01091,-0.00017
sd09-b050,jan-p20-t10k,4,0.01332,0.01353,0.01327,-0.00026
sd09-b050,jan-p20-t10k,5,0.01546,0.01562,0.01524,-0.00037
sd09-b050,jan-p20-t10k,7,0.01922,0.01924,0.01883,-0.00042
sd09-b050,jan-p20-t10k,9,0.02251,0.02259,0.02222,-0.00037
sd09-b050,jan-p20-t10k,10,0.02402,0.02411,0.02369,-0.00042
sd09-b050,jan-p20-t10k,13,0.02818,0.02816,0.02786,-0.00030
sd09-b050,jan-p20-t10k,18,0.03417,0.03424,0.03422,-0.00002
sd09-b050,jan-p20-t10k,25,0.04134,0.04145,0.04147,0.00002
sd09-b050,jan-p20-t10k,34,0.04922,0.04923,0.04931,0.00009
sd09-b050,jan-p20-t10k,47,0.05897,0.05912,0.05915,0.00003
sd09-b050,jan-p20-t10k,65,0.07046,0.07062,0.07040,-0.00022
sd09-b050,jan-p20-t10k,90,0.08405,0.08414,0.08374,-0.00041
sd09-b050,jan-p20-t10k,100,0.08895,0.08909,0.08886,-0.00023
sd09-b050,jan-p20-t10k,124,0.09979,0.10000,0.10002,0.00001
sd09-b050,jan-p20-t10k,171,0.11833,0.11870,0.11840,-0.00030
sd09-b050,jan-p20-t10k,236,0.14018,0.14071,0.14053,-0.00018
sd09-b050,jan-p20-t10k,325,0.16566,0.16632,0.16562,-0.00070
sd09-b050,jan-p20-t10k,448,0.19568,0.19612,0.19504,-0.00108
sd09-b050,jan-p20-t10k,618,0.23101,0.23159,0.22892,-0.00268
sd09-b050,jan-p20-t10k,852,0.27242,0.27296,0.26804,-0.00492
sd09-b050,jan-p20-t10k,1000,0.29571,0.29626,0.29003,-0.00623
sd09-b050,jan-p20-t10k,1174,0.32097,0.32156,0.31348,-0.00808
sd09-b050,jan-p20-t10k,1619,0.37812,0.37825,0.36480,-0.01344
sd09-b050,jan-p20-t10k,2233,0.44527,0.44496,0.42514,-0.01982
sd09-b050,jan-p20-t10k,3079,0.52406,0.52328,0.49480,-0.02848
sd09-b050,jan-p20-t10k,4245,0.61655,0.61518,0.57173,-0.04344
sd09-b050,jan-p20-t10k,5854,0.72523,0.72291,0.65522,-0.06768
sd09-b050,jan-p20-t10k,8072,0.85282,0.84837,0.73335,-0.11503
sd09-b050,jan-p20-t10k,10000,0.95000,0.94274,0.76540,-0.17734
sd09-b050,jan-p20-t10k,11130,0.95000,0.94274,0.77402,-0.16872
sd09-b050,jan-p20-t10k,15348,0.95000,0.94274,0.78343,-0.15931
sd09-b050,jan-p20-t10k,21163,0.95000,0.94274,0.78409,-0.15865
sd09-b050,jan-p20-t10k,29182,0.95000,0.94274,0.78411,-0.15863
sd09-b050,jan-p20-t10k,40239,0.95000,0.94274,0.78411,-0.15863
sd09-b050,jan-p20-t10k,55486,0.95000,0.94274,0.78411,-0.15863
sd09-b050,jan-p20-t10k,76510,0.95000,0.94274,0.78411,-0.15863
sd09-b050,jan-p20-t10k,105501,0.95000,0.94274,0.78411,-0.15863
sd09-b050,jan-p20-t10k,145476,0.95000,0.94274,0.78411,-0.15863
sd09-b050,jan-p20-t10k,200598,0.95000,0.94274,0.78411,-0.15863
sd09-b050,jan-p20-t10k,276605,0.95000,0.94274,0.78411,-0.15863
sd09-b050,jan-p20-t10k,381413,0.95000,0.94274,0.78411,-0.15863
sd09-b050,jan-p20-t10k,525933,0.95000,0.94274,0.78411,-0.15863
sd09-b050,jan-p20-t10k,725212,0.95000,0.94274,0.78411,-0.15863
sd09-b050,jan-p20-t10k,1000000,0.95000,0.94274,0.78411,-0.15863
sd10-b025,completa,1,0.00071,0.00073,0.00073,0.00000
sd10-b025,completa,2,0.00131,0.00136,0.00136,0.00000
sd10-b025,completa,3,0.00185,0.00191,0.00191,0.00000
sd10-b025,completa,4,0.00236,0.00244,0.00244,0.00000
sd10-b025,completa,5,0.00283,0.00291,0.00291,0.00000
sd10-b025,completa,7,0.00373,0.00377,0.00377,0.00000
sd10-b025,completa,9,0.00456,0.00464,0.00464,0.00000
sd10-b025,completa,10,0.00497,0.00507,0.00507,0.00000
sd10-b025,completa,13,0.00612,0.00615,0.00615,0.00000
sd10-b025,completa,18,0.00790,0.00797,0.00797,0.00000
sd10-b025,completa,25,0.01021,0.01030,0.01030,0.00000
sd10-b025,completa,34,0.01295,0.01314,0.01314,0.00000
sd10-b025,completa,47,0.01662,0.01673,0.01673,0.00000
sd10-b025,completa,65,0.02131,0.02137,0.02137,0.00000
sd10-b025,completa,90,0.02731,0.02729,0.02729,0.00000
sd10-b025,completa,100,0.02959,0.02964,0.02964,0.00000
sd10-b025,completa,124,0.03485,0.03490,0.03490,0.00000
sd10-b025,completa,171,0.04447,0.04452,0.04452,0.00000
sd10-b025,completa,236,0.05675,0.05686,0.05686,0.00000
sd10-b025,completa,325,0.07226,0.07240,0.07240,0.00000
sd10-b025,completa,448,0.09206,0.09220,0.09220,0.00000
sd10-b025,completa,618,0.11731,0.11766,0.11766,0.00000
sd10-b025,completa,852,0.14939,0.14999,0.14999,0.00000
sd10-b025,completa,1000,0.16852,0.16911,0.16911,0.00000
sd10-b025,completa,1174,0.19013,0.19057,0.19057,0.00000
sd10-b025,completa,1619,0.24209,0.24250,0.24250,0.00000
sd10-b025,completa,2233,0.30824,0.30861,0.30861,0.00000
sd10-b025,completa,3079,0.39237,0.39218,0.39218,0.00000
sd10-b025,completa,4245,0.49936,0.49817,0.49817,0.00000
sd10-b025,completa,5854,0.63561,0.63327,0.63327,0.00000
sd10-b025,completa,8072,0.80894,0.80426,0.80426,0.00000
sd10-b025,completa,10000,0.95000,0.94232,0.94232,0.00000
sd10-b025,completa,11130,0.95000,0.94232,0.94232,0.00000
sd10-b025,completa,15348,0.95000,0.94232,0.94232,0.00000
sd10-b025,completa,21163,0.95000,0.94232,0.94232,0.00000
sd10-b025,completa,29182,0.95000,0.94232,0.94232,0.00000
sd10-b025,completa,40239,0.95000,0.94232,0.94232,0.00000
sd10-b025,completa,55486,0.95000,0.94232,0.94232,0.00000
sd10-b025,completa,76510,0.95000,0.94232,0.94232,0.00000
sd10-b025,completa,105501,0.95000,0.94232,0.94232,0.00000
sd10-b025,completa,145476,0.95000,0.94232,0.94232,0.00000
sd10-b025,completa,200598,0.95000,0.94232,0.94232,0.00000
sd10-b025,completa,276605,0.95000,0.94232,0.94232,0.00000
sd10-b025,completa,381413,0.95000,0.94232,0.94232,0.00000
sd10-b025,completa,525933,0.95000,0.94232,0.94232,0.00000
sd10-b025,completa,725212,0.95000,0.94232,0.94232,0.00000
sd10-b025,completa,1000000,0.95000,0.94232,0.94232,0.00000
sd10-b025,sis-p01,1,0.00071,0.00073,0.00010,-0.00063
sd10-b025,sis-p01,2,0.00131,0.00136,0.00030,-0.00106
sd10-b025,sis-p01,3,0.00185,0.00191,0.00050,-0.00141
sd10-b025,sis-p01,4,0.00236,0.00244,0.00050,-0.00194
sd10-b025,sis-p01,5,0.00283,0.00291,0.00070,-0.00221
sd10-b025,sis-p01,7,0.00373,0.00377,0.00110,-0.00267
sd10-b025,sis-p01,9,0.00456,0.00464,0.00110,-0.00354
sd10-b025,sis-p01,10,0.00497,0.00507,0.00120,-0.00387
sd10-b025,sis-p01,13,0.00612,0.00615,0.00150,-0.00465
sd10-b025,sis-p01,18,0.00790,0.00797,0.00270,-0.00528
sd10-b025,sis-p01,25,0.01021,0.01030,0.00360,-0.00670
sd10-b025,sis-p01,34,0.01295,0.01314,0.00450,-0.00864
sd10-b025,sis-p01,47,0.01662,0.01673,0.00570,-0.01103
sd10-b025,sis-p01,65,0.02131,0.02137,0.00780,-0.01357
sd10-b025,sis-p01,90,0.02731,0.02729,0.01050,-0.01679
sd10-b025,sis-p01,100,0.02959,0.02964,0.01150,-0.01815
sd10-b025,sis-p01,124,0.03485,0.03490,0.01320,-0.02170
sd10-b025,sis-p01,171,0.04447,0.04452,0.01800,-0.02652
sd10-b025,sis-p01,236,0.05675,0.05686,0.02380,-0.03306
sd10-b025,sis-p01,325,0.07226,0.07240,0.03160,-0.04080
sd10-b025,sis-p01,448,0.09206,0.09220,0.04290,-0.04930
sd10-b025,sis-p01,618,0.11731,0.11766,0.05689,-0.06076
sd10-b025,sis-p01,852,0.14939,0.14999,0.07409,-0.07590
sd10-b025,sis-p01,1000,0.16852,0.16911,0.08189,-0.08721
sd10-b025,sis-p01,1174,0.19013,0.19057,0.08919,-0.10138
sd10-b025,sis-p01,1619,0.24209,0.24250,0.10999,-0.13251
sd10-b025,sis-p01,2233,0.30824,0.30861,0.12419,-0.18443
sd10-b025,sis-p01,3079,0.39237,0.39218,0.13519,-0.25700
sd10-b025,sis-p01,4245,0.49936,0.49817,0.13979,-0.35839
sd10-b025,sis-p01,5854,0.63561,0.63327,0.14139,-0.49189
sd10-b025,sis-p01,8072,0.80894,0.80426,0.14159,-0.66268
sd10-b025,sis-p01,10000,0.95000,0.94232,0.14159,-0.80073
sd10-b025,sis-p01,11130,0.95000,0.94232,0.14159,-0.80073
sd10-b025,sis-p01,15348,0.95000,0.94232,0.14159,-0.80073
sd10-b025,sis-p01,21163,0.95000,0.94232,0.14159,-0.80073
sd10-b025,sis-p01,29182,0.95000,0.94232,0.14159,-0.80073
sd10-b025,sis-p01,40239,0.95000,0.94232,0.14159,-0.80073
sd10-b025,sis-p01,55486,0.95000,0.94232,0.14159,-0.80073
sd10-b025,sis-p01,76510,0.95000,0.94232,0.14159,-0.80073
sd10-b025,sis-p01,105501,0.95000,0.94232,0.14159,-0.80073
sd10-b025,sis-p01,145476,0.95000,0.94232,0.14159,-0.80073
sd10-b025,sis-p01,200598,0.95000,0.94232,0.14159,-0.80073
sd10-b025,sis-p01,276605,0.95000,0.94232,0.14159,-0.80073
sd10-b025,sis-p01,381413,0.95000,0.94232,0.14159,-0.80073
sd10-b025,sis-p01,525933,0.95000,0.94232,0.14159,-0.80073
sd10-b025,sis-p01,725212,0.95000,0.94232,0.14159,-0.80073
sd10-b025,sis-p01,1000000,0.95000,0.94232,0.14159,-0.80073
sd10-b025,sis-p10,1,0.00071,0.00073,0.00040,-0.00033
sd10-b025,sis-p10,2,0.00131,0.00136,0.00079,-0.00057
sd10-b025,sis-p10,3,0.00185,0.00191,0.00129,-0.00062
sd10-b025,sis-p10,4,0.00236,0.00244,0.00158,-0.00086
sd10-b025,sis-p10,5,0.00283,0.00291,0.00187,-0.00104
sd10-b025,sis-p10,7,0.00373,0.00377,0.00234,-0.00143
sd10-b025,sis-p10,9,0.00456,0.00464,0.00279,-0.00185
sd10-b025,sis-p10,10,0.00497,0.00507,0.00303,-0.00204
sd10-b025,sis-p10,13,0.00612,0.00615,0.00374,-0.00241
sd10-b025,sis-p10,18,0.00790,0.00797,0.00487,-0.00311
sd10-b025,sis-p10,25,0.01021,0.01030,0.00605,-0.00425
sd10-b025,sis-p10,34,0.01295,0.01314,0.00758,-0.00556
sd10-b025,sis-p10,47,0.01662,0.01673,0.00956,-0.00717
sd10-b025,sis-p10,65,0.02131,0.02137,0.01256,-0.00881
sd10-b025,sis-p10,90,0.02731,0.02729,0.01606,-0.01123
sd10-b025,sis-p10,100,0.02959,0.02964,0.01745,-0.01219
sd10-b025,sis-p10,124,0.03485,0.03490,0.02053,-0.01437
sd10-b025,sis-p10,171,0.04447,0.04452,0.02661,-0.01791
sd10-b025,sis-p10,236,0.05675,0.05686,0.03440,-0.02246
sd10-b025,sis-p10,325,0.07226,0.07240,0.04446,-0.02794
sd10-b025,sis-p10,448,0.09206,0.09220,0.05724,-0.03496
sd10-b025,sis-p10,618,0.11731,0.11766,0.07408,-0.04358
sd10-b025,sis-p10,852,0.14939,0.14999,0.09662,-0.05337
sd10-b025,sis-p10,1000,0.16852,0.16911,0.11088,-0.05823
sd10-b025,sis-p10,1174,0.19013,0.19057,0.12769,-0.06288
sd10-b025,sis-p10,1619,0.24209,0.24250,0.16944,-0.07306
sd10-b025,sis-p10,2233,0.30824,0.30861,0.22384,-0.08478
sd10-b025,sis-p10,3079,0.39237,0.39218,0.29780,-0.09439
sd10-b025,sis-p10,4245,0.49936,0.49817,0.38456,-0.11362
sd10-b025,sis-p10,5854,0.63561,0.63327,0.47966,-0.15362
sd10-b025,sis-p10,8072,0.80894,0.80426,0.56039,-0.24387
sd10-b025,sis-p10,10000,0.95000,0.94232,0.59520,-0.34712
sd10-b025,sis-p10,11130,0.95000,0.94232,0.60510,-0.33722
sd10-b025,sis-p10,15348,0.95000,0.94232,0.61722,-0.32510
sd10-b025,sis-p10,21163,0.95000,0.94232,0.61865,-0.32367
sd10-b025,sis-p10,29182,0.95000,0.94232,0.61871,-0.32361
sd10-b025,sis-p10,40239,0.95000,0.94232,0.61871,-0.32361
sd10-b025,sis-p10,55486,0.95000,0.94232,0.61871,-0.32361
sd10-b025,sis-p10,76510,0.95000,0.94232,0.61871,-0.32361
sd10-b025,sis-p10,105501,0.95000,0.94232,0.61871,-0.32361
sd10-b025,sis-p10,145476,0.95000,0.94232,0.61871,-0.32361
sd10-b025,sis-p10,200598,0.95000,0.94232,0.61871,-0.32361
sd10-b025,sis-p10,276605,0.95000,0.94232,0.61871,-0.32361
sd10-b025,sis-p10,381413,0.95000,0.94232,0.61871,-0.32361
sd10-b025,sis-p10,525933,0.95000,0.94232,0.61871,-0.32361
sd10-b025,sis-p10,725212,0.95000,0.94232,0.61871,-0.32361
sd10-b025,sis-p10,1000000,0.95000,0.94232,0.61871,-0.32361
sd10-b025,sis-p20,1,0.00071,0.00073,0.00044,-0.00029
sd10-b025,sis-p20,2,0.00131,0.00136,0.00079,-0.00057
sd10-b025,sis-p20,3,0.00185,0.00191,0.00111,-0.00080
sd10-b025,sis-p20,4,0.00236,0.00244,0.00146,-0.00098
sd10-b025,sis-p20,5,0.00283,0.00291,0.00176,-0.00115
sd10-b025,sis-p20,7,0.00373,0.00377,0.00244,-0.00133
sd10-b025,sis-p20,9,0.00456,0.00464,0.00295,-0.00169
sd10-b025,sis-p20,10,0.00497,0.00507,0.00321,-0.00185
sd10-b025,sis-p20,13,0.00612,0.00615,0.00403,-0.00212
sd10-b025,sis-p20,18,0.00790,0.00797,0.00529,-0.00268
sd10-b025,sis-p20,25,0.01021,0.01030,0.00695,-0.00335
sd10-b025,sis-p20,34,0.01295,0.01314,0.00880,-0.00434
sd10-b025,sis-p20,47,0.01662,0.01673,0.01119,-0.00554
sd10-b025,sis-p20,65,0.02131,0.02137,0.01461,-0.00675
sd10-b025,sis-p20,90,0.02731,0.02729,0.01861,-0.00868
sd10-b025,sis-p20,100,0.02959,0.02964,0.02022,-0.00942
sd10-b025,sis-p20,124,0.03485,0.03490,0.02391,-0.01099
sd10-b025,sis-p20,171,0.04447,0.04452,0.03087,-0.01365
sd10-b025,sis-p20,236,0.05675,0.05686,0.03942,-0.01743
sd10-b025,sis-p20,325,0.07226,0.07240,0.05079,-0.02161
sd10-b025,sis-p20,448,0.09206,0.09220,0.06567,-0.02653
sd10-b025,sis-p20,618,0.11731,0.11766,0.08470,-0.03296
sd10-b025,sis-p20,852,0.14939,0.14999,0.10925,-0.04074
sd10-b025,sis-p20,1000,0.16852,0.16911,0.12430,-0.04480
sd10-b025,sis-p20,1174,0.19013,0.19057,0.14149,-0.04908
sd10-b025,sis-p20,1619,0.24209,0.24250,0.18322,-0.05927
sd10-b025,sis-p20,2233,0.30824,0.30861,0.24015,-0.06846
sd10-b025,sis-p20,3079,0.39237,0.39218,0.31626,-0.07592
sd10-b025,sis-p20,4245,0.49936,0.49817,0.41822,-0.07996
sd10-b025,sis-p20,5854,0.63561,0.63327,0.54888,-0.08439
sd10-b025,sis-p20,8072,0.80894,0.80426,0.67483,-0.12943
sd10-b025,sis-p20,10000,0.95000,0.94232,0.73298,-0.20934
sd10-b025,sis-p20,11130,0.95000,0.94232,0.74948,-0.19284
sd10-b025,sis-p20,15348,0.95000,0.94232,0.76392,-0.17840
sd10-b025,sis-p20,21163,0.95000,0.94232,0.76475,-0.17757
sd10-b025,sis-p20,29182,0.95000,0.94232,0.76476,-0.17756
sd10-b025,sis-p20,40239,0.95000,0.94232,0.76476,-0.17756
sd10-b025,sis-p20,55486,0.95000,0.94232,0.76476,-0.17756
sd10-b025,sis-p20,76510,0.95000,0.94232,0.76476,-0.17756
sd10-b025,sis-p20,105501,0.95000,0.94232,0.76476,-0.17756
sd10-b025,sis-p20,145476,0.95000,0.94232,0.76476,-0.17756
sd10-b025,sis-p20,200598,0.95000,0.94232,0.76476,-0.17756
sd10-b025,sis-p20,276605,0.95000,0.94232,0.76476,-0.17756
sd10-b025,sis-p20,381413,0.95000,0.94232,0.76476,-0.17756
sd10-b025,sis-p20,525933,0.95000,0.94232,0.76476,-0.17756
sd10-b025,sis-p20,725212,0.95000,0.94232,0.76476,-0.17756
sd10-b025,sis-p20,1000000,0.95000,0.94232,0.76476,-0.17756
sd10-b025,jan-p01-t1k,1,0.00071,0.00073,0.00050,-0.00023
sd10-b025,jan-p01-t1k,2,0.00131,0.00136,0.00110,-0.00026
sd10-b025,jan-p01-t1k,3,0.00185,0.00191,0.00180,-0.00011
sd10-b025,jan-p01-t1k,4,0.00236,0.00244,0.00240,-0.00004
sd10-b025,jan-p01-t1k,5,0.00283,0.00291,0.00300,0.00009
sd10-b025,jan-p01-t1k,7,0.00373,0.00377,0.00400,0.00023
sd10-b025,jan-p01-t1k,9,0.00456,0.00464,0.00530,0.00066
sd10-b025,jan-p01-t1k,10,0.00497,0.00507,0.00580,0.00073
sd10-b025,jan-p01-t1k,13,0.00612,0.00615,0.00690,0.00075
sd10-b025,jan-p01-t1k,18,0.00790,0.00797,0.00850,0.00053
sd10-b025,jan-p01-t1k,25,0.01021,0.01030,0.01180,0.00150
sd10-b025,jan-p01-t1k,34,0.01295,0.01314,0.01380,0.00066
sd10-b025,jan-p01-t1k,47,0.01662,0.01673,0.01600,-0.00073
sd10-b025,jan-p01-t1k,65,0.02131,0.02137,0.02040,-0.00097
sd10-b025,jan-p01-t1k,90,0.02731,0.02729,0.02590,-0.00139
sd10-b025,jan-p01-t1k,100,0.02959,0.02964,0.02870,-0.00094
sd10-b025,jan-p01-t1k,124,0.03485,0.03490,0.03330,-0.00160
sd10-b025,jan-p01-t1k,171,0.04447,0.04452,0.04100,-0.00352
sd10-b025,jan-p01-t1k,236,0.05675,0.05686,0.05160,-0.00526
sd10-b025,jan-p01-t1k,325,0.07226,0.07240,0.06470,-0.00770
sd10-b025,jan-p01-t1k,448,0.09206,0.09220,0.07670,-0.01550
sd10-b025,jan-p01-t1k,618,0.11731,0.11766,0.09290,-0.02476
sd10-b025,jan-p01-t1k,852,0.14939,0.14999,0.10940,-0.04059
sd10-b025,jan-p01-t1k,1000,0.16852,0.16911,0.11590,-0.05321
sd10-b025,jan-p01-t1k,1174,0.19013,0.19057,0.12470,-0.06587
sd10-b025,jan-p01-t1k,1619,0.24209,0.24250,0.14210,-0.10040
sd10-b025,jan-p01-t1k,2233,0.30824,0.30861,0.15630,-0.15231
sd10-b025,jan-p01-t1k,3079,0.39237,0.39218,0.16670,-0.22548
sd10-b025,jan-p01-t1k,4245,0.49936,0.49817,0.17130,-0.32687
sd10-b025,jan-p01-t1k,5854,0.63561,0.63327,0.17290,-0.46037
sd10-b025,jan-p01-t1k,8072,0.80894,0.80426,0.17310,-0.63116
sd10-b025,jan-p01-t1k,10000,0.95000,0.94232,0.17310,-0.76922
sd10-b025,jan-p01-t1k,11130,0.95000,0.94232,0.17310,-0.76922
sd10-b025,jan-p01-t1k,15348,0.95000,0.94232,0.17310,-0.76922
sd10-b025,jan-p01-t1k,21163,0.95000,0.94232,0.17310,-0.76922
sd10-b025,jan-p01-t1k,29182,0.95000,0.94232,0.17310,-0.76922
sd10-b025,jan-p01-t1k,40239,0.95000,0.94232,0.17310,-0.76922
sd10-b025,jan-p01-t1k,55486,0.95000,0.94232,0.17310,-0.76922
sd10-b025,jan-p01-t1k,76510,0.95000,0.94232,0.17310,-0.76922
sd10-b025,jan-p01-t1k,105501,0.95000,0.94232,0.17310,-0.76922
sd10-b025,jan-p01-t1k,145476,0.95000,0.94232,0.17310,-0.76922
sd10-b025,jan-p01-t1k,200598,0.95000,0.94232,0.17310,-0.76922
sd10-b025,jan-p01-t1k,276605,0.95000,0.94232,0.17310,-0.76922
sd10-b025,jan-p01-t1k,381413,0.95000,0.94232,0.17310,-0.76922
sd10-b025,jan-p01-t1k,525933,0.95000,0.94232,0.17310,-0.76922
sd10-b025,jan-p01-t1k,725212,0.95000,0.94232,0.17310,-0.76922
sd10-b025,jan-p01-t1k,1000000,0.95000,0.94232,0.17310,-0.76922
sd10-b025,jan-p10-t1k,1,0.00071,0.00073,0.00065,-0.00008
sd10-b025,jan-p10-t1k,2,0.00131,0.00136,0.00125,-0.00011
sd10-b025,jan-p10-t1k,3,0.00185,0.00191,0.00177,-0.00013
sd10-b025,jan-p10-t1k,4,0.00236,0.00244,0.00217,-0.00027
sd10-b025,jan-p10-t1k,5,0.00283,0.00291,0.00262,-0.00029
sd10-b025,jan-p10-t1k,7,0.00373,0.00377,0.00360,-0.00017
sd10-b025,jan-p10-t1k,9,0.00456,0.00464,0.00455,-0.00009
sd10-b025,jan-p10-t1k,10,0.00497,0.00507,0.00506,-0.00001
sd10-b025,jan-p10-t1k,13,0.00612,0.00615,0.00622,0.00007
sd10-b025,jan-p10-t1k,18,0.00790,0.00797,0.00796,-0.00001
sd10-b025,jan-p10-t1k,25,0.01021,0.01030,0.01055,0.00025
sd10-b025,jan-p10-t1k,34,0.01295,0.01314,0.01345,0.00031
sd10-b025,jan-p10-t1k,47,0.01662,0.01673,0.01683,0.00010
sd10-b025,jan-p10-t1k,65,0.02131,0.02137,0.02134,-0.00003
sd10-b025,jan-p10-t1k,90,0.02731,0.02729,0.02730,0.00001
sd10-b025,jan-p10-t1k,100,0.02959,0.02964,0.02939,-0.00025
sd10-b025,jan-p10-t1k,124,0.03485,0.03490,0.03433,-0.00057
sd10-b025,jan-p10-t1k,171,0.04447,0.04452,0.04345,-0.00107
sd10-b025,jan-p10-t1k,236,0.05675,0.05686,0.05524,-0.00162
sd10-b025,jan-p10-t1k,325,0.07226,0.07240,0.06869,-0.00371
sd10-b025,jan-p10-t1k,448,0.09206,0.09220,0.08497,-0.00723
sd10-b025,jan-p10-t1k,618,0.11731,0.11766,0.10528,-0.01238
sd10-b025,jan-p10-t1k,852,0.14939,0.14999,0.12950,-0.02049
sd10-b025,jan-p10-t1k,1000,0.16852,0.16911,0.14271,-0.02640
sd10-b025,jan-p10-t1k,1174,0.19013,0.19057,0.15813,-0.03244
sd10-b025,jan-p10-t1k,1619,0.24209,0.24250,0.19758,-0.04492
sd10-b025,jan-p10-t1k,2233,0.30824,0.30861,0.25191,-0.05670
sd10-b025,jan-p10-t1k,3079,0.39237,0.39218,0.32257,-0.06961
sd10-b025,jan-p10-t1k,4245,0.49936,0.49817,0.40550,-0.09267
sd10-b025,jan-p10-t1k,5854,0.63561,0.63327,0.49716,-0.13611
sd10-b025,jan-p10-t1k,8072,0.80894,0.80426,0.57282,-0.23144
sd10-b025,jan-p10-t1k,10000,0.95000,0.94232,0.60342,-0.33890
sd10-b025,jan-p10-t1k,11130,0.95000,0.94232,0.61236,-0.32996
sd10-b025,jan-p10-t1k,15348,0.95000,0.94232,0.62376,-0.31856
sd10-b025,jan-p10-t1k,21163,0.95000,0.94232,0.62496,-0.31736
sd10-b025,jan-p10-t1k,29182,0.95000,0.94232,0.62501,-0.31731
sd10-b025,jan-p10-t1k,40239,0.95000,0.94232,0.62501,-0.31731
sd10-b025,jan-p10-t1k,55486,0.95000,0.94232,0.62501,-0.31731
sd10-b025,jan-p10-t1k,76510,0.95000,0.94232,0.62501,-0.31731
sd10-b025,jan-p10-t1k,105501,0.95000,0.94232,0.62501,-0.31731
sd10-b025,jan-p10-t1k,145476,0.95000,0.94232,0.62501,-0.31731
sd10-b025,jan-p10-t1k,200598,0.95000,0.94232,0.62501,-0.31731
sd10-b025,jan-p10-t1k,276605,0.95000,0.94232,0.62501,-0.31731
sd10-b025,jan-p10-t1k,381413,0.95000,0.94232,0.62501,-0.31731
sd10-b025,jan-p10-t1k,525933,0.95000,0.94232,0.62501,-0.31731
sd10-b025,jan-p10-t1k,725212,0.95000,0.94232,0.62501,-0.31731
sd10-b025,jan-p10-t1k,1000000,0.95000,0.94232,0.62501,-0.31731
sd10-b025,jan-p20-t1k,1,0.00071,0.00073,0.00069,-0.00004
sd10-b025,jan-p20-t1k,2,0.00131,0.00136,0.00129,-0.00007
sd10-b025,jan-p20-t1k,3,0.00185,0.00191,0.00183,-0.00007
sd10-b025,jan-p20-t1k,4,0.00236,0.00244,0.00232,-0.00011
sd10-b025,jan-p20-t1k,5,0.00283,0.00291,0.00279,-0.00012
sd10-b025,jan-p20-t1k,7,0.00373,0.00377,0.00368,-0.00009
sd10-b025,jan-p20-t1k,9,0.00456,0.00464,0.00459,-0.00005
sd10-b025,jan-p20-t1k,10,0.00497,0.00507,0.00511,0.00004
sd10-b025,jan-p20-t1k,13,0.00612,0.00615,0.00624,0.00010
sd10-b025,jan-p20-t1k,18,0.00790,0.00797,0.00801,0.00004
sd10-b025,jan-p20-t1k,25,0.01021,0.01030,0.01044,0.00015
sd10-b025,jan-p20-t1k,34,0.01295,0.01314,0.01341,0.00028
sd10-b025,jan-p20-t1k,47,0.01662,0.01673,0.01682,0.00009
sd10-b025,jan-p20-t1k,65,0.02131,0.02137,0.02126,-0.00011
sd10-b025,jan-p20-t1k,90,0.02731,0.02729,0.02697,-0.00032
sd10-b025,jan-p20-t1k,100,0.02959,0.02964,0.02899,-0.00066
sd10-b025,jan-p20-t1k,124,0.03485,0.03490,0.03372,-0.00118
sd10-b025,jan-p20-t1k,171,0.04447,0.04452,0.04276,-0.00177
sd10-b025,jan-p20-t1k,236,0.05675,0.05686,0.05407,-0.00278
sd10-b025,jan-p20-t1k,325,0.07226,0.07240,0.06760,-0.00480
sd10-b025,jan-p20-t1k,448,0.09206,0.09220,0.08423,-0.00797
sd10-b025,jan-p20-t1k,618,0.11731,0.11766,0.10451,-0.01315
sd10-b025,jan-p20-t1k,852,0.14939,0.14999,0.12953,-0.02047
sd10-b025,jan-p20-t1k,1000,0.16852,0.16911,0.14397,-0.02514
sd10-b025,jan-p20-t1k,1174,0.19013,0.19057,0.16144,-0.02913
sd10-b025,jan-p20-t1k,1619,0.24209,0.24250,0.20381,-0.03869
sd10-b025,jan-p20-t1k,2233,0.30824,0.30861,0.25904,-0.04957
sd10-b025,jan-p20-t1k,3079,0.39237,0.39218,0.33201,-0.06017
sd10-b025,jan-p20-t1k,4245,0.49936,0.49817,0.43245,-0.06572
sd10-b025,jan-p20-t1k,5854,0.63561,0.63327,0.55877,-0.07450
sd10-b025,jan-p20-t1k,8072,0.80894,0.80426,0.68075,-0.12351
sd10-b025,jan-p20-t1k,10000,0.95000,0.94232,0.73595,-0.20637
sd10-b025,jan-p20-t1k,11130,0.95000,0.94232,0.75116,-0.19116
sd10-b025,jan-p20-t1k,15348,0.95000,0.94232,0.76558,-0.17674
sd10-b025,jan-p20-t1k,21163,0.95000,0.94232,0.76640,-0.17592
sd10-b025,jan-p20-t1k,29182,0.95000,0.94232,0.76641,-0.17592
sd10-b025,jan-p20-t1k,40239,0.95000,0.94232,0.76641,-0.17592
sd10-b025,jan-p20-t1k,55486,0.95000,0.94232,0.76641,-0.17592
sd10-b025,jan-p20-t1k,76510,0.95000,0.94232,0.76641,-0.17592
sd10-b025,jan-p20-t1k,105501,0.95000,0.94232,0.76641,-0.17592
sd10-b025,jan-p20-t1k,145476,0.95000,0.94232,0.76641,-0.17592
sd10-b025,jan-p20-t1k,200598,0.95000,0.94232,0.76641,-0.17592
sd10-b025,jan-p20-t1k,276605,0.95000,0.94232,0.76641,-0.17592
sd10-b025,jan-p20-t1k,381413,0.95000,0.94232,0.76641,-0.17592
sd10-b025,jan-p20-t1k,525933,0.95000,0.94232,0.76641,-0.17592
sd10-b025,jan-p20-t1k,725212,0.95000,0.94232,0.76641,-0.17592
sd10-b025,jan-p20-t1k,1000000,0.95000,0.94232,0.76641,-0.17592
sd10-b025,jan-p01-t10k,1,0.00071,0.00073,0.00080,0.00007
sd10-b025,jan-p01-t10k,2,0.00131,0.00136,0.00120,-0.00016
sd10-b025,jan-p01-t10k,3,0.00185,0.00191,0.00150,-0.00040
sd10-b025,jan-p01-t10k,4,0.00236,0.00244,0.00210,-0.00034
sd10-b025,jan-p01-t10k,5,0.00283,0.00291,0.00280,-0.00011
sd10-b025,jan-p01-t10k,7,0.00373,0.00377,0.00410,0.00033
sd10-b025,jan-p01-t10k,9,0.00456,0.00464,0.00510,0.00046
sd10-b025,jan-p01-t10k,10,0.00497,0.00507,0.00610,0.00103
sd10-b025,jan-p01-t10k,13,0.00612,0.00615,0.00710,0.00095
sd10-b025,jan-p01-t10k,18,0.00790,0.00797,0.00900,0.00102
sd10-b025,jan-p01-t10k,25,0.01021,0.01030,0.01140,0.00110
sd10-b025,jan-p01-t10k,34,0.01295,0.01314,0.01250,-0.00064
sd10-b025,jan-p01-t10k,47,0.01662,0.01673,0.01540,-0.00133
sd10-b025,jan-p01-t10k,65,0.02131,0.02137,0.01940,-0.00197
sd10-b025,jan-p01-t10k,90,0.02731,0.02729,0.02360,-0.00369
sd10-b025,jan-p01-t10k,100,0.02959,0.02964,0.02530,-0.00434
sd10-b025,jan-p01-t10k,124,0.03485,0.03490,0.03050,-0.00440
sd10-b025,jan-p01-t10k,171,0.04447,0.04452,0.03920,-0.00532
sd10-b025,jan-p01-t10k,236,0.05675,0.05686,0.05140,-0.00546
sd10-b025,jan-p01-t10k,325,0.07226,0.07240,0.06430,-0.00810
sd10-b025,jan-p01-t10k,448,0.09206,0.09220,0.08300,-0.00920
sd10-b025,jan-p01-t10k,618,0.11731,0.11766,0.10870,-0.00896
sd10-b025,jan-p01-t10k,852,0.14939,0.14999,0.13760,-0.01239
sd10-b025,jan-p01-t10k,1000,0.16852,0.16911,0.15800,-0.01111
sd10-b025,jan-p01-t10k,1174,0.19013,0.19057,0.17660,-0.01397
sd10-b025,jan-p01-t10k,1619,0.24209,0.24250,0.21850,-0.02400
sd10-b025,jan-p01-t10k,2233,0.30824,0.30861,0.26890,-0.03972
sd10-b025,jan-p01-t10k,3079,0.39237,0.39218,0.32450,-0.06768
sd10-b025,jan-p01-t10k,4245,0.49936,0.49817,0.37780,-0.12037
sd10-b025,jan-p01-t10k,5854,0.63561,0.63327,0.40630,-0.22697
sd10-b025,jan-p01-t10k,8072,0.80894,0.80426,0.40630,-0.39796
sd10-b025,jan-p01-t10k,10000,0.95000,0.94232,0.40630,-0.53602
sd10-b025,jan-p01-t10k,11130,0.95000,0.94232,0.40630,-0.53602
sd10-b025,jan-p01-t10k,15348,0.95000,0.94232,0.40630,-0.53602
sd10-b025,jan-p01-t10k,21163,0.95000,0.94232,0.40630,-0.53602
sd10-b025,jan-p01-t10k,29182,0.95000,0.94232,0.40630,-0.53602
sd10-b025,jan-p01-t10k,40239,0.95000,0.94232,0.40630,-0.53602
sd10-b025,jan-p01-t10k,55486,0.95000,0.94232,0.40630,-0.53602
sd10-b025,jan-p01-t10k,76510,0.95000,0.94232,0.40630,-0.53602
sd10-b025,jan-p01-t10k,105501,0.95000,0.94232,0.40630,-0.53602
sd10-b025,jan-p01-t10k,145476,0.95000,0.94232,0.40630,-0.53602
sd10-b025,jan-p01-t10k,200598,0.95000,0.94232,0.40630,-0.53602
sd10-b025,jan-p01-t10k,276605,0.95000,0.94232,0.40630,-0.53602
sd10-b025,jan-p01-t10k,381413,0.95000,0.94232,0.40630,-0.53602
sd10-b025,jan-p01-t10k,525933,0.95000,0.94232,0.40630,-0.53602
sd10-b025,jan-p01-t10k,725212,0.95000,0.94232,0.40630,-0.53602
sd10-b025,jan-p01-t10k,1000000,0.95000,0.94232,0.40630,-0.53602
sd10-b025,jan-p10-t10k,1,0.00071,0.00073,0.00074,0.00001
sd10-b025,jan-p10-t10k,2,0.00131,0.00136,0.00138,0.00002
sd10-b025,jan-p10-t10k,3,0.00185,0.00191,0.00181,-0.00010
sd10-b025,jan-p10-t10k,4,0.00236,0.00244,0.00239,-0.00004
sd10-b025,jan-p10-t10k,5,0.00283,0.00291,0.00286,-0.00005
sd10-b025,jan-p10-t10k,7,0.00373,0.00377,0.00365,-0.00012
sd10-b025,jan-p10-t10k,9,0.00456,0.00464,0.00453,-0.00011
sd10-b025,jan-p10-t10k,10,0.00497,0.00507,0.00504,-0.00003
sd10-b025,jan-p10-t10k,13,0.00612,0.00615,0.00610,-0.00005
sd10-b025,jan-p10-t10k,18,0.00790,0.00797,0.00789,-0.00009
sd10-b025,jan-p10-t10k,25,0.01021,0.01030,0.01017,-0.00013
sd10-b025,jan-p10-t10k,34,0.01295,0.01314,0.01275,-0.00039
sd10-b025,jan-p10-t10k,47,0.01662,0.01673,0.01593,-0.00080
sd10-b025,jan-p10-t10k,65,0.02131,0.02137,0.02051,-0.00086
sd10-b025,jan-p10-t10k,90,0.02731,0.02729,0.02627,-0.00102
sd10-b025,jan-p10-t10k,100,0.02959,0.02964,0.02854,-0.00110
sd10-b025,jan-p10-t10k,124,0.03485,0.03490,0.03379,-0.00111
sd10-b025,jan-p10-t10k,171,0.04447,0.04452,0.04336,-0.00116
sd10-b025,jan-p10-t10k,236,0.05675,0.05686,0.05564,-0.00122
sd10-b025,jan-p10-t10k,325,0.07226,0.07240,0.07075,-0.00165
sd10-b025,jan-p10-t10k,448,0.09206,0.09220,0.09065,-0.00155
sd10-b025,jan-p10-t10k,618,0.11731,0.11766,0.11551,-0.00215
sd10-b025,jan-p10-t10k,852,0.14939,0.14999,0.14670,-0.00329
sd10-b025,jan-p10-t10k,1000,0.16852,0.16911,0.16507,-0.00404
sd10-b025,jan-p10-t10k,1174,0.19013,0.19057,0.18554,-0.00503
sd10-b025,jan-p10-t10k,1619,0.24209,0.24250,0.23226,-0.01024
sd10-b025,jan-p10-t10k,2233,0.30824,0.30861,0.29083,-0.01778
sd10-b025,jan-p10-t10k,3079,0.39237,0.39218,0.35990,-0.03228
sd10-b025,jan-p10-t10k,4245,0.49936,0.49817,0.43978,-0.05839
sd10-b025,jan-p10-t10k,5854,0.63561,0.63327,0.52333,-0.10994
sd10-b025,jan-p10-t10k,8072,0.80894,0.80426,0.59520,-0.20906
sd10-b025,jan-p10-t10k,10000,0.95000,0.94232,0.62490,-0.31742
sd10-b025,jan-p10-t10k,11130,0.95000,0.94232,0.63299,-0.30933
sd10-b025,jan-p10-t10k,15348,0.95000,0.94232,0.64296,-0.29936
sd10-b025,jan-p10-t10k,21163,0.95000,0.94232,0.64399,-0.29833
sd10-b025,jan-p10-t10k,29182,0.95000,0.94232,0.64403,-0.29829
sd10-b025,jan-p10-t10k,40239,0.95000,0.94232,0.64403,-0.29829
sd10-b025,jan-p10-t10k,55486,0.95000,0.94232,0.64403,-0.29829
sd10-b025,jan-p10-t10k,76510,0.95000,0.94232,0.64403,-0.29829
sd10-b025,jan-p10-t10k,105501,0.95000,0.94232,0.64403,-0.29829
sd10-b025,jan-p10-t10k,145476,0.95000,0.94232,0.64403,-0.29829
sd10-b025,jan-p10-t10k,200598,0.95000,0.94232,0.64403,-0.29829
sd10-b025,jan-p10-t10k,276605,0.95000,0.94232,0.64403,-0.29829
sd10-b025,jan-p10-t10k,381413,0.95000,0.94232,0.64403,-0.29829
sd10-b025,jan-p10-t10k,525933,0.95000,0.94232,0.64403,-0.29829
sd10-b025,jan-p10-t10k,725212,0.95000,0.94232,0.64403,-0.29829
sd10-b025,jan-p10-t10k,1000000,0.95000,0.94232,0.64403,-0.29829
sd10-b025,jan-p20-t10k,1,0.00071,0.00073,0.00074,0.00001
sd10-b025,jan-p20-t10k,2,0.00131,0.00136,0.00140,0.00004
sd10-b025,jan-p20-t10k,3,0.00185,0.00191,0.00185,-0.00006
sd10-b025,jan-p20-t10k,4,0.00236,0.00244,0.00247,0.00003
sd10-b025,jan-p20-t10k,5,0.00283,0.00291,0.00290,-0.00001
sd10-b025,jan-p20-t10k,7,0.00373,0.00377,0.00374,-0.00003
sd10-b025,jan-p20-t10k,9,0.00456,0.00464,0.00463,-0.00001
sd10-b025,jan-p20-t10k,10,0.00497,0.00507,0.00509,0.00003
sd10-b025,jan-p20-t10k,13,0.00612,0.00615,0.00611,-0.00003
sd10-b025,jan-p20-t10k,18,0.00790,0.00797,0.00789,-0.00008
sd10-b025,jan-p20-t10k,25,0.01021,0.01030,0.01018,-0.00012
sd10-b025,jan-p20-t10k,34,0.01295,0.01314,0.01288,-0.00026
sd10-b025,jan-p20-t10k,47,0.01662,0.01673,0.01637,-0.00037
sd10-b025,jan-p20-t10k,65,0.02131,0.02137,0.02097,-0.00040
sd10-b025,jan-p20-t10k,90,0.02731,0.02729,0.02688,-0.00041
sd10-b025,jan-p20-t10k,100,0.02959,0.02964,0.02930,-0.00035
sd10-b025,jan-p20-t10k,124,0.03485,0.03490,0.03477,-0.00013
sd10-b025,jan-p20-t10k,171,0.04447,0.04452,0.04453,0.00000
sd10-b025,jan-p20-t10k,236,0.05675,0.05686,0.05668,-0.00018
sd10-b025,jan-p20-t10k,325,0.07226,0.07240,0.07179,-0.00061
sd10-b025,jan-p20-t10k,448,0.09206,0.09220,0.09133,-0.00087
sd10-b025,jan-p20-t10k,618,0.11731,0.11766,0.11634,-0.00132
sd10-b025,jan-p20-t10k,852,0.14939,0.14999,0.14800,-0.00199
sd10-b025,jan-p20-t10k,1000,0.16852,0.16911,0.16629,-0.00281
sd10-b025,jan-p20-t10k,1174,0.19013,0.19057,0.18717,-0.00340
sd10-b025,jan-p20-t10k,1619,0.24209,0.24250,0.23582,-0.00668
sd10-b025,jan-p20-t10k,2233,0.30824,0.30861,0.29733,-0.01128
sd10-b025,jan-p20-t10k,3079,0.39237,0.39218,0.37301,-0.01917
sd10-b025,jan-p20-t10k,4245,0.49936,0.49817,0.46705,-0.03112
sd10-b025,jan-p20-t10k,5854,0.63561,0.63327,0.57902,-0.05425
sd10-b025,jan-p20-t10k,8072,0.80894,0.80426,0.69382,-0.11044
sd10-b025,jan-p20-t10k,10000,0.95000,0.94232,0.74521,-0.19712
sd10-b025,jan-p20-t10k,11130,0.95000,0.94232,0.75965,-0.18267
sd10-b025,jan-p20-t10k,15348,0.95000,0.94232,0.77240,-0.16992
sd10-b025,jan-p20-t10k,21163,0.95000,0.94232,0.77329,-0.16903
sd10-b025,jan-p20-t10k,29182,0.95000,0.94232,0.77331,-0.16901
sd10-b025,jan-p20-t10k,40239,0.95000,0.94232,0.77331,-0.16901
sd10-b025,jan-p20-t10k,55486,0.95000,0.94232,0.77331,-0.16901
sd10-b025,jan-p20-t10k,76510,0.95000,0.94232,0.77331,-0.16901
sd10-b025,jan-p20-t10k,105501,0.95000,0.94232,0.77331,-0.16901
sd10-b025,jan-p20-t10k,145476,0.95000,0.94232,0.77331,-0.16901
sd10-b025,jan-p20-t10k,200598,0.95000,0.94232,0.77331,-0.16901
sd10-b025,jan-p20-t10k,276605,0.95000,0.94232,0.77331,-0.16901
sd10-b025,jan-p20-t10k,381413,0.95000,0.94232,0.77331,-0.16901
sd10-b025,jan-p20-t10k,525933,0.95000,0.94232,0.77331,-0.16901
sd10-b025,jan-p20-t10k,725212,0.95000,0.94232,0.77331,-0.16901
sd10-b025,jan-p20-t10k,1000000,0.95000,0.94232,0.77331,-0.16901
sd11-b000,completa,1,0.00010,0.00009,0.00009,0.00000
sd11-b000,completa,2,0.00019,0.00017,0.00017,0.00000
sd11-b000,completa,3,0.00029,0.00026,0.00026,0.00000
sd11-b000,completa,4,0.00038,0.00036,0.00036,0.00000
sd11-b000,completa,5,0.00048,0.00047,0.00047,0.00000
sd11-b000,completa,7,0.00067,0.00068,0.00068,0.00000
sd11-b000,completa,9,0.00086,0.00089,0.00089,0.00000
sd11-b000,completa,10,0.00095,0.00098,0.00098,0.00000
sd11-b000,completa,13,0.00124,0.00128,0.00128,0.00000
sd11-b000,completa,18,0.00171,0.00176,0.00176,0.00000
sd11-b000,completa,25,0.00238,0.00246,0.00246,0.00000
sd11-b000,completa,34,0.00323,0.00330,0.00330,0.00000
sd11-b000,completa,47,0.00447,0.00454,0.00454,0.00000
sd11-b000,completa,65,0.00618,0.00621,0.00621,0.00000
sd11-b000,completa,90,0.00855,0.00860,0.00860,0.00000
sd11-b000,completa,100,0.00950,0.00960,0.00960,0.00000
sd11-b000,completa,124,0.01178,0.01198,0.01198,0.00000
sd11-b000,completa,171,0.01625,0.01637,0.01637,0.00000
sd11-b000,completa,236,0.02242,0.02251,0.02251,0.00000
sd11-b000,completa,325,0.03088,0.03095,0.03095,0.00000
sd11-b000,completa,448,0.04256,0.04262,0.04262,0.00000
sd11-b000,completa,618,0.05871,0.05884,0.05884,0.00000
sd11-b000,completa,852,0.08094,0.08102,0.08102,0.00000
sd11-b000,completa,1000,0.09500,0.09506,0.09506,0.00000
sd11-b000,completa,1174,0.11153,0.11173,0.11173,0.00000
sd11-b000,completa,1619,0.15381,0.15431,0.15431,0.00000
sd11-b000,completa,2233,0.21214,0.21247,0.21247,0.00000
sd11-b000,completa,3079,0.29251,0.29268,0.29268,0.00000
sd11-b000,completa,4245,0.40328,0.40276,0.40276,0.00000
sd11-b000,completa,5854,0.55613,0.55434,0.55434,0.00000
sd11-b000,completa,8072,0.76684,0.76215,0.76215,0.00000
sd11-b000,completa,10000,0.95000,0.94207,0.94207,0.00000
sd11-b000,completa,11130,0.95000,0.94207,0.94207,0.00000
sd11-b000,completa,15348,0.95000,0.94207,0.94207,0.00000
sd11-b000,completa,21163,0.95000,0.94207,0.94207,0.00000
sd11-b000,completa,29182,0.95000,0.94207,0.94207,0.00000
sd11-b000,completa,40239,0.95000,0.94207,0.94207,0.00000
sd11-b000,completa,55486,0.95000,0.94207,0.94207,0.00000
sd11-b000,completa,76510,0.95000,0.94207,0.94207,0.00000
sd11-b000,completa,105501,0.95000,0.94207,0.94207,0.00000
sd11-b000,completa,145476,0.95000,0.94207,0.94207,0.00000
sd11-b000,completa,200598,0.95000,0.94207,0.94207,0.00000
sd11-b000,completa,276605,0.95000,0.94207,0.94207,0.00000
sd11-b000,completa,381413,0.95000,0.94207,0.94207,0.00000
sd11-b000,completa,525933,0.95000,0.94207,0.94207,0.00000
sd11-b000,completa,725212,0.95000,0.94207,0.94207,0.00000
sd11-b000,completa,1000000,0.95000,0.94207,0.94207,0.00000
sd11-b000,sis-p01,1,0.00010,0.00009,0.00010,0.00001
sd11-b000,sis-p01,2,0.00019,0.00017,0.00020,0.00002
sd11-b000,sis-p01,3,0.00029,0.00026,0.00020,-0.00006
sd11-b000,sis-p01,4,0.00038,0.00036,0.00040,0.00004
sd11-b000,sis-p01,5,0.00048,0.00047,0.00040,-0.00007
sd11-b000,sis-p01,7,0.00067,0.00068,0.00050,-0.00018
sd11-b000,sis-p01,9,0.00086,0.00089,0.00060,-0.00029
sd11-b000,sis-p01,10,0.00095,0.00098,0.00060,-0.00039
sd11-b000,sis-p01,13,0.00124,0.00128,0.00100,-0.00028
sd11-b000,sis-p01,18,0.00171,0.00176,0.00120,-0.00056
sd11-b000,sis-p01,25,0.00238,0.00246,0.00190,-0.00056
sd11-b000,sis-p01,34,0.00323,0.00330,0.00280,-0.00050
sd11-b000,sis-p01,47,0.00447,0.00454,0.00370,-0.00084
sd11-b000,sis-p01,65,0.00618,0.00621,0.00520,-0.00101
sd11-b000,sis-p01,90,0.00855,0.00860,0.00730,-0.00130
sd11-b000,sis-p01,100,0.00950,0.00960,0.00800,-0.00160
sd11-b000,sis-p01,124,0.01178,0.01198,0.01010,-0.00188
sd11-b000,sis-p01,171,0.01625,0.01637,0.01460,-0.00177
sd11-b000,sis-p01,236,0.02242,0.02251,0.01990,-0.00261
sd11-b000,sis-p01,325,0.03088,0.03095,0.02870,-0.00225
sd11-b000,sis-p01,448,0.04256,0.04262,0.03920,-0.00343
sd11-b000,sis-p01,618,0.05871,0.05884,0.05299,-0.00585
sd11-b000,sis-p01,852,0.08094,0.08102,0.06749,-0.01353
sd11-b000,sis-p01,1000,0.09500,0.09506,0.07569,-0.01937
sd11-b000,sis-p01,1174,0.11153,0.11173,0.08639,-0.02534
sd11-b000,sis-p01,1619,0.15381,0.15431,0.10329,-0.05102
sd11-b000,sis-p01,2233,0.21214,0.21247,0.11919,-0.09328
sd11-b000,sis-p01,3079,0.29251,0.29268,0.13149,-0.16119
sd11-b000,sis-p01,4245,0.40328,0.40276,0.13709,-0.26567
sd11-b000,sis-p01,5854,0.55613,0.55434,0.13959,-0.41476
sd11-b000,sis-p01,8072,0.76684,0.76215,0.13979,-0.62237
sd11-b000,sis-p01,10000,0.95000,0.94207,0.13979,-0.80228
sd11-b000,sis-p01,11130,0.95000,0.94207,0.13979,-0.80228
sd11-b000,sis-p01,15348,0.95000,0.94207,0.13979,-0.80228
sd11-b000,sis-p01,21163,0.95000,0.94207,0.13979,-0.80228
sd11-b000,sis-p01,29182,0.95000,0.94207,0.13979,-0.80228
sd11-b000,sis-p01,40239,0.95000,0.94207,0.13979,-0.80228
sd11-b000,sis-p01,55486,0.95000,0.94207,0.13979,-0.80228
sd11-b000,sis-p01,76510,0.95000,0.94207,0.13979,-0.80228
sd11-b000,sis-p01,105501,0.95000,0.94207,0.13979,-0.80228
sd11-b000,sis-p01,145476,0.95000,0.94207,0.13979,-0.80228
sd11-b000,sis-p01,200598,0.95000,0.94207,0.13979,-0.80228
sd11-b000,sis-p01,276605,0.95000,0.94207,0.13979,-0.80228
sd11-b000,sis-p01,381413,0.95000,0.94207,0.13979,-0.80228
sd11-b000,sis-p01,525933,0.95000,0.94207,0.13979,-0.80228
sd11-b000,sis-p01,725212,0.95000,0.94207,0.13979,-0.80228
sd11-b000,sis-p01,1000000,0.95000,0.94207,0.13979,-0.80228
sd11-b000,sis-p10,1,0.00010,0.00009,0.00007,-0.00002
sd11-b000,sis-p10,2,0.00019,0.00017,0.00023,0.00005
sd11-b000,sis-p10,3,0.00029,0.00026,0.00031,0.00005
sd11-b000,sis-p10,4,0.00038,0.00036,0.00038,0.00002
sd11-b000,sis-p10,5,0.00048,0.00047,0.00050,0.00003
sd11-b000,sis-p10,7,0.00067,0.00068,0.00065,-0.00003
sd11-b000,sis-p10,9,0.00086,0.00089,0.00088,-0.00001
sd11-b000,sis-p10,10,0.00095,0.00098,0.00093,-0.00006
sd11-b000,sis-p10,13,0.00124,0.00128,0.00124,-0.00004
sd11-b000,sis-p10,18,0.00171,0.00176,0.00174,-0.00002
sd11-b000,sis-p10,25,0.00238,0.00246,0.00239,-0.00007
sd11-b000,sis-p10,34,0.00323,0.00330,0.00344,0.00014
sd11-b000,sis-p10,47,0.00447,0.00454,0.00482,0.00028
sd11-b000,sis-p10,65,0.00618,0.00621,0.00664,0.00043
sd11-b000,sis-p10,90,0.00855,0.00860,0.00911,0.00051
sd11-b000,sis-p10,100,0.00950,0.00960,0.00994,0.00034
sd11-b000,sis-p10,124,0.01178,0.01198,0.01242,0.00044
sd11-b000,sis-p10,171,0.01625,0.01637,0.01691,0.00054
sd11-b000,sis-p10,236,0.02242,0.02251,0.02296,0.00045
sd11-b000,sis-p10,325,0.03088,0.03095,0.03088,-0.00007
sd11-b000,sis-p10,448,0.04256,0.04262,0.04244,-0.00018
sd11-b000,sis-p10,618,0.05871,0.05884,0.05795,-0.00089
sd11-b000,sis-p10,852,0.08094,0.08102,0.08029,-0.00073
sd11-b000,sis-p10,1000,0.09500,0.09506,0.09394,-0.00112
sd11-b000,sis-p10,1174,0.11153,0.11173,0.11029,-0.00144
sd11-b000,sis-p10,1619,0.15381,0.15431,0.15195,-0.00236
sd11-b000,sis-p10,2233,0.21214,0.21247,0.20927,-0.00320
sd11-b000,sis-p10,3079,0.29251,0.29268,0.28476,-0.00792
sd11-b000,sis-p10,4245,0.40328,0.40276,0.37447,-0.02829
sd11-b000,sis-p10,5854,0.55613,0.55434,0.47182,-0.08253
sd11-b000,sis-p10,8072,0.76684,0.76215,0.55641,-0.20574
sd11-b000,sis-p10,10000,0.95000,0.94207,0.59248,-0.34959
sd11-b000,sis-p10,11130,0.95000,0.94207,0.60323,-0.33884
sd11-b000,sis-p10,15348,0.95000,0.94207,0.61618,-0.32589
sd11-b000,sis-p10,21163,0.95000,0.94207,0.61774,-0.32433
sd11-b000,sis-p10,29182,0.95000,0.94207,0.61778,-0.32429
sd11-b000,sis-p10,40239,0.95000,0.94207,0.61778,-0.32429
sd11-b000,sis-p10,55486,0.95000,0.94207,0.61778,-0.32429
sd11-b000,sis-p10,76510,0.95000,0.94207,0.61778,-0.32429
sd11-b000,sis-p10,105501,0.95000,0.94207,0.61778,-0.32429
sd11-b000,sis-p10,145476,0.95000,0.94207,0.61778,-0.32429
sd11-b000,sis-p10,200598,0.95000,0.94207,0.61778,-0.32429
sd11-b000,sis-p10,276605,0.95000,0.94207,0.61778,-0.32429
sd11-b000,sis-p10,381413,0.95000,0.94207,0.61778,-0.32429
sd11-b000,sis-p10,525933,0.95000,0.94207,0.61778,-0.32429
sd11-b000,sis-p10,725212,0.95000,0.94207,0.61778,-0.32429
sd11-b000,sis-p10,1000000,0.95000,0.94207,0.61778,-0.32429
sd11-b000,sis-p20,1,0.00010,0.00009,0.00014,0.00005
sd11-b000,sis-p20,2,0.00019,0.00017,0.00023,0.00005
sd11-b000,sis-p20,3,0.00029,0.00026,0.00033,0.00007
sd11-b000,sis-p20,4,0.00038,0.00036,0.00046,0.00010
sd11-b000,sis-p20,5,0.00048,0.00047,0.00051,0.00005
sd11-b000,sis-p20,7,0.00067,0.00068,0.00072,0.00004
sd11-b000,sis-p20,9,0.00086,0.00089,0.00090,0.00001
sd11-b000,sis-p20,10,0.00095,0.00098,0.00100,0.00001
sd11-b000,sis-p20,13,0.00124,0.00128,0.00126,-0.00002
sd11-b000,sis-p20,18,0.00171,0.00176,0.00169,-0.00007
sd11-b000,sis-p20,25,0.00238,0.00246,0.00241,-0.00004
sd11-b000,sis-p20,34,0.00323,0.00330,0.00321,-0.00009
sd11-b000,sis-p20,47,0.00447,0.00454,0.00450,-0.00004
sd11-b000,sis-p20,65,0.00618,0.00621,0.00624,0.00003
sd11-b000,sis-p20,90,0.00855,0.00860,0.00859,-0.00001
sd11-b000,sis-p20,100,0.00950,0.00960,0.00964,0.00004
sd11-b000,sis-p20,124,0.01178,0.01198,0.01193,-0.00005
sd11-b000,sis-p20,171,0.01625,0.01637,0.01650,0.00014
sd11-b000,sis-p20,236,0.02242,0.02251,0.02286,0.00035
sd11-b000,sis-p20,325,0.03088,0.03095,0.03157,0.00062
sd11-b000,sis-p20,448,0.04256,0.04262,0.04337,0.00075
sd11-b000,sis-p20,618,0.05871,0.05884,0.05896,0.00012
sd11-b000,sis-p20,852,0.08094,0.08102,0.08188,0.00086
sd11-b000,sis-p20,1000,0.09500,0.09506,0.09565,0.00059
sd11-b000,sis-p20,1174,0.11153,0.11173,0.11173,0.00000
sd11-b000,sis-p20,1619,0.15381,0.15431,0.15371,-0.00060
sd11-b000,sis-p20,2233,0.21214,0.21247,0.21084,-0.00162
sd11-b000,sis-p20,3079,0.29251,0.29268,0.28838,-0.00429
sd11-b000,sis-p20,4245,0.40328,0.40276,0.39670,-0.00606
sd11-b000,sis-p20,5854,0.55613,0.55434,0.53093,-0.02342
sd11-b000,sis-p20,8072,0.76684,0.76215,0.66486,-0.09730
sd11-b000,sis-p20,10000,0.95000,0.94207,0.72919,-0.21288
sd11-b000,sis-p20,11130,0.95000,0.94207,0.74662,-0.19545
sd11-b000,sis-p20,15348,0.95000,0.94207,0.76304,-0.17903
sd11-b000,sis-p20,21163,0.95000,0.94207,0.76393,-0.17814
sd11-b000,sis-p20,29182,0.95000,0.94207,0.76396,-0.17811
sd11-b000,sis-p20,40239,0.95000,0.94207,0.76396,-0.17811
sd11-b000,sis-p20,55486,0.95000,0.94207,0.76396,-0.17811
sd11-b000,sis-p20,76510,0.95000,0.94207,0.76396,-0.17811
sd11-b000,sis-p20,105501,0.95000,0.94207,0.76396,-0.17811
sd11-b000,sis-p20,145476,0.95000,0.94207,0.76396,-0.17811
sd11-b000,sis-p20,200598,0.95000,0.94207,0.76396,-0.17811
sd11-b000,sis-p20,276605,0.95000,0.94207,0.76396,-0.17811
sd11-b000,sis-p20,381413,0.95000,0.94207,0.76396,-0.17811
sd11-b000,sis-p20,525933,0.95000,0.94207,0.76396,-0.17811
sd11-b000,sis-p20,725212,0.95000,0.94207,0.76396,-0.17811
sd11-b000,sis-p20,1000000,0.95000,0.94207,0.76396,-0.17811
sd11-b000,jan-p01-t1k,1,0.00010,0.00009,0.00010,0.00001
sd11-b000,jan-p01-t1k,2,0.00019,0.00017,0.00010,-0.00007
sd11-b000,jan-p01-t1k,3,0.00029,0.00026,0.00020,-0.00006
sd11-b000,jan-p01-t1k,4,0.00038,0.00036,0.00030,-0.00006
sd11-b000,jan-p01-t1k,5,0.00048,0.00047,0.00040,-0.00007
sd11-b000,jan-p01-t1k,7,0.00067,0.00068,0.00040,-0.00028
sd11-b000,jan-p01-t1k,9,0.00086,0.00089,0.00050,-0.00039
sd11-b000,jan-p01-t1k,10,0.00095,0.00098,0.00060,-0.00039
sd11-b000,jan-p01-t1k,13,0.00124,0.00128,0.00110,-0.00018
sd11-b000,jan-p01-t1k,18,0.00171,0.00176,0.00150,-0.00026
sd11-b000,jan-p01-t1k,25,0.00238,0.00246,0.00230,-0.00016
sd11-b000,jan-p01-t1k,34,0.00323,0.00330,0.00370,0.00040
sd11-b000,jan-p01-t1k,47,0.00447,0.00454,0.00520,0.00066
sd11-b000,jan-p01-t1k,65,0.00618,0.00621,0.00670,0.00049
sd11-b000,jan-p01-t1k,90,0.00855,0.00860,0.00910,0.00051
sd11-b000,jan-p01-t1k,100,0.00950,0.00960,0.01050,0.00090
sd11-b000,jan-p01-t1k,124,0.01178,0.01198,0.01280,0.00082
sd11-b000,jan-p01-t1k,171,0.01625,0.01637,0.01570,-0.00067
sd11-b000,jan-p01-t1k,236,0.02242,0.02251,0.02190,-0.00061
sd11-b000,jan-p01-t1k,325,0.03088,0.03095,0.02880,-0.00215
sd11-b000,jan-p01-t1k,448,0.04256,0.04262,0.03930,-0.00332
sd11-b000,jan-p01-t1k,618,0.05871,0.05884,0.05300,-0.00584
sd11-b000,jan-p01-t1k,852,0.08094,0.08102,0.06790,-0.01312
sd11-b000,jan-p01-t1k,1000,0.09500,0.09506,0.07550,-0.01956
sd11-b000,jan-p01-t1k,1174,0.11153,0.11173,0.08450,-0.02723
sd11-b000,jan-p01-t1k,1619,0.15381,0.15431,0.10380,-0.05051
sd11-b000,jan-p01-t1k,2233,0.21214,0.21247,0.12160,-0.09087
sd11-b000,jan-p01-t1k,3079,0.29251,0.29268,0.13210,-0.16058
sd11-b000,jan-p01-t1k,4245,0.40328,0.40276,0.13860,-0.26416
sd11-b000,jan-p01-t1k,5854,0.55613,0.55434,0.14060,-0.41374
sd11-b000,jan-p01-t1k,8072,0.76684,0.76215,0.14090,-0.62125
sd11-b000,jan-p01-t1k,10000,0.95000,0.94207,0.14090,-0.80117
sd11-b000,jan-p01-t1k,11130,0.95000,0.94207,0.14090,-0.80117
sd11-b000,jan-p01-t1k,15348,0.95000,0.94207,0.14090,-0.80117
sd11-b000,jan-p01-t1k,21163,0.95000,0.94207,0.14090,-0.80117
sd11-b000,jan-p01-t1k,29182,0.95000,0.94207,0.14090,-0.80117
sd11-b000,jan-p01-t1k,40239,0.95000,0.94207,0.14090,-0.80117
sd11-b000,jan-p01-t1k,55486,0.95000,0.94207,0.14090,-0.80117
sd11-b000,jan-p01-t1k,76510,0.95000,0.94207,0.14090,-0.80117
sd11-b000,jan-p01-t1k,105501,0.95000,0.94207,0.14090,-0.80117
sd11-b000,jan-p01-t1k,145476,0.95000,0.94207,0.14090,-0.80117
sd11-b000,jan-p01-t1k,200598,0.95000,0.94207,0.14090,-0.80117
sd11-b000,jan-p01-t1k,276605,0.95000,0.94207,0.14090,-0.80117
sd11-b000,jan-p01-t1k,381413,0.95000,0.94207,0.14090,-0.80117
sd11-b000,jan-p01-t1k,525933,0.95000,0.94207,0.14090,-0.80117
sd11-b000,jan-p01-t1k,725212,0.95000,0.94207,0.14090,-0.80117
sd11-b000,jan-p01-t1k,1000000,0.95000,0.94207,0.14090,-0.80117
sd11-b000,jan-p10-t1k,1,0.00010,0.00009,0.00006,-0.00003
sd11-b000,jan-p10-t1k,2,0.00019,0.00017,0.00016,-0.00001
sd11-b000,jan-p10-t1k,3,0.00029,0.00026,0.00025,-0.00001
sd11-b000,jan-p10-t1k,4,0.00038,0.00036,0.00032,-0.00004
sd11-b000,jan-p10-t1k,5,0.00048,0.00047,0.00045,-0.00002
sd11-b000,jan-p10-t1k,7,0.00067,0.00068,0.00059,-0.00009
sd11-b000,jan-p10-t1k,9,0.00086,0.00089,0.00079,-0.00010
sd11-b000,jan-p10-t1k,10,0.00095,0.00098,0.00088,-0.00010
sd11-b000,jan-p10-t1k,13,0.00124,0.00128,0.00121,-0.00007
sd11-b000,jan-p10-t1k,18,0.00171,0.00176,0.00170,-0.00006
sd11-b000,jan-p10-t1k,25,0.00238,0.00246,0.00221,-0.00025
sd11-b000,jan-p10-t1k,34,0.00323,0.00330,0.00317,-0.00013
sd11-b000,jan-p10-t1k,47,0.00447,0.00454,0.00448,-0.00006
sd11-b000,jan-p10-t1k,65,0.00618,0.00621,0.00625,0.00004
sd11-b000,jan-p10-t1k,90,0.00855,0.00860,0.00859,-0.00000
sd11-b000,jan-p10-t1k,100,0.00950,0.00960,0.00970,0.00010
sd11-b000,jan-p10-t1k,124,0.01178,0.01198,0.01220,0.00022
sd11-b000,jan-p10-t1k,171,0.01625,0.01637,0.01644,0.00007
sd11-b000,jan-p10-t1k,236,0.02242,0.02251,0.02291,0.00040
sd11-b000,jan-p10-t1k,325,0.03088,0.03095,0.03123,0.00028
sd11-b000,jan-p10-t1k,448,0.04256,0.04262,0.04312,0.00050
sd11-b000,jan-p10-t1k,618,0.05871,0.05884,0.05939,0.00055
sd11-b000,jan-p10-t1k,852,0.08094,0.08102,0.08083,-0.00019
sd11-b000,jan-p10-t1k,1000,0.09500,0.09506,0.09494,-0.00012
sd11-b000,jan-p10-t1k,1174,0.11153,0.11173,0.11082,-0.00091
sd11-b000,jan-p10-t1k,1619,0.15381,0.15431,0.15160,-0.00271
sd11-b000,jan-p10-t1k,2233,0.21214,0.21247,0.20935,-0.00312
sd11-b000,jan-p10-t1k,3079,0.29251,0.29268,0.28587,-0.00681
sd11-b000,jan-p10-t1k,4245,0.40328,0.40276,0.37623,-0.02653
sd11-b000,jan-p10-t1k,5854,0.55613,0.55434,0.47276,-0.08158
sd11-b000,jan-p10-t1k,8072,0.76684,0.76215,0.55576,-0.20639
sd11-b000,jan-p10-t1k,10000,0.95000,0.94207,0.59150,-0.35057
sd11-b000,jan-p10-t1k,11130,0.95000,0.94207,0.60243,-0.33964
sd11-b000,jan-p10-t1k,15348,0.95000,0.94207,0.61508,-0.32699
sd11-b000,jan-p10-t1k,21163,0.95000,0.94207,0.61677,-0.32530
sd11-b000,jan-p10-t1k,29182,0.95000,0.94207,0.61686,-0.32521
sd11-b000,jan-p10-t1k,40239,0.95000,0.94207,0.61686,-0.32521
sd11-b000,jan-p10-t1k,55486,0.95000,0.94207,0.61686,-0.32521
sd11-b000,jan-p10-t1k,76510,0.95000,0.94207,0.61686,-0.32521
sd11-b000,jan-p10-t1k,105501,0.95000,0.94207,0.61686,-0.32521
sd11-b000,jan-p10-t1k,145476,0.95000,0.94207,0.61686,-0.32521
sd11-b000,jan-p10-t1k,200598,0.95000,0.94207,0.61686,-0.32521
sd11-b000,jan-p10-t1k,276605,0.95000,0.94207,0.61686,-0.32521
sd11-b000,jan-p10-t1k,381413,0.95000,0.94207,0.61686,-0.32521
sd11-b000,jan-p10-t1k,525933,0.95000,0.94207,0.61686,-0.32521
sd11-b000,jan-p10-t1k,725212,0.95000,0.94207,0.61686,-0.32521
sd11-b000,jan-p10-t1k,1000000,0.95000,0.94207,0.61686,-0.32521
sd11-b000,jan-p20-t1k,1,0.00010,0.00009,0.00007,-0.00002
sd11-b000,jan-p20-t1k,2,0.00019,0.00017,0.00015,-0.00003
sd11-b000,jan-p20-t1k,3,0.00029,0.00026,0.00026,0.00001
sd11-b000,jan-p20-t1k,4,0.00038,0.00036,0.00037,0.00001
sd11-b000,jan-p20-t1k,5,0.00048,0.00047,0.00049,0.00003
sd11-b000,jan-p20-t1k,7,0.00067,0.00068,0.00064,-0.00004
sd11-b000,jan-p20-t1k,9,0.00086,0.00089,0.00084,-0.00005
sd11-b000,jan-p20-t1k,10,0.00095,0.00098,0.00093,-0.00006
sd11-b000,jan-p20-t1k,13,0.00124,0.00128,0.00120,-0.00007
sd11-b000,jan-p20-t1k,18,0.00171,0.00176,0.00168,-0.00008
sd11-b000,jan-p20-t1k,25,0.00238,0.00246,0.00233,-0.00013
sd11-b000,jan-p20-t1k,34,0.00323,0.00330,0.00321,-0.00009
sd11-b000,jan-p20-t1k,47,0.00447,0.00454,0.00451,-0.00003
sd11-b000,jan-p20-t1k,65,0.00618,0.00621,0.00632,0.00011
sd11-b000,jan-p20-t1k,90,0.00855,0.00860,0.00873,0.00013
sd11-b000,jan-p20-t1k,100,0.00950,0.00960,0.00975,0.00015
sd11-b000,jan-p20-t1k,124,0.01178,0.01198,0.01231,0.00033
sd11-b000,jan-p20-t1k,171,0.01625,0.01637,0.01662,0.00025
sd11-b000,jan-p20-t1k,236,0.02242,0.02251,0.02286,0.00035
sd11-b000,jan-p20-t1k,325,0.03088,0.03095,0.03137,0.00042
sd11-b000,jan-p20-t1k,448,0.04256,0.04262,0.04298,0.00036
sd11-b000,jan-p20-t1k,618,0.05871,0.05884,0.05937,0.00052
sd11-b000,jan-p20-t1k,852,0.08094,0.08102,0.08161,0.00059
sd11-b000,jan-p20-t1k,1000,0.09500,0.09506,0.09555,0.00048
sd11-b000,jan-p20-t1k,1174,0.11153,0.11173,0.11224,0.00052
sd11-b000,jan-p20-t1k,1619,0.15381,0.15431,0.15352,-0.00079
sd11-b000,jan-p20-t1k,2233,0.21214,0.21247,0.21066,-0.00180
sd11-b000,jan-p20-t1k,3079,0.29251,0.29268,0.28903,-0.00364
sd11-b000,jan-p20-t1k,4245,0.40328,0.40276,0.39689,-0.00587
sd11-b000,jan-p20-t1k,5854,0.55613,0.55434,0.53246,-0.02189
sd11-b000,jan-p20-t1k,8072,0.76684,0.76215,0.66694,-0.09521
sd11-b000,jan-p20-t1k,10000,0.95000,0.94207,0.72949,-0.21259
sd11-b000,jan-p20-t1k,11130,0.95000,0.94207,0.74694,-0.19513
sd11-b000,jan-p20-t1k,15348,0.95000,0.94207,0.76340,-0.17868
sd11-b000,jan-p20-t1k,21163,0.95000,0.94207,0.76435,-0.17773
sd11-b000,jan-p20-t1k,29182,0.95000,0.94207,0.76435,-0.17772
sd11-b000,jan-p20-t1k,40239,0.95000,0.94207,0.76435,-0.17772
sd11-b000,jan-p20-t1k,55486,0.95000,0.94207,0.76435,-0.17772
sd11-b000,jan-p20-t1k,76510,0.95000,0.94207,0.76435,-0.17772
sd11-b000,jan-p20-t1k,105501,0.95000,0.94207,0.76435,-0.17772
sd11-b000,jan-p20-t1k,145476,0.95000,0.94207,0.76435,-0.17772
sd11-b000,jan-p20-t1k,200598,0.95000,0.94207,0.76435,-0.17772
sd11-b000,jan-p20-t1k,276605,0.95000,0.94207,0.76435,-0.17772
sd11-b000,jan-p20-t1k,381413,0.95000,0.94207,0.76435,-0.17772
sd11-b000,jan-p20-t1k,525933,0.95000,0.94207,0.76435,-0.17772
sd11-b000,jan-p20-t1k,725212,0.95000,0.94207,0.76435,-0.17772
sd11-b000,jan-p20-t1k,1000000,0.95000,0.94207,0.76435,-0.17772
sd11-b000,jan-p01-t10k,1,0.00010,0.00009,0.00020,0.00011
sd11-b000,jan-p01-t10k,2,0.00019,0.00017,0.00030,0.00012
sd11-b000,jan-p01-t10k,3,0.00029,0.00026,0.00030,0.00004
sd11-b000,jan-p01-t10k,4,0.00038,0.00036,0.00050,0.00014
sd11-b000,jan-p01-t10k,5,0.00048,0.00047,0.00060,0.00013
sd11-b000,jan-p01-t10k,7,0.00067,0.00068,0.00070,0.00002
sd11-b000,jan-p01-t10k,9,0.00086,0.00089,0.00090,0.00001
sd11-b000,jan-p01-t10k,10,0.00095,0.00098,0.00100,0.00002
sd11-b000,jan-p01-t10k,13,0.00124,0.00128,0.00120,-0.00008
sd11-b000,jan-p01-t10k,18,0.00171,0.00176,0.00140,-0.00036
sd11-b000,jan-p01-t10k,25,0.00238,0.00246,0.00220,-0.00026
sd11-b000,jan-p01-t10k,34,0.00323,0.00330,0.00340,0.00010
sd11-b000,jan-p01-t10k,47,0.00447,0.00454,0.00510,0.00056
sd11-b000,jan-p01-t10k,65,0.00618,0.00621,0.00710,0.00089
sd11-b000,jan-p01-t10k,90,0.00855,0.00860,0.00950,0.00090
sd11-b000,jan-p01-t10k,100,0.00950,0.00960,0.01080,0.00120
sd11-b000,jan-p01-t10k,124,0.01178,0.01198,0.01190,-0.00008
sd11-b000,jan-p01-t10k,171,0.01625,0.01637,0.01470,-0.00167
sd11-b000,jan-p01-t10k,236,0.02242,0.02251,0.02050,-0.00201
sd11-b000,jan-p01-t10k,325,0.03088,0.03095,0.02650,-0.00445
sd11-b000,jan-p01-t10k,448,0.04256,0.04262,0.03720,-0.00542
sd11-b000,jan-p01-t10k,618,0.05871,0.05884,0.05250,-0.00634
sd11-b000,jan-p01-t10k,852,0.08094,0.08102,0.07110,-0.00992
sd11-b000,jan-p01-t10k,1000,0.09500,0.09506,0.08240,-0.01266
sd11-b000,jan-p01-t10k,1174,0.11153,0.11173,0.10010,-0.01163
sd11-b000,jan-p01-t10k,1619,0.15381,0.15431,0.13550,-0.01881
sd11-b000,jan-p01-t10k,2233,0.21214,0.21247,0.18350,-0.02897
sd11-b000,jan-p01-t10k,3079,0.29251,0.29268,0.23680,-0.05588
sd11-b000,jan-p01-t10k,4245,0.40328,0.40276,0.29760,-0.10516
sd11-b000,jan-p01-t10k,5854,0.55613,0.55434,0.34460,-0.20974
sd11-b000,jan-p01-t10k,8072,0.76684,0.76215,0.35000,-0.41215
sd11-b000,jan-p01-t10k,10000,0.95000,0.94207,0.35000,-0.59207
sd11-b000,jan-p01-t10k,11130,0.95000,0.94207,0.35000,-0.59207
sd11-b000,jan-p01-t10k,15348,0.95000,0.94207,0.35000,-0.59207
sd11-b000,jan-p01-t10k,21163,0.95000,0.94207,0.35000,-0.59207
sd11-b000,jan-p01-t10k,29182,0.95000,0.94207,0.35000,-0.59207
sd11-b000,jan-p01-t10k,40239,0.95000,0.94207,0.35000,-0.59207
sd11-b000,jan-p01-t10k,55486,0.95000,0.94207,0.35000,-0.59207
sd11-b000,jan-p01-t10k,76510,0.95000,0.94207,0.35000,-0.59207
sd11-b000,jan-p01-t10k,105501,0.95000,0.94207,0.35000,-0.59207
sd11-b000,jan-p01-t10k,145476,0.95000,0.94207,0.35000,-0.59207
sd11-b000,jan-p01-t10k,200598,0.95000,0.94207,0.35000,-0.59207
sd11-b000,jan-p01-t10k,276605,0.95000,0.94207,0.35000,-0.59207
sd11-b000,jan-p01-t10k,381413,0.95000,0.94207,0.35000,-0.59207
sd11-b000,jan-p01-t10k,525933,0.95000,0.94207,0.35000,-0.59207
sd11-b000,jan-p01-t10k,725212,0.95000,0.94207,0.35000,-0.59207
sd11-b000,jan-p01-t10k,1000000,0.95000,0.94207,0.35000,-0.59207
sd11-b000,jan-p10-t10k,1,0.00010,0.00009,0.00008,-0.00001
sd11-b000,jan-p10-t10k,2,0.00019,0.00017,0.00019,0.00002
sd11-b000,jan-p10-t10k,3,0.00029,0.00026,0.00029,0.00003
sd11-b000,jan-p10-t10k,4,0.00038,0.00036,0.00047,0.00011
sd11-b000,jan-p10-t10k,5,0.00048,0.00047,0.00055,0.00008
sd11-b000,jan-p10-t10k,7,0.00067,0.00068,0.00069,0.00001
sd11-b000,jan-p10-t10k,9,0.00086,0.00089,0.00089,0.00000
sd11-b000,jan-p10-t10k,10,0.00095,0.00098,0.00101,0.00003
sd11-b000,jan-p10-t10k,13,0.00124,0.00128,0.00131,0.00003
sd11-b000,jan-p10-t10k,18,0.00171,0.00176,0.00170,-0.00006
sd11-b000,jan-p10-t10k,25,0.00238,0.00246,0.00245,-0.00001
sd11-b000,jan-p10-t10k,34,0.00323,0.00330,0.00323,-0.00007
sd11-b000,jan-p10-t10k,47,0.00447,0.00454,0.00448,-0.00006
sd11-b000,jan-p10-t10k,65,0.00618,0.00621,0.00618,-0.00003
sd11-b000,jan-p10-t10k,90,0.00855,0.00860,0.00839,-0.00021
sd11-b000,jan-p10-t10k,100,0.00950,0.00960,0.00942,-0.00018
sd11-b000,jan-p10-t10k,124,0.01178,0.01198,0.01164,-0.00034
sd11-b000,jan-p10-t10k,171,0.01625,0.01637,0.01556,-0.00081
sd11-b000,jan-p10-t10k,236,0.02242,0.02251,0.02169,-0.00082
sd11-b000,jan-p10-t10k,325,0.03088,0.03095,0.02970,-0.00125
sd11-b000,jan-p10-t10k,448,0.04256,0.04262,0.04137,-0.00125
sd11-b000,jan-p10-t10k,618,0.05871,0.05884,0.05762,-0.00122
sd11-b000,jan-p10-t10k,852,0.08094,0.08102,0.07886,-0.00216
sd11-b000,jan-p10-t10k,1000,0.09500,0.09506,0.09311,-0.00195
sd11-b000,jan-p10-t10k,1174,0.11153,0.11173,0.10891,-0.00282
sd11-b000,jan-p10-t10k,1619,0.15381,0.15431,0.14950,-0.00481
sd11-b000,jan-p10-t10k,2233,0.21214,0.21247,0.20369,-0.00878
sd11-b000,jan-p10-t10k,3079,0.29251,0.29268,0.27273,-0.01995
sd11-b000,jan-p10-t10k,4245,0.40328,0.40276,0.36072,-0.04204
sd11-b000,jan-p10-t10k,5854,0.55613,0.55434,0.46212,-0.09223
sd11-b000,jan-p10-t10k,8072,0.76684,0.76215,0.55496,-0.20719
sd11-b000,jan-p10-t10k,10000,0.95000,0.94207,0.59981,-0.34226
sd11-b000,jan-p10-t10k,11130,0.95000,0.94207,0.61087,-0.33120
sd11-b000,jan-p10-t10k,15348,0.95000,0.94207,0.62504,-0.31703
sd11-b000,jan-p10-t10k,21163,0.95000,0.94207,0.62668,-0.31539
sd11-b000,jan-p10-t10k,29182,0.95000,0.94207,0.62673,-0.31534
sd11-b000,jan-p10-t10k,40239,0.95000,0.94207,0.62673,-0.31534
sd11-b000,jan-p10-t10k,55486,0.95000,0.94207,0.62673,-0.31534
sd11-b000,jan-p10-t10k,76510,0.95000,0.94207,0.62673,-0.31534
sd11-b000,jan-p10-t10k,105501,0.95000,0.94207,0.62673,-0.31534
sd11-b000,jan-p10-t10k,145476,0.95000,0.94207,0.62673,-0.31534
sd11-b000,jan-p10-t10k,200598,0.95000,0.94207,0.62673,-0.31534
sd11-b000,jan-p10-t10k,276605,0.95000,0.94207,0.62673,-0.31534
sd11-b000,jan-p10-t10k,381413,0.95000,0.94207,0.62673,-0.31534
sd11-b000,jan-p10-t10k,525933,0.95000,0.94207,0.62673,-0.31534
sd11-b000,jan-p10-t10k,725212,0.95000,0.94207,0.62673,-0.31534
sd11-b000,jan-p10-t10k,1000000,0.95000,0.94207,0.62673,-0.31534
sd11-b000,jan-p20-t10k,1,0.00010,0.00009,0.00006,-0.00004
sd11-b000,jan-p20-t10k,2,0.00019,0.00017,0.00015,-0.00003
sd11-b000,jan-p20-t10k,3,0.00029,0.00026,0.00026,-0.00000
sd11-b000,jan-p20-t10k,4,0.00038,0.00036,0.00039,0.00003
sd11-b000,jan-p20-t10k,5,0.00048,0.00047,0.00049,0.00002
sd11-b000,jan-p20-t10k,7,0.00067,0.00068,0.00069,0.00001
sd11-b000,jan-p20-t10k,9,0.00086,0.00089,0.00089,-0.00000
sd11-b000,jan-p20-t10k,10,0.00095,0.00098,0.00103,0.00004
sd11-b000,jan-p20-t10k,13,0.00124,0.00128,0.00135,0.00007
sd11-b000,jan-p20-t10k,18,0.00171,0.00176,0.00172,-0.00004
sd11-b000,jan-p20-t10k,25,0.00238,0.00246,0.00249,0.00004
sd11-b000,jan-p20-t10k,34,0.00323,0.00330,0.00324,-0.00006
sd11-b000,jan-p20-t10k,47,0.00447,0.00454,0.00453,-0.00001
sd11-b000,jan-p20-t10k,65,0.00618,0.00621,0.00617,-0.00004
sd11-b000,jan-p20-t10k,90,0.00855,0.00860,0.00850,-0.00010
sd11-b000,jan-p20-t10k,100,0.00950,0.00960,0.00948,-0.00013
sd11-b000,jan-p20-t10k,124,0.01178,0.01198,0.01182,-0.00016
sd11-b000,jan-p20-t10k,171,0.01625,0.01637,0.01604,-0.00033
sd11-b000,jan-p20-t10k,236,0.02242,0.02251,0.02212,-0.00039
sd11-b000,jan-p20-t10k,325,0.03088,0.03095,0.03055,-0.00040
sd11-b000,jan-p20-t10k,448,0.04256,0.04262,0.04254,-0.00008
sd11-b000,jan-p20-t10k,618,0.05871,0.05884,0.05863,-0.00021
sd11-b000,jan-p20-t10k,852,0.08094,0.08102,0.08028,-0.00074
sd11-b000,jan-p20-t10k,1000,0.09500,0.09506,0.09455,-0.00052
sd11-b000,jan-p20-t10k,1174,0.11153,0.11173,0.11087,-0.00086
sd11-b000,jan-p20-t10k,1619,0.15381,0.15431,0.15299,-0.00132
sd11-b000,jan-p20-t10k,2233,0.21214,0.21247,0.20946,-0.00301
sd11-b000,jan-p20-t10k,3079,0.29251,0.29268,0.28502,-0.00766
sd11-b000,jan-p20-t10k,4245,0.40328,0.40276,0.38704,-0.01572
sd11-b000,jan-p20-t10k,5854,0.55613,0.55434,0.51850,-0.03585
sd11-b000,jan-p20-t10k,8072,0.76684,0.76215,0.66087,-0.10129
sd11-b000,jan-p20-t10k,10000,0.95000,0.94207,0.73017,-0.21190
sd11-b000,jan-p20-t10k,11130,0.95000,0.94207,0.74977,-0.19231
sd11-b000,jan-p20-t10k,15348,0.95000,0.94207,0.76602,-0.17605
sd11-b000,jan-p20-t10k,21163,0.95000,0.94207,0.76678,-0.17529
sd11-b000,jan-p20-t10k,29182,0.95000,0.94207,0.76678,-0.17529
sd11-b000,jan-p20-t10k,40239,0.95000,0.94207,0.76678,-0.17529
sd11-b000,jan-p20-t10k,55486,0.95000,0.94207,0.76678,-0.17529
sd11-b000,jan-p20-t10k,76510,0.95000,0.94207,0.76678,-0.17529
sd11-b000,jan-p20-t10k,105501,0.95000,0.94207,0.76678,-0.17529
sd11-b000,jan-p20-t10k,145476,0.95000,0.94207,0.76678,-0.17529
sd11-b000,jan-p20-t10k,200598,0.95000,0.94207,0.76678,-0.17529
sd11-b000,jan-p20-t10k,276605,0.95000,0.94207,0.76678,-0.17529
sd11-b000,jan-p20-t10k,381413,0.95000,0.94207,0.76678,-0.17529
sd11-b000,jan-p20-t10k,525933,0.95000,0.94207,0.76678,-0.17529
sd11-b000,jan-p20-t10k,725212,0.95000,0.94207,0.76678,-0.17529
sd11-b000,jan-p20-t10k,1000000,0.95000,0.94207,0.76678,-0.17529
