cenario,amostra,d,P(d<x)_completa,P(d<x)_amostra
sd01-b300,completa,1,0.83128,0.83128
sd01-b300,completa,2,0.93557,0.93557
sd01-b300,completa,3,0.96677,0.96677
sd01-b300,completa,4,0.97952,0.97952
sd01-b300,completa,5,0.98626,0.98626
sd01-b300,completa,7,0.99257,0.99257
sd01-b300,completa,9,0.99537,0.99537
sd01-b300,completa,10,0.99622,0.99622
sd01-b300,completa,13,0.99776,0.99776
sd01-b300,completa,18,0.99888,0.99888
sd01-b300,completa,25,0.99942,0.99942
sd01-b300,completa,34,0.99966,0.99966
sd01-b300,completa,47,0.99984,0.99984
sd01-b300,completa,65,0.99991,0.99991
sd01-b300,completa,90,0.99996,0.99996
sd01-b300,completa,100,0.99997,0.99997
sd01-b300,completa,124,0.99998,0.99998
sd01-b300,completa,171,0.99999,0.99999
sd01-b300,completa,236,0.99999,0.99999
sd01-b300,completa,325,0.99999,0.99999
sd01-b300,completa,448,1.00000,1.00000
sd01-b300,completa,618,1.00000,1.00000
sd01-b300,completa,852,1.00000,1.00000
sd01-b300,completa,1000,1.00000,1.00000
sd01-b300,completa,1174,1.00000,1.00000
sd01-b300,completa,1619,1.00000,1.00000
sd01-b300,completa,2233,1.00000,1.00000
sd01-b300,completa,3079,1.00000,1.00000
sd01-b300,completa,4245,1.00000,1.00000
sd01-b300,completa,5854,1.00000,1.00000
sd01-b300,completa,8072,1.00000,1.00000
sd01-b300,completa,10000,1.00000,1.00000
sd01-b300,completa,11130,1.00000,1.00000
sd01-b300,completa,15348,1.00000,1.00000
sd01-b300,completa,21163,1.00000,1.00000
sd01-b300,completa,29182,1.00000,1.00000
sd01-b300,completa,40239,1.00000,1.00000
sd01-b300,completa,55486,1.00000,1.00000
sd01-b300,completa,76510,1.00000,1.00000
sd01-b300,completa,105501,1.00000,1.00000
sd01-b300,completa,145476,1.00000,1.00000
sd01-b300,completa,200598,1.00000,1.00000
sd01-b300,completa,276605,1.00000,1.00000
sd01-b300,completa,381413,1.00000,1.00000
sd01-b300,completa,525933,1.00000,1.00000
sd01-b300,completa,725212,1.00000,1.00000
sd01-b300,completa,1000000,1.00000,1.00000
sd01-b300,sis-p01,1,0.83128,0.60907
sd01-b300,sis-p01,2,0.93557,0.81586
sd01-b300,sis-p01,3,0.96677,0.92493
sd01-b300,sis-p01,4,0.97952,0.95892
sd01-b300,sis-p01,5,0.98626,0.97592
sd01-b300,sis-p01,7,0.99257,0.99008
sd01-b300,sis-p01,9,0.99537,0.99575
sd01-b300,sis-p01,10,0.99622,0.99575
sd01-b300,sis-p01,13,0.99776,0.99858
sd01-b300,sis-p01,18,0.99888,1.00000
sd01-b300,sis-p01,25,0.99942,1.00000
sd01-b300,sis-p01,34,0.99966,1.00000
sd01-b300,sis-p01,47,0.99984,1.00000
sd01-b300,sis-p01,65,0.99991,1.00000
sd01-b300,sis-p01,90,0.99996,1.00000
sd01-b300,sis-p01,100,0.99997,1.00000
sd01-b300,sis-p01,124,0.99998,1.00000
sd01-b300,sis-p01,171,0.99999,1.00000
sd01-b300,sis-p01,236,0.99999,1.00000
sd01-b300,sis-p01,325,0.99999,1.00000
sd01-b300,sis-p01,448,1.00000,1.00000
sd01-b300,sis-p01,618,1.00000,1.00000
sd01-b300,sis-p01,852,1.00000,1.00000
sd01-b300,sis-p01,1000,1.00000,1.00000
sd01-b300,sis-p01,1174,1.00000,1.00000
sd01-b300,sis-p01,1619,1.00000,1.00000
sd01-b300,sis-p01,2233,1.00000,1.00000
sd01-b300,sis-p01,3079,1.00000,1.00000
sd01-b300,sis-p01,4245,1.00000,1.00000
sd01-b300,sis-p01,5854,1.00000,1.00000
sd01-b300,sis-p01,8072,1.00000,1.00000
sd01-b300,sis-p01,10000,1.00000,1.00000
sd01-b300,sis-p01,11130,1.00000,1.00000
sd01-b300,sis-p01,15348,1.00000,1.00000
sd01-b300,sis-p01,21163,1.00000,1.00000
sd01-b300,sis-p01,29182,1.00000,1.00000
sd01-b300,sis-p01,40239,1.00000,1.00000
sd01-b300,sis-p01,55486,1.00000,1.00000
sd01-b300,sis-p01,76510,1.00000,1.00000
sd01-b300,sis-p01,105501,1.00000,1.00000
sd01-b300,sis-p01,145476,1.00000,1.00000
sd01-b300,sis-p01,200598,1.00000,1.00000
sd01-b300,sis-p01,276605,1.00000,1.00000
sd01-b300,sis-p01,381413,1.00000,1.00000
sd01-b300,sis-p01,525933,1.00000,1.00000
sd01-b300,sis-p01,725212,1.00000,1.00000
sd01-b300,sis-p01,1000000,1.00000,1.00000
sd01-b300,sis-p10,1,0.83128,0.45636
sd01-b300,sis-p10,2,0.93557,0.69030
sd01-b300,sis-p10,3,0.96677,0.80909
sd01-b300,sis-p10,4,0.97952,0.87392
sd01-b300,sis-p10,5,0.98626,0.91213
sd01-b300,sis-p10,7,0.99257,0.95209
sd01-b300,sis-p10,9,0.99537,0.97075
sd01-b300,sis-p10,10,0.99622,0.97623
sd01-b300,sis-p10,13,0.99776,0.98668
sd01-b300,sis-p10,18,0.99888,0.99307
sd01-b300,sis-p10,25,0.99942,0.99621
sd01-b300,sis-p10,34,0.99966,0.99805
sd01-b300,sis-p10,47,0.99984,0.99897
sd01-b300,sis-p10,65,0.99991,0.99948
sd01-b300,sis-p10,90,0.99996,0.99977
sd01-b300,sis-p10,100,0.99997,0.99977
sd01-b300,sis-p10,124,0.99998,0.99982
sd01-b300,sis-p10,171,0.99999,0.99992
sd01-b300,sis-p10,236,0.99999,0.99994
sd01-b300,sis-p10,325,0.99999,0.99995
sd01-b300,sis-p10,448,1.00000,0.99998
sd01-b300,sis-p10,618,1.00000,0.99998
sd01-b300,sis-p10,852,1.00000,1.00000
sd01-b300,sis-p10,1000,1.00000,1.00000
sd01-b300,sis-p10,1174,1.00000,1.00000
sd01-b300,sis-p10,1619,1.00000,1.00000
sd01-b300,sis-p10,2233,1.00000,1.00000
sd01-b300,sis-p10,3079,1.00000,1.00000
sd01-b300,sis-p10,4245,1.00000,1.00000
sd01-b300,sis-p10,5854,1.00000,1.00000
sd01-b300,sis-p10,8072,1.00000,1.00000
sd01-b300,sis-p10,10000,1.00000,1.00000
sd01-b300,sis-p10,11130,1.00000,1.00000
sd01-b300,sis-p10,15348,1.00000,1.00000
sd01-b300,sis-p10,21163,1.00000,1.00000
sd01-b300,sis-p10,29182,1.00000,1.00000
sd01-b300,sis-p10,40239,1.00000,1.00000
sd01-b300,sis-p10,55486,1.00000,1.00000
sd01-b300,sis-p10,76510,1.00000,1.00000
sd01-b300,sis-p10,105501,1.00000,1.00000
sd01-b300,sis-p10,145476,1.00000,1.00000
sd01-b300,sis-p10,200598,1.00000,1.00000
sd01-b300,sis-p10,276605,1.00000,1.00000
sd01-b300,sis-p10,381413,1.00000,1.00000
sd01-b300,sis-p10,525933,1.00000,1.00000
sd01-b300,sis-p10,725212,1.00000,1.00000
sd01-b300,sis-p10,1000000,1.00000,1.00000
sd01-b300,sis-p20,1,0.83128,0.53484
sd01-b300,sis-p20,2,0.93557,0.76530
sd01-b300,sis-p20,3,0.96677,0.86593
sd01-b300,sis-p20,4,0.97952,0.91474
sd01-b300,sis-p20,5,0.98626,0.94190
sd01-b300,sis-p20,7,0.99257,0.96854
sd01-b300,sis-p20,9,0.99537,0.98029
sd01-b300,sis-p20,10,0.99622,0.98403
sd01-b300,sis-p20,13,0.99776,0.99085
sd01-b300,sis-p20,18,0.99888,0.99524
sd01-b300,sis-p20,25,0.99942,0.99755
sd01-b300,sis-p20,34,0.99966,0.99863
sd01-b300,sis-p20,47,0.99984,0.99931
sd01-b300,sis-p20,65,0.99991,0.99964
sd01-b300,sis-p20,90,0.99996,0.99983
sd01-b300,sis-p20,100,0.99997,0.99985
sd01-b300,sis-p20,124,0.99998,0.99987
sd01-b300,sis-p20,171,0.99999,0.99994
sd01-b300,sis-p20,236,0.99999,0.99995
sd01-b300,sis-p20,325,0.99999,0.99996
sd01-b300,sis-p20,448,1.00000,0.99998
sd01-b300,sis-p20,618,1.00000,0.99999
sd01-b300,sis-p20,852,1.00000,0.99999
sd01-b300,sis-p20,1000,1.00000,1.00000
sd01-b300,sis-p20,1174,1.00000,1.00000
sd01-b300,sis-p20,1619,1.00000,1.00000
sd01-b300,sis-p20,2233,1.00000,1.00000
sd01-b300,sis-p20,3079,1.00000,1.00000
sd01-b300,sis-p20,4245,1.00000,1.00000
sd01-b300,sis-p20,5854,1.00000,1.00000
sd01-b300,sis-p20,8072,1.00000,1.00000
sd01-b300,sis-p20,10000,1.00000,1.00000
sd01-b300,sis-p20,11130,1.00000,1.00000
sd01-b300,sis-p20,15348,1.00000,1.00000
sd01-b300,sis-p20,21163,1.00000,1.00000
sd01-b300,sis-p20,29182,1.00000,1.00000
sd01-b300,sis-p20,40239,1.00000,1.00000
sd01-b300,sis-p20,55486,1.00000,1.00000
sd01-b300,sis-p20,76510,1.00000,1.00000
sd01-b300,sis-p20,105501,1.00000,1.00000
sd01-b300,sis-p20,145476,1.00000,1.00000
sd01-b300,sis-p20,200598,1.00000,1.00000
sd01-b300,sis-p20,276605,1.00000,1.00000
sd01-b300,sis-p20,381413,1.00000,1.00000
sd01-b300,sis-p20,525933,1.00000,1.00000
sd01-b300,sis-p20,725212,1.00000,1.00000
sd01-b300,sis-p20,1000000,1.00000,1.00000
sd01-b300,jan-p01-t1k,1,0.83128,0.83042
sd01-b300,jan-p01-t1k,2,0.93557,0.93854
sd01-b300,jan-p01-t1k,3,0.96677,0.96932
sd01-b300,jan-p01-t1k,4,0.97952,0.98191
sd01-b300,jan-p01-t1k,5,0.98626,0.98963
sd01-b300,jan-p01-t1k,7,0.99257,0.99418
sd01-b300,jan-p01-t1k,9,0.99537,0.99714
sd01-b300,jan-p01-t1k,10,0.99622,0.99746
sd01-b300,jan-p01-t1k,13,0.99776,0.99884
sd01-b300,jan-p01-t1k,18,0.99888,0.99958
sd01-b300,jan-p01-t1k,25,0.99942,0.99968
sd01-b300,jan-p01-t1k,34,0.99966,1.00000
sd01-b300,jan-p01-t1k,47,0.99984,1.00000
sd01-b300,jan-p01-t1k,65,0.99991,1.00000
sd01-b300,jan-p01-t1k,90,0.99996,1.00000
sd01-b300,jan-p01-t1k,100,0.99997,1.00000
sd01-b300,jan-p01-t1k,124,0.99998,1.00000
sd01-b300,jan-p01-t1k,171,0.99999,1.00000
sd01-b300,jan-p01-t1k,236,0.99999,1.00000
sd01-b300,jan-p01-t1k,325,0.99999,1.00000
sd01-b300,jan-p01-t1k,448,1.00000,1.00000
sd01-b300,jan-p01-t1k,618,1.00000,1.00000
sd01-b300,jan-p01-t1k,852,1.00000,1.00000
sd01-b300,jan-p01-t1k,1000,1.00000,1.00000
sd01-b300,jan-p01-t1k,1174,1.00000,1.00000
sd01-b300,jan-p01-t1k,1619,1.00000,1.00000
sd01-b300,jan-p01-t1k,2233,1.00000,1.00000
sd01-b300,jan-p01-t1k,3079,1.00000,1.00000
sd01-b300,jan-p01-t1k,4245,1.00000,1.00000
sd01-b300,jan-p01-t1k,5854,1.00000,1.00000
sd01-b300,jan-p01-t1k,8072,1.00000,1.00000
sd01-b300,jan-p01-t1k,10000,1.00000,1.00000
sd01-b300,jan-p01-t1k,11130,1.00000,1.00000
sd01-b300,jan-p01-t1k,15348,1.00000,1.00000
sd01-b300,jan-p01-t1k,21163,1.00000,1.00000
sd01-b300,jan-p01-t1k,29182,1.00000,1.00000
sd01-b300,jan-p01-t1k,40239,1.00000,1.00000
sd01-b300,jan-p01-t1k,55486,1.00000,1.00000
sd01-b300,jan-p01-t1k,76510,1.00000,1.00000
sd01-b300,jan-p01-t1k,105501,1.00000,1.00000
sd01-b300,jan-p01-t1k,145476,1.00000,1.00000
sd01-b300,jan-p01-t1k,200598,1.00000,1.00000
sd01-b300,jan-p01-t1k,276605,1.00000,1.00000
sd01-b300,jan-p01-t1k,381413,1.00000,1.00000
sd01-b300,jan-p01-t1k,525933,1.00000,1.00000
sd01-b300,jan-p01-t1k,725212,1.00000,1.00000
sd01-b300,jan-p01-t1k,1000000,1.00000,1.00000
sd01-b300,jan-p10-t1k,1,0.83128,0.83260
sd01-b300,jan-p10-t1k,2,0.93557,0.93712
sd01-b300,jan-p10-t1k,3,0.96677,0.96898
sd01-b300,jan-p10-t1k,4,0.97952,0.98140
sd01-b300,jan-p10-t1k,5,0.98626,0.98824
sd01-b300,jan-p10-t1k,7,0.99257,0.99422
sd01-b300,jan-p10-t1k,9,0.99537,0.99677
sd01-b300,jan-p10-t1k,10,0.99622,0.99741
sd01-b300,jan-p10-t1k,13,0.99776,0.99866
sd01-b300,jan-p10-t1k,18,0.99888,0.99949
sd01-b300,jan-p10-t1k,25,0.99942,0.99980
sd01-b300,jan-p10-t1k,34,0.99966,0.99995
sd01-b300,jan-p10-t1k,47,0.99984,1.00000
sd01-b300,jan-p10-t1k,65,0.99991,1.00000
sd01-b300,jan-p10-t1k,90,0.99996,1.00000
sd01-b300,jan-p10-t1k,100,0.99997,1.00000
sd01-b300,jan-p10-t1k,124,0.99998,1.00000
sd01-b300,jan-p10-t1k,171,0.99999,1.00000
sd01-b300,jan-p10-t1k,236,0.99999,1.00000
sd01-b300,jan-p10-t1k,325,0.99999,1.00000
sd01-b300,jan-p10-t1k,448,1.00000,1.00000
sd01-b300,jan-p10-t1k,618,1.00000,1.00000
sd01-b300,jan-p10-t1k,852,1.00000,1.00000
sd01-b300,jan-p10-t1k,1000,1.00000,1.00000
sd01-b300,jan-p10-t1k,1174,1.00000,1.00000
sd01-b300,jan-p10-t1k,1619,1.00000,1.00000
sd01-b300,jan-p10-t1k,2233,1.00000,1.00000
sd01-b300,jan-p10-t1k,3079,1.00000,1.00000
sd01-b300,jan-p10-t1k,4245,1.00000,1.00000
sd01-b300,jan-p10-t1k,5854,1.00000,1.00000
sd01-b300,jan-p10-t1k,8072,1.00000,1.00000
sd01-b300,jan-p10-t1k,10000,1.00000,1.00000
sd01-b300,jan-p10-t1k,11130,1.00000,1.00000
sd01-b300,jan-p10-t1k,15348,1.00000,1.00000
sd01-b300,jan-p10-t1k,21163,1.00000,1.00000
sd01-b300,jan-p10-t1k,29182,1.00000,1.00000
sd01-b300,jan-p10-t1k,40239,1.00000,1.00000
sd01-b300,jan-p10-t1k,55486,1.00000,1.00000
sd01-b300,jan-p10-t1k,76510,1.00000,1.00000
sd01-b300,jan-p10-t1k,105501,1.00000,1.00000
sd01-b300,jan-p10-t1k,145476,1.00000,1.00000
sd01-b300,jan-p10-t1k,200598,1.00000,1.00000
sd01-b300,jan-p10-t1k,276605,1.00000,1.00000
sd01-b300,jan-p10-t1k,381413,1.00000,1.00000
sd01-b300,jan-p10-t1k,525933,1.00000,1.00000
sd01-b300,jan-p10-t1k,725212,1.00000,1.00000
sd01-b300,jan-p10-t1k,1000000,1.00000,1.00000
sd01-b300,jan-p20-t1k,1,0.83128,0.83324
sd01-b300,jan-p20-t1k,2,0.93557,0.93739
sd01-b300,jan-p20-t1k,3,0.96677,0.96893
sd01-b300,jan-p20-t1k,4,0.97952,0.98132
sd01-b300,jan-p20-t1k,5,0.98626,0.98810
sd01-b300,jan-p20-t1k,7,0.99257,0.99407
sd01-b300,jan-p20-t1k,9,0.99537,0.99671
sd01-b300,jan-p20-t1k,10,0.99622,0.99741
sd01-b300,jan-p20-t1k,13,0.99776,0.99857
sd01-b300,jan-p20-t1k,18,0.99888,0.99942
sd01-b300,jan-p20-t1k,25,0.99942,0.99983
sd01-b300,jan-p20-t1k,34,0.99966,0.99994
sd01-b300,jan-p20-t1k,47,0.99984,1.00000
sd01-b300,jan-p20-t1k,65,0.99991,1.00000
sd01-b300,jan-p20-t1k,90,0.99996,1.00000
sd01-b300,jan-p20-t1k,100,0.99997,1.00000
sd01-b300,jan-p20-t1k,124,0.99998,1.00000
sd01-b300,jan-p20-t1k,171,0.99999,1.00000
sd01-b300,jan-p20-t1k,236,0.99999,1.00000
sd01-b300,jan-p20-t1k,325,0.99999,1.00000
sd01-b300,jan-p20-t1k,448,1.00000,1.00000
sd01-b300,jan-p20-t1k,618,1.00000,1.00000
sd01-b300,jan-p20-t1k,852,1.00000,1.00000
sd01-b300,jan-p20-t1k,1000,1.00000,1.00000
sd01-b300,jan-p20-t1k,1174,1.00000,1.00000
sd01-b300,jan-p20-t1k,1619,1.00000,1.00000
sd01-b300,jan-p20-t1k,2233,1.00000,1.00000
sd01-b300,jan-p20-t1k,3079,1.00000,1.00000
sd01-b300,jan-p20-t1k,4245,1.00000,1.00000
sd01-b300,jan-p20-t1k,5854,1.00000,1.00000
sd01-b300,jan-p20-t1k,8072,1.00000,1.00000
sd01-b300,jan-p20-t1k,10000,1.00000,1.00000
sd01-b300,jan-p20-t1k,11130,1.00000,1.00000
sd01-b300,jan-p20-t1k,15348,1.00000,1.00000
sd01-b300,jan-p20-t1k,21163,1.00000,1.00000
sd01-b300,jan-p20-t1k,29182,1.00000,1.00000
sd01-b300,jan-p20-t1k,40239,1.00000,1.00000
sd01-b300,jan-p20-t1k,55486,1.00000,1.00000
sd01-b300,jan-p20-t1k,76510,1.00000,1.00000
sd01-b300,jan-p20-t1k,105501,1.00000,1.00000
sd01-b300,jan-p20-t1k,145476,1.00000,1.00000
sd01-b300,jan-p20-t1k,200598,1.00000,1.00000
sd01-b300,jan-p20-t1k,276605,1.00000,1.00000
sd01-b300,jan-p20-t1k,381413,1.00000,1.00000
sd01-b300,jan-p20-t1k,525933,1.00000,1.00000
sd01-b300,jan-p20-t1k,725212,1.00000,1.00000
sd01-b300,jan-p20-t1k,1000000,1.00000,1.00000
sd01-b300,jan-p01-t10k,1,0.83128,0.82559
sd01-b300,jan-p01-t10k,2,0.93557,0.93359
sd01-b300,jan-p01-t10k,3,0.96677,0.96727
sd01-b300,jan-p01-t10k,4,0.97952,0.98068
sd01-b300,jan-p01-t10k,5,0.98626,0.98860
sd01-b300,jan-p01-t10k,7,0.99257,0.99335
sd01-b300,jan-p01-t10k,9,0.99537,0.99546
sd01-b300,jan-p01-t10k,10,0.99622,0.99652
sd01-b300,jan-p01-t10k,13,0.99776,0.99831
sd01-b300,jan-p01-t10k,18,0.99888,0.99947
sd01-b300,jan-p01-t10k,25,0.99942,0.99979
sd01-b300,jan-p01-t10k,34,0.99966,0.99989
sd01-b300,jan-p01-t10k,47,0.99984,1.00000
sd01-b300,jan-p01-t10k,65,0.99991,1.00000
sd01-b300,jan-p01-t10k,90,0.99996,1.00000
sd01-b300,jan-p01-t10k,100,0.99997,1.00000
sd01-b300,jan-p01-t10k,124,0.99998,1.00000
sd01-b300,jan-p01-t10k,171,0.99999,1.00000
sd01-b300,jan-p01-t10k,236,0.99999,1.00000
sd01-b300,jan-p01-t10k,325,0.99999,1.00000
sd01-b300,jan-p01-t10k,448,1.00000,1.00000
sd01-b300,jan-p01-t10k,618,1.00000,1.00000
sd01-b300,jan-p01-t10k,852,1.00000,1.00000
sd01-b300,jan-p01-t10k,1000,1.00000,1.00000
sd01-b300,jan-p01-t10k,1174,1.00000,1.00000
sd01-b300,jan-p01-t10k,1619,1.00000,1.00000
sd01-b300,jan-p01-t10k,2233,1.00000,1.00000
sd01-b300,jan-p01-t10k,3079,1.00000,1.00000
sd01-b300,jan-p01-t10k,4245,1.00000,1.00000
sd01-b300,jan-p01-t10k,5854,1.00000,1.00000
sd01-b300,jan-p01-t10k,8072,1.00000,1.00000
sd01-b300,jan-p01-t10k,10000,1.00000,1.00000
sd01-b300,jan-p01-t10k,11130,1.00000,1.00000
sd01-b300,jan-p01-t10k,15348,1.00000,1.00000
sd01-b300,jan-p01-t10k,21163,1.00000,1.00000
sd01-b300,jan-p01-t10k,29182,1.00000,1.00000
sd01-b300,jan-p01-t10k,40239,1.00000,1.00000
sd01-b300,jan-p01-t10k,55486,1.00000,1.00000
sd01-b300,jan-p01-t10k,76510,1.00000,1.00000
sd01-b300,jan-p01-t10k,105501,1.00000,1.00000
sd01-b300,jan-p01-t10k,145476,1.00000,1.00000
sd01-b300,jan-p01-t10k,200598,1.00000,1.00000
sd01-b300,jan-p01-t10k,276605,1.00000,1.00000
sd01-b300,jan-p01-t10k,381413,1.00000,1.00000
sd01-b300,jan-p01-t10k,525933,1.00000,1.00000
sd01-b300,jan-p01-t10k,725212,1.00000,1.00000
sd01-b300,jan-p01-t10k,1000000,1.00000,1.00000
sd01-b300,jan-p10-t10k,1,0.83128,0.83073
sd01-b300,jan-p10-t10k,2,0.93557,0.93499
sd01-b300,jan-p10-t10k,3,0.96677,0.96644
sd01-b300,jan-p10-t10k,4,0.97952,0.97986
sd01-b300,jan-p10-t10k,5,0.98626,0.98677
sd01-b300,jan-p10-t10k,7,0.99257,0.99286
sd01-b300,jan-p10-t10k,9,0.99537,0.99572
sd01-b300,jan-p10-t10k,10,0.99622,0.99658
sd01-b300,jan-p10-t10k,13,0.99776,0.99805
sd01-b300,jan-p10-t10k,18,0.99888,0.99910
sd01-b300,jan-p10-t10k,25,0.99942,0.99953
sd01-b300,jan-p10-t10k,34,0.99966,0.99975
sd01-b300,jan-p10-t10k,47,0.99984,0.99986
sd01-b300,jan-p10-t10k,65,0.99991,0.99992
sd01-b300,jan-p10-t10k,90,0.99996,0.99996
sd01-b300,jan-p10-t10k,100,0.99997,0.99997
sd01-b300,jan-p10-t10k,124,0.99998,0.99997
sd01-b300,jan-p10-t10k,171,0.99999,0.99998
sd01-b300,jan-p10-t10k,236,0.99999,0.99999
sd01-b300,jan-p10-t10k,325,0.99999,0.99999
sd01-b300,jan-p10-t10k,448,1.00000,1.00000
sd01-b300,jan-p10-t10k,618,1.00000,1.00000
sd01-b300,jan-p10-t10k,852,1.00000,1.00000
sd01-b300,jan-p10-t10k,1000,1.00000,1.00000
sd01-b300,jan-p10-t10k,1174,1.00000,1.00000
sd01-b300,jan-p10-t10k,1619,1.00000,1.00000
sd01-b300,jan-p10-t10k,2233,1.00000,1.00000
sd01-b300,jan-p10-t10k,3079,1.00000,1.00000
sd01-b300,jan-p10-t10k,4245,1.00000,1.00000
sd01-b300,jan-p10-t10k,5854,1.00000,1.00000
sd01-b300,jan-p10-t10k,8072,1.00000,1.00000
sd01-b300,jan-p10-t10k,10000,1.00000,1.00000
sd01-b300,jan-p10-t10k,11130,1.00000,1.00000
sd01-b300,jan-p10-t10k,15348,1.00000,1.00000
sd01-b300,jan-p10-t10k,21163,1.00000,1.00000
sd01-b300,jan-p10-t10k,29182,1.00000,1.00000
sd01-b300,jan-p10-t10k,40239,1.00000,1.00000
sd01-b300,jan-p10-t10k,55486,1.00000,1.00000
sd01-b300,jan-p10-t10k,76510,1.00000,1.00000
sd01-b300,jan-p10-t10k,105501,1.00000,1.00000
sd01-b300,jan-p10-t10k,145476,1.00000,1.00000
sd01-b300,jan-p10-t10k,200598,1.00000,1.00000
sd01-b300,jan-p10-t10k,276605,1.00000,1.00000
sd01-b300,jan-p10-t10k,381413,1.00000,1.00000
sd01-b300,jan-p10-t10k,525933,1.00000,1.00000
sd01-b300,jan-p10-t10k,725212,1.00000,1.00000
sd01-b300,jan-p10-t10k,1000000,1.00000,1.00000
sd01-b300,jan-p20-t10k,1,0.83128,0.83132
sd01-b300,jan-p20-t10k,2,0.93557,0.93569
sd01-b300,jan-p20-t10k,3,0.96677,0.96701
sd01-b300,jan-p20-t10k,4,0.97952,0.98018
sd01-b300,jan-p20-t10k,5,0.98626,0.98695
sd01-b300,jan-p20-t10k,7,0.99257,0.99293
sd01-b300,jan-p20-t10k,9,0.99537,0.99571
sd01-b300,jan-p20-t10k,10,0.99622,0.99655
sd01-b300,jan-p20-t10k,13,0.99776,0.99795
sd01-b300,jan-p20-t10k,18,0.99888,0.99896
sd01-b300,jan-p20-t10k,25,0.99942,0.99951
sd01-b300,jan-p20-t10k,34,0.99966,0.99974
sd01-b300,jan-p20-t10k,47,0.99984,0.99985
sd01-b300,jan-p20-t10k,65,0.99991,0.99991
sd01-b300,jan-p20-t10k,90,0.99996,0.99995
sd01-b300,jan-p20-t10k,100,0.99997,0.99997
sd01-b300,jan-p20-t10k,124,0.99998,0.99998
sd01-b300,jan-p20-t10k,171,0.99999,0.99999
sd01-b300,jan-p20-t10k,236,0.99999,0.99999
sd01-b300,jan-p20-t10k,325,0.99999,0.99999
sd01-b300,jan-p20-t10k,448,1.00000,1.00000
sd01-b300,jan-p20-t10k,618,1.00000,1.00000
sd01-b300,jan-p20-t10k,852,1.00000,1.00000
sd01-b300,jan-p20-t10k,1000,1.00000,1.00000
sd01-b300,jan-p20-t10k,1174,1.00000,1.00000
sd01-b300,jan-p20-t10k,1619,1.00000,1.00000
sd01-b300,jan-p20-t10k,2233,1.00000,1.00000
sd01-b300,jan-p20-t10k,3079,1.00000,1.00000
sd01-b300,jan-p20-t10k,4245,1.00000,1.00000
sd01-b300,jan-p20-t10k,5854,1.00000,1.00000
sd01-b300,jan-p20-t10k,8072,1.00000,1.00000
sd01-b300,jan-p20-t10k,10000,1.00000,1.00000
sd01-b300,jan-p20-t10k,11130,1.00000,1.00000
sd01-b300,jan-p20-t10k,15348,1.00000,1.00000
sd01-b300,jan-p20-t10k,21163,1.00000,1.00000
sd01-b300,jan-p20-t10k,29182,1.00000,1.00000
sd01-b300,jan-p20-t10k,40239,1.00000,1.00000
sd01-b300,jan-p20-t10k,55486,1.00000,1.00000
sd01-b300,jan-p20-t10k,76510,1.00000,1.00000
sd01-b300,jan-p20-t10k,105501,1.00000,1.00000
sd01-b300,jan-p20-t10k,145476,1.00000,1.00000
sd01-b300,jan-p20-t10k,200598,1.00000,1.00000
sd01-b300,jan-p20-t10k,276605,1.00000,1.00000
sd01-b300,jan-p20-t10k,381413,1.00000,1.00000
sd01-b300,jan-p20-t10k,525933,1.00000,1.00000
sd01-b300,jan-p20-t10k,725212,1.00000,1.00000
sd01-b300,jan-p20-t10k,1000000,1.00000,1.00000
sd02-b250,completa,1,0.74482,0.74482
sd02-b250,completa,2,0.87677,0.87677
sd02-b250,completa,3,0.92453,0.92453
sd02-b250,completa,4,0.94843,0.94843
sd02-b250,completa,5,0.96174,0.96174
sd02-b250,completa,7,0.97574,0.97574
sd02-b250,completa,9,0.98290,0.98290
sd02-b250,completa,10,0.98529,0.98529
sd02-b250,completa,13,0.98991,0.98991
sd02-b250,completa,18,0.99372,0.99372
sd02-b250,completa,25,0.99613,0.99613
sd02-b250,completa,34,0.99761,0.99761
sd02-b250,completa,47,0.99859,0.99859
sd02-b250,completa,65,0.99914,0.99914
sd02-b250,completa,90,0.99948,0.99948
sd02-b250,completa,100,0.99954,0.99954
sd02-b250,completa,124,0.99966,0.99966
sd02-b250,completa,171,0.99980,0.99980
sd02-b250,completa,236,0.99988,0.99988
sd02-b250,completa,325,0.99993,0.99993
sd02-b250,completa,448,0.99996,0.99996
sd02-b250,completa,618,0.99998,0.99998
sd02-b250,completa,852,0.99998,0.99998
sd02-b250,completa,1000,0.99999,0.99999
sd02-b250,completa,1174,0.99999,0.99999
sd02-b250,completa,1619,0.99999,0.99999
sd02-b250,completa,2233,0.99999,0.99999
sd02-b250,completa,3079,0.99999,0.99999
sd02-b250,completa,4245,1.00000,1.00000
sd02-b250,completa,5854,1.00000,1.00000
sd02-b250,completa,8072,1.00000,1.00000
sd02-b250,completa,10000,1.00000,1.00000
sd02-b250,completa,11130,1.00000,1.00000
sd02-b250,completa,15348,1.00000,1.00000
sd02-b250,completa,21163,1.00000,1.00000
sd02-b250,completa,29182,1.00000,1.00000
sd02-b250,completa,40239,1.00000,1.00000
sd02-b250,completa,55486,1.00000,1.00000
sd02-b250,completa,76510,1.00000,1.00000
sd02-b250,completa,105501,1.00000,1.00000
sd02-b250,completa,145476,1.00000,1.00000
sd02-b250,completa,200598,1.00000,1.00000
sd02-b250,completa,276605,1.00000,1.00000
sd02-b250,completa,381413,1.00000,1.00000
sd02-b250,completa,525933,1.00000,1.00000
sd02-b250,completa,725212,1.00000,1.00000
sd02-b250,completa,1000000,1.00000,1.00000
sd02-b250,sis-p01,1,0.74482,0.46912
sd02-b250,sis-p01,2,0.87677,0.64680
sd02-b250,sis-p01,3,0.92453,0.76490
sd02-b250,sis-p01,4,0.94843,0.83207
sd02-b250,sis-p01,5,0.96174,0.88082
sd02-b250,sis-p01,7,0.97574,0.92091
sd02-b250,sis-p01,9,0.98290,0.94041
sd02-b250,sis-p01,10,0.98529,0.95125
sd02-b250,sis-p01,13,0.98991,0.97291
sd02-b250,sis-p01,18,0.99372,0.98808
sd02-b250,sis-p01,25,0.99613,0.99567
sd02-b250,sis-p01,34,0.99761,0.99675
sd02-b250,sis-p01,47,0.99859,0.99892
sd02-b250,sis-p01,65,0.99914,0.99892
sd02-b250,sis-p01,90,0.99948,1.00000
sd02-b250,sis-p01,100,0.99954,1.00000
sd02-b250,sis-p01,124,0.99966,1.00000
sd02-b250,sis-p01,171,0.99980,1.00000
sd02-b250,sis-p01,236,0.99988,1.00000
sd02-b250,sis-p01,325,0.99993,1.00000
sd02-b250,sis-p01,448,0.99996,1.00000
sd02-b250,sis-p01,618,0.99998,1.00000
sd02-b250,sis-p01,852,0.99998,1.00000
sd02-b250,sis-p01,1000,0.99999,1.00000
sd02-b250,sis-p01,1174,0.99999,1.00000
sd02-b250,sis-p01,1619,0.99999,1.00000
sd02-b250,sis-p01,2233,0.99999,1.00000
sd02-b250,sis-p01,3079,0.99999,1.00000
sd02-b250,sis-p01,4245,1.00000,1.00000
sd02-b250,sis-p01,5854,1.00000,1.00000
sd02-b250,sis-p01,8072,1.00000,1.00000
sd02-b250,sis-p01,10000,1.00000,1.00000
sd02-b250,sis-p01,11130,1.00000,1.00000
sd02-b250,sis-p01,15348,1.00000,1.00000
sd02-b250,sis-p01,21163,1.00000,1.00000
sd02-b250,sis-p01,29182,1.00000,1.00000
sd02-b250,sis-p01,40239,1.00000,1.00000
sd02-b250,sis-p01,55486,1.00000,1.00000
sd02-b250,sis-p01,76510,1.00000,1.00000
sd02-b250,sis-p01,105501,1.00000,1.00000
sd02-b250,sis-p01,145476,1.00000,1.00000
sd02-b250,sis-p01,200598,1.00000,1.00000
sd02-b250,sis-p01,276605,1.00000,1.00000
sd02-b250,sis-p01,381413,1.00000,1.00000
sd02-b250,sis-p01,525933,1.00000,1.00000
sd02-b250,sis-p01,725212,1.00000,1.00000
sd02-b250,sis-p01,1000000,1.00000,1.00000
sd02-b250,sis-p10,1,0.74482,0.35850
sd02-b250,sis-p10,2,0.87677,0.54991
sd02-b250,sis-p10,3,0.92453,0.66957
sd02-b250,sis-p10,4,0.94843,0.74644
sd02-b250,sis-p10,5,0.96174,0.79855
sd02-b250,sis-p10,7,0.97574,0.86350
sd02-b250,sis-p10,9,0.98290,0.89986
sd02-b250,sis-p10,10,0.98529,0.91285
sd02-b250,sis-p10,13,0.98991,0.94006
sd02-b250,sis-p10,18,0.99372,0.96284
sd02-b250,sis-p10,25,0.99613,0.97746
sd02-b250,sis-p10,34,0.99761,0.98651
sd02-b250,sis-p10,47,0.99859,0.99187
sd02-b250,sis-p10,65,0.99914,0.99496
sd02-b250,sis-p10,90,0.99948,0.99656
sd02-b250,sis-p10,100,0.99954,0.99710
sd02-b250,sis-p10,124,0.99966,0.99798
sd02-b250,sis-p10,171,0.99980,0.99874
sd02-b250,sis-p10,236,0.99988,0.99930
sd02-b250,sis-p10,325,0.99993,0.99962
sd02-b250,sis-p10,448,0.99996,0.99981
sd02-b250,sis-p10,618,0.99998,0.99984
sd02-b250,sis-p10,852,0.99998,0.99990
sd02-b250,sis-p10,1000,0.99999,0.99990
sd02-b250,sis-p10,1174,0.99999,0.99992
sd02-b250,sis-p10,1619,0.99999,0.99992
sd02-b250,sis-p10,2233,0.99999,0.99992
sd02-b250,sis-p10,3079,0.99999,0.99998
sd02-b250,sis-p10,4245,1.00000,0.99998
sd02-b250,sis-p10,5854,1.00000,1.00000
sd02-b250,sis-p10,8072,1.00000,1.00000
sd02-b250,sis-p10,10000,1.00000,1.00000
sd02-b250,sis-p10,11130,1.00000,1.00000
sd02-b250,sis-p10,15348,1.00000,1.00000
sd02-b250,sis-p10,21163,1.00000,1.00000
sd02-b250,sis-p10,29182,1.00000,1.00000
sd02-b250,sis-p10,40239,1.00000,1.00000
sd02-b250,sis-p10,55486,1.00000,1.00000
sd02-b250,sis-p10,76510,1.00000,1.00000
sd02-b250,sis-p10,105501,1.00000,1.00000
sd02-b250,sis-p10,145476,1.00000,1.00000
sd02-b250,sis-p10,200598,1.00000,1.00000
sd02-b250,sis-p10,276605,1.00000,1.00000
sd02-b250,sis-p10,381413,1.00000,1.00000
sd02-b250,sis-p10,525933,1.00000,1.00000
sd02-b250,sis-p10,725212,1.00000,1.00000
sd02-b250,sis-p10,1000000,1.00000,1.00000
sd02-b250,sis-p20,1,0.74482,0.41629
sd02-b250,sis-p20,2,0.87677,0.62757
sd02-b250,sis-p20,3,0.92453,0.74107
sd02-b250,sis-p20,4,0.94843,0.80973
sd02-b250,sis-p20,5,0.96174,0.85415
sd02-b250,sis-p20,7,0.97574,0.90364
sd02-b250,sis-p20,9,0.98290,0.93068
sd02-b250,sis-p20,10,0.98529,0.94020
sd02-b250,sis-p20,13,0.98991,0.95859
sd02-b250,sis-p20,18,0.99372,0.97416
sd02-b250,sis-p20,25,0.99613,0.98421
sd02-b250,sis-p20,34,0.99761,0.99030
sd02-b250,sis-p20,47,0.99859,0.99423
sd02-b250,sis-p20,65,0.99914,0.99650
sd02-b250,sis-p20,90,0.99948,0.99777
sd02-b250,sis-p20,100,0.99954,0.99807
sd02-b250,sis-p20,124,0.99966,0.99859
sd02-b250,sis-p20,171,0.99980,0.99918
sd02-b250,sis-p20,236,0.99988,0.99948
sd02-b250,sis-p20,325,0.99993,0.99972
sd02-b250,sis-p20,448,0.99996,0.99985
sd02-b250,sis-p20,618,0.99998,0.99989
sd02-b250,sis-p20,852,0.99998,0.99992
sd02-b250,sis-p20,1000,0.99999,0.99996
sd02-b250,sis-p20,1174,0.99999,0.99996
sd02-b250,sis-p20,1619,0.99999,0.99996
sd02-b250,sis-p20,2233,0.99999,0.99997
sd02-b250,sis-p20,3079,0.99999,0.99998
sd02-b250,sis-p20,4245,1.00000,0.99999
sd02-b250,sis-p20,5854,1.00000,1.00000
sd02-b250,sis-p20,8072,1.00000,1.00000
sd02-b250,sis-p20,10000,1.00000,1.00000
sd02-b250,sis-p20,11130,1.00000,1.00000
sd02-b250,sis-p20,15348,1.00000,1.00000
sd02-b250,sis-p20,21163,1.00000,1.00000
sd02-b250,sis-p20,29182,1.00000,1.00000
sd02-b250,sis-p20,40239,1.00000,1.00000
sd02-b250,sis-p20,55486,1.00000,1.00000
sd02-b250,sis-p20,76510,1.00000,1.00000
sd02-b250,sis-p20,105501,1.00000,1.00000
sd02-b250,sis-p20,145476,1.00000,1.00000
sd02-b250,sis-p20,200598,1.00000,1.00000
sd02-b250,sis-p20,276605,1.00000,1.00000
sd02-b250,sis-p20,381413,1.00000,1.00000
sd02-b250,sis-p20,525933,1.00000,1.00000
sd02-b250,sis-p20,725212,1.00000,1.00000
sd02-b250,sis-p20,1000000,1.00000,1.00000
sd02-b250,jan-p01-t1k,1,0.74482,0.74822
sd02-b250,jan-p01-t1k,2,0.87677,0.88202
sd02-b250,jan-p01-t1k,3,0.92453,0.92960
sd02-b250,jan-p01-t1k,4,0.94843,0.95402
sd02-b250,jan-p01-t1k,5,0.96174,0.96729
sd02-b250,jan-p01-t1k,7,0.97574,0.98120
sd02-b250,jan-p01-t1k,9,0.98290,0.98800
sd02-b250,jan-p01-t1k,10,0.98529,0.99055
sd02-b250,jan-p01-t1k,13,0.98991,0.99395
sd02-b250,jan-p01-t1k,18,0.99372,0.99724
sd02-b250,jan-p01-t1k,25,0.99613,0.99883
sd02-b250,jan-p01-t1k,34,0.99761,1.00000
sd02-b250,jan-p01-t1k,47,0.99859,1.00000
sd02-b250,jan-p01-t1k,65,0.99914,1.00000
sd02-b250,jan-p01-t1k,90,0.99948,1.00000
sd02-b250,jan-p01-t1k,100,0.99954,1.00000
sd02-b250,jan-p01-t1k,124,0.99966,1.00000
sd02-b250,jan-p01-t1k,171,0.99980,1.00000
sd02-b250,jan-p01-t1k,236,0.99988,1.00000
sd02-b250,jan-p01-t1k,325,0.99993,1.00000
sd02-b250,jan-p01-t1k,448,0.99996,1.00000
sd02-b250,jan-p01-t1k,618,0.99998,1.00000
sd02-b250,jan-p01-t1k,852,0.99998,1.00000
sd02-b250,jan-p01-t1k,1000,0.99999,1.00000
sd02-b250,jan-p01-t1k,1174,0.99999,1.00000
sd02-b250,jan-p01-t1k,1619,0.99999,1.00000
sd02-b250,jan-p01-t1k,2233,0.99999,1.00000
sd02-b250,jan-p01-t1k,3079,0.99999,1.00000
sd02-b250,jan-p01-t1k,4245,1.00000,1.00000
sd02-b250,jan-p01-t1k,5854,1.00000,1.00000
sd02-b250,jan-p01-t1k,8072,1.00000,1.00000
sd02-b250,jan-p01-t1k,10000,1.00000,1.00000
sd02-b250,jan-p01-t1k,11130,1.00000,1.00000
sd02-b250,jan-p01-t1k,15348,1.00000,1.00000
sd02-b250,jan-p01-t1k,21163,1.00000,1.00000
sd02-b250,jan-p01-t1k,29182,1.00000,1.00000
sd02-b250,jan-p01-t1k,40239,1.00000,1.00000
sd02-b250,jan-p01-t1k,55486,1.00000,1.00000
sd02-b250,jan-p01-t1k,76510,1.00000,1.00000
sd02-b250,jan-p01-t1k,105501,1.00000,1.00000
sd02-b250,jan-p01-t1k,145476,1.00000,1.00000
sd02-b250,jan-p01-t1k,200598,1.00000,1.00000
sd02-b250,jan-p01-t1k,276605,1.00000,1.00000
sd02-b250,jan-p01-t1k,381413,1.00000,1.00000
sd02-b250,jan-p01-t1k,525933,1.00000,1.00000
sd02-b250,jan-p01-t1k,725212,1.00000,1.00000
sd02-b250,jan-p01-t1k,1000000,1.00000,1.00000
sd02-b250,jan-p10-t1k,1,0.74482,0.74962
sd02-b250,jan-p10-t1k,2,0.87677,0.88231
sd02-b250,jan-p10-t1k,3,0.92453,0.92915
sd02-b250,jan-p10-t1k,4,0.94843,0.95340
sd02-b250,jan-p10-t1k,5,0.96174,0.96674
sd02-b250,jan-p10-t1k,7,0.97574,0.98092
sd02-b250,jan-p10-t1k,9,0.98290,0.98741
sd02-b250,jan-p10-t1k,10,0.98529,0.98980
sd02-b250,jan-p10-t1k,13,0.98991,0.99396
sd02-b250,jan-p10-t1k,18,0.99372,0.99711
sd02-b250,jan-p10-t1k,25,0.99613,0.99884
sd02-b250,jan-p10-t1k,34,0.99761,0.99963
sd02-b250,jan-p10-t1k,47,0.99859,0.99996
sd02-b250,jan-p10-t1k,65,0.99914,0.99999
sd02-b250,jan-p10-t1k,90,0.99948,0.99999
sd02-b250,jan-p10-t1k,100,0.99954,0.99999
sd02-b250,jan-p10-t1k,124,0.99966,0.99999
sd02-b250,jan-p10-t1k,171,0.99980,0.99999
sd02-b250,jan-p10-t1k,236,0.99988,1.00000
sd02-b250,jan-p10-t1k,325,0.99993,1.00000
sd02-b250,jan-p10-t1k,448,0.99996,1.00000
sd02-b250,jan-p10-t1k,618,0.99998,1.00000
sd02-b250,jan-p10-t1k,852,0.99998,1.00000
sd02-b250,jan-p10-t1k,1000,0.99999,1.00000
sd02-b250,jan-p10-t1k,1174,0.99999,1.00000
sd02-b250,jan-p10-t1k,1619,0.99999,1.00000
sd02-b250,jan-p10-t1k,2233,0.99999,1.00000
sd02-b250,jan-p10-t1k,3079,0.99999,1.00000
sd02-b250,jan-p10-t1k,4245,1.00000,1.00000
sd02-b250,jan-p10-t1k,5854,1.00000,1.00000
sd02-b250,jan-p10-t1k,8072,1.00000,1.00000
sd02-b250,jan-p10-t1k,10000,1.00000,1.00000
sd02-b250,jan-p10-t1k,11130,1.00000,1.00000
sd02-b250,jan-p10-t1k,15348,1.00000,1.00000
sd02-b250,jan-p10-t1k,21163,1.00000,1.00000
sd02-b250,jan-p10-t1k,29182,1.00000,1.00000
sd02-b250,jan-p10-t1k,40239,1.00000,1.00000
sd02-b250,jan-p10-t1k,55486,1.00000,1.00000
sd02-b250,jan-p10-t1k,76510,1.00000,1.00000
sd02-b250,jan-p10-t1k,105501,1.00000,1.00000
sd02-b250,jan-p10-t1k,145476,1.00000,1.00000
sd02-b250,jan-p10-t1k,200598,1.00000,1.00000
sd02-b250,jan-p10-t1k,276605,1.00000,1.00000
sd02-b250,jan-p10-t1k,381413,1.00000,1.00000
sd02-b250,jan-p10-t1k,525933,1.00000,1.00000
sd02-b250,jan-p10-t1k,725212,1.00000,1.00000
sd02-b250,jan-p10-t1k,1000000,1.00000,1.00000
sd02-b250,jan-p20-t1k,1,0.74482,0.74982
sd02-b250,jan-p20-t1k,2,0.87677,0.88210
sd02-b250,jan-p20-t1k,3,0.92453,0.92963
sd02-b250,jan-p20-t1k,4,0.94843,0.95395
sd02-b250,jan-p20-t1k,5,0.96174,0.96693
sd02-b250,jan-p20-t1k,7,0.97574,0.98074
sd02-b250,jan-p20-t1k,9,0.98290,0.98724
sd02-b250,jan-p20-t1k,10,0.98529,0.98965
sd02-b250,jan-p20-t1k,13,0.98991,0.99388
sd02-b250,jan-p20-t1k,18,0.99372,0.99701
sd02-b250,jan-p20-t1k,25,0.99613,0.99881
sd02-b250,jan-p20-t1k,34,0.99761,0.99953
sd02-b250,jan-p20-t1k,47,0.99859,0.99988
sd02-b250,jan-p20-t1k,65,0.99914,0.99995
sd02-b250,jan-p20-t1k,90,0.99948,0.99997
sd02-b250,jan-p20-t1k,100,0.99954,0.99997
sd02-b250,jan-p20-t1k,124,0.99966,0.99998
sd02-b250,jan-p20-t1k,171,0.99980,0.99998
sd02-b250,jan-p20-t1k,236,0.99988,0.99998
sd02-b250,jan-p20-t1k,325,0.99993,0.99998
sd02-b250,jan-p20-t1k,448,0.99996,0.99999
sd02-b250,jan-p20-t1k,618,0.99998,0.99999
sd02-b250,jan-p20-t1k,852,0.99998,1.00000
sd02-b250,jan-p20-t1k,1000,0.99999,1.00000
sd02-b250,jan-p20-t1k,1174,0.99999,1.00000
sd02-b250,jan-p20-t1k,1619,0.99999,1.00000
sd02-b250,jan-p20-t1k,2233,0.99999,1.00000
sd02-b250,jan-p20-t1k,3079,0.99999,1.00000
sd02-b250,jan-p20-t1k,4245,1.00000,1.00000
sd02-b250,jan-p20-t1k,5854,1.00000,1.00000
sd02-b250,jan-p20-t1k,8072,1.00000,1.00000
sd02-b250,jan-p20-t1k,10000,1.00000,1.00000
sd02-b250,jan-p20-t1k,11130,1.00000,1.00000
sd02-b250,jan-p20-t1k,15348,1.00000,1.00000
sd02-b250,jan-p20-t1k,21163,1.00000,1.00000
sd02-b250,jan-p20-t1k,29182,1.00000,1.00000
sd02-b250,jan-p20-t1k,40239,1.00000,1.00000
sd02-b250,jan-p20-t1k,55486,1.00000,1.00000
sd02-b250,jan-p20-t1k,76510,1.00000,1.00000
sd02-b250,jan-p20-t1k,105501,1.00000,1.00000
sd02-b250,jan-p20-t1k,145476,1.00000,1.00000
sd02-b250,jan-p20-t1k,200598,1.00000,1.00000
sd02-b250,jan-p20-t1k,276605,1.00000,1.00000
sd02-b250,jan-p20-t1k,381413,1.00000,1.00000
sd02-b250,jan-p20-t1k,525933,1.00000,1.00000
sd02-b250,jan-p20-t1k,725212,1.00000,1.00000
sd02-b250,jan-p20-t1k,1000000,1.00000,1.00000
sd02-b250,jan-p01-t10k,1,0.74482,0.74321
sd02-b250,jan-p01-t10k,2,0.87677,0.87229
sd02-b250,jan-p01-t10k,3,0.92453,0.92141
sd02-b250,jan-p01-t10k,4,0.94843,0.94782
sd02-b250,jan-p01-t10k,5,0.96174,0.96166
sd02-b250,jan-p01-t10k,7,0.97574,0.97708
sd02-b250,jan-p01-t10k,9,0.98290,0.98437
sd02-b250,jan-p01-t10k,10,0.98529,0.98754
sd02-b250,jan-p01-t10k,13,0.98991,0.99166
sd02-b250,jan-p01-t10k,18,0.99372,0.99440
sd02-b250,jan-p01-t10k,25,0.99613,0.99662
sd02-b250,jan-p01-t10k,34,0.99761,0.99842
sd02-b250,jan-p01-t10k,47,0.99859,0.99937
sd02-b250,jan-p01-t10k,65,0.99914,1.00000
sd02-b250,jan-p01-t10k,90,0.99948,1.00000
sd02-b250,jan-p01-t10k,100,0.99954,1.00000
sd02-b250,jan-p01-t10k,124,0.99966,1.00000
sd02-b250,jan-p01-t10k,171,0.99980,1.00000
sd02-b250,jan-p01-t10k,236,0.99988,1.00000
sd02-b250,jan-p01-t10k,325,0.99993,1.00000
sd02-b250,jan-p01-t10k,448,0.99996,1.00000
sd02-b250,jan-p01-t10k,618,0.99998,1.00000
sd02-b250,jan-p01-t10k,852,0.99998,1.00000
sd02-b250,jan-p01-t10k,1000,0.99999,1.00000
sd02-b250,jan-p01-t10k,1174,0.99999,1.00000
sd02-b250,jan-p01-t10k,1619,0.99999,1.00000
sd02-b250,jan-p01-t10k,2233,0.99999,1.00000
sd02-b250,jan-p01-t10k,3079,0.99999,1.00000
sd02-b250,jan-p01-t10k,4245,1.00000,1.00000
sd02-b250,jan-p01-t10k,5854,1.00000,1.00000
sd02-b250,jan-p01-t10k,8072,1.00000,1.00000
sd02-b250,jan-p01-t10k,10000,1.00000,1.00000
sd02-b250,jan-p01-t10k,11130,1.00000,1.00000
sd02-b250,jan-p01-t10k,15348,1.00000,1.00000
sd02-b250,jan-p01-t10k,21163,1.00000,1.00000
sd02-b250,jan-p01-t10k,29182,1.00000,1.00000
sd02-b250,jan-p01-t10k,40239,1.00000,1.00000
sd02-b250,jan-p01-t10k,55486,1.00000,1.00000
sd02-b250,jan-p01-t10k,76510,1.00000,1.00000
sd02-b250,jan-p01-t10k,105501,1.00000,1.00000
sd02-b250,jan-p01-t10k,145476,1.00000,1.00000
sd02-b250,jan-p01-t10k,200598,1.00000,1.00000
sd02-b250,jan-p01-t10k,276605,1.00000,1.00000
sd02-b250,jan-p01-t10k,381413,1.00000,1.00000
sd02-b250,jan-p01-t10k,525933,1.00000,1.00000
sd02-b250,jan-p01-t10k,725212,1.00000,1.00000
sd02-b250,jan-p01-t10k,1000000,1.00000,1.00000
sd02-b250,jan-p10-t10k,1,0.74482,0.74539
sd02-b250,jan-p10-t10k,2,0.87677,0.87662
sd02-b250,jan-p10-t10k,3,0.92453,0.92411
sd02-b250,jan-p10-t10k,4,0.94843,0.94872
sd02-b250,jan-p10-t10k,5,0.96174,0.96210
sd02-b250,jan-p10-t10k,7,0.97574,0.97612
sd02-b250,jan-p10-t10k,9,0.98290,0.98362
sd02-b250,jan-p10-t10k,10,0.98529,0.98606
sd02-b250,jan-p10-t10k,13,0.98991,0.99061
sd02-b250,jan-p10-t10k,18,0.99372,0.99436
sd02-b250,jan-p10-t10k,25,0.99613,0.99678
sd02-b250,jan-p10-t10k,34,0.99761,0.99819
sd02-b250,jan-p10-t10k,47,0.99859,0.99905
sd02-b250,jan-p10-t10k,65,0.99914,0.99954
sd02-b250,jan-p10-t10k,90,0.99948,0.99975
sd02-b250,jan-p10-t10k,100,0.99954,0.99980
sd02-b250,jan-p10-t10k,124,0.99966,0.99987
sd02-b250,jan-p10-t10k,171,0.99980,0.99994
sd02-b250,jan-p10-t10k,236,0.99988,0.99998
sd02-b250,jan-p10-t10k,325,0.99993,1.00000
sd02-b250,jan-p10-t10k,448,0.99996,1.00000
sd02-b250,jan-p10-t10k,618,0.99998,1.00000
sd02-b250,jan-p10-t10k,852,0.99998,1.00000
sd02-b250,jan-p10-t10k,1000,0.99999,1.00000
sd02-b250,jan-p10-t10k,1174,0.99999,1.00000
sd02-b250,jan-p10-t10k,1619,0.99999,1.00000
sd02-b250,jan-p10-t10k,2233,0.99999,1.00000
sd02-b250,jan-p10-t10k,3079,0.99999,1.00000
sd02-b250,jan-p10-t10k,4245,1.00000,1.00000
sd02-b250,jan-p10-t10k,5854,1.00000,1.00000
sd02-b250,jan-p10-t10k,8072,1.00000,1.00000
sd02-b250,jan-p10-t10k,10000,1.00000,1.00000
sd02-b250,jan-p10-t10k,11130,1.00000,1.00000
sd02-b250,jan-p10-t10k,15348,1.00000,1.00000
sd02-b250,jan-p10-t10k,21163,1.00000,1.00000
sd02-b250,jan-p10-t10k,29182,1.00000,1.00000
sd02-b250,jan-p10-t10k,40239,1.00000,1.00000
sd02-b250,jan-p10-t10k,55486,1.00000,1.00000
sd02-b250,jan-p10-t10k,76510,1.00000,1.00000
sd02-b250,jan-p10-t10k,105501,1.00000,1.00000
sd02-b250,jan-p10-t10k,145476,1.00000,1.00000
sd02-b250,jan-p10-t10k,200598,1.00000,1.00000
sd02-b250,jan-p10-t10k,276605,1.00000,1.00000
sd02-b250,jan-p10-t10k,381413,1.00000,1.00000
sd02-b250,jan-p10-t10k,525933,1.00000,1.00000
sd02-b250,jan-p10-t10k,725212,1.00000,1.00000
sd02-b250,jan-p10-t10k,1000000,1.00000,1.00000
sd02-b250,jan-p20-t10k,1,0.74482,0.74634
sd02-b250,jan-p20-t10k,2,0.87677,0.87716
sd02-b250,jan-p20-t10k,3,0.92453,0.92492
sd02-b250,jan-p20-t10k,4,0.94843,0.94925
sd02-b250,jan-p20-t10k,5,0.96174,0.96242
sd02-b250,jan-p20-t10k,7,0.97574,0.97662
sd02-b250,jan-p20-t10k,9,0.98290,0.98392
sd02-b250,jan-p20-t10k,10,0.98529,0.98636
sd02-b250,jan-p20-t10k,13,0.98991,0.99070
sd02-b250,jan-p20-t10k,18,0.99372,0.99442
sd02-b250,jan-p20-t10k,25,0.99613,0.99674
sd02-b250,jan-p20-t10k,34,0.99761,0.99808
sd02-b250,jan-p20-t10k,47,0.99859,0.99889
sd02-b250,jan-p20-t10k,65,0.99914,0.99943
sd02-b250,jan-p20-t10k,90,0.99948,0.99973
sd02-b250,jan-p20-t10k,100,0.99954,0.99978
sd02-b250,jan-p20-t10k,124,0.99966,0.99986
sd02-b250,jan-p20-t10k,171,0.99980,0.99993
sd02-b250,jan-p20-t10k,236,0.99988,0.99996
sd02-b250,jan-p20-t10k,325,0.99993,0.99999
sd02-b250,jan-p20-t10k,448,0.99996,1.00000
sd02-b250,jan-p20-t10k,618,0.99998,1.00000
sd02-b250,jan-p20-t10k,852,0.99998,1.00000
sd02-b250,jan-p20-t10k,1000,0.99999,1.00000
sd02-b250,jan-p20-t10k,1174,0.99999,1.00000
sd02-b250,jan-p20-t10k,1619,0.99999,1.00000
sd02-b250,jan-p20-t10k,2233,0.99999,1.00000
sd02-b250,jan-p20-t10k,3079,0.99999,1.00000
sd02-b250,jan-p20-t10k,4245,1.00000,1.00000
sd02-b250,jan-p20-t10k,5854,1.00000,1.00000
sd02-b250,jan-p20-t10k,8072,1.00000,1.00000
sd02-b250,jan-p20-t10k,10000,1.00000,1.00000
sd02-b250,jan-p20-t10k,11130,1.00000,1.00000
sd02-b250,jan-p20-t10k,15348,1.00000,1.00000
sd02-b250,jan-p20-t10k,21163,1.00000,1.00000
sd02-b250,jan-p20-t10k,29182,1.00000,1.00000
sd02-b250,jan-p20-t10k,40239,1.00000,1.00000
sd02-b250,jan-p20-t10k,55486,1.00000,1.00000
sd02-b250,jan-p20-t10k,76510,1.00000,1.00000
sd02-b250,jan-p20-t10k,105501,1.00000,1.00000
sd02-b250,jan-p20-t10k,145476,1.00000,1.00000
sd02-b250,jan-p20-t10k,200598,1.00000,1.00000
sd02-b250,jan-p20-t10k,276605,1.00000,1.00000
sd02-b250,jan-p20-t10k,381413,1.00000,1.00000
sd02-b250,jan-p20-t10k,525933,1.00000,1.00000
sd02-b250,jan-p20-t10k,725212,1.00000,1.00000
sd02-b250,jan-p20-t10k,1000000,1.00000,1.00000
sd03-b200,completa,1,0.60781,0.60781
sd03-b200,completa,2,0.75954,0.75954
sd03-b200,completa,3,0.82686,0.82686
sd03-b200,completa,4,0.86508,0.86508
sd03-b200,completa,5,0.88946,0.88946
sd03-b200,completa,7,0.91869,0.91869
sd03-b200,completa,9,0.93583,0.93583
sd03-b200,completa,10,0.94217,0.94217
sd03-b200,completa,13,0.95516,0.95516
sd03-b200,completa,18,0.96730,0.96730
sd03-b200,completa,25,0.97613,0.97613
sd03-b200,completa,34,0.98234,0.98234
sd03-b200,completa,47,0.98722,0.98722
sd03-b200,completa,65,0.99070,0.99070
sd03-b200,completa,90,0.99332,0.99332
sd03-b200,completa,100,0.99403,0.99403
sd03-b200,completa,124,0.99519,0.99519
sd03-b200,completa,171,0.99658,0.99658
sd03-b200,completa,236,0.99758,0.99758
sd03-b200,completa,325,0.99833,0.99833
sd03-b200,completa,448,0.99883,0.99883
sd03-b200,completa,618,0.99917,0.99917
sd03-b200,completa,852,0.99943,0.99943
sd03-b200,completa,1000,0.99953,0.99953
sd03-b200,completa,1174,0.99960,0.99960
sd03-b200,completa,1619,0.99972,0.99972
sd03-b200,completa,2233,0.99983,0.99983
sd03-b200,completa,3079,0.99989,0.99989
sd03-b200,completa,4245,0.99994,0.99994
sd03-b200,completa,5854,0.99997,0.99997
sd03-b200,completa,8072,0.99999,0.99999
sd03-b200,completa,10000,1.00000,1.00000
sd03-b200,completa,11130,1.00000,1.00000
sd03-b200,completa,15348,1.00000,1.00000
sd03-b200,completa,21163,1.00000,1.00000
sd03-b200,completa,29182,1.00000,1.00000
sd03-b200,completa,40239,1.00000,1.00000
sd03-b200,completa,55486,1.00000,1.00000
sd03-b200,completa,76510,1.00000,1.00000
sd03-b200,completa,105501,1.00000,1.00000
sd03-b200,completa,145476,1.00000,1.00000
sd03-b200,completa,200598,1.00000,1.00000
sd03-b200,completa,276605,1.00000,1.00000
sd03-b200,completa,381413,1.00000,1.00000
sd03-b200,completa,525933,1.00000,1.00000
sd03-b200,completa,725212,1.00000,1.00000
sd03-b200,completa,1000000,1.00000,1.00000
sd03-b200,sis-p01,1,0.60781,0.26583
sd03-b200,sis-p01,2,0.75954,0.39083
sd03-b200,sis-p01,3,0.82686,0.47667
sd03-b200,sis-p01,4,0.86508,0.54833
sd03-b200,sis-p01,5,0.88946,0.60417
sd03-b200,sis-p01,7,0.91869,0.67417
sd03-b200,sis-p01,9,0.93583,0.72917
sd03-b200,sis-p01,10,0.94217,0.74667
sd03-b200,sis-p01,13,0.95516,0.78333
sd03-b200,sis-p01,18,0.96730,0.83583
sd03-b200,sis-p01,25,0.97613,0.88917
sd03-b200,sis-p01,34,0.98234,0.91917
sd03-b200,sis-p01,47,0.98722,0.94917
sd03-b200,sis-p01,65,0.99070,0.96750
sd03-b200,sis-p01,90,0.99332,0.97667
sd03-b200,sis-p01,100,0.99403,0.97917
sd03-b200,sis-p01,124,0.99519,0.98667
sd03-b200,sis-p01,171,0.99658,0.99250
sd03-b200,sis-p01,236,0.99758,0.99500
sd03-b200,sis-p01,325,0.99833,0.99583
sd03-b200,sis-p01,448,0.99883,0.99750
sd03-b200,sis-p01,618,0.99917,0.99750
sd03-b200,sis-p01,852,0.99943,0.99917
sd03-b200,sis-p01,1000,0.99953,0.99917
sd03-b200,sis-p01,1174,0.99960,1.00000
sd03-b200,sis-p01,1619,0.99972,1.00000
sd03-b200,sis-p01,2233,0.99983,1.00000
sd03-b200,sis-p01,3079,0.99989,1.00000
sd03-b200,sis-p01,4245,0.99994,1.00000
sd03-b200,sis-p01,5854,0.99997,1.00000
sd03-b200,sis-p01,8072,0.99999,1.00000
sd03-b200,sis-p01,10000,1.00000,1.00000
sd03-b200,sis-p01,11130,1.00000,1.00000
sd03-b200,sis-p01,15348,1.00000,1.00000
sd03-b200,sis-p01,21163,1.00000,1.00000
sd03-b200,sis-p01,29182,1.00000,1.00000
sd03-b200,sis-p01,40239,1.00000,1.00000
sd03-b200,sis-p01,55486,1.00000,1.00000
sd03-b200,sis-p01,76510,1.00000,1.00000
sd03-b200,sis-p01,105501,1.00000,1.00000
sd03-b200,sis-p01,145476,1.00000,1.00000
sd03-b200,sis-p01,200598,1.00000,1.00000
sd03-b200,sis-p01,276605,1.00000,1.00000
sd03-b200,sis-p01,381413,1.00000,1.00000
sd03-b200,sis-p01,525933,1.00000,1.00000
sd03-b200,sis-p01,725212,1.00000,1.00000
sd03-b200,sis-p01,1000000,1.00000,1.00000
sd03-b200,sis-p10,1,0.60781,0.23790
sd03-b200,sis-p10,2,0.75954,0.37144
sd03-b200,sis-p10,3,0.82686,0.46455
sd03-b200,sis-p10,4,0.86508,0.53080
sd03-b200,sis-p10,5,0.88946,0.58255
sd03-b200,sis-p10,7,0.91869,0.65686
sd03-b200,sis-p10,9,0.93583,0.70841
sd03-b200,sis-p10,10,0.94217,0.72958
sd03-b200,sis-p10,13,0.95516,0.77523
sd03-b200,sis-p10,18,0.96730,0.82703
sd03-b200,sis-p10,25,0.97613,0.86839
sd03-b200,sis-p10,34,0.98234,0.89981
sd03-b200,sis-p10,47,0.98722,0.92485
sd03-b200,sis-p10,65,0.99070,0.94530
sd03-b200,sis-p10,90,0.99332,0.96000
sd03-b200,sis-p10,100,0.99403,0.96396
sd03-b200,sis-p10,124,0.99519,0.97091
sd03-b200,sis-p10,171,0.99658,0.97957
sd03-b200,sis-p10,236,0.99758,0.98603
sd03-b200,sis-p10,325,0.99833,0.99011
sd03-b200,sis-p10,448,0.99883,0.99298
sd03-b200,sis-p10,618,0.99917,0.99508
sd03-b200,sis-p10,852,0.99943,0.99658
sd03-b200,sis-p10,1000,0.99953,0.99711
sd03-b200,sis-p10,1174,0.99960,0.99762
sd03-b200,sis-p10,1619,0.99972,0.99858
sd03-b200,sis-p10,2233,0.99983,0.99902
sd03-b200,sis-p10,3079,0.99989,0.99942
sd03-b200,sis-p10,4245,0.99994,0.99975
sd03-b200,sis-p10,5854,0.99997,0.99987
sd03-b200,sis-p10,8072,0.99999,1.00000
sd03-b200,sis-p10,10000,1.00000,1.00000
sd03-b200,sis-p10,11130,1.00000,1.00000
sd03-b200,sis-p10,15348,1.00000,1.00000
sd03-b200,sis-p10,21163,1.00000,1.00000
sd03-b200,sis-p10,29182,1.00000,1.00000
sd03-b200,sis-p10,40239,1.00000,1.00000
sd03-b200,sis-p10,55486,1.00000,1.00000
sd03-b200,sis-p10,76510,1.00000,1.00000
sd03-b200,sis-p10,105501,1.00000,1.00000
sd03-b200,sis-p10,145476,1.00000,1.00000
sd03-b200,sis-p10,200598,1.00000,1.00000
sd03-b200,sis-p10,276605,1.00000,1.00000
sd03-b200,sis-p10,381413,1.00000,1.00000
sd03-b200,sis-p10,525933,1.00000,1.00000
sd03-b200,sis-p10,725212,1.00000,1.00000
sd03-b200,sis-p10,1000000,1.00000,1.00000
sd03-b200,sis-p20,1,0.60781,0.28774
sd03-b200,sis-p20,2,0.75954,0.44442
sd03-b200,sis-p20,3,0.82686,0.54271
sd03-b200,sis-p20,4,0.86508,0.61322
sd03-b200,sis-p20,5,0.88946,0.66430
sd03-b200,sis-p20,7,0.91869,0.73454
sd03-b200,sis-p20,9,0.93583,0.78080
sd03-b200,sis-p20,10,0.94217,0.79878
sd03-b200,sis-p20,13,0.95516,0.83798
sd03-b200,sis-p20,18,0.96730,0.87686
sd03-b200,sis-p20,25,0.97613,0.90812
sd03-b200,sis-p20,34,0.98234,0.93082
sd03-b200,sis-p20,47,0.98722,0.94905
sd03-b200,sis-p20,65,0.99070,0.96268
sd03-b200,sis-p20,90,0.99332,0.97321
sd03-b200,sis-p20,100,0.99403,0.97581
sd03-b200,sis-p20,124,0.99519,0.98056
sd03-b200,sis-p20,171,0.99658,0.98612
sd03-b200,sis-p20,236,0.99758,0.99029
sd03-b200,sis-p20,325,0.99833,0.99335
sd03-b200,sis-p20,448,0.99883,0.99533
sd03-b200,sis-p20,618,0.99917,0.99660
sd03-b200,sis-p20,852,0.99943,0.99769
sd03-b200,sis-p20,1000,0.99953,0.99806
sd03-b200,sis-p20,1174,0.99960,0.99838
sd03-b200,sis-p20,1619,0.99972,0.99891
sd03-b200,sis-p20,2233,0.99983,0.99934
sd03-b200,sis-p20,3079,0.99989,0.99957
sd03-b200,sis-p20,4245,0.99994,0.99977
sd03-b200,sis-p20,5854,0.99997,0.99989
sd03-b200,sis-p20,8072,0.99999,0.99996
sd03-b200,sis-p20,10000,1.00000,1.00000
sd03-b200,sis-p20,11130,1.00000,1.00000
sd03-b200,sis-p20,15348,1.00000,1.00000
sd03-b200,sis-p20,21163,1.00000,1.00000
sd03-b200,sis-p20,29182,1.00000,1.00000
sd03-b200,sis-p20,40239,1.00000,1.00000
sd03-b200,sis-p20,55486,1.00000,1.00000
sd03-b200,sis-p20,76510,1.00000,1.00000
sd03-b200,sis-p20,105501,1.00000,1.00000
sd03-b200,sis-p20,145476,1.00000,1.00000
sd03-b200,sis-p20,200598,1.00000,1.00000
sd03-b200,sis-p20,276605,1.00000,1.00000
sd03-b200,sis-p20,381413,1.00000,1.00000
sd03-b200,sis-p20,525933,1.00000,1.00000
sd03-b200,sis-p20,725212,1.00000,1.00000
sd03-b200,sis-p20,1000000,1.00000,1.00000
sd03-b200,jan-p01-t1k,1,0.60781,0.61704
sd03-b200,jan-p01-t1k,2,0.75954,0.77423
sd03-b200,jan-p01-t1k,3,0.82686,0.84151
sd03-b200,jan-p01-t1k,4,0.86508,0.88151
sd03-b200,jan-p01-t1k,5,0.88946,0.90825
sd03-b200,jan-p01-t1k,7,0.91869,0.93639
sd03-b200,jan-p01-t1k,9,0.93583,0.95429
sd03-b200,jan-p01-t1k,10,0.94217,0.96043
sd03-b200,jan-p01-t1k,13,0.95516,0.97283
sd03-b200,jan-p01-t1k,18,0.96730,0.98394
sd03-b200,jan-p01-t1k,25,0.97613,0.99148
sd03-b200,jan-p01-t1k,34,0.98234,0.99590
sd03-b200,jan-p01-t1k,47,0.98722,0.99946
sd03-b200,jan-p01-t1k,65,0.99070,1.00000
sd03-b200,jan-p01-t1k,90,0.99332,1.00000
sd03-b200,jan-p01-t1k,100,0.99403,1.00000
sd03-b200,jan-p01-t1k,124,0.99519,1.00000
sd03-b200,jan-p01-t1k,171,0.99658,1.00000
sd03-b200,jan-p01-t1k,236,0.99758,1.00000
sd03-b200,jan-p01-t1k,325,0.99833,1.00000
sd03-b200,jan-p01-t1k,448,0.99883,1.00000
sd03-b200,jan-p01-t1k,618,0.99917,1.00000
sd03-b200,jan-p01-t1k,852,0.99943,1.00000
sd03-b200,jan-p01-t1k,1000,0.99953,1.00000
sd03-b200,jan-p01-t1k,1174,0.99960,1.00000
sd03-b200,jan-p01-t1k,1619,0.99972,1.00000
sd03-b200,jan-p01-t1k,2233,0.99983,1.00000
sd03-b200,jan-p01-t1k,3079,0.99989,1.00000
sd03-b200,jan-p01-t1k,4245,0.99994,1.00000
sd03-b200,jan-p01-t1k,5854,0.99997,1.00000
sd03-b200,jan-p01-t1k,8072,0.99999,1.00000
sd03-b200,jan-p01-t1k,10000,1.00000,1.00000
sd03-b200,jan-p01-t1k,11130,1.00000,1.00000
sd03-b200,jan-p01-t1k,15348,1.00000,1.00000
sd03-b200,jan-p01-t1k,21163,1.00000,1.00000
sd03-b200,jan-p01-t1k,29182,1.00000,1.00000
sd03-b200,jan-p01-t1k,40239,1.00000,1.00000
sd03-b200,jan-p01-t1k,55486,1.00000,1.00000
sd03-b200,jan-p01-t1k,76510,1.00000,1.00000
sd03-b200,jan-p01-t1k,105501,1.00000,1.00000
sd03-b200,jan-p01-t1k,145476,1.00000,1.00000
sd03-b200,jan-p01-t1k,200598,1.00000,1.00000
sd03-b200,jan-p01-t1k,276605,1.00000,1.00000
sd03-b200,jan-p01-t1k,381413,1.00000,1.00000
sd03-b200,jan-p01-t1k,525933,1.00000,1.00000
sd03-b200,jan-p01-t1k,725212,1.00000,1.00000
sd03-b200,jan-p01-t1k,1000000,1.00000,1.00000
sd03-b200,jan-p10-t1k,1,0.60781,0.62178
sd03-b200,jan-p10-t1k,2,0.75954,0.77606
sd03-b200,jan-p10-t1k,3,0.82686,0.84408
sd03-b200,jan-p10-t1k,4,0.86508,0.88318
sd03-b200,jan-p10-t1k,5,0.88946,0.90788
sd03-b200,jan-p10-t1k,7,0.91869,0.93600
sd03-b200,jan-p10-t1k,9,0.93583,0.95350
sd03-b200,jan-p10-t1k,10,0.94217,0.95979
sd03-b200,jan-p10-t1k,13,0.95516,0.97249
sd03-b200,jan-p10-t1k,18,0.96730,0.98406
sd03-b200,jan-p10-t1k,25,0.97613,0.99137
sd03-b200,jan-p10-t1k,34,0.98234,0.99597
sd03-b200,jan-p10-t1k,47,0.98722,0.99875
sd03-b200,jan-p10-t1k,65,0.99070,0.99966
sd03-b200,jan-p10-t1k,90,0.99332,0.99985
sd03-b200,jan-p10-t1k,100,0.99403,0.99987
sd03-b200,jan-p10-t1k,124,0.99519,0.99992
sd03-b200,jan-p10-t1k,171,0.99658,0.99992
sd03-b200,jan-p10-t1k,236,0.99758,0.99996
sd03-b200,jan-p10-t1k,325,0.99833,0.99999
sd03-b200,jan-p10-t1k,448,0.99883,0.99999
sd03-b200,jan-p10-t1k,618,0.99917,0.99999
sd03-b200,jan-p10-t1k,852,0.99943,1.00000
sd03-b200,jan-p10-t1k,1000,0.99953,1.00000
sd03-b200,jan-p10-t1k,1174,0.99960,1.00000
sd03-b200,jan-p10-t1k,1619,0.99972,1.00000
sd03-b200,jan-p10-t1k,2233,0.99983,1.00000
sd03-b200,jan-p10-t1k,3079,0.99989,1.00000
sd03-b200,jan-p10-t1k,4245,0.99994,1.00000
sd03-b200,jan-p10-t1k,5854,0.99997,1.00000
sd03-b200,jan-p10-t1k,8072,0.99999,1.00000
sd03-b200,jan-p10-t1k,10000,1.00000,1.00000
sd03-b200,jan-p10-t1k,11130,1.00000,1.00000
sd03-b200,jan-p10-t1k,15348,1.00000,1.00000
sd03-b200,jan-p10-t1k,21163,1.00000,1.00000
sd03-b200,jan-p10-t1k,29182,1.00000,1.00000
sd03-b200,jan-p10-t1k,40239,1.00000,1.00000
sd03-b200,jan-p10-t1k,55486,1.00000,1.00000
sd03-b200,jan-p10-t1k,76510,1.00000,1.00000
sd03-b200,jan-p10-t1k,105501,1.00000,1.00000
sd03-b200,jan-p10-t1k,145476,1.00000,1.00000
sd03-b200,jan-p10-t1k,200598,1.00000,1.00000
sd03-b200,jan-p10-t1k,276605,1.00000,1.00000
sd03-b200,jan-p10-t1k,381413,1.00000,1.00000
sd03-b200,jan-p10-t1k,525933,1.00000,1.00000
sd03-b200,jan-p10-t1k,725212,1.00000,1.00000
sd03-b200,jan-p10-t1k,1000000,1.00000,1.00000
sd03-b200,jan-p20-t1k,1,0.60781,0.62038
sd03-b200,jan-p20-t1k,2,0.75954,0.77541
sd03-b200,jan-p20-t1k,3,0.82686,0.84328
sd03-b200,jan-p20-t1k,4,0.86508,0.88171
sd03-b200,jan-p20-t1k,5,0.88946,0.90664
sd03-b200,jan-p20-t1k,7,0.91869,0.93529
sd03-b200,jan-p20-t1k,9,0.93583,0.95239
sd03-b200,jan-p20-t1k,10,0.94217,0.95882
sd03-b200,jan-p20-t1k,13,0.95516,0.97139
sd03-b200,jan-p20-t1k,18,0.96730,0.98250
sd03-b200,jan-p20-t1k,25,0.97613,0.98977
sd03-b200,jan-p20-t1k,34,0.98234,0.99444
sd03-b200,jan-p20-t1k,47,0.98722,0.99747
sd03-b200,jan-p20-t1k,65,0.99070,0.99882
sd03-b200,jan-p20-t1k,90,0.99332,0.99917
sd03-b200,jan-p20-t1k,100,0.99403,0.99926
sd03-b200,jan-p20-t1k,124,0.99519,0.99945
sd03-b200,jan-p20-t1k,171,0.99658,0.99960
sd03-b200,jan-p20-t1k,236,0.99758,0.99974
sd03-b200,jan-p20-t1k,325,0.99833,0.99981
sd03-b200,jan-p20-t1k,448,0.99883,0.99986
sd03-b200,jan-p20-t1k,618,0.99917,0.99994
sd03-b200,jan-p20-t1k,852,0.99943,0.99995
sd03-b200,jan-p20-t1k,1000,0.99953,0.99997
sd03-b200,jan-p20-t1k,1174,0.99960,0.99997
sd03-b200,jan-p20-t1k,1619,0.99972,0.99999
sd03-b200,jan-p20-t1k,2233,0.99983,1.00000
sd03-b200,jan-p20-t1k,3079,0.99989,1.00000
sd03-b200,jan-p20-t1k,4245,0.99994,1.00000
sd03-b200,jan-p20-t1k,5854,0.99997,1.00000
sd03-b200,jan-p20-t1k,8072,0.99999,1.00000
sd03-b200,jan-p20-t1k,10000,1.00000,1.00000
sd03-b200,jan-p20-t1k,11130,1.00000,1.00000
sd03-b200,jan-p20-t1k,15348,1.00000,1.00000
sd03-b200,jan-p20-t1k,21163,1.00000,1.00000
sd03-b200,jan-p20-t1k,29182,1.00000,1.00000
sd03-b200,jan-p20-t1k,40239,1.00000,1.00000
sd03-b200,jan-p20-t1k,55486,1.00000,1.00000
sd03-b200,jan-p20-t1k,76510,1.00000,1.00000
sd03-b200,jan-p20-t1k,105501,1.00000,1.00000
sd03-b200,jan-p20-t1k,145476,1.00000,1.00000
sd03-b200,jan-p20-t1k,200598,1.00000,1.00000
sd03-b200,jan-p20-t1k,276605,1.00000,1.00000
sd03-b200,jan-p20-t1k,381413,1.00000,1.00000
sd03-b200,jan-p20-t1k,525933,1.00000,1.00000
sd03-b200,jan-p20-t1k,725212,1.00000,1.00000
sd03-b200,jan-p20-t1k,1000000,1.00000,1.00000
sd03-b200,jan-p01-t10k,1,0.60781,0.61007
sd03-b200,jan-p01-t10k,2,0.75954,0.75983
sd03-b200,jan-p01-t10k,3,0.82686,0.82501
sd03-b200,jan-p01-t10k,4,0.86508,0.86306
sd03-b200,jan-p01-t10k,5,0.88946,0.88680
sd03-b200,jan-p01-t10k,7,0.91869,0.91807
sd03-b200,jan-p01-t10k,9,0.93583,0.93747
sd03-b200,jan-p01-t10k,10,0.94217,0.94414
sd03-b200,jan-p01-t10k,13,0.95516,0.95782
sd03-b200,jan-p01-t10k,18,0.96730,0.97117
sd03-b200,jan-p01-t10k,25,0.97613,0.98050
sd03-b200,jan-p01-t10k,34,0.98234,0.98622
sd03-b200,jan-p01-t10k,47,0.98722,0.99184
sd03-b200,jan-p01-t10k,65,0.99070,0.99449
sd03-b200,jan-p01-t10k,90,0.99332,0.99618
sd03-b200,jan-p01-t10k,100,0.99403,0.99661
sd03-b200,jan-p01-t10k,124,0.99519,0.99735
sd03-b200,jan-p01-t10k,171,0.99658,0.99862
sd03-b200,jan-p01-t10k,236,0.99758,0.99936
sd03-b200,jan-p01-t10k,325,0.99833,0.99968
sd03-b200,jan-p01-t10k,448,0.99883,1.00000
sd03-b200,jan-p01-t10k,618,0.99917,1.00000
sd03-b200,jan-p01-t10k,852,0.99943,1.00000
sd03-b200,jan-p01-t10k,1000,0.99953,1.00000
sd03-b200,jan-p01-t10k,1174,0.99960,1.00000
sd03-b200,jan-p01-t10k,1619,0.99972,1.00000
sd03-b200,jan-p01-t10k,2233,0.99983,1.00000
sd03-b200,jan-p01-t10k,3079,0.99989,1.00000
sd03-b200,jan-p01-t10k,4245,0.99994,1.00000
sd03-b200,jan-p01-t10k,5854,0.99997,1.00000
sd03-b200,jan-p01-t10k,8072,0.99999,1.00000
sd03-b200,jan-p01-t10k,10000,1.00000,1.00000
sd03-b200,jan-p01-t10k,11130,1.00000,1.00000
sd03-b200,jan-p01-t10k,15348,1.00000,1.00000
sd03-b200,jan-p01-t10k,21163,1.00000,1.00000
sd03-b200,jan-p01-t10k,29182,1.00000,1.00000
sd03-b200,jan-p01-t10k,40239,1.00000,1.00000
sd03-b200,jan-p01-t10k,55486,1.00000,1.00000
sd03-b200,jan-p01-t10k,76510,1.00000,1.00000
sd03-b200,jan-p01-t10k,105501,1.00000,1.00000
sd03-b200,jan-p01-t10k,145476,1.00000,1.00000
sd03-b200,jan-p01-t10k,200598,1.00000,1.00000
sd03-b200,jan-p01-t10k,276605,1.00000,1.00000
sd03-b200,jan-p01-t10k,381413,1.00000,1.00000
sd03-b200,jan-p01-t10k,525933,1.00000,1.00000
sd03-b200,jan-p01-t10k,725212,1.00000,1.00000
sd03-b200,jan-p01-t10k,1000000,1.00000,1.00000
sd03-b200,jan-p10-t10k,1,0.60781,0.60995
sd03-b200,jan-p10-t10k,2,0.75954,0.76267
sd03-b200,jan-p10-t10k,3,0.82686,0.82938
sd03-b200,jan-p10-t10k,4,0.86508,0.86770
sd03-b200,jan-p10-t10k,5,0.88946,0.89185
sd03-b200,jan-p10-t10k,7,0.91869,0.92090
sd03-b200,jan-p10-t10k,9,0.93583,0.93870
sd03-b200,jan-p10-t10k,10,0.94217,0.94528
sd03-b200,jan-p10-t10k,13,0.95516,0.95818
sd03-b200,jan-p10-t10k,18,0.96730,0.97022
sd03-b200,jan-p10-t10k,25,0.97613,0.97936
sd03-b200,jan-p10-t10k,34,0.98234,0.98564
sd03-b200,jan-p10-t10k,47,0.98722,0.99040
sd03-b200,jan-p10-t10k,65,0.99070,0.99361
sd03-b200,jan-p10-t10k,90,0.99332,0.99602
sd03-b200,jan-p10-t10k,100,0.99403,0.99667
sd03-b200,jan-p10-t10k,124,0.99519,0.99766
sd03-b200,jan-p10-t10k,171,0.99658,0.99879
sd03-b200,jan-p10-t10k,236,0.99758,0.99945
sd03-b200,jan-p10-t10k,325,0.99833,0.99981
sd03-b200,jan-p10-t10k,448,0.99883,0.99996
sd03-b200,jan-p10-t10k,618,0.99917,0.99998
sd03-b200,jan-p10-t10k,852,0.99943,0.99999
sd03-b200,jan-p10-t10k,1000,0.99953,1.00000
sd03-b200,jan-p10-t10k,1174,0.99960,1.00000
sd03-b200,jan-p10-t10k,1619,0.99972,1.00000
sd03-b200,jan-p10-t10k,2233,0.99983,1.00000
sd03-b200,jan-p10-t10k,3079,0.99989,1.00000
sd03-b200,jan-p10-t10k,4245,0.99994,1.00000
sd03-b200,jan-p10-t10k,5854,0.99997,1.00000
sd03-b200,jan-p10-t10k,8072,0.99999,1.00000
sd03-b200,jan-p10-t10k,10000,1.00000,1.00000
sd03-b200,jan-p10-t10k,11130,1.00000,1.00000
sd03-b200,jan-p10-t10k,15348,1.00000,1.00000
sd03-b200,jan-p10-t10k,21163,1.00000,1.00000
sd03-b200,jan-p10-t10k,29182,1.00000,1.00000
sd03-b200,jan-p10-t10k,40239,1.00000,1.00000
sd03-b200,jan-p10-t10k,55486,1.00000,1.00000
sd03-b200,jan-p10-t10k,76510,1.00000,1.00000
sd03-b200,jan-p10-t10k,105501,1.00000,1.00000
sd03-b200,jan-p10-t10k,145476,1.00000,1.00000
sd03-b200,jan-p10-t10k,200598,1.00000,1.00000
sd03-b200,jan-p10-t10k,276605,1.00000,1.00000
sd03-b200,jan-p10-t10k,381413,1.00000,1.00000
sd03-b200,jan-p10-t10k,525933,1.00000,1.00000
sd03-b200,jan-p10-t10k,725212,1.00000,1.00000
sd03-b200,jan-p10-t10k,1000000,1.00000,1.00000
sd03-b200,jan-p20-t10k,1,0.60781,0.61099
sd03-b200,jan-p20-t10k,2,0.75954,0.76343
sd03-b200,jan-p20-t10k,3,0.82686,0.83007
sd03-b200,jan-p20-t10k,4,0.86508,0.86840
sd03-b200,jan-p20-t10k,5,0.88946,0.89285
sd03-b200,jan-p20-t10k,7,0.91869,0.92206
sd03-b200,jan-p20-t10k,9,0.93583,0.93951
sd03-b200,jan-p20-t10k,10,0.94217,0.94605
sd03-b200,jan-p20-t10k,13,0.95516,0.95887
sd03-b200,jan-p20-t10k,18,0.96730,0.97092
sd03-b200,jan-p20-t10k,25,0.97613,0.97991
sd03-b200,jan-p20-t10k,34,0.98234,0.98606
sd03-b200,jan-p20-t10k,47,0.98722,0.99076
sd03-b200,jan-p20-t10k,65,0.99070,0.99379
sd03-b200,jan-p20-t10k,90,0.99332,0.99620
sd03-b200,jan-p20-t10k,100,0.99403,0.99685
sd03-b200,jan-p20-t10k,124,0.99519,0.99777
sd03-b200,jan-p20-t10k,171,0.99658,0.99882
sd03-b200,jan-p20-t10k,236,0.99758,0.99943
sd03-b200,jan-p20-t10k,325,0.99833,0.99979
sd03-b200,jan-p20-t10k,448,0.99883,0.99992
sd03-b200,jan-p20-t10k,618,0.99917,0.99996
sd03-b200,jan-p20-t10k,852,0.99943,0.99996
sd03-b200,jan-p20-t10k,1000,0.99953,0.99997
sd03-b200,jan-p20-t10k,1174,0.99960,0.99997
sd03-b200,jan-p20-t10k,1619,0.99972,0.99998
sd03-b200,jan-p20-t10k,2233,0.99983,1.00000
sd03-b200,jan-p20-t10k,3079,0.99989,1.00000
sd03-b200,jan-p20-t10k,4245,0.99994,1.00000
sd03-b200,jan-p20-t10k,5854,0.99997,1.00000
sd03-b200,jan-p20-t10k,8072,0.99999,1.00000
sd03-b200,jan-p20-t10k,10000,1.00000,1.00000
sd03-b200,jan-p20-t10k,11130,1.00000,1.00000
sd03-b200,jan-p20-t10k,15348,1.00000,1.00000
sd03-b200,jan-p20-t10k,21163,1.00000,1.00000
sd03-b200,jan-p20-t10k,29182,1.00000,1.00000
sd03-b200,jan-p20-t10k,40239,1.00000,1.00000
sd03-b200,jan-p20-t10k,55486,1.00000,1.00000
sd03-b200,jan-p20-t10k,76510,1.00000,1.00000
sd03-b200,jan-p20-t10k,105501,1.00000,1.00000
sd03-b200,jan-p20-t10k,145476,1.00000,1.00000
sd03-b200,jan-p20-t10k,200598,1.00000,1.00000
sd03-b200,jan-p20-t10k,276605,1.00000,1.00000
sd03-b200,jan-p20-t10k,381413,1.00000,1.00000
sd03-b200,jan-p20-t10k,525933,1.00000,1.00000
sd03-b200,jan-p20-t10k,725212,1.00000,1.00000
sd03-b200,jan-p20-t10k,1000000,1.00000,1.00000
sd04-b175,completa,1,0.51010,0.51010
sd04-b175,completa,2,0.66136,0.66136
sd04-b175,completa,3,0.73569,0.73569
sd04-b175,completa,4,0.78100,0.78100
sd04-b175,completa,5,0.81127,0.81127
sd04-b175,completa,7,0.85042,0.85042
sd04-b175,completa,9,0.87486,0.87486
sd04-b175,completa,10,0.88396,0.88396
sd04-b175,completa,13,0.90412,0.90412
sd04-b175,completa,18,0.92416,0.92416
sd04-b175,completa,25,0.94087,0.94087
sd04-b175,completa,34,0.95319,0.95319
sd04-b175,completa,47,0.96340,0.96340
sd04-b175,completa,65,0.97138,0.97138
sd04-b175,completa,90,0.97757,0.97757
sd04-b175,completa,100,0.97927,0.97927
sd04-b175,completa,124,0.98250,0.98250
sd04-b175,completa,171,0.98644,0.98644
sd04-b175,completa,236,0.98949,0.98949
sd04-b175,completa,325,0.99192,0.99192
sd04-b175,completa,448,0.99383,0.99383
sd04-b175,completa,618,0.99533,0.99533
sd04-b175,completa,852,0.99654,0.99654
sd04-b175,completa,1000,0.99701,0.99701
sd04-b175,completa,1174,0.99746,0.99746
sd04-b175,completa,1619,0.99822,0.99822
sd04-b175,completa,2233,0.99879,0.99879
sd04-b175,completa,3079,0.99920,0.99920
sd04-b175,completa,4245,0.99952,0.99952
sd04-b175,completa,5854,0.99973,0.99973
sd04-b175,completa,8072,0.99991,0.99991
sd04-b175,completa,10000,1.00000,1.00000
sd04-b175,completa,11130,1.00000,1.00000
sd04-b175,completa,15348,1.00000,1.00000
sd04-b175,completa,21163,1.00000,1.00000
sd04-b175,completa,29182,1.00000,1.00000
sd04-b175,completa,40239,1.00000,1.00000
sd04-b175,completa,55486,1.00000,1.00000
sd04-b175,completa,76510,1.00000,1.00000
sd04-b175,completa,105501,1.00000,1.00000
sd04-b175,completa,145476,1.00000,1.00000
sd04-b175,completa,200598,1.00000,1.00000
sd04-b175,completa,276605,1.00000,1.00000
sd04-b175,completa,381413,1.00000,1.00000
sd04-b175,completa,525933,1.00000,1.00000
sd04-b175,completa,725212,1.00000,1.00000
sd04-b175,completa,1000000,1.00000,1.00000
sd04-b175,sis-p01,1,0.51010,0.16904
sd04-b175,sis-p01,2,0.66136,0.27093
sd04-b175,sis-p01,3,0.73569,0.34439
sd04-b175,sis-p01,4,0.78100,0.38784
sd04-b175,sis-p01,5,0.81127,0.44313
sd04-b175,sis-p01,7,0.85042,0.51185
sd04-b175,sis-p01,9,0.87486,0.55055
sd04-b175,sis-p01,10,0.88396,0.57583
sd04-b175,sis-p01,13,0.90412,0.62875
sd04-b175,sis-p01,18,0.92416,0.67930
sd04-b175,sis-p01,25,0.94087,0.71959
sd04-b175,sis-p01,34,0.95319,0.76698
sd04-b175,sis-p01,47,0.96340,0.80411
sd04-b175,sis-p01,65,0.97138,0.85545
sd04-b175,sis-p01,90,0.97757,0.87836
sd04-b175,sis-p01,100,0.97927,0.88705
sd04-b175,sis-p01,124,0.98250,0.90995
sd04-b175,sis-p01,171,0.98644,0.93049
sd04-b175,sis-p01,236,0.98949,0.95498
sd04-b175,sis-p01,325,0.99192,0.96524
sd04-b175,sis-p01,448,0.99383,0.97709
sd04-b175,sis-p01,618,0.99533,0.98341
sd04-b175,sis-p01,852,0.99654,0.98973
sd04-b175,sis-p01,1000,0.99701,0.99052
sd04-b175,sis-p01,1174,0.99746,0.99447
sd04-b175,sis-p01,1619,0.99822,0.99921
sd04-b175,sis-p01,2233,0.99879,1.00000
sd04-b175,sis-p01,3079,0.99920,1.00000
sd04-b175,sis-p01,4245,0.99952,1.00000
sd04-b175,sis-p01,5854,0.99973,1.00000
sd04-b175,sis-p01,8072,0.99991,1.00000
sd04-b175,sis-p01,10000,1.00000,1.00000
sd04-b175,sis-p01,11130,1.00000,1.00000
sd04-b175,sis-p01,15348,1.00000,1.00000
sd04-b175,sis-p01,21163,1.00000,1.00000
sd04-b175,sis-p01,29182,1.00000,1.00000
sd04-b175,sis-p01,40239,1.00000,1.00000
sd04-b175,sis-p01,55486,1.00000,1.00000
sd04-b175,sis-p01,76510,1.00000,1.00000
sd04-b175,sis-p01,105501,1.00000,1.00000
sd04-b175,sis-p01,145476,1.00000,1.00000
sd04-b175,sis-p01,200598,1.00000,1.00000
sd04-b175,sis-p01,276605,1.00000,1.00000
sd04-b175,sis-p01,381413,1.00000,1.00000
sd04-b175,sis-p01,525933,1.00000,1.00000
sd04-b175,sis-p01,725212,1.00000,1.00000
sd04-b175,sis-p01,1000000,1.00000,1.00000
sd04-b175,sis-p10,1,0.51010,0.17360
sd04-b175,sis-p10,2,0.66136,0.27150
sd04-b175,sis-p10,3,0.73569,0.34132
sd04-b175,sis-p10,4,0.78100,0.39395
sd04-b175,sis-p10,5,0.81127,0.43600
sd04-b175,sis-p10,7,0.85042,0.50013
sd04-b175,sis-p10,9,0.87486,0.54837
sd04-b175,sis-p10,10,0.88396,0.56841
sd04-b175,sis-p10,13,0.90412,0.61678
sd04-b175,sis-p10,18,0.92416,0.67269
sd04-b175,sis-p10,25,0.94087,0.72473
sd04-b175,sis-p10,34,0.95319,0.76952
sd04-b175,sis-p10,47,0.96340,0.81135
sd04-b175,sis-p10,65,0.97138,0.84638
sd04-b175,sis-p10,90,0.97757,0.87646
sd04-b175,sis-p10,100,0.97927,0.88545
sd04-b175,sis-p10,124,0.98250,0.90193
sd04-b175,sis-p10,171,0.98644,0.92233
sd04-b175,sis-p10,236,0.98949,0.93938
sd04-b175,sis-p10,325,0.99192,0.95258
sd04-b175,sis-p10,448,0.99383,0.96411
sd04-b175,sis-p10,618,0.99533,0.97341
sd04-b175,sis-p10,852,0.99654,0.98049
sd04-b175,sis-p10,1000,0.99701,0.98373
sd04-b175,sis-p10,1174,0.99746,0.98641
sd04-b175,sis-p10,1619,0.99822,0.99085
sd04-b175,sis-p10,2233,0.99879,0.99399
sd04-b175,sis-p10,3079,0.99920,0.99642
sd04-b175,sis-p10,4245,0.99952,0.99775
sd04-b175,sis-p10,5854,0.99973,0.99920
sd04-b175,sis-p10,8072,0.99991,1.00000
sd04-b175,sis-p10,10000,1.00000,1.00000
sd04-b175,sis-p10,11130,1.00000,1.00000
sd04-b175,sis-p10,15348,1.00000,1.00000
sd04-b175,sis-p10,21163,1.00000,1.00000
sd04-b175,sis-p10,29182,1.00000,1.00000
sd04-b175,sis-p10,40239,1.00000,1.00000
sd04-b175,sis-p10,55486,1.00000,1.00000
sd04-b175,sis-p10,76510,1.00000,1.00000
sd04-b175,sis-p10,105501,1.00000,1.00000
sd04-b175,sis-p10,145476,1.00000,1.00000
sd04-b175,sis-p10,200598,1.00000,1.00000
sd04-b175,sis-p10,276605,1.00000,1.00000
sd04-b175,sis-p10,381413,1.00000,1.00000
sd04-b175,sis-p10,525933,1.00000,1.00000
sd04-b175,sis-p10,725212,1.00000,1.00000
sd04-b175,sis-p10,1000000,1.00000,1.00000
sd04-b175,sis-p20,1,0.51010,0.21868
sd04-b175,sis-p20,2,0.66136,0.33951
sd04-b175,sis-p20,3,0.73569,0.41808
sd04-b175,sis-p20,4,0.78100,0.47661
sd04-b175,sis-p20,5,0.81127,0.52212
sd04-b175,sis-p20,7,0.85042,0.58925
sd04-b175,sis-p20,9,0.87486,0.63582
sd04-b175,sis-p20,10,0.88396,0.65484
sd04-b175,sis-p20,13,0.90412,0.70052
sd04-b175,sis-p20,18,0.92416,0.75142
sd04-b175,sis-p20,25,0.94087,0.79729
sd04-b175,sis-p20,34,0.95319,0.83340
sd04-b175,sis-p20,47,0.96340,0.86549
sd04-b175,sis-p20,65,0.97138,0.89220
sd04-b175,sis-p20,90,0.97757,0.91421
sd04-b175,sis-p20,100,0.97927,0.92069
sd04-b175,sis-p20,124,0.98250,0.93240
sd04-b175,sis-p20,171,0.98644,0.94688
sd04-b175,sis-p20,236,0.98949,0.95838
sd04-b175,sis-p20,325,0.99192,0.96767
sd04-b175,sis-p20,448,0.99383,0.97535
sd04-b175,sis-p20,618,0.99533,0.98149
sd04-b175,sis-p20,852,0.99654,0.98634
sd04-b175,sis-p20,1000,0.99701,0.98828
sd04-b175,sis-p20,1174,0.99746,0.99018
sd04-b175,sis-p20,1619,0.99822,0.99320
sd04-b175,sis-p20,2233,0.99879,0.99543
sd04-b175,sis-p20,3079,0.99920,0.99700
sd04-b175,sis-p20,4245,0.99952,0.99824
sd04-b175,sis-p20,5854,0.99973,0.99918
sd04-b175,sis-p20,8072,0.99991,0.99987
sd04-b175,sis-p20,10000,1.00000,0.99999
sd04-b175,sis-p20,11130,1.00000,1.00000
sd04-b175,sis-p20,15348,1.00000,1.00000
sd04-b175,sis-p20,21163,1.00000,1.00000
sd04-b175,sis-p20,29182,1.00000,1.00000
sd04-b175,sis-p20,40239,1.00000,1.00000
sd04-b175,sis-p20,55486,1.00000,1.00000
sd04-b175,sis-p20,76510,1.00000,1.00000
sd04-b175,sis-p20,105501,1.00000,1.00000
sd04-b175,sis-p20,145476,1.00000,1.00000
sd04-b175,sis-p20,200598,1.00000,1.00000
sd04-b175,sis-p20,276605,1.00000,1.00000
sd04-b175,sis-p20,381413,1.00000,1.00000
sd04-b175,sis-p20,525933,1.00000,1.00000
sd04-b175,sis-p20,725212,1.00000,1.00000
sd04-b175,sis-p20,1000000,1.00000,1.00000
sd04-b175,jan-p01-t1k,1,0.51010,0.52905
sd04-b175,jan-p01-t1k,2,0.66136,0.68493
sd04-b175,jan-p01-t1k,3,0.73569,0.76474
sd04-b175,jan-p01-t1k,4,0.78100,0.81237
sd04-b175,jan-p01-t1k,5,0.81127,0.84302
sd04-b175,jan-p01-t1k,7,0.85042,0.88248
sd04-b175,jan-p01-t1k,9,0.87486,0.91004
sd04-b175,jan-p01-t1k,10,0.88396,0.92041
sd04-b175,jan-p01-t1k,13,0.90412,0.94135
sd04-b175,jan-p01-t1k,18,0.92416,0.95965
sd04-b175,jan-p01-t1k,25,0.94087,0.97586
sd04-b175,jan-p01-t1k,34,0.95319,0.98666
sd04-b175,jan-p01-t1k,47,0.96340,0.99482
sd04-b175,jan-p01-t1k,65,0.97138,0.99835
sd04-b175,jan-p01-t1k,90,0.97757,0.99989
sd04-b175,jan-p01-t1k,100,0.97927,0.99989
sd04-b175,jan-p01-t1k,124,0.98250,0.99989
sd04-b175,jan-p01-t1k,171,0.98644,1.00000
sd04-b175,jan-p01-t1k,236,0.98949,1.00000
sd04-b175,jan-p01-t1k,325,0.99192,1.00000
sd04-b175,jan-p01-t1k,448,0.99383,1.00000
sd04-b175,jan-p01-t1k,618,0.99533,1.00000
sd04-b175,jan-p01-t1k,852,0.99654,1.00000
sd04-b175,jan-p01-t1k,1000,0.99701,1.00000
sd04-b175,jan-p01-t1k,1174,0.99746,1.00000
sd04-b175,jan-p01-t1k,1619,0.99822,1.00000
sd04-b175,jan-p01-t1k,2233,0.99879,1.00000
sd04-b175,jan-p01-t1k,3079,0.99920,1.00000
sd04-b175,jan-p01-t1k,4245,0.99952,1.00000
sd04-b175,jan-p01-t1k,5854,0.99973,1.00000
sd04-b175,jan-p01-t1k,8072,0.99991,1.00000
sd04-b175,jan-p01-t1k,10000,1.00000,1.00000
sd04-b175,jan-p01-t1k,11130,1.00000,1.00000
sd04-b175,jan-p01-t1k,15348,1.00000,1.00000
sd04-b175,jan-p01-t1k,21163,1.00000,1.00000
sd04-b175,jan-p01-t1k,29182,1.00000,1.00000
sd04-b175,jan-p01-t1k,40239,1.00000,1.00000
sd04-b175,jan-p01-t1k,55486,1.00000,1.00000
sd04-b175,jan-p01-t1k,76510,1.00000,1.00000
sd04-b175,jan-p01-t1k,105501,1.00000,1.00000
sd04-b175,jan-p01-t1k,145476,1.00000,1.00000
sd04-b175,jan-p01-t1k,200598,1.00000,1.00000
sd04-b175,jan-p01-t1k,276605,1.00000,1.00000
sd04-b175,jan-p01-t1k,381413,1.00000,1.00000
sd04-b175,jan-p01-t1k,525933,1.00000,1.00000
sd04-b175,jan-p01-t1k,725212,1.00000,1.00000
sd04-b175,jan-p01-t1k,1000000,1.00000,1.00000
sd04-b175,jan-p10-t1k,1,0.51010,0.53104
sd04-b175,jan-p10-t1k,2,0.66136,0.68935
sd04-b175,jan-p10-t1k,3,0.73569,0.76685
sd04-b175,jan-p10-t1k,4,0.78100,0.81371
sd04-b175,jan-p10-t1k,5,0.81127,0.84424
sd04-b175,jan-p10-t1k,7,0.85042,0.88481
sd04-b175,jan-p10-t1k,9,0.87486,0.90981
sd04-b175,jan-p10-t1k,10,0.88396,0.91894
sd04-b175,jan-p10-t1k,13,0.90412,0.93850
sd04-b175,jan-p10-t1k,18,0.92416,0.95746
sd04-b175,jan-p10-t1k,25,0.94087,0.97314
sd04-b175,jan-p10-t1k,34,0.95319,0.98395
sd04-b175,jan-p10-t1k,47,0.96340,0.99138
sd04-b175,jan-p10-t1k,65,0.97138,0.99593
sd04-b175,jan-p10-t1k,90,0.97757,0.99792
sd04-b175,jan-p10-t1k,100,0.97927,0.99811
sd04-b175,jan-p10-t1k,124,0.98250,0.99841
sd04-b175,jan-p10-t1k,171,0.98644,0.99876
sd04-b175,jan-p10-t1k,236,0.98949,0.99912
sd04-b175,jan-p10-t1k,325,0.99192,0.99943
sd04-b175,jan-p10-t1k,448,0.99383,0.99958
sd04-b175,jan-p10-t1k,618,0.99533,0.99966
sd04-b175,jan-p10-t1k,852,0.99654,0.99977
sd04-b175,jan-p10-t1k,1000,0.99701,0.99984
sd04-b175,jan-p10-t1k,1174,0.99746,0.99986
sd04-b175,jan-p10-t1k,1619,0.99822,0.99993
sd04-b175,jan-p10-t1k,2233,0.99879,1.00000
sd04-b175,jan-p10-t1k,3079,0.99920,1.00000
sd04-b175,jan-p10-t1k,4245,0.99952,1.00000
sd04-b175,jan-p10-t1k,5854,0.99973,1.00000
sd04-b175,jan-p10-t1k,8072,0.99991,1.00000
sd04-b175,jan-p10-t1k,10000,1.00000,1.00000
sd04-b175,jan-p10-t1k,11130,1.00000,1.00000
sd04-b175,jan-p10-t1k,15348,1.00000,1.00000
sd04-b175,jan-p10-t1k,21163,1.00000,1.00000
sd04-b175,jan-p10-t1k,29182,1.00000,1.00000
sd04-b175,jan-p10-t1k,40239,1.00000,1.00000
sd04-b175,jan-p10-t1k,55486,1.00000,1.00000
sd04-b175,jan-p10-t1k,76510,1.00000,1.00000
sd04-b175,jan-p10-t1k,105501,1.00000,1.00000
sd04-b175,jan-p10-t1k,145476,1.00000,1.00000
sd04-b175,jan-p10-t1k,200598,1.00000,1.00000
sd04-b175,jan-p10-t1k,276605,1.00000,1.00000
sd04-b175,jan-p10-t1k,381413,1.00000,1.00000
sd04-b175,jan-p10-t1k,525933,1.00000,1.00000
sd04-b175,jan-p10-t1k,725212,1.00000,1.00000
sd04-b175,jan-p10-t1k,1000000,1.00000,1.00000
sd04-b175,jan-p20-t1k,1,0.51010,0.52847
sd04-b175,jan-p20-t1k,2,0.66136,0.68637
sd04-b175,jan-p20-t1k,3,0.73569,0.76312
sd04-b175,jan-p20-t1k,4,0.78100,0.81017
sd04-b175,jan-p20-t1k,5,0.81127,0.84044
sd04-b175,jan-p20-t1k,7,0.85042,0.88049
sd04-b175,jan-p20-t1k,9,0.87486,0.90522
sd04-b175,jan-p20-t1k,10,0.88396,0.91433
sd04-b175,jan-p20-t1k,13,0.90412,0.93416
sd04-b175,jan-p20-t1k,18,0.92416,0.95330
sd04-b175,jan-p20-t1k,25,0.94087,0.96881
sd04-b175,jan-p20-t1k,34,0.95319,0.97941
sd04-b175,jan-p20-t1k,47,0.96340,0.98690
sd04-b175,jan-p20-t1k,65,0.97138,0.99170
sd04-b175,jan-p20-t1k,90,0.97757,0.99418
sd04-b175,jan-p20-t1k,100,0.97927,0.99462
sd04-b175,jan-p20-t1k,124,0.98250,0.99535
sd04-b175,jan-p20-t1k,171,0.98644,0.99638
sd04-b175,jan-p20-t1k,236,0.98949,0.99722
sd04-b175,jan-p20-t1k,325,0.99192,0.99784
sd04-b175,jan-p20-t1k,448,0.99383,0.99842
sd04-b175,jan-p20-t1k,618,0.99533,0.99885
sd04-b175,jan-p20-t1k,852,0.99654,0.99921
sd04-b175,jan-p20-t1k,1000,0.99701,0.99934
sd04-b175,jan-p20-t1k,1174,0.99746,0.99945
sd04-b175,jan-p20-t1k,1619,0.99822,0.99967
sd04-b175,jan-p20-t1k,2233,0.99879,0.99986
sd04-b175,jan-p20-t1k,3079,0.99920,0.99995
sd04-b175,jan-p20-t1k,4245,0.99952,1.00000
sd04-b175,jan-p20-t1k,5854,0.99973,1.00000
sd04-b175,jan-p20-t1k,8072,0.99991,1.00000
sd04-b175,jan-p20-t1k,10000,1.00000,1.00000
sd04-b175,jan-p20-t1k,11130,1.00000,1.00000
sd04-b175,jan-p20-t1k,15348,1.00000,1.00000
sd04-b175,jan-p20-t1k,21163,1.00000,1.00000
sd04-b175,jan-p20-t1k,29182,1.00000,1.00000
sd04-b175,jan-p20-t1k,40239,1.00000,1.00000
sd04-b175,jan-p20-t1k,55486,1.00000,1.00000
sd04-b175,jan-p20-t1k,76510,1.00000,1.00000
sd04-b175,jan-p20-t1k,105501,1.00000,1.00000
sd04-b175,jan-p20-t1k,145476,1.00000,1.00000
sd04-b175,jan-p20-t1k,200598,1.00000,1.00000
sd04-b175,jan-p20-t1k,276605,1.00000,1.00000
sd04-b175,jan-p20-t1k,381413,1.00000,1.00000
sd04-b175,jan-p20-t1k,525933,1.00000,1.00000
sd04-b175,jan-p20-t1k,725212,1.00000,1.00000
sd04-b175,jan-p20-t1k,1000000,1.00000,1.00000
sd04-b175,jan-p01-t10k,1,0.51010,0.51356
sd04-b175,jan-p01-t10k,2,0.66136,0.66873
sd04-b175,jan-p01-t10k,3,0.73569,0.74146
sd04-b175,jan-p01-t10k,4,0.78100,0.78535
sd04-b175,jan-p01-t10k,5,0.81127,0.81642
sd04-b175,jan-p01-t10k,7,0.85042,0.85434
sd04-b175,jan-p01-t10k,9,0.87486,0.87943
sd04-b175,jan-p01-t10k,10,0.88396,0.88830
sd04-b175,jan-p01-t10k,13,0.90412,0.90720
sd04-b175,jan-p01-t10k,18,0.92416,0.93048
sd04-b175,jan-p01-t10k,25,0.94087,0.94949
sd04-b175,jan-p01-t10k,34,0.95319,0.96252
sd04-b175,jan-p01-t10k,47,0.96340,0.97266
sd04-b175,jan-p01-t10k,65,0.97138,0.98174
sd04-b175,jan-p01-t10k,90,0.97757,0.98729
sd04-b175,jan-p01-t10k,100,0.97927,0.98900
sd04-b175,jan-p01-t10k,124,0.98250,0.99178
sd04-b175,jan-p01-t10k,171,0.98644,0.99637
sd04-b175,jan-p01-t10k,236,0.98949,0.99808
sd04-b175,jan-p01-t10k,325,0.99192,0.99936
sd04-b175,jan-p01-t10k,448,0.99383,0.99979
sd04-b175,jan-p01-t10k,618,0.99533,1.00000
sd04-b175,jan-p01-t10k,852,0.99654,1.00000
sd04-b175,jan-p01-t10k,1000,0.99701,1.00000
sd04-b175,jan-p01-t10k,1174,0.99746,1.00000
sd04-b175,jan-p01-t10k,1619,0.99822,1.00000
sd04-b175,jan-p01-t10k,2233,0.99879,1.00000
sd04-b175,jan-p01-t10k,3079,0.99920,1.00000
sd04-b175,jan-p01-t10k,4245,0.99952,1.00000
sd04-b175,jan-p01-t10k,5854,0.99973,1.00000
sd04-b175,jan-p01-t10k,8072,0.99991,1.00000
sd04-b175,jan-p01-t10k,10000,1.00000,1.00000
sd04-b175,jan-p01-t10k,11130,1.00000,1.00000
sd04-b175,jan-p01-t10k,15348,1.00000,1.00000
sd04-b175,jan-p01-t10k,21163,1.00000,1.00000
sd04-b175,jan-p01-t10k,29182,1.00000,1.00000
sd04-b175,jan-p01-t10k,40239,1.00000,1.00000
sd04-b175,jan-p01-t10k,55486,1.00000,1.00000
sd04-b175,jan-p01-t10k,76510,1.00000,1.00000
sd04-b175,jan-p01-t10k,105501,1.00000,1.00000
sd04-b175,jan-p01-t10k,145476,1.00000,1.00000
sd04-b175,jan-p01-t10k,200598,1.00000,1.00000
sd04-b175,jan-p01-t10k,276605,1.00000,1.00000
sd04-b175,jan-p01-t10k,381413,1.00000,1.00000
sd04-b175,jan-p01-t10k,525933,1.00000,1.00000
sd04-b175,jan-p01-t10k,725212,1.00000,1.00000
sd04-b175,jan-p01-t10k,1000000,1.00000,1.00000
sd04-b175,jan-p10-t10k,1,0.51010,0.51646
sd04-b175,jan-p10-t10k,2,0.66136,0.66908
sd04-b175,jan-p10-t10k,3,0.73569,0.74422
sd04-b175,jan-p10-t10k,4,0.78100,0.78948
sd04-b175,jan-p10-t10k,5,0.81127,0.81964
sd04-b175,jan-p10-t10k,7,0.85042,0.85965
sd04-b175,jan-p10-t10k,9,0.87486,0.88420
sd04-b175,jan-p10-t10k,10,0.88396,0.89318
sd04-b175,jan-p10-t10k,13,0.90412,0.91328
sd04-b175,jan-p10-t10k,18,0.92416,0.93373
sd04-b175,jan-p10-t10k,25,0.94087,0.95094
sd04-b175,jan-p10-t10k,34,0.95319,0.96334
sd04-b175,jan-p10-t10k,47,0.96340,0.97342
sd04-b175,jan-p10-t10k,65,0.97138,0.98129
sd04-b175,jan-p10-t10k,90,0.97757,0.98750
sd04-b175,jan-p10-t10k,100,0.97927,0.98901
sd04-b175,jan-p10-t10k,124,0.98250,0.99172
sd04-b175,jan-p10-t10k,171,0.98644,0.99517
sd04-b175,jan-p10-t10k,236,0.98949,0.99736
sd04-b175,jan-p10-t10k,325,0.99192,0.99874
sd04-b175,jan-p10-t10k,448,0.99383,0.99964
sd04-b175,jan-p10-t10k,618,0.99533,0.99994
sd04-b175,jan-p10-t10k,852,0.99654,0.99998
sd04-b175,jan-p10-t10k,1000,0.99701,0.99999
sd04-b175,jan-p10-t10k,1174,0.99746,1.00000
sd04-b175,jan-p10-t10k,1619,0.99822,1.00000
sd04-b175,jan-p10-t10k,2233,0.99879,1.00000
sd04-b175,jan-p10-t10k,3079,0.99920,1.00000
sd04-b175,jan-p10-t10k,4245,0.99952,1.00000
sd04-b175,jan-p10-t10k,5854,0.99973,1.00000
sd04-b175,jan-p10-t10k,8072,0.99991,1.00000
sd04-b175,jan-p10-t10k,10000,1.00000,1.00000
sd04-b175,jan-p10-t10k,11130,1.00000,1.00000
sd04-b175,jan-p10-t10k,15348,1.00000,1.00000
sd04-b175,jan-p10-t10k,21163,1.00000,1.00000
sd04-b175,jan-p10-t10k,29182,1.00000,1.00000
sd04-b175,jan-p10-t10k,40239,1.00000,1.00000
sd04-b175,jan-p10-t10k,55486,1.00000,1.00000
sd04-b175,jan-p10-t10k,76510,1.00000,1.00000
sd04-b175,jan-p10-t10k,105501,1.00000,1.00000
sd04-b175,jan-p10-t10k,145476,1.00000,1.00000
sd04-b175,jan-p10-t10k,200598,1.00000,1.00000
sd04-b175,jan-p10-t10k,276605,1.00000,1.00000
sd04-b175,jan-p10-t10k,381413,1.00000,1.00000
sd04-b175,jan-p10-t10k,525933,1.00000,1.00000
sd04-b175,jan-p10-t10k,725212,1.00000,1.00000
sd04-b175,jan-p10-t10k,1000000,1.00000,1.00000
sd04-b175,jan-p20-t10k,1,0.51010,0.51632
sd04-b175,jan-p20-t10k,2,0.66136,0.66939
sd04-b175,jan-p20-t10k,3,0.73569,0.74471
sd04-b175,jan-p20-t10k,4,0.78100,0.78991
sd04-b175,jan-p20-t10k,5,0.81127,0.82042
sd04-b175,jan-p20-t10k,7,0.85042,0.85964
sd04-b175,jan-p20-t10k,9,0.87486,0.88418
sd04-b175,jan-p20-t10k,10,0.88396,0.89348
sd04-b175,jan-p20-t10k,13,0.90412,0.91348
sd04-b175,jan-p20-t10k,18,0.92416,0.93381
sd04-b175,jan-p20-t10k,25,0.94087,0.95090
sd04-b175,jan-p20-t10k,34,0.95319,0.96306
sd04-b175,jan-p20-t10k,47,0.96340,0.97312
sd04-b175,jan-p20-t10k,65,0.97138,0.98089
sd04-b175,jan-p20-t10k,90,0.97757,0.98689
sd04-b175,jan-p20-t10k,100,0.97927,0.98847
sd04-b175,jan-p20-t10k,124,0.98250,0.99122
sd04-b175,jan-p20-t10k,171,0.98644,0.99461
sd04-b175,jan-p20-t10k,236,0.98949,0.99679
sd04-b175,jan-p20-t10k,325,0.99192,0.99832
sd04-b175,jan-p20-t10k,448,0.99383,0.99924
sd04-b175,jan-p20-t10k,618,0.99533,0.99963
sd04-b175,jan-p20-t10k,852,0.99654,0.99977
sd04-b175,jan-p20-t10k,1000,0.99701,0.99983
sd04-b175,jan-p20-t10k,1174,0.99746,0.99987
sd04-b175,jan-p20-t10k,1619,0.99822,0.99991
sd04-b175,jan-p20-t10k,2233,0.99879,0.99998
sd04-b175,jan-p20-t10k,3079,0.99920,1.00000
sd04-b175,jan-p20-t10k,4245,0.99952,1.00000
sd04-b175,jan-p20-t10k,5854,0.99973,1.00000
sd04-b175,jan-p20-t10k,8072,0.99991,1.00000
sd04-b175,jan-p20-t10k,10000,1.00000,1.00000
sd04-b175,jan-p20-t10k,11130,1.00000,1.00000
sd04-b175,jan-p20-t10k,15348,1.00000,1.00000
sd04-b175,jan-p20-t10k,21163,1.00000,1.00000
sd04-b175,jan-p20-t10k,29182,1.00000,1.00000
sd04-b175,jan-p20-t10k,40239,1.00000,1.00000
sd04-b175,jan-p20-t10k,55486,1.00000,1.00000
sd04-b175,jan-p20-t10k,76510,1.00000,1.00000
sd04-b175,jan-p20-t10k,105501,1.00000,1.00000
sd04-b175,jan-p20-t10k,145476,1.00000,1.00000
sd04-b175,jan-p20-t10k,200598,1.00000,1.00000
sd04-b175,jan-p20-t10k,276605,1.00000,1.00000
sd04-b175,jan-p20-t10k,381413,1.00000,1.00000
sd04-b175,jan-p20-t10k,525933,1.00000,1.00000
sd04-b175,jan-p20-t10k,725212,1.00000,1.00000
sd04-b175,jan-p20-t10k,1000000,1.00000,1.00000
sd05-b150,completa,1,0.38639,0.38639
sd05-b150,completa,2,0.52247,0.52247
sd05-b150,completa,3,0.59688,0.59688
sd05-b150,completa,4,0.64492,0.64492
sd05-b150,completa,5,0.67959,0.67959
sd05-b150,completa,7,0.72644,0.72644
sd05-b150,completa,9,0.75771,0.75771
sd05-b150,completa,10,0.77012,0.77012
sd05-b150,completa,13,0.79794,0.79794
sd05-b150,completa,18,0.82853,0.82853
sd05-b150,completa,25,0.85530,0.85530
sd05-b150,completa,34,0.87687,0.87687
sd05-b150,completa,47,0.89630,0.89630
sd05-b150,completa,65,0.91290,0.91290
sd05-b150,completa,90,0.92709,0.92709
sd05-b150,completa,100,0.93130,0.93130
sd05-b150,completa,124,0.93933,0.93933
sd05-b150,completa,171,0.94980,0.94980
sd05-b150,completa,236,0.95859,0.95859
sd05-b150,completa,325,0.96589,0.96589
sd05-b150,completa,448,0.97219,0.97219
sd05-b150,completa,618,0.97741,0.97741
sd05-b150,completa,852,0.98193,0.98193
sd05-b150,completa,1000,0.98399,0.98399
sd05-b150,completa,1174,0.98588,0.98588
sd05-b150,completa,1619,0.98917,0.98917
sd05-b150,completa,2233,0.99195,0.99195
sd05-b150,completa,3079,0.99434,0.99434
sd05-b150,completa,4245,0.99630,0.99630
sd05-b150,completa,5854,0.99799,0.99799
sd05-b150,completa,8072,0.99933,0.99933
sd05-b150,completa,10000,1.00000,1.00000
sd05-b150,completa,11130,1.00000,1.00000
sd05-b150,completa,15348,1.00000,1.00000
sd05-b150,completa,21163,1.00000,1.00000
sd05-b150,completa,29182,1.00000,1.00000
sd05-b150,completa,40239,1.00000,1.00000
sd05-b150,completa,55486,1.00000,1.00000
sd05-b150,completa,76510,1.00000,1.00000
sd05-b150,completa,105501,1.00000,1.00000
sd05-b150,completa,145476,1.00000,1.00000
sd05-b150,completa,200598,1.00000,1.00000
sd05-b150,completa,276605,1.00000,1.00000
sd05-b150,completa,381413,1.00000,1.00000
sd05-b150,completa,525933,1.00000,1.00000
sd05-b150,completa,725212,1.00000,1.00000
sd05-b150,completa,1000000,1.00000,1.00000
sd05-b150,sis-p01,1,0.38639,0.10632
sd05-b150,sis-p01,2,0.52247,0.15302
sd05-b150,sis-p01,3,0.59688,0.18966
sd05-b150,sis-p01,4,0.64492,0.22701
sd05-b150,sis-p01,5,0.67959,0.25647
sd05-b150,sis-p01,7,0.72644,0.29813
sd05-b150,sis-p01,9,0.75771,0.32902
sd05-b150,sis-p01,10,0.77012,0.34626
sd05-b150,sis-p01,13,0.79794,0.38003
sd05-b150,sis-p01,18,0.82853,0.42457
sd05-b150,sis-p01,25,0.85530,0.46624
sd05-b150,sis-p01,34,0.87687,0.51221
sd05-b150,sis-p01,47,0.89630,0.56537
sd05-b150,sis-p01,65,0.91290,0.60991
sd05-b150,sis-p01,90,0.92709,0.66164
sd05-b150,sis-p01,100,0.93130,0.67744
sd05-b150,sis-p01,124,0.93933,0.70833
sd05-b150,sis-p01,171,0.94980,0.75790
sd05-b150,sis-p01,236,0.95859,0.80244
sd05-b150,sis-p01,325,0.96589,0.84483
sd05-b150,sis-p01,448,0.97219,0.88147
sd05-b150,sis-p01,618,0.97741,0.91020
sd05-b150,sis-p01,852,0.98193,0.94540
sd05-b150,sis-p01,1000,0.98399,0.95977
sd05-b150,sis-p01,1174,0.98588,0.97414
sd05-b150,sis-p01,1619,0.98917,0.99353
sd05-b150,sis-p01,2233,0.99195,0.99928
sd05-b150,sis-p01,3079,0.99434,1.00000
sd05-b150,sis-p01,4245,0.99630,1.00000
sd05-b150,sis-p01,5854,0.99799,1.00000
sd05-b150,sis-p01,8072,0.99933,1.00000
sd05-b150,sis-p01,10000,1.00000,1.00000
sd05-b150,sis-p01,11130,1.00000,1.00000
sd05-b150,sis-p01,15348,1.00000,1.00000
sd05-b150,sis-p01,21163,1.00000,1.00000
sd05-b150,sis-p01,29182,1.00000,1.00000
sd05-b150,sis-p01,40239,1.00000,1.00000
sd05-b150,sis-p01,55486,1.00000,1.00000
sd05-b150,sis-p01,76510,1.00000,1.00000
sd05-b150,sis-p01,105501,1.00000,1.00000
sd05-b150,sis-p01,145476,1.00000,1.00000
sd05-b150,sis-p01,200598,1.00000,1.00000
sd05-b150,sis-p01,276605,1.00000,1.00000
sd05-b150,sis-p01,381413,1.00000,1.00000
sd05-b150,sis-p01,525933,1.00000,1.00000
sd05-b150,sis-p01,725212,1.00000,1.00000
sd05-b150,sis-p01,1000000,1.00000,1.00000
sd05-b150,sis-p10,1,0.38639,0.11326
sd05-b150,sis-p10,2,0.52247,0.17672
sd05-b150,sis-p10,3,0.59688,0.22106
sd05-b150,sis-p10,4,0.64492,0.25666
sd05-b150,sis-p10,5,0.67959,0.28499
sd05-b150,sis-p10,7,0.72644,0.33159
sd05-b150,sis-p10,9,0.75771,0.36564
sd05-b150,sis-p10,10,0.77012,0.38125
sd05-b150,sis-p10,13,0.79794,0.41909
sd05-b150,sis-p10,18,0.82853,0.46549
sd05-b150,sis-p10,25,0.85530,0.51258
sd05-b150,sis-p10,34,0.87687,0.55625
sd05-b150,sis-p10,47,0.89630,0.59969
sd05-b150,sis-p10,65,0.91290,0.64451
sd05-b150,sis-p10,90,0.92709,0.68771
sd05-b150,sis-p10,100,0.93130,0.70125
sd05-b150,sis-p10,124,0.93933,0.72759
sd05-b150,sis-p10,171,0.94980,0.76452
sd05-b150,sis-p10,236,0.95859,0.79771
sd05-b150,sis-p10,325,0.96589,0.82764
sd05-b150,sis-p10,448,0.97219,0.85582
sd05-b150,sis-p10,618,0.97741,0.88213
sd05-b150,sis-p10,852,0.98193,0.90564
sd05-b150,sis-p10,1000,0.98399,0.91642
sd05-b150,sis-p10,1174,0.98588,0.92686
sd05-b150,sis-p10,1619,0.98917,0.94390
sd05-b150,sis-p10,2233,0.99195,0.96015
sd05-b150,sis-p10,3079,0.99434,0.97364
sd05-b150,sis-p10,4245,0.99630,0.98567
sd05-b150,sis-p10,5854,0.99799,0.99500
sd05-b150,sis-p10,8072,0.99933,0.99953
sd05-b150,sis-p10,10000,1.00000,0.99992
sd05-b150,sis-p10,11130,1.00000,0.99994
sd05-b150,sis-p10,15348,1.00000,1.00000
sd05-b150,sis-p10,21163,1.00000,1.00000
sd05-b150,sis-p10,29182,1.00000,1.00000
sd05-b150,sis-p10,40239,1.00000,1.00000
sd05-b150,sis-p10,55486,1.00000,1.00000
sd05-b150,sis-p10,76510,1.00000,1.00000
sd05-b150,sis-p10,105501,1.00000,1.00000
sd05-b150,sis-p10,145476,1.00000,1.00000
sd05-b150,sis-p10,200598,1.00000,1.00000
sd05-b150,sis-p10,276605,1.00000,1.00000
sd05-b150,sis-p10,381413,1.00000,1.00000
sd05-b150,sis-p10,525933,1.00000,1.00000
sd05-b150,sis-p10,725212,1.00000,1.00000
sd05-b150,sis-p10,1000000,1.00000,1.00000
sd05-b150,sis-p20,1,0.38639,0.14515
sd05-b150,sis-p20,2,0.52247,0.22865
sd05-b150,sis-p20,3,0.59688,0.28507
sd05-b150,sis-p20,4,0.64492,0.32721
sd05-b150,sis-p20,5,0.67959,0.36020
sd05-b150,sis-p20,7,0.72644,0.41196
sd05-b150,sis-p20,9,0.75771,0.45192
sd05-b150,sis-p20,10,0.77012,0.46785
sd05-b150,sis-p20,13,0.79794,0.50839
sd05-b150,sis-p20,18,0.82853,0.55737
sd05-b150,sis-p20,25,0.85530,0.60403
sd05-b150,sis-p20,34,0.87687,0.64595
sd05-b150,sis-p20,47,0.89630,0.68820
sd05-b150,sis-p20,65,0.91290,0.72734
sd05-b150,sis-p20,90,0.92709,0.76424
sd05-b150,sis-p20,100,0.93130,0.77574
sd05-b150,sis-p20,124,0.93933,0.79758
sd05-b150,sis-p20,171,0.94980,0.82755
sd05-b150,sis-p20,236,0.95859,0.85371
sd05-b150,sis-p20,325,0.96589,0.87728
sd05-b150,sis-p20,448,0.97219,0.89787
sd05-b150,sis-p20,618,0.97741,0.91642
sd05-b150,sis-p20,852,0.98193,0.93299
sd05-b150,sis-p20,1000,0.98399,0.94025
sd05-b150,sis-p20,1174,0.98588,0.94727
sd05-b150,sis-p20,1619,0.98917,0.95977
sd05-b150,sis-p20,2233,0.99195,0.97032
sd05-b150,sis-p20,3079,0.99434,0.97947
sd05-b150,sis-p20,4245,0.99630,0.98761
sd05-b150,sis-p20,5854,0.99799,0.99421
sd05-b150,sis-p20,8072,0.99933,0.99903
sd05-b150,sis-p20,10000,1.00000,0.99991
sd05-b150,sis-p20,11130,1.00000,0.99994
sd05-b150,sis-p20,15348,1.00000,1.00000
sd05-b150,sis-p20,21163,1.00000,1.00000
sd05-b150,sis-p20,29182,1.00000,1.00000
sd05-b150,sis-p20,40239,1.00000,1.00000
sd05-b150,sis-p20,55486,1.00000,1.00000
sd05-b150,sis-p20,76510,1.00000,1.00000
sd05-b150,sis-p20,105501,1.00000,1.00000
sd05-b150,sis-p20,145476,1.00000,1.00000
sd05-b150,sis-p20,200598,1.00000,1.00000
sd05-b150,sis-p20,276605,1.00000,1.00000
sd05-b150,sis-p20,381413,1.00000,1.00000
sd05-b150,sis-p20,525933,1.00000,1.00000
sd05-b150,sis-p20,725212,1.00000,1.00000
sd05-b150,sis-p20,1000000,1.00000,1.00000
sd05-b150,jan-p01-t1k,1,0.38639,0.42116
sd05-b150,jan-p01-t1k,2,0.52247,0.56977
sd05-b150,jan-p01-t1k,3,0.59688,0.65105
sd05-b150,jan-p01-t1k,4,0.64492,0.70279
sd05-b150,jan-p01-t1k,5,0.67959,0.74209
sd05-b150,jan-p01-t1k,7,0.72644,0.79291
sd05-b150,jan-p01-t1k,9,0.75771,0.82872
sd05-b150,jan-p01-t1k,10,0.77012,0.84419
sd05-b150,jan-p01-t1k,13,0.79794,0.87221
sd05-b150,jan-p01-t1k,18,0.82853,0.90384
sd05-b150,jan-p01-t1k,25,0.85530,0.93151
sd05-b150,jan-p01-t1k,34,0.87687,0.95488
sd05-b150,jan-p01-t1k,47,0.89630,0.97337
sd05-b150,jan-p01-t1k,65,0.91290,0.98570
sd05-b150,jan-p01-t1k,90,0.92709,0.99419
sd05-b150,jan-p01-t1k,100,0.93130,0.99721
sd05-b150,jan-p01-t1k,124,0.93933,0.99953
sd05-b150,jan-p01-t1k,171,0.94980,0.99977
sd05-b150,jan-p01-t1k,236,0.95859,1.00000
sd05-b150,jan-p01-t1k,325,0.96589,1.00000
sd05-b150,jan-p01-t1k,448,0.97219,1.00000
sd05-b150,jan-p01-t1k,618,0.97741,1.00000
sd05-b150,jan-p01-t1k,852,0.98193,1.00000
sd05-b150,jan-p01-t1k,1000,0.98399,1.00000
sd05-b150,jan-p01-t1k,1174,0.98588,1.00000
sd05-b150,jan-p01-t1k,1619,0.98917,1.00000
sd05-b150,jan-p01-t1k,2233,0.99195,1.00000
sd05-b150,jan-p01-t1k,3079,0.99434,1.00000
sd05-b150,jan-p01-t1k,4245,0.99630,1.00000
sd05-b150,jan-p01-t1k,5854,0.99799,1.00000
sd05-b150,jan-p01-t1k,8072,0.99933,1.00000
sd05-b150,jan-p01-t1k,10000,1.00000,1.00000
sd05-b150,jan-p01-t1k,11130,1.00000,1.00000
sd05-b150,jan-p01-t1k,15348,1.00000,1.00000
sd05-b150,jan-p01-t1k,21163,1.00000,1.00000
sd05-b150,jan-p01-t1k,29182,1.00000,1.00000
sd05-b150,jan-p01-t1k,40239,1.00000,1.00000
sd05-b150,jan-p01-t1k,55486,1.00000,1.00000
sd05-b150,jan-p01-t1k,76510,1.00000,1.00000
sd05-b150,jan-p01-t1k,105501,1.00000,1.00000
sd05-b150,jan-p01-t1k,145476,1.00000,1.00000
sd05-b150,jan-p01-t1k,200598,1.00000,1.00000
sd05-b150,jan-p01-t1k,276605,1.00000,1.00000
sd05-b150,jan-p01-t1k,381413,1.00000,1.00000
sd05-b150,jan-p01-t1k,525933,1.00000,1.00000
sd05-b150,jan-p01-t1k,725212,1.00000,1.00000
sd05-b150,jan-p01-t1k,1000000,1.00000,1.00000
sd05-b150,jan-p10-t1k,1,0.38639,0.41956
sd05-b150,jan-p10-t1k,2,0.52247,0.56548
sd05-b150,jan-p10-t1k,3,0.59688,0.64748
sd05-b150,jan-p10-t1k,4,0.64492,0.69903
sd05-b150,jan-p10-t1k,5,0.67959,0.73686
sd05-b150,jan-p10-t1k,7,0.72644,0.78649
sd05-b150,jan-p10-t1k,9,0.75771,0.81972
sd05-b150,jan-p10-t1k,10,0.77012,0.83351
sd05-b150,jan-p10-t1k,13,0.79794,0.86209
sd05-b150,jan-p10-t1k,18,0.82853,0.89394
sd05-b150,jan-p10-t1k,25,0.85530,0.92122
sd05-b150,jan-p10-t1k,34,0.87687,0.94201
sd05-b150,jan-p10-t1k,47,0.89630,0.95900
sd05-b150,jan-p10-t1k,65,0.91290,0.97184
sd05-b150,jan-p10-t1k,90,0.92709,0.98101
sd05-b150,jan-p10-t1k,100,0.93130,0.98346
sd05-b150,jan-p10-t1k,124,0.93933,0.98658
sd05-b150,jan-p10-t1k,171,0.94980,0.98865
sd05-b150,jan-p10-t1k,236,0.95859,0.99040
sd05-b150,jan-p10-t1k,325,0.96589,0.99222
sd05-b150,jan-p10-t1k,448,0.97219,0.99395
sd05-b150,jan-p10-t1k,618,0.97741,0.99529
sd05-b150,jan-p10-t1k,852,0.98193,0.99646
sd05-b150,jan-p10-t1k,1000,0.98399,0.99717
sd05-b150,jan-p10-t1k,1174,0.98588,0.99772
sd05-b150,jan-p10-t1k,1619,0.98917,0.99867
sd05-b150,jan-p10-t1k,2233,0.99195,0.99955
sd05-b150,jan-p10-t1k,3079,0.99434,0.99989
sd05-b150,jan-p10-t1k,4245,0.99630,1.00000
sd05-b150,jan-p10-t1k,5854,0.99799,1.00000
sd05-b150,jan-p10-t1k,8072,0.99933,1.00000
sd05-b150,jan-p10-t1k,10000,1.00000,1.00000
sd05-b150,jan-p10-t1k,11130,1.00000,1.00000
sd05-b150,jan-p10-t1k,15348,1.00000,1.00000
sd05-b150,jan-p10-t1k,21163,1.00000,1.00000
sd05-b150,jan-p10-t1k,29182,1.00000,1.00000
sd05-b150,jan-p10-t1k,40239,1.00000,1.00000
sd05-b150,jan-p10-t1k,55486,1.00000,1.00000
sd05-b150,jan-p10-t1k,76510,1.00000,1.00000
sd05-b150,jan-p10-t1k,105501,1.00000,1.00000
sd05-b150,jan-p10-t1k,145476,1.00000,1.00000
sd05-b150,jan-p10-t1k,200598,1.00000,1.00000
sd05-b150,jan-p10-t1k,276605,1.00000,1.00000
sd05-b150,jan-p10-t1k,381413,1.00000,1.00000
sd05-b150,jan-p10-t1k,525933,1.00000,1.00000
sd05-b150,jan-p10-t1k,725212,1.00000,1.00000
sd05-b150,jan-p10-t1k,1000000,1.00000,1.00000
sd05-b150,jan-p20-t1k,1,0.38639,0.41132
sd05-b150,jan-p20-t1k,2,0.52247,0.55604
sd05-b150,jan-p20-t1k,3,0.59688,0.63600
sd05-b150,jan-p20-t1k,4,0.64492,0.68734
sd05-b150,jan-p20-t1k,5,0.67959,0.72441
sd05-b150,jan-p20-t1k,7,0.72644,0.77353
sd05-b150,jan-p20-t1k,9,0.75771,0.80632
sd05-b150,jan-p20-t1k,10,0.77012,0.81989
sd05-b150,jan-p20-t1k,13,0.79794,0.84804
sd05-b150,jan-p20-t1k,18,0.82853,0.87930
sd05-b150,jan-p20-t1k,25,0.85530,0.90546
sd05-b150,jan-p20-t1k,34,0.87687,0.92604
sd05-b150,jan-p20-t1k,47,0.89630,0.94323
sd05-b150,jan-p20-t1k,65,0.91290,0.95639
sd05-b150,jan-p20-t1k,90,0.92709,0.96609
sd05-b150,jan-p20-t1k,100,0.93130,0.96879
sd05-b150,jan-p20-t1k,124,0.93933,0.97252
sd05-b150,jan-p20-t1k,171,0.94980,0.97621
sd05-b150,jan-p20-t1k,236,0.95859,0.97991
sd05-b150,jan-p20-t1k,325,0.96589,0.98292
sd05-b150,jan-p20-t1k,448,0.97219,0.98600
sd05-b150,jan-p20-t1k,618,0.97741,0.98863
sd05-b150,jan-p20-t1k,852,0.98193,0.99104
sd05-b150,jan-p20-t1k,1000,0.98399,0.99219
sd05-b150,jan-p20-t1k,1174,0.98588,0.99327
sd05-b150,jan-p20-t1k,1619,0.98917,0.99526
sd05-b150,jan-p20-t1k,2233,0.99195,0.99697
sd05-b150,jan-p20-t1k,3079,0.99434,0.99850
sd05-b150,jan-p20-t1k,4245,0.99630,0.99964
sd05-b150,jan-p20-t1k,5854,0.99799,0.99994
sd05-b150,jan-p20-t1k,8072,0.99933,1.00000
sd05-b150,jan-p20-t1k,10000,1.00000,1.00000
sd05-b150,jan-p20-t1k,11130,1.00000,1.00000
sd05-b150,jan-p20-t1k,15348,1.00000,1.00000
sd05-b150,jan-p20-t1k,21163,1.00000,1.00000
sd05-b150,jan-p20-t1k,29182,1.00000,1.00000
sd05-b150,jan-p20-t1k,40239,1.00000,1.00000
sd05-b150,jan-p20-t1k,55486,1.00000,1.00000
sd05-b150,jan-p20-t1k,76510,1.00000,1.00000
sd05-b150,jan-p20-t1k,105501,1.00000,1.00000
sd05-b150,jan-p20-t1k,145476,1.00000,1.00000
sd05-b150,jan-p20-t1k,200598,1.00000,1.00000
sd05-b150,jan-p20-t1k,276605,1.00000,1.00000
sd05-b150,jan-p20-t1k,381413,1.00000,1.00000
sd05-b150,jan-p20-t1k,525933,1.00000,1.00000
sd05-b150,jan-p20-t1k,725212,1.00000,1.00000
sd05-b150,jan-p20-t1k,1000000,1.00000,1.00000
sd05-b150,jan-p01-t10k,1,0.38639,0.39788
sd05-b150,jan-p01-t10k,2,0.52247,0.53966
sd05-b150,jan-p01-t10k,3,0.59688,0.61667
sd05-b150,jan-p01-t10k,4,0.64492,0.66831
sd05-b150,jan-p01-t10k,5,0.67959,0.70167
sd05-b150,jan-p01-t10k,7,0.72644,0.74882
sd05-b150,jan-p01-t10k,9,0.75771,0.78131
sd05-b150,jan-p01-t10k,10,0.77012,0.79368
sd05-b150,jan-p01-t10k,13,0.79794,0.82223
sd05-b150,jan-p01-t10k,18,0.82853,0.85177
sd05-b150,jan-p01-t10k,25,0.85530,0.87955
sd05-b150,jan-p01-t10k,34,0.87687,0.90198
sd05-b150,jan-p01-t10k,47,0.89630,0.91948
sd05-b150,jan-p01-t10k,65,0.91290,0.93710
sd05-b150,jan-p01-t10k,90,0.92709,0.95394
sd05-b150,jan-p01-t10k,100,0.93130,0.95854
sd05-b150,jan-p01-t10k,124,0.93933,0.96762
sd05-b150,jan-p01-t10k,171,0.94980,0.97790
sd05-b150,jan-p01-t10k,236,0.95859,0.98611
sd05-b150,jan-p01-t10k,325,0.96589,0.99180
sd05-b150,jan-p01-t10k,448,0.97219,0.99639
sd05-b150,jan-p01-t10k,618,0.97741,0.99912
sd05-b150,jan-p01-t10k,852,0.98193,1.00000
sd05-b150,jan-p01-t10k,1000,0.98399,1.00000
sd05-b150,jan-p01-t10k,1174,0.98588,1.00000
sd05-b150,jan-p01-t10k,1619,0.98917,1.00000
sd05-b150,jan-p01-t10k,2233,0.99195,1.00000
sd05-b150,jan-p01-t10k,3079,0.99434,1.00000
sd05-b150,jan-p01-t10k,4245,0.99630,1.00000
sd05-b150,jan-p01-t10k,5854,0.99799,1.00000
sd05-b150,jan-p01-t10k,8072,0.99933,1.00000
sd05-b150,jan-p01-t10k,10000,1.00000,1.00000
sd05-b150,jan-p01-t10k,11130,1.00000,1.00000
sd05-b150,jan-p01-t10k,15348,1.00000,1.00000
sd05-b150,jan-p01-t10k,21163,1.00000,1.00000
sd05-b150,jan-p01-t10k,29182,1.00000,1.00000
sd05-b150,jan-p01-t10k,40239,1.00000,1.00000
sd05-b150,jan-p01-t10k,55486,1.00000,1.00000
sd05-b150,jan-p01-t10k,76510,1.00000,1.00000
sd05-b150,jan-p01-t10k,105501,1.00000,1.00000
sd05-b150,jan-p01-t10k,145476,1.00000,1.00000
sd05-b150,jan-p01-t10k,200598,1.00000,1.00000
sd05-b150,jan-p01-t10k,276605,1.00000,1.00000
sd05-b150,jan-p01-t10k,381413,1.00000,1.00000
sd05-b150,jan-p01-t10k,525933,1.00000,1.00000
sd05-b150,jan-p01-t10k,725212,1.00000,1.00000
sd05-b150,jan-p01-t10k,1000000,1.00000,1.00000
sd05-b150,jan-p10-t10k,1,0.38639,0.40038
sd05-b150,jan-p10-t10k,2,0.52247,0.54050
sd05-b150,jan-p10-t10k,3,0.59688,0.61690
sd05-b150,jan-p10-t10k,4,0.64492,0.66712
sd05-b150,jan-p10-t10k,5,0.67959,0.70193
sd05-b150,jan-p10-t10k,7,0.72644,0.75038
sd05-b150,jan-p10-t10k,9,0.75771,0.78318
sd05-b150,jan-p10-t10k,10,0.77012,0.79554
sd05-b150,jan-p10-t10k,13,0.79794,0.82351
sd05-b150,jan-p10-t10k,18,0.82853,0.85560
sd05-b150,jan-p10-t10k,25,0.85530,0.88281
sd05-b150,jan-p10-t10k,34,0.87687,0.90489
sd05-b150,jan-p10-t10k,47,0.89630,0.92415
sd05-b150,jan-p10-t10k,65,0.91290,0.94073
sd05-b150,jan-p10-t10k,90,0.92709,0.95511
sd05-b150,jan-p10-t10k,100,0.93130,0.95946
sd05-b150,jan-p10-t10k,124,0.93933,0.96753
sd05-b150,jan-p10-t10k,171,0.94980,0.97757
sd05-b150,jan-p10-t10k,236,0.95859,0.98511
sd05-b150,jan-p10-t10k,325,0.96589,0.99110
sd05-b150,jan-p10-t10k,448,0.97219,0.99540
sd05-b150,jan-p10-t10k,618,0.97741,0.99802
sd05-b150,jan-p10-t10k,852,0.98193,0.99926
sd05-b150,jan-p10-t10k,1000,0.98399,0.99947
sd05-b150,jan-p10-t10k,1174,0.98588,0.99962
sd05-b150,jan-p10-t10k,1619,0.98917,0.99989
sd05-b150,jan-p10-t10k,2233,0.99195,0.99995
sd05-b150,jan-p10-t10k,3079,0.99434,1.00000
sd05-b150,jan-p10-t10k,4245,0.99630,1.00000
sd05-b150,jan-p10-t10k,5854,0.99799,1.00000
sd05-b150,jan-p10-t10k,8072,0.99933,1.00000
sd05-b150,jan-p10-t10k,10000,1.00000,1.00000
sd05-b150,jan-p10-t10k,11130,1.00000,1.00000
sd05-b150,jan-p10-t10k,15348,1.00000,1.00000
sd05-b150,jan-p10-t10k,21163,1.00000,1.00000
sd05-b150,jan-p10-t10k,29182,1.00000,1.00000
sd05-b150,jan-p10-t10k,40239,1.00000,1.00000
sd05-b150,jan-p10-t10k,55486,1.00000,1.00000
sd05-b150,jan-p10-t10k,76510,1.00000,1.00000
sd05-b150,jan-p10-t10k,105501,1.00000,1.00000
sd05-b150,jan-p10-t10k,145476,1.00000,1.00000
sd05-b150,jan-p10-t10k,200598,1.00000,1.00000
sd05-b150,jan-p10-t10k,276605,1.00000,1.00000
sd05-b150,jan-p10-t10k,381413,1.00000,1.00000
sd05-b150,jan-p10-t10k,525933,1.00000,1.00000
sd05-b150,jan-p10-t10k,725212,1.00000,1.00000
sd05-b150,jan-p10-t10k,1000000,1.00000,1.00000
sd05-b150,jan-p20-t10k,1,0.38639,0.39847
sd05-b150,jan-p20-t10k,2,0.52247,0.53868
sd05-b150,jan-p20-t10k,3,0.59688,0.61562
sd05-b150,jan-p20-t10k,4,0.64492,0.66537
sd05-b150,jan-p20-t10k,5,0.67959,0.70033
sd05-b150,jan-p20-t10k,7,0.72644,0.74879
sd05-b150,jan-p20-t10k,9,0.75771,0.78102
sd05-b150,jan-p20-t10k,10,0.77012,0.79367
sd05-b150,jan-p20-t10k,13,0.79794,0.82173
sd05-b150,jan-p20-t10k,18,0.82853,0.85297
sd05-b150,jan-p20-t10k,25,0.85530,0.88028
sd05-b150,jan-p20-t10k,34,0.87687,0.90214
sd05-b150,jan-p20-t10k,47,0.89630,0.92157
sd05-b150,jan-p20-t10k,65,0.91290,0.93806
sd05-b150,jan-p20-t10k,90,0.92709,0.95239
sd05-b150,jan-p20-t10k,100,0.93130,0.95674
sd05-b150,jan-p20-t10k,124,0.93933,0.96461
sd05-b150,jan-p20-t10k,171,0.94980,0.97446
sd05-b150,jan-p20-t10k,236,0.95859,0.98214
sd05-b150,jan-p20-t10k,325,0.96589,0.98794
sd05-b150,jan-p20-t10k,448,0.97219,0.99235
sd05-b150,jan-p20-t10k,618,0.97741,0.99533
sd05-b150,jan-p20-t10k,852,0.98193,0.99682
sd05-b150,jan-p20-t10k,1000,0.98399,0.99728
sd05-b150,jan-p20-t10k,1174,0.98588,0.99775
sd05-b150,jan-p20-t10k,1619,0.98917,0.99864
sd05-b150,jan-p20-t10k,2233,0.99195,0.99938
sd05-b150,jan-p20-t10k,3079,0.99434,0.99983
sd05-b150,jan-p20-t10k,4245,0.99630,0.99997
sd05-b150,jan-p20-t10k,5854,0.99799,1.00000
sd05-b150,jan-p20-t10k,8072,0.99933,1.00000
sd05-b150,jan-p20-t10k,10000,1.00000,1.00000
sd05-b150,jan-p20-t10k,11130,1.00000,1.00000
sd05-b150,jan-p20-t10k,15348,1.00000,1.00000
sd05-b150,jan-p20-t10k,21163,1.00000,1.00000
sd05-b150,jan-p20-t10k,29182,1.00000,1.00000
sd05-b150,jan-p20-t10k,40239,1.00000,1.00000
sd05-b150,jan-p20-t10k,55486,1.00000,1.00000
sd05-b150,jan-p20-t10k,76510,1.00000,1.00000
sd05-b150,jan-p20-t10k,105501,1.00000,1.00000
sd05-b150,jan-p20-t10k,145476,1.00000,1.00000
sd05-b150,jan-p20-t10k,200598,1.00000,1.00000
sd05-b150,jan-p20-t10k,276605,1.00000,1.00000
sd05-b150,jan-p20-t10k,381413,1.00000,1.00000
sd05-b150,jan-p20-t10k,525933,1.00000,1.00000
sd05-b150,jan-p20-t10k,725212,1.00000,1.00000
sd05-b150,jan-p20-t10k,1000000,1.00000,1.00000
sd06-b125,completa,1,0.23964,0.23964
sd06-b125,completa,2,0.34021,0.34021
sd06-b125,completa,3,0.40038,0.40038
sd06-b125,completa,4,0.44257,0.44257
sd06-b125,completa,5,0.47431,0.47431
sd06-b125,completa,7,0.52077,0.52077
sd06-b125,completa,9,0.55370,0.55370
sd06-b125,completa,10,0.56719,0.56719
sd06-b125,completa,13,0.59968,0.59968
sd06-b125,completa,18,0.63704,0.63704
sd06-b125,completa,25,0.67274,0.67274
sd06-b125,completa,34,0.70387,0.70387
sd06-b125,completa,47,0.73380,0.73380
sd06-b125,completa,65,0.76203,0.76203
sd06-b125,completa,90,0.78821,0.78821
sd06-b125,completa,100,0.79598,0.79598
sd06-b125,completa,124,0.81171,0.81171
sd06-b125,completa,171,0.83374,0.83374
sd06-b125,completa,236,0.85420,0.85420
sd06-b125,completa,325,0.87301,0.87301
sd06-b125,completa,448,0.89032,0.89032
sd06-b125,completa,618,0.90650,0.90650
sd06-b125,completa,852,0.92105,0.92105
sd06-b125,completa,1000,0.92794,0.92794
sd06-b125,completa,1174,0.93466,0.93466
sd06-b125,completa,1619,0.94754,0.94754
sd06-b125,completa,2233,0.95908,0.95908
sd06-b125,completa,3079,0.96949,0.96949
sd06-b125,completa,4245,0.97891,0.97891
sd06-b125,completa,5854,0.98757,0.98757
sd06-b125,completa,8072,0.99536,0.99536
sd06-b125,completa,10000,1.00000,1.00000
sd06-b125,completa,11130,1.00000,1.00000
sd06-b125,completa,15348,1.00000,1.00000
sd06-b125,completa,21163,1.00000,1.00000
sd06-b125,completa,29182,1.00000,1.00000
sd06-b125,completa,40239,1.00000,1.00000
sd06-b125,completa,55486,1.00000,1.00000
sd06-b125,completa,76510,1.00000,1.00000
sd06-b125,completa,105501,1.00000,1.00000
sd06-b125,completa,145476,1.00000,1.00000
sd06-b125,completa,200598,1.00000,1.00000
sd06-b125,completa,276605,1.00000,1.00000
sd06-b125,completa,381413,1.00000,1.00000
sd06-b125,completa,525933,1.00000,1.00000
sd06-b125,completa,725212,1.00000,1.00000
sd06-b125,completa,1000000,1.00000,1.00000
sd06-b125,sis-p01,1,0.23964,0.05165
sd06-b125,sis-p01,2,0.34021,0.08196
sd06-b125,sis-p01,3,0.40038,0.10124
sd06-b125,sis-p01,4,0.44257,0.11846
sd06-b125,sis-p01,5,0.47431,0.13499
sd06-b125,sis-p01,7,0.52077,0.14945
sd06-b125,sis-p01,9,0.55370,0.16667
sd06-b125,sis-p01,10,0.56719,0.17218
sd06-b125,sis-p01,13,0.59968,0.19766
sd06-b125,sis-p01,18,0.63704,0.22314
sd06-b125,sis-p01,25,0.67274,0.25000
sd06-b125,sis-p01,34,0.70387,0.27686
sd06-b125,sis-p01,47,0.73380,0.31474
sd06-b125,sis-p01,65,0.76203,0.34642
sd06-b125,sis-p01,90,0.78821,0.38223
sd06-b125,sis-p01,100,0.79598,0.40358
sd06-b125,sis-p01,124,0.81171,0.43388
sd06-b125,sis-p01,171,0.83374,0.48140
sd06-b125,sis-p01,236,0.85420,0.54132
sd06-b125,sis-p01,325,0.87301,0.60262
sd06-b125,sis-p01,448,0.89032,0.66116
sd06-b125,sis-p01,618,0.90650,0.72934
sd06-b125,sis-p01,852,0.92105,0.80234
sd06-b125,sis-p01,1000,0.92794,0.83747
sd06-b125,sis-p01,1174,0.93466,0.87672
sd06-b125,sis-p01,1619,0.94754,0.93871
sd06-b125,sis-p01,2233,0.95908,0.98072
sd06-b125,sis-p01,3079,0.96949,0.99518
sd06-b125,sis-p01,4245,0.97891,1.00000
sd06-b125,sis-p01,5854,0.98757,1.00000
sd06-b125,sis-p01,8072,0.99536,1.00000
sd06-b125,sis-p01,10000,1.00000,1.00000
sd06-b125,sis-p01,11130,1.00000,1.00000
sd06-b125,sis-p01,15348,1.00000,1.00000
sd06-b125,sis-p01,21163,1.00000,1.00000
sd06-b125,sis-p01,29182,1.00000,1.00000
sd06-b125,sis-p01,40239,1.00000,1.00000
sd06-b125,sis-p01,55486,1.00000,1.00000
sd06-b125,sis-p01,76510,1.00000,1.00000
sd06-b125,sis-p01,105501,1.00000,1.00000
sd06-b125,sis-p01,145476,1.00000,1.00000
sd06-b125,sis-p01,200598,1.00000,1.00000
sd06-b125,sis-p01,276605,1.00000,1.00000
sd06-b125,sis-p01,381413,1.00000,1.00000
sd06-b125,sis-p01,525933,1.00000,1.00000
sd06-b125,sis-p01,725212,1.00000,1.00000
sd06-b125,sis-p01,1000000,1.00000,1.00000
sd06-b125,sis-p10,1,0.23964,0.05803
sd06-b125,sis-p10,2,0.34021,0.09122
sd06-b125,sis-p10,3,0.40038,0.11357
sd06-b125,sis-p10,4,0.44257,0.13116
sd06-b125,sis-p10,5,0.47431,0.14592
sd06-b125,sis-p10,7,0.52077,0.17009
sd06-b125,sis-p10,9,0.55370,0.19005
sd06-b125,sis-p10,10,0.56719,0.19854
sd06-b125,sis-p10,13,0.59968,0.21944
sd06-b125,sis-p10,18,0.63704,0.24897
sd06-b125,sis-p10,25,0.67274,0.27967
sd06-b125,sis-p10,34,0.70387,0.30877
sd06-b125,sis-p10,47,0.73380,0.34178
sd06-b125,sis-p10,65,0.76203,0.37589
sd06-b125,sis-p10,90,0.78821,0.41199
sd06-b125,sis-p10,100,0.79598,0.42446
sd06-b125,sis-p10,124,0.81171,0.44897
sd06-b125,sis-p10,171,0.83374,0.48704
sd06-b125,sis-p10,236,0.85420,0.52487
sd06-b125,sis-p10,325,0.87301,0.56380
sd06-b125,sis-p10,448,0.89032,0.60701
sd06-b125,sis-p10,618,0.90650,0.65191
sd06-b125,sis-p10,852,0.92105,0.69668
sd06-b125,sis-p10,1000,0.92794,0.71871
sd06-b125,sis-p10,1174,0.93466,0.74247
sd06-b125,sis-p10,1619,0.94754,0.78743
sd06-b125,sis-p10,2233,0.95908,0.83390
sd06-b125,sis-p10,3079,0.96949,0.87961
sd06-b125,sis-p10,4245,0.97891,0.92473
sd06-b125,sis-p10,5854,0.98757,0.96895
sd06-b125,sis-p10,8072,0.99536,0.99347
sd06-b125,sis-p10,10000,1.00000,0.99805
sd06-b125,sis-p10,11130,1.00000,0.99904
sd06-b125,sis-p10,15348,1.00000,0.99992
sd06-b125,sis-p10,21163,1.00000,1.00000
sd06-b125,sis-p10,29182,1.00000,1.00000
sd06-b125,sis-p10,40239,1.00000,1.00000
sd06-b125,sis-p10,55486,1.00000,1.00000
sd06-b125,sis-p10,76510,1.00000,1.00000
sd06-b125,sis-p10,105501,1.00000,1.00000
sd06-b125,sis-p10,145476,1.00000,1.00000
sd06-b125,sis-p10,200598,1.00000,1.00000
sd06-b125,sis-p10,276605,1.00000,1.00000
sd06-b125,sis-p10,381413,1.00000,1.00000
sd06-b125,sis-p10,525933,1.00000,1.00000
sd06-b125,sis-p10,725212,1.00000,1.00000
sd06-b125,sis-p10,1000000,1.00000,1.00000
sd06-b125,sis-p20,1,0.23964,0.07980
sd06-b125,sis-p20,2,0.34021,0.12415
sd06-b125,sis-p20,3,0.40038,0.15515
sd06-b125,sis-p20,4,0.44257,0.17949
sd06-b125,sis-p20,5,0.47431,0.19859
sd06-b125,sis-p20,7,0.52077,0.22920
sd06-b125,sis-p20,9,0.55370,0.25328
sd06-b125,sis-p20,10,0.56719,0.26351
sd06-b125,sis-p20,13,0.59968,0.29023
sd06-b125,sis-p20,18,0.63704,0.32419
sd06-b125,sis-p20,25,0.67274,0.35843
sd06-b125,sis-p20,34,0.70387,0.39269
sd06-b125,sis-p20,47,0.73380,0.42894
sd06-b125,sis-p20,65,0.76203,0.46556
sd06-b125,sis-p20,90,0.78821,0.50254
sd06-b125,sis-p20,100,0.79598,0.51482
sd06-b125,sis-p20,124,0.81171,0.53971
sd06-b125,sis-p20,171,0.83374,0.57666
sd06-b125,sis-p20,236,0.85420,0.61432
sd06-b125,sis-p20,325,0.87301,0.65137
sd06-b125,sis-p20,448,0.89032,0.68771
sd06-b125,sis-p20,618,0.90650,0.72472
sd06-b125,sis-p20,852,0.92105,0.76193
sd06-b125,sis-p20,1000,0.92794,0.78068
sd06-b125,sis-p20,1174,0.93466,0.79909
sd06-b125,sis-p20,1619,0.94754,0.83495
sd06-b125,sis-p20,2233,0.95908,0.86913
sd06-b125,sis-p20,3079,0.96949,0.90257
sd06-b125,sis-p20,4245,0.97891,0.93458
sd06-b125,sis-p20,5854,0.98757,0.96515
sd06-b125,sis-p20,8072,0.99536,0.99381
sd06-b125,sis-p20,10000,1.00000,0.99820
sd06-b125,sis-p20,11130,1.00000,0.99913
sd06-b125,sis-p20,15348,1.00000,0.99994
sd06-b125,sis-p20,21163,1.00000,1.00000
sd06-b125,sis-p20,29182,1.00000,1.00000
sd06-b125,sis-p20,40239,1.00000,1.00000
sd06-b125,sis-p20,55486,1.00000,1.00000
sd06-b125,sis-p20,76510,1.00000,1.00000
sd06-b125,sis-p20,105501,1.00000,1.00000
sd06-b125,sis-p20,145476,1.00000,1.00000
sd06-b125,sis-p20,200598,1.00000,1.00000
sd06-b125,sis-p20,276605,1.00000,1.00000
sd06-b125,sis-p20,381413,1.00000,1.00000
sd06-b125,sis-p20,525933,1.00000,1.00000
sd06-b125,sis-p20,725212,1.00000,1.00000
sd06-b125,sis-p20,1000000,1.00000,1.00000
sd06-b125,jan-p01-t1k,1,0.23964,0.30320
sd06-b125,jan-p01-t1k,2,0.34021,0.42308
sd06-b125,jan-p01-t1k,3,0.40038,0.49366
sd06-b125,jan-p01-t1k,4,0.44257,0.54705
sd06-b125,jan-p01-t1k,5,0.47431,0.58551
sd06-b125,jan-p01-t1k,7,0.52077,0.64380
sd06-b125,jan-p01-t1k,9,0.55370,0.68319
sd06-b125,jan-p01-t1k,10,0.56719,0.70143
sd06-b125,jan-p01-t1k,13,0.59968,0.74055
sd06-b125,jan-p01-t1k,18,0.63704,0.78536
sd06-b125,jan-p01-t1k,25,0.67274,0.82844
sd06-b125,jan-p01-t1k,34,0.70387,0.86875
sd06-b125,jan-p01-t1k,47,0.73380,0.90008
sd06-b125,jan-p01-t1k,65,0.76203,0.93312
sd06-b125,jan-p01-t1k,90,0.78821,0.95837
sd06-b125,jan-p01-t1k,100,0.79598,0.96511
sd06-b125,jan-p01-t1k,124,0.81171,0.97793
sd06-b125,jan-p01-t1k,171,0.83374,0.99075
sd06-b125,jan-p01-t1k,236,0.85420,0.99670
sd06-b125,jan-p01-t1k,325,0.87301,0.99762
sd06-b125,jan-p01-t1k,448,0.89032,0.99921
sd06-b125,jan-p01-t1k,618,0.90650,0.99987
sd06-b125,jan-p01-t1k,852,0.92105,1.00000
sd06-b125,jan-p01-t1k,1000,0.92794,1.00000
sd06-b125,jan-p01-t1k,1174,0.93466,1.00000
sd06-b125,jan-p01-t1k,1619,0.94754,1.00000
sd06-b125,jan-p01-t1k,2233,0.95908,1.00000
sd06-b125,jan-p01-t1k,3079,0.96949,1.00000
sd06-b125,jan-p01-t1k,4245,0.97891,1.00000
sd06-b125,jan-p01-t1k,5854,0.98757,1.00000
sd06-b125,jan-p01-t1k,8072,0.99536,1.00000
sd06-b125,jan-p01-t1k,10000,1.00000,1.00000
sd06-b125,jan-p01-t1k,11130,1.00000,1.00000
sd06-b125,jan-p01-t1k,15348,1.00000,1.00000
sd06-b125,jan-p01-t1k,21163,1.00000,1.00000
sd06-b125,jan-p01-t1k,29182,1.00000,1.00000
sd06-b125,jan-p01-t1k,40239,1.00000,1.00000
sd06-b125,jan-p01-t1k,55486,1.00000,1.00000
sd06-b125,jan-p01-t1k,76510,1.00000,1.00000
sd06-b125,jan-p01-t1k,105501,1.00000,1.00000
sd06-b125,jan-p01-t1k,145476,1.00000,1.00000
sd06-b125,jan-p01-t1k,200598,1.00000,1.00000
sd06-b125,jan-p01-t1k,276605,1.00000,1.00000
sd06-b125,jan-p01-t1k,381413,1.00000,1.00000
sd06-b125,jan-p01-t1k,525933,1.00000,1.00000
sd06-b125,jan-p01-t1k,725212,1.00000,1.00000
sd06-b125,jan-p01-t1k,1000000,1.00000,1.00000
sd06-b125,jan-p10-t1k,1,0.23964,0.28182
sd06-b125,jan-p10-t1k,2,0.34021,0.39733
sd06-b125,jan-p10-t1k,3,0.40038,0.46661
sd06-b125,jan-p10-t1k,4,0.44257,0.51465
sd06-b125,jan-p10-t1k,5,0.47431,0.55040
sd06-b125,jan-p10-t1k,7,0.52077,0.60488
sd06-b125,jan-p10-t1k,9,0.55370,0.64251
sd06-b125,jan-p10-t1k,10,0.56719,0.65853
sd06-b125,jan-p10-t1k,13,0.59968,0.69691
sd06-b125,jan-p10-t1k,18,0.63704,0.73910
sd06-b125,jan-p10-t1k,25,0.67274,0.77859
sd06-b125,jan-p10-t1k,34,0.70387,0.81320
sd06-b125,jan-p10-t1k,47,0.73380,0.84465
sd06-b125,jan-p10-t1k,65,0.76203,0.87286
sd06-b125,jan-p10-t1k,90,0.78821,0.89735
sd06-b125,jan-p10-t1k,100,0.79598,0.90401
sd06-b125,jan-p10-t1k,124,0.81171,0.91649
sd06-b125,jan-p10-t1k,171,0.83374,0.93107
sd06-b125,jan-p10-t1k,236,0.85420,0.94007
sd06-b125,jan-p10-t1k,325,0.87301,0.94599
sd06-b125,jan-p10-t1k,448,0.89032,0.95173
sd06-b125,jan-p10-t1k,618,0.90650,0.95782
sd06-b125,jan-p10-t1k,852,0.92105,0.96426
sd06-b125,jan-p10-t1k,1000,0.92794,0.96740
sd06-b125,jan-p10-t1k,1174,0.93466,0.97092
sd06-b125,jan-p10-t1k,1619,0.94754,0.97798
sd06-b125,jan-p10-t1k,2233,0.95908,0.98529
sd06-b125,jan-p10-t1k,3079,0.96949,0.99313
sd06-b125,jan-p10-t1k,4245,0.97891,0.99751
sd06-b125,jan-p10-t1k,5854,0.98757,0.99944
sd06-b125,jan-p10-t1k,8072,0.99536,0.99995
sd06-b125,jan-p10-t1k,10000,1.00000,0.99999
sd06-b125,jan-p10-t1k,11130,1.00000,0.99999
sd06-b125,jan-p10-t1k,15348,1.00000,1.00000
sd06-b125,jan-p10-t1k,21163,1.00000,1.00000
sd06-b125,jan-p10-t1k,29182,1.00000,1.00000
sd06-b125,jan-p10-t1k,40239,1.00000,1.00000
sd06-b125,jan-p10-t1k,55486,1.00000,1.00000
sd06-b125,jan-p10-t1k,76510,1.00000,1.00000
sd06-b125,jan-p10-t1k,105501,1.00000,1.00000
sd06-b125,jan-p10-t1k,145476,1.00000,1.00000
sd06-b125,jan-p10-t1k,200598,1.00000,1.00000
sd06-b125,jan-p10-t1k,276605,1.00000,1.00000
sd06-b125,jan-p10-t1k,381413,1.00000,1.00000
sd06-b125,jan-p10-t1k,525933,1.00000,1.00000
sd06-b125,jan-p10-t1k,725212,1.00000,1.00000
sd06-b125,jan-p10-t1k,1000000,1.00000,1.00000
sd06-b125,jan-p20-t1k,1,0.23964,0.26663
sd06-b125,jan-p20-t1k,2,0.34021,0.37760
sd06-b125,jan-p20-t1k,3,0.40038,0.44394
sd06-b125,jan-p20-t1k,4,0.44257,0.49052
sd06-b125,jan-p20-t1k,5,0.47431,0.52516
sd06-b125,jan-p20-t1k,7,0.52077,0.57668
sd06-b125,jan-p20-t1k,9,0.55370,0.61288
sd06-b125,jan-p20-t1k,10,0.56719,0.62799
sd06-b125,jan-p20-t1k,13,0.59968,0.66393
sd06-b125,jan-p20-t1k,18,0.63704,0.70464
sd06-b125,jan-p20-t1k,25,0.67274,0.74269
sd06-b125,jan-p20-t1k,34,0.70387,0.77539
sd06-b125,jan-p20-t1k,47,0.73380,0.80549
sd06-b125,jan-p20-t1k,65,0.76203,0.83294
sd06-b125,jan-p20-t1k,90,0.78821,0.85649
sd06-b125,jan-p20-t1k,100,0.79598,0.86311
sd06-b125,jan-p20-t1k,124,0.81171,0.87509
sd06-b125,jan-p20-t1k,171,0.83374,0.89013
sd06-b125,jan-p20-t1k,236,0.85420,0.90125
sd06-b125,jan-p20-t1k,325,0.87301,0.90923
sd06-b125,jan-p20-t1k,448,0.89032,0.91814
sd06-b125,jan-p20-t1k,618,0.90650,0.92783
sd06-b125,jan-p20-t1k,852,0.92105,0.93721
sd06-b125,jan-p20-t1k,1000,0.92794,0.94181
sd06-b125,jan-p20-t1k,1174,0.93466,0.94655
sd06-b125,jan-p20-t1k,1619,0.94754,0.95664
sd06-b125,jan-p20-t1k,2233,0.95908,0.96659
sd06-b125,jan-p20-t1k,3079,0.96949,0.97737
sd06-b125,jan-p20-t1k,4245,0.97891,0.98806
sd06-b125,jan-p20-t1k,5854,0.98757,0.99630
sd06-b125,jan-p20-t1k,8072,0.99536,0.99915
sd06-b125,jan-p20-t1k,10000,1.00000,0.99974
sd06-b125,jan-p20-t1k,11130,1.00000,0.99994
sd06-b125,jan-p20-t1k,15348,1.00000,0.99999
sd06-b125,jan-p20-t1k,21163,1.00000,1.00000
sd06-b125,jan-p20-t1k,29182,1.00000,1.00000
sd06-b125,jan-p20-t1k,40239,1.00000,1.00000
sd06-b125,jan-p20-t1k,55486,1.00000,1.00000
sd06-b125,jan-p20-t1k,76510,1.00000,1.00000
sd06-b125,jan-p20-t1k,105501,1.00000,1.00000
sd06-b125,jan-p20-t1k,145476,1.00000,1.00000
sd06-b125,jan-p20-t1k,200598,1.00000,1.00000
sd06-b125,jan-p20-t1k,276605,1.00000,1.00000
sd06-b125,jan-p20-t1k,381413,1.00000,1.00000
sd06-b125,jan-p20-t1k,525933,1.00000,1.00000
sd06-b125,jan-p20-t1k,725212,1.00000,1.00000
sd06-b125,jan-p20-t1k,1000000,1.00000,1.00000
sd06-b125,jan-p01-t10k,1,0.23964,0.25945
sd06-b125,jan-p01-t10k,2,0.34021,0.37402
sd06-b125,jan-p01-t10k,3,0.40038,0.44073
sd06-b125,jan-p01-t10k,4,0.44257,0.48520
sd06-b125,jan-p01-t10k,5,0.47431,0.52171
sd06-b125,jan-p01-t10k,7,0.52077,0.57414
sd06-b125,jan-p01-t10k,9,0.55370,0.60925
sd06-b125,jan-p01-t10k,10,0.56719,0.62364
sd06-b125,jan-p01-t10k,13,0.59968,0.66085
sd06-b125,jan-p01-t10k,18,0.63704,0.70334
sd06-b125,jan-p01-t10k,25,0.67274,0.74102
sd06-b125,jan-p01-t10k,34,0.70387,0.77449
sd06-b125,jan-p01-t10k,47,0.73380,0.80702
sd06-b125,jan-p01-t10k,65,0.76203,0.83745
sd06-b125,jan-p01-t10k,90,0.78821,0.86437
sd06-b125,jan-p01-t10k,100,0.79598,0.87303
sd06-b125,jan-p01-t10k,124,0.81171,0.88941
sd06-b125,jan-p01-t10k,171,0.83374,0.91036
sd06-b125,jan-p01-t10k,236,0.85420,0.93259
sd06-b125,jan-p01-t10k,325,0.87301,0.95155
sd06-b125,jan-p01-t10k,448,0.89032,0.96782
sd06-b125,jan-p01-t10k,618,0.90650,0.98034
sd06-b125,jan-p01-t10k,852,0.92105,0.99169
sd06-b125,jan-p01-t10k,1000,0.92794,0.99532
sd06-b125,jan-p01-t10k,1174,0.93466,0.99848
sd06-b125,jan-p01-t10k,1619,0.94754,1.00000
sd06-b125,jan-p01-t10k,2233,0.95908,1.00000
sd06-b125,jan-p01-t10k,3079,0.96949,1.00000
sd06-b125,jan-p01-t10k,4245,0.97891,1.00000
sd06-b125,jan-p01-t10k,5854,0.98757,1.00000
sd06-b125,jan-p01-t10k,8072,0.99536,1.00000
sd06-b125,jan-p01-t10k,10000,1.00000,1.00000
sd06-b125,jan-p01-t10k,11130,1.00000,1.00000
sd06-b125,jan-p01-t10k,15348,1.00000,1.00000
sd06-b125,jan-p01-t10k,21163,1.00000,1.00000
sd06-b125,jan-p01-t10k,29182,1.00000,1.00000
sd06-b125,jan-p01-t10k,40239,1.00000,1.00000
sd06-b125,jan-p01-t10k,55486,1.00000,1.00000
sd06-b125,jan-p01-t10k,76510,1.00000,1.00000
sd06-b125,jan-p01-t10k,105501,1.00000,1.00000
sd06-b125,jan-p01-t10k,145476,1.00000,1.00000
sd06-b125,jan-p01-t10k,200598,1.00000,1.00000
sd06-b125,jan-p01-t10k,276605,1.00000,1.00000
sd06-b125,jan-p01-t10k,381413,1.00000,1.00000
sd06-b125,jan-p01-t10k,525933,1.00000,1.00000
sd06-b125,jan-p01-t10k,725212,1.00000,1.00000
sd06-b125,jan-p01-t10k,1000000,1.00000,1.00000
sd06-b125,jan-p10-t10k,1,0.23964,0.26204
sd06-b125,jan-p10-t10k,2,0.34021,0.37212
sd06-b125,jan-p10-t10k,3,0.40038,0.43723
sd06-b125,jan-p10-t10k,4,0.44257,0.48277
sd06-b125,jan-p10-t10k,5,0.47431,0.51735
sd06-b125,jan-p10-t10k,7,0.52077,0.56792
sd06-b125,jan-p10-t10k,9,0.55370,0.60332
sd06-b125,jan-p10-t10k,10,0.56719,0.61826
sd06-b125,jan-p10-t10k,13,0.59968,0.65333
sd06-b125,jan-p10-t10k,18,0.63704,0.69424
sd06-b125,jan-p10-t10k,25,0.67274,0.73205
sd06-b125,jan-p10-t10k,34,0.70387,0.76625
sd06-b125,jan-p10-t10k,47,0.73380,0.79832
sd06-b125,jan-p10-t10k,65,0.76203,0.82913
sd06-b125,jan-p10-t10k,90,0.78821,0.85631
sd06-b125,jan-p10-t10k,100,0.79598,0.86434
sd06-b125,jan-p10-t10k,124,0.81171,0.88067
sd06-b125,jan-p10-t10k,171,0.83374,0.90413
sd06-b125,jan-p10-t10k,236,0.85420,0.92461
sd06-b125,jan-p10-t10k,325,0.87301,0.94286
sd06-b125,jan-p10-t10k,448,0.89032,0.95866
sd06-b125,jan-p10-t10k,618,0.90650,0.97173
sd06-b125,jan-p10-t10k,852,0.92105,0.98205
sd06-b125,jan-p10-t10k,1000,0.92794,0.98620
sd06-b125,jan-p10-t10k,1174,0.93466,0.98947
sd06-b125,jan-p10-t10k,1619,0.94754,0.99310
sd06-b125,jan-p10-t10k,2233,0.95908,0.99643
sd06-b125,jan-p10-t10k,3079,0.96949,0.99855
sd06-b125,jan-p10-t10k,4245,0.97891,0.99970
sd06-b125,jan-p10-t10k,5854,0.98757,0.99998
sd06-b125,jan-p10-t10k,8072,0.99536,1.00000
sd06-b125,jan-p10-t10k,10000,1.00000,1.00000
sd06-b125,jan-p10-t10k,11130,1.00000,1.00000
sd06-b125,jan-p10-t10k,15348,1.00000,1.00000
sd06-b125,jan-p10-t10k,21163,1.00000,1.00000
sd06-b125,jan-p10-t10k,29182,1.00000,1.00000
sd06-b125,jan-p10-t10k,40239,1.00000,1.00000
sd06-b125,jan-p10-t10k,55486,1.00000,1.00000
sd06-b125,jan-p10-t10k,76510,1.00000,1.00000
sd06-b125,jan-p10-t10k,105501,1.00000,1.00000
sd06-b125,jan-p10-t10k,145476,1.00000,1.00000
sd06-b125,jan-p10-t10k,200598,1.00000,1.00000
sd06-b125,jan-p10-t10k,276605,1.00000,1.00000
sd06-b125,jan-p10-t10k,381413,1.00000,1.00000
sd06-b125,jan-p10-t10k,525933,1.00000,1.00000
sd06-b125,jan-p10-t10k,725212,1.00000,1.00000
sd06-b125,jan-p10-t10k,1000000,1.00000,1.00000
sd06-b125,jan-p20-t10k,1,0.23964,0.25799
sd06-b125,jan-p20-t10k,2,0.34021,0.36567
sd06-b125,jan-p20-t10k,3,0.40038,0.42927
sd06-b125,jan-p20-t10k,4,0.44257,0.47442
sd06-b125,jan-p20-t10k,5,0.47431,0.50855
sd06-b125,jan-p20-t10k,7,0.52077,0.55815
sd06-b125,jan-p20-t10k,9,0.55370,0.59320
sd06-b125,jan-p20-t10k,10,0.56719,0.60751
sd06-b125,jan-p20-t10k,13,0.59968,0.64277
sd06-b125,jan-p20-t10k,18,0.63704,0.68288
sd06-b125,jan-p20-t10k,25,0.67274,0.72027
sd06-b125,jan-p20-t10k,34,0.70387,0.75343
sd06-b125,jan-p20-t10k,47,0.73380,0.78540
sd06-b125,jan-p20-t10k,65,0.76203,0.81529
sd06-b125,jan-p20-t10k,90,0.78821,0.84217
sd06-b125,jan-p20-t10k,100,0.79598,0.85016
sd06-b125,jan-p20-t10k,124,0.81171,0.86658
sd06-b125,jan-p20-t10k,171,0.83374,0.88878
sd06-b125,jan-p20-t10k,236,0.85420,0.90890
sd06-b125,jan-p20-t10k,325,0.87301,0.92700
sd06-b125,jan-p20-t10k,448,0.89032,0.94276
sd06-b125,jan-p20-t10k,618,0.90650,0.95596
sd06-b125,jan-p20-t10k,852,0.92105,0.96675
sd06-b125,jan-p20-t10k,1000,0.92794,0.97116
sd06-b125,jan-p20-t10k,1174,0.93466,0.97468
sd06-b125,jan-p20-t10k,1619,0.94754,0.98043
sd06-b125,jan-p20-t10k,2233,0.95908,0.98614
sd06-b125,jan-p20-t10k,3079,0.96949,0.99178
sd06-b125,jan-p20-t10k,4245,0.97891,0.99675
sd06-b125,jan-p20-t10k,5854,0.98757,0.99901
sd06-b125,jan-p20-t10k,8072,0.99536,0.99979
sd06-b125,jan-p20-t10k,10000,1.00000,0.99993
sd06-b125,jan-p20-t10k,11130,1.00000,0.99998
sd06-b125,jan-p20-t10k,15348,1.00000,1.00000
sd06-b125,jan-p20-t10k,21163,1.00000,1.00000
sd06-b125,jan-p20-t10k,29182,1.00000,1.00000
sd06-b125,jan-p20-t10k,40239,1.00000,1.00000
sd06-b125,jan-p20-t10k,55486,1.00000,1.00000
sd06-b125,jan-p20-t10k,76510,1.00000,1.00000
sd06-b125,jan-p20-t10k,105501,1.00000,1.00000
sd06-b125,jan-p20-t10k,145476,1.00000,1.00000
sd06-b125,jan-p20-t10k,200598,1.00000,1.00000
sd06-b125,jan-p20-t10k,276605,1.00000,1.00000
sd06-b125,jan-p20-t10k,381413,1.00000,1.00000
sd06-b125,jan-p20-t10k,525933,1.00000,1.00000
sd06-b125,jan-p20-t10k,725212,1.00000,1.00000
sd06-b125,jan-p20-t10k,1000000,1.00000,1.00000
sd07-b100,completa,1,0.10282,0.10282
sd07-b100,completa,2,0.15474,0.15474
sd07-b100,completa,3,0.18897,0.18897
sd07-b100,completa,4,0.21448,0.21448
sd07-b100,completa,5,0.23509,0.23509
sd07-b100,completa,7,0.26685,0.26685
sd07-b100,completa,9,0.29122,0.29122
sd07-b100,completa,10,0.30157,0.30157
sd07-b100,completa,13,0.32736,0.32736
sd07-b100,completa,18,0.35964,0.35964
sd07-b100,completa,25,0.39229,0.39229
sd07-b100,completa,34,0.42345,0.42345
sd07-b100,completa,47,0.45600,0.45600
sd07-b100,completa,65,0.48894,0.48894
sd07-b100,completa,90,0.52209,0.52209
sd07-b100,completa,100,0.53275,0.53275
sd07-b100,completa,124,0.55467,0.55467
sd07-b100,completa,171,0.58790,0.58790
sd07-b100,completa,236,0.62044,0.62044
sd07-b100,completa,325,0.65331,0.65331
sd07-b100,completa,448,0.68632,0.68632
sd07-b100,completa,618,0.71924,0.71924
sd07-b100,completa,852,0.75179,0.75179
sd07-b100,completa,1000,0.76852,0.76852
sd07-b100,completa,1174,0.78494,0.78494
sd07-b100,completa,1619,0.81745,0.81745
sd07-b100,completa,2233,0.85037,0.85037
sd07-b100,completa,3079,0.88325,0.88325
sd07-b100,completa,4245,0.91573,0.91573
sd07-b100,completa,5854,0.94827,0.94827
sd07-b100,completa,8072,0.97944,0.97944
sd07-b100,completa,10000,1.00000,1.00000
sd07-b100,completa,11130,1.00000,1.00000
sd07-b100,completa,15348,1.00000,1.00000
sd07-b100,completa,21163,1.00000,1.00000
sd07-b100,completa,29182,1.00000,1.00000
sd07-b100,completa,40239,1.00000,1.00000
sd07-b100,completa,55486,1.00000,1.00000
sd07-b100,completa,76510,1.00000,1.00000
sd07-b100,completa,105501,1.00000,1.00000
sd07-b100,completa,145476,1.00000,1.00000
sd07-b100,completa,200598,1.00000,1.00000
sd07-b100,completa,276605,1.00000,1.00000
sd07-b100,completa,381413,1.00000,1.00000
sd07-b100,completa,525933,1.00000,1.00000
sd07-b100,completa,725212,1.00000,1.00000
sd07-b100,completa,1000000,1.00000,1.00000
sd07-b100,sis-p01,1,0.10282,0.01919
sd07-b100,sis-p01,2,0.15474,0.02772
sd07-b100,sis-p01,3,0.18897,0.03198
sd07-b100,sis-p01,4,0.21448,0.03767
sd07-b100,sis-p01,5,0.23509,0.04691
sd07-b100,sis-p01,7,0.26685,0.05259
sd07-b100,sis-p01,9,0.29122,0.06041
sd07-b100,sis-p01,10,0.30157,0.06610
sd07-b100,sis-p01,13,0.32736,0.07036
sd07-b100,sis-p01,18,0.35964,0.08458
sd07-b100,sis-p01,25,0.39229,0.09950
sd07-b100,sis-p01,34,0.42345,0.12082
sd07-b100,sis-p01,47,0.45600,0.13646
sd07-b100,sis-p01,65,0.48894,0.16418
sd07-b100,sis-p01,90,0.52209,0.19687
sd07-b100,sis-p01,100,0.53275,0.20896
sd07-b100,sis-p01,124,0.55467,0.23454
sd07-b100,sis-p01,171,0.58790,0.28074
sd07-b100,sis-p01,236,0.62044,0.32196
sd07-b100,sis-p01,325,0.65331,0.37882
sd07-b100,sis-p01,448,0.68632,0.44847
sd07-b100,sis-p01,618,0.71924,0.53234
sd07-b100,sis-p01,852,0.75179,0.63966
sd07-b100,sis-p01,1000,0.76852,0.69652
sd07-b100,sis-p01,1174,0.78494,0.75267
sd07-b100,sis-p01,1619,0.81745,0.84861
sd07-b100,sis-p01,2233,0.85037,0.92893
sd07-b100,sis-p01,3079,0.88325,0.97441
sd07-b100,sis-p01,4245,0.91573,0.99502
sd07-b100,sis-p01,5854,0.94827,1.00000
sd07-b100,sis-p01,8072,0.97944,1.00000
sd07-b100,sis-p01,10000,1.00000,1.00000
sd07-b100,sis-p01,11130,1.00000,1.00000
sd07-b100,sis-p01,15348,1.00000,1.00000
sd07-b100,sis-p01,21163,1.00000,1.00000
sd07-b100,sis-p01,29182,1.00000,1.00000
sd07-b100,sis-p01,40239,1.00000,1.00000
sd07-b100,sis-p01,55486,1.00000,1.00000
sd07-b100,sis-p01,76510,1.00000,1.00000
sd07-b100,sis-p01,105501,1.00000,1.00000
sd07-b100,sis-p01,145476,1.00000,1.00000
sd07-b100,sis-p01,200598,1.00000,1.00000
sd07-b100,sis-p01,276605,1.00000,1.00000
sd07-b100,sis-p01,381413,1.00000,1.00000
sd07-b100,sis-p01,525933,1.00000,1.00000
sd07-b100,sis-p01,725212,1.00000,1.00000
sd07-b100,sis-p01,1000000,1.00000,1.00000
sd07-b100,sis-p10,1,0.10282,0.02317
sd07-b100,sis-p10,2,0.15474,0.03619
sd07-b100,sis-p10,3,0.18897,0.04613
sd07-b100,sis-p10,4,0.21448,0.05437
sd07-b100,sis-p10,5,0.23509,0.06096
sd07-b100,sis-p10,7,0.26685,0.07148
sd07-b100,sis-p10,9,0.29122,0.07983
sd07-b100,sis-p10,10,0.30157,0.08442
sd07-b100,sis-p10,13,0.32736,0.09511
sd07-b100,sis-p10,18,0.35964,0.10787
sd07-b100,sis-p10,25,0.39229,0.12354
sd07-b100,sis-p10,34,0.42345,0.13891
sd07-b100,sis-p10,47,0.45600,0.15724
sd07-b100,sis-p10,65,0.48894,0.17705
sd07-b100,sis-p10,90,0.52209,0.19833
sd07-b100,sis-p10,100,0.53275,0.20611
sd07-b100,sis-p10,124,0.55467,0.22317
sd07-b100,sis-p10,171,0.58790,0.25041
sd07-b100,sis-p10,236,0.62044,0.28001
sd07-b100,sis-p10,325,0.65331,0.31180
sd07-b100,sis-p10,448,0.68632,0.34815
sd07-b100,sis-p10,618,0.71924,0.38970
sd07-b100,sis-p10,852,0.75179,0.43798
sd07-b100,sis-p10,1000,0.76852,0.46413
sd07-b100,sis-p10,1174,0.78494,0.49246
sd07-b100,sis-p10,1619,0.81745,0.55516
sd07-b100,sis-p10,2233,0.85037,0.62612
sd07-b100,sis-p10,3079,0.88325,0.70901
sd07-b100,sis-p10,4245,0.91573,0.80347
sd07-b100,sis-p10,5854,0.94827,0.90659
sd07-b100,sis-p10,8072,0.97944,0.96929
sd07-b100,sis-p10,10000,1.00000,0.98977
sd07-b100,sis-p10,11130,1.00000,0.99447
sd07-b100,sis-p10,15348,1.00000,0.99967
sd07-b100,sis-p10,21163,1.00000,1.00000
sd07-b100,sis-p10,29182,1.00000,1.00000
sd07-b100,sis-p10,40239,1.00000,1.00000
sd07-b100,sis-p10,55486,1.00000,1.00000
sd07-b100,sis-p10,76510,1.00000,1.00000
sd07-b100,sis-p10,105501,1.00000,1.00000
sd07-b100,sis-p10,145476,1.00000,1.00000
sd07-b100,sis-p10,200598,1.00000,1.00000
sd07-b100,sis-p10,276605,1.00000,1.00000
sd07-b100,sis-p10,381413,1.00000,1.00000
sd07-b100,sis-p10,525933,1.00000,1.00000
sd07-b100,sis-p10,725212,1.00000,1.00000
sd07-b100,sis-p10,1000000,1.00000,1.00000
sd07-b100,sis-p20,1,0.10282,0.03349
sd07-b100,sis-p20,2,0.15474,0.05219
sd07-b100,sis-p20,3,0.18897,0.06566
sd07-b100,sis-p20,4,0.21448,0.07624
sd07-b100,sis-p20,5,0.23509,0.08537
sd07-b100,sis-p20,7,0.26685,0.09930
sd07-b100,sis-p20,9,0.29122,0.11092
sd07-b100,sis-p20,10,0.30157,0.11568
sd07-b100,sis-p20,13,0.32736,0.12887
sd07-b100,sis-p20,18,0.35964,0.14674
sd07-b100,sis-p20,25,0.39229,0.16620
sd07-b100,sis-p20,34,0.42345,0.18481
sd07-b100,sis-p20,47,0.45600,0.20627
sd07-b100,sis-p20,65,0.48894,0.23006
sd07-b100,sis-p20,90,0.52209,0.25571
sd07-b100,sis-p20,100,0.53275,0.26440
sd07-b100,sis-p20,124,0.55467,0.28215
sd07-b100,sis-p20,171,0.58790,0.31152
sd07-b100,sis-p20,236,0.62044,0.34352
sd07-b100,sis-p20,325,0.65331,0.37657
sd07-b100,sis-p20,448,0.68632,0.41374
sd07-b100,sis-p20,618,0.71924,0.45427
sd07-b100,sis-p20,852,0.75179,0.49923
sd07-b100,sis-p20,1000,0.76852,0.52345
sd07-b100,sis-p20,1174,0.78494,0.54859
sd07-b100,sis-p20,1619,0.81745,0.60330
sd07-b100,sis-p20,2233,0.85037,0.66442
sd07-b100,sis-p20,3079,0.88325,0.73091
sd07-b100,sis-p20,4245,0.91573,0.80643
sd07-b100,sis-p20,5854,0.94827,0.88806
sd07-b100,sis-p20,8072,0.97944,0.96868
sd07-b100,sis-p20,10000,1.00000,0.99020
sd07-b100,sis-p20,11130,1.00000,0.99535
sd07-b100,sis-p20,15348,1.00000,0.99972
sd07-b100,sis-p20,21163,1.00000,0.99999
sd07-b100,sis-p20,29182,1.00000,1.00000
sd07-b100,sis-p20,40239,1.00000,1.00000
sd07-b100,sis-p20,55486,1.00000,1.00000
sd07-b100,sis-p20,76510,1.00000,1.00000
sd07-b100,sis-p20,105501,1.00000,1.00000
sd07-b100,sis-p20,145476,1.00000,1.00000
sd07-b100,sis-p20,200598,1.00000,1.00000
sd07-b100,sis-p20,276605,1.00000,1.00000
sd07-b100,sis-p20,381413,1.00000,1.00000
sd07-b100,sis-p20,525933,1.00000,1.00000
sd07-b100,sis-p20,725212,1.00000,1.00000
sd07-b100,sis-p20,1000000,1.00000,1.00000
sd07-b100,jan-p01-t1k,1,0.10282,0.17253
sd07-b100,jan-p01-t1k,2,0.15474,0.25637
sd07-b100,jan-p01-t1k,3,0.18897,0.31110
sd07-b100,jan-p01-t1k,4,0.21448,0.35579
sd07-b100,jan-p01-t1k,5,0.23509,0.38767
sd07-b100,jan-p01-t1k,7,0.26685,0.44085
sd07-b100,jan-p01-t1k,9,0.29122,0.47584
sd07-b100,jan-p01-t1k,10,0.30157,0.49264
sd07-b100,jan-p01-t1k,13,0.32736,0.52953
sd07-b100,jan-p01-t1k,18,0.35964,0.58011
sd07-b100,jan-p01-t1k,25,0.39229,0.63052
sd07-b100,jan-p01-t1k,34,0.42345,0.67781
sd07-b100,jan-p01-t1k,47,0.45600,0.72735
sd07-b100,jan-p01-t1k,65,0.48894,0.77932
sd07-b100,jan-p01-t1k,90,0.52209,0.82539
sd07-b100,jan-p01-t1k,100,0.53275,0.83977
sd07-b100,jan-p01-t1k,124,0.55467,0.86731
sd07-b100,jan-p01-t1k,171,0.58790,0.90681
sd07-b100,jan-p01-t1k,236,0.62044,0.93851
sd07-b100,jan-p01-t1k,325,0.65331,0.96258
sd07-b100,jan-p01-t1k,448,0.68632,0.97887
sd07-b100,jan-p01-t1k,618,0.71924,0.98493
sd07-b100,jan-p01-t1k,852,0.75179,0.99169
sd07-b100,jan-p01-t1k,1000,0.76852,0.99376
sd07-b100,jan-p01-t1k,1174,0.78494,0.99550
sd07-b100,jan-p01-t1k,1619,0.81745,0.99879
sd07-b100,jan-p01-t1k,2233,0.85037,0.99965
sd07-b100,jan-p01-t1k,3079,0.88325,1.00000
sd07-b100,jan-p01-t1k,4245,0.91573,1.00000
sd07-b100,jan-p01-t1k,5854,0.94827,1.00000
sd07-b100,jan-p01-t1k,8072,0.97944,1.00000
sd07-b100,jan-p01-t1k,10000,1.00000,1.00000
sd07-b100,jan-p01-t1k,11130,1.00000,1.00000
sd07-b100,jan-p01-t1k,15348,1.00000,1.00000
sd07-b100,jan-p01-t1k,21163,1.00000,1.00000
sd07-b100,jan-p01-t1k,29182,1.00000,1.00000
sd07-b100,jan-p01-t1k,40239,1.00000,1.00000
sd07-b100,jan-p01-t1k,55486,1.00000,1.00000
sd07-b100,jan-p01-t1k,76510,1.00000,1.00000
sd07-b100,jan-p01-t1k,105501,1.00000,1.00000
sd07-b100,jan-p01-t1k,145476,1.00000,1.00000
sd07-b100,jan-p01-t1k,200598,1.00000,1.00000
sd07-b100,jan-p01-t1k,276605,1.00000,1.00000
sd07-b100,jan-p01-t1k,381413,1.00000,1.00000
sd07-b100,jan-p01-t1k,525933,1.00000,1.00000
sd07-b100,jan-p01-t1k,725212,1.00000,1.00000
sd07-b100,jan-p01-t1k,1000000,1.00000,1.00000
sd07-b100,jan-p10-t1k,1,0.10282,0.13479
sd07-b100,jan-p10-t1k,2,0.15474,0.20255
sd07-b100,jan-p10-t1k,3,0.18897,0.24615
sd07-b100,jan-p10-t1k,4,0.21448,0.27924
sd07-b100,jan-p10-t1k,5,0.23509,0.30544
sd07-b100,jan-p10-t1k,7,0.26685,0.34566
sd07-b100,jan-p10-t1k,9,0.29122,0.37602
sd07-b100,jan-p10-t1k,10,0.30157,0.38930
sd07-b100,jan-p10-t1k,13,0.32736,0.42148
sd07-b100,jan-p10-t1k,18,0.35964,0.46200
sd07-b100,jan-p10-t1k,25,0.39229,0.50293
sd07-b100,jan-p10-t1k,34,0.42345,0.54142
sd07-b100,jan-p10-t1k,47,0.45600,0.57924
sd07-b100,jan-p10-t1k,65,0.48894,0.61893
sd07-b100,jan-p10-t1k,90,0.52209,0.65617
sd07-b100,jan-p10-t1k,100,0.53275,0.66760
sd07-b100,jan-p10-t1k,124,0.55467,0.69085
sd07-b100,jan-p10-t1k,171,0.58790,0.72486
sd07-b100,jan-p10-t1k,236,0.62044,0.75347
sd07-b100,jan-p10-t1k,325,0.65331,0.77597
sd07-b100,jan-p10-t1k,448,0.68632,0.79246
sd07-b100,jan-p10-t1k,618,0.71924,0.80689
sd07-b100,jan-p10-t1k,852,0.75179,0.82374
sd07-b100,jan-p10-t1k,1000,0.76852,0.83302
sd07-b100,jan-p10-t1k,1174,0.78494,0.84272
sd07-b100,jan-p10-t1k,1619,0.81745,0.86591
sd07-b100,jan-p10-t1k,2233,0.85037,0.89278
sd07-b100,jan-p10-t1k,3079,0.88325,0.92525
sd07-b100,jan-p10-t1k,4245,0.91573,0.95785
sd07-b100,jan-p10-t1k,5854,0.94827,0.98210
sd07-b100,jan-p10-t1k,8072,0.97944,0.99486
sd07-b100,jan-p10-t1k,10000,1.00000,0.99836
sd07-b100,jan-p10-t1k,11130,1.00000,0.99926
sd07-b100,jan-p10-t1k,15348,1.00000,0.99996
sd07-b100,jan-p10-t1k,21163,1.00000,1.00000
sd07-b100,jan-p10-t1k,29182,1.00000,1.00000
sd07-b100,jan-p10-t1k,40239,1.00000,1.00000
sd07-b100,jan-p10-t1k,55486,1.00000,1.00000
sd07-b100,jan-p10-t1k,76510,1.00000,1.00000
sd07-b100,jan-p10-t1k,105501,1.00000,1.00000
sd07-b100,jan-p10-t1k,145476,1.00000,1.00000
sd07-b100,jan-p10-t1k,200598,1.00000,1.00000
sd07-b100,jan-p10-t1k,276605,1.00000,1.00000
sd07-b100,jan-p10-t1k,381413,1.00000,1.00000
sd07-b100,jan-p10-t1k,525933,1.00000,1.00000
sd07-b100,jan-p10-t1k,725212,1.00000,1.00000
sd07-b100,jan-p10-t1k,1000000,1.00000,1.00000
sd07-b100,jan-p20-t1k,1,0.10282,0.12008
sd07-b100,jan-p20-t1k,2,0.15474,0.18069
sd07-b100,jan-p20-t1k,3,0.18897,0.22034
sd07-b100,jan-p20-t1k,4,0.21448,0.24997
sd07-b100,jan-p20-t1k,5,0.23509,0.27360
sd07-b100,jan-p20-t1k,7,0.26685,0.31007
sd07-b100,jan-p20-t1k,9,0.29122,0.33784
sd07-b100,jan-p20-t1k,10,0.30157,0.34997
sd07-b100,jan-p20-t1k,13,0.32736,0.37927
sd07-b100,jan-p20-t1k,18,0.35964,0.41615
sd07-b100,jan-p20-t1k,25,0.39229,0.45293
sd07-b100,jan-p20-t1k,34,0.42345,0.48801
sd07-b100,jan-p20-t1k,47,0.45600,0.52290
sd07-b100,jan-p20-t1k,65,0.48894,0.55884
sd07-b100,jan-p20-t1k,90,0.52209,0.59270
sd07-b100,jan-p20-t1k,100,0.53275,0.60358
sd07-b100,jan-p20-t1k,124,0.55467,0.62448
sd07-b100,jan-p20-t1k,171,0.58790,0.65544
sd07-b100,jan-p20-t1k,236,0.62044,0.68240
sd07-b100,jan-p20-t1k,325,0.65331,0.70509
sd07-b100,jan-p20-t1k,448,0.68632,0.72353
sd07-b100,jan-p20-t1k,618,0.71924,0.74142
sd07-b100,jan-p20-t1k,852,0.75179,0.76124
sd07-b100,jan-p20-t1k,1000,0.76852,0.77217
sd07-b100,jan-p20-t1k,1174,0.78494,0.78441
sd07-b100,jan-p20-t1k,1619,0.81745,0.81081
sd07-b100,jan-p20-t1k,2233,0.85037,0.83973
sd07-b100,jan-p20-t1k,3079,0.88325,0.87442
sd07-b100,jan-p20-t1k,4245,0.91573,0.91442
sd07-b100,jan-p20-t1k,5854,0.94827,0.95982
sd07-b100,jan-p20-t1k,8072,0.97944,0.98716
sd07-b100,jan-p20-t1k,10000,1.00000,0.99587
sd07-b100,jan-p20-t1k,11130,1.00000,0.99783
sd07-b100,jan-p20-t1k,15348,1.00000,0.99985
sd07-b100,jan-p20-t1k,21163,1.00000,1.00000
sd07-b100,jan-p20-t1k,29182,1.00000,1.00000
sd07-b100,jan-p20-t1k,40239,1.00000,1.00000
sd07-b100,jan-p20-t1k,55486,1.00000,1.00000
sd07-b100,jan-p20-t1k,76510,1.00000,1.00000
sd07-b100,jan-p20-t1k,105501,1.00000,1.00000
sd07-b100,jan-p20-t1k,145476,1.00000,1.00000
sd07-b100,jan-p20-t1k,200598,1.00000,1.00000
sd07-b100,jan-p20-t1k,276605,1.00000,1.00000
sd07-b100,jan-p20-t1k,381413,1.00000,1.00000
sd07-b100,jan-p20-t1k,525933,1.00000,1.00000
sd07-b100,jan-p20-t1k,725212,1.00000,1.00000
sd07-b100,jan-p20-t1k,1000000,1.00000,1.00000
sd07-b100,jan-p01-t10k,1,0.10282,0.12217
sd07-b100,jan-p01-t10k,2,0.15474,0.19024
sd07-b100,jan-p01-t10k,3,0.18897,0.23715
sd07-b100,jan-p01-t10k,4,0.21448,0.26902
sd07-b100,jan-p01-t10k,5,0.23509,0.29397
sd07-b100,jan-p01-t10k,7,0.26685,0.33424
sd07-b100,jan-p01-t10k,9,0.29122,0.36475
sd07-b100,jan-p01-t10k,10,0.30157,0.37966
sd07-b100,jan-p01-t10k,13,0.32736,0.41519
sd07-b100,jan-p01-t10k,18,0.35964,0.45464
sd07-b100,jan-p01-t10k,25,0.39229,0.49912
sd07-b100,jan-p01-t10k,34,0.42345,0.53776
sd07-b100,jan-p01-t10k,47,0.45600,0.57654
sd07-b100,jan-p01-t10k,65,0.48894,0.62129
sd07-b100,jan-p01-t10k,90,0.52209,0.66359
sd07-b100,jan-p01-t10k,100,0.53275,0.67756
sd07-b100,jan-p01-t10k,124,0.55467,0.70319
sd07-b100,jan-p01-t10k,171,0.58790,0.74549
sd07-b100,jan-p01-t10k,236,0.62044,0.78603
sd07-b100,jan-p01-t10k,325,0.65331,0.82685
sd07-b100,jan-p01-t10k,448,0.68632,0.86251
sd07-b100,jan-p01-t10k,618,0.71924,0.89614
sd07-b100,jan-p01-t10k,852,0.75179,0.93180
sd07-b100,jan-p01-t10k,1000,0.76852,0.94753
sd07-b100,jan-p01-t10k,1174,0.78494,0.96027
sd07-b100,jan-p01-t10k,1619,0.81745,0.98481
sd07-b100,jan-p01-t10k,2233,0.85037,0.99756
sd07-b100,jan-p01-t10k,3079,0.88325,1.00000
sd07-b100,jan-p01-t10k,4245,0.91573,1.00000
sd07-b100,jan-p01-t10k,5854,0.94827,1.00000
sd07-b100,jan-p01-t10k,8072,0.97944,1.00000
sd07-b100,jan-p01-t10k,10000,1.00000,1.00000
sd07-b100,jan-p01-t10k,11130,1.00000,1.00000
sd07-b100,jan-p01-t10k,15348,1.00000,1.00000
sd07-b100,jan-p01-t10k,21163,1.00000,1.00000
sd07-b100,jan-p01-t10k,29182,1.00000,1.00000
sd07-b100,jan-p01-t10k,40239,1.00000,1.00000
sd07-b100,jan-p01-t10k,55486,1.00000,1.00000
sd07-b100,jan-p01-t10k,76510,1.00000,1.00000
sd07-b100,jan-p01-t10k,105501,1.00000,1.00000
sd07-b100,jan-p01-t10k,145476,1.00000,1.00000
sd07-b100,jan-p01-t10k,200598,1.00000,1.00000
sd07-b100,jan-p01-t10k,276605,1.00000,1.00000
sd07-b100,jan-p01-t10k,381413,1.00000,1.00000
sd07-b100,jan-p01-t10k,525933,1.00000,1.00000
sd07-b100,jan-p01-t10k,725212,1.00000,1.00000
sd07-b100,jan-p01-t10k,1000000,1.00000,1.00000
sd07-b100,jan-p10-t10k,1,0.10282,0.12295
sd07-b100,jan-p10-t10k,2,0.15474,0.18531
sd07-b100,jan-p10-t10k,3,0.18897,0.22661
sd07-b100,jan-p10-t10k,4,0.21448,0.25748
sd07-b100,jan-p10-t10k,5,0.23509,0.28136
sd07-b100,jan-p10-t10k,7,0.26685,0.31894
sd07-b100,jan-p10-t10k,9,0.29122,0.34808
sd07-b100,jan-p10-t10k,10,0.30157,0.36013
sd07-b100,jan-p10-t10k,13,0.32736,0.39171
sd07-b100,jan-p10-t10k,18,0.35964,0.42902
sd07-b100,jan-p10-t10k,25,0.39229,0.46853
sd07-b100,jan-p10-t10k,34,0.42345,0.50563
sd07-b100,jan-p10-t10k,47,0.45600,0.54321
sd07-b100,jan-p10-t10k,65,0.48894,0.58296
sd07-b100,jan-p10-t10k,90,0.52209,0.62140
sd07-b100,jan-p10-t10k,100,0.53275,0.63387
sd07-b100,jan-p10-t10k,124,0.55467,0.65902
sd07-b100,jan-p10-t10k,171,0.58790,0.69779
sd07-b100,jan-p10-t10k,236,0.62044,0.73481
sd07-b100,jan-p10-t10k,325,0.65331,0.77267
sd07-b100,jan-p10-t10k,448,0.68632,0.80792
sd07-b100,jan-p10-t10k,618,0.71924,0.84285
sd07-b100,jan-p10-t10k,852,0.75179,0.87640
sd07-b100,jan-p10-t10k,1000,0.76852,0.89304
sd07-b100,jan-p10-t10k,1174,0.78494,0.90729
sd07-b100,jan-p10-t10k,1619,0.81745,0.93367
sd07-b100,jan-p10-t10k,2233,0.85037,0.95567
sd07-b100,jan-p10-t10k,3079,0.88325,0.97165
sd07-b100,jan-p10-t10k,4245,0.91573,0.98657
sd07-b100,jan-p10-t10k,5854,0.94827,0.99506
sd07-b100,jan-p10-t10k,8072,0.97944,0.99895
sd07-b100,jan-p10-t10k,10000,1.00000,0.99975
sd07-b100,jan-p10-t10k,11130,1.00000,0.99994
sd07-b100,jan-p10-t10k,15348,1.00000,0.99997
sd07-b100,jan-p10-t10k,21163,1.00000,1.00000
sd07-b100,jan-p10-t10k,29182,1.00000,1.00000
sd07-b100,jan-p10-t10k,40239,1.00000,1.00000
sd07-b100,jan-p10-t10k,55486,1.00000,1.00000
sd07-b100,jan-p10-t10k,76510,1.00000,1.00000
sd07-b100,jan-p10-t10k,105501,1.00000,1.00000
sd07-b100,jan-p10-t10k,145476,1.00000,1.00000
sd07-b100,jan-p10-t10k,200598,1.00000,1.00000
sd07-b100,jan-p10-t10k,276605,1.00000,1.00000
sd07-b100,jan-p10-t10k,381413,1.00000,1.00000
sd07-b100,jan-p10-t10k,525933,1.00000,1.00000
sd07-b100,jan-p10-t10k,725212,1.00000,1.00000
sd07-b100,jan-p10-t10k,1000000,1.00000,1.00000
sd07-b100,jan-p20-t10k,1,0.10282,0.11639
sd07-b100,jan-p20-t10k,2,0.15474,0.17561
sd07-b100,jan-p20-t10k,3,0.18897,0.21395
sd07-b100,jan-p20-t10k,4,0.21448,0.24340
sd07-b100,jan-p20-t10k,5,0.23509,0.26617
sd07-b100,jan-p20-t10k,7,0.26685,0.30244
sd07-b100,jan-p20-t10k,9,0.29122,0.32966
sd07-b100,jan-p20-t10k,10,0.30157,0.34122
sd07-b100,jan-p20-t10k,13,0.32736,0.37041
sd07-b100,jan-p20-t10k,18,0.35964,0.40588
sd07-b100,jan-p20-t10k,25,0.39229,0.44241
sd07-b100,jan-p20-t10k,34,0.42345,0.47767
sd07-b100,jan-p20-t10k,47,0.45600,0.51386
sd07-b100,jan-p20-t10k,65,0.48894,0.55093
sd07-b100,jan-p20-t10k,90,0.52209,0.58777
sd07-b100,jan-p20-t10k,100,0.53275,0.59941
sd07-b100,jan-p20-t10k,124,0.55467,0.62362
sd07-b100,jan-p20-t10k,171,0.58790,0.66045
sd07-b100,jan-p20-t10k,236,0.62044,0.69592
sd07-b100,jan-p20-t10k,325,0.65331,0.73134
sd07-b100,jan-p20-t10k,448,0.68632,0.76524
sd07-b100,jan-p20-t10k,618,0.71924,0.79848
sd07-b100,jan-p20-t10k,852,0.75179,0.83033
sd07-b100,jan-p20-t10k,1000,0.76852,0.84614
sd07-b100,jan-p20-t10k,1174,0.78494,0.86031
sd07-b100,jan-p20-t10k,1619,0.81745,0.88692
sd07-b100,jan-p20-t10k,2233,0.85037,0.91114
sd07-b100,jan-p20-t10k,3079,0.88325,0.93330
sd07-b100,jan-p20-t10k,4245,0.91573,0.95875
sd07-b100,jan-p20-t10k,5854,0.94827,0.98080
sd07-b100,jan-p20-t10k,8072,0.97944,0.99401
sd07-b100,jan-p20-t10k,10000,1.00000,0.99809
sd07-b100,jan-p20-t10k,11130,1.00000,0.99911
sd07-b100,jan-p20-t10k,15348,1.00000,0.99993
sd07-b100,jan-p20-t10k,21163,1.00000,1.00000
sd07-b100,jan-p20-t10k,29182,1.00000,1.00000
sd07-b100,jan-p20-t10k,40239,1.00000,1.00000
sd07-b100,jan-p20-t10k,55486,1.00000,1.00000
sd07-b100,jan-p20-t10k,76510,1.00000,1.00000
sd07-b100,jan-p20-t10k,105501,1.00000,1.00000
sd07-b100,jan-p20-t10k,145476,1.00000,1.00000
sd07-b100,jan-p20-t10k,200598,1.00000,1.00000
sd07-b100,jan-p20-t10k,276605,1.00000,1.00000
sd07-b100,jan-p20-t10k,381413,1.00000,1.00000
sd07-b100,jan-p20-t10k,525933,1.00000,1.00000
sd07-b100,jan-p20-t10k,725212,1.00000,1.00000
sd07-b100,jan-p20-t10k,1000000,1.00000,1.00000
sd08-b075,completa,1,0.02754,0.02754
sd08-b075,completa,2,0.04403,0.04403
sd08-b075,completa,3,0.05600,0.05600
sd08-b075,completa,4,0.06590,0.06590
sd08-b075,completa,5,0.07417,0.07417
sd08-b075,completa,7,0.08763,0.08763
sd08-b075,completa,9,0.09878,0.09878
sd08-b075,completa,10,0.10368,0.10368
sd08-b075,completa,13,0.11668,0.11668
sd08-b075,completa,18,0.13416,0.13416
sd08-b075,completa,25,0.15342,0.15342
sd08-b075,completa,34,0.17291,0.17291
sd08-b075,completa,47,0.19504,0.19504
sd08-b075,completa,65,0.21921,0.21921
sd08-b075,completa,90,0.24569,0.24569
sd08-b075,completa,100,0.25474,0.25474
sd08-b075,completa,124,0.27374,0.27374
sd08-b075,completa,171,0.30460,0.30460
sd08-b075,completa,236,0.33800,0.33800
sd08-b075,completa,325,0.37369,0.37369
sd08-b075,completa,448,0.41255,0.41255
sd08-b075,completa,618,0.45479,0.45479
sd08-b075,completa,852,0.50060,0.50060
sd08-b075,completa,1000,0.52466,0.52466
sd08-b075,completa,1174,0.54995,0.54995
sd08-b075,completa,1619,0.60388,0.60388
sd08-b075,completa,2233,0.66202,0.66202
sd08-b075,completa,3079,0.72485,0.72485
sd08-b075,completa,4245,0.79296,0.79296
sd08-b075,completa,5854,0.86621,0.86621
sd08-b075,completa,8072,0.94514,0.94514
sd08-b075,completa,10000,1.00000,1.00000
sd08-b075,completa,11130,1.00000,1.00000
sd08-b075,completa,15348,1.00000,1.00000
sd08-b075,completa,21163,1.00000,1.00000
sd08-b075,completa,29182,1.00000,1.00000
sd08-b075,completa,40239,1.00000,1.00000
sd08-b075,completa,55486,1.00000,1.00000
sd08-b075,completa,76510,1.00000,1.00000
sd08-b075,completa,105501,1.00000,1.00000
sd08-b075,completa,145476,1.00000,1.00000
sd08-b075,completa,200598,1.00000,1.00000
sd08-b075,completa,276605,1.00000,1.00000
sd08-b075,completa,381413,1.00000,1.00000
sd08-b075,completa,525933,1.00000,1.00000
sd08-b075,completa,725212,1.00000,1.00000
sd08-b075,completa,1000000,1.00000,1.00000
sd08-b075,sis-p01,1,0.02754,0.00936
sd08-b075,sis-p01,2,0.04403,0.01538
sd08-b075,sis-p01,3,0.05600,0.01672
sd08-b075,sis-p01,4,0.06590,0.02207
sd08-b075,sis-p01,5,0.07417,0.02408
sd08-b075,sis-p01,7,0.08763,0.02943
sd08-b075,sis-p01,9,0.09878,0.03344
sd08-b075,sis-p01,10,0.10368,0.03746
sd08-b075,sis-p01,13,0.11668,0.04080
sd08-b075,sis-p01,18,0.13416,0.05217
sd08-b075,sis-p01,25,0.15342,0.05953
sd08-b075,sis-p01,34,0.17291,0.06488
sd08-b075,sis-p01,47,0.19504,0.07759
sd08-b075,sis-p01,65,0.21921,0.10368
sd08-b075,sis-p01,90,0.24569,0.12441
sd08-b075,sis-p01,100,0.25474,0.13445
sd08-b075,sis-p01,124,0.27374,0.15050
sd08-b075,sis-p01,171,0.30460,0.18328
sd08-b075,sis-p01,236,0.33800,0.22742
sd08-b075,sis-p01,325,0.37369,0.28161
sd08-b075,sis-p01,448,0.41255,0.35518
sd08-b075,sis-p01,618,0.45479,0.45418
sd08-b075,sis-p01,852,0.50060,0.55318
sd08-b075,sis-p01,1000,0.52466,0.61672
sd08-b075,sis-p01,1174,0.54995,0.67492
sd08-b075,sis-p01,1619,0.60388,0.80334
sd08-b075,sis-p01,2233,0.66202,0.89164
sd08-b075,sis-p01,3079,0.72485,0.95853
sd08-b075,sis-p01,4245,0.79296,0.99064
sd08-b075,sis-p01,5854,0.86621,0.99933
sd08-b075,sis-p01,8072,0.94514,1.00000
sd08-b075,sis-p01,10000,1.00000,1.00000
sd08-b075,sis-p01,11130,1.00000,1.00000
sd08-b075,sis-p01,15348,1.00000,1.00000
sd08-b075,sis-p01,21163,1.00000,1.00000
sd08-b075,sis-p01,29182,1.00000,1.00000
sd08-b075,sis-p01,40239,1.00000,1.00000
sd08-b075,sis-p01,55486,1.00000,1.00000
sd08-b075,sis-p01,76510,1.00000,1.00000
sd08-b075,sis-p01,105501,1.00000,1.00000
sd08-b075,sis-p01,145476,1.00000,1.00000
sd08-b075,sis-p01,200598,1.00000,1.00000
sd08-b075,sis-p01,276605,1.00000,1.00000
sd08-b075,sis-p01,381413,1.00000,1.00000
sd08-b075,sis-p01,525933,1.00000,1.00000
sd08-b075,sis-p01,725212,1.00000,1.00000
sd08-b075,sis-p01,1000000,1.00000,1.00000
sd08-b075,sis-p10,1,0.02754,0.00814
sd08-b075,sis-p10,2,0.04403,0.01305
sd08-b075,sis-p10,3,0.05600,0.01674
sd08-b075,sis-p10,4,0.06590,0.02032
sd08-b075,sis-p10,5,0.07417,0.02292
sd08-b075,sis-p10,7,0.08763,0.02775
sd08-b075,sis-p10,9,0.09878,0.03147
sd08-b075,sis-p10,10,0.10368,0.03296
sd08-b075,sis-p10,13,0.11668,0.03783
sd08-b075,sis-p10,18,0.13416,0.04428
sd08-b075,sis-p10,25,0.15342,0.05163
sd08-b075,sis-p10,34,0.17291,0.05980
sd08-b075,sis-p10,47,0.19504,0.06960
sd08-b075,sis-p10,65,0.21921,0.08102
sd08-b075,sis-p10,90,0.24569,0.09439
sd08-b075,sis-p10,100,0.25474,0.09878
sd08-b075,sis-p10,124,0.27374,0.10919
sd08-b075,sis-p10,171,0.30460,0.12628
sd08-b075,sis-p10,236,0.33800,0.14665
sd08-b075,sis-p10,325,0.37369,0.17069
sd08-b075,sis-p10,448,0.41255,0.19831
sd08-b075,sis-p10,618,0.45479,0.23354
sd08-b075,sis-p10,852,0.50060,0.27472
sd08-b075,sis-p10,1000,0.52466,0.29868
sd08-b075,sis-p10,1174,0.54995,0.32494
sd08-b075,sis-p10,1619,0.60388,0.38983
sd08-b075,sis-p10,2233,0.66202,0.47133
sd08-b075,sis-p10,3079,0.72485,0.57583
sd08-b075,sis-p10,4245,0.79296,0.70835
sd08-b075,sis-p10,5854,0.86621,0.84054
sd08-b075,sis-p10,8072,0.94514,0.94151
sd08-b075,sis-p10,10000,1.00000,0.97763
sd08-b075,sis-p10,11130,1.00000,0.98784
sd08-b075,sis-p10,15348,1.00000,0.99862
sd08-b075,sis-p10,21163,1.00000,0.99994
sd08-b075,sis-p10,29182,1.00000,1.00000
sd08-b075,sis-p10,40239,1.00000,1.00000
sd08-b075,sis-p10,55486,1.00000,1.00000
sd08-b075,sis-p10,76510,1.00000,1.00000
sd08-b075,sis-p10,105501,1.00000,1.00000
sd08-b075,sis-p10,145476,1.00000,1.00000
sd08-b075,sis-p10,200598,1.00000,1.00000
sd08-b075,sis-p10,276605,1.00000,1.00000
sd08-b075,sis-p10,381413,1.00000,1.00000
sd08-b075,sis-p10,525933,1.00000,1.00000
sd08-b075,sis-p10,725212,1.00000,1.00000
sd08-b075,sis-p10,1000000,1.00000,1.00000
sd08-b075,sis-p20,1,0.02754,0.01074
sd08-b075,sis-p20,2,0.04403,0.01732
sd08-b075,sis-p20,3,0.05600,0.02242
sd08-b075,sis-p20,4,0.06590,0.02637
sd08-b075,sis-p20,5,0.07417,0.03008
sd08-b075,sis-p20,7,0.08763,0.03593
sd08-b075,sis-p20,9,0.09878,0.04092
sd08-b075,sis-p20,10,0.10368,0.04295
sd08-b075,sis-p20,13,0.11668,0.04899
sd08-b075,sis-p20,18,0.13416,0.05689
sd08-b075,sis-p20,25,0.15342,0.06627
sd08-b075,sis-p20,34,0.17291,0.07600
sd08-b075,sis-p20,47,0.19504,0.08789
sd08-b075,sis-p20,65,0.21921,0.10129
sd08-b075,sis-p20,90,0.24569,0.11622
sd08-b075,sis-p20,100,0.25474,0.12137
sd08-b075,sis-p20,124,0.27374,0.13289
sd08-b075,sis-p20,171,0.30460,0.15242
sd08-b075,sis-p20,236,0.33800,0.17435
sd08-b075,sis-p20,325,0.37369,0.19917
sd08-b075,sis-p20,448,0.41255,0.22884
sd08-b075,sis-p20,618,0.45479,0.26398
sd08-b075,sis-p20,852,0.50060,0.30495
sd08-b075,sis-p20,1000,0.52466,0.32796
sd08-b075,sis-p20,1174,0.54995,0.35250
sd08-b075,sis-p20,1619,0.60388,0.41114
sd08-b075,sis-p20,2233,0.66202,0.48077
sd08-b075,sis-p20,3079,0.72485,0.56742
sd08-b075,sis-p20,4245,0.79296,0.67277
sd08-b075,sis-p20,5854,0.86621,0.80503
sd08-b075,sis-p20,8072,0.94514,0.93146
sd08-b075,sis-p20,10000,1.00000,0.97783
sd08-b075,sis-p20,11130,1.00000,0.98907
sd08-b075,sis-p20,15348,1.00000,0.99941
sd08-b075,sis-p20,21163,1.00000,0.99997
sd08-b075,sis-p20,29182,1.00000,1.00000
sd08-b075,sis-p20,40239,1.00000,1.00000
sd08-b075,sis-p20,55486,1.00000,1.00000
sd08-b075,sis-p20,76510,1.00000,1.00000
sd08-b075,sis-p20,105501,1.00000,1.00000
sd08-b075,sis-p20,145476,1.00000,1.00000
sd08-b075,sis-p20,200598,1.00000,1.00000
sd08-b075,sis-p20,276605,1.00000,1.00000
sd08-b075,sis-p20,381413,1.00000,1.00000
sd08-b075,sis-p20,525933,1.00000,1.00000
sd08-b075,sis-p20,725212,1.00000,1.00000
sd08-b075,sis-p20,1000000,1.00000,1.00000
sd08-b075,jan-p01-t1k,1,0.02754,0.06681
sd08-b075,jan-p01-t1k,2,0.04403,0.11038
sd08-b075,jan-p01-t1k,3,0.05600,0.13995
sd08-b075,jan-p01-t1k,4,0.06590,0.16636
sd08-b075,jan-p01-t1k,5,0.07417,0.18722
sd08-b075,jan-p01-t1k,7,0.08763,0.21679
sd08-b075,jan-p01-t1k,9,0.09878,0.24743
sd08-b075,jan-p01-t1k,10,0.10368,0.26301
sd08-b075,jan-p01-t1k,13,0.11668,0.29390
sd08-b075,jan-p01-t1k,18,0.13416,0.33562
sd08-b075,jan-p01-t1k,25,0.15342,0.38315
sd08-b075,jan-p01-t1k,34,0.17291,0.42646
sd08-b075,jan-p01-t1k,47,0.19504,0.48086
sd08-b075,jan-p01-t1k,65,0.21921,0.53948
sd08-b075,jan-p01-t1k,90,0.24569,0.59916
sd08-b075,jan-p01-t1k,100,0.25474,0.61817
sd08-b075,jan-p01-t1k,124,0.27374,0.65883
sd08-b075,jan-p01-t1k,171,0.30460,0.71798
sd08-b075,jan-p01-t1k,236,0.33800,0.77608
sd08-b075,jan-p01-t1k,325,0.37369,0.83259
sd08-b075,jan-p01-t1k,448,0.41255,0.88170
sd08-b075,jan-p01-t1k,618,0.45479,0.92078
sd08-b075,jan-p01-t1k,852,0.50060,0.93847
sd08-b075,jan-p01-t1k,1000,0.52466,0.94956
sd08-b075,jan-p01-t1k,1174,0.54995,0.96118
sd08-b075,jan-p01-t1k,1619,0.60388,0.97861
sd08-b075,jan-p01-t1k,2233,0.66202,0.99155
sd08-b075,jan-p01-t1k,3079,0.72485,0.99710
sd08-b075,jan-p01-t1k,4245,0.79296,0.99921
sd08-b075,jan-p01-t1k,5854,0.86621,1.00000
sd08-b075,jan-p01-t1k,8072,0.94514,1.00000
sd08-b075,jan-p01-t1k,10000,1.00000,1.00000
sd08-b075,jan-p01-t1k,11130,1.00000,1.00000
sd08-b075,jan-p01-t1k,15348,1.00000,1.00000
sd08-b075,jan-p01-t1k,21163,1.00000,1.00000
sd08-b075,jan-p01-t1k,29182,1.00000,1.00000
sd08-b075,jan-p01-t1k,40239,1.00000,1.00000
sd08-b075,jan-p01-t1k,55486,1.00000,1.00000
sd08-b075,jan-p01-t1k,76510,1.00000,1.00000
sd08-b075,jan-p01-t1k,105501,1.00000,1.00000
sd08-b075,jan-p01-t1k,145476,1.00000,1.00000
sd08-b075,jan-p01-t1k,200598,1.00000,1.00000
sd08-b075,jan-p01-t1k,276605,1.00000,1.00000
sd08-b075,jan-p01-t1k,381413,1.00000,1.00000
sd08-b075,jan-p01-t1k,525933,1.00000,1.00000
sd08-b075,jan-p01-t1k,725212,1.00000,1.00000
sd08-b075,jan-p01-t1k,1000000,1.00000,1.00000
sd08-b075,jan-p10-t1k,1,0.02754,0.03957
sd08-b075,jan-p10-t1k,2,0.04403,0.06285
sd08-b075,jan-p10-t1k,3,0.05600,0.07983
sd08-b075,jan-p10-t1k,4,0.06590,0.09452
sd08-b075,jan-p10-t1k,5,0.07417,0.10626
sd08-b075,jan-p10-t1k,7,0.08763,0.12427
sd08-b075,jan-p10-t1k,9,0.09878,0.13984
sd08-b075,jan-p10-t1k,10,0.10368,0.14745
sd08-b075,jan-p10-t1k,13,0.11668,0.16550
sd08-b075,jan-p10-t1k,18,0.13416,0.19026
sd08-b075,jan-p10-t1k,25,0.15342,0.21709
sd08-b075,jan-p10-t1k,34,0.17291,0.24349
sd08-b075,jan-p10-t1k,47,0.19504,0.27299
sd08-b075,jan-p10-t1k,65,0.21921,0.30537
sd08-b075,jan-p10-t1k,90,0.24569,0.33884
sd08-b075,jan-p10-t1k,100,0.25474,0.35024
sd08-b075,jan-p10-t1k,124,0.27374,0.37267
sd08-b075,jan-p10-t1k,171,0.30460,0.40899
sd08-b075,jan-p10-t1k,236,0.33800,0.44500
sd08-b075,jan-p10-t1k,325,0.37369,0.48060
sd08-b075,jan-p10-t1k,448,0.41255,0.51403
sd08-b075,jan-p10-t1k,618,0.45479,0.54319
sd08-b075,jan-p10-t1k,852,0.50060,0.56939
sd08-b075,jan-p10-t1k,1000,0.52466,0.58601
sd08-b075,jan-p10-t1k,1174,0.54995,0.60259
sd08-b075,jan-p10-t1k,1619,0.60388,0.64428
sd08-b075,jan-p10-t1k,2233,0.66202,0.69639
sd08-b075,jan-p10-t1k,3079,0.72485,0.76591
sd08-b075,jan-p10-t1k,4245,0.79296,0.84632
sd08-b075,jan-p10-t1k,5854,0.86621,0.92035
sd08-b075,jan-p10-t1k,8072,0.94514,0.97059
sd08-b075,jan-p10-t1k,10000,1.00000,0.98869
sd08-b075,jan-p10-t1k,11130,1.00000,0.99355
sd08-b075,jan-p10-t1k,15348,1.00000,0.99940
sd08-b075,jan-p10-t1k,21163,1.00000,0.99997
sd08-b075,jan-p10-t1k,29182,1.00000,1.00000
sd08-b075,jan-p10-t1k,40239,1.00000,1.00000
sd08-b075,jan-p10-t1k,55486,1.00000,1.00000
sd08-b075,jan-p10-t1k,76510,1.00000,1.00000
sd08-b075,jan-p10-t1k,105501,1.00000,1.00000
sd08-b075,jan-p10-t1k,145476,1.00000,1.00000
sd08-b075,jan-p10-t1k,200598,1.00000,1.00000
sd08-b075,jan-p10-t1k,276605,1.00000,1.00000
sd08-b075,jan-p10-t1k,381413,1.00000,1.00000
sd08-b075,jan-p10-t1k,525933,1.00000,1.00000
sd08-b075,jan-p10-t1k,725212,1.00000,1.00000
sd08-b075,jan-p10-t1k,1000000,1.00000,1.00000
sd08-b075,jan-p20-t1k,1,0.02754,0.03354
sd08-b075,jan-p20-t1k,2,0.04403,0.05307
sd08-b075,jan-p20-t1k,3,0.05600,0.06721
sd08-b075,jan-p20-t1k,4,0.06590,0.07931
sd08-b075,jan-p20-t1k,5,0.07417,0.08906
sd08-b075,jan-p20-t1k,7,0.08763,0.10508
sd08-b075,jan-p20-t1k,9,0.09878,0.11827
sd08-b075,jan-p20-t1k,10,0.10368,0.12448
sd08-b075,jan-p20-t1k,13,0.11668,0.13971
sd08-b075,jan-p20-t1k,18,0.13416,0.16038
sd08-b075,jan-p20-t1k,25,0.15342,0.18348
sd08-b075,jan-p20-t1k,34,0.17291,0.20613
sd08-b075,jan-p20-t1k,47,0.19504,0.23153
sd08-b075,jan-p20-t1k,65,0.21921,0.25875
sd08-b075,jan-p20-t1k,90,0.24569,0.28759
sd08-b075,jan-p20-t1k,100,0.25474,0.29748
sd08-b075,jan-p20-t1k,124,0.27374,0.31770
sd08-b075,jan-p20-t1k,171,0.30460,0.34946
sd08-b075,jan-p20-t1k,236,0.33800,0.38125
sd08-b075,jan-p20-t1k,325,0.37369,0.41340
sd08-b075,jan-p20-t1k,448,0.41255,0.44422
sd08-b075,jan-p20-t1k,618,0.45479,0.47355
sd08-b075,jan-p20-t1k,852,0.50060,0.50283
sd08-b075,jan-p20-t1k,1000,0.52466,0.51959
sd08-b075,jan-p20-t1k,1174,0.54995,0.53772
sd08-b075,jan-p20-t1k,1619,0.60388,0.57887
sd08-b075,jan-p20-t1k,2233,0.66202,0.62997
sd08-b075,jan-p20-t1k,3079,0.72485,0.69249
sd08-b075,jan-p20-t1k,4245,0.79296,0.77210
sd08-b075,jan-p20-t1k,5854,0.86621,0.87275
sd08-b075,jan-p20-t1k,8072,0.94514,0.95251
sd08-b075,jan-p20-t1k,10000,1.00000,0.98348
sd08-b075,jan-p20-t1k,11130,1.00000,0.99148
sd08-b075,jan-p20-t1k,15348,1.00000,0.99929
sd08-b075,jan-p20-t1k,21163,1.00000,0.99999
sd08-b075,jan-p20-t1k,29182,1.00000,1.00000
sd08-b075,jan-p20-t1k,40239,1.00000,1.00000
sd08-b075,jan-p20-t1k,55486,1.00000,1.00000
sd08-b075,jan-p20-t1k,76510,1.00000,1.00000
sd08-b075,jan-p20-t1k,105501,1.00000,1.00000
sd08-b075,jan-p20-t1k,145476,1.00000,1.00000
sd08-b075,jan-p20-t1k,200598,1.00000,1.00000
sd08-b075,jan-p20-t1k,276605,1.00000,1.00000
sd08-b075,jan-p20-t1k,381413,1.00000,1.00000
sd08-b075,jan-p20-t1k,525933,1.00000,1.00000
sd08-b075,jan-p20-t1k,725212,1.00000,1.00000
sd08-b075,jan-p20-t1k,1000000,1.00000,1.00000
sd08-b075,jan-p01-t10k,1,0.02754,0.03731
sd08-b075,jan-p01-t10k,2,0.04403,0.06164
sd08-b075,jan-p01-t10k,3,0.05600,0.07979
sd08-b075,jan-p01-t10k,4,0.06590,0.09595
sd08-b075,jan-p01-t10k,5,0.07417,0.10645
sd08-b075,jan-p01-t10k,7,0.08763,0.12644
sd08-b075,jan-p01-t10k,9,0.09878,0.14276
sd08-b075,jan-p01-t10k,10,0.10368,0.15176
sd08-b075,jan-p01-t10k,13,0.11668,0.17641
sd08-b075,jan-p01-t10k,18,0.13416,0.20057
sd08-b075,jan-p01-t10k,25,0.15342,0.23055
sd08-b075,jan-p01-t10k,34,0.17291,0.26254
sd08-b075,jan-p01-t10k,47,0.19504,0.30002
sd08-b075,jan-p01-t10k,65,0.21921,0.33816
sd08-b075,jan-p01-t10k,90,0.24569,0.37565
sd08-b075,jan-p01-t10k,100,0.25474,0.38997
sd08-b075,jan-p01-t10k,124,0.27374,0.41729
sd08-b075,jan-p01-t10k,171,0.30460,0.46743
sd08-b075,jan-p01-t10k,236,0.33800,0.52157
sd08-b075,jan-p01-t10k,325,0.37369,0.57255
sd08-b075,jan-p01-t10k,448,0.41255,0.63185
sd08-b075,jan-p01-t10k,618,0.45479,0.69065
sd08-b075,jan-p01-t10k,852,0.50060,0.75579
sd08-b075,jan-p01-t10k,1000,0.52466,0.79010
sd08-b075,jan-p01-t10k,1174,0.54995,0.82326
sd08-b075,jan-p01-t10k,1619,0.60388,0.88556
sd08-b075,jan-p01-t10k,2233,0.66202,0.94253
sd08-b075,jan-p01-t10k,3079,0.72485,0.98434
sd08-b075,jan-p01-t10k,4245,0.79296,1.00000
sd08-b075,jan-p01-t10k,5854,0.86621,1.00000
sd08-b075,jan-p01-t10k,8072,0.94514,1.00000
sd08-b075,jan-p01-t10k,10000,1.00000,1.00000
sd08-b075,jan-p01-t10k,11130,1.00000,1.00000
sd08-b075,jan-p01-t10k,15348,1.00000,1.00000
sd08-b075,jan-p01-t10k,21163,1.00000,1.00000
sd08-b075,jan-p01-t10k,29182,1.00000,1.00000
sd08-b075,jan-p01-t10k,40239,1.00000,1.00000
sd08-b075,jan-p01-t10k,55486,1.00000,1.00000
sd08-b075,jan-p01-t10k,76510,1.00000,1.00000
sd08-b075,jan-p01-t10k,105501,1.00000,1.00000
sd08-b075,jan-p01-t10k,145476,1.00000,1.00000
sd08-b075,jan-p01-t10k,200598,1.00000,1.00000
sd08-b075,jan-p01-t10k,276605,1.00000,1.00000
sd08-b075,jan-p01-t10k,381413,1.00000,1.00000
sd08-b075,jan-p01-t10k,525933,1.00000,1.00000
sd08-b075,jan-p01-t10k,725212,1.00000,1.00000
sd08-b075,jan-p01-t10k,1000000,1.00000,1.00000
sd08-b075,jan-p10-t10k,1,0.02754,0.03477
sd08-b075,jan-p10-t10k,2,0.04403,0.05637
sd08-b075,jan-p10-t10k,3,0.05600,0.07230
sd08-b075,jan-p10-t10k,4,0.06590,0.08509
sd08-b075,jan-p10-t10k,5,0.07417,0.09582
sd08-b075,jan-p10-t10k,7,0.08763,0.11358
sd08-b075,jan-p10-t10k,9,0.09878,0.12913
sd08-b075,jan-p10-t10k,10,0.10368,0.13593
sd08-b075,jan-p10-t10k,13,0.11668,0.15287
sd08-b075,jan-p10-t10k,18,0.13416,0.17562
sd08-b075,jan-p10-t10k,25,0.15342,0.20157
sd08-b075,jan-p10-t10k,34,0.17291,0.22722
sd08-b075,jan-p10-t10k,47,0.19504,0.25650
sd08-b075,jan-p10-t10k,65,0.21921,0.28844
sd08-b075,jan-p10-t10k,90,0.24569,0.32167
sd08-b075,jan-p10-t10k,100,0.25474,0.33308
sd08-b075,jan-p10-t10k,124,0.27374,0.35798
sd08-b075,jan-p10-t10k,171,0.30460,0.39770
sd08-b075,jan-p10-t10k,236,0.33800,0.44099
sd08-b075,jan-p10-t10k,325,0.37369,0.48469
sd08-b075,jan-p10-t10k,448,0.41255,0.53425
sd08-b075,jan-p10-t10k,618,0.45479,0.58477
sd08-b075,jan-p10-t10k,852,0.50060,0.63939
sd08-b075,jan-p10-t10k,1000,0.52466,0.66744
sd08-b075,jan-p10-t10k,1174,0.54995,0.69541
sd08-b075,jan-p10-t10k,1619,0.60388,0.75441
sd08-b075,jan-p10-t10k,2233,0.66202,0.81238
sd08-b075,jan-p10-t10k,3079,0.72485,0.86911
sd08-b075,jan-p10-t10k,4245,0.79296,0.91717
sd08-b075,jan-p10-t10k,5854,0.86621,0.96065
sd08-b075,jan-p10-t10k,8072,0.94514,0.98615
sd08-b075,jan-p10-t10k,10000,1.00000,0.99475
sd08-b075,jan-p10-t10k,11130,1.00000,0.99708
sd08-b075,jan-p10-t10k,15348,1.00000,0.99979
sd08-b075,jan-p10-t10k,21163,1.00000,1.00000
sd08-b075,jan-p10-t10k,29182,1.00000,1.00000
sd08-b075,jan-p10-t10k,40239,1.00000,1.00000
sd08-b075,jan-p10-t10k,55486,1.00000,1.00000
sd08-b075,jan-p10-t10k,76510,1.00000,1.00000
sd08-b075,jan-p10-t10k,105501,1.00000,1.00000
sd08-b075,jan-p10-t10k,145476,1.00000,1.00000
sd08-b075,jan-p10-t10k,200598,1.00000,1.00000
sd08-b075,jan-p10-t10k,276605,1.00000,1.00000
sd08-b075,jan-p10-t10k,381413,1.00000,1.00000
sd08-b075,jan-p10-t10k,525933,1.00000,1.00000
sd08-b075,jan-p10-t10k,725212,1.00000,1.00000
sd08-b075,jan-p10-t10k,1000000,1.00000,1.00000
sd08-b075,jan-p20-t10k,1,0.02754,0.03183
sd08-b075,jan-p20-t10k,2,0.04403,0.05177
sd08-b075,jan-p20-t10k,3,0.05600,0.06592
sd08-b075,jan-p20-t10k,4,0.06590,0.07734
sd08-b075,jan-p20-t10k,5,0.07417,0.08689
sd08-b075,jan-p20-t10k,7,0.08763,0.10247
sd08-b075,jan-p20-t10k,9,0.09878,0.11614
sd08-b075,jan-p20-t10k,10,0.10368,0.12203
sd08-b075,jan-p20-t10k,13,0.11668,0.13701
sd08-b075,jan-p20-t10k,18,0.13416,0.15793
sd08-b075,jan-p20-t10k,25,0.15342,0.18104
sd08-b075,jan-p20-t10k,34,0.17291,0.20383
sd08-b075,jan-p20-t10k,47,0.19504,0.22960
sd08-b075,jan-p20-t10k,65,0.21921,0.25832
sd08-b075,jan-p20-t10k,90,0.24569,0.28882
sd08-b075,jan-p20-t10k,100,0.25474,0.29942
sd08-b075,jan-p20-t10k,124,0.27374,0.32175
sd08-b075,jan-p20-t10k,171,0.30460,0.35696
sd08-b075,jan-p20-t10k,236,0.33800,0.39519
sd08-b075,jan-p20-t10k,325,0.37369,0.43451
sd08-b075,jan-p20-t10k,448,0.41255,0.47828
sd08-b075,jan-p20-t10k,618,0.45479,0.52483
sd08-b075,jan-p20-t10k,852,0.50060,0.57472
sd08-b075,jan-p20-t10k,1000,0.52466,0.60020
sd08-b075,jan-p20-t10k,1174,0.54995,0.62650
sd08-b075,jan-p20-t10k,1619,0.60388,0.68123
sd08-b075,jan-p20-t10k,2233,0.66202,0.73639
sd08-b075,jan-p20-t10k,3079,0.72485,0.79409
sd08-b075,jan-p20-t10k,4245,0.79296,0.85585
sd08-b075,jan-p20-t10k,5854,0.86621,0.92138
sd08-b075,jan-p20-t10k,8072,0.94514,0.97137
sd08-b075,jan-p20-t10k,10000,1.00000,0.98938
sd08-b075,jan-p20-t10k,11130,1.00000,0.99418
sd08-b075,jan-p20-t10k,15348,1.00000,0.99943
sd08-b075,jan-p20-t10k,21163,1.00000,0.99999
sd08-b075,jan-p20-t10k,29182,1.00000,1.00000
sd08-b075,jan-p20-t10k,40239,1.00000,1.00000
sd08-b075,jan-p20-t10k,55486,1.00000,1.00000
sd08-b075,jan-p20-t10k,76510,1.00000,1.00000
sd08-b075,jan-p20-t10k,105501,1.00000,1.00000
sd08-b075,jan-p20-t10k,145476,1.00000,1.00000
sd08-b075,jan-p20-t10k,200598,1.00000,1.00000
sd08-b075,jan-p20-t10k,276605,1.00000,1.00000
sd08-b075,jan-p20-t10k,381413,1.00000,1.00000
sd08-b075,jan-p20-t10k,525933,1.00000,1.00000
sd08-b075,jan-p20-t10k,725212,1.00000,1.00000
sd08-b075,jan-p20-t10k,1000000,1.00000,1.00000
sd09-b050,completa,1,0.00518,0.00518
sd09-b050,completa,2,0.00874,0.00874
sd09-b050,completa,3,0.01176,0.01176
sd09-b050,completa,4,0.01435,0.01435
sd09-b050,completa,5,0.01657,0.01657
sd09-b050,completa,7,0.02041,0.02041
sd09-b050,completa,9,0.02396,0.02396
sd09-b050,completa,10,0.02557,0.02557
sd09-b050,completa,13,0.02987,0.02987
sd09-b050,completa,18,0.03632,0.03632
sd09-b050,completa,25,0.04397,0.04397
sd09-b050,completa,34,0.05222,0.05222
sd09-b050,completa,47,0.06271,0.06271
sd09-b050,completa,65,0.07491,0.07491
sd09-b050,completa,90,0.08926,0.08926
sd09-b050,completa,100,0.09450,0.09450
sd09-b050,completa,124,0.10608,0.10608
sd09-b050,completa,171,0.12591,0.12591
sd09-b050,completa,236,0.14926,0.14926
sd09-b050,completa,325,0.17642,0.17642
sd09-b050,completa,448,0.20803,0.20803
sd09-b050,completa,618,0.24566,0.24566
sd09-b050,completa,852,0.28954,0.28954
sd09-b050,completa,1000,0.31426,0.31426
sd09-b050,completa,1174,0.34109,0.34109
sd09-b050,completa,1619,0.40122,0.40122
sd09-b050,completa,2233,0.47199,0.47199
sd09-b050,completa,3079,0.55506,0.55506
sd09-b050,completa,4245,0.65254,0.65254
sd09-b050,completa,5854,0.76682,0.76682
sd09-b050,completa,8072,0.89991,0.89991
sd09-b050,completa,10000,1.00000,1.00000
sd09-b050,completa,11130,1.00000,1.00000
sd09-b050,completa,15348,1.00000,1.00000
sd09-b050,completa,21163,1.00000,1.00000
sd09-b050,completa,29182,1.00000,1.00000
sd09-b050,completa,40239,1.00000,1.00000
sd09-b050,completa,55486,1.00000,1.00000
sd09-b050,completa,76510,1.00000,1.00000
sd09-b050,completa,105501,1.00000,1.00000
sd09-b050,completa,145476,1.00000,1.00000
sd09-b050,completa,200598,1.00000,1.00000
sd09-b050,completa,276605,1.00000,1.00000
sd09-b050,completa,381413,1.00000,1.00000
sd09-b050,completa,525933,1.00000,1.00000
sd09-b050,completa,725212,1.00000,1.00000
sd09-b050,completa,1000000,1.00000,1.00000
sd09-b050,sis-p01,1,0.00518,0.00288
sd09-b050,sis-p01,2,0.00874,0.00504
sd09-b050,sis-p01,3,0.01176,0.00648
sd09-b050,sis-p01,4,0.01435,0.00793
sd09-b050,sis-p01,5,0.01657,0.00937
sd09-b050,sis-p01,7,0.02041,0.01225
sd09-b050,sis-p01,9,0.02396,0.01441
sd09-b050,sis-p01,10,0.02557,0.01657
sd09-b050,sis-p01,13,0.02987,0.02161
sd09-b050,sis-p01,18,0.03632,0.02882
sd09-b050,sis-p01,25,0.04397,0.03386
sd09-b050,sis-p01,34,0.05222,0.04107
sd09-b050,sis-p01,47,0.06271,0.05331
sd09-b050,sis-p01,65,0.07491,0.06700
sd09-b050,sis-p01,90,0.08926,0.08646
sd09-b050,sis-p01,100,0.09450,0.09294
sd09-b050,sis-p01,124,0.10608,0.10951
sd09-b050,sis-p01,171,0.12591,0.14769
sd09-b050,sis-p01,236,0.14926,0.19092
sd09-b050,sis-p01,325,0.17642,0.25432
sd09-b050,sis-p01,448,0.20803,0.35086
sd09-b050,sis-p01,618,0.24566,0.44669
sd09-b050,sis-p01,852,0.28954,0.55692
sd09-b050,sis-p01,1000,0.31426,0.61239
sd09-b050,sis-p01,1174,0.34109,0.66643
sd09-b050,sis-p01,1619,0.40122,0.77954
sd09-b050,sis-p01,2233,0.47199,0.87752
sd09-b050,sis-p01,3079,0.55506,0.95677
sd09-b050,sis-p01,4245,0.65254,0.99063
sd09-b050,sis-p01,5854,0.76682,0.99928
sd09-b050,sis-p01,8072,0.89991,1.00000
sd09-b050,sis-p01,10000,1.00000,1.00000
sd09-b050,sis-p01,11130,1.00000,1.00000
sd09-b050,sis-p01,15348,1.00000,1.00000
sd09-b050,sis-p01,21163,1.00000,1.00000
sd09-b050,sis-p01,29182,1.00000,1.00000
sd09-b050,sis-p01,40239,1.00000,1.00000
sd09-b050,sis-p01,55486,1.00000,1.00000
sd09-b050,sis-p01,76510,1.00000,1.00000
sd09-b050,sis-p01,105501,1.00000,1.00000
sd09-b050,sis-p01,145476,1.00000,1.00000
sd09-b050,sis-p01,200598,1.00000,1.00000
sd09-b050,sis-p01,276605,1.00000,1.00000
sd09-b050,sis-p01,381413,1.00000,1.00000
sd09-b050,sis-p01,525933,1.00000,1.00000
sd09-b050,sis-p01,725212,1.00000,1.00000
sd09-b050,sis-p01,1000000,1.00000,1.00000
sd09-b050,sis-p10,1,0.00518,0.00214
sd09-b050,sis-p10,2,0.00874,0.00432
sd09-b050,sis-p10,3,0.01176,0.00579
sd09-b050,sis-p10,4,0.01435,0.00695
sd09-b050,sis-p10,5,0.01657,0.00817
sd09-b050,sis-p10,7,0.02041,0.01010
sd09-b050,sis-p10,9,0.02396,0.01149
sd09-b050,sis-p10,10,0.02557,0.01236
sd09-b050,sis-p10,13,0.02987,0.01483
sd09-b050,sis-p10,18,0.03632,0.01831
sd09-b050,sis-p10,25,0.04397,0.02251
sd09-b050,sis-p10,34,0.05222,0.02724
sd09-b050,sis-p10,47,0.06271,0.03299
sd09-b050,sis-p10,65,0.07491,0.03993
sd09-b050,sis-p10,90,0.08926,0.04822
sd09-b050,sis-p10,100,0.09450,0.05114
sd09-b050,sis-p10,124,0.10608,0.05829
sd09-b050,sis-p10,171,0.12591,0.07060
sd09-b050,sis-p10,236,0.14926,0.08554
sd09-b050,sis-p10,325,0.17642,0.10419
sd09-b050,sis-p10,448,0.20803,0.12814
sd09-b050,sis-p10,618,0.24566,0.15768
sd09-b050,sis-p10,852,0.28954,0.19769
sd09-b050,sis-p10,1000,0.31426,0.22038
sd09-b050,sis-p10,1174,0.34109,0.24586
sd09-b050,sis-p10,1619,0.40122,0.31124
sd09-b050,sis-p10,2233,0.47199,0.39788
sd09-b050,sis-p10,3079,0.55506,0.51380
sd09-b050,sis-p10,4245,0.65254,0.65656
sd09-b050,sis-p10,5854,0.76682,0.80216
sd09-b050,sis-p10,8072,0.89991,0.92221
sd09-b050,sis-p10,10000,1.00000,0.96956
sd09-b050,sis-p10,11130,1.00000,0.98263
sd09-b050,sis-p10,15348,1.00000,0.99831
sd09-b050,sis-p10,21163,1.00000,0.99992
sd09-b050,sis-p10,29182,1.00000,1.00000
sd09-b050,sis-p10,40239,1.00000,1.00000
sd09-b050,sis-p10,55486,1.00000,1.00000
sd09-b050,sis-p10,76510,1.00000,1.00000
sd09-b050,sis-p10,105501,1.00000,1.00000
sd09-b050,sis-p10,145476,1.00000,1.00000
sd09-b050,sis-p10,200598,1.00000,1.00000
sd09-b050,sis-p10,276605,1.00000,1.00000
sd09-b050,sis-p10,381413,1.00000,1.00000
sd09-b050,sis-p10,525933,1.00000,1.00000
sd09-b050,sis-p10,725212,1.00000,1.00000
sd09-b050,sis-p10,1000000,1.00000,1.00000
sd09-b050,sis-p20,1,0.00518,0.00273
sd09-b050,sis-p20,2,0.00874,0.00476
sd09-b050,sis-p20,3,0.01176,0.00639
sd09-b050,sis-p20,4,0.01435,0.00798
sd09-b050,sis-p20,5,0.01657,0.00927
sd09-b050,sis-p20,7,0.02041,0.01158
sd09-b050,sis-p20,9,0.02396,0.01355
sd09-b050,sis-p20,10,0.02557,0.01456
sd09-b050,sis-p20,13,0.02987,0.01700
sd09-b050,sis-p20,18,0.03632,0.02048
sd09-b050,sis-p20,25,0.04397,0.02513
sd09-b050,sis-p20,34,0.05222,0.03035
sd09-b050,sis-p20,47,0.06271,0.03677
sd09-b050,sis-p20,65,0.07491,0.04446
sd09-b050,sis-p20,90,0.08926,0.05396
sd09-b050,sis-p20,100,0.09450,0.05720
sd09-b050,sis-p20,124,0.10608,0.06434
sd09-b050,sis-p20,171,0.12591,0.07762
sd09-b050,sis-p20,236,0.14926,0.09349
sd09-b050,sis-p20,325,0.17642,0.11202
sd09-b050,sis-p20,448,0.20803,0.13436
sd09-b050,sis-p20,618,0.24566,0.16331
sd09-b050,sis-p20,852,0.28954,0.19920
sd09-b050,sis-p20,1000,0.31426,0.22036
sd09-b050,sis-p20,1174,0.34109,0.24363
sd09-b050,sis-p20,1619,0.40122,0.30129
sd09-b050,sis-p20,2233,0.47199,0.37321
sd09-b050,sis-p20,3079,0.55506,0.46684
sd09-b050,sis-p20,4245,0.65254,0.59168
sd09-b050,sis-p20,5854,0.76682,0.75301
sd09-b050,sis-p20,8072,0.89991,0.90441
sd09-b050,sis-p20,10000,1.00000,0.96741
sd09-b050,sis-p20,11130,1.00000,0.98442
sd09-b050,sis-p20,15348,1.00000,0.99909
sd09-b050,sis-p20,21163,1.00000,0.99999
sd09-b050,sis-p20,29182,1.00000,1.00000
sd09-b050,sis-p20,40239,1.00000,1.00000
sd09-b050,sis-p20,55486,1.00000,1.00000
sd09-b050,sis-p20,76510,1.00000,1.00000
sd09-b050,sis-p20,105501,1.00000,1.00000
sd09-b050,sis-p20,145476,1.00000,1.00000
sd09-b050,sis-p20,200598,1.00000,1.00000
sd09-b050,sis-p20,276605,1.00000,1.00000
sd09-b050,sis-p20,381413,1.00000,1.00000
sd09-b050,sis-p20,525933,1.00000,1.00000
sd09-b050,sis-p20,725212,1.00000,1.00000
sd09-b050,sis-p20,1000000,1.00000,1.00000
sd09-b050,jan-p01-t1k,1,0.00518,0.02283
sd09-b050,jan-p01-t1k,2,0.00874,0.03604
sd09-b050,jan-p01-t1k,3,0.01176,0.05046
sd09-b050,jan-p01-t1k,4,0.01435,0.05647
sd09-b050,jan-p01-t1k,5,0.01657,0.06207
sd09-b050,jan-p01-t1k,7,0.02041,0.07409
sd09-b050,jan-p01-t1k,9,0.02396,0.09011
sd09-b050,jan-p01-t1k,10,0.02557,0.09612
sd09-b050,jan-p01-t1k,13,0.02987,0.11334
sd09-b050,jan-p01-t1k,18,0.03632,0.13696
sd09-b050,jan-p01-t1k,25,0.04397,0.16540
sd09-b050,jan-p01-t1k,34,0.05222,0.19343
sd09-b050,jan-p01-t1k,47,0.06271,0.23829
sd09-b050,jan-p01-t1k,65,0.07491,0.28234
sd09-b050,jan-p01-t1k,90,0.08926,0.32879
sd09-b050,jan-p01-t1k,100,0.09450,0.34802
sd09-b050,jan-p01-t1k,124,0.10608,0.39407
sd09-b050,jan-p01-t1k,171,0.12591,0.45294
sd09-b050,jan-p01-t1k,236,0.14926,0.52423
sd09-b050,jan-p01-t1k,325,0.17642,0.60232
sd09-b050,jan-p01-t1k,448,0.20803,0.68843
sd09-b050,jan-p01-t1k,618,0.24566,0.75370
sd09-b050,jan-p01-t1k,852,0.28954,0.81017
sd09-b050,jan-p01-t1k,1000,0.31426,0.83420
sd09-b050,jan-p01-t1k,1174,0.34109,0.85903
sd09-b050,jan-p01-t1k,1619,0.40122,0.90148
sd09-b050,jan-p01-t1k,2233,0.47199,0.95194
sd09-b050,jan-p01-t1k,3079,0.55506,0.98118
sd09-b050,jan-p01-t1k,4245,0.65254,0.99640
sd09-b050,jan-p01-t1k,5854,0.76682,1.00000
sd09-b050,jan-p01-t1k,8072,0.89991,1.00000
sd09-b050,jan-p01-t1k,10000,1.00000,1.00000
sd09-b050,jan-p01-t1k,11130,1.00000,1.00000
sd09-b050,jan-p01-t1k,15348,1.00000,1.00000
sd09-b050,jan-p01-t1k,21163,1.00000,1.00000
sd09-b050,jan-p01-t1k,29182,1.00000,1.00000
sd09-b050,jan-p01-t1k,40239,1.00000,1.00000
sd09-b050,jan-p01-t1k,55486,1.00000,1.00000
sd09-b050,jan-p01-t1k,76510,1.00000,1.00000
sd09-b050,jan-p01-t1k,105501,1.00000,1.00000
sd09-b050,jan-p01-t1k,145476,1.00000,1.00000
sd09-b050,jan-p01-t1k,200598,1.00000,1.00000
sd09-b050,jan-p01-t1k,276605,1.00000,1.00000
sd09-b050,jan-p01-t1k,381413,1.00000,1.00000
sd09-b050,jan-p01-t1k,525933,1.00000,1.00000
sd09-b050,jan-p01-t1k,725212,1.00000,1.00000
sd09-b050,jan-p01-t1k,1000000,1.00000,1.00000
sd09-b050,jan-p10-t1k,1,0.00518,0.00766
sd09-b050,jan-p10-t1k,2,0.00874,0.01295
sd09-b050,jan-p10-t1k,3,0.01176,0.01793
sd09-b050,jan-p10-t1k,4,0.01435,0.02170
sd09-b050,jan-p10-t1k,5,0.01657,0.02463
sd09-b050,jan-p10-t1k,7,0.02041,0.03051
sd09-b050,jan-p10-t1k,9,0.02396,0.03610
sd09-b050,jan-p10-t1k,10,0.02557,0.03852
sd09-b050,jan-p10-t1k,13,0.02987,0.04474
sd09-b050,jan-p10-t1k,18,0.03632,0.05390
sd09-b050,jan-p10-t1k,25,0.04397,0.06535
sd09-b050,jan-p10-t1k,34,0.05222,0.07760
sd09-b050,jan-p10-t1k,47,0.06271,0.09316
sd09-b050,jan-p10-t1k,65,0.07491,0.11051
sd09-b050,jan-p10-t1k,90,0.08926,0.12926
sd09-b050,jan-p10-t1k,100,0.09450,0.13684
sd09-b050,jan-p10-t1k,124,0.10608,0.15305
sd09-b050,jan-p10-t1k,171,0.12591,0.17856
sd09-b050,jan-p10-t1k,236,0.14926,0.20832
sd09-b050,jan-p10-t1k,325,0.17642,0.23994
sd09-b050,jan-p10-t1k,448,0.20803,0.27410
sd09-b050,jan-p10-t1k,618,0.24566,0.30988
sd09-b050,jan-p10-t1k,852,0.28954,0.34557
sd09-b050,jan-p10-t1k,1000,0.31426,0.36588
sd09-b050,jan-p10-t1k,1174,0.34109,0.38907
sd09-b050,jan-p10-t1k,1619,0.40122,0.44501
sd09-b050,jan-p10-t1k,2233,0.47199,0.51903
sd09-b050,jan-p10-t1k,3079,0.55506,0.61617
sd09-b050,jan-p10-t1k,4245,0.65254,0.72941
sd09-b050,jan-p10-t1k,5854,0.76682,0.84633
sd09-b050,jan-p10-t1k,8072,0.89991,0.93919
sd09-b050,jan-p10-t1k,10000,1.00000,0.97537
sd09-b050,jan-p10-t1k,11130,1.00000,0.98603
sd09-b050,jan-p10-t1k,15348,1.00000,0.99836
sd09-b050,jan-p10-t1k,21163,1.00000,0.99995
sd09-b050,jan-p10-t1k,29182,1.00000,1.00000
sd09-b050,jan-p10-t1k,40239,1.00000,1.00000
sd09-b050,jan-p10-t1k,55486,1.00000,1.00000
sd09-b050,jan-p10-t1k,76510,1.00000,1.00000
sd09-b050,jan-p10-t1k,105501,1.00000,1.00000
sd09-b050,jan-p10-t1k,145476,1.00000,1.00000
sd09-b050,jan-p10-t1k,200598,1.00000,1.00000
sd09-b050,jan-p10-t1k,276605,1.00000,1.00000
sd09-b050,jan-p10-t1k,381413,1.00000,1.00000
sd09-b050,jan-p10-t1k,525933,1.00000,1.00000
sd09-b050,jan-p10-t1k,725212,1.00000,1.00000
sd09-b050,jan-p10-t1k,1000000,1.00000,1.00000
sd09-b050,jan-p20-t1k,1,0.00518,0.00638
sd09-b050,jan-p20-t1k,2,0.00874,0.01079
sd09-b050,jan-p20-t1k,3,0.01176,0.01467
sd09-b050,jan-p20-t1k,4,0.01435,0.01792
sd09-b050,jan-p20-t1k,5,0.01657,0.02044
sd09-b050,jan-p20-t1k,7,0.02041,0.02526
sd09-b050,jan-p20-t1k,9,0.02396,0.02961
sd09-b050,jan-p20-t1k,10,0.02557,0.03155
sd09-b050,jan-p20-t1k,13,0.02987,0.03657
sd09-b050,jan-p20-t1k,18,0.03632,0.04406
sd09-b050,jan-p20-t1k,25,0.04397,0.05335
sd09-b050,jan-p20-t1k,34,0.05222,0.06322
sd09-b050,jan-p20-t1k,47,0.06271,0.07563
sd09-b050,jan-p20-t1k,65,0.07491,0.08965
sd09-b050,jan-p20-t1k,90,0.08926,0.10574
sd09-b050,jan-p20-t1k,100,0.09450,0.11185
sd09-b050,jan-p20-t1k,124,0.10608,0.12500
sd09-b050,jan-p20-t1k,171,0.12591,0.14608
sd09-b050,jan-p20-t1k,236,0.14926,0.17100
sd09-b050,jan-p20-t1k,325,0.17642,0.19747
sd09-b050,jan-p20-t1k,448,0.20803,0.22665
sd09-b050,jan-p20-t1k,618,0.24566,0.25860
sd09-b050,jan-p20-t1k,852,0.28954,0.29216
sd09-b050,jan-p20-t1k,1000,0.31426,0.31060
sd09-b050,jan-p20-t1k,1174,0.34109,0.33199
sd09-b050,jan-p20-t1k,1619,0.40122,0.38233
sd09-b050,jan-p20-t1k,2233,0.47199,0.44669
sd09-b050,jan-p20-t1k,3079,0.55506,0.53250
sd09-b050,jan-p20-t1k,4245,0.65254,0.64430
sd09-b050,jan-p20-t1k,5854,0.76682,0.78607
sd09-b050,jan-p20-t1k,8072,0.89991,0.91697
sd09-b050,jan-p20-t1k,10000,1.00000,0.97140
sd09-b050,jan-p20-t1k,11130,1.00000,0.98543
sd09-b050,jan-p20-t1k,15348,1.00000,0.99903
sd09-b050,jan-p20-t1k,21163,1.00000,0.99999
sd09-b050,jan-p20-t1k,29182,1.00000,1.00000
sd09-b050,jan-p20-t1k,40239,1.00000,1.00000
sd09-b050,jan-p20-t1k,55486,1.00000,1.00000
sd09-b050,jan-p20-t1k,76510,1.00000,1.00000
sd09-b050,jan-p20-t1k,105501,1.00000,1.00000
sd09-b050,jan-p20-t1k,145476,1.00000,1.00000
sd09-b050,jan-p20-t1k,200598,1.00000,1.00000
sd09-b050,jan-p20-t1k,276605,1.00000,1.00000
sd09-b050,jan-p20-t1k,381413,1.00000,1.00000
sd09-b050,jan-p20-t1k,525933,1.00000,1.00000
sd09-b050,jan-p20-t1k,725212,1.00000,1.00000
sd09-b050,jan-p20-t1k,1000000,1.00000,1.00000
sd09-b050,jan-p01-t10k,1,0.00518,0.01131
sd09-b050,jan-p01-t10k,2,0.00874,0.01891
sd09-b050,jan-p01-t10k,3,0.01176,0.02447
sd09-b050,jan-p01-t10k,4,0.01435,0.02590
sd09-b050,jan-p01-t10k,5,0.01657,0.02919
sd09-b050,jan-p01-t10k,7,0.02041,0.03618
sd09-b050,jan-p01-t10k,9,0.02396,0.04256
sd09-b050,jan-p01-t10k,10,0.02557,0.04359
sd09-b050,jan-p01-t10k,13,0.02987,0.04996
sd09-b050,jan-p01-t10k,18,0.03632,0.06127
sd09-b050,jan-p01-t10k,25,0.04397,0.07566
sd09-b050,jan-p01-t10k,34,0.05222,0.09190
sd09-b050,jan-p01-t10k,47,0.06271,0.11205
sd09-b050,jan-p01-t10k,65,0.07491,0.13158
sd09-b050,jan-p01-t10k,90,0.08926,0.15892
sd09-b050,jan-p01-t10k,100,0.09450,0.16920
sd09-b050,jan-p01-t10k,124,0.10608,0.19161
sd09-b050,jan-p01-t10k,171,0.12591,0.23047
sd09-b050,jan-p01-t10k,236,0.14926,0.27488
sd09-b050,jan-p01-t10k,325,0.17642,0.32833
sd09-b050,jan-p01-t10k,448,0.20803,0.38836
sd09-b050,jan-p01-t10k,618,0.24566,0.45333
sd09-b050,jan-p01-t10k,852,0.28954,0.52858
sd09-b050,jan-p01-t10k,1000,0.31426,0.57196
sd09-b050,jan-p01-t10k,1174,0.34109,0.61822
sd09-b050,jan-p01-t10k,1619,0.40122,0.71279
sd09-b050,jan-p01-t10k,2233,0.47199,0.81168
sd09-b050,jan-p01-t10k,3079,0.55506,0.91406
sd09-b050,jan-p01-t10k,4245,0.65254,0.98479
sd09-b050,jan-p01-t10k,5854,0.76682,1.00000
sd09-b050,jan-p01-t10k,8072,0.89991,1.00000
sd09-b050,jan-p01-t10k,10000,1.00000,1.00000
sd09-b050,jan-p01-t10k,11130,1.00000,1.00000
sd09-b050,jan-p01-t10k,15348,1.00000,1.00000
sd09-b050,jan-p01-t10k,21163,1.00000,1.00000
sd09-b050,jan-p01-t10k,29182,1.00000,1.00000
sd09-b050,jan-p01-t10k,40239,1.00000,1.00000
sd09-b050,jan-p01-t10k,55486,1.00000,1.00000
sd09-b050,jan-p01-t10k,76510,1.00000,1.00000
sd09-b050,jan-p01-t10k,105501,1.00000,1.00000
sd09-b050,jan-p01-t10k,145476,1.00000,1.00000
sd09-b050,jan-p01-t10k,200598,1.00000,1.00000
sd09-b050,jan-p01-t10k,276605,1.00000,1.00000
sd09-b050,jan-p01-t10k,381413,1.00000,1.00000
sd09-b050,jan-p01-t10k,525933,1.00000,1.00000
sd09-b050,jan-p01-t10k,725212,1.00000,1.00000
sd09-b050,jan-p01-t10k,1000000,1.00000,1.00000
sd09-b050,jan-p10-t10k,1,0.00518,0.00715
sd09-b050,jan-p10-t10k,2,0.00874,0.01203
sd09-b050,jan-p10-t10k,3,0.01176,0.01623
sd09-b050,jan-p10-t10k,4,0.01435,0.01942
sd09-b050,jan-p10-t10k,5,0.01657,0.02218
sd09-b050,jan-p10-t10k,7,0.02041,0.02746
sd09-b050,jan-p10-t10k,9,0.02396,0.03248
sd09-b050,jan-p10-t10k,10,0.02557,0.03457
sd09-b050,jan-p10-t10k,13,0.02987,0.04028
sd09-b050,jan-p10-t10k,18,0.03632,0.04944
sd09-b050,jan-p10-t10k,25,0.04397,0.06012
sd09-b050,jan-p10-t10k,34,0.05222,0.07194
sd09-b050,jan-p10-t10k,47,0.06271,0.08679
sd09-b050,jan-p10-t10k,65,0.07491,0.10331
sd09-b050,jan-p10-t10k,90,0.08926,0.12379
sd09-b050,jan-p10-t10k,100,0.09450,0.13139
sd09-b050,jan-p10-t10k,124,0.10608,0.14851
sd09-b050,jan-p10-t10k,171,0.12591,0.17569
sd09-b050,jan-p10-t10k,236,0.14926,0.20832
sd09-b050,jan-p10-t10k,325,0.17642,0.24589
sd09-b050,jan-p10-t10k,448,0.20803,0.28975
sd09-b050,jan-p10-t10k,618,0.24566,0.33890
sd09-b050,jan-p10-t10k,852,0.28954,0.39606
sd09-b050,jan-p10-t10k,1000,0.31426,0.42829
sd09-b050,jan-p10-t10k,1174,0.34109,0.46241
sd09-b050,jan-p10-t10k,1619,0.40122,0.53572
sd09-b050,jan-p10-t10k,2233,0.47199,0.61937
sd09-b050,jan-p10-t10k,3079,0.55506,0.71237
sd09-b050,jan-p10-t10k,4245,0.65254,0.80524
sd09-b050,jan-p10-t10k,5854,0.76682,0.88973
sd09-b050,jan-p10-t10k,8072,0.89991,0.95978
sd09-b050,jan-p10-t10k,10000,1.00000,0.98356
sd09-b050,jan-p10-t10k,11130,1.00000,0.99134
sd09-b050,jan-p10-t10k,15348,1.00000,0.99920
sd09-b050,jan-p10-t10k,21163,1.00000,0.99997
sd09-b050,jan-p10-t10k,29182,1.00000,1.00000
sd09-b050,jan-p10-t10k,40239,1.00000,1.00000
sd09-b050,jan-p10-t10k,55486,1.00000,1.00000
sd09-b050,jan-p10-t10k,76510,1.00000,1.00000
sd09-b050,jan-p10-t10k,105501,1.00000,1.00000
sd09-b050,jan-p10-t10k,145476,1.00000,1.00000
sd09-b050,jan-p10-t10k,200598,1.00000,1.00000
sd09-b050,jan-p10-t10k,276605,1.00000,1.00000
sd09-b050,jan-p10-t10k,381413,1.00000,1.00000
sd09-b050,jan-p10-t10k,525933,1.00000,1.00000
sd09-b050,jan-p10-t10k,725212,1.00000,1.00000
sd09-b050,jan-p10-t10k,1000000,1.00000,1.00000
sd09-b050,jan-p20-t10k,1,0.00518,0.00622
sd09-b050,jan-p20-t10k,2,0.00874,0.01037
sd09-b050,jan-p20-t10k,3,0.01176,0.01392
sd09-b050,jan-p20-t10k,4,0.01435,0.01692
sd09-b050,jan-p20-t10k,5,0.01657,0.01944
sd09-b050,jan-p20-t10k,7,0.02041,0.02401
sd09-b050,jan-p20-t10k,9,0.02396,0.02834
sd09-b050,jan-p20-t10k,10,0.02557,0.03021
sd09-b050,jan-p20-t10k,13,0.02987,0.03553
sd09-b050,jan-p20-t10k,18,0.03632,0.04364
sd09-b050,jan-p20-t10k,25,0.04397,0.05289
sd09-b050,jan-p20-t10k,34,0.05222,0.06289
sd09-b050,jan-p20-t10k,47,0.06271,0.07544
sd09-b050,jan-p20-t10k,65,0.07491,0.08978
sd09-b050,jan-p20-t10k,90,0.08926,0.10679
sd09-b050,jan-p20-t10k,100,0.09450,0.11333
sd09-b050,jan-p20-t10k,124,0.10608,0.12755
sd09-b050,jan-p20-t10k,171,0.12591,0.15100
sd09-b050,jan-p20-t10k,236,0.14926,0.17923
sd09-b050,jan-p20-t10k,325,0.17642,0.21122
sd09-b050,jan-p20-t10k,448,0.20803,0.24874
sd09-b050,jan-p20-t10k,618,0.24566,0.29194
sd09-b050,jan-p20-t10k,852,0.28954,0.34185
sd09-b050,jan-p20-t10k,1000,0.31426,0.36989
sd09-b050,jan-p20-t10k,1174,0.34109,0.39979
sd09-b050,jan-p20-t10k,1619,0.40122,0.46525
sd09-b050,jan-p20-t10k,2233,0.47199,0.54220
sd09-b050,jan-p20-t10k,3079,0.55506,0.63104
sd09-b050,jan-p20-t10k,4245,0.65254,0.72916
sd09-b050,jan-p20-t10k,5854,0.76682,0.83563
sd09-b050,jan-p20-t10k,8072,0.89991,0.93526
sd09-b050,jan-p20-t10k,10000,1.00000,0.97614
sd09-b050,jan-p20-t10k,11130,1.00000,0.98713
sd09-b050,jan-p20-t10k,15348,1.00000,0.99914
sd09-b050,jan-p20-t10k,21163,1.00000,0.99997
sd09-b050,jan-p20-t10k,29182,1.00000,1.00000
sd09-b050,jan-p20-t10k,40239,1.00000,1.00000
sd09-b050,jan-p20-t10k,55486,1.00000,1.00000
sd09-b050,jan-p20-t10k,76510,1.00000,1.00000
sd09-b050,jan-p20-t10k,105501,1.00000,1.00000
sd09-b050,jan-p20-t10k,145476,1.00000,1.00000
sd09-b050,jan-p20-t10k,200598,1.00000,1.00000
sd09-b050,jan-p20-t10k,276605,1.00000,1.00000
sd09-b050,jan-p20-t10k,381413,1.00000,1.00000
sd09-b050,jan-p20-t10k,525933,1.00000,1.00000
sd09-b050,jan-p20-t10k,725212,1.00000,1.00000
sd09-b050,jan-p20-t10k,1000000,1.00000,1.00000
sd10-b025,completa,1,0.00078,0.00078
sd10-b025,completa,2,0.00145,0.00145
sd10-b025,completa,3,0.00202,0.00202
sd10-b025,completa,4,0.00258,0.00258
sd10-b025,completa,5,0.00309,0.00309
sd10-b025,completa,7,0.00400,0.00400
sd10-b025,completa,9,0.00493,0.00493
sd10-b025,completa,10,0.00538,0.00538
sd10-b025,completa,13,0.00652,0.00652
sd10-b025,completa,18,0.00846,0.00846
sd10-b025,completa,25,0.01093,0.01093
sd10-b025,completa,34,0.01394,0.01394
sd10-b025,completa,47,0.01776,0.01776
sd10-b025,completa,65,0.02267,0.02267
sd10-b025,completa,90,0.02896,0.02896
sd10-b025,completa,100,0.03146,0.03146
sd10-b025,completa,124,0.03703,0.03703
sd10-b025,completa,171,0.04725,0.04725
sd10-b025,completa,236,0.06034,0.06034
sd10-b025,completa,325,0.07683,0.07683
sd10-b025,completa,448,0.09784,0.09784
sd10-b025,completa,618,0.12486,0.12486
sd10-b025,completa,852,0.15918,0.15918
sd10-b025,completa,1000,0.17946,0.17946
sd10-b025,completa,1174,0.20224,0.20224
sd10-b025,completa,1619,0.25734,0.25734
sd10-b025,completa,2233,0.32751,0.32751
sd10-b025,completa,3079,0.41619,0.41619
sd10-b025,completa,4245,0.52867,0.52867
sd10-b025,completa,5854,0.67203,0.67203
sd10-b025,completa,8072,0.85349,0.85349
sd10-b025,completa,10000,1.00000,1.00000
sd10-b025,completa,11130,1.00000,1.00000
sd10-b025,completa,15348,1.00000,1.00000
sd10-b025,completa,21163,1.00000,1.00000
sd10-b025,completa,29182,1.00000,1.00000
sd10-b025,completa,40239,1.00000,1.00000
sd10-b025,completa,55486,1.00000,1.00000
sd10-b025,completa,76510,1.00000,1.00000
sd10-b025,completa,105501,1.00000,1.00000
sd10-b025,completa,145476,1.00000,1.00000
sd10-b025,completa,200598,1.00000,1.00000
sd10-b025,completa,276605,1.00000,1.00000
sd10-b025,completa,381413,1.00000,1.00000
sd10-b025,completa,525933,1.00000,1.00000
sd10-b025,completa,725212,1.00000,1.00000
sd10-b025,completa,1000000,1.00000,1.00000
sd10-b025,sis-p01,1,0.00078,0.00071
sd10-b025,sis-p01,2,0.00145,0.00212
sd10-b025,sis-p01,3,0.00202,0.00353
sd10-b025,sis-p01,4,0.00258,0.00353
sd10-b025,sis-p01,5,0.00309,0.00494
sd10-b025,sis-p01,7,0.00400,0.00777
sd10-b025,sis-p01,9,0.00493,0.00777
sd10-b025,sis-p01,10,0.00538,0.00847
sd10-b025,sis-p01,13,0.00652,0.01059
sd10-b025,sis-p01,18,0.00846,0.01907
sd10-b025,sis-p01,25,0.01093,0.02542
sd10-b025,sis-p01,34,0.01394,0.03178
sd10-b025,sis-p01,47,0.01776,0.04025
sd10-b025,sis-p01,65,0.02267,0.05508
sd10-b025,sis-p01,90,0.02896,0.07415
sd10-b025,sis-p01,100,0.03146,0.08121
sd10-b025,sis-p01,124,0.03703,0.09322
sd10-b025,sis-p01,171,0.04725,0.12712
sd10-b025,sis-p01,236,0.06034,0.16808
sd10-b025,sis-p01,325,0.07683,0.22316
sd10-b025,sis-p01,448,0.09784,0.30297
sd10-b025,sis-p01,618,0.12486,0.40184
sd10-b025,sis-p01,852,0.15918,0.52331
sd10-b025,sis-p01,1000,0.17946,0.57839
sd10-b025,sis-p01,1174,0.20224,0.62994
sd10-b025,sis-p01,1619,0.25734,0.77684
sd10-b025,sis-p01,2233,0.32751,0.87712
sd10-b025,sis-p01,3079,0.41619,0.95480
sd10-b025,sis-p01,4245,0.52867,0.98729
sd10-b025,sis-p01,5854,0.67203,0.99859
sd10-b025,sis-p01,8072,0.85349,1.00000
sd10-b025,sis-p01,10000,1.00000,1.00000
sd10-b025,sis-p01,11130,1.00000,1.00000
sd10-b025,sis-p01,15348,1.00000,1.00000
sd10-b025,sis-p01,21163,1.00000,1.00000
sd10-b025,sis-p01,29182,1.00000,1.00000
sd10-b025,sis-p01,40239,1.00000,1.00000
sd10-b025,sis-p01,55486,1.00000,1.00000
sd10-b025,sis-p01,76510,1.00000,1.00000
sd10-b025,sis-p01,105501,1.00000,1.00000
sd10-b025,sis-p01,145476,1.00000,1.00000
sd10-b025,sis-p01,200598,1.00000,1.00000
sd10-b025,sis-p01,276605,1.00000,1.00000
sd10-b025,sis-p01,381413,1.00000,1.00000
sd10-b025,sis-p01,525933,1.00000,1.00000
sd10-b025,sis-p01,725212,1.00000,1.00000
sd10-b025,sis-p01,1000000,1.00000,1.00000
sd10-b025,sis-p10,1,0.00078,0.00065
sd10-b025,sis-p10,2,0.00145,0.00128
sd10-b025,sis-p10,3,0.00202,0.00208
sd10-b025,sis-p10,4,0.00258,0.00255
sd10-b025,sis-p10,5,0.00309,0.00302
sd10-b025,sis-p10,7,0.00400,0.00378
sd10-b025,sis-p10,9,0.00493,0.00451
sd10-b025,sis-p10,10,0.00538,0.00490
sd10-b025,sis-p10,13,0.00652,0.00604
sd10-b025,sis-p10,18,0.00846,0.00787
sd10-b025,sis-p10,25,0.01093,0.00978
sd10-b025,sis-p10,34,0.01394,0.01225
sd10-b025,sis-p10,47,0.01776,0.01545
sd10-b025,sis-p10,65,0.02267,0.02030
sd10-b025,sis-p10,90,0.02896,0.02596
sd10-b025,sis-p10,100,0.03146,0.02820
sd10-b025,sis-p10,124,0.03703,0.03318
sd10-b025,sis-p10,171,0.04725,0.04301
sd10-b025,sis-p10,236,0.06034,0.05560
sd10-b025,sis-p10,325,0.07683,0.07186
sd10-b025,sis-p10,448,0.09784,0.09251
sd10-b025,sis-p10,618,0.12486,0.11973
sd10-b025,sis-p10,852,0.15918,0.15616
sd10-b025,sis-p10,1000,0.17946,0.17921
sd10-b025,sis-p10,1174,0.20224,0.20638
sd10-b025,sis-p10,1619,0.25734,0.27386
sd10-b025,sis-p10,2233,0.32751,0.36178
sd10-b025,sis-p10,3079,0.41619,0.48132
sd10-b025,sis-p10,4245,0.52867,0.62154
sd10-b025,sis-p10,5854,0.67203,0.77525
sd10-b025,sis-p10,8072,0.85349,0.90574
sd10-b025,sis-p10,10000,1.00000,0.96200
sd10-b025,sis-p10,11130,1.00000,0.97800
sd10-b025,sis-p10,15348,1.00000,0.99759
sd10-b025,sis-p10,21163,1.00000,0.99990
sd10-b025,sis-p10,29182,1.00000,1.00000
sd10-b025,sis-p10,40239,1.00000,1.00000
sd10-b025,sis-p10,55486,1.00000,1.00000
sd10-b025,sis-p10,76510,1.00000,1.00000
sd10-b025,sis-p10,105501,1.00000,1.00000
sd10-b025,sis-p10,145476,1.00000,1.00000
sd10-b025,sis-p10,200598,1.00000,1.00000
sd10-b025,sis-p10,276605,1.00000,1.00000
sd10-b025,sis-p10,381413,1.00000,1.00000
sd10-b025,sis-p10,525933,1.00000,1.00000
sd10-b025,sis-p10,725212,1.00000,1.00000
sd10-b025,sis-p10,1000000,1.00000,1.00000
sd10-b025,sis-p20,1,0.00078,0.00058
sd10-b025,sis-p20,2,0.00145,0.00104
sd10-b025,sis-p20,3,0.00202,0.00145
sd10-b025,sis-p20,4,0.00258,0.00191
sd10-b025,sis-p20,5,0.00309,0.00230
sd10-b025,sis-p20,7,0.00400,0.00319
sd10-b025,sis-p20,9,0.00493,0.00386
sd10-b025,sis-p20,10,0.00538,0.00420
sd10-b025,sis-p20,13,0.00652,0.00527
sd10-b025,sis-p20,18,0.00846,0.00692
sd10-b025,sis-p20,25,0.01093,0.00909
sd10-b025,sis-p20,34,0.01394,0.01151
sd10-b025,sis-p20,47,0.01776,0.01463
sd10-b025,sis-p20,65,0.02267,0.01911
sd10-b025,sis-p20,90,0.02896,0.02433
sd10-b025,sis-p20,100,0.03146,0.02645
sd10-b025,sis-p20,124,0.03703,0.03126
sd10-b025,sis-p20,171,0.04725,0.04037
sd10-b025,sis-p20,236,0.06034,0.05155
sd10-b025,sis-p20,325,0.07683,0.06641
sd10-b025,sis-p20,448,0.09784,0.08587
sd10-b025,sis-p20,618,0.12486,0.11075
sd10-b025,sis-p20,852,0.15918,0.14286
sd10-b025,sis-p20,1000,0.17946,0.16254
sd10-b025,sis-p20,1174,0.20224,0.18502
sd10-b025,sis-p20,1619,0.25734,0.23958
sd10-b025,sis-p20,2233,0.32751,0.31402
sd10-b025,sis-p20,3079,0.41619,0.41354
sd10-b025,sis-p20,4245,0.52867,0.54686
sd10-b025,sis-p20,5854,0.67203,0.71771
sd10-b025,sis-p20,8072,0.85349,0.88241
sd10-b025,sis-p20,10000,1.00000,0.95844
sd10-b025,sis-p20,11130,1.00000,0.98001
sd10-b025,sis-p20,15348,1.00000,0.99890
sd10-b025,sis-p20,21163,1.00000,0.99999
sd10-b025,sis-p20,29182,1.00000,1.00000
sd10-b025,sis-p20,40239,1.00000,1.00000
sd10-b025,sis-p20,55486,1.00000,1.00000
sd10-b025,sis-p20,76510,1.00000,1.00000
sd10-b025,sis-p20,105501,1.00000,1.00000
sd10-b025,sis-p20,145476,1.00000,1.00000
sd10-b025,sis-p20,200598,1.00000,1.00000
sd10-b025,sis-p20,276605,1.00000,1.00000
sd10-b025,sis-p20,381413,1.00000,1.00000
sd10-b025,sis-p20,525933,1.00000,1.00000
sd10-b025,sis-p20,725212,1.00000,1.00000
sd10-b025,sis-p20,1000000,1.00000,1.00000
sd10-b025,jan-p01-t1k,1,0.00078,0.00289
sd10-b025,jan-p01-t1k,2,0.00145,0.00635
sd10-b025,jan-p01-t1k,3,0.00202,0.01040
sd10-b025,jan-p01-t1k,4,0.00258,0.01386
sd10-b025,jan-p01-t1k,5,0.00309,0.01733
sd10-b025,jan-p01-t1k,7,0.00400,0.02311
sd10-b025,jan-p01-t1k,9,0.00493,0.03062
sd10-b025,jan-p01-t1k,10,0.00538,0.03351
sd10-b025,jan-p01-t1k,13,0.00652,0.03986
sd10-b025,jan-p01-t1k,18,0.00846,0.04910
sd10-b025,jan-p01-t1k,25,0.01093,0.06817
sd10-b025,jan-p01-t1k,34,0.01394,0.07972
sd10-b025,jan-p01-t1k,47,0.01776,0.09243
sd10-b025,jan-p01-t1k,65,0.02267,0.11785
sd10-b025,jan-p01-t1k,90,0.02896,0.14962
sd10-b025,jan-p01-t1k,100,0.03146,0.16580
sd10-b025,jan-p01-t1k,124,0.03703,0.19237
sd10-b025,jan-p01-t1k,171,0.04725,0.23686
sd10-b025,jan-p01-t1k,236,0.06034,0.29809
sd10-b025,jan-p01-t1k,325,0.07683,0.37377
sd10-b025,jan-p01-t1k,448,0.09784,0.44310
sd10-b025,jan-p01-t1k,618,0.12486,0.53668
sd10-b025,jan-p01-t1k,852,0.15918,0.63200
sd10-b025,jan-p01-t1k,1000,0.17946,0.66956
sd10-b025,jan-p01-t1k,1174,0.20224,0.72039
sd10-b025,jan-p01-t1k,1619,0.25734,0.82091
sd10-b025,jan-p01-t1k,2233,0.32751,0.90295
sd10-b025,jan-p01-t1k,3079,0.41619,0.96303
sd10-b025,jan-p01-t1k,4245,0.52867,0.98960
sd10-b025,jan-p01-t1k,5854,0.67203,0.99884
sd10-b025,jan-p01-t1k,8072,0.85349,1.00000
sd10-b025,jan-p01-t1k,10000,1.00000,1.00000
sd10-b025,jan-p01-t1k,11130,1.00000,1.00000
sd10-b025,jan-p01-t1k,15348,1.00000,1.00000
sd10-b025,jan-p01-t1k,21163,1.00000,1.00000
sd10-b025,jan-p01-t1k,29182,1.00000,1.00000
sd10-b025,jan-p01-t1k,40239,1.00000,1.00000
sd10-b025,jan-p01-t1k,55486,1.00000,1.00000
sd10-b025,jan-p01-t1k,76510,1.00000,1.00000
sd10-b025,jan-p01-t1k,105501,1.00000,1.00000
sd10-b025,jan-p01-t1k,145476,1.00000,1.00000
sd10-b025,jan-p01-t1k,200598,1.00000,1.00000
sd10-b025,jan-p01-t1k,276605,1.00000,1.00000
sd10-b025,jan-p01-t1k,381413,1.00000,1.00000
sd10-b025,jan-p01-t1k,525933,1.00000,1.00000
sd10-b025,jan-p01-t1k,725212,1.00000,1.00000
sd10-b025,jan-p01-t1k,1000000,1.00000,1.00000
sd10-b025,jan-p10-t1k,1,0.00078,0.00104
sd10-b025,jan-p10-t1k,2,0.00145,0.00200
sd10-b025,jan-p10-t1k,3,0.00202,0.00283
sd10-b025,jan-p10-t1k,4,0.00258,0.00347
sd10-b025,jan-p10-t1k,5,0.00309,0.00419
sd10-b025,jan-p10-t1k,7,0.00400,0.00576
sd10-b025,jan-p10-t1k,9,0.00493,0.00728
sd10-b025,jan-p10-t1k,10,0.00538,0.00810
sd10-b025,jan-p10-t1k,13,0.00652,0.00995
sd10-b025,jan-p10-t1k,18,0.00846,0.01274
sd10-b025,jan-p10-t1k,25,0.01093,0.01688
sd10-b025,jan-p10-t1k,34,0.01394,0.02152
sd10-b025,jan-p10-t1k,47,0.01776,0.02693
sd10-b025,jan-p10-t1k,65,0.02267,0.03414
sd10-b025,jan-p10-t1k,90,0.02896,0.04368
sd10-b025,jan-p10-t1k,100,0.03146,0.04702
sd10-b025,jan-p10-t1k,124,0.03703,0.05493
sd10-b025,jan-p10-t1k,171,0.04725,0.06952
sd10-b025,jan-p10-t1k,236,0.06034,0.08838
sd10-b025,jan-p10-t1k,325,0.07683,0.10990
sd10-b025,jan-p10-t1k,448,0.09784,0.13595
sd10-b025,jan-p10-t1k,618,0.12486,0.16845
sd10-b025,jan-p10-t1k,852,0.15918,0.20720
sd10-b025,jan-p10-t1k,1000,0.17946,0.22833
sd10-b025,jan-p10-t1k,1174,0.20224,0.25300
sd10-b025,jan-p10-t1k,1619,0.25734,0.31612
sd10-b025,jan-p10-t1k,2233,0.32751,0.40305
sd10-b025,jan-p10-t1k,3079,0.41619,0.51610
sd10-b025,jan-p10-t1k,4245,0.52867,0.64879
sd10-b025,jan-p10-t1k,5854,0.67203,0.79544
sd10-b025,jan-p10-t1k,8072,0.85349,0.91650
sd10-b025,jan-p10-t1k,10000,1.00000,0.96546
sd10-b025,jan-p10-t1k,11130,1.00000,0.97976
sd10-b025,jan-p10-t1k,15348,1.00000,0.99800
sd10-b025,jan-p10-t1k,21163,1.00000,0.99992
sd10-b025,jan-p10-t1k,29182,1.00000,1.00000
sd10-b025,jan-p10-t1k,40239,1.00000,1.00000
sd10-b025,jan-p10-t1k,55486,1.00000,1.00000
sd10-b025,jan-p10-t1k,76510,1.00000,1.00000
sd10-b025,jan-p10-t1k,105501,1.00000,1.00000
sd10-b025,jan-p10-t1k,145476,1.00000,1.00000
sd10-b025,jan-p10-t1k,200598,1.00000,1.00000
sd10-b025,jan-p10-t1k,276605,1.00000,1.00000
sd10-b025,jan-p10-t1k,381413,1.00000,1.00000
sd10-b025,jan-p10-t1k,525933,1.00000,1.00000
sd10-b025,jan-p10-t1k,725212,1.00000,1.00000
sd10-b025,jan-p10-t1k,1000000,1.00000,1.00000
sd10-b025,jan-p20-t1k,1,0.00078,0.00090
sd10-b025,jan-p20-t1k,2,0.00145,0.00169
sd10-b025,jan-p20-t1k,3,0.00202,0.00239
sd10-b025,jan-p20-t1k,4,0.00258,0.00303
sd10-b025,jan-p20-t1k,5,0.00309,0.00364
sd10-b025,jan-p20-t1k,7,0.00400,0.00480
sd10-b025,jan-p20-t1k,9,0.00493,0.00599
sd10-b025,jan-p20-t1k,10,0.00538,0.00666
sd10-b025,jan-p20-t1k,13,0.00652,0.00815
sd10-b025,jan-p20-t1k,18,0.00846,0.01045
sd10-b025,jan-p20-t1k,25,0.01093,0.01363
sd10-b025,jan-p20-t1k,34,0.01394,0.01750
sd10-b025,jan-p20-t1k,47,0.01776,0.02195
sd10-b025,jan-p20-t1k,65,0.02267,0.02774
sd10-b025,jan-p20-t1k,90,0.02896,0.03519
sd10-b025,jan-p20-t1k,100,0.03146,0.03782
sd10-b025,jan-p20-t1k,124,0.03703,0.04399
sd10-b025,jan-p20-t1k,171,0.04725,0.05579
sd10-b025,jan-p20-t1k,236,0.06034,0.07056
sd10-b025,jan-p20-t1k,325,0.07683,0.08820
sd10-b025,jan-p20-t1k,448,0.09784,0.10990
sd10-b025,jan-p20-t1k,618,0.12486,0.13636
sd10-b025,jan-p20-t1k,852,0.15918,0.16900
sd10-b025,jan-p20-t1k,1000,0.17946,0.18785
sd10-b025,jan-p20-t1k,1174,0.20224,0.21065
sd10-b025,jan-p20-t1k,1619,0.25734,0.26593
sd10-b025,jan-p20-t1k,2233,0.32751,0.33799
sd10-b025,jan-p20-t1k,3079,0.41619,0.43320
sd10-b025,jan-p20-t1k,4245,0.52867,0.56426
sd10-b025,jan-p20-t1k,5854,0.67203,0.72908
sd10-b025,jan-p20-t1k,8072,0.85349,0.88824
sd10-b025,jan-p20-t1k,10000,1.00000,0.96026
sd10-b025,jan-p20-t1k,11130,1.00000,0.98011
sd10-b025,jan-p20-t1k,15348,1.00000,0.99892
sd10-b025,jan-p20-t1k,21163,1.00000,0.99999
sd10-b025,jan-p20-t1k,29182,1.00000,1.00000
sd10-b025,jan-p20-t1k,40239,1.00000,1.00000
sd10-b025,jan-p20-t1k,55486,1.00000,1.00000
sd10-b025,jan-p20-t1k,76510,1.00000,1.00000
sd10-b025,jan-p20-t1k,105501,1.00000,1.00000
sd10-b025,jan-p20-t1k,145476,1.00000,1.00000
sd10-b025,jan-p20-t1k,200598,1.00000,1.00000
sd10-b025,jan-p20-t1k,276605,1.00000,1.00000
sd10-b025,jan-p20-t1k,381413,1.00000,1.00000
sd10-b025,jan-p20-t1k,525933,1.00000,1.00000
sd10-b025,jan-p20-t1k,725212,1.00000,1.00000
sd10-b025,jan-p20-t1k,1000000,1.00000,1.00000
sd10-b025,jan-p01-t10k,1,0.00078,0.00197
sd10-b025,jan-p01-t10k,2,0.00145,0.00295
sd10-b025,jan-p01-t10k,3,0.00202,0.00369
sd10-b025,jan-p01-t10k,4,0.00258,0.00517
sd10-b025,jan-p01-t10k,5,0.00309,0.00689
sd10-b025,jan-p01-t10k,7,0.00400,0.01009
sd10-b025,jan-p01-t10k,9,0.00493,0.01255
sd10-b025,jan-p01-t10k,10,0.00538,0.01501
sd10-b025,jan-p01-t10k,13,0.00652,0.01747
sd10-b025,jan-p01-t10k,18,0.00846,0.02215
sd10-b025,jan-p01-t10k,25,0.01093,0.02806
sd10-b025,jan-p01-t10k,34,0.01394,0.03077
sd10-b025,jan-p01-t10k,47,0.01776,0.03790
sd10-b025,jan-p01-t10k,65,0.02267,0.04775
sd10-b025,jan-p01-t10k,90,0.02896,0.05809
sd10-b025,jan-p01-t10k,100,0.03146,0.06227
sd10-b025,jan-p01-t10k,124,0.03703,0.07507
sd10-b025,jan-p01-t10k,171,0.04725,0.09648
sd10-b025,jan-p01-t10k,236,0.06034,0.12651
sd10-b025,jan-p01-t10k,325,0.07683,0.15826
sd10-b025,jan-p01-t10k,448,0.09784,0.20428
sd10-b025,jan-p01-t10k,618,0.12486,0.26754
sd10-b025,jan-p01-t10k,852,0.15918,0.33867
sd10-b025,jan-p01-t10k,1000,0.17946,0.38888
sd10-b025,jan-p01-t10k,1174,0.20224,0.43465
sd10-b025,jan-p01-t10k,1619,0.25734,0.53778
sd10-b025,jan-p01-t10k,2233,0.32751,0.66183
sd10-b025,jan-p01-t10k,3079,0.41619,0.79867
sd10-b025,jan-p01-t10k,4245,0.52867,0.92985
sd10-b025,jan-p01-t10k,5854,0.67203,1.00000
sd10-b025,jan-p01-t10k,8072,0.85349,1.00000
sd10-b025,jan-p01-t10k,10000,1.00000,1.00000
sd10-b025,jan-p01-t10k,11130,1.00000,1.00000
sd10-b025,jan-p01-t10k,15348,1.00000,1.00000
sd10-b025,jan-p01-t10k,21163,1.00000,1.00000
sd10-b025,jan-p01-t10k,29182,1.00000,1.00000
sd10-b025,jan-p01-t10k,40239,1.00000,1.00000
sd10-b025,jan-p01-t10k,55486,1.00000,1.00000
sd10-b025,jan-p01-t10k,76510,1.00000,1.00000
sd10-b025,jan-p01-t10k,105501,1.00000,1.00000
sd10-b025,jan-p01-t10k,145476,1.00000,1.00000
sd10-b025,jan-p01-t10k,200598,1.00000,1.00000
sd10-b025,jan-p01-t10k,276605,1.00000,1.00000
sd10-b025,jan-p01-t10k,381413,1.00000,1.00000
sd10-b025,jan-p01-t10k,525933,1.00000,1.00000
sd10-b025,jan-p01-t10k,725212,1.00000,1.00000
sd10-b025,jan-p01-t10k,1000000,1.00000,1.00000
sd10-b025,jan-p10-t10k,1,0.00078,0.00115
sd10-b025,jan-p10-t10k,2,0.00145,0.00214
sd10-b025,jan-p10-t10k,3,0.00202,0.00281
sd10-b025,jan-p10-t10k,4,0.00258,0.00371
sd10-b025,jan-p10-t10k,5,0.00309,0.00444
sd10-b025,jan-p10-t10k,7,0.00400,0.00567
sd10-b025,jan-p10-t10k,9,0.00493,0.00703
sd10-b025,jan-p10-t10k,10,0.00538,0.00783
sd10-b025,jan-p10-t10k,13,0.00652,0.00947
sd10-b025,jan-p10-t10k,18,0.00846,0.01225
sd10-b025,jan-p10-t10k,25,0.01093,0.01579
sd10-b025,jan-p10-t10k,34,0.01394,0.01980
sd10-b025,jan-p10-t10k,47,0.01776,0.02473
sd10-b025,jan-p10-t10k,65,0.02267,0.03185
sd10-b025,jan-p10-t10k,90,0.02896,0.04079
sd10-b025,jan-p10-t10k,100,0.03146,0.04431
sd10-b025,jan-p10-t10k,124,0.03703,0.05247
sd10-b025,jan-p10-t10k,171,0.04725,0.06733
sd10-b025,jan-p10-t10k,236,0.06034,0.08639
sd10-b025,jan-p10-t10k,325,0.07683,0.10986
sd10-b025,jan-p10-t10k,448,0.09784,0.14075
sd10-b025,jan-p10-t10k,618,0.12486,0.17935
sd10-b025,jan-p10-t10k,852,0.15918,0.22778
sd10-b025,jan-p10-t10k,1000,0.17946,0.25631
sd10-b025,jan-p10-t10k,1174,0.20224,0.28809
sd10-b025,jan-p10-t10k,1619,0.25734,0.36064
sd10-b025,jan-p10-t10k,2233,0.32751,0.45158
sd10-b025,jan-p10-t10k,3079,0.41619,0.55882
sd10-b025,jan-p10-t10k,4245,0.52867,0.68286
sd10-b025,jan-p10-t10k,5854,0.67203,0.81259
sd10-b025,jan-p10-t10k,8072,0.85349,0.92418
sd10-b025,jan-p10-t10k,10000,1.00000,0.97030
sd10-b025,jan-p10-t10k,11130,1.00000,0.98286
sd10-b025,jan-p10-t10k,15348,1.00000,0.99834
sd10-b025,jan-p10-t10k,21163,1.00000,0.99994
sd10-b025,jan-p10-t10k,29182,1.00000,1.00000
sd10-b025,jan-p10-t10k,40239,1.00000,1.00000
sd10-b025,jan-p10-t10k,55486,1.00000,1.00000
sd10-b025,jan-p10-t10k,76510,1.00000,1.00000
sd10-b025,jan-p10-t10k,105501,1.00000,1.00000
sd10-b025,jan-p10-t10k,145476,1.00000,1.00000
sd10-b025,jan-p10-t10k,200598,1.00000,1.00000
sd10-b025,jan-p10-t10k,276605,1.00000,1.00000
sd10-b025,jan-p10-t10k,381413,1.00000,1.00000
sd10-b025,jan-p10-t10k,525933,1.00000,1.00000
sd10-b025,jan-p10-t10k,725212,1.00000,1.00000
sd10-b025,jan-p10-t10k,1000000,1.00000,1.00000
sd10-b025,jan-p20-t10k,1,0.00078,0.00096
sd10-b025,jan-p20-t10k,2,0.00145,0.00182
sd10-b025,jan-p20-t10k,3,0.00202,0.00239
sd10-b025,jan-p20-t10k,4,0.00258,0.00319
sd10-b025,jan-p20-t10k,5,0.00309,0.00375
sd10-b025,jan-p20-t10k,7,0.00400,0.00483
sd10-b025,jan-p20-t10k,9,0.00493,0.00599
sd10-b025,jan-p20-t10k,10,0.00538,0.00659
sd10-b025,jan-p20-t10k,13,0.00652,0.00791
sd10-b025,jan-p20-t10k,18,0.00846,0.01021
sd10-b025,jan-p20-t10k,25,0.01093,0.01316
sd10-b025,jan-p20-t10k,34,0.01394,0.01666
sd10-b025,jan-p20-t10k,47,0.01776,0.02116
sd10-b025,jan-p20-t10k,65,0.02267,0.02711
sd10-b025,jan-p20-t10k,90,0.02896,0.03476
sd10-b025,jan-p20-t10k,100,0.03146,0.03788
sd10-b025,jan-p20-t10k,124,0.03703,0.04496
sd10-b025,jan-p20-t10k,171,0.04725,0.05758
sd10-b025,jan-p20-t10k,236,0.06034,0.07329
sd10-b025,jan-p20-t10k,325,0.07683,0.09283
sd10-b025,jan-p20-t10k,448,0.09784,0.11810
sd10-b025,jan-p20-t10k,618,0.12486,0.15044
sd10-b025,jan-p20-t10k,852,0.15918,0.19139
sd10-b025,jan-p20-t10k,1000,0.17946,0.21504
sd10-b025,jan-p20-t10k,1174,0.20224,0.24204
sd10-b025,jan-p20-t10k,1619,0.25734,0.30495
sd10-b025,jan-p20-t10k,2233,0.32751,0.38449
sd10-b025,jan-p20-t10k,3079,0.41619,0.48236
sd10-b025,jan-p20-t10k,4245,0.52867,0.60396
sd10-b025,jan-p20-t10k,5854,0.67203,0.74876
sd10-b025,jan-p20-t10k,8072,0.85349,0.89721
sd10-b025,jan-p20-t10k,10000,1.00000,0.96366
sd10-b025,jan-p20-t10k,11130,1.00000,0.98234
sd10-b025,jan-p20-t10k,15348,1.00000,0.99882
sd10-b025,jan-p20-t10k,21163,1.00000,0.99998
sd10-b025,jan-p20-t10k,29182,1.00000,1.00000
sd10-b025,jan-p20-t10k,40239,1.00000,1.00000
sd10-b025,jan-p20-t10k,55486,1.00000,1.00000
sd10-b025,jan-p20-t10k,76510,1.00000,1.00000
sd10-b025,jan-p20-t10k,105501,1.00000,1.00000
sd10-b025,jan-p20-t10k,145476,1.00000,1.00000
sd10-b025,jan-p20-t10k,200598,1.00000,1.00000
sd10-b025,jan-p20-t10k,276605,1.00000,1.00000
sd10-b025,jan-p20-t10k,381413,1.00000,1.00000
sd10-b025,jan-p20-t10k,525933,1.00000,1.00000
sd10-b025,jan-p20-t10k,725212,1.00000,1.00000
sd10-b025,jan-p20-t10k,1000000,1.00000,1.00000
sd11-b000,completa,1,0.00010,0.00010
sd11-b000,completa,2,0.00019,0.00019
sd11-b000,completa,3,0.00027,0.00027
sd11-b000,completa,4,0.00038,0.00038
sd11-b000,completa,5,0.00049,0.00049
sd11-b000,completa,7,0.00072,0.00072
sd11-b000,completa,9,0.00094,0.00094
sd11-b000,completa,10,0.00105,0.00105
sd11-b000,completa,13,0.00136,0.00136
sd11-b000,completa,18,0.00187,0.00187
sd11-b000,completa,25,0.00261,0.00261
sd11-b000,completa,34,0.00350,0.00350
sd11-b000,completa,47,0.00482,0.00482
sd11-b000,completa,65,0.00660,0.00660
sd11-b000,completa,90,0.00912,0.00912
sd11-b000,completa,100,0.01019,0.01019
sd11-b000,completa,124,0.01272,0.01272
sd11-b000,completa,171,0.01737,0.01737
sd11-b000,completa,236,0.02389,0.02389
sd11-b000,completa,325,0.03285,0.03285
sd11-b000,completa,448,0.04524,0.04524
sd11-b000,completa,618,0.06246,0.06246
sd11-b000,completa,852,0.08600,0.08600
sd11-b000,completa,1000,0.10091,0.10091
sd11-b000,completa,1174,0.11860,0.11860
sd11-b000,completa,1619,0.16380,0.16380
sd11-b000,completa,2233,0.22553,0.22553
sd11-b000,completa,3079,0.31067,0.31067
sd11-b000,completa,4245,0.42753,0.42753
sd11-b000,completa,5854,0.58843,0.58843
sd11-b000,completa,8072,0.80902,0.80902
sd11-b000,completa,10000,1.00000,1.00000
sd11-b000,completa,11130,1.00000,1.00000
sd11-b000,completa,15348,1.00000,1.00000
sd11-b000,completa,21163,1.00000,1.00000
sd11-b000,completa,29182,1.00000,1.00000
sd11-b000,completa,40239,1.00000,1.00000
sd11-b000,completa,55486,1.00000,1.00000
sd11-b000,completa,76510,1.00000,1.00000
sd11-b000,completa,105501,1.00000,1.00000
sd11-b000,completa,145476,1.00000,1.00000
sd11-b000,completa,200598,1.00000,1.00000
sd11-b000,completa,276605,1.00000,1.00000
sd11-b000,completa,381413,1.00000,1.00000
sd11-b000,completa,525933,1.00000,1.00000
sd11-b000,completa,725212,1.00000,1.00000
sd11-b000,completa,1000000,1.00000,1.00000
sd11-b000,sis-p01,1,0.00010,0.00072
sd11-b000,sis-p01,2,0.00019,0.00143
sd11-b000,sis-p01,3,0.00027,0.00143
sd11-b000,sis-p01,4,0.00038,0.00286
sd11-b000,sis-p01,5,0.00049,0.00286
sd11-b000,sis-p01,7,0.00072,0.00358
sd11-b000,sis-p01,9,0.00094,0.00429
sd11-b000,sis-p01,10,0.00105,0.00429
sd11-b000,sis-p01,13,0.00136,0.00715
sd11-b000,sis-p01,18,0.00187,0.00858
sd11-b000,sis-p01,25,0.00261,0.01359
sd11-b000,sis-p01,34,0.00350,0.02003
sd11-b000,sis-p01,47,0.00482,0.02647
sd11-b000,sis-p01,65,0.00660,0.03720
sd11-b000,sis-p01,90,0.00912,0.05222
sd11-b000,sis-p01,100,0.01019,0.05722
sd11-b000,sis-p01,124,0.01272,0.07225
sd11-b000,sis-p01,171,0.01737,0.10443
sd11-b000,sis-p01,236,0.02389,0.14235
sd11-b000,sis-p01,325,0.03285,0.20529
sd11-b000,sis-p01,448,0.04524,0.28040
sd11-b000,sis-p01,618,0.06246,0.37911
sd11-b000,sis-p01,852,0.08600,0.48283
sd11-b000,sis-p01,1000,0.10091,0.54149
sd11-b000,sis-p01,1174,0.11860,0.61803
sd11-b000,sis-p01,1619,0.16380,0.73891
sd11-b000,sis-p01,2233,0.22553,0.85265
sd11-b000,sis-p01,3079,0.31067,0.94063
sd11-b000,sis-p01,4245,0.42753,0.98069
sd11-b000,sis-p01,5854,0.58843,0.99857
sd11-b000,sis-p01,8072,0.80902,1.00000
sd11-b000,sis-p01,10000,1.00000,1.00000
sd11-b000,sis-p01,11130,1.00000,1.00000
sd11-b000,sis-p01,15348,1.00000,1.00000
sd11-b000,sis-p01,21163,1.00000,1.00000
sd11-b000,sis-p01,29182,1.00000,1.00000
sd11-b000,sis-p01,40239,1.00000,1.00000
sd11-b000,sis-p01,55486,1.00000,1.00000
sd11-b000,sis-p01,76510,1.00000,1.00000
sd11-b000,sis-p01,105501,1.00000,1.00000
sd11-b000,sis-p01,145476,1.00000,1.00000
sd11-b000,sis-p01,200598,1.00000,1.00000
sd11-b000,sis-p01,276605,1.00000,1.00000
sd11-b000,sis-p01,381413,1.00000,1.00000
sd11-b000,sis-p01,525933,1.00000,1.00000
sd11-b000,sis-p01,725212,1.00000,1.00000
sd11-b000,sis-p01,1000000,1.00000,1.00000
sd11-b000,sis-p10,1,0.00010,0.00011
sd11-b000,sis-p10,2,0.00019,0.00037
sd11-b000,sis-p10,3,0.00027,0.00050
sd11-b000,sis-p10,4,0.00038,0.00062
sd11-b000,sis-p10,5,0.00049,0.00081
sd11-b000,sis-p10,7,0.00072,0.00105
sd11-b000,sis-p10,9,0.00094,0.00142
sd11-b000,sis-p10,10,0.00105,0.00151
sd11-b000,sis-p10,13,0.00136,0.00201
sd11-b000,sis-p10,18,0.00187,0.00282
sd11-b000,sis-p10,25,0.00261,0.00387
sd11-b000,sis-p10,34,0.00350,0.00557
sd11-b000,sis-p10,47,0.00482,0.00780
sd11-b000,sis-p10,65,0.00660,0.01075
sd11-b000,sis-p10,90,0.00912,0.01475
sd11-b000,sis-p10,100,0.01019,0.01609
sd11-b000,sis-p10,124,0.01272,0.02010
sd11-b000,sis-p10,171,0.01737,0.02737
sd11-b000,sis-p10,236,0.02389,0.03716
sd11-b000,sis-p10,325,0.03285,0.04998
sd11-b000,sis-p10,448,0.04524,0.06870
sd11-b000,sis-p10,618,0.06246,0.09380
sd11-b000,sis-p10,852,0.08600,0.12996
sd11-b000,sis-p10,1000,0.10091,0.15206
sd11-b000,sis-p10,1174,0.11860,0.17852
sd11-b000,sis-p10,1619,0.16380,0.24596
sd11-b000,sis-p10,2233,0.22553,0.33874
sd11-b000,sis-p10,3079,0.31067,0.46093
sd11-b000,sis-p10,4245,0.42753,0.60614
sd11-b000,sis-p10,5854,0.58843,0.76372
sd11-b000,sis-p10,8072,0.80902,0.90066
sd11-b000,sis-p10,10000,1.00000,0.95905
sd11-b000,sis-p10,11130,1.00000,0.97645
sd11-b000,sis-p10,15348,1.00000,0.99741
sd11-b000,sis-p10,21163,1.00000,0.99994
sd11-b000,sis-p10,29182,1.00000,1.00000
sd11-b000,sis-p10,40239,1.00000,1.00000
sd11-b000,sis-p10,55486,1.00000,1.00000
sd11-b000,sis-p10,76510,1.00000,1.00000
sd11-b000,sis-p10,105501,1.00000,1.00000
sd11-b000,sis-p10,145476,1.00000,1.00000
sd11-b000,sis-p10,200598,1.00000,1.00000
sd11-b000,sis-p10,276605,1.00000,1.00000
sd11-b000,sis-p10,381413,1.00000,1.00000
sd11-b000,sis-p10,525933,1.00000,1.00000
sd11-b000,sis-p10,725212,1.00000,1.00000
sd11-b000,sis-p10,1000000,1.00000,1.00000
sd11-b000,sis-p20,1,0.00010,0.00018
sd11-b000,sis-p20,2,0.00019,0.00030
sd11-b000,sis-p20,3,0.00027,0.00043
sd11-b000,sis-p20,4,0.00038,0.00060
sd11-b000,sis-p20,5,0.00049,0.00067
sd11-b000,sis-p20,7,0.00072,0.00094
sd11-b000,sis-p20,9,0.00094,0.00118
sd11-b000,sis-p20,10,0.00105,0.00131
sd11-b000,sis-p20,13,0.00136,0.00165
sd11-b000,sis-p20,18,0.00187,0.00222
sd11-b000,sis-p20,25,0.00261,0.00316
sd11-b000,sis-p20,34,0.00350,0.00420
sd11-b000,sis-p20,47,0.00482,0.00589
sd11-b000,sis-p20,65,0.00660,0.00817
sd11-b000,sis-p20,90,0.00912,0.01124
sd11-b000,sis-p20,100,0.01019,0.01262
sd11-b000,sis-p20,124,0.01272,0.01562
sd11-b000,sis-p20,171,0.01737,0.02160
sd11-b000,sis-p20,236,0.02389,0.02992
sd11-b000,sis-p20,325,0.03285,0.04132
sd11-b000,sis-p20,448,0.04524,0.05678
sd11-b000,sis-p20,618,0.06246,0.07718
sd11-b000,sis-p20,852,0.08600,0.10718
sd11-b000,sis-p20,1000,0.10091,0.12520
sd11-b000,sis-p20,1174,0.11860,0.14625
sd11-b000,sis-p20,1619,0.16380,0.20120
sd11-b000,sis-p20,2233,0.22553,0.27599
sd11-b000,sis-p20,3079,0.31067,0.37748
sd11-b000,sis-p20,4245,0.42753,0.51926
sd11-b000,sis-p20,5854,0.58843,0.69497
sd11-b000,sis-p20,8072,0.80902,0.87028
sd11-b000,sis-p20,10000,1.00000,0.95448
sd11-b000,sis-p20,11130,1.00000,0.97730
sd11-b000,sis-p20,15348,1.00000,0.99879
sd11-b000,sis-p20,21163,1.00000,0.99996
sd11-b000,sis-p20,29182,1.00000,1.00000
sd11-b000,sis-p20,40239,1.00000,1.00000
sd11-b000,sis-p20,55486,1.00000,1.00000
sd11-b000,sis-p20,76510,1.00000,1.00000
sd11-b000,sis-p20,105501,1.00000,1.00000
sd11-b000,sis-p20,145476,1.00000,1.00000
sd11-b000,sis-p20,200598,1.00000,1.00000
sd11-b000,sis-p20,276605,1.00000,1.00000
sd11-b000,sis-p20,381413,1.00000,1.00000
sd11-b000,sis-p20,525933,1.00000,1.00000
sd11-b000,sis-p20,725212,1.00000,1.00000
sd11-b000,sis-p20,1000000,1.00000,1.00000
sd11-b000,jan-p01-t1k,1,0.00010,0.00071
sd11-b000,jan-p01-t1k,2,0.00019,0.00071
sd11-b000,jan-p01-t1k,3,0.00027,0.00142
sd11-b000,jan-p01-t1k,4,0.00038,0.00213
sd11-b000,jan-p01-t1k,5,0.00049,0.00284
sd11-b000,jan-p01-t1k,7,0.00072,0.00284
sd11-b000,jan-p01-t1k,9,0.00094,0.00355
sd11-b000,jan-p01-t1k,10,0.00105,0.00426
sd11-b000,jan-p01-t1k,13,0.00136,0.00781
sd11-b000,jan-p01-t1k,18,0.00187,0.01065
sd11-b000,jan-p01-t1k,25,0.00261,0.01632
sd11-b000,jan-p01-t1k,34,0.00350,0.02626
sd11-b000,jan-p01-t1k,47,0.00482,0.03691
sd11-b000,jan-p01-t1k,65,0.00660,0.04755
sd11-b000,jan-p01-t1k,90,0.00912,0.06458
sd11-b000,jan-p01-t1k,100,0.01019,0.07452
sd11-b000,jan-p01-t1k,124,0.01272,0.09084
sd11-b000,jan-p01-t1k,171,0.01737,0.11143
sd11-b000,jan-p01-t1k,236,0.02389,0.15543
sd11-b000,jan-p01-t1k,325,0.03285,0.20440
sd11-b000,jan-p01-t1k,448,0.04524,0.27892
sd11-b000,jan-p01-t1k,618,0.06246,0.37615
sd11-b000,jan-p01-t1k,852,0.08600,0.48190
sd11-b000,jan-p01-t1k,1000,0.10091,0.53584
sd11-b000,jan-p01-t1k,1174,0.11860,0.59972
sd11-b000,jan-p01-t1k,1619,0.16380,0.73669
sd11-b000,jan-p01-t1k,2233,0.22553,0.86302
sd11-b000,jan-p01-t1k,3079,0.31067,0.93754
sd11-b000,jan-p01-t1k,4245,0.42753,0.98368
sd11-b000,jan-p01-t1k,5854,0.58843,0.99787
sd11-b000,jan-p01-t1k,8072,0.80902,1.00000
sd11-b000,jan-p01-t1k,10000,1.00000,1.00000
sd11-b000,jan-p01-t1k,11130,1.00000,1.00000
sd11-b000,jan-p01-t1k,15348,1.00000,1.00000
sd11-b000,jan-p01-t1k,21163,1.00000,1.00000
sd11-b000,jan-p01-t1k,29182,1.00000,1.00000
sd11-b000,jan-p01-t1k,40239,1.00000,1.00000
sd11-b000,jan-p01-t1k,55486,1.00000,1.00000
sd11-b000,jan-p01-t1k,76510,1.00000,1.00000
sd11-b000,jan-p01-t1k,105501,1.00000,1.00000
sd11-b000,jan-p01-t1k,145476,1.00000,1.00000
sd11-b000,jan-p01-t1k,200598,1.00000,1.00000
sd11-b000,jan-p01-t1k,276605,1.00000,1.00000
sd11-b000,jan-p01-t1k,381413,1.00000,1.00000
sd11-b000,jan-p01-t1k,525933,1.00000,1.00000
sd11-b000,jan-p01-t1k,725212,1.00000,1.00000
sd11-b000,jan-p01-t1k,1000000,1.00000,1.00000
sd11-b000,jan-p10-t1k,1,0.00010,0.00010
sd11-b000,jan-p10-t1k,2,0.00019,0.00026
sd11-b000,jan-p10-t1k,3,0.00027,0.00041
sd11-b000,jan-p10-t1k,4,0.00038,0.00052
sd11-b000,jan-p10-t1k,5,0.00049,0.00073
sd11-b000,jan-p10-t1k,7,0.00072,0.00096
sd11-b000,jan-p10-t1k,9,0.00094,0.00128
sd11-b000,jan-p10-t1k,10,0.00105,0.00143
sd11-b000,jan-p10-t1k,13,0.00136,0.00196
sd11-b000,jan-p10-t1k,18,0.00187,0.00276
sd11-b000,jan-p10-t1k,25,0.00261,0.00358
sd11-b000,jan-p10-t1k,34,0.00350,0.00514
sd11-b000,jan-p10-t1k,47,0.00482,0.00726
sd11-b000,jan-p10-t1k,65,0.00660,0.01013
sd11-b000,jan-p10-t1k,90,0.00912,0.01393
sd11-b000,jan-p10-t1k,100,0.01019,0.01572
sd11-b000,jan-p10-t1k,124,0.01272,0.01978
sd11-b000,jan-p10-t1k,171,0.01737,0.02665
sd11-b000,jan-p10-t1k,236,0.02389,0.03714
sd11-b000,jan-p10-t1k,325,0.03285,0.05063
sd11-b000,jan-p10-t1k,448,0.04524,0.06990
sd11-b000,jan-p10-t1k,618,0.06246,0.09628
sd11-b000,jan-p10-t1k,852,0.08600,0.13103
sd11-b000,jan-p10-t1k,1000,0.10091,0.15391
sd11-b000,jan-p10-t1k,1174,0.11860,0.17965
sd11-b000,jan-p10-t1k,1619,0.16380,0.24576
sd11-b000,jan-p10-t1k,2233,0.22553,0.33938
sd11-b000,jan-p10-t1k,3079,0.31067,0.46343
sd11-b000,jan-p10-t1k,4245,0.42753,0.60991
sd11-b000,jan-p10-t1k,5854,0.58843,0.76640
sd11-b000,jan-p10-t1k,8072,0.80902,0.90095
sd11-b000,jan-p10-t1k,10000,1.00000,0.95889
sd11-b000,jan-p10-t1k,11130,1.00000,0.97661
sd11-b000,jan-p10-t1k,15348,1.00000,0.99711
sd11-b000,jan-p10-t1k,21163,1.00000,0.99985
sd11-b000,jan-p10-t1k,29182,1.00000,1.00000
sd11-b000,jan-p10-t1k,40239,1.00000,1.00000
sd11-b000,jan-p10-t1k,55486,1.00000,1.00000
sd11-b000,jan-p10-t1k,76510,1.00000,1.00000
sd11-b000,jan-p10-t1k,105501,1.00000,1.00000
sd11-b000,jan-p10-t1k,145476,1.00000,1.00000
sd11-b000,jan-p10-t1k,200598,1.00000,1.00000
sd11-b000,jan-p10-t1k,276605,1.00000,1.00000
sd11-b000,jan-p10-t1k,381413,1.00000,1.00000
sd11-b000,jan-p10-t1k,525933,1.00000,1.00000
sd11-b000,jan-p10-t1k,725212,1.00000,1.00000
sd11-b000,jan-p10-t1k,1000000,1.00000,1.00000
sd11-b000,jan-p20-t1k,1,0.00010,0.00010
sd11-b000,jan-p20-t1k,2,0.00019,0.00020
sd11-b000,jan-p20-t1k,3,0.00027,0.00035
sd11-b000,jan-p20-t1k,4,0.00038,0.00048
sd11-b000,jan-p20-t1k,5,0.00049,0.00065
sd11-b000,jan-p20-t1k,7,0.00072,0.00084
sd11-b000,jan-p20-t1k,9,0.00094,0.00109
sd11-b000,jan-p20-t1k,10,0.00105,0.00121
sd11-b000,jan-p20-t1k,13,0.00136,0.00158
sd11-b000,jan-p20-t1k,18,0.00187,0.00220
sd11-b000,jan-p20-t1k,25,0.00261,0.00305
sd11-b000,jan-p20-t1k,34,0.00350,0.00420
sd11-b000,jan-p20-t1k,47,0.00482,0.00591
sd11-b000,jan-p20-t1k,65,0.00660,0.00827
sd11-b000,jan-p20-t1k,90,0.00912,0.01142
sd11-b000,jan-p20-t1k,100,0.01019,0.01276
sd11-b000,jan-p20-t1k,124,0.01272,0.01611
sd11-b000,jan-p20-t1k,171,0.01737,0.02174
sd11-b000,jan-p20-t1k,236,0.02389,0.02990
sd11-b000,jan-p20-t1k,325,0.03285,0.04104
sd11-b000,jan-p20-t1k,448,0.04524,0.05623
sd11-b000,jan-p20-t1k,618,0.06246,0.07767
sd11-b000,jan-p20-t1k,852,0.08600,0.10677
sd11-b000,jan-p20-t1k,1000,0.10091,0.12500
sd11-b000,jan-p20-t1k,1174,0.11860,0.14685
sd11-b000,jan-p20-t1k,1619,0.16380,0.20086
sd11-b000,jan-p20-t1k,2233,0.22553,0.27561
sd11-b000,jan-p20-t1k,3079,0.31067,0.37814
sd11-b000,jan-p20-t1k,4245,0.42753,0.51925
sd11-b000,jan-p20-t1k,5854,0.58843,0.69661
sd11-b000,jan-p20-t1k,8072,0.80902,0.87256
sd11-b000,jan-p20-t1k,10000,1.00000,0.95439
sd11-b000,jan-p20-t1k,11130,1.00000,0.97722
sd11-b000,jan-p20-t1k,15348,1.00000,0.99875
sd11-b000,jan-p20-t1k,21163,1.00000,0.99999
sd11-b000,jan-p20-t1k,29182,1.00000,1.00000
sd11-b000,jan-p20-t1k,40239,1.00000,1.00000
sd11-b000,jan-p20-t1k,55486,1.00000,1.00000
sd11-b000,jan-p20-t1k,76510,1.00000,1.00000
sd11-b000,jan-p20-t1k,105501,1.00000,1.00000
sd11-b000,jan-p20-t1k,145476,1.00000,1.00000
sd11-b000,jan-p20-t1k,200598,1.00000,1.00000
sd11-b000,jan-p20-t1k,276605,1.00000,1.00000
sd11-b000,jan-p20-t1k,381413,1.00000,1.00000
sd11-b000,jan-p20-t1k,525933,1.00000,1.00000
sd11-b000,jan-p20-t1k,725212,1.00000,1.00000
sd11-b000,jan-p20-t1k,1000000,1.00000,1.00000
sd11-b000,jan-p01-t10k,1,0.00010,0.00057
sd11-b000,jan-p01-t10k,2,0.00019,0.00086
sd11-b000,jan-p01-t10k,3,0.00027,0.00086
sd11-b000,jan-p01-t10k,4,0.00038,0.00143
sd11-b000,jan-p01-t10k,5,0.00049,0.00171
sd11-b000,jan-p01-t10k,7,0.00072,0.00200
sd11-b000,jan-p01-t10k,9,0.00094,0.00257
sd11-b000,jan-p01-t10k,10,0.00105,0.00286
sd11-b000,jan-p01-t10k,13,0.00136,0.00343
sd11-b000,jan-p01-t10k,18,0.00187,0.00400
sd11-b000,jan-p01-t10k,25,0.00261,0.00629
sd11-b000,jan-p01-t10k,34,0.00350,0.00971
sd11-b000,jan-p01-t10k,47,0.00482,0.01457
sd11-b000,jan-p01-t10k,65,0.00660,0.02029
sd11-b000,jan-p01-t10k,90,0.00912,0.02714
sd11-b000,jan-p01-t10k,100,0.01019,0.03086
sd11-b000,jan-p01-t10k,124,0.01272,0.03400
sd11-b000,jan-p01-t10k,171,0.01737,0.04200
sd11-b000,jan-p01-t10k,236,0.02389,0.05857
sd11-b000,jan-p01-t10k,325,0.03285,0.07571
sd11-b000,jan-p01-t10k,448,0.04524,0.10629
sd11-b000,jan-p01-t10k,618,0.06246,0.15000
sd11-b000,jan-p01-t10k,852,0.08600,0.20314
sd11-b000,jan-p01-t10k,1000,0.10091,0.23543
sd11-b000,jan-p01-t10k,1174,0.11860,0.28600
sd11-b000,jan-p01-t10k,1619,0.16380,0.38714
sd11-b000,jan-p01-t10k,2233,0.22553,0.52429
sd11-b000,jan-p01-t10k,3079,0.31067,0.67657
sd11-b000,jan-p01-t10k,4245,0.42753,0.85029
sd11-b000,jan-p01-t10k,5854,0.58843,0.98457
sd11-b000,jan-p01-t10k,8072,0.80902,1.00000
sd11-b000,jan-p01-t10k,10000,1.00000,1.00000
sd11-b000,jan-p01-t10k,11130,1.00000,1.00000
sd11-b000,jan-p01-t10k,15348,1.00000,1.00000
sd11-b000,jan-p01-t10k,21163,1.00000,1.00000
sd11-b000,jan-p01-t10k,29182,1.00000,1.00000
sd11-b000,jan-p01-t10k,40239,1.00000,1.00000
sd11-b000,jan-p01-t10k,55486,1.00000,1.00000
sd11-b000,jan-p01-t10k,76510,1.00000,1.00000
sd11-b000,jan-p01-t10k,105501,1.00000,1.00000
sd11-b000,jan-p01-t10k,145476,1.00000,1.00000
sd11-b000,jan-p01-t10k,200598,1.00000,1.00000
sd11-b000,jan-p01-t10k,276605,1.00000,1.00000
sd11-b000,jan-p01-t10k,381413,1.00000,1.00000
sd11-b000,jan-p01-t10k,525933,1.00000,1.00000
sd11-b000,jan-p01-t10k,725212,1.00000,1.00000
sd11-b000,jan-p01-t10k,1000000,1.00000,1.00000
sd11-b000,jan-p10-t10k,1,0.00010,0.00013
sd11-b000,jan-p10-t10k,2,0.00019,0.00030
sd11-b000,jan-p10-t10k,3,0.00027,0.00046
sd11-b000,jan-p10-t10k,4,0.00038,0.00075
sd11-b000,jan-p10-t10k,5,0.00049,0.00088
sd11-b000,jan-p10-t10k,7,0.00072,0.00110
sd11-b000,jan-p10-t10k,9,0.00094,0.00142
sd11-b000,jan-p10-t10k,10,0.00105,0.00161
sd11-b000,jan-p10-t10k,13,0.00136,0.00209
sd11-b000,jan-p10-t10k,18,0.00187,0.00271
sd11-b000,jan-p10-t10k,25,0.00261,0.00391
sd11-b000,jan-p10-t10k,34,0.00350,0.00515
sd11-b000,jan-p10-t10k,47,0.00482,0.00715
sd11-b000,jan-p10-t10k,65,0.00660,0.00986
sd11-b000,jan-p10-t10k,90,0.00912,0.01339
sd11-b000,jan-p10-t10k,100,0.01019,0.01503
sd11-b000,jan-p10-t10k,124,0.01272,0.01857
sd11-b000,jan-p10-t10k,171,0.01737,0.02483
sd11-b000,jan-p10-t10k,236,0.02389,0.03461
sd11-b000,jan-p10-t10k,325,0.03285,0.04739
sd11-b000,jan-p10-t10k,448,0.04524,0.06601
sd11-b000,jan-p10-t10k,618,0.06246,0.09194
sd11-b000,jan-p10-t10k,852,0.08600,0.12583
sd11-b000,jan-p10-t10k,1000,0.10091,0.14856
sd11-b000,jan-p10-t10k,1174,0.11860,0.17377
sd11-b000,jan-p10-t10k,1619,0.16380,0.23854
sd11-b000,jan-p10-t10k,2233,0.22553,0.32500
sd11-b000,jan-p10-t10k,3079,0.31067,0.43516
sd11-b000,jan-p10-t10k,4245,0.42753,0.57556
sd11-b000,jan-p10-t10k,5854,0.58843,0.73735
sd11-b000,jan-p10-t10k,8072,0.80902,0.88548
sd11-b000,jan-p10-t10k,10000,1.00000,0.95705
sd11-b000,jan-p10-t10k,11130,1.00000,0.97469
sd11-b000,jan-p10-t10k,15348,1.00000,0.99730
sd11-b000,jan-p10-t10k,21163,1.00000,0.99992
sd11-b000,jan-p10-t10k,29182,1.00000,1.00000
sd11-b000,jan-p10-t10k,40239,1.00000,1.00000
sd11-b000,jan-p10-t10k,55486,1.00000,1.00000
sd11-b000,jan-p10-t10k,76510,1.00000,1.00000
sd11-b000,jan-p10-t10k,105501,1.00000,1.00000
sd11-b000,jan-p10-t10k,145476,1.00000,1.00000
sd11-b000,jan-p10-t10k,200598,1.00000,1.00000
sd11-b000,jan-p10-t10k,276605,1.00000,1.00000
sd11-b000,jan-p10-t10k,381413,1.00000,1.00000
sd11-b000,jan-p10-t10k,525933,1.00000,1.00000
sd11-b000,jan-p10-t10k,725212,1.00000,1.00000
sd11-b000,jan-p10-t10k,1000000,1.00000,1.00000
sd11-b000,jan-p20-t10k,1,0.00010,0.00007
sd11-b000,jan-p20-t10k,2,0.00019,0.00019
sd11-b000,jan-p20-t10k,3,0.00027,0.00033
sd11-b000,jan-p20-t10k,4,0.00038,0.00051
sd11-b000,jan-p20-t10k,5,0.00049,0.00063
sd11-b000,jan-p20-t10k,7,0.00072,0.00090
sd11-b000,jan-p20-t10k,9,0.00094,0.00115
sd11-b000,jan-p20-t10k,10,0.00105,0.00134
sd11-b000,jan-p20-t10k,13,0.00136,0.00175
sd11-b000,jan-p20-t10k,18,0.00187,0.00225
sd11-b000,jan-p20-t10k,25,0.00261,0.00325
sd11-b000,jan-p20-t10k,34,0.00350,0.00423
sd11-b000,jan-p20-t10k,47,0.00482,0.00591
sd11-b000,jan-p20-t10k,65,0.00660,0.00805
sd11-b000,jan-p20-t10k,90,0.00912,0.01108
sd11-b000,jan-p20-t10k,100,0.01019,0.01236
sd11-b000,jan-p20-t10k,124,0.01272,0.01542
sd11-b000,jan-p20-t10k,171,0.01737,0.02091
sd11-b000,jan-p20-t10k,236,0.02389,0.02885
sd11-b000,jan-p20-t10k,325,0.03285,0.03984
sd11-b000,jan-p20-t10k,448,0.04524,0.05548
sd11-b000,jan-p20-t10k,618,0.06246,0.07646
sd11-b000,jan-p20-t10k,852,0.08600,0.10470
sd11-b000,jan-p20-t10k,1000,0.10091,0.12330
sd11-b000,jan-p20-t10k,1174,0.11860,0.14459
sd11-b000,jan-p20-t10k,1619,0.16380,0.19952
sd11-b000,jan-p20-t10k,2233,0.22553,0.27317
sd11-b000,jan-p20-t10k,3079,0.31067,0.37170
sd11-b000,jan-p20-t10k,4245,0.42753,0.50477
sd11-b000,jan-p20-t10k,5854,0.58843,0.67620
sd11-b000,jan-p20-t10k,8072,0.80902,0.86187
sd11-b000,jan-p20-t10k,10000,1.00000,0.95225
sd11-b000,jan-p20-t10k,11130,1.00000,0.97781
sd11-b000,jan-p20-t10k,15348,1.00000,0.99902
sd11-b000,jan-p20-t10k,21163,1.00000,1.00000
sd11-b000,jan-p20-t10k,29182,1.00000,1.00000
sd11-b000,jan-p20-t10k,40239,1.00000,1.00000
sd11-b000,jan-p20-t10k,55486,1.00000,1.00000
sd11-b000,jan-p20-t10k,76510,1.00000,1.00000
sd11-b000,jan-p20-t10k,105501,1.00000,1.00000
sd11-b000,jan-p20-t10k,145476,1.00000,1.00000
sd11-b000,jan-p20-t10k,200598,1.00000,1.00000
sd11-b000,jan-p20-t10k,276605,1.00000,1.00000
sd11-b000,jan-p20-t10k,381413,1.00000,1.00000
sd11-b000,jan-p20-t10k,525933,1.00000,1.00000
sd11-b000,jan-p20-t10k,725212,1.00000,1.00000
sd11-b000,jan-p20-t10k,1000000,1.00000,1.00000
