cenario,amostra,percentil,sd
sd01-b300,completa,1,0
sd01-b300,completa,2,0
sd01-b300,completa,3,0
sd01-b300,completa,4,0
sd01-b300,completa,5,0
sd01-b300,completa,6,0
sd01-b300,completa,7,0
sd01-b300,completa,8,0
sd01-b300,completa,9,0
sd01-b300,completa,10,0
sd01-b300,completa,11,0
sd01-b300,completa,12,0
sd01-b300,completa,13,0
sd01-b300,completa,14,0
sd01-b300,completa,15,0
sd01-b300,completa,16,0
sd01-b300,completa,17,0
sd01-b300,completa,18,0
sd01-b300,completa,19,0
sd01-b300,completa,20,0
sd01-b300,completa,21,0
sd01-b300,completa,22,0
sd01-b300,completa,23,0
sd01-b300,completa,24,0
sd01-b300,completa,25,0
sd01-b300,completa,26,0
sd01-b300,completa,27,0
sd01-b300,completa,28,0
sd01-b300,completa,29,0
sd01-b300,completa,30,0
sd01-b300,completa,31,0
sd01-b300,completa,32,0
sd01-b300,completa,33,0
sd01-b300,completa,34,0
sd01-b300,completa,35,0
sd01-b300,completa,36,0
sd01-b300,completa,37,0
sd01-b300,completa,38,0
sd01-b300,completa,39,0
sd01-b300,completa,40,0
sd01-b300,completa,41,0
sd01-b300,completa,42,0
sd01-b300,completa,43,0
sd01-b300,completa,44,0
sd01-b300,completa,45,0
sd01-b300,completa,46,0
sd01-b300,completa,47,0
sd01-b300,completa,48,0
sd01-b300,completa,49,0
sd01-b300,completa,50,0
sd01-b300,completa,51,0
sd01-b300,completa,52,0
sd01-b300,completa,53,0
sd01-b300,completa,54,0
sd01-b300,completa,55,0
sd01-b300,completa,56,0
sd01-b300,completa,57,0
sd01-b300,completa,58,0
sd01-b300,completa,59,0
sd01-b300,completa,60,0
sd01-b300,completa,61,0
sd01-b300,completa,62,0
sd01-b300,completa,63,0
sd01-b300,completa,64,0
sd01-b300,completa,65,0
sd01-b300,completa,66,0
sd01-b300,completa,67,0
sd01-b300,completa,68,0
sd01-b300,completa,69,0
sd01-b300,completa,70,0
sd01-b300,completa,71,0
sd01-b300,completa,72,0
sd01-b300,completa,73,0
sd01-b300,completa,74,0
sd01-b300,completa,75,0
sd01-b300,completa,76,0
sd01-b300,completa,77,0
sd01-b300,completa,78,0
sd01-b300,completa,79,0
sd01-b300,completa,80,0
sd01-b300,completa,81,0
sd01-b300,completa,82,0
sd01-b300,completa,83,0
sd01-b300,completa,84,1
sd01-b300,completa,85,1
sd01-b300,completa,86,1
sd01-b300,completa,87,1
sd01-b300,completa,88,1
sd01-b300,completa,89,1
sd01-b300,completa,90,1
sd01-b300,completa,91,1
sd01-b300,completa,92,1
sd01-b300,completa,93,1
sd01-b300,completa,94,2
sd01-b300,completa,95,2
sd01-b300,completa,96,2
sd01-b300,completa,97,3
sd01-b300,completa,98,4
sd01-b300,completa,99,5
sd01-b300,sis-p01,1,0
sd01-b300,sis-p01,2,0
sd01-b300,sis-p01,3,0
sd01-b300,sis-p01,4,0
sd01-b300,sis-p01,5,0
sd01-b300,sis-p01,6,0
sd01-b300,sis-p01,7,0
sd01-b300,sis-p01,8,0
sd01-b300,sis-p01,9,0
sd01-b300,sis-p01,10,0
sd01-b300,sis-p01,11,0
sd01-b300,sis-p01,12,0
sd01-b300,sis-p01,13,0
sd01-b300,sis-p01,14,0
sd01-b300,sis-p01,15,0
sd01-b300,sis-p01,16,0
sd01-b300,sis-p01,17,0
sd01-b300,sis-p01,18,0
sd01-b300,sis-p01,19,0
sd01-b300,sis-p01,20,0
sd01-b300,sis-p01,21,0
sd01-b300,sis-p01,22,0
sd01-b300,sis-p01,23,0
sd01-b300,sis-p01,24,0
sd01-b300,sis-p01,25,0
sd01-b300,sis-p01,26,0
sd01-b300,sis-p01,27,0
sd01-b300,sis-p01,28,0
sd01-b300,sis-p01,29,0
sd01-b300,sis-p01,30,0
sd01-b300,sis-p01,31,0
sd01-b300,sis-p01,32,0
sd01-b300,sis-p01,33,0
sd01-b300,sis-p01,34,0
sd01-b300,sis-p01,35,0
sd01-b300,sis-p01,36,0
sd01-b300,sis-p01,37,0
sd01-b300,sis-p01,38,0
sd01-b300,sis-p01,39,0
sd01-b300,sis-p01,40,0
sd01-b300,sis-p01,41,0
sd01-b300,sis-p01,42,0
sd01-b300,sis-p01,43,0
sd01-b300,sis-p01,44,0
sd01-b300,sis-p01,45,0
sd01-b300,sis-p01,46,0
sd01-b300,sis-p01,47,0
sd01-b300,sis-p01,48,0
sd01-b300,sis-p01,49,0
sd01-b300,sis-p01,50,0
sd01-b300,sis-p01,51,0
sd01-b300,sis-p01,52,0
sd01-b300,sis-p01,53,0
sd01-b300,sis-p01,54,0
sd01-b300,sis-p01,55,0
sd01-b300,sis-p01,56,0
sd01-b300,sis-p01,57,0
sd01-b300,sis-p01,58,0
sd01-b300,sis-p01,59,0
sd01-b300,sis-p01,60,0
sd01-b300,sis-p01,61,1
sd01-b300,sis-p01,62,1
sd01-b300,sis-p01,63,1
sd01-b300,sis-p01,64,1
sd01-b300,sis-p01,65,1
sd01-b300,sis-p01,66,1
sd01-b300,sis-p01,67,1
sd01-b300,sis-p01,68,1
sd01-b300,sis-p01,69,1
sd01-b300,sis-p01,70,1
sd01-b300,sis-p01,71,1
sd01-b300,sis-p01,72,1
sd01-b300,sis-p01,73,1
sd01-b300,sis-p01,74,1
sd01-b300,sis-p01,75,1
sd01-b300,sis-p01,76,1
sd01-b300,sis-p01,77,1
sd01-b300,sis-p01,78,1
sd01-b300,sis-p01,79,1
sd01-b300,sis-p01,80,1
sd01-b300,sis-p01,81,1
sd01-b300,sis-p01,82,2
sd01-b300,sis-p01,83,2
sd01-b300,sis-p01,84,2
sd01-b300,sis-p01,85,2
sd01-b300,sis-p01,86,2
sd01-b300,sis-p01,87,2
sd01-b300,sis-p01,88,2
sd01-b300,sis-p01,89,2
sd01-b300,sis-p01,90,2
sd01-b300,sis-p01,91,2
sd01-b300,sis-p01,92,2
sd01-b300,sis-p01,93,3
sd01-b300,sis-p01,94,3
sd01-b300,sis-p01,95,3
sd01-b300,sis-p01,96,3
sd01-b300,sis-p01,97,4
sd01-b300,sis-p01,98,5
sd01-b300,sis-p01,99,6
sd01-b300,sis-p10,1,0
sd01-b300,sis-p10,2,0
sd01-b300,sis-p10,3,0
sd01-b300,sis-p10,4,0
sd01-b300,sis-p10,5,0
sd01-b300,sis-p10,6,0
sd01-b300,sis-p10,7,0
sd01-b300,sis-p10,8,0
sd01-b300,sis-p10,9,0
sd01-b300,sis-p10,10,0
sd01-b300,sis-p10,11,0
sd01-b300,sis-p10,12,0
sd01-b300,sis-p10,13,0
sd01-b300,sis-p10,14,0
sd01-b300,sis-p10,15,0
sd01-b300,sis-p10,16,0
sd01-b300,sis-p10,17,0
sd01-b300,sis-p10,18,0
sd01-b300,sis-p10,19,0
sd01-b300,sis-p10,20,0
sd01-b300,sis-p10,21,0
sd01-b300,sis-p10,22,0
sd01-b300,sis-p10,23,0
sd01-b300,sis-p10,24,0
sd01-b300,sis-p10,25,0
sd01-b300,sis-p10,26,0
sd01-b300,sis-p10,27,0
sd01-b300,sis-p10,28,0
sd01-b300,sis-p10,29,0
sd01-b300,sis-p10,30,0
sd01-b300,sis-p10,31,0
sd01-b300,sis-p10,32,0
sd01-b300,sis-p10,33,0
sd01-b300,sis-p10,34,0
sd01-b300,sis-p10,35,0
sd01-b300,sis-p10,36,0
sd01-b300,sis-p10,37,0
sd01-b300,sis-p10,38,0
sd01-b300,sis-p10,39,0
sd01-b300,sis-p10,40,0
sd01-b300,sis-p10,41,0
sd01-b300,sis-p10,42,0
sd01-b300,sis-p10,43,0
sd01-b300,sis-p10,44,0
sd01-b300,sis-p10,45,0
sd01-b300,sis-p10,46,1
sd01-b300,sis-p10,47,1
sd01-b300,sis-p10,48,1
sd01-b300,sis-p10,49,1
sd01-b300,sis-p10,50,1
sd01-b300,sis-p10,51,1
sd01-b300,sis-p10,52,1
sd01-b300,sis-p10,53,1
sd01-b300,sis-p10,54,1
sd01-b300,sis-p10,55,1
sd01-b300,sis-p10,56,1
sd01-b300,sis-p10,57,1
sd01-b300,sis-p10,58,1
sd01-b300,sis-p10,59,1
sd01-b300,sis-p10,60,1
sd01-b300,sis-p10,61,1
sd01-b300,sis-p10,62,1
sd01-b300,sis-p10,63,1
sd01-b300,sis-p10,64,1
sd01-b300,sis-p10,65,1
sd01-b300,sis-p10,66,1
sd01-b300,sis-p10,67,1
sd01-b300,sis-p10,68,1
sd01-b300,sis-p10,69,1
sd01-b300,sis-p10,70,2
sd01-b300,sis-p10,71,2
sd01-b300,sis-p10,72,2
sd01-b300,sis-p10,73,2
sd01-b300,sis-p10,74,2
sd01-b300,sis-p10,75,2
sd01-b300,sis-p10,76,2
sd01-b300,sis-p10,77,2
sd01-b300,sis-p10,78,2
sd01-b300,sis-p10,79,2
sd01-b300,sis-p10,80,2
sd01-b300,sis-p10,81,3
sd01-b300,sis-p10,82,3
sd01-b300,sis-p10,83,3
sd01-b300,sis-p10,84,3
sd01-b300,sis-p10,85,3
sd01-b300,sis-p10,86,3
sd01-b300,sis-p10,87,3
sd01-b300,sis-p10,88,4
sd01-b300,sis-p10,89,4
sd01-b300,sis-p10,90,4
sd01-b300,sis-p10,91,4
sd01-b300,sis-p10,92,5
sd01-b300,sis-p10,93,5
sd01-b300,sis-p10,94,6
sd01-b300,sis-p10,95,6
sd01-b300,sis-p10,96,7
sd01-b300,sis-p10,97,8
sd01-b300,sis-p10,98,10
sd01-b300,sis-p10,99,14
sd01-b300,sis-p20,1,0
sd01-b300,sis-p20,2,0
sd01-b300,sis-p20,3,0
sd01-b300,sis-p20,4,0
sd01-b300,sis-p20,5,0
sd01-b300,sis-p20,6,0
sd01-b300,sis-p20,7,0
sd01-b300,sis-p20,8,0
sd01-b300,sis-p20,9,0
sd01-b300,sis-p20,10,0
sd01-b300,sis-p20,11,0
sd01-b300,sis-p20,12,0
sd01-b300,sis-p20,13,0
sd01-b300,sis-p20,14,0
sd01-b300,sis-p20,15,0
sd01-b300,sis-p20,16,0
sd01-b300,sis-p20,17,0
sd01-b300,sis-p20,18,0
sd01-b300,sis-p20,19,0
sd01-b300,sis-p20,20,0
sd01-b300,sis-p20,21,0
sd01-b300,sis-p20,22,0
sd01-b300,sis-p20,23,0
sd01-b300,sis-p20,24,0
sd01-b300,sis-p20,25,0
sd01-b300,sis-p20,26,0
sd01-b300,sis-p20,27,0
sd01-b300,sis-p20,28,0
sd01-b300,sis-p20,29,0
sd01-b300,sis-p20,30,0
sd01-b300,sis-p20,31,0
sd01-b300,sis-p20,32,0
sd01-b300,sis-p20,33,0
sd01-b300,sis-p20,34,0
sd01-b300,sis-p20,35,0
sd01-b300,sis-p20,36,0
sd01-b300,sis-p20,37,0
sd01-b300,sis-p20,38,0
sd01-b300,sis-p20,39,0
sd01-b300,sis-p20,40,0
sd01-b300,sis-p20,41,0
sd01-b300,sis-p20,42,0
sd01-b300,sis-p20,43,0
sd01-b300,sis-p20,44,0
sd01-b300,sis-p20,45,0
sd01-b300,sis-p20,46,0
sd01-b300,sis-p20,47,0
sd01-b300,sis-p20,48,0
sd01-b300,sis-p20,49,0
sd01-b300,sis-p20,50,0
sd01-b300,sis-p20,51,0
sd01-b300,sis-p20,52,0
sd01-b300,sis-p20,53,0
sd01-b300,sis-p20,54,1
sd01-b300,sis-p20,55,1
sd01-b300,sis-p20,56,1
sd01-b300,sis-p20,57,1
sd01-b300,sis-p20,58,1
sd01-b300,sis-p20,59,1
sd01-b300,sis-p20,60,1
sd01-b300,sis-p20,61,1
sd01-b300,sis-p20,62,1
sd01-b300,sis-p20,63,1
sd01-b300,sis-p20,64,1
sd01-b300,sis-p20,65,1
sd01-b300,sis-p20,66,1
sd01-b300,sis-p20,67,1
sd01-b300,sis-p20,68,1
sd01-b300,sis-p20,69,1
sd01-b300,sis-p20,70,1
sd01-b300,sis-p20,71,1
sd01-b300,sis-p20,72,1
sd01-b300,sis-p20,73,1
sd01-b300,sis-p20,74,1
sd01-b300,sis-p20,75,1
sd01-b300,sis-p20,76,1
sd01-b300,sis-p20,77,2
sd01-b300,sis-p20,78,2
sd01-b300,sis-p20,79,2
sd01-b300,sis-p20,80,2
sd01-b300,sis-p20,81,2
sd01-b300,sis-p20,82,2
sd01-b300,sis-p20,83,2
sd01-b300,sis-p20,84,2
sd01-b300,sis-p20,85,2
sd01-b300,sis-p20,86,2
sd01-b300,sis-p20,87,3
sd01-b300,sis-p20,88,3
sd01-b300,sis-p20,89,3
sd01-b300,sis-p20,90,3
sd01-b300,sis-p20,91,3
sd01-b300,sis-p20,92,4
sd01-b300,sis-p20,93,4
sd01-b300,sis-p20,94,4
sd01-b300,sis-p20,95,5
sd01-b300,sis-p20,96,6
sd01-b300,sis-p20,97,7
sd01-b300,sis-p20,98,8
sd01-b300,sis-p20,99,12
sd01-b300,jan-p01-t1k,1,0
sd01-b300,jan-p01-t1k,2,0
sd01-b300,jan-p01-t1k,3,0
sd01-b300,jan-p01-t1k,4,0
sd01-b300,jan-p01-t1k,5,0
sd01-b300,jan-p01-t1k,6,0
sd01-b300,jan-p01-t1k,7,0
sd01-b300,jan-p01-t1k,8,0
sd01-b300,jan-p01-t1k,9,0
sd01-b300,jan-p01-t1k,10,0
sd01-b300,jan-p01-t1k,11,0
sd01-b300,jan-p01-t1k,12,0
sd01-b300,jan-p01-t1k,13,0
sd01-b300,jan-p01-t1k,14,0
sd01-b300,jan-p01-t1k,15,0
sd01-b300,jan-p01-t1k,16,0
sd01-b300,jan-p01-t1k,17,0
sd01-b300,jan-p01-t1k,18,0
sd01-b300,jan-p01-t1k,19,0
sd01-b300,jan-p01-t1k,20,0
sd01-b300,jan-p01-t1k,21,0
sd01-b300,jan-p01-t1k,22,0
sd01-b300,jan-p01-t1k,23,0
sd01-b300,jan-p01-t1k,24,0
sd01-b300,jan-p01-t1k,25,0
sd01-b300,jan-p01-t1k,26,0
sd01-b300,jan-p01-t1k,27,0
sd01-b300,jan-p01-t1k,28,0
sd01-b300,jan-p01-t1k,29,0
sd01-b300,jan-p01-t1k,30,0
sd01-b300,jan-p01-t1k,31,0
sd01-b300,jan-p01-t1k,32,0
sd01-b300,jan-p01-t1k,33,0
sd01-b300,jan-p01-t1k,34,0
sd01-b300,jan-p01-t1k,35,0
sd01-b300,jan-p01-t1k,36,0
sd01-b300,jan-p01-t1k,37,0
sd01-b300,jan-p01-t1k,38,0
sd01-b300,jan-p01-t1k,39,0
sd01-b300,jan-p01-t1k,40,0
sd01-b300,jan-p01-t1k,41,0
sd01-b300,jan-p01-t1k,42,0
sd01-b300,jan-p01-t1k,43,0
sd01-b300,jan-p01-t1k,44,0
sd01-b300,jan-p01-t1k,45,0
sd01-b300,jan-p01-t1k,46,0
sd01-b300,jan-p01-t1k,47,0
sd01-b300,jan-p01-t1k,48,0
sd01-b300,jan-p01-t1k,49,0
sd01-b300,jan-p01-t1k,50,0
sd01-b300,jan-p01-t1k,51,0
sd01-b300,jan-p01-t1k,52,0
sd01-b300,jan-p01-t1k,53,0
sd01-b300,jan-p01-t1k,54,0
sd01-b300,jan-p01-t1k,55,0
sd01-b300,jan-p01-t1k,56,0
sd01-b300,jan-p01-t1k,57,0
sd01-b300,jan-p01-t1k,58,0
sd01-b300,jan-p01-t1k,59,0
sd01-b300,jan-p01-t1k,60,0
sd01-b300,jan-p01-t1k,61,0
sd01-b300,jan-p01-t1k,62,0
sd01-b300,jan-p01-t1k,63,0
sd01-b300,jan-p01-t1k,64,0
sd01-b300,jan-p01-t1k,65,0
sd01-b300,jan-p01-t1k,66,0
sd01-b300,jan-p01-t1k,67,0
sd01-b300,jan-p01-t1k,68,0
sd01-b300,jan-p01-t1k,69,0
sd01-b300,jan-p01-t1k,70,0
sd01-b300,jan-p01-t1k,71,0
sd01-b300,jan-p01-t1k,72,0
sd01-b300,jan-p01-t1k,73,0
sd01-b300,jan-p01-t1k,74,0
sd01-b300,jan-p01-t1k,75,0
sd01-b300,jan-p01-t1k,76,0
sd01-b300,jan-p01-t1k,77,0
sd01-b300,jan-p01-t1k,78,0
sd01-b300,jan-p01-t1k,79,0
sd01-b300,jan-p01-t1k,80,0
sd01-b300,jan-p01-t1k,81,0
sd01-b300,jan-p01-t1k,82,0
sd01-b300,jan-p01-t1k,83,0
sd01-b300,jan-p01-t1k,84,1
sd01-b300,jan-p01-t1k,85,1
sd01-b300,jan-p01-t1k,86,1
sd01-b300,jan-p01-t1k,87,1
sd01-b300,jan-p01-t1k,88,1
sd01-b300,jan-p01-t1k,89,1
sd01-b300,jan-p01-t1k,90,1
sd01-b300,jan-p01-t1k,91,1
sd01-b300,jan-p01-t1k,92,1
sd01-b300,jan-p01-t1k,93,1
sd01-b300,jan-p01-t1k,94,2
sd01-b300,jan-p01-t1k,95,2
sd01-b300,jan-p01-t1k,96,2
sd01-b300,jan-p01-t1k,97,3
sd01-b300,jan-p01-t1k,98,3
sd01-b300,jan-p01-t1k,99,5
sd01-b300,jan-p10-t1k,1,0
sd01-b300,jan-p10-t1k,2,0
sd01-b300,jan-p10-t1k,3,0
sd01-b300,jan-p10-t1k,4,0
sd01-b300,jan-p10-t1k,5,0
sd01-b300,jan-p10-t1k,6,0
sd01-b300,jan-p10-t1k,7,0
sd01-b300,jan-p10-t1k,8,0
sd01-b300,jan-p10-t1k,9,0
sd01-b300,jan-p10-t1k,10,0
sd01-b300,jan-p10-t1k,11,0
sd01-b300,jan-p10-t1k,12,0
sd01-b300,jan-p10-t1k,13,0
sd01-b300,jan-p10-t1k,14,0
sd01-b300,jan-p10-t1k,15,0
sd01-b300,jan-p10-t1k,16,0
sd01-b300,jan-p10-t1k,17,0
sd01-b300,jan-p10-t1k,18,0
sd01-b300,jan-p10-t1k,19,0
sd01-b300,jan-p10-t1k,20,0
sd01-b300,jan-p10-t1k,21,0
sd01-b300,jan-p10-t1k,22,0
sd01-b300,jan-p10-t1k,23,0
sd01-b300,jan-p10-t1k,24,0
sd01-b300,jan-p10-t1k,25,0
sd01-b300,jan-p10-t1k,26,0
sd01-b300,jan-p10-t1k,27,0
sd01-b300,jan-p10-t1k,28,0
sd01-b300,jan-p10-t1k,29,0
sd01-b300,jan-p10-t1k,30,0
sd01-b300,jan-p10-t1k,31,0
sd01-b300,jan-p10-t1k,32,0
sd01-b300,jan-p10-t1k,33,0
sd01-b300,jan-p10-t1k,34,0
sd01-b300,jan-p10-t1k,35,0
sd01-b300,jan-p10-t1k,36,0
sd01-b300,jan-p10-t1k,37,0
sd01-b300,jan-p10-t1k,38,0
sd01-b300,jan-p10-t1k,39,0
sd01-b300,jan-p10-t1k,40,0
sd01-b300,jan-p10-t1k,41,0
sd01-b300,jan-p10-t1k,42,0
sd01-b300,jan-p10-t1k,43,0
sd01-b300,jan-p10-t1k,44,0
sd01-b300,jan-p10-t1k,45,0
sd01-b300,jan-p10-t1k,46,0
sd01-b300,jan-p10-t1k,47,0
sd01-b300,jan-p10-t1k,48,0
sd01-b300,jan-p10-t1k,49,0
sd01-b300,jan-p10-t1k,50,0
sd01-b300,jan-p10-t1k,51,0
sd01-b300,jan-p10-t1k,52,0
sd01-b300,jan-p10-t1k,53,0
sd01-b300,jan-p10-t1k,54,0
sd01-b300,jan-p10-t1k,55,0
sd01-b300,jan-p10-t1k,56,0
sd01-b300,jan-p10-t1k,57,0
sd01-b300,jan-p10-t1k,58,0
sd01-b300,jan-p10-t1k,59,0
sd01-b300,jan-p10-t1k,60,0
sd01-b300,jan-p10-t1k,61,0
sd01-b300,jan-p10-t1k,62,0
sd01-b300,jan-p10-t1k,63,0
sd01-b300,jan-p10-t1k,64,0
sd01-b300,jan-p10-t1k,65,0
sd01-b300,jan-p10-t1k,66,0
sd01-b300,jan-p10-t1k,67,0
sd01-b300,jan-p10-t1k,68,0
sd01-b300,jan-p10-t1k,69,0
sd01-b300,jan-p10-t1k,70,0
sd01-b300,jan-p10-t1k,71,0
sd01-b300,jan-p10-t1k,72,0
sd01-b300,jan-p10-t1k,73,0
sd01-b300,jan-p10-t1k,74,0
sd01-b300,jan-p10-t1k,75,0
sd01-b300,jan-p10-t1k,76,0
sd01-b300,jan-p10-t1k,77,0
sd01-b300,jan-p10-t1k,78,0
sd01-b300,jan-p10-t1k,79,0
sd01-b300,jan-p10-t1k,80,0
sd01-b300,jan-p10-t1k,81,0
sd01-b300,jan-p10-t1k,82,0
sd01-b300,jan-p10-t1k,83,0
sd01-b300,jan-p10-t1k,84,1
sd01-b300,jan-p10-t1k,85,1
sd01-b300,jan-p10-t1k,86,1
sd01-b300,jan-p10-t1k,87,1
sd01-b300,jan-p10-t1k,88,1
sd01-b300,jan-p10-t1k,89,1
sd01-b300,jan-p10-t1k,90,1
sd01-b300,jan-p10-t1k,91,1
sd01-b300,jan-p10-t1k,92,1
sd01-b300,jan-p10-t1k,93,1
sd01-b300,jan-p10-t1k,94,2
sd01-b300,jan-p10-t1k,95,2
sd01-b300,jan-p10-t1k,96,2
sd01-b300,jan-p10-t1k,97,3
sd01-b300,jan-p10-t1k,98,3
sd01-b300,jan-p10-t1k,99,5
sd01-b300,jan-p20-t1k,1,0
sd01-b300,jan-p20-t1k,2,0
sd01-b300,jan-p20-t1k,3,0
sd01-b300,jan-p20-t1k,4,0
sd01-b300,jan-p20-t1k,5,0
sd01-b300,jan-p20-t1k,6,0
sd01-b300,jan-p20-t1k,7,0
sd01-b300,jan-p20-t1k,8,0
sd01-b300,jan-p20-t1k,9,0
sd01-b300,jan-p20-t1k,10,0
sd01-b300,jan-p20-t1k,11,0
sd01-b300,jan-p20-t1k,12,0
sd01-b300,jan-p20-t1k,13,0
sd01-b300,jan-p20-t1k,14,0
sd01-b300,jan-p20-t1k,15,0
sd01-b300,jan-p20-t1k,16,0
sd01-b300,jan-p20-t1k,17,0
sd01-b300,jan-p20-t1k,18,0
sd01-b300,jan-p20-t1k,19,0
sd01-b300,jan-p20-t1k,20,0
sd01-b300,jan-p20-t1k,21,0
sd01-b300,jan-p20-t1k,22,0
sd01-b300,jan-p20-t1k,23,0
sd01-b300,jan-p20-t1k,24,0
sd01-b300,jan-p20-t1k,25,0
sd01-b300,jan-p20-t1k,26,0
sd01-b300,jan-p20-t1k,27,0
sd01-b300,jan-p20-t1k,28,0
sd01-b300,jan-p20-t1k,29,0
sd01-b300,jan-p20-t1k,30,0
sd01-b300,jan-p20-t1k,31,0
sd01-b300,jan-p20-t1k,32,0
sd01-b300,jan-p20-t1k,33,0
sd01-b300,jan-p20-t1k,34,0
sd01-b300,jan-p20-t1k,35,0
sd01-b300,jan-p20-t1k,36,0
sd01-b300,jan-p20-t1k,37,0
sd01-b300,jan-p20-t1k,38,0
sd01-b300,jan-p20-t1k,39,0
sd01-b300,jan-p20-t1k,40,0
sd01-b300,jan-p20-t1k,41,0
sd01-b300,jan-p20-t1k,42,0
sd01-b300,jan-p20-t1k,43,0
sd01-b300,jan-p20-t1k,44,0
sd01-b300,jan-p20-t1k,45,0
sd01-b300,jan-p20-t1k,46,0
sd01-b300,jan-p20-t1k,47,0
sd01-b300,jan-p20-t1k,48,0
sd01-b300,jan-p20-t1k,49,0
sd01-b300,jan-p20-t1k,50,0
sd01-b300,jan-p20-t1k,51,0
sd01-b300,jan-p20-t1k,52,0
sd01-b300,jan-p20-t1k,53,0
sd01-b300,jan-p20-t1k,54,0
sd01-b300,jan-p20-t1k,55,0
sd01-b300,jan-p20-t1k,56,0
sd01-b300,jan-p20-t1k,57,0
sd01-b300,jan-p20-t1k,58,0
sd01-b300,jan-p20-t1k,59,0
sd01-b300,jan-p20-t1k,60,0
sd01-b300,jan-p20-t1k,61,0
sd01-b300,jan-p20-t1k,62,0
sd01-b300,jan-p20-t1k,63,0
sd01-b300,jan-p20-t1k,64,0
sd01-b300,jan-p20-t1k,65,0
sd01-b300,jan-p20-t1k,66,0
sd01-b300,jan-p20-t1k,67,0
sd01-b300,jan-p20-t1k,68,0
sd01-b300,jan-p20-t1k,69,0
sd01-b300,jan-p20-t1k,70,0
sd01-b300,jan-p20-t1k,71,0
sd01-b300,jan-p20-t1k,72,0
sd01-b300,jan-p20-t1k,73,0
sd01-b300,jan-p20-t1k,74,0
sd01-b300,jan-p20-t1k,75,0
sd01-b300,jan-p20-t1k,76,0
sd01-b300,jan-p20-t1k,77,0
sd01-b300,jan-p20-t1k,78,0
sd01-b300,jan-p20-t1k,79,0
sd01-b300,jan-p20-t1k,80,0
sd01-b300,jan-p20-t1k,81,0
sd01-b300,jan-p20-t1k,82,0
sd01-b300,jan-p20-t1k,83,0
sd01-b300,jan-p20-t1k,84,1
sd01-b300,jan-p20-t1k,85,1
sd01-b300,jan-p20-t1k,86,1
sd01-b300,jan-p20-t1k,87,1
sd01-b300,jan-p20-t1k,88,1
sd01-b300,jan-p20-t1k,89,1
sd01-b300,jan-p20-t1k,90,1
sd01-b300,jan-p20-t1k,91,1
sd01-b300,jan-p20-t1k,92,1
sd01-b300,jan-p20-t1k,93,1
sd01-b300,jan-p20-t1k,94,2
sd01-b300,jan-p20-t1k,95,2
sd01-b300,jan-p20-t1k,96,2
sd01-b300,jan-p20-t1k,97,3
sd01-b300,jan-p20-t1k,98,3
sd01-b300,jan-p20-t1k,99,5
sd01-b300,jan-p01-t10k,1,0
sd01-b300,jan-p01-t10k,2,0
sd01-b300,jan-p01-t10k,3,0
sd01-b300,jan-p01-t10k,4,0
sd01-b300,jan-p01-t10k,5,0
sd01-b300,jan-p01-t10k,6,0
sd01-b300,jan-p01-t10k,7,0
sd01-b300,jan-p01-t10k,8,0
sd01-b300,jan-p01-t10k,9,0
sd01-b300,jan-p01-t10k,10,0
sd01-b300,jan-p01-t10k,11,0
sd01-b300,jan-p01-t10k,12,0
sd01-b300,jan-p01-t10k,13,0
sd01-b300,jan-p01-t10k,14,0
sd01-b300,jan-p01-t10k,15,0
sd01-b300,jan-p01-t10k,16,0
sd01-b300,jan-p01-t10k,17,0
sd01-b300,jan-p01-t10k,18,0
sd01-b300,jan-p01-t10k,19,0
sd01-b300,jan-p01-t10k,20,0
sd01-b300,jan-p01-t10k,21,0
sd01-b300,jan-p01-t10k,22,0
sd01-b300,jan-p01-t10k,23,0
sd01-b300,jan-p01-t10k,24,0
sd01-b300,jan-p01-t10k,25,0
sd01-b300,jan-p01-t10k,26,0
sd01-b300,jan-p01-t10k,27,0
sd01-b300,jan-p01-t10k,28,0
sd01-b300,jan-p01-t10k,29,0
sd01-b300,jan-p01-t10k,30,0
sd01-b300,jan-p01-t10k,31,0
sd01-b300,jan-p01-t10k,32,0
sd01-b300,jan-p01-t10k,33,0
sd01-b300,jan-p01-t10k,34,0
sd01-b300,jan-p01-t10k,35,0
sd01-b300,jan-p01-t10k,36,0
sd01-b300,jan-p01-t10k,37,0
sd01-b300,jan-p01-t10k,38,0
sd01-b300,jan-p01-t10k,39,0
sd01-b300,jan-p01-t10k,40,0
sd01-b300,jan-p01-t10k,41,0
sd01-b300,jan-p01-t10k,42,0
sd01-b300,jan-p01-t10k,43,0
sd01-b300,jan-p01-t10k,44,0
sd01-b300,jan-p01-t10k,45,0
sd01-b300,jan-p01-t10k,46,0
sd01-b300,jan-p01-t10k,47,0
sd01-b300,jan-p01-t10k,48,0
sd01-b300,jan-p01-t10k,49,0
sd01-b300,jan-p01-t10k,50,0
sd01-b300,jan-p01-t10k,51,0
sd01-b300,jan-p01-t10k,52,0
sd01-b300,jan-p01-t10k,53,0
sd01-b300,jan-p01-t10k,54,0
sd01-b300,jan-p01-t10k,55,0
sd01-b300,jan-p01-t10k,56,0
sd01-b300,jan-p01-t10k,57,0
sd01-b300,jan-p01-t10k,58,0
sd01-b300,jan-p01-t10k,59,0
sd01-b300,jan-p01-t10k,60,0
sd01-b300,jan-p01-t10k,61,0
sd01-b300,jan-p01-t10k,62,0
sd01-b300,jan-p01-t10k,63,0
sd01-b300,jan-p01-t10k,64,0
sd01-b300,jan-p01-t10k,65,0
sd01-b300,jan-p01-t10k,66,0
sd01-b300,jan-p01-t10k,67,0
sd01-b300,jan-p01-t10k,68,0
sd01-b300,jan-p01-t10k,69,0
sd01-b300,jan-p01-t10k,70,0
sd01-b300,jan-p01-t10k,71,0
sd01-b300,jan-p01-t10k,72,0
sd01-b300,jan-p01-t10k,73,0
sd01-b300,jan-p01-t10k,74,0
sd01-b300,jan-p01-t10k,75,0
sd01-b300,jan-p01-t10k,76,0
sd01-b300,jan-p01-t10k,77,0
sd01-b300,jan-p01-t10k,78,0
sd01-b300,jan-p01-t10k,79,0
sd01-b300,jan-p01-t10k,80,0
sd01-b300,jan-p01-t10k,81,0
sd01-b300,jan-p01-t10k,82,0
sd01-b300,jan-p01-t10k,83,1
sd01-b300,jan-p01-t10k,84,1
sd01-b300,jan-p01-t10k,85,1
sd01-b300,jan-p01-t10k,86,1
sd01-b300,jan-p01-t10k,87,1
sd01-b300,jan-p01-t10k,88,1
sd01-b300,jan-p01-t10k,89,1
sd01-b300,jan-p01-t10k,90,1
sd01-b300,jan-p01-t10k,91,1
sd01-b300,jan-p01-t10k,92,1
sd01-b300,jan-p01-t10k,93,1
sd01-b300,jan-p01-t10k,94,2
sd01-b300,jan-p01-t10k,95,2
sd01-b300,jan-p01-t10k,96,2
sd01-b300,jan-p01-t10k,97,3
sd01-b300,jan-p01-t10k,98,3
sd01-b300,jan-p01-t10k,99,5
sd01-b300,jan-p10-t10k,1,0
sd01-b300,jan-p10-t10k,2,0
sd01-b300,jan-p10-t10k,3,0
sd01-b300,jan-p10-t10k,4,0
sd01-b300,jan-p10-t10k,5,0
sd01-b300,jan-p10-t10k,6,0
sd01-b300,jan-p10-t10k,7,0
sd01-b300,jan-p10-t10k,8,0
sd01-b300,jan-p10-t10k,9,0
sd01-b300,jan-p10-t10k,10,0
sd01-b300,jan-p10-t10k,11,0
sd01-b300,jan-p10-t10k,12,0
sd01-b300,jan-p10-t10k,13,0
sd01-b300,jan-p10-t10k,14,0
sd01-b300,jan-p10-t10k,15,0
sd01-b300,jan-p10-t10k,16,0
sd01-b300,jan-p10-t10k,17,0
sd01-b300,jan-p10-t10k,18,0
sd01-b300,jan-p10-t10k,19,0
sd01-b300,jan-p10-t10k,20,0
sd01-b300,jan-p10-t10k,21,0
sd01-b300,jan-p10-t10k,22,0
sd01-b300,jan-p10-t10k,23,0
sd01-b300,jan-p10-t10k,24,0
sd01-b300,jan-p10-t10k,25,0
sd01-b300,jan-p10-t10k,26,0
sd01-b300,jan-p10-t10k,27,0
sd01-b300,jan-p10-t10k,28,0
sd01-b300,jan-p10-t10k,29,0
sd01-b300,jan-p10-t10k,30,0
sd01-b300,jan-p10-t10k,31,0
sd01-b300,jan-p10-t10k,32,0
sd01-b300,jan-p10-t10k,33,0
sd01-b300,jan-p10-t10k,34,0
sd01-b300,jan-p10-t10k,35,0
sd01-b300,jan-p10-t10k,36,0
sd01-b300,jan-p10-t10k,37,0
sd01-b300,jan-p10-t10k,38,0
sd01-b300,jan-p10-t10k,39,0
sd01-b300,jan-p10-t10k,40,0
sd01-b300,jan-p10-t10k,41,0
sd01-b300,jan-p10-t10k,42,0
sd01-b300,jan-p10-t10k,43,0
sd01-b300,jan-p10-t10k,44,0
sd01-b300,jan-p10-t10k,45,0
sd01-b300,jan-p10-t10k,46,0
sd01-b300,jan-p10-t10k,47,0
sd01-b300,jan-p10-t10k,48,0
sd01-b300,jan-p10-t10k,49,0
sd01-b300,jan-p10-t10k,50,0
sd01-b300,jan-p10-t10k,51,0
sd01-b300,jan-p10-t10k,52,0
sd01-b300,jan-p10-t10k,53,0
sd01-b300,jan-p10-t10k,54,0
sd01-b300,jan-p10-t10k,55,0
sd01-b300,jan-p10-t10k,56,0
sd01-b300,jan-p10-t10k,57,0
sd01-b300,jan-p10-t10k,58,0
sd01-b300,jan-p10-t10k,59,0
sd01-b300,jan-p10-t10k,60,0
sd01-b300,jan-p10-t10k,61,0
sd01-b300,jan-p10-t10k,62,0
sd01-b300,jan-p10-t10k,63,0
sd01-b300,jan-p10-t10k,64,0
sd01-b300,jan-p10-t10k,65,0
sd01-b300,jan-p10-t10k,66,0
sd01-b300,jan-p10-t10k,67,0
sd01-b300,jan-p10-t10k,68,0
sd01-b300,jan-p10-t10k,69,0
sd01-b300,jan-p10-t10k,70,0
sd01-b300,jan-p10-t10k,71,0
sd01-b300,jan-p10-t10k,72,0
sd01-b300,jan-p10-t10k,73,0
sd01-b300,jan-p10-t10k,74,0
sd01-b300,jan-p10-t10k,75,0
sd01-b300,jan-p10-t10k,76,0
sd01-b300,jan-p10-t10k,77,0
sd01-b300,jan-p10-t10k,78,0
sd01-b300,jan-p10-t10k,79,0
sd01-b300,jan-p10-t10k,80,0
sd01-b300,jan-p10-t10k,81,0
sd01-b300,jan-p10-t10k,82,0
sd01-b300,jan-p10-t10k,83,0
sd01-b300,jan-p10-t10k,84,1
sd01-b300,jan-p10-t10k,85,1
sd01-b300,jan-p10-t10k,86,1
sd01-b300,jan-p10-t10k,87,1
sd01-b300,jan-p10-t10k,88,1
sd01-b300,jan-p10-t10k,89,1
sd01-b300,jan-p10-t10k,90,1
sd01-b300,jan-p10-t10k,91,1
sd01-b300,jan-p10-t10k,92,1
sd01-b300,jan-p10-t10k,93,1
sd01-b300,jan-p10-t10k,94,2
sd01-b300,jan-p10-t10k,95,2
sd01-b300,jan-p10-t10k,96,2
sd01-b300,jan-p10-t10k,97,3
sd01-b300,jan-p10-t10k,98,4
sd01-b300,jan-p10-t10k,99,5
sd01-b300,jan-p20-t10k,1,0
sd01-b300,jan-p20-t10k,2,0
sd01-b300,jan-p20-t10k,3,0
sd01-b300,jan-p20-t10k,4,0
sd01-b300,jan-p20-t10k,5,0
sd01-b300,jan-p20-t10k,6,0
sd01-b300,jan-p20-t10k,7,0
sd01-b300,jan-p20-t10k,8,0
sd01-b300,jan-p20-t10k,9,0
sd01-b300,jan-p20-t10k,10,0
sd01-b300,jan-p20-t10k,11,0
sd01-b300,jan-p20-t10k,12,0
sd01-b300,jan-p20-t10k,13,0
sd01-b300,jan-p20-t10k,14,0
sd01-b300,jan-p20-t10k,15,0
sd01-b300,jan-p20-t10k,16,0
sd01-b300,jan-p20-t10k,17,0
sd01-b300,jan-p20-t10k,18,0
sd01-b300,jan-p20-t10k,19,0
sd01-b300,jan-p20-t10k,20,0
sd01-b300,jan-p20-t10k,21,0
sd01-b300,jan-p20-t10k,22,0
sd01-b300,jan-p20-t10k,23,0
sd01-b300,jan-p20-t10k,24,0
sd01-b300,jan-p20-t10k,25,0
sd01-b300,jan-p20-t10k,26,0
sd01-b300,jan-p20-t10k,27,0
sd01-b300,jan-p20-t10k,28,0
sd01-b300,jan-p20-t10k,29,0
sd01-b300,jan-p20-t10k,30,0
sd01-b300,jan-p20-t10k,31,0
sd01-b300,jan-p20-t10k,32,0
sd01-b300,jan-p20-t10k,33,0
sd01-b300,jan-p20-t10k,34,0
sd01-b300,jan-p20-t10k,35,0
sd01-b300,jan-p20-t10k,36,0
sd01-b300,jan-p20-t10k,37,0
sd01-b300,jan-p20-t10k,38,0
sd01-b300,jan-p20-t10k,39,0
sd01-b300,jan-p20-t10k,40,0
sd01-b300,jan-p20-t10k,41,0
sd01-b300,jan-p20-t10k,42,0
sd01-b300,jan-p20-t10k,43,0
sd01-b300,jan-p20-t10k,44,0
sd01-b300,jan-p20-t10k,45,0
sd01-b300,jan-p20-t10k,46,0
sd01-b300,jan-p20-t10k,47,0
sd01-b300,jan-p20-t10k,48,0
sd01-b300,jan-p20-t10k,49,0
sd01-b300,jan-p20-t10k,50,0
sd01-b300,jan-p20-t10k,51,0
sd01-b300,jan-p20-t10k,52,0
sd01-b300,jan-p20-t10k,53,0
sd01-b300,jan-p20-t10k,54,0
sd01-b300,jan-p20-t10k,55,0
sd01-b300,jan-p20-t10k,56,0
sd01-b300,jan-p20-t10k,57,0
sd01-b300,jan-p20-t10k,58,0
sd01-b300,jan-p20-t10k,59,0
sd01-b300,jan-p20-t10k,60,0
sd01-b300,jan-p20-t10k,61,0
sd01-b300,jan-p20-t10k,62,0
sd01-b300,jan-p20-t10k,63,0
sd01-b300,jan-p20-t10k,64,0
sd01-b300,jan-p20-t10k,65,0
sd01-b300,jan-p20-t10k,66,0
sd01-b300,jan-p20-t10k,67,0
sd01-b300,jan-p20-t10k,68,0
sd01-b300,jan-p20-t10k,69,0
sd01-b300,jan-p20-t10k,70,0
sd01-b300,jan-p20-t10k,71,0
sd01-b300,jan-p20-t10k,72,0
sd01-b300,jan-p20-t10k,73,0
sd01-b300,jan-p20-t10k,74,0
sd01-b300,jan-p20-t10k,75,0
sd01-b300,jan-p20-t10k,76,0
sd01-b300,jan-p20-t10k,77,0
sd01-b300,jan-p20-t10k,78,0
sd01-b300,jan-p20-t10k,79,0
sd01-b300,jan-p20-t10k,80,0
sd01-b300,jan-p20-t10k,81,0
sd01-b300,jan-p20-t10k,82,0
sd01-b300,jan-p20-t10k,83,0
sd01-b300,jan-p20-t10k,84,1
sd01-b300,jan-p20-t10k,85,1
sd01-b300,jan-p20-t10k,86,1
sd01-b300,jan-p20-t10k,87,1
sd01-b300,jan-p20-t10k,88,1
sd01-b300,jan-p20-t10k,89,1
sd01-b300,jan-p20-t10k,90,1
sd01-b300,jan-p20-t10k,91,1
sd01-b300,jan-p20-t10k,92,1
sd01-b300,jan-p20-t10k,93,1
sd01-b300,jan-p20-t10k,94,2
sd01-b300,jan-p20-t10k,95,2
sd01-b300,jan-p20-t10k,96,2
sd01-b300,jan-p20-t10k,97,3
sd01-b300,jan-p20-t10k,98,3
sd01-b300,jan-p20-t10k,99,5
sd02-b250,completa,1,0
sd02-b250,completa,2,0
sd02-b250,completa,3,0
sd02-b250,completa,4,0
sd02-b250,completa,5,0
sd02-b250,completa,6,0
sd02-b250,completa,7,0
sd02-b250,completa,8,0
sd02-b250,completa,9,0
sd02-b250,completa,10,0
sd02-b250,completa,11,0
sd02-b250,completa,12,0
sd02-b250,completa,13,0
sd02-b250,completa,14,0
sd02-b250,completa,15,0
sd02-b250,completa,16,0
sd02-b250,completa,17,0
sd02-b250,completa,18,0
sd02-b250,completa,19,0
sd02-b250,completa,20,0
sd02-b250,completa,21,0
sd02-b250,completa,22,0
sd02-b250,completa,23,0
sd02-b250,completa,24,0
sd02-b250,completa,25,0
sd02-b250,completa,26,0
sd02-b250,completa,27,0
sd02-b250,completa,28,0
sd02-b250,completa,29,0
sd02-b250,completa,30,0
sd02-b250,completa,31,0
sd02-b250,completa,32,0
sd02-b250,completa,33,0
sd02-b250,completa,34,0
sd02-b250,completa,35,0
sd02-b250,completa,36,0
sd02-b250,completa,37,0
sd02-b250,completa,38,0
sd02-b250,completa,39,0
sd02-b250,completa,40,0
sd02-b250,completa,41,0
sd02-b250,completa,42,0
sd02-b250,completa,43,0
sd02-b250,completa,44,0
sd02-b250,completa,45,0
sd02-b250,completa,46,0
sd02-b250,completa,47,0
sd02-b250,completa,48,0
sd02-b250,completa,49,0
sd02-b250,completa,50,0
sd02-b250,completa,51,0
sd02-b250,completa,52,0
sd02-b250,completa,53,0
sd02-b250,completa,54,0
sd02-b250,completa,55,0
sd02-b250,completa,56,0
sd02-b250,completa,57,0
sd02-b250,completa,58,0
sd02-b250,completa,59,0
sd02-b250,completa,60,0
sd02-b250,completa,61,0
sd02-b250,completa,62,0
sd02-b250,completa,63,0
sd02-b250,completa,64,0
sd02-b250,completa,65,0
sd02-b250,completa,66,0
sd02-b250,completa,67,0
sd02-b250,completa,68,0
sd02-b250,completa,69,0
sd02-b250,completa,70,0
sd02-b250,completa,71,0
sd02-b250,completa,72,0
sd02-b250,completa,73,0
sd02-b250,completa,74,0
sd02-b250,completa,75,1
sd02-b250,completa,76,1
sd02-b250,completa,77,1
sd02-b250,completa,78,1
sd02-b250,completa,79,1
sd02-b250,completa,80,1
sd02-b250,completa,81,1
sd02-b250,completa,82,1
sd02-b250,completa,83,1
sd02-b250,completa,84,1
sd02-b250,completa,85,1
sd02-b250,completa,86,1
sd02-b250,completa,87,1
sd02-b250,completa,88,2
sd02-b250,completa,89,2
sd02-b250,completa,90,2
sd02-b250,completa,91,2
sd02-b250,completa,92,2
sd02-b250,completa,93,3
sd02-b250,completa,94,3
sd02-b250,completa,95,4
sd02-b250,completa,96,4
sd02-b250,completa,97,5
sd02-b250,completa,98,8
sd02-b250,completa,99,13
sd02-b250,sis-p01,1,0
sd02-b250,sis-p01,2,0
sd02-b250,sis-p01,3,0
sd02-b250,sis-p01,4,0
sd02-b250,sis-p01,5,0
sd02-b250,sis-p01,6,0
sd02-b250,sis-p01,7,0
sd02-b250,sis-p01,8,0
sd02-b250,sis-p01,9,0
sd02-b250,sis-p01,10,0
sd02-b250,sis-p01,11,0
sd02-b250,sis-p01,12,0
sd02-b250,sis-p01,13,0
sd02-b250,sis-p01,14,0
sd02-b250,sis-p01,15,0
sd02-b250,sis-p01,16,0
sd02-b250,sis-p01,17,0
sd02-b250,sis-p01,18,0
sd02-b250,sis-p01,19,0
sd02-b250,sis-p01,20,0
sd02-b250,sis-p01,21,0
sd02-b250,sis-p01,22,0
sd02-b250,sis-p01,23,0
sd02-b250,sis-p01,24,0
sd02-b250,sis-p01,25,0
sd02-b250,sis-p01,26,0
sd02-b250,sis-p01,27,0
sd02-b250,sis-p01,28,0
sd02-b250,sis-p01,29,0
sd02-b250,sis-p01,30,0
sd02-b250,sis-p01,31,0
sd02-b250,sis-p01,32,0
sd02-b250,sis-p01,33,0
sd02-b250,sis-p01,34,0
sd02-b250,sis-p01,35,0
sd02-b250,sis-p01,36,0
sd02-b250,sis-p01,37,0
sd02-b250,sis-p01,38,0
sd02-b250,sis-p01,39,0
sd02-b250,sis-p01,40,0
sd02-b250,sis-p01,41,0
sd02-b250,sis-p01,42,0
sd02-b250,sis-p01,43,0
sd02-b250,sis-p01,44,0
sd02-b250,sis-p01,45,0
sd02-b250,sis-p01,46,0
sd02-b250,sis-p01,47,1
sd02-b250,sis-p01,48,1
sd02-b250,sis-p01,49,1
sd02-b250,sis-p01,50,1
sd02-b250,sis-p01,51,1
sd02-b250,sis-p01,52,1
sd02-b250,sis-p01,53,1
sd02-b250,sis-p01,54,1
sd02-b250,sis-p01,55,1
sd02-b250,sis-p01,56,1
sd02-b250,sis-p01,57,1
sd02-b250,sis-p01,58,1
sd02-b250,sis-p01,59,1
sd02-b250,sis-p01,60,1
sd02-b250,sis-p01,61,1
sd02-b250,sis-p01,62,1
sd02-b250,sis-p01,63,1
sd02-b250,sis-p01,64,1
sd02-b250,sis-p01,65,2
sd02-b250,sis-p01,66,2
sd02-b250,sis-p01,67,2
sd02-b250,sis-p01,68,2
sd02-b250,sis-p01,69,2
sd02-b250,sis-p01,70,2
sd02-b250,sis-p01,71,2
sd02-b250,sis-p01,72,2
sd02-b250,sis-p01,73,2
sd02-b250,sis-p01,74,2
sd02-b250,sis-p01,75,2
sd02-b250,sis-p01,76,2
sd02-b250,sis-p01,77,3
sd02-b250,sis-p01,78,3
sd02-b250,sis-p01,79,3
sd02-b250,sis-p01,80,3
sd02-b250,sis-p01,81,3
sd02-b250,sis-p01,82,3
sd02-b250,sis-p01,83,3
sd02-b250,sis-p01,84,4
sd02-b250,sis-p01,85,4
sd02-b250,sis-p01,86,4
sd02-b250,sis-p01,87,4
sd02-b250,sis-p01,88,4
sd02-b250,sis-p01,89,5
sd02-b250,sis-p01,90,5
sd02-b250,sis-p01,91,6
sd02-b250,sis-p01,92,6
sd02-b250,sis-p01,93,7
sd02-b250,sis-p01,94,8
sd02-b250,sis-p01,95,9
sd02-b250,sis-p01,96,11
sd02-b250,sis-p01,97,12
sd02-b250,sis-p01,98,14
sd02-b250,sis-p01,99,18
sd02-b250,sis-p10,1,0
sd02-b250,sis-p10,2,0
sd02-b250,sis-p10,3,0
sd02-b250,sis-p10,4,0
sd02-b250,sis-p10,5,0
sd02-b250,sis-p10,6,0
sd02-b250,sis-p10,7,0
sd02-b250,sis-p10,8,0
sd02-b250,sis-p10,9,0
sd02-b250,sis-p10,10,0
sd02-b250,sis-p10,11,0
sd02-b250,sis-p10,12,0
sd02-b250,sis-p10,13,0
sd02-b250,sis-p10,14,0
sd02-b250,sis-p10,15,0
sd02-b250,sis-p10,16,0
sd02-b250,sis-p10,17,0
sd02-b250,sis-p10,18,0
sd02-b250,sis-p10,19,0
sd02-b250,sis-p10,20,0
sd02-b250,sis-p10,21,0
sd02-b250,sis-p10,22,0
sd02-b250,sis-p10,23,0
sd02-b250,sis-p10,24,0
sd02-b250,sis-p10,25,0
sd02-b250,sis-p10,26,0
sd02-b250,sis-p10,27,0
sd02-b250,sis-p10,28,0
sd02-b250,sis-p10,29,0
sd02-b250,sis-p10,30,0
sd02-b250,sis-p10,31,0
sd02-b250,sis-p10,32,0
sd02-b250,sis-p10,33,0
sd02-b250,sis-p10,34,0
sd02-b250,sis-p10,35,0
sd02-b250,sis-p10,36,1
sd02-b250,sis-p10,37,1
sd02-b250,sis-p10,38,1
sd02-b250,sis-p10,39,1
sd02-b250,sis-p10,40,1
sd02-b250,sis-p10,41,1
sd02-b250,sis-p10,42,1
sd02-b250,sis-p10,43,1
sd02-b250,sis-p10,44,1
sd02-b250,sis-p10,45,1
sd02-b250,sis-p10,46,1
sd02-b250,sis-p10,47,1
sd02-b250,sis-p10,48,1
sd02-b250,sis-p10,49,1
sd02-b250,sis-p10,50,1
sd02-b250,sis-p10,51,1
sd02-b250,sis-p10,52,1
sd02-b250,sis-p10,53,1
sd02-b250,sis-p10,54,1
sd02-b250,sis-p10,55,2
sd02-b250,sis-p10,56,2
sd02-b250,sis-p10,57,2
sd02-b250,sis-p10,58,2
sd02-b250,sis-p10,59,2
sd02-b250,sis-p10,60,2
sd02-b250,sis-p10,61,2
sd02-b250,sis-p10,62,2
sd02-b250,sis-p10,63,2
sd02-b250,sis-p10,64,2
sd02-b250,sis-p10,65,2
sd02-b250,sis-p10,66,2
sd02-b250,sis-p10,67,3
sd02-b250,sis-p10,68,3
sd02-b250,sis-p10,69,3
sd02-b250,sis-p10,70,3
sd02-b250,sis-p10,71,3
sd02-b250,sis-p10,72,3
sd02-b250,sis-p10,73,3
sd02-b250,sis-p10,74,3
sd02-b250,sis-p10,75,4
sd02-b250,sis-p10,76,4
sd02-b250,sis-p10,77,4
sd02-b250,sis-p10,78,4
sd02-b250,sis-p10,79,4
sd02-b250,sis-p10,80,5
sd02-b250,sis-p10,81,5
sd02-b250,sis-p10,82,5
sd02-b250,sis-p10,83,5
sd02-b250,sis-p10,84,6
sd02-b250,sis-p10,85,6
sd02-b250,sis-p10,86,6
sd02-b250,sis-p10,87,7
sd02-b250,sis-p10,88,7
sd02-b250,sis-p10,89,8
sd02-b250,sis-p10,90,9
sd02-b250,sis-p10,91,9
sd02-b250,sis-p10,92,10
sd02-b250,sis-p10,93,11
sd02-b250,sis-p10,94,12
sd02-b250,sis-p10,95,14
sd02-b250,sis-p10,96,17
sd02-b250,sis-p10,97,20
sd02-b250,sis-p10,98,26
sd02-b250,sis-p10,99,40
sd02-b250,sis-p20,1,0
sd02-b250,sis-p20,2,0
sd02-b250,sis-p20,3,0
sd02-b250,sis-p20,4,0
sd02-b250,sis-p20,5,0
sd02-b250,sis-p20,6,0
sd02-b250,sis-p20,7,0
sd02-b250,sis-p20,8,0
sd02-b250,sis-p20,9,0
sd02-b250,sis-p20,10,0
sd02-b250,sis-p20,11,0
sd02-b250,sis-p20,12,0
sd02-b250,sis-p20,13,0
sd02-b250,sis-p20,14,0
sd02-b250,sis-p20,15,0
sd02-b250,sis-p20,16,0
sd02-b250,sis-p20,17,0
sd02-b250,sis-p20,18,0
sd02-b250,sis-p20,19,0
sd02-b250,sis-p20,20,0
sd02-b250,sis-p20,21,0
sd02-b250,sis-p20,22,0
sd02-b250,sis-p20,23,0
sd02-b250,sis-p20,24,0
sd02-b250,sis-p20,25,0
sd02-b250,sis-p20,26,0
sd02-b250,sis-p20,27,0
sd02-b250,sis-p20,28,0
sd02-b250,sis-p20,29,0
sd02-b250,sis-p20,30,0
sd02-b250,sis-p20,31,0
sd02-b250,sis-p20,32,0
sd02-b250,sis-p20,33,0
sd02-b250,sis-p20,34,0
sd02-b250,sis-p20,35,0
sd02-b250,sis-p20,36,0
sd02-b250,sis-p20,37,0
sd02-b250,sis-p20,38,0
sd02-b250,sis-p20,39,0
sd02-b250,sis-p20,40,0
sd02-b250,sis-p20,41,0
sd02-b250,sis-p20,42,1
sd02-b250,sis-p20,43,1
sd02-b250,sis-p20,44,1
sd02-b250,sis-p20,45,1
sd02-b250,sis-p20,46,1
sd02-b250,sis-p20,47,1
sd02-b250,sis-p20,48,1
sd02-b250,sis-p20,49,1
sd02-b250,sis-p20,50,1
sd02-b250,sis-p20,51,1
sd02-b250,sis-p20,52,1
sd02-b250,sis-p20,53,1
sd02-b250,sis-p20,54,1
sd02-b250,sis-p20,55,1
sd02-b250,sis-p20,56,1
sd02-b250,sis-p20,57,1
sd02-b250,sis-p20,58,1
sd02-b250,sis-p20,59,1
sd02-b250,sis-p20,60,1
sd02-b250,sis-p20,61,1
sd02-b250,sis-p20,62,1
sd02-b250,sis-p20,63,2
sd02-b250,sis-p20,64,2
sd02-b250,sis-p20,65,2
sd02-b250,sis-p20,66,2
sd02-b250,sis-p20,67,2
sd02-b250,sis-p20,68,2
sd02-b250,sis-p20,69,2
sd02-b250,sis-p20,70,2
sd02-b250,sis-p20,71,2
sd02-b250,sis-p20,72,2
sd02-b250,sis-p20,73,2
sd02-b250,sis-p20,74,2
sd02-b250,sis-p20,75,3
sd02-b250,sis-p20,76,3
sd02-b250,sis-p20,77,3
sd02-b250,sis-p20,78,3
sd02-b250,sis-p20,79,3
sd02-b250,sis-p20,80,3
sd02-b250,sis-p20,81,4
sd02-b250,sis-p20,82,4
sd02-b250,sis-p20,83,4
sd02-b250,sis-p20,84,4
sd02-b250,sis-p20,85,4
sd02-b250,sis-p20,86,5
sd02-b250,sis-p20,87,5
sd02-b250,sis-p20,88,5
sd02-b250,sis-p20,89,6
sd02-b250,sis-p20,90,6
sd02-b250,sis-p20,91,7
sd02-b250,sis-p20,92,8
sd02-b250,sis-p20,93,8
sd02-b250,sis-p20,94,9
sd02-b250,sis-p20,95,11
sd02-b250,sis-p20,96,13
sd02-b250,sis-p20,97,16
sd02-b250,sis-p20,98,21
sd02-b250,sis-p20,99,33
sd02-b250,jan-p01-t1k,1,0
sd02-b250,jan-p01-t1k,2,0
sd02-b250,jan-p01-t1k,3,0
sd02-b250,jan-p01-t1k,4,0
sd02-b250,jan-p01-t1k,5,0
sd02-b250,jan-p01-t1k,6,0
sd02-b250,jan-p01-t1k,7,0
sd02-b250,jan-p01-t1k,8,0
sd02-b250,jan-p01-t1k,9,0
sd02-b250,jan-p01-t1k,10,0
sd02-b250,jan-p01-t1k,11,0
sd02-b250,jan-p01-t1k,12,0
sd02-b250,jan-p01-t1k,13,0
sd02-b250,jan-p01-t1k,14,0
sd02-b250,jan-p01-t1k,15,0
sd02-b250,jan-p01-t1k,16,0
sd02-b250,jan-p01-t1k,17,0
sd02-b250,jan-p01-t1k,18,0
sd02-b250,jan-p01-t1k,19,0
sd02-b250,jan-p01-t1k,20,0
sd02-b250,jan-p01-t1k,21,0
sd02-b250,jan-p01-t1k,22,0
sd02-b250,jan-p01-t1k,23,0
sd02-b250,jan-p01-t1k,24,0
sd02-b250,jan-p01-t1k,25,0
sd02-b250,jan-p01-t1k,26,0
sd02-b250,jan-p01-t1k,27,0
sd02-b250,jan-p01-t1k,28,0
sd02-b250,jan-p01-t1k,29,0
sd02-b250,jan-p01-t1k,30,0
sd02-b250,jan-p01-t1k,31,0
sd02-b250,jan-p01-t1k,32,0
sd02-b250,jan-p01-t1k,33,0
sd02-b250,jan-p01-t1k,34,0
sd02-b250,jan-p01-t1k,35,0
sd02-b250,jan-p01-t1k,36,0
sd02-b250,jan-p01-t1k,37,0
sd02-b250,jan-p01-t1k,38,0
sd02-b250,jan-p01-t1k,39,0
sd02-b250,jan-p01-t1k,40,0
sd02-b250,jan-p01-t1k,41,0
sd02-b250,jan-p01-t1k,42,0
sd02-b250,jan-p01-t1k,43,0
sd02-b250,jan-p01-t1k,44,0
sd02-b250,jan-p01-t1k,45,0
sd02-b250,jan-p01-t1k,46,0
sd02-b250,jan-p01-t1k,47,0
sd02-b250,jan-p01-t1k,48,0
sd02-b250,jan-p01-t1k,49,0
sd02-b250,jan-p01-t1k,50,0
sd02-b250,jan-p01-t1k,51,0
sd02-b250,jan-p01-t1k,52,0
sd02-b250,jan-p01-t1k,53,0
sd02-b250,jan-p01-t1k,54,0
sd02-b250,jan-p01-t1k,55,0
sd02-b250,jan-p01-t1k,56,0
sd02-b250,jan-p01-t1k,57,0
sd02-b250,jan-p01-t1k,58,0
sd02-b250,jan-p01-t1k,59,0
sd02-b250,jan-p01-t1k,60,0
sd02-b250,jan-p01-t1k,61,0
sd02-b250,jan-p01-t1k,62,0
sd02-b250,jan-p01-t1k,63,0
sd02-b250,jan-p01-t1k,64,0
sd02-b250,jan-p01-t1k,65,0
sd02-b250,jan-p01-t1k,66,0
sd02-b250,jan-p01-t1k,67,0
sd02-b250,jan-p01-t1k,68,0
sd02-b250,jan-p01-t1k,69,0
sd02-b250,jan-p01-t1k,70,0
sd02-b250,jan-p01-t1k,71,0
sd02-b250,jan-p01-t1k,72,0
sd02-b250,jan-p01-t1k,73,0
sd02-b250,jan-p01-t1k,74,0
sd02-b250,jan-p01-t1k,75,1
sd02-b250,jan-p01-t1k,76,1
sd02-b250,jan-p01-t1k,77,1
sd02-b250,jan-p01-t1k,78,1
sd02-b250,jan-p01-t1k,79,1
sd02-b250,jan-p01-t1k,80,1
sd02-b250,jan-p01-t1k,81,1
sd02-b250,jan-p01-t1k,82,1
sd02-b250,jan-p01-t1k,83,1
sd02-b250,jan-p01-t1k,84,1
sd02-b250,jan-p01-t1k,85,1
sd02-b250,jan-p01-t1k,86,1
sd02-b250,jan-p01-t1k,87,1
sd02-b250,jan-p01-t1k,88,1
sd02-b250,jan-p01-t1k,89,2
sd02-b250,jan-p01-t1k,90,2
sd02-b250,jan-p01-t1k,91,2
sd02-b250,jan-p01-t1k,92,2
sd02-b250,jan-p01-t1k,93,3
sd02-b250,jan-p01-t1k,94,3
sd02-b250,jan-p01-t1k,95,3
sd02-b250,jan-p01-t1k,96,4
sd02-b250,jan-p01-t1k,97,5
sd02-b250,jan-p01-t1k,98,6
sd02-b250,jan-p01-t1k,99,9
sd02-b250,jan-p10-t1k,1,0
sd02-b250,jan-p10-t1k,2,0
sd02-b250,jan-p10-t1k,3,0
sd02-b250,jan-p10-t1k,4,0
sd02-b250,jan-p10-t1k,5,0
sd02-b250,jan-p10-t1k,6,0
sd02-b250,jan-p10-t1k,7,0
sd02-b250,jan-p10-t1k,8,0
sd02-b250,jan-p10-t1k,9,0
sd02-b250,jan-p10-t1k,10,0
sd02-b250,jan-p10-t1k,11,0
sd02-b250,jan-p10-t1k,12,0
sd02-b250,jan-p10-t1k,13,0
sd02-b250,jan-p10-t1k,14,0
sd02-b250,jan-p10-t1k,15,0
sd02-b250,jan-p10-t1k,16,0
sd02-b250,jan-p10-t1k,17,0
sd02-b250,jan-p10-t1k,18,0
sd02-b250,jan-p10-t1k,19,0
sd02-b250,jan-p10-t1k,20,0
sd02-b250,jan-p10-t1k,21,0
sd02-b250,jan-p10-t1k,22,0
sd02-b250,jan-p10-t1k,23,0
sd02-b250,jan-p10-t1k,24,0
sd02-b250,jan-p10-t1k,25,0
sd02-b250,jan-p10-t1k,26,0
sd02-b250,jan-p10-t1k,27,0
sd02-b250,jan-p10-t1k,28,0
sd02-b250,jan-p10-t1k,29,0
sd02-b250,jan-p10-t1k,30,0
sd02-b250,jan-p10-t1k,31,0
sd02-b250,jan-p10-t1k,32,0
sd02-b250,jan-p10-t1k,33,0
sd02-b250,jan-p10-t1k,34,0
sd02-b250,jan-p10-t1k,35,0
sd02-b250,jan-p10-t1k,36,0
sd02-b250,jan-p10-t1k,37,0
sd02-b250,jan-p10-t1k,38,0
sd02-b250,jan-p10-t1k,39,0
sd02-b250,jan-p10-t1k,40,0
sd02-b250,jan-p10-t1k,41,0
sd02-b250,jan-p10-t1k,42,0
sd02-b250,jan-p10-t1k,43,0
sd02-b250,jan-p10-t1k,44,0
sd02-b250,jan-p10-t1k,45,0
sd02-b250,jan-p10-t1k,46,0
sd02-b250,jan-p10-t1k,47,0
sd02-b250,jan-p10-t1k,48,0
sd02-b250,jan-p10-t1k,49,0
sd02-b250,jan-p10-t1k,50,0
sd02-b250,jan-p10-t1k,51,0
sd02-b250,jan-p10-t1k,52,0
sd02-b250,jan-p10-t1k,53,0
sd02-b250,jan-p10-t1k,54,0
sd02-b250,jan-p10-t1k,55,0
sd02-b250,jan-p10-t1k,56,0
sd02-b250,jan-p10-t1k,57,0
sd02-b250,jan-p10-t1k,58,0
sd02-b250,jan-p10-t1k,59,0
sd02-b250,jan-p10-t1k,60,0
sd02-b250,jan-p10-t1k,61,0
sd02-b250,jan-p10-t1k,62,0
sd02-b250,jan-p10-t1k,63,0
sd02-b250,jan-p10-t1k,64,0
sd02-b250,jan-p10-t1k,65,0
sd02-b250,jan-p10-t1k,66,0
sd02-b250,jan-p10-t1k,67,0
sd02-b250,jan-p10-t1k,68,0
sd02-b250,jan-p10-t1k,69,0
sd02-b250,jan-p10-t1k,70,0
sd02-b250,jan-p10-t1k,71,0
sd02-b250,jan-p10-t1k,72,0
sd02-b250,jan-p10-t1k,73,0
sd02-b250,jan-p10-t1k,74,0
sd02-b250,jan-p10-t1k,75,1
sd02-b250,jan-p10-t1k,76,1
sd02-b250,jan-p10-t1k,77,1
sd02-b250,jan-p10-t1k,78,1
sd02-b250,jan-p10-t1k,79,1
sd02-b250,jan-p10-t1k,80,1
sd02-b250,jan-p10-t1k,81,1
sd02-b250,jan-p10-t1k,82,1
sd02-b250,jan-p10-t1k,83,1
sd02-b250,jan-p10-t1k,84,1
sd02-b250,jan-p10-t1k,85,1
sd02-b250,jan-p10-t1k,86,1
sd02-b250,jan-p10-t1k,87,1
sd02-b250,jan-p10-t1k,88,1
sd02-b250,jan-p10-t1k,89,2
sd02-b250,jan-p10-t1k,90,2
sd02-b250,jan-p10-t1k,91,2
sd02-b250,jan-p10-t1k,92,2
sd02-b250,jan-p10-t1k,93,3
sd02-b250,jan-p10-t1k,94,3
sd02-b250,jan-p10-t1k,95,3
sd02-b250,jan-p10-t1k,96,4
sd02-b250,jan-p10-t1k,97,5
sd02-b250,jan-p10-t1k,98,6
sd02-b250,jan-p10-t1k,99,10
sd02-b250,jan-p20-t1k,1,0
sd02-b250,jan-p20-t1k,2,0
sd02-b250,jan-p20-t1k,3,0
sd02-b250,jan-p20-t1k,4,0
sd02-b250,jan-p20-t1k,5,0
sd02-b250,jan-p20-t1k,6,0
sd02-b250,jan-p20-t1k,7,0
sd02-b250,jan-p20-t1k,8,0
sd02-b250,jan-p20-t1k,9,0
sd02-b250,jan-p20-t1k,10,0
sd02-b250,jan-p20-t1k,11,0
sd02-b250,jan-p20-t1k,12,0
sd02-b250,jan-p20-t1k,13,0
sd02-b250,jan-p20-t1k,14,0
sd02-b250,jan-p20-t1k,15,0
sd02-b250,jan-p20-t1k,16,0
sd02-b250,jan-p20-t1k,17,0
sd02-b250,jan-p20-t1k,18,0
sd02-b250,jan-p20-t1k,19,0
sd02-b250,jan-p20-t1k,20,0
sd02-b250,jan-p20-t1k,21,0
sd02-b250,jan-p20-t1k,22,0
sd02-b250,jan-p20-t1k,23,0
sd02-b250,jan-p20-t1k,24,0
sd02-b250,jan-p20-t1k,25,0
sd02-b250,jan-p20-t1k,26,0
sd02-b250,jan-p20-t1k,27,0
sd02-b250,jan-p20-t1k,28,0
sd02-b250,jan-p20-t1k,29,0
sd02-b250,jan-p20-t1k,30,0
sd02-b250,jan-p20-t1k,31,0
sd02-b250,jan-p20-t1k,32,0
sd02-b250,jan-p20-t1k,33,0
sd02-b250,jan-p20-t1k,34,0
sd02-b250,jan-p20-t1k,35,0
sd02-b250,jan-p20-t1k,36,0
sd02-b250,jan-p20-t1k,37,0
sd02-b250,jan-p20-t1k,38,0
sd02-b250,jan-p20-t1k,39,0
sd02-b250,jan-p20-t1k,40,0
sd02-b250,jan-p20-t1k,41,0
sd02-b250,jan-p20-t1k,42,0
sd02-b250,jan-p20-t1k,43,0
sd02-b250,jan-p20-t1k,44,0
sd02-b250,jan-p20-t1k,45,0
sd02-b250,jan-p20-t1k,46,0
sd02-b250,jan-p20-t1k,47,0
sd02-b250,jan-p20-t1k,48,0
sd02-b250,jan-p20-t1k,49,0
sd02-b250,jan-p20-t1k,50,0
sd02-b250,jan-p20-t1k,51,0
sd02-b250,jan-p20-t1k,52,0
sd02-b250,jan-p20-t1k,53,0
sd02-b250,jan-p20-t1k,54,0
sd02-b250,jan-p20-t1k,55,0
sd02-b250,jan-p20-t1k,56,0
sd02-b250,jan-p20-t1k,57,0
sd02-b250,jan-p20-t1k,58,0
sd02-b250,jan-p20-t1k,59,0
sd02-b250,jan-p20-t1k,60,0
sd02-b250,jan-p20-t1k,61,0
sd02-b250,jan-p20-t1k,62,0
sd02-b250,jan-p20-t1k,63,0
sd02-b250,jan-p20-t1k,64,0
sd02-b250,jan-p20-t1k,65,0
sd02-b250,jan-p20-t1k,66,0
sd02-b250,jan-p20-t1k,67,0
sd02-b250,jan-p20-t1k,68,0
sd02-b250,jan-p20-t1k,69,0
sd02-b250,jan-p20-t1k,70,0
sd02-b250,jan-p20-t1k,71,0
sd02-b250,jan-p20-t1k,72,0
sd02-b250,jan-p20-t1k,73,0
sd02-b250,jan-p20-t1k,74,0
sd02-b250,jan-p20-t1k,75,1
sd02-b250,jan-p20-t1k,76,1
sd02-b250,jan-p20-t1k,77,1
sd02-b250,jan-p20-t1k,78,1
sd02-b250,jan-p20-t1k,79,1
sd02-b250,jan-p20-t1k,80,1
sd02-b250,jan-p20-t1k,81,1
sd02-b250,jan-p20-t1k,82,1
sd02-b250,jan-p20-t1k,83,1
sd02-b250,jan-p20-t1k,84,1
sd02-b250,jan-p20-t1k,85,1
sd02-b250,jan-p20-t1k,86,1
sd02-b250,jan-p20-t1k,87,1
sd02-b250,jan-p20-t1k,88,1
sd02-b250,jan-p20-t1k,89,2
sd02-b250,jan-p20-t1k,90,2
sd02-b250,jan-p20-t1k,91,2
sd02-b250,jan-p20-t1k,92,2
sd02-b250,jan-p20-t1k,93,3
sd02-b250,jan-p20-t1k,94,3
sd02-b250,jan-p20-t1k,95,3
sd02-b250,jan-p20-t1k,96,4
sd02-b250,jan-p20-t1k,97,5
sd02-b250,jan-p20-t1k,98,6
sd02-b250,jan-p20-t1k,99,10
sd02-b250,jan-p01-t10k,1,0
sd02-b250,jan-p01-t10k,2,0
sd02-b250,jan-p01-t10k,3,0
sd02-b250,jan-p01-t10k,4,0
sd02-b250,jan-p01-t10k,5,0
sd02-b250,jan-p01-t10k,6,0
sd02-b250,jan-p01-t10k,7,0
sd02-b250,jan-p01-t10k,8,0
sd02-b250,jan-p01-t10k,9,0
sd02-b250,jan-p01-t10k,10,0
sd02-b250,jan-p01-t10k,11,0
sd02-b250,jan-p01-t10k,12,0
sd02-b250,jan-p01-t10k,13,0
sd02-b250,jan-p01-t10k,14,0
sd02-b250,jan-p01-t10k,15,0
sd02-b250,jan-p01-t10k,16,0
sd02-b250,jan-p01-t10k,17,0
sd02-b250,jan-p01-t10k,18,0
sd02-b250,jan-p01-t10k,19,0
sd02-b250,jan-p01-t10k,20,0
sd02-b250,jan-p01-t10k,21,0
sd02-b250,jan-p01-t10k,22,0
sd02-b250,jan-p01-t10k,23,0
sd02-b250,jan-p01-t10k,24,0
sd02-b250,jan-p01-t10k,25,0
sd02-b250,jan-p01-t10k,26,0
sd02-b250,jan-p01-t10k,27,0
sd02-b250,jan-p01-t10k,28,0
sd02-b250,jan-p01-t10k,29,0
sd02-b250,jan-p01-t10k,30,0
sd02-b250,jan-p01-t10k,31,0
sd02-b250,jan-p01-t10k,32,0
sd02-b250,jan-p01-t10k,33,0
sd02-b250,jan-p01-t10k,34,0
sd02-b250,jan-p01-t10k,35,0
sd02-b250,jan-p01-t10k,36,0
sd02-b250,jan-p01-t10k,37,0
sd02-b250,jan-p01-t10k,38,0
sd02-b250,jan-p01-t10k,39,0
sd02-b250,jan-p01-t10k,40,0
sd02-b250,jan-p01-t10k,41,0
sd02-b250,jan-p01-t10k,42,0
sd02-b250,jan-p01-t10k,43,0
sd02-b250,jan-p01-t10k,44,0
sd02-b250,jan-p01-t10k,45,0
sd02-b250,jan-p01-t10k,46,0
sd02-b250,jan-p01-t10k,47,0
sd02-b250,jan-p01-t10k,48,0
sd02-b250,jan-p01-t10k,49,0
sd02-b250,jan-p01-t10k,50,0
sd02-b250,jan-p01-t10k,51,0
sd02-b250,jan-p01-t10k,52,0
sd02-b250,jan-p01-t10k,53,0
sd02-b250,jan-p01-t10k,54,0
sd02-b250,jan-p01-t10k,55,0
sd02-b250,jan-p01-t10k,56,0
sd02-b250,jan-p01-t10k,57,0
sd02-b250,jan-p01-t10k,58,0
sd02-b250,jan-p01-t10k,59,0
sd02-b250,jan-p01-t10k,60,0
sd02-b250,jan-p01-t10k,61,0
sd02-b250,jan-p01-t10k,62,0
sd02-b250,jan-p01-t10k,63,0
sd02-b250,jan-p01-t10k,64,0
sd02-b250,jan-p01-t10k,65,0
sd02-b250,jan-p01-t10k,66,0
sd02-b250,jan-p01-t10k,67,0
sd02-b250,jan-p01-t10k,68,0
sd02-b250,jan-p01-t10k,69,0
sd02-b250,jan-p01-t10k,70,0
sd02-b250,jan-p01-t10k,71,0
sd02-b250,jan-p01-t10k,72,0
sd02-b250,jan-p01-t10k,73,0
sd02-b250,jan-p01-t10k,74,0
sd02-b250,jan-p01-t10k,75,1
sd02-b250,jan-p01-t10k,76,1
sd02-b250,jan-p01-t10k,77,1
sd02-b250,jan-p01-t10k,78,1
sd02-b250,jan-p01-t10k,79,1
sd02-b250,jan-p01-t10k,80,1
sd02-b250,jan-p01-t10k,81,1
sd02-b250,jan-p01-t10k,82,1
sd02-b250,jan-p01-t10k,83,1
sd02-b250,jan-p01-t10k,84,1
sd02-b250,jan-p01-t10k,85,1
sd02-b250,jan-p01-t10k,86,1
sd02-b250,jan-p01-t10k,87,1
sd02-b250,jan-p01-t10k,88,2
sd02-b250,jan-p01-t10k,89,2
sd02-b250,jan-p01-t10k,90,2
sd02-b250,jan-p01-t10k,91,2
sd02-b250,jan-p01-t10k,92,2
sd02-b250,jan-p01-t10k,93,3
sd02-b250,jan-p01-t10k,94,3
sd02-b250,jan-p01-t10k,95,4
sd02-b250,jan-p01-t10k,96,4
sd02-b250,jan-p01-t10k,97,5
sd02-b250,jan-p01-t10k,98,7
sd02-b250,jan-p01-t10k,99,11
sd02-b250,jan-p10-t10k,1,0
sd02-b250,jan-p10-t10k,2,0
sd02-b250,jan-p10-t10k,3,0
sd02-b250,jan-p10-t10k,4,0
sd02-b250,jan-p10-t10k,5,0
sd02-b250,jan-p10-t10k,6,0
sd02-b250,jan-p10-t10k,7,0
sd02-b250,jan-p10-t10k,8,0
sd02-b250,jan-p10-t10k,9,0
sd02-b250,jan-p10-t10k,10,0
sd02-b250,jan-p10-t10k,11,0
sd02-b250,jan-p10-t10k,12,0
sd02-b250,jan-p10-t10k,13,0
sd02-b250,jan-p10-t10k,14,0
sd02-b250,jan-p10-t10k,15,0
sd02-b250,jan-p10-t10k,16,0
sd02-b250,jan-p10-t10k,17,0
sd02-b250,jan-p10-t10k,18,0
sd02-b250,jan-p10-t10k,19,0
sd02-b250,jan-p10-t10k,20,0
sd02-b250,jan-p10-t10k,21,0
sd02-b250,jan-p10-t10k,22,0
sd02-b250,jan-p10-t10k,23,0
sd02-b250,jan-p10-t10k,24,0
sd02-b250,jan-p10-t10k,25,0
sd02-b250,jan-p10-t10k,26,0
sd02-b250,jan-p10-t10k,27,0
sd02-b250,jan-p10-t10k,28,0
sd02-b250,jan-p10-t10k,29,0
sd02-b250,jan-p10-t10k,30,0
sd02-b250,jan-p10-t10k,31,0
sd02-b250,jan-p10-t10k,32,0
sd02-b250,jan-p10-t10k,33,0
sd02-b250,jan-p10-t10k,34,0
sd02-b250,jan-p10-t10k,35,0
sd02-b250,jan-p10-t10k,36,0
sd02-b250,jan-p10-t10k,37,0
sd02-b250,jan-p10-t10k,38,0
sd02-b250,jan-p10-t10k,39,0
sd02-b250,jan-p10-t10k,40,0
sd02-b250,jan-p10-t10k,41,0
sd02-b250,jan-p10-t10k,42,0
sd02-b250,jan-p10-t10k,43,0
sd02-b250,jan-p10-t10k,44,0
sd02-b250,jan-p10-t10k,45,0
sd02-b250,jan-p10-t10k,46,0
sd02-b250,jan-p10-t10k,47,0
sd02-b250,jan-p10-t10k,48,0
sd02-b250,jan-p10-t10k,49,0
sd02-b250,jan-p10-t10k,50,0
sd02-b250,jan-p10-t10k,51,0
sd02-b250,jan-p10-t10k,52,0
sd02-b250,jan-p10-t10k,53,0
sd02-b250,jan-p10-t10k,54,0
sd02-b250,jan-p10-t10k,55,0
sd02-b250,jan-p10-t10k,56,0
sd02-b250,jan-p10-t10k,57,0
sd02-b250,jan-p10-t10k,58,0
sd02-b250,jan-p10-t10k,59,0
sd02-b250,jan-p10-t10k,60,0
sd02-b250,jan-p10-t10k,61,0
sd02-b250,jan-p10-t10k,62,0
sd02-b250,jan-p10-t10k,63,0
sd02-b250,jan-p10-t10k,64,0
sd02-b250,jan-p10-t10k,65,0
sd02-b250,jan-p10-t10k,66,0
sd02-b250,jan-p10-t10k,67,0
sd02-b250,jan-p10-t10k,68,0
sd02-b250,jan-p10-t10k,69,0
sd02-b250,jan-p10-t10k,70,0
sd02-b250,jan-p10-t10k,71,0
sd02-b250,jan-p10-t10k,72,0
sd02-b250,jan-p10-t10k,73,0
sd02-b250,jan-p10-t10k,74,0
sd02-b250,jan-p10-t10k,75,1
sd02-b250,jan-p10-t10k,76,1
sd02-b250,jan-p10-t10k,77,1
sd02-b250,jan-p10-t10k,78,1
sd02-b250,jan-p10-t10k,79,1
sd02-b250,jan-p10-t10k,80,1
sd02-b250,jan-p10-t10k,81,1
sd02-b250,jan-p10-t10k,82,1
sd02-b250,jan-p10-t10k,83,1
sd02-b250,jan-p10-t10k,84,1
sd02-b250,jan-p10-t10k,85,1
sd02-b250,jan-p10-t10k,86,1
sd02-b250,jan-p10-t10k,87,1
sd02-b250,jan-p10-t10k,88,2
sd02-b250,jan-p10-t10k,89,2
sd02-b250,jan-p10-t10k,90,2
sd02-b250,jan-p10-t10k,91,2
sd02-b250,jan-p10-t10k,92,2
sd02-b250,jan-p10-t10k,93,3
sd02-b250,jan-p10-t10k,94,3
sd02-b250,jan-p10-t10k,95,4
sd02-b250,jan-p10-t10k,96,4
sd02-b250,jan-p10-t10k,97,5
sd02-b250,jan-p10-t10k,98,7
sd02-b250,jan-p10-t10k,99,12
sd02-b250,jan-p20-t10k,1,0
sd02-b250,jan-p20-t10k,2,0
sd02-b250,jan-p20-t10k,3,0
sd02-b250,jan-p20-t10k,4,0
sd02-b250,jan-p20-t10k,5,0
sd02-b250,jan-p20-t10k,6,0
sd02-b250,jan-p20-t10k,7,0
sd02-b250,jan-p20-t10k,8,0
sd02-b250,jan-p20-t10k,9,0
sd02-b250,jan-p20-t10k,10,0
sd02-b250,jan-p20-t10k,11,0
sd02-b250,jan-p20-t10k,12,0
sd02-b250,jan-p20-t10k,13,0
sd02-b250,jan-p20-t10k,14,0
sd02-b250,jan-p20-t10k,15,0
sd02-b250,jan-p20-t10k,16,0
sd02-b250,jan-p20-t10k,17,0
sd02-b250,jan-p20-t10k,18,0
sd02-b250,jan-p20-t10k,19,0
sd02-b250,jan-p20-t10k,20,0
sd02-b250,jan-p20-t10k,21,0
sd02-b250,jan-p20-t10k,22,0
sd02-b250,jan-p20-t10k,23,0
sd02-b250,jan-p20-t10k,24,0
sd02-b250,jan-p20-t10k,25,0
sd02-b250,jan-p20-t10k,26,0
sd02-b250,jan-p20-t10k,27,0
sd02-b250,jan-p20-t10k,28,0
sd02-b250,jan-p20-t10k,29,0
sd02-b250,jan-p20-t10k,30,0
sd02-b250,jan-p20-t10k,31,0
sd02-b250,jan-p20-t10k,32,0
sd02-b250,jan-p20-t10k,33,0
sd02-b250,jan-p20-t10k,34,0
sd02-b250,jan-p20-t10k,35,0
sd02-b250,jan-p20-t10k,36,0
sd02-b250,jan-p20-t10k,37,0
sd02-b250,jan-p20-t10k,38,0
sd02-b250,jan-p20-t10k,39,0
sd02-b250,jan-p20-t10k,40,0
sd02-b250,jan-p20-t10k,41,0
sd02-b250,jan-p20-t10k,42,0
sd02-b250,jan-p20-t10k,43,0
sd02-b250,jan-p20-t10k,44,0
sd02-b250,jan-p20-t10k,45,0
sd02-b250,jan-p20-t10k,46,0
sd02-b250,jan-p20-t10k,47,0
sd02-b250,jan-p20-t10k,48,0
sd02-b250,jan-p20-t10k,49,0
sd02-b250,jan-p20-t10k,50,0
sd02-b250,jan-p20-t10k,51,0
sd02-b250,jan-p20-t10k,52,0
sd02-b250,jan-p20-t10k,53,0
sd02-b250,jan-p20-t10k,54,0
sd02-b250,jan-p20-t10k,55,0
sd02-b250,jan-p20-t10k,56,0
sd02-b250,jan-p20-t10k,57,0
sd02-b250,jan-p20-t10k,58,0
sd02-b250,jan-p20-t10k,59,0
sd02-b250,jan-p20-t10k,60,0
sd02-b250,jan-p20-t10k,61,0
sd02-b250,jan-p20-t10k,62,0
sd02-b250,jan-p20-t10k,63,0
sd02-b250,jan-p20-t10k,64,0
sd02-b250,jan-p20-t10k,65,0
sd02-b250,jan-p20-t10k,66,0
sd02-b250,jan-p20-t10k,67,0
sd02-b250,jan-p20-t10k,68,0
sd02-b250,jan-p20-t10k,69,0
sd02-b250,jan-p20-t10k,70,0
sd02-b250,jan-p20-t10k,71,0
sd02-b250,jan-p20-t10k,72,0
sd02-b250,jan-p20-t10k,73,0
sd02-b250,jan-p20-t10k,74,0
sd02-b250,jan-p20-t10k,75,1
sd02-b250,jan-p20-t10k,76,1
sd02-b250,jan-p20-t10k,77,1
sd02-b250,jan-p20-t10k,78,1
sd02-b250,jan-p20-t10k,79,1
sd02-b250,jan-p20-t10k,80,1
sd02-b250,jan-p20-t10k,81,1
sd02-b250,jan-p20-t10k,82,1
sd02-b250,jan-p20-t10k,83,1
sd02-b250,jan-p20-t10k,84,1
sd02-b250,jan-p20-t10k,85,1
sd02-b250,jan-p20-t10k,86,1
sd02-b250,jan-p20-t10k,87,1
sd02-b250,jan-p20-t10k,88,2
sd02-b250,jan-p20-t10k,89,2
sd02-b250,jan-p20-t10k,90,2
sd02-b250,jan-p20-t10k,91,2
sd02-b250,jan-p20-t10k,92,2
sd02-b250,jan-p20-t10k,93,3
sd02-b250,jan-p20-t10k,94,3
sd02-b250,jan-p20-t10k,95,4
sd02-b250,jan-p20-t10k,96,4
sd02-b250,jan-p20-t10k,97,5
sd02-b250,jan-p20-t10k,98,7
sd02-b250,jan-p20-t10k,99,12
sd03-b200,completa,1,0
sd03-b200,completa,2,0
sd03-b200,completa,3,0
sd03-b200,completa,4,0
sd03-b200,completa,5,0
sd03-b200,completa,6,0
sd03-b200,completa,7,0
sd03-b200,completa,8,0
sd03-b200,completa,9,0
sd03-b200,completa,10,0
sd03-b200,completa,11,0
sd03-b200,completa,12,0
sd03-b200,completa,13,0
sd03-b200,completa,14,0
sd03-b200,completa,15,0
sd03-b200,completa,16,0
sd03-b200,completa,17,0
sd03-b200,completa,18,0
sd03-b200,completa,19,0
sd03-b200,completa,20,0
sd03-b200,completa,21,0
sd03-b200,completa,22,0
sd03-b200,completa,23,0
sd03-b200,completa,24,0
sd03-b200,completa,25,0
sd03-b200,completa,26,0
sd03-b200,completa,27,0
sd03-b200,completa,28,0
sd03-b200,completa,29,0
sd03-b200,completa,30,0
sd03-b200,completa,31,0
sd03-b200,completa,32,0
sd03-b200,completa,33,0
sd03-b200,completa,34,0
sd03-b200,completa,35,0
sd03-b200,completa,36,0
sd03-b200,completa,37,0
sd03-b200,completa,38,0
sd03-b200,completa,39,0
sd03-b200,completa,40,0
sd03-b200,completa,41,0
sd03-b200,completa,42,0
sd03-b200,completa,43,0
sd03-b200,completa,44,0
sd03-b200,completa,45,0
sd03-b200,completa,46,0
sd03-b200,completa,47,0
sd03-b200,completa,48,0
sd03-b200,completa,49,0
sd03-b200,completa,50,0
sd03-b200,completa,51,0
sd03-b200,completa,52,0
sd03-b200,completa,53,0
sd03-b200,completa,54,0
sd03-b200,completa,55,0
sd03-b200,completa,56,0
sd03-b200,completa,57,0
sd03-b200,completa,58,0
sd03-b200,completa,59,0
sd03-b200,completa,60,0
sd03-b200,completa,61,1
sd03-b200,completa,62,1
sd03-b200,completa,63,1
sd03-b200,completa,64,1
sd03-b200,completa,65,1
sd03-b200,completa,66,1
sd03-b200,completa,67,1
sd03-b200,completa,68,1
sd03-b200,completa,69,1
sd03-b200,completa,70,1
sd03-b200,completa,71,1
sd03-b200,completa,72,1
sd03-b200,completa,73,1
sd03-b200,completa,74,1
sd03-b200,completa,75,1
sd03-b200,completa,76,2
sd03-b200,completa,77,2
sd03-b200,completa,78,2
sd03-b200,completa,79,2
sd03-b200,completa,80,2
sd03-b200,completa,81,2
sd03-b200,completa,82,2
sd03-b200,completa,83,3
sd03-b200,completa,84,3
sd03-b200,completa,85,3
sd03-b200,completa,86,3
sd03-b200,completa,87,4
sd03-b200,completa,88,4
sd03-b200,completa,89,5
sd03-b200,completa,90,5
sd03-b200,completa,91,6
sd03-b200,completa,92,7
sd03-b200,completa,93,8
sd03-b200,completa,94,9
sd03-b200,completa,95,11
sd03-b200,completa,96,14
sd03-b200,completa,97,19
sd03-b200,completa,98,29
sd03-b200,completa,99,60
sd03-b200,sis-p01,1,0
sd03-b200,sis-p01,2,0
sd03-b200,sis-p01,3,0
sd03-b200,sis-p01,4,0
sd03-b200,sis-p01,5,0
sd03-b200,sis-p01,6,0
sd03-b200,sis-p01,7,0
sd03-b200,sis-p01,8,0
sd03-b200,sis-p01,9,0
sd03-b200,sis-p01,10,0
sd03-b200,sis-p01,11,0
sd03-b200,sis-p01,12,0
sd03-b200,sis-p01,13,0
sd03-b200,sis-p01,14,0
sd03-b200,sis-p01,15,0
sd03-b200,sis-p01,16,0
sd03-b200,sis-p01,17,0
sd03-b200,sis-p01,18,0
sd03-b200,sis-p01,19,0
sd03-b200,sis-p01,20,0
sd03-b200,sis-p01,21,0
sd03-b200,sis-p01,22,0
sd03-b200,sis-p01,23,0
sd03-b200,sis-p01,24,0
sd03-b200,sis-p01,25,0
sd03-b200,sis-p01,26,0
sd03-b200,sis-p01,27,1
sd03-b200,sis-p01,28,1
sd03-b200,sis-p01,29,1
sd03-b200,sis-p01,30,1
sd03-b200,sis-p01,31,1
sd03-b200,sis-p01,32,1
sd03-b200,sis-p01,33,1
sd03-b200,sis-p01,34,1
sd03-b200,sis-p01,35,1
sd03-b200,sis-p01,36,1
sd03-b200,sis-p01,37,1
sd03-b200,sis-p01,38,1
sd03-b200,sis-p01,39,1
sd03-b200,sis-p01,40,2
sd03-b200,sis-p01,41,2
sd03-b200,sis-p01,42,2
sd03-b200,sis-p01,43,2
sd03-b200,sis-p01,44,2
sd03-b200,sis-p01,45,2
sd03-b200,sis-p01,46,2
sd03-b200,sis-p01,47,2
sd03-b200,sis-p01,48,3
sd03-b200,sis-p01,49,3
sd03-b200,sis-p01,50,3
sd03-b200,sis-p01,51,3
sd03-b200,sis-p01,52,3
sd03-b200,sis-p01,53,3
sd03-b200,sis-p01,54,3
sd03-b200,sis-p01,55,4
sd03-b200,sis-p01,56,4
sd03-b200,sis-p01,57,4
sd03-b200,sis-p01,58,4
sd03-b200,sis-p01,59,4
sd03-b200,sis-p01,60,4
sd03-b200,sis-p01,61,5
sd03-b200,sis-p01,62,5
sd03-b200,sis-p01,63,5
sd03-b200,sis-p01,64,5
sd03-b200,sis-p01,65,6
sd03-b200,sis-p01,66,6
sd03-b200,sis-p01,67,6
sd03-b200,sis-p01,68,7
sd03-b200,sis-p01,69,7
sd03-b200,sis-p01,70,8
sd03-b200,sis-p01,71,8
sd03-b200,sis-p01,72,8
sd03-b200,sis-p01,73,9
sd03-b200,sis-p01,74,9
sd03-b200,sis-p01,75,10
sd03-b200,sis-p01,76,11
sd03-b200,sis-p01,77,12
sd03-b200,sis-p01,78,12
sd03-b200,sis-p01,79,14
sd03-b200,sis-p01,80,15
sd03-b200,sis-p01,81,15
sd03-b200,sis-p01,82,16
sd03-b200,sis-p01,83,17
sd03-b200,sis-p01,84,18
sd03-b200,sis-p01,85,19
sd03-b200,sis-p01,86,20
sd03-b200,sis-p01,87,22
sd03-b200,sis-p01,88,23
sd03-b200,sis-p01,89,25
sd03-b200,sis-p01,90,27
sd03-b200,sis-p01,91,31
sd03-b200,sis-p01,92,34
sd03-b200,sis-p01,93,37
sd03-b200,sis-p01,94,41
sd03-b200,sis-p01,95,47
sd03-b200,sis-p01,96,54
sd03-b200,sis-p01,97,67
sd03-b200,sis-p01,98,101
sd03-b200,sis-p01,99,137
sd03-b200,sis-p10,1,0
sd03-b200,sis-p10,2,0
sd03-b200,sis-p10,3,0
sd03-b200,sis-p10,4,0
sd03-b200,sis-p10,5,0
sd03-b200,sis-p10,6,0
sd03-b200,sis-p10,7,0
sd03-b200,sis-p10,8,0
sd03-b200,sis-p10,9,0
sd03-b200,sis-p10,10,0
sd03-b200,sis-p10,11,0
sd03-b200,sis-p10,12,0
sd03-b200,sis-p10,13,0
sd03-b200,sis-p10,14,0
sd03-b200,sis-p10,15,0
sd03-b200,sis-p10,16,0
sd03-b200,sis-p10,17,0
sd03-b200,sis-p10,18,0
sd03-b200,sis-p10,19,0
sd03-b200,sis-p10,20,0
sd03-b200,sis-p10,21,0
sd03-b200,sis-p10,22,0
sd03-b200,sis-p10,23,0
sd03-b200,sis-p10,24,1
sd03-b200,sis-p10,25,1
sd03-b200,sis-p10,26,1
sd03-b200,sis-p10,27,1
sd03-b200,sis-p10,28,1
sd03-b200,sis-p10,29,1
sd03-b200,sis-p10,30,1
sd03-b200,sis-p10,31,1
sd03-b200,sis-p10,32,1
sd03-b200,sis-p10,33,1
sd03-b200,sis-p10,34,1
sd03-b200,sis-p10,35,1
sd03-b200,sis-p10,36,1
sd03-b200,sis-p10,37,1
sd03-b200,sis-p10,38,2
sd03-b200,sis-p10,39,2
sd03-b200,sis-p10,40,2
sd03-b200,sis-p10,41,2
sd03-b200,sis-p10,42,2
sd03-b200,sis-p10,43,2
sd03-b200,sis-p10,44,2
sd03-b200,sis-p10,45,2
sd03-b200,sis-p10,46,2
sd03-b200,sis-p10,47,3
sd03-b200,sis-p10,48,3
sd03-b200,sis-p10,49,3
sd03-b200,sis-p10,50,3
sd03-b200,sis-p10,51,3
sd03-b200,sis-p10,52,3
sd03-b200,sis-p10,53,3
sd03-b200,sis-p10,54,4
sd03-b200,sis-p10,55,4
sd03-b200,sis-p10,56,4
sd03-b200,sis-p10,57,4
sd03-b200,sis-p10,58,4
sd03-b200,sis-p10,59,5
sd03-b200,sis-p10,60,5
sd03-b200,sis-p10,61,5
sd03-b200,sis-p10,62,5
sd03-b200,sis-p10,63,6
sd03-b200,sis-p10,64,6
sd03-b200,sis-p10,65,6
sd03-b200,sis-p10,66,7
sd03-b200,sis-p10,67,7
sd03-b200,sis-p10,68,7
sd03-b200,sis-p10,69,8
sd03-b200,sis-p10,70,8
sd03-b200,sis-p10,71,9
sd03-b200,sis-p10,72,9
sd03-b200,sis-p10,73,10
sd03-b200,sis-p10,74,10
sd03-b200,sis-p10,75,11
sd03-b200,sis-p10,76,11
sd03-b200,sis-p10,77,12
sd03-b200,sis-p10,78,13
sd03-b200,sis-p10,79,14
sd03-b200,sis-p10,80,15
sd03-b200,sis-p10,81,16
sd03-b200,sis-p10,82,17
sd03-b200,sis-p10,83,18
sd03-b200,sis-p10,84,19
sd03-b200,sis-p10,85,21
sd03-b200,sis-p10,86,23
sd03-b200,sis-p10,87,25
sd03-b200,sis-p10,88,27
sd03-b200,sis-p10,89,30
sd03-b200,sis-p10,90,34
sd03-b200,sis-p10,91,38
sd03-b200,sis-p10,92,43
sd03-b200,sis-p10,93,50
sd03-b200,sis-p10,94,59
sd03-b200,sis-p10,95,71
sd03-b200,sis-p10,96,89
sd03-b200,sis-p10,97,121
sd03-b200,sis-p10,98,173
sd03-b200,sis-p10,99,321
sd03-b200,sis-p20,1,0
sd03-b200,sis-p20,2,0
sd03-b200,sis-p20,3,0
sd03-b200,sis-p20,4,0
sd03-b200,sis-p20,5,0
sd03-b200,sis-p20,6,0
sd03-b200,sis-p20,7,0
sd03-b200,sis-p20,8,0
sd03-b200,sis-p20,9,0
sd03-b200,sis-p20,10,0
sd03-b200,sis-p20,11,0
sd03-b200,sis-p20,12,0
sd03-b200,sis-p20,13,0
sd03-b200,sis-p20,14,0
sd03-b200,sis-p20,15,0
sd03-b200,sis-p20,16,0
sd03-b200,sis-p20,17,0
sd03-b200,sis-p20,18,0
sd03-b200,sis-p20,19,0
sd03-b200,sis-p20,20,0
sd03-b200,sis-p20,21,0
sd03-b200,sis-p20,22,0
sd03-b200,sis-p20,23,0
sd03-b200,sis-p20,24,0
sd03-b200,sis-p20,25,0
sd03-b200,sis-p20,26,0
sd03-b200,sis-p20,27,0
sd03-b200,sis-p20,28,0
sd03-b200,sis-p20,29,1
sd03-b200,sis-p20,30,1
sd03-b200,sis-p20,31,1
sd03-b200,sis-p20,32,1
sd03-b200,sis-p20,33,1
sd03-b200,sis-p20,34,1
sd03-b200,sis-p20,35,1
sd03-b200,sis-p20,36,1
sd03-b200,sis-p20,37,1
sd03-b200,sis-p20,38,1
sd03-b200,sis-p20,39,1
sd03-b200,sis-p20,40,1
sd03-b200,sis-p20,41,1
sd03-b200,sis-p20,42,1
sd03-b200,sis-p20,43,1
sd03-b200,sis-p20,44,1
sd03-b200,sis-p20,45,2
sd03-b200,sis-p20,46,2
sd03-b200,sis-p20,47,2
sd03-b200,sis-p20,48,2
sd03-b200,sis-p20,49,2
sd03-b200,sis-p20,50,2
sd03-b200,sis-p20,51,2
sd03-b200,sis-p20,52,2
sd03-b200,sis-p20,53,2
sd03-b200,sis-p20,54,2
sd03-b200,sis-p20,55,3
sd03-b200,sis-p20,56,3
sd03-b200,sis-p20,57,3
sd03-b200,sis-p20,58,3
sd03-b200,sis-p20,59,3
sd03-b200,sis-p20,60,3
sd03-b200,sis-p20,61,3
sd03-b200,sis-p20,62,4
sd03-b200,sis-p20,63,4
sd03-b200,sis-p20,64,4
sd03-b200,sis-p20,65,4
sd03-b200,sis-p20,66,4
sd03-b200,sis-p20,67,5
sd03-b200,sis-p20,68,5
sd03-b200,sis-p20,69,5
sd03-b200,sis-p20,70,5
sd03-b200,sis-p20,71,6
sd03-b200,sis-p20,72,6
sd03-b200,sis-p20,73,6
sd03-b200,sis-p20,74,7
sd03-b200,sis-p20,75,7
sd03-b200,sis-p20,76,8
sd03-b200,sis-p20,77,8
sd03-b200,sis-p20,78,8
sd03-b200,sis-p20,79,9
sd03-b200,sis-p20,80,10
sd03-b200,sis-p20,81,10
sd03-b200,sis-p20,82,11
sd03-b200,sis-p20,83,12
sd03-b200,sis-p20,84,13
sd03-b200,sis-p20,85,14
sd03-b200,sis-p20,86,15
sd03-b200,sis-p20,87,16
sd03-b200,sis-p20,88,18
sd03-b200,sis-p20,89,20
sd03-b200,sis-p20,90,22
sd03-b200,sis-p20,91,25
sd03-b200,sis-p20,92,28
sd03-b200,sis-p20,93,33
sd03-b200,sis-p20,94,39
sd03-b200,sis-p20,95,47
sd03-b200,sis-p20,96,60
sd03-b200,sis-p20,97,80
sd03-b200,sis-p20,98,120
sd03-b200,sis-p20,99,229
sd03-b200,jan-p01-t1k,1,0
sd03-b200,jan-p01-t1k,2,0
sd03-b200,jan-p01-t1k,3,0
sd03-b200,jan-p01-t1k,4,0
sd03-b200,jan-p01-t1k,5,0
sd03-b200,jan-p01-t1k,6,0
sd03-b200,jan-p01-t1k,7,0
sd03-b200,jan-p01-t1k,8,0
sd03-b200,jan-p01-t1k,9,0
sd03-b200,jan-p01-t1k,10,0
sd03-b200,jan-p01-t1k,11,0
sd03-b200,jan-p01-t1k,12,0
sd03-b200,jan-p01-t1k,13,0
sd03-b200,jan-p01-t1k,14,0
sd03-b200,jan-p01-t1k,15,0
sd03-b200,jan-p01-t1k,16,0
sd03-b200,jan-p01-t1k,17,0
sd03-b200,jan-p01-t1k,18,0
sd03-b200,jan-p01-t1k,19,0
sd03-b200,jan-p01-t1k,20,0
sd03-b200,jan-p01-t1k,21,0
sd03-b200,jan-p01-t1k,22,0
sd03-b200,jan-p01-t1k,23,0
sd03-b200,jan-p01-t1k,24,0
sd03-b200,jan-p01-t1k,25,0
sd03-b200,jan-p01-t1k,26,0
sd03-b200,jan-p01-t1k,27,0
sd03-b200,jan-p01-t1k,28,0
sd03-b200,jan-p01-t1k,29,0
sd03-b200,jan-p01-t1k,30,0
sd03-b200,jan-p01-t1k,31,0
sd03-b200,jan-p01-t1k,32,0
sd03-b200,jan-p01-t1k,33,0
sd03-b200,jan-p01-t1k,34,0
sd03-b200,jan-p01-t1k,35,0
sd03-b200,jan-p01-t1k,36,0
sd03-b200,jan-p01-t1k,37,0
sd03-b200,jan-p01-t1k,38,0
sd03-b200,jan-p01-t1k,39,0
sd03-b200,jan-p01-t1k,40,0
sd03-b200,jan-p01-t1k,41,0
sd03-b200,jan-p01-t1k,42,0
sd03-b200,jan-p01-t1k,43,0
sd03-b200,jan-p01-t1k,44,0
sd03-b200,jan-p01-t1k,45,0
sd03-b200,jan-p01-t1k,46,0
sd03-b200,jan-p01-t1k,47,0
sd03-b200,jan-p01-t1k,48,0
sd03-b200,jan-p01-t1k,49,0
sd03-b200,jan-p01-t1k,50,0
sd03-b200,jan-p01-t1k,51,0
sd03-b200,jan-p01-t1k,52,0
sd03-b200,jan-p01-t1k,53,0
sd03-b200,jan-p01-t1k,54,0
sd03-b200,jan-p01-t1k,55,0
sd03-b200,jan-p01-t1k,56,0
sd03-b200,jan-p01-t1k,57,0
sd03-b200,jan-p01-t1k,58,0
sd03-b200,jan-p01-t1k,59,0
sd03-b200,jan-p01-t1k,60,0
sd03-b200,jan-p01-t1k,61,0
sd03-b200,jan-p01-t1k,62,1
sd03-b200,jan-p01-t1k,63,1
sd03-b200,jan-p01-t1k,64,1
sd03-b200,jan-p01-t1k,65,1
sd03-b200,jan-p01-t1k,66,1
sd03-b200,jan-p01-t1k,67,1
sd03-b200,jan-p01-t1k,68,1
sd03-b200,jan-p01-t1k,69,1
sd03-b200,jan-p01-t1k,70,1
sd03-b200,jan-p01-t1k,71,1
sd03-b200,jan-p01-t1k,72,1
sd03-b200,jan-p01-t1k,73,1
sd03-b200,jan-p01-t1k,74,1
sd03-b200,jan-p01-t1k,75,1
sd03-b200,jan-p01-t1k,76,1
sd03-b200,jan-p01-t1k,77,1
sd03-b200,jan-p01-t1k,78,2
sd03-b200,jan-p01-t1k,79,2
sd03-b200,jan-p01-t1k,80,2
sd03-b200,jan-p01-t1k,81,2
sd03-b200,jan-p01-t1k,82,2
sd03-b200,jan-p01-t1k,83,2
sd03-b200,jan-p01-t1k,84,2
sd03-b200,jan-p01-t1k,85,3
sd03-b200,jan-p01-t1k,86,3
sd03-b200,jan-p01-t1k,87,3
sd03-b200,jan-p01-t1k,88,3
sd03-b200,jan-p01-t1k,89,4
sd03-b200,jan-p01-t1k,90,4
sd03-b200,jan-p01-t1k,91,5
sd03-b200,jan-p01-t1k,92,5
sd03-b200,jan-p01-t1k,93,6
sd03-b200,jan-p01-t1k,94,7
sd03-b200,jan-p01-t1k,95,8
sd03-b200,jan-p01-t1k,96,9
sd03-b200,jan-p01-t1k,97,12
sd03-b200,jan-p01-t1k,98,15
sd03-b200,jan-p01-t1k,99,22
sd03-b200,jan-p10-t1k,1,0
sd03-b200,jan-p10-t1k,2,0
sd03-b200,jan-p10-t1k,3,0
sd03-b200,jan-p10-t1k,4,0
sd03-b200,jan-p10-t1k,5,0
sd03-b200,jan-p10-t1k,6,0
sd03-b200,jan-p10-t1k,7,0
sd03-b200,jan-p10-t1k,8,0
sd03-b200,jan-p10-t1k,9,0
sd03-b200,jan-p10-t1k,10,0
sd03-b200,jan-p10-t1k,11,0
sd03-b200,jan-p10-t1k,12,0
sd03-b200,jan-p10-t1k,13,0
sd03-b200,jan-p10-t1k,14,0
sd03-b200,jan-p10-t1k,15,0
sd03-b200,jan-p10-t1k,16,0
sd03-b200,jan-p10-t1k,17,0
sd03-b200,jan-p10-t1k,18,0
sd03-b200,jan-p10-t1k,19,0
sd03-b200,jan-p10-t1k,20,0
sd03-b200,jan-p10-t1k,21,0
sd03-b200,jan-p10-t1k,22,0
sd03-b200,jan-p10-t1k,23,0
sd03-b200,jan-p10-t1k,24,0
sd03-b200,jan-p10-t1k,25,0
sd03-b200,jan-p10-t1k,26,0
sd03-b200,jan-p10-t1k,27,0
sd03-b200,jan-p10-t1k,28,0
sd03-b200,jan-p10-t1k,29,0
sd03-b200,jan-p10-t1k,30,0
sd03-b200,jan-p10-t1k,31,0
sd03-b200,jan-p10-t1k,32,0
sd03-b200,jan-p10-t1k,33,0
sd03-b200,jan-p10-t1k,34,0
sd03-b200,jan-p10-t1k,35,0
sd03-b200,jan-p10-t1k,36,0
sd03-b200,jan-p10-t1k,37,0
sd03-b200,jan-p10-t1k,38,0
sd03-b200,jan-p10-t1k,39,0
sd03-b200,jan-p10-t1k,40,0
sd03-b200,jan-p10-t1k,41,0
sd03-b200,jan-p10-t1k,42,0
sd03-b200,jan-p10-t1k,43,0
sd03-b200,jan-p10-t1k,44,0
sd03-b200,jan-p10-t1k,45,0
sd03-b200,jan-p10-t1k,46,0
sd03-b200,jan-p10-t1k,47,0
sd03-b200,jan-p10-t1k,48,0
sd03-b200,jan-p10-t1k,49,0
sd03-b200,jan-p10-t1k,50,0
sd03-b200,jan-p10-t1k,51,0
sd03-b200,jan-p10-t1k,52,0
sd03-b200,jan-p10-t1k,53,0
sd03-b200,jan-p10-t1k,54,0
sd03-b200,jan-p10-t1k,55,0
sd03-b200,jan-p10-t1k,56,0
sd03-b200,jan-p10-t1k,57,0
sd03-b200,jan-p10-t1k,58,0
sd03-b200,jan-p10-t1k,59,0
sd03-b200,jan-p10-t1k,60,0
sd03-b200,jan-p10-t1k,61,0
sd03-b200,jan-p10-t1k,62,0
sd03-b200,jan-p10-t1k,63,1
sd03-b200,jan-p10-t1k,64,1
sd03-b200,jan-p10-t1k,65,1
sd03-b200,jan-p10-t1k,66,1
sd03-b200,jan-p10-t1k,67,1
sd03-b200,jan-p10-t1k,68,1
sd03-b200,jan-p10-t1k,69,1
sd03-b200,jan-p10-t1k,70,1
sd03-b200,jan-p10-t1k,71,1
sd03-b200,jan-p10-t1k,72,1
sd03-b200,jan-p10-t1k,73,1
sd03-b200,jan-p10-t1k,74,1
sd03-b200,jan-p10-t1k,75,1
sd03-b200,jan-p10-t1k,76,1
sd03-b200,jan-p10-t1k,77,1
sd03-b200,jan-p10-t1k,78,2
sd03-b200,jan-p10-t1k,79,2
sd03-b200,jan-p10-t1k,80,2
sd03-b200,jan-p10-t1k,81,2
sd03-b200,jan-p10-t1k,82,2
sd03-b200,jan-p10-t1k,83,2
sd03-b200,jan-p10-t1k,84,2
sd03-b200,jan-p10-t1k,85,3
sd03-b200,jan-p10-t1k,86,3
sd03-b200,jan-p10-t1k,87,3
sd03-b200,jan-p10-t1k,88,3
sd03-b200,jan-p10-t1k,89,4
sd03-b200,jan-p10-t1k,90,4
sd03-b200,jan-p10-t1k,91,5
sd03-b200,jan-p10-t1k,92,5
sd03-b200,jan-p10-t1k,93,6
sd03-b200,jan-p10-t1k,94,7
sd03-b200,jan-p10-t1k,95,8
sd03-b200,jan-p10-t1k,96,10
sd03-b200,jan-p10-t1k,97,12
sd03-b200,jan-p10-t1k,98,15
sd03-b200,jan-p10-t1k,99,23
sd03-b200,jan-p20-t1k,1,0
sd03-b200,jan-p20-t1k,2,0
sd03-b200,jan-p20-t1k,3,0
sd03-b200,jan-p20-t1k,4,0
sd03-b200,jan-p20-t1k,5,0
sd03-b200,jan-p20-t1k,6,0
sd03-b200,jan-p20-t1k,7,0
sd03-b200,jan-p20-t1k,8,0
sd03-b200,jan-p20-t1k,9,0
sd03-b200,jan-p20-t1k,10,0
sd03-b200,jan-p20-t1k,11,0
sd03-b200,jan-p20-t1k,12,0
sd03-b200,jan-p20-t1k,13,0
sd03-b200,jan-p20-t1k,14,0
sd03-b200,jan-p20-t1k,15,0
sd03-b200,jan-p20-t1k,16,0
sd03-b200,jan-p20-t1k,17,0
sd03-b200,jan-p20-t1k,18,0
sd03-b200,jan-p20-t1k,19,0
sd03-b200,jan-p20-t1k,20,0
sd03-b200,jan-p20-t1k,21,0
sd03-b200,jan-p20-t1k,22,0
sd03-b200,jan-p20-t1k,23,0
sd03-b200,jan-p20-t1k,24,0
sd03-b200,jan-p20-t1k,25,0
sd03-b200,jan-p20-t1k,26,0
sd03-b200,jan-p20-t1k,27,0
sd03-b200,jan-p20-t1k,28,0
sd03-b200,jan-p20-t1k,29,0
sd03-b200,jan-p20-t1k,30,0
sd03-b200,jan-p20-t1k,31,0
sd03-b200,jan-p20-t1k,32,0
sd03-b200,jan-p20-t1k,33,0
sd03-b200,jan-p20-t1k,34,0
sd03-b200,jan-p20-t1k,35,0
sd03-b200,jan-p20-t1k,36,0
sd03-b200,jan-p20-t1k,37,0
sd03-b200,jan-p20-t1k,38,0
sd03-b200,jan-p20-t1k,39,0
sd03-b200,jan-p20-t1k,40,0
sd03-b200,jan-p20-t1k,41,0
sd03-b200,jan-p20-t1k,42,0
sd03-b200,jan-p20-t1k,43,0
sd03-b200,jan-p20-t1k,44,0
sd03-b200,jan-p20-t1k,45,0
sd03-b200,jan-p20-t1k,46,0
sd03-b200,jan-p20-t1k,47,0
sd03-b200,jan-p20-t1k,48,0
sd03-b200,jan-p20-t1k,49,0
sd03-b200,jan-p20-t1k,50,0
sd03-b200,jan-p20-t1k,51,0
sd03-b200,jan-p20-t1k,52,0
sd03-b200,jan-p20-t1k,53,0
sd03-b200,jan-p20-t1k,54,0
sd03-b200,jan-p20-t1k,55,0
sd03-b200,jan-p20-t1k,56,0
sd03-b200,jan-p20-t1k,57,0
sd03-b200,jan-p20-t1k,58,0
sd03-b200,jan-p20-t1k,59,0
sd03-b200,jan-p20-t1k,60,0
sd03-b200,jan-p20-t1k,61,0
sd03-b200,jan-p20-t1k,62,0
sd03-b200,jan-p20-t1k,63,1
sd03-b200,jan-p20-t1k,64,1
sd03-b200,jan-p20-t1k,65,1
sd03-b200,jan-p20-t1k,66,1
sd03-b200,jan-p20-t1k,67,1
sd03-b200,jan-p20-t1k,68,1
sd03-b200,jan-p20-t1k,69,1
sd03-b200,jan-p20-t1k,70,1
sd03-b200,jan-p20-t1k,71,1
sd03-b200,jan-p20-t1k,72,1
sd03-b200,jan-p20-t1k,73,1
sd03-b200,jan-p20-t1k,74,1
sd03-b200,jan-p20-t1k,75,1
sd03-b200,jan-p20-t1k,76,1
sd03-b200,jan-p20-t1k,77,1
sd03-b200,jan-p20-t1k,78,2
sd03-b200,jan-p20-t1k,79,2
sd03-b200,jan-p20-t1k,80,2
sd03-b200,jan-p20-t1k,81,2
sd03-b200,jan-p20-t1k,82,2
sd03-b200,jan-p20-t1k,83,2
sd03-b200,jan-p20-t1k,84,2
sd03-b200,jan-p20-t1k,85,3
sd03-b200,jan-p20-t1k,86,3
sd03-b200,jan-p20-t1k,87,3
sd03-b200,jan-p20-t1k,88,3
sd03-b200,jan-p20-t1k,89,4
sd03-b200,jan-p20-t1k,90,4
sd03-b200,jan-p20-t1k,91,5
sd03-b200,jan-p20-t1k,92,5
sd03-b200,jan-p20-t1k,93,6
sd03-b200,jan-p20-t1k,94,7
sd03-b200,jan-p20-t1k,95,8
sd03-b200,jan-p20-t1k,96,10
sd03-b200,jan-p20-t1k,97,12
sd03-b200,jan-p20-t1k,98,16
sd03-b200,jan-p20-t1k,99,25
sd03-b200,jan-p01-t10k,1,0
sd03-b200,jan-p01-t10k,2,0
sd03-b200,jan-p01-t10k,3,0
sd03-b200,jan-p01-t10k,4,0
sd03-b200,jan-p01-t10k,5,0
sd03-b200,jan-p01-t10k,6,0
sd03-b200,jan-p01-t10k,7,0
sd03-b200,jan-p01-t10k,8,0
sd03-b200,jan-p01-t10k,9,0
sd03-b200,jan-p01-t10k,10,0
sd03-b200,jan-p01-t10k,11,0
sd03-b200,jan-p01-t10k,12,0
sd03-b200,jan-p01-t10k,13,0
sd03-b200,jan-p01-t10k,14,0
sd03-b200,jan-p01-t10k,15,0
sd03-b200,jan-p01-t10k,16,0
sd03-b200,jan-p01-t10k,17,0
sd03-b200,jan-p01-t10k,18,0
sd03-b200,jan-p01-t10k,19,0
sd03-b200,jan-p01-t10k,20,0
sd03-b200,jan-p01-t10k,21,0
sd03-b200,jan-p01-t10k,22,0
sd03-b200,jan-p01-t10k,23,0
sd03-b200,jan-p01-t10k,24,0
sd03-b200,jan-p01-t10k,25,0
sd03-b200,jan-p01-t10k,26,0
sd03-b200,jan-p01-t10k,27,0
sd03-b200,jan-p01-t10k,28,0
sd03-b200,jan-p01-t10k,29,0
sd03-b200,jan-p01-t10k,30,0
sd03-b200,jan-p01-t10k,31,0
sd03-b200,jan-p01-t10k,32,0
sd03-b200,jan-p01-t10k,33,0
sd03-b200,jan-p01-t10k,34,0
sd03-b200,jan-p01-t10k,35,0
sd03-b200,jan-p01-t10k,36,0
sd03-b200,jan-p01-t10k,37,0
sd03-b200,jan-p01-t10k,38,0
sd03-b200,jan-p01-t10k,39,0
sd03-b200,jan-p01-t10k,40,0
sd03-b200,jan-p01-t10k,41,0
sd03-b200,jan-p01-t10k,42,0
sd03-b200,jan-p01-t10k,43,0
sd03-b200,jan-p01-t10k,44,0
sd03-b200,jan-p01-t10k,45,0
sd03-b200,jan-p01-t10k,46,0
sd03-b200,jan-p01-t10k,47,0
sd03-b200,jan-p01-t10k,48,0
sd03-b200,jan-p01-t10k,49,0
sd03-b200,jan-p01-t10k,50,0
sd03-b200,jan-p01-t10k,51,0
sd03-b200,jan-p01-t10k,52,0
sd03-b200,jan-p01-t10k,53,0
sd03-b200,jan-p01-t10k,54,0
sd03-b200,jan-p01-t10k,55,0
sd03-b200,jan-p01-t10k,56,0
sd03-b200,jan-p01-t10k,57,0
sd03-b200,jan-p01-t10k,58,0
sd03-b200,jan-p01-t10k,59,0
sd03-b200,jan-p01-t10k,60,0
sd03-b200,jan-p01-t10k,61,0
sd03-b200,jan-p01-t10k,62,1
sd03-b200,jan-p01-t10k,63,1
sd03-b200,jan-p01-t10k,64,1
sd03-b200,jan-p01-t10k,65,1
sd03-b200,jan-p01-t10k,66,1
sd03-b200,jan-p01-t10k,67,1
sd03-b200,jan-p01-t10k,68,1
sd03-b200,jan-p01-t10k,69,1
sd03-b200,jan-p01-t10k,70,1
sd03-b200,jan-p01-t10k,71,1
sd03-b200,jan-p01-t10k,72,1
sd03-b200,jan-p01-t10k,73,1
sd03-b200,jan-p01-t10k,74,1
sd03-b200,jan-p01-t10k,75,1
sd03-b200,jan-p01-t10k,76,2
sd03-b200,jan-p01-t10k,77,2
sd03-b200,jan-p01-t10k,78,2
sd03-b200,jan-p01-t10k,79,2
sd03-b200,jan-p01-t10k,80,2
sd03-b200,jan-p01-t10k,81,2
sd03-b200,jan-p01-t10k,82,2
sd03-b200,jan-p01-t10k,83,3
sd03-b200,jan-p01-t10k,84,3
sd03-b200,jan-p01-t10k,85,3
sd03-b200,jan-p01-t10k,86,3
sd03-b200,jan-p01-t10k,87,4
sd03-b200,jan-p01-t10k,88,4
sd03-b200,jan-p01-t10k,89,5
sd03-b200,jan-p01-t10k,90,5
sd03-b200,jan-p01-t10k,91,6
sd03-b200,jan-p01-t10k,92,7
sd03-b200,jan-p01-t10k,93,8
sd03-b200,jan-p01-t10k,94,9
sd03-b200,jan-p01-t10k,95,11
sd03-b200,jan-p01-t10k,96,13
sd03-b200,jan-p01-t10k,97,17
sd03-b200,jan-p01-t10k,98,24
sd03-b200,jan-p01-t10k,99,40
sd03-b200,jan-p10-t10k,1,0
sd03-b200,jan-p10-t10k,2,0
sd03-b200,jan-p10-t10k,3,0
sd03-b200,jan-p10-t10k,4,0
sd03-b200,jan-p10-t10k,5,0
sd03-b200,jan-p10-t10k,6,0
sd03-b200,jan-p10-t10k,7,0
sd03-b200,jan-p10-t10k,8,0
sd03-b200,jan-p10-t10k,9,0
sd03-b200,jan-p10-t10k,10,0
sd03-b200,jan-p10-t10k,11,0
sd03-b200,jan-p10-t10k,12,0
sd03-b200,jan-p10-t10k,13,0
sd03-b200,jan-p10-t10k,14,0
sd03-b200,jan-p10-t10k,15,0
sd03-b200,jan-p10-t10k,16,0
sd03-b200,jan-p10-t10k,17,0
sd03-b200,jan-p10-t10k,18,0
sd03-b200,jan-p10-t10k,19,0
sd03-b200,jan-p10-t10k,20,0
sd03-b200,jan-p10-t10k,21,0
sd03-b200,jan-p10-t10k,22,0
sd03-b200,jan-p10-t10k,23,0
sd03-b200,jan-p10-t10k,24,0
sd03-b200,jan-p10-t10k,25,0
sd03-b200,jan-p10-t10k,26,0
sd03-b200,jan-p10-t10k,27,0
sd03-b200,jan-p10-t10k,28,0
sd03-b200,jan-p10-t10k,29,0
sd03-b200,jan-p10-t10k,30,0
sd03-b200,jan-p10-t10k,31,0
sd03-b200,jan-p10-t10k,32,0
sd03-b200,jan-p10-t10k,33,0
sd03-b200,jan-p10-t10k,34,0
sd03-b200,jan-p10-t10k,35,0
sd03-b200,jan-p10-t10k,36,0
sd03-b200,jan-p10-t10k,37,0
sd03-b200,jan-p10-t10k,38,0
sd03-b200,jan-p10-t10k,39,0
sd03-b200,jan-p10-t10k,40,0
sd03-b200,jan-p10-t10k,41,0
sd03-b200,jan-p10-t10k,42,0
sd03-b200,jan-p10-t10k,43,0
sd03-b200,jan-p10-t10k,44,0
sd03-b200,jan-p10-t10k,45,0
sd03-b200,jan-p10-t10k,46,0
sd03-b200,jan-p10-t10k,47,0
sd03-b200,jan-p10-t10k,48,0
sd03-b200,jan-p10-t10k,49,0
sd03-b200,jan-p10-t10k,50,0
sd03-b200,jan-p10-t10k,51,0
sd03-b200,jan-p10-t10k,52,0
sd03-b200,jan-p10-t10k,53,0
sd03-b200,jan-p10-t10k,54,0
sd03-b200,jan-p10-t10k,55,0
sd03-b200,jan-p10-t10k,56,0
sd03-b200,jan-p10-t10k,57,0
sd03-b200,jan-p10-t10k,58,0
sd03-b200,jan-p10-t10k,59,0
sd03-b200,jan-p10-t10k,60,0
sd03-b200,jan-p10-t10k,61,1
sd03-b200,jan-p10-t10k,62,1
sd03-b200,jan-p10-t10k,63,1
sd03-b200,jan-p10-t10k,64,1
sd03-b200,jan-p10-t10k,65,1
sd03-b200,jan-p10-t10k,66,1
sd03-b200,jan-p10-t10k,67,1
sd03-b200,jan-p10-t10k,68,1
sd03-b200,jan-p10-t10k,69,1
sd03-b200,jan-p10-t10k,70,1
sd03-b200,jan-p10-t10k,71,1
sd03-b200,jan-p10-t10k,72,1
sd03-b200,jan-p10-t10k,73,1
sd03-b200,jan-p10-t10k,74,1
sd03-b200,jan-p10-t10k,75,1
sd03-b200,jan-p10-t10k,76,1
sd03-b200,jan-p10-t10k,77,2
sd03-b200,jan-p10-t10k,78,2
sd03-b200,jan-p10-t10k,79,2
sd03-b200,jan-p10-t10k,80,2
sd03-b200,jan-p10-t10k,81,2
sd03-b200,jan-p10-t10k,82,2
sd03-b200,jan-p10-t10k,83,3
sd03-b200,jan-p10-t10k,84,3
sd03-b200,jan-p10-t10k,85,3
sd03-b200,jan-p10-t10k,86,3
sd03-b200,jan-p10-t10k,87,4
sd03-b200,jan-p10-t10k,88,4
sd03-b200,jan-p10-t10k,89,4
sd03-b200,jan-p10-t10k,90,5
sd03-b200,jan-p10-t10k,91,6
sd03-b200,jan-p10-t10k,92,6
sd03-b200,jan-p10-t10k,93,7
sd03-b200,jan-p10-t10k,94,9
sd03-b200,jan-p10-t10k,95,10
sd03-b200,jan-p10-t10k,96,13
sd03-b200,jan-p10-t10k,97,17
sd03-b200,jan-p10-t10k,98,25
sd03-b200,jan-p10-t10k,99,45
sd03-b200,jan-p20-t10k,1,0
sd03-b200,jan-p20-t10k,2,0
sd03-b200,jan-p20-t10k,3,0
sd03-b200,jan-p20-t10k,4,0
sd03-b200,jan-p20-t10k,5,0
sd03-b200,jan-p20-t10k,6,0
sd03-b200,jan-p20-t10k,7,0
sd03-b200,jan-p20-t10k,8,0
sd03-b200,jan-p20-t10k,9,0
sd03-b200,jan-p20-t10k,10,0
sd03-b200,jan-p20-t10k,11,0
sd03-b200,jan-p20-t10k,12,0
sd03-b200,jan-p20-t10k,13,0
sd03-b200,jan-p20-t10k,14,0
sd03-b200,jan-p20-t10k,15,0
sd03-b200,jan-p20-t10k,16,0
sd03-b200,jan-p20-t10k,17,0
sd03-b200,jan-p20-t10k,18,0
sd03-b200,jan-p20-t10k,19,0
sd03-b200,jan-p20-t10k,20,0
sd03-b200,jan-p20-t10k,21,0
sd03-b200,jan-p20-t10k,22,0
sd03-b200,jan-p20-t10k,23,0
sd03-b200,jan-p20-t10k,24,0
sd03-b200,jan-p20-t10k,25,0
sd03-b200,jan-p20-t10k,26,0
sd03-b200,jan-p20-t10k,27,0
sd03-b200,jan-p20-t10k,28,0
sd03-b200,jan-p20-t10k,29,0
sd03-b200,jan-p20-t10k,30,0
sd03-b200,jan-p20-t10k,31,0
sd03-b200,jan-p20-t10k,32,0
sd03-b200,jan-p20-t10k,33,0
sd03-b200,jan-p20-t10k,34,0
sd03-b200,jan-p20-t10k,35,0
sd03-b200,jan-p20-t10k,36,0
sd03-b200,jan-p20-t10k,37,0
sd03-b200,jan-p20-t10k,38,0
sd03-b200,jan-p20-t10k,39,0
sd03-b200,jan-p20-t10k,40,0
sd03-b200,jan-p20-t10k,41,0
sd03-b200,jan-p20-t10k,42,0
sd03-b200,jan-p20-t10k,43,0
sd03-b200,jan-p20-t10k,44,0
sd03-b200,jan-p20-t10k,45,0
sd03-b200,jan-p20-t10k,46,0
sd03-b200,jan-p20-t10k,47,0
sd03-b200,jan-p20-t10k,48,0
sd03-b200,jan-p20-t10k,49,0
sd03-b200,jan-p20-t10k,50,0
sd03-b200,jan-p20-t10k,51,0
sd03-b200,jan-p20-t10k,52,0
sd03-b200,jan-p20-t10k,53,0
sd03-b200,jan-p20-t10k,54,0
sd03-b200,jan-p20-t10k,55,0
sd03-b200,jan-p20-t10k,56,0
sd03-b200,jan-p20-t10k,57,0
sd03-b200,jan-p20-t10k,58,0
sd03-b200,jan-p20-t10k,59,0
sd03-b200,jan-p20-t10k,60,0
sd03-b200,jan-p20-t10k,61,0
sd03-b200,jan-p20-t10k,62,1
sd03-b200,jan-p20-t10k,63,1
sd03-b200,jan-p20-t10k,64,1
sd03-b200,jan-p20-t10k,65,1
sd03-b200,jan-p20-t10k,66,1
sd03-b200,jan-p20-t10k,67,1
sd03-b200,jan-p20-t10k,68,1
sd03-b200,jan-p20-t10k,69,1
sd03-b200,jan-p20-t10k,70,1
sd03-b200,jan-p20-t10k,71,1
sd03-b200,jan-p20-t10k,72,1
sd03-b200,jan-p20-t10k,73,1
sd03-b200,jan-p20-t10k,74,1
sd03-b200,jan-p20-t10k,75,1
sd03-b200,jan-p20-t10k,76,1
sd03-b200,jan-p20-t10k,77,2
sd03-b200,jan-p20-t10k,78,2
sd03-b200,jan-p20-t10k,79,2
sd03-b200,jan-p20-t10k,80,2
sd03-b200,jan-p20-t10k,81,2
sd03-b200,jan-p20-t10k,82,2
sd03-b200,jan-p20-t10k,83,2
sd03-b200,jan-p20-t10k,84,3
sd03-b200,jan-p20-t10k,85,3
sd03-b200,jan-p20-t10k,86,3
sd03-b200,jan-p20-t10k,87,4
sd03-b200,jan-p20-t10k,88,4
sd03-b200,jan-p20-t10k,89,4
sd03-b200,jan-p20-t10k,90,5
sd03-b200,jan-p20-t10k,91,6
sd03-b200,jan-p20-t10k,92,6
sd03-b200,jan-p20-t10k,93,7
sd03-b200,jan-p20-t10k,94,9
sd03-b200,jan-p20-t10k,95,10
sd03-b200,jan-p20-t10k,96,13
sd03-b200,jan-p20-t10k,97,17
sd03-b200,jan-p20-t10k,98,25
sd03-b200,jan-p20-t10k,99,43
sd04-b175,completa,1,0
sd04-b175,completa,2,0
sd04-b175,completa,3,0
sd04-b175,completa,4,0
sd04-b175,completa,5,0
sd04-b175,completa,6,0
sd04-b175,completa,7,0
sd04-b175,completa,8,0
sd04-b175,completa,9,0
sd04-b175,completa,10,0
sd04-b175,completa,11,0
sd04-b175,completa,12,0
sd04-b175,completa,13,0
sd04-b175,completa,14,0
sd04-b175,completa,15,0
sd04-b175,completa,16,0
sd04-b175,completa,17,0
sd04-b175,completa,18,0
sd04-b175,completa,19,0
sd04-b175,completa,20,0
sd04-b175,completa,21,0
sd04-b175,completa,22,0
sd04-b175,completa,23,0
sd04-b175,completa,24,0
sd04-b175,completa,25,0
sd04-b175,completa,26,0
sd04-b175,completa,27,0
sd04-b175,completa,28,0
sd04-b175,completa,29,0
sd04-b175,completa,30,0
sd04-b175,completa,31,0
sd04-b175,completa,32,0
sd04-b175,completa,33,0
sd04-b175,completa,34,0
sd04-b175,completa,35,0
sd04-b175,completa,36,0
sd04-b175,completa,37,0
sd04-b175,completa,38,0
sd04-b175,completa,39,0
sd04-b175,completa,40,0
sd04-b175,completa,41,0
sd04-b175,completa,42,0
sd04-b175,completa,43,0
sd04-b175,completa,44,0
sd04-b175,completa,45,0
sd04-b175,completa,46,0
sd04-b175,completa,47,0
sd04-b175,completa,48,0
sd04-b175,completa,49,0
sd04-b175,completa,50,0
sd04-b175,completa,51,0
sd04-b175,completa,52,1
sd04-b175,completa,53,1
sd04-b175,completa,54,1
sd04-b175,completa,55,1
sd04-b175,completa,56,1
sd04-b175,completa,57,1
sd04-b175,completa,58,1
sd04-b175,completa,59,1
sd04-b175,completa,60,1
sd04-b175,completa,61,1
sd04-b175,completa,62,1
sd04-b175,completa,63,1
sd04-b175,completa,64,1
sd04-b175,completa,65,1
sd04-b175,completa,66,1
sd04-b175,completa,67,2
sd04-b175,completa,68,2
sd04-b175,completa,69,2
sd04-b175,completa,70,2
sd04-b175,completa,71,2
sd04-b175,completa,72,2
sd04-b175,completa,73,2
sd04-b175,completa,74,3
sd04-b175,completa,75,3
sd04-b175,completa,76,3
sd04-b175,completa,77,3
sd04-b175,completa,78,3
sd04-b175,completa,79,4
sd04-b175,completa,80,4
sd04-b175,completa,81,4
sd04-b175,completa,82,5
sd04-b175,completa,83,5
sd04-b175,completa,84,6
sd04-b175,completa,85,6
sd04-b175,completa,86,7
sd04-b175,completa,87,8
sd04-b175,completa,88,9
sd04-b175,completa,89,10
sd04-b175,completa,90,12
sd04-b175,completa,91,14
sd04-b175,completa,92,16
sd04-b175,completa,93,20
sd04-b175,completa,94,24
sd04-b175,completa,95,31
sd04-b175,completa,96,41
sd04-b175,completa,97,61
sd04-b175,completa,98,104
sd04-b175,completa,99,250
sd04-b175,sis-p01,1,0
sd04-b175,sis-p01,2,0
sd04-b175,sis-p01,3,0
sd04-b175,sis-p01,4,0
sd04-b175,sis-p01,5,0
sd04-b175,sis-p01,6,0
sd04-b175,sis-p01,7,0
sd04-b175,sis-p01,8,0
sd04-b175,sis-p01,9,0
sd04-b175,sis-p01,10,0
sd04-b175,sis-p01,11,0
sd04-b175,sis-p01,12,0
sd04-b175,sis-p01,13,0
sd04-b175,sis-p01,14,0
sd04-b175,sis-p01,15,0
sd04-b175,sis-p01,16,0
sd04-b175,sis-p01,17,1
sd04-b175,sis-p01,18,1
sd04-b175,sis-p01,19,1
sd04-b175,sis-p01,20,1
sd04-b175,sis-p01,21,1
sd04-b175,sis-p01,22,1
sd04-b175,sis-p01,23,1
sd04-b175,sis-p01,24,1
sd04-b175,sis-p01,25,1
sd04-b175,sis-p01,26,1
sd04-b175,sis-p01,27,1
sd04-b175,sis-p01,28,2
sd04-b175,sis-p01,29,2
sd04-b175,sis-p01,30,2
sd04-b175,sis-p01,31,2
sd04-b175,sis-p01,32,2
sd04-b175,sis-p01,33,2
sd04-b175,sis-p01,34,2
sd04-b175,sis-p01,35,3
sd04-b175,sis-p01,36,3
sd04-b175,sis-p01,37,3
sd04-b175,sis-p01,38,3
sd04-b175,sis-p01,39,4
sd04-b175,sis-p01,40,4
sd04-b175,sis-p01,41,4
sd04-b175,sis-p01,42,4
sd04-b175,sis-p01,43,4
sd04-b175,sis-p01,44,4
sd04-b175,sis-p01,45,5
sd04-b175,sis-p01,46,5
sd04-b175,sis-p01,47,5
sd04-b175,sis-p01,48,6
sd04-b175,sis-p01,49,6
sd04-b175,sis-p01,50,6
sd04-b175,sis-p01,51,6
sd04-b175,sis-p01,52,7
sd04-b175,sis-p01,53,7
sd04-b175,sis-p01,54,8
sd04-b175,sis-p01,55,8
sd04-b175,sis-p01,56,9
sd04-b175,sis-p01,57,9
sd04-b175,sis-p01,58,10
sd04-b175,sis-p01,59,10
sd04-b175,sis-p01,60,11
sd04-b175,sis-p01,61,12
sd04-b175,sis-p01,62,12
sd04-b175,sis-p01,63,13
sd04-b175,sis-p01,64,13
sd04-b175,sis-p01,65,14
sd04-b175,sis-p01,66,15
sd04-b175,sis-p01,67,17
sd04-b175,sis-p01,68,18
sd04-b175,sis-p01,69,19
sd04-b175,sis-p01,70,20
sd04-b175,sis-p01,71,23
sd04-b175,sis-p01,72,24
sd04-b175,sis-p01,73,27
sd04-b175,sis-p01,74,28
sd04-b175,sis-p01,75,30
sd04-b175,sis-p01,76,32
sd04-b175,sis-p01,77,34
sd04-b175,sis-p01,78,37
sd04-b175,sis-p01,79,41
sd04-b175,sis-p01,80,46
sd04-b175,sis-p01,81,48
sd04-b175,sis-p01,82,51
sd04-b175,sis-p01,83,54
sd04-b175,sis-p01,84,57
sd04-b175,sis-p01,85,61
sd04-b175,sis-p01,86,69
sd04-b175,sis-p01,87,79
sd04-b175,sis-p01,88,91
sd04-b175,sis-p01,89,101
sd04-b175,sis-p01,90,112
sd04-b175,sis-p01,91,123
sd04-b175,sis-p01,92,147
sd04-b175,sis-p01,93,168
sd04-b175,sis-p01,94,190
sd04-b175,sis-p01,95,224
sd04-b175,sis-p01,96,280
sd04-b175,sis-p01,97,354
sd04-b175,sis-p01,98,500
sd04-b175,sis-p01,99,834
sd04-b175,sis-p10,1,0
sd04-b175,sis-p10,2,0
sd04-b175,sis-p10,3,0
sd04-b175,sis-p10,4,0
sd04-b175,sis-p10,5,0
sd04-b175,sis-p10,6,0
sd04-b175,sis-p10,7,0
sd04-b175,sis-p10,8,0
sd04-b175,sis-p10,9,0
sd04-b175,sis-p10,10,0
sd04-b175,sis-p10,11,0
sd04-b175,sis-p10,12,0
sd04-b175,sis-p10,13,0
sd04-b175,sis-p10,14,0
sd04-b175,sis-p10,15,0
sd04-b175,sis-p10,16,0
sd04-b175,sis-p10,17,0
sd04-b175,sis-p10,18,1
sd04-b175,sis-p10,19,1
sd04-b175,sis-p10,20,1
sd04-b175,sis-p10,21,1
sd04-b175,sis-p10,22,1
sd04-b175,sis-p10,23,1
sd04-b175,sis-p10,24,1
sd04-b175,sis-p10,25,1
sd04-b175,sis-p10,26,1
sd04-b175,sis-p10,27,1
sd04-b175,sis-p10,28,2
sd04-b175,sis-p10,29,2
sd04-b175,sis-p10,30,2
sd04-b175,sis-p10,31,2
sd04-b175,sis-p10,32,2
sd04-b175,sis-p10,33,2
sd04-b175,sis-p10,34,2
sd04-b175,sis-p10,35,3
sd04-b175,sis-p10,36,3
sd04-b175,sis-p10,37,3
sd04-b175,sis-p10,38,3
sd04-b175,sis-p10,39,3
sd04-b175,sis-p10,40,4
sd04-b175,sis-p10,41,4
sd04-b175,sis-p10,42,4
sd04-b175,sis-p10,43,4
sd04-b175,sis-p10,44,5
sd04-b175,sis-p10,45,5
sd04-b175,sis-p10,46,5
sd04-b175,sis-p10,47,5
sd04-b175,sis-p10,48,6
sd04-b175,sis-p10,49,6
sd04-b175,sis-p10,50,6
sd04-b175,sis-p10,51,7
sd04-b175,sis-p10,52,7
sd04-b175,sis-p10,53,8
sd04-b175,sis-p10,54,8
sd04-b175,sis-p10,55,9
sd04-b175,sis-p10,56,9
sd04-b175,sis-p10,57,10
sd04-b175,sis-p10,58,10
sd04-b175,sis-p10,59,11
sd04-b175,sis-p10,60,11
sd04-b175,sis-p10,61,12
sd04-b175,sis-p10,62,13
sd04-b175,sis-p10,63,13
sd04-b175,sis-p10,64,14
sd04-b175,sis-p10,65,15
sd04-b175,sis-p10,66,16
sd04-b175,sis-p10,67,17
sd04-b175,sis-p10,68,18
sd04-b175,sis-p10,69,19
sd04-b175,sis-p10,70,21
sd04-b175,sis-p10,71,22
sd04-b175,sis-p10,72,24
sd04-b175,sis-p10,73,25
sd04-b175,sis-p10,74,27
sd04-b175,sis-p10,75,29
sd04-b175,sis-p10,76,31
sd04-b175,sis-p10,77,34
sd04-b175,sis-p10,78,36
sd04-b175,sis-p10,79,39
sd04-b175,sis-p10,80,42
sd04-b175,sis-p10,81,46
sd04-b175,sis-p10,82,50
sd04-b175,sis-p10,83,55
sd04-b175,sis-p10,84,60
sd04-b175,sis-p10,85,67
sd04-b175,sis-p10,86,74
sd04-b175,sis-p10,87,83
sd04-b175,sis-p10,88,93
sd04-b175,sis-p10,89,105
sd04-b175,sis-p10,90,120
sd04-b175,sis-p10,91,138
sd04-b175,sis-p10,92,163
sd04-b175,sis-p10,93,196
sd04-b175,sis-p10,94,239
sd04-b175,sis-p10,95,305
sd04-b175,sis-p10,96,396
sd04-b175,sis-p10,97,548
sd04-b175,sis-p10,98,836
sd04-b175,sis-p10,99,1519
sd04-b175,sis-p20,1,0
sd04-b175,sis-p20,2,0
sd04-b175,sis-p20,3,0
sd04-b175,sis-p20,4,0
sd04-b175,sis-p20,5,0
sd04-b175,sis-p20,6,0
sd04-b175,sis-p20,7,0
sd04-b175,sis-p20,8,0
sd04-b175,sis-p20,9,0
sd04-b175,sis-p20,10,0
sd04-b175,sis-p20,11,0
sd04-b175,sis-p20,12,0
sd04-b175,sis-p20,13,0
sd04-b175,sis-p20,14,0
sd04-b175,sis-p20,15,0
sd04-b175,sis-p20,16,0
sd04-b175,sis-p20,17,0
sd04-b175,sis-p20,18,0
sd04-b175,sis-p20,19,0
sd04-b175,sis-p20,20,0
sd04-b175,sis-p20,21,0
sd04-b175,sis-p20,22,1
sd04-b175,sis-p20,23,1
sd04-b175,sis-p20,24,1
sd04-b175,sis-p20,25,1
sd04-b175,sis-p20,26,1
sd04-b175,sis-p20,27,1
sd04-b175,sis-p20,28,1
sd04-b175,sis-p20,29,1
sd04-b175,sis-p20,30,1
sd04-b175,sis-p20,31,1
sd04-b175,sis-p20,32,1
sd04-b175,sis-p20,33,1
sd04-b175,sis-p20,34,2
sd04-b175,sis-p20,35,2
sd04-b175,sis-p20,36,2
sd04-b175,sis-p20,37,2
sd04-b175,sis-p20,38,2
sd04-b175,sis-p20,39,2
sd04-b175,sis-p20,40,2
sd04-b175,sis-p20,41,2
sd04-b175,sis-p20,42,3
sd04-b175,sis-p20,43,3
sd04-b175,sis-p20,44,3
sd04-b175,sis-p20,45,3
sd04-b175,sis-p20,46,3
sd04-b175,sis-p20,47,3
sd04-b175,sis-p20,48,4
sd04-b175,sis-p20,49,4
sd04-b175,sis-p20,50,4
sd04-b175,sis-p20,51,4
sd04-b175,sis-p20,52,4
sd04-b175,sis-p20,53,5
sd04-b175,sis-p20,54,5
sd04-b175,sis-p20,55,5
sd04-b175,sis-p20,56,6
sd04-b175,sis-p20,57,6
sd04-b175,sis-p20,58,6
sd04-b175,sis-p20,59,7
sd04-b175,sis-p20,60,7
sd04-b175,sis-p20,61,7
sd04-b175,sis-p20,62,8
sd04-b175,sis-p20,63,8
sd04-b175,sis-p20,64,9
sd04-b175,sis-p20,65,9
sd04-b175,sis-p20,66,10
sd04-b175,sis-p20,67,10
sd04-b175,sis-p20,68,11
sd04-b175,sis-p20,69,12
sd04-b175,sis-p20,70,12
sd04-b175,sis-p20,71,13
sd04-b175,sis-p20,72,14
sd04-b175,sis-p20,73,15
sd04-b175,sis-p20,74,16
sd04-b175,sis-p20,75,17
sd04-b175,sis-p20,76,19
sd04-b175,sis-p20,77,20
sd04-b175,sis-p20,78,21
sd04-b175,sis-p20,79,23
sd04-b175,sis-p20,80,25
sd04-b175,sis-p20,81,27
sd04-b175,sis-p20,82,30
sd04-b175,sis-p20,83,33
sd04-b175,sis-p20,84,36
sd04-b175,sis-p20,85,40
sd04-b175,sis-p20,86,44
sd04-b175,sis-p20,87,49
sd04-b175,sis-p20,88,55
sd04-b175,sis-p20,89,63
sd04-b175,sis-p20,90,72
sd04-b175,sis-p20,91,84
sd04-b175,sis-p20,92,98
sd04-b175,sis-p20,93,118
sd04-b175,sis-p20,94,145
sd04-b175,sis-p20,95,185
sd04-b175,sis-p20,96,247
sd04-b175,sis-p20,97,355
sd04-b175,sis-p20,98,566
sd04-b175,sis-p20,99,1143
sd04-b175,jan-p01-t1k,1,0
sd04-b175,jan-p01-t1k,2,0
sd04-b175,jan-p01-t1k,3,0
sd04-b175,jan-p01-t1k,4,0
sd04-b175,jan-p01-t1k,5,0
sd04-b175,jan-p01-t1k,6,0
sd04-b175,jan-p01-t1k,7,0
sd04-b175,jan-p01-t1k,8,0
sd04-b175,jan-p01-t1k,9,0
sd04-b175,jan-p01-t1k,10,0
sd04-b175,jan-p01-t1k,11,0
sd04-b175,jan-p01-t1k,12,0
sd04-b175,jan-p01-t1k,13,0
sd04-b175,jan-p01-t1k,14,0
sd04-b175,jan-p01-t1k,15,0
sd04-b175,jan-p01-t1k,16,0
sd04-b175,jan-p01-t1k,17,0
sd04-b175,jan-p01-t1k,18,0
sd04-b175,jan-p01-t1k,19,0
sd04-b175,jan-p01-t1k,20,0
sd04-b175,jan-p01-t1k,21,0
sd04-b175,jan-p01-t1k,22,0
sd04-b175,jan-p01-t1k,23,0
sd04-b175,jan-p01-t1k,24,0
sd04-b175,jan-p01-t1k,25,0
sd04-b175,jan-p01-t1k,26,0
sd04-b175,jan-p01-t1k,27,0
sd04-b175,jan-p01-t1k,28,0
sd04-b175,jan-p01-t1k,29,0
sd04-b175,jan-p01-t1k,30,0
sd04-b175,jan-p01-t1k,31,0
sd04-b175,jan-p01-t1k,32,0
sd04-b175,jan-p01-t1k,33,0
sd04-b175,jan-p01-t1k,34,0
sd04-b175,jan-p01-t1k,35,0
sd04-b175,jan-p01-t1k,36,0
sd04-b175,jan-p01-t1k,37,0
sd04-b175,jan-p01-t1k,38,0
sd04-b175,jan-p01-t1k,39,0
sd04-b175,jan-p01-t1k,40,0
sd04-b175,jan-p01-t1k,41,0
sd04-b175,jan-p01-t1k,42,0
sd04-b175,jan-p01-t1k,43,0
sd04-b175,jan-p01-t1k,44,0
sd04-b175,jan-p01-t1k,45,0
sd04-b175,jan-p01-t1k,46,0
sd04-b175,jan-p01-t1k,47,0
sd04-b175,jan-p01-t1k,48,0
sd04-b175,jan-p01-t1k,49,0
sd04-b175,jan-p01-t1k,50,0
sd04-b175,jan-p01-t1k,51,0
sd04-b175,jan-p01-t1k,52,0
sd04-b175,jan-p01-t1k,53,1
sd04-b175,jan-p01-t1k,54,1
sd04-b175,jan-p01-t1k,55,1
sd04-b175,jan-p01-t1k,56,1
sd04-b175,jan-p01-t1k,57,1
sd04-b175,jan-p01-t1k,58,1
sd04-b175,jan-p01-t1k,59,1
sd04-b175,jan-p01-t1k,60,1
sd04-b175,jan-p01-t1k,61,1
sd04-b175,jan-p01-t1k,62,1
sd04-b175,jan-p01-t1k,63,1
sd04-b175,jan-p01-t1k,64,1
sd04-b175,jan-p01-t1k,65,1
sd04-b175,jan-p01-t1k,66,1
sd04-b175,jan-p01-t1k,67,1
sd04-b175,jan-p01-t1k,68,1
sd04-b175,jan-p01-t1k,69,2
sd04-b175,jan-p01-t1k,70,2
sd04-b175,jan-p01-t1k,71,2
sd04-b175,jan-p01-t1k,72,2
sd04-b175,jan-p01-t1k,73,2
sd04-b175,jan-p01-t1k,74,2
sd04-b175,jan-p01-t1k,75,2
sd04-b175,jan-p01-t1k,76,2
sd04-b175,jan-p01-t1k,77,3
sd04-b175,jan-p01-t1k,78,3
sd04-b175,jan-p01-t1k,79,3
sd04-b175,jan-p01-t1k,80,3
sd04-b175,jan-p01-t1k,81,3
sd04-b175,jan-p01-t1k,82,4
sd04-b175,jan-p01-t1k,83,4
sd04-b175,jan-p01-t1k,84,4
sd04-b175,jan-p01-t1k,85,5
sd04-b175,jan-p01-t1k,86,5
sd04-b175,jan-p01-t1k,87,6
sd04-b175,jan-p01-t1k,88,6
sd04-b175,jan-p01-t1k,89,7
sd04-b175,jan-p01-t1k,90,8
sd04-b175,jan-p01-t1k,91,8
sd04-b175,jan-p01-t1k,92,9
sd04-b175,jan-p01-t1k,93,11
sd04-b175,jan-p01-t1k,94,12
sd04-b175,jan-p01-t1k,95,14
sd04-b175,jan-p01-t1k,96,18
sd04-b175,jan-p01-t1k,97,21
sd04-b175,jan-p01-t1k,98,27
sd04-b175,jan-p01-t1k,99,37
sd04-b175,jan-p10-t1k,1,0
sd04-b175,jan-p10-t1k,2,0
sd04-b175,jan-p10-t1k,3,0
sd04-b175,jan-p10-t1k,4,0
sd04-b175,jan-p10-t1k,5,0
sd04-b175,jan-p10-t1k,6,0
sd04-b175,jan-p10-t1k,7,0
sd04-b175,jan-p10-t1k,8,0
sd04-b175,jan-p10-t1k,9,0
sd04-b175,jan-p10-t1k,10,0
sd04-b175,jan-p10-t1k,11,0
sd04-b175,jan-p10-t1k,12,0
sd04-b175,jan-p10-t1k,13,0
sd04-b175,jan-p10-t1k,14,0
sd04-b175,jan-p10-t1k,15,0
sd04-b175,jan-p10-t1k,16,0
sd04-b175,jan-p10-t1k,17,0
sd04-b175,jan-p10-t1k,18,0
sd04-b175,jan-p10-t1k,19,0
sd04-b175,jan-p10-t1k,20,0
sd04-b175,jan-p10-t1k,21,0
sd04-b175,jan-p10-t1k,22,0
sd04-b175,jan-p10-t1k,23,0
sd04-b175,jan-p10-t1k,24,0
sd04-b175,jan-p10-t1k,25,0
sd04-b175,jan-p10-t1k,26,0
sd04-b175,jan-p10-t1k,27,0
sd04-b175,jan-p10-t1k,28,0
sd04-b175,jan-p10-t1k,29,0
sd04-b175,jan-p10-t1k,30,0
sd04-b175,jan-p10-t1k,31,0
sd04-b175,jan-p10-t1k,32,0
sd04-b175,jan-p10-t1k,33,0
sd04-b175,jan-p10-t1k,34,0
sd04-b175,jan-p10-t1k,35,0
sd04-b175,jan-p10-t1k,36,0
sd04-b175,jan-p10-t1k,37,0
sd04-b175,jan-p10-t1k,38,0
sd04-b175,jan-p10-t1k,39,0
sd04-b175,jan-p10-t1k,40,0
sd04-b175,jan-p10-t1k,41,0
sd04-b175,jan-p10-t1k,42,0
sd04-b175,jan-p10-t1k,43,0
sd04-b175,jan-p10-t1k,44,0
sd04-b175,jan-p10-t1k,45,0
sd04-b175,jan-p10-t1k,46,0
sd04-b175,jan-p10-t1k,47,0
sd04-b175,jan-p10-t1k,48,0
sd04-b175,jan-p10-t1k,49,0
sd04-b175,jan-p10-t1k,50,0
sd04-b175,jan-p10-t1k,51,0
sd04-b175,jan-p10-t1k,52,0
sd04-b175,jan-p10-t1k,53,0
sd04-b175,jan-p10-t1k,54,1
sd04-b175,jan-p10-t1k,55,1
sd04-b175,jan-p10-t1k,56,1
sd04-b175,jan-p10-t1k,57,1
sd04-b175,jan-p10-t1k,58,1
sd04-b175,jan-p10-t1k,59,1
sd04-b175,jan-p10-t1k,60,1
sd04-b175,jan-p10-t1k,61,1
sd04-b175,jan-p10-t1k,62,1
sd04-b175,jan-p10-t1k,63,1
sd04-b175,jan-p10-t1k,64,1
sd04-b175,jan-p10-t1k,65,1
sd04-b175,jan-p10-t1k,66,1
sd04-b175,jan-p10-t1k,67,1
sd04-b175,jan-p10-t1k,68,1
sd04-b175,jan-p10-t1k,69,2
sd04-b175,jan-p10-t1k,70,2
sd04-b175,jan-p10-t1k,71,2
sd04-b175,jan-p10-t1k,72,2
sd04-b175,jan-p10-t1k,73,2
sd04-b175,jan-p10-t1k,74,2
sd04-b175,jan-p10-t1k,75,2
sd04-b175,jan-p10-t1k,76,2
sd04-b175,jan-p10-t1k,77,3
sd04-b175,jan-p10-t1k,78,3
sd04-b175,jan-p10-t1k,79,3
sd04-b175,jan-p10-t1k,80,3
sd04-b175,jan-p10-t1k,81,3
sd04-b175,jan-p10-t1k,82,4
sd04-b175,jan-p10-t1k,83,4
sd04-b175,jan-p10-t1k,84,4
sd04-b175,jan-p10-t1k,85,5
sd04-b175,jan-p10-t1k,86,5
sd04-b175,jan-p10-t1k,87,6
sd04-b175,jan-p10-t1k,88,6
sd04-b175,jan-p10-t1k,89,7
sd04-b175,jan-p10-t1k,90,8
sd04-b175,jan-p10-t1k,91,9
sd04-b175,jan-p10-t1k,92,10
sd04-b175,jan-p10-t1k,93,11
sd04-b175,jan-p10-t1k,94,13
sd04-b175,jan-p10-t1k,95,15
sd04-b175,jan-p10-t1k,96,18
sd04-b175,jan-p10-t1k,97,23
sd04-b175,jan-p10-t1k,98,29
sd04-b175,jan-p10-t1k,99,43
sd04-b175,jan-p20-t1k,1,0
sd04-b175,jan-p20-t1k,2,0
sd04-b175,jan-p20-t1k,3,0
sd04-b175,jan-p20-t1k,4,0
sd04-b175,jan-p20-t1k,5,0
sd04-b175,jan-p20-t1k,6,0
sd04-b175,jan-p20-t1k,7,0
sd04-b175,jan-p20-t1k,8,0
sd04-b175,jan-p20-t1k,9,0
sd04-b175,jan-p20-t1k,10,0
sd04-b175,jan-p20-t1k,11,0
sd04-b175,jan-p20-t1k,12,0
sd04-b175,jan-p20-t1k,13,0
sd04-b175,jan-p20-t1k,14,0
sd04-b175,jan-p20-t1k,15,0
sd04-b175,jan-p20-t1k,16,0
sd04-b175,jan-p20-t1k,17,0
sd04-b175,jan-p20-t1k,18,0
sd04-b175,jan-p20-t1k,19,0
sd04-b175,jan-p20-t1k,20,0
sd04-b175,jan-p20-t1k,21,0
sd04-b175,jan-p20-t1k,22,0
sd04-b175,jan-p20-t1k,23,0
sd04-b175,jan-p20-t1k,24,0
sd04-b175,jan-p20-t1k,25,0
sd04-b175,jan-p20-t1k,26,0
sd04-b175,jan-p20-t1k,27,0
sd04-b175,jan-p20-t1k,28,0
sd04-b175,jan-p20-t1k,29,0
sd04-b175,jan-p20-t1k,30,0
sd04-b175,jan-p20-t1k,31,0
sd04-b175,jan-p20-t1k,32,0
sd04-b175,jan-p20-t1k,33,0
sd04-b175,jan-p20-t1k,34,0
sd04-b175,jan-p20-t1k,35,0
sd04-b175,jan-p20-t1k,36,0
sd04-b175,jan-p20-t1k,37,0
sd04-b175,jan-p20-t1k,38,0
sd04-b175,jan-p20-t1k,39,0
sd04-b175,jan-p20-t1k,40,0
sd04-b175,jan-p20-t1k,41,0
sd04-b175,jan-p20-t1k,42,0
sd04-b175,jan-p20-t1k,43,0
sd04-b175,jan-p20-t1k,44,0
sd04-b175,jan-p20-t1k,45,0
sd04-b175,jan-p20-t1k,46,0
sd04-b175,jan-p20-t1k,47,0
sd04-b175,jan-p20-t1k,48,0
sd04-b175,jan-p20-t1k,49,0
sd04-b175,jan-p20-t1k,50,0
sd04-b175,jan-p20-t1k,51,0
sd04-b175,jan-p20-t1k,52,0
sd04-b175,jan-p20-t1k,53,1
sd04-b175,jan-p20-t1k,54,1
sd04-b175,jan-p20-t1k,55,1
sd04-b175,jan-p20-t1k,56,1
sd04-b175,jan-p20-t1k,57,1
sd04-b175,jan-p20-t1k,58,1
sd04-b175,jan-p20-t1k,59,1
sd04-b175,jan-p20-t1k,60,1
sd04-b175,jan-p20-t1k,61,1
sd04-b175,jan-p20-t1k,62,1
sd04-b175,jan-p20-t1k,63,1
sd04-b175,jan-p20-t1k,64,1
sd04-b175,jan-p20-t1k,65,1
sd04-b175,jan-p20-t1k,66,1
sd04-b175,jan-p20-t1k,67,1
sd04-b175,jan-p20-t1k,68,1
sd04-b175,jan-p20-t1k,69,2
sd04-b175,jan-p20-t1k,70,2
sd04-b175,jan-p20-t1k,71,2
sd04-b175,jan-p20-t1k,72,2
sd04-b175,jan-p20-t1k,73,2
sd04-b175,jan-p20-t1k,74,2
sd04-b175,jan-p20-t1k,75,2
sd04-b175,jan-p20-t1k,76,2
sd04-b175,jan-p20-t1k,77,3
sd04-b175,jan-p20-t1k,78,3
sd04-b175,jan-p20-t1k,79,3
sd04-b175,jan-p20-t1k,80,3
sd04-b175,jan-p20-t1k,81,3
sd04-b175,jan-p20-t1k,82,4
sd04-b175,jan-p20-t1k,83,4
sd04-b175,jan-p20-t1k,84,4
sd04-b175,jan-p20-t1k,85,5
sd04-b175,jan-p20-t1k,86,5
sd04-b175,jan-p20-t1k,87,6
sd04-b175,jan-p20-t1k,88,6
sd04-b175,jan-p20-t1k,89,7
sd04-b175,jan-p20-t1k,90,8
sd04-b175,jan-p20-t1k,91,9
sd04-b175,jan-p20-t1k,92,10
sd04-b175,jan-p20-t1k,93,12
sd04-b175,jan-p20-t1k,94,14
sd04-b175,jan-p20-t1k,95,16
sd04-b175,jan-p20-t1k,96,20
sd04-b175,jan-p20-t1k,97,25
sd04-b175,jan-p20-t1k,98,34
sd04-b175,jan-p20-t1k,99,56
sd04-b175,jan-p01-t10k,1,0
sd04-b175,jan-p01-t10k,2,0
sd04-b175,jan-p01-t10k,3,0
sd04-b175,jan-p01-t10k,4,0
sd04-b175,jan-p01-t10k,5,0
sd04-b175,jan-p01-t10k,6,0
sd04-b175,jan-p01-t10k,7,0
sd04-b175,jan-p01-t10k,8,0
sd04-b175,jan-p01-t10k,9,0
sd04-b175,jan-p01-t10k,10,0
sd04-b175,jan-p01-t10k,11,0
sd04-b175,jan-p01-t10k,12,0
sd04-b175,jan-p01-t10k,13,0
sd04-b175,jan-p01-t10k,14,0
sd04-b175,jan-p01-t10k,15,0
sd04-b175,jan-p01-t10k,16,0
sd04-b175,jan-p01-t10k,17,0
sd04-b175,jan-p01-t10k,18,0
sd04-b175,jan-p01-t10k,19,0
sd04-b175,jan-p01-t10k,20,0
sd04-b175,jan-p01-t10k,21,0
sd04-b175,jan-p01-t10k,22,0
sd04-b175,jan-p01-t10k,23,0
sd04-b175,jan-p01-t10k,24,0
sd04-b175,jan-p01-t10k,25,0
sd04-b175,jan-p01-t10k,26,0
sd04-b175,jan-p01-t10k,27,0
sd04-b175,jan-p01-t10k,28,0
sd04-b175,jan-p01-t10k,29,0
sd04-b175,jan-p01-t10k,30,0
sd04-b175,jan-p01-t10k,31,0
sd04-b175,jan-p01-t10k,32,0
sd04-b175,jan-p01-t10k,33,0
sd04-b175,jan-p01-t10k,34,0
sd04-b175,jan-p01-t10k,35,0
sd04-b175,jan-p01-t10k,36,0
sd04-b175,jan-p01-t10k,37,0
sd04-b175,jan-p01-t10k,38,0
sd04-b175,jan-p01-t10k,39,0
sd04-b175,jan-p01-t10k,40,0
sd04-b175,jan-p01-t10k,41,0
sd04-b175,jan-p01-t10k,42,0
sd04-b175,jan-p01-t10k,43,0
sd04-b175,jan-p01-t10k,44,0
sd04-b175,jan-p01-t10k,45,0
sd04-b175,jan-p01-t10k,46,0
sd04-b175,jan-p01-t10k,47,0
sd04-b175,jan-p01-t10k,48,0
sd04-b175,jan-p01-t10k,49,0
sd04-b175,jan-p01-t10k,50,0
sd04-b175,jan-p01-t10k,51,0
sd04-b175,jan-p01-t10k,52,1
sd04-b175,jan-p01-t10k,53,1
sd04-b175,jan-p01-t10k,54,1
sd04-b175,jan-p01-t10k,55,1
sd04-b175,jan-p01-t10k,56,1
sd04-b175,jan-p01-t10k,57,1
sd04-b175,jan-p01-t10k,58,1
sd04-b175,jan-p01-t10k,59,1
sd04-b175,jan-p01-t10k,60,1
sd04-b175,jan-p01-t10k,61,1
sd04-b175,jan-p01-t10k,62,1
sd04-b175,jan-p01-t10k,63,1
sd04-b175,jan-p01-t10k,64,1
sd04-b175,jan-p01-t10k,65,1
sd04-b175,jan-p01-t10k,66,1
sd04-b175,jan-p01-t10k,67,2
sd04-b175,jan-p01-t10k,68,2
sd04-b175,jan-p01-t10k,69,2
sd04-b175,jan-p01-t10k,70,2
sd04-b175,jan-p01-t10k,71,2
sd04-b175,jan-p01-t10k,72,2
sd04-b175,jan-p01-t10k,73,2
sd04-b175,jan-p01-t10k,74,2
sd04-b175,jan-p01-t10k,75,3
sd04-b175,jan-p01-t10k,76,3
sd04-b175,jan-p01-t10k,77,3
sd04-b175,jan-p01-t10k,78,3
sd04-b175,jan-p01-t10k,79,4
sd04-b175,jan-p01-t10k,80,4
sd04-b175,jan-p01-t10k,81,4
sd04-b175,jan-p01-t10k,82,5
sd04-b175,jan-p01-t10k,83,5
sd04-b175,jan-p01-t10k,84,6
sd04-b175,jan-p01-t10k,85,6
sd04-b175,jan-p01-t10k,86,7
sd04-b175,jan-p01-t10k,87,8
sd04-b175,jan-p01-t10k,88,9
sd04-b175,jan-p01-t10k,89,10
sd04-b175,jan-p01-t10k,90,11
sd04-b175,jan-p01-t10k,91,13
sd04-b175,jan-p01-t10k,92,15
sd04-b175,jan-p01-t10k,93,17
sd04-b175,jan-p01-t10k,94,20
sd04-b175,jan-p01-t10k,95,25
sd04-b175,jan-p01-t10k,96,32
sd04-b175,jan-p01-t10k,97,42
sd04-b175,jan-p01-t10k,98,61
sd04-b175,jan-p01-t10k,99,106
sd04-b175,jan-p10-t10k,1,0
sd04-b175,jan-p10-t10k,2,0
sd04-b175,jan-p10-t10k,3,0
sd04-b175,jan-p10-t10k,4,0
sd04-b175,jan-p10-t10k,5,0
sd04-b175,jan-p10-t10k,6,0
sd04-b175,jan-p10-t10k,7,0
sd04-b175,jan-p10-t10k,8,0
sd04-b175,jan-p10-t10k,9,0
sd04-b175,jan-p10-t10k,10,0
sd04-b175,jan-p10-t10k,11,0
sd04-b175,jan-p10-t10k,12,0
sd04-b175,jan-p10-t10k,13,0
sd04-b175,jan-p10-t10k,14,0
sd04-b175,jan-p10-t10k,15,0
sd04-b175,jan-p10-t10k,16,0
sd04-b175,jan-p10-t10k,17,0
sd04-b175,jan-p10-t10k,18,0
sd04-b175,jan-p10-t10k,19,0
sd04-b175,jan-p10-t10k,20,0
sd04-b175,jan-p10-t10k,21,0
sd04-b175,jan-p10-t10k,22,0
sd04-b175,jan-p10-t10k,23,0
sd04-b175,jan-p10-t10k,24,0
sd04-b175,jan-p10-t10k,25,0
sd04-b175,jan-p10-t10k,26,0
sd04-b175,jan-p10-t10k,27,0
sd04-b175,jan-p10-t10k,28,0
sd04-b175,jan-p10-t10k,29,0
sd04-b175,jan-p10-t10k,30,0
sd04-b175,jan-p10-t10k,31,0
sd04-b175,jan-p10-t10k,32,0
sd04-b175,jan-p10-t10k,33,0
sd04-b175,jan-p10-t10k,34,0
sd04-b175,jan-p10-t10k,35,0
sd04-b175,jan-p10-t10k,36,0
sd04-b175,jan-p10-t10k,37,0
sd04-b175,jan-p10-t10k,38,0
sd04-b175,jan-p10-t10k,39,0
sd04-b175,jan-p10-t10k,40,0
sd04-b175,jan-p10-t10k,41,0
sd04-b175,jan-p10-t10k,42,0
sd04-b175,jan-p10-t10k,43,0
sd04-b175,jan-p10-t10k,44,0
sd04-b175,jan-p10-t10k,45,0
sd04-b175,jan-p10-t10k,46,0
sd04-b175,jan-p10-t10k,47,0
sd04-b175,jan-p10-t10k,48,0
sd04-b175,jan-p10-t10k,49,0
sd04-b175,jan-p10-t10k,50,0
sd04-b175,jan-p10-t10k,51,0
sd04-b175,jan-p10-t10k,52,1
sd04-b175,jan-p10-t10k,53,1
sd04-b175,jan-p10-t10k,54,1
sd04-b175,jan-p10-t10k,55,1
sd04-b175,jan-p10-t10k,56,1
sd04-b175,jan-p10-t10k,57,1
sd04-b175,jan-p10-t10k,58,1
sd04-b175,jan-p10-t10k,59,1
sd04-b175,jan-p10-t10k,60,1
sd04-b175,jan-p10-t10k,61,1
sd04-b175,jan-p10-t10k,62,1
sd04-b175,jan-p10-t10k,63,1
sd04-b175,jan-p10-t10k,64,1
sd04-b175,jan-p10-t10k,65,1
sd04-b175,jan-p10-t10k,66,1
sd04-b175,jan-p10-t10k,67,2
sd04-b175,jan-p10-t10k,68,2
sd04-b175,jan-p10-t10k,69,2
sd04-b175,jan-p10-t10k,70,2
sd04-b175,jan-p10-t10k,71,2
sd04-b175,jan-p10-t10k,72,2
sd04-b175,jan-p10-t10k,73,2
sd04-b175,jan-p10-t10k,74,2
sd04-b175,jan-p10-t10k,75,3
sd04-b175,jan-p10-t10k,76,3
sd04-b175,jan-p10-t10k,77,3
sd04-b175,jan-p10-t10k,78,3
sd04-b175,jan-p10-t10k,79,4
sd04-b175,jan-p10-t10k,80,4
sd04-b175,jan-p10-t10k,81,4
sd04-b175,jan-p10-t10k,82,5
sd04-b175,jan-p10-t10k,83,5
sd04-b175,jan-p10-t10k,84,5
sd04-b175,jan-p10-t10k,85,6
sd04-b175,jan-p10-t10k,86,7
sd04-b175,jan-p10-t10k,87,7
sd04-b175,jan-p10-t10k,88,8
sd04-b175,jan-p10-t10k,89,9
sd04-b175,jan-p10-t10k,90,10
sd04-b175,jan-p10-t10k,91,12
sd04-b175,jan-p10-t10k,92,14
sd04-b175,jan-p10-t10k,93,16
sd04-b175,jan-p10-t10k,94,20
sd04-b175,jan-p10-t10k,95,24
sd04-b175,jan-p10-t10k,96,30
sd04-b175,jan-p10-t10k,97,41
sd04-b175,jan-p10-t10k,98,62
sd04-b175,jan-p10-t10k,99,107
sd04-b175,jan-p20-t10k,1,0
sd04-b175,jan-p20-t10k,2,0
sd04-b175,jan-p20-t10k,3,0
sd04-b175,jan-p20-t10k,4,0
sd04-b175,jan-p20-t10k,5,0
sd04-b175,jan-p20-t10k,6,0
sd04-b175,jan-p20-t10k,7,0
sd04-b175,jan-p20-t10k,8,0
sd04-b175,jan-p20-t10k,9,0
sd04-b175,jan-p20-t10k,10,0
sd04-b175,jan-p20-t10k,11,0
sd04-b175,jan-p20-t10k,12,0
sd04-b175,jan-p20-t10k,13,0
sd04-b175,jan-p20-t10k,14,0
sd04-b175,jan-p20-t10k,15,0
sd04-b175,jan-p20-t10k,16,0
sd04-b175,jan-p20-t10k,17,0
sd04-b175,jan-p20-t10k,18,0
sd04-b175,jan-p20-t10k,19,0
sd04-b175,jan-p20-t10k,20,0
sd04-b175,jan-p20-t10k,21,0
sd04-b175,jan-p20-t10k,22,0
sd04-b175,jan-p20-t10k,23,0
sd04-b175,jan-p20-t10k,24,0
sd04-b175,jan-p20-t10k,25,0
sd04-b175,jan-p20-t10k,26,0
sd04-b175,jan-p20-t10k,27,0
sd04-b175,jan-p20-t10k,28,0
sd04-b175,jan-p20-t10k,29,0
sd04-b175,jan-p20-t10k,30,0
sd04-b175,jan-p20-t10k,31,0
sd04-b175,jan-p20-t10k,32,0
sd04-b175,jan-p20-t10k,33,0
sd04-b175,jan-p20-t10k,34,0
sd04-b175,jan-p20-t10k,35,0
sd04-b175,jan-p20-t10k,36,0
sd04-b175,jan-p20-t10k,37,0
sd04-b175,jan-p20-t10k,38,0
sd04-b175,jan-p20-t10k,39,0
sd04-b175,jan-p20-t10k,40,0
sd04-b175,jan-p20-t10k,41,0
sd04-b175,jan-p20-t10k,42,0
sd04-b175,jan-p20-t10k,43,0
sd04-b175,jan-p20-t10k,44,0
sd04-b175,jan-p20-t10k,45,0
sd04-b175,jan-p20-t10k,46,0
sd04-b175,jan-p20-t10k,47,0
sd04-b175,jan-p20-t10k,48,0
sd04-b175,jan-p20-t10k,49,0
sd04-b175,jan-p20-t10k,50,0
sd04-b175,jan-p20-t10k,51,0
sd04-b175,jan-p20-t10k,52,1
sd04-b175,jan-p20-t10k,53,1
sd04-b175,jan-p20-t10k,54,1
sd04-b175,jan-p20-t10k,55,1
sd04-b175,jan-p20-t10k,56,1
sd04-b175,jan-p20-t10k,57,1
sd04-b175,jan-p20-t10k,58,1
sd04-b175,jan-p20-t10k,59,1
sd04-b175,jan-p20-t10k,60,1
sd04-b175,jan-p20-t10k,61,1
sd04-b175,jan-p20-t10k,62,1
sd04-b175,jan-p20-t10k,63,1
sd04-b175,jan-p20-t10k,64,1
sd04-b175,jan-p20-t10k,65,1
sd04-b175,jan-p20-t10k,66,1
sd04-b175,jan-p20-t10k,67,2
sd04-b175,jan-p20-t10k,68,2
sd04-b175,jan-p20-t10k,69,2
sd04-b175,jan-p20-t10k,70,2
sd04-b175,jan-p20-t10k,71,2
sd04-b175,jan-p20-t10k,72,2
sd04-b175,jan-p20-t10k,73,2
sd04-b175,jan-p20-t10k,74,2
sd04-b175,jan-p20-t10k,75,3
sd04-b175,jan-p20-t10k,76,3
sd04-b175,jan-p20-t10k,77,3
sd04-b175,jan-p20-t10k,78,3
sd04-b175,jan-p20-t10k,79,4
sd04-b175,jan-p20-t10k,80,4
sd04-b175,jan-p20-t10k,81,4
sd04-b175,jan-p20-t10k,82,4
sd04-b175,jan-p20-t10k,83,5
sd04-b175,jan-p20-t10k,84,5
sd04-b175,jan-p20-t10k,85,6
sd04-b175,jan-p20-t10k,86,7
sd04-b175,jan-p20-t10k,87,7
sd04-b175,jan-p20-t10k,88,8
sd04-b175,jan-p20-t10k,89,9
sd04-b175,jan-p20-t10k,90,10
sd04-b175,jan-p20-t10k,91,12
sd04-b175,jan-p20-t10k,92,14
sd04-b175,jan-p20-t10k,93,16
sd04-b175,jan-p20-t10k,94,20
sd04-b175,jan-p20-t10k,95,24
sd04-b175,jan-p20-t10k,96,31
sd04-b175,jan-p20-t10k,97,42
sd04-b175,jan-p20-t10k,98,62
sd04-b175,jan-p20-t10k,99,112
sd05-b150,completa,1,0
sd05-b150,completa,2,0
sd05-b150,completa,3,0
sd05-b150,completa,4,0
sd05-b150,completa,5,0
sd05-b150,completa,6,0
sd05-b150,completa,7,0
sd05-b150,completa,8,0
sd05-b150,completa,9,0
sd05-b150,completa,10,0
sd05-b150,completa,11,0
sd05-b150,completa,12,0
sd05-b150,completa,13,0
sd05-b150,completa,14,0
sd05-b150,completa,15,0
sd05-b150,completa,16,0
sd05-b150,completa,17,0
sd05-b150,completa,18,0
sd05-b150,completa,19,0
sd05-b150,completa,20,0
sd05-b150,completa,21,0
sd05-b150,completa,22,0
sd05-b150,completa,23,0
sd05-b150,completa,24,0
sd05-b150,completa,25,0
sd05-b150,completa,26,0
sd05-b150,completa,27,0
sd05-b150,completa,28,0
sd05-b150,completa,29,0
sd05-b150,completa,30,0
sd05-b150,completa,31,0
sd05-b150,completa,32,0
sd05-b150,completa,33,0
sd05-b150,completa,34,0
sd05-b150,completa,35,0
sd05-b150,completa,36,0
sd05-b150,completa,37,0
sd05-b150,completa,38,0
sd05-b150,completa,39,1
sd05-b150,completa,40,1
sd05-b150,completa,41,1
sd05-b150,completa,42,1
sd05-b150,completa,43,1
sd05-b150,completa,44,1
sd05-b150,completa,45,1
sd05-b150,completa,46,1
sd05-b150,completa,47,1
sd05-b150,completa,48,1
sd05-b150,completa,49,1
sd05-b150,completa,50,1
sd05-b150,completa,51,1
sd05-b150,completa,52,1
sd05-b150,completa,53,2
sd05-b150,completa,54,2
sd05-b150,completa,55,2
sd05-b150,completa,56,2
sd05-b150,completa,57,2
sd05-b150,completa,58,2
sd05-b150,completa,59,2
sd05-b150,completa,60,3
sd05-b150,completa,61,3
sd05-b150,completa,62,3
sd05-b150,completa,63,3
sd05-b150,completa,64,3
sd05-b150,completa,65,4
sd05-b150,completa,66,4
sd05-b150,completa,67,4
sd05-b150,completa,68,5
sd05-b150,completa,69,5
sd05-b150,completa,70,5
sd05-b150,completa,71,6
sd05-b150,completa,72,6
sd05-b150,completa,73,7
sd05-b150,completa,74,7
sd05-b150,completa,75,8
sd05-b150,completa,76,9
sd05-b150,completa,77,9
sd05-b150,completa,78,10
sd05-b150,completa,79,12
sd05-b150,completa,80,13
sd05-b150,completa,81,14
sd05-b150,completa,82,16
sd05-b150,completa,83,18
sd05-b150,completa,84,20
sd05-b150,completa,85,23
sd05-b150,completa,86,26
sd05-b150,completa,87,30
sd05-b150,completa,88,35
sd05-b150,completa,89,42
sd05-b150,completa,90,50
sd05-b150,completa,91,61
sd05-b150,completa,92,76
sd05-b150,completa,93,96
sd05-b150,completa,94,126
sd05-b150,completa,95,172
sd05-b150,completa,96,249
sd05-b150,completa,97,399
sd05-b150,completa,98,740
sd05-b150,completa,99,1774
sd05-b150,sis-p01,1,0
sd05-b150,sis-p01,2,0
sd05-b150,sis-p01,3,0
sd05-b150,sis-p01,4,0
sd05-b150,sis-p01,5,0
sd05-b150,sis-p01,6,0
sd05-b150,sis-p01,7,0
sd05-b150,sis-p01,8,0
sd05-b150,sis-p01,9,0
sd05-b150,sis-p01,10,0
sd05-b150,sis-p01,11,1
sd05-b150,sis-p01,12,1
sd05-b150,sis-p01,13,1
sd05-b150,sis-p01,14,1
sd05-b150,sis-p01,15,1
sd05-b150,sis-p01,16,2
sd05-b150,sis-p01,17,2
sd05-b150,sis-p01,18,2
sd05-b150,sis-p01,19,3
sd05-b150,sis-p01,20,3
sd05-b150,sis-p01,21,3
sd05-b150,sis-p01,22,3
sd05-b150,sis-p01,23,4
sd05-b150,sis-p01,24,4
sd05-b150,sis-p01,25,4
sd05-b150,sis-p01,26,5
sd05-b150,sis-p01,27,5
sd05-b150,sis-p01,28,6
sd05-b150,sis-p01,29,6
sd05-b150,sis-p01,30,7
sd05-b150,sis-p01,31,7
sd05-b150,sis-p01,32,8
sd05-b150,sis-p01,33,9
sd05-b150,sis-p01,34,9
sd05-b150,sis-p01,35,10
sd05-b150,sis-p01,36,10
sd05-b150,sis-p01,37,11
sd05-b150,sis-p01,38,12
sd05-b150,sis-p01,39,14
sd05-b150,sis-p01,40,15
sd05-b150,sis-p01,41,16
sd05-b150,sis-p01,42,17
sd05-b150,sis-p01,43,18
sd05-b150,sis-p01,44,20
sd05-b150,sis-p01,45,21
sd05-b150,sis-p01,46,23
sd05-b150,sis-p01,47,25
sd05-b150,sis-p01,48,26
sd05-b150,sis-p01,49,28
sd05-b150,sis-p01,50,31
sd05-b150,sis-p01,51,33
sd05-b150,sis-p01,52,35
sd05-b150,sis-p01,53,39
sd05-b150,sis-p01,54,42
sd05-b150,sis-p01,55,43
sd05-b150,sis-p01,56,46
sd05-b150,sis-p01,57,47
sd05-b150,sis-p01,58,50
sd05-b150,sis-p01,59,54
sd05-b150,sis-p01,60,57
sd05-b150,sis-p01,61,64
sd05-b150,sis-p01,62,69
sd05-b150,sis-p01,63,73
sd05-b150,sis-p01,64,79
sd05-b150,sis-p01,65,84
sd05-b150,sis-p01,66,89
sd05-b150,sis-p01,67,93
sd05-b150,sis-p01,68,102
sd05-b150,sis-p01,69,110
sd05-b150,sis-p01,70,115
sd05-b150,sis-p01,71,124
sd05-b150,sis-p01,72,133
sd05-b150,sis-p01,73,142
sd05-b150,sis-p01,74,151
sd05-b150,sis-p01,75,161
sd05-b150,sis-p01,76,172
sd05-b150,sis-p01,77,184
sd05-b150,sis-p01,78,200
sd05-b150,sis-p01,79,219
sd05-b150,sis-p01,80,232
sd05-b150,sis-p01,81,247
sd05-b150,sis-p01,82,262
sd05-b150,sis-p01,83,276
sd05-b150,sis-p01,84,308
sd05-b150,sis-p01,85,345
sd05-b150,sis-p01,86,369
sd05-b150,sis-p01,87,395
sd05-b150,sis-p01,88,435
sd05-b150,sis-p01,89,485
sd05-b150,sis-p01,90,540
sd05-b150,sis-p01,91,613
sd05-b150,sis-p01,92,669
sd05-b150,sis-p01,93,733
sd05-b150,sis-p01,94,803
sd05-b150,sis-p01,95,875
sd05-b150,sis-p01,96,965
sd05-b150,sis-p01,97,1095
sd05-b150,sis-p01,98,1272
sd05-b150,sis-p01,99,1453
sd05-b150,sis-p10,1,0
sd05-b150,sis-p10,2,0
sd05-b150,sis-p10,3,0
sd05-b150,sis-p10,4,0
sd05-b150,sis-p10,5,0
sd05-b150,sis-p10,6,0
sd05-b150,sis-p10,7,0
sd05-b150,sis-p10,8,0
sd05-b150,sis-p10,9,0
sd05-b150,sis-p10,10,0
sd05-b150,sis-p10,11,0
sd05-b150,sis-p10,12,1
sd05-b150,sis-p10,13,1
sd05-b150,sis-p10,14,1
sd05-b150,sis-p10,15,1
sd05-b150,sis-p10,16,1
sd05-b150,sis-p10,17,1
sd05-b150,sis-p10,18,2
sd05-b150,sis-p10,19,2
sd05-b150,sis-p10,20,2
sd05-b150,sis-p10,21,2
sd05-b150,sis-p10,22,2
sd05-b150,sis-p10,23,3
sd05-b150,sis-p10,24,3
sd05-b150,sis-p10,25,3
sd05-b150,sis-p10,26,4
sd05-b150,sis-p10,27,4
sd05-b150,sis-p10,28,4
sd05-b150,sis-p10,29,5
sd05-b150,sis-p10,30,5
sd05-b150,sis-p10,31,5
sd05-b150,sis-p10,32,6
sd05-b150,sis-p10,33,6
sd05-b150,sis-p10,34,7
sd05-b150,sis-p10,35,8
sd05-b150,sis-p10,36,8
sd05-b150,sis-p10,37,9
sd05-b150,sis-p10,38,9
sd05-b150,sis-p10,39,10
sd05-b150,sis-p10,40,11
sd05-b150,sis-p10,41,12
sd05-b150,sis-p10,42,13
sd05-b150,sis-p10,43,14
sd05-b150,sis-p10,44,15
sd05-b150,sis-p10,45,16
sd05-b150,sis-p10,46,17
sd05-b150,sis-p10,47,18
sd05-b150,sis-p10,48,19
sd05-b150,sis-p10,49,21
sd05-b150,sis-p10,50,22
sd05-b150,sis-p10,51,24
sd05-b150,sis-p10,52,26
sd05-b150,sis-p10,53,28
sd05-b150,sis-p10,54,30
sd05-b150,sis-p10,55,32
sd05-b150,sis-p10,56,34
sd05-b150,sis-p10,57,37
sd05-b150,sis-p10,58,40
sd05-b150,sis-p10,59,43
sd05-b150,sis-p10,60,47
sd05-b150,sis-p10,61,50
sd05-b150,sis-p10,62,54
sd05-b150,sis-p10,63,58
sd05-b150,sis-p10,64,62
sd05-b150,sis-p10,65,67
sd05-b150,sis-p10,66,72
sd05-b150,sis-p10,67,78
sd05-b150,sis-p10,68,84
sd05-b150,sis-p10,69,91
sd05-b150,sis-p10,70,99
sd05-b150,sis-p10,71,107
sd05-b150,sis-p10,72,116
sd05-b150,sis-p10,73,126
sd05-b150,sis-p10,74,138
sd05-b150,sis-p10,75,150
sd05-b150,sis-p10,76,164
sd05-b150,sis-p10,77,181
sd05-b150,sis-p10,78,199
sd05-b150,sis-p10,79,218
sd05-b150,sis-p10,80,241
sd05-b150,sis-p10,81,266
sd05-b150,sis-p10,82,298
sd05-b150,sis-p10,83,332
sd05-b150,sis-p10,84,372
sd05-b150,sis-p10,85,417
sd05-b150,sis-p10,86,469
sd05-b150,sis-p10,87,532
sd05-b150,sis-p10,88,600
sd05-b150,sis-p10,89,685
sd05-b150,sis-p10,90,780
sd05-b150,sis-p10,91,906
sd05-b150,sis-p10,92,1056
sd05-b150,sis-p10,93,1235
sd05-b150,sis-p10,94,1475
sd05-b150,sis-p10,95,1820
sd05-b150,sis-p10,96,2219
sd05-b150,sis-p10,97,2823
sd05-b150,sis-p10,98,3617
sd05-b150,sis-p10,99,4832
sd05-b150,sis-p20,1,0
sd05-b150,sis-p20,2,0
sd05-b150,sis-p20,3,0
sd05-b150,sis-p20,4,0
sd05-b150,sis-p20,5,0
sd05-b150,sis-p20,6,0
sd05-b150,sis-p20,7,0
sd05-b150,sis-p20,8,0
sd05-b150,sis-p20,9,0
sd05-b150,sis-p20,10,0
sd05-b150,sis-p20,11,0
sd05-b150,sis-p20,12,0
sd05-b150,sis-p20,13,0
sd05-b150,sis-p20,14,0
sd05-b150,sis-p20,15,1
sd05-b150,sis-p20,16,1
sd05-b150,sis-p20,17,1
sd05-b150,sis-p20,18,1
sd05-b150,sis-p20,19,1
sd05-b150,sis-p20,20,1
sd05-b150,sis-p20,21,1
sd05-b150,sis-p20,22,1
sd05-b150,sis-p20,23,2
sd05-b150,sis-p20,24,2
sd05-b150,sis-p20,25,2
sd05-b150,sis-p20,26,2
sd05-b150,sis-p20,27,2
sd05-b150,sis-p20,28,2
sd05-b150,sis-p20,29,3
sd05-b150,sis-p20,30,3
sd05-b150,sis-p20,31,3
sd05-b150,sis-p20,32,3
sd05-b150,sis-p20,33,4
sd05-b150,sis-p20,34,4
sd05-b150,sis-p20,35,4
sd05-b150,sis-p20,36,4
sd05-b150,sis-p20,37,5
sd05-b150,sis-p20,38,5
sd05-b150,sis-p20,39,6
sd05-b150,sis-p20,40,6
sd05-b150,sis-p20,41,6
sd05-b150,sis-p20,42,7
sd05-b150,sis-p20,43,7
sd05-b150,sis-p20,44,8
sd05-b150,sis-p20,45,8
sd05-b150,sis-p20,46,9
sd05-b150,sis-p20,47,10
sd05-b150,sis-p20,48,10
sd05-b150,sis-p20,49,11
sd05-b150,sis-p20,50,12
sd05-b150,sis-p20,51,13
sd05-b150,sis-p20,52,14
sd05-b150,sis-p20,53,15
sd05-b150,sis-p20,54,16
sd05-b150,sis-p20,55,17
sd05-b150,sis-p20,56,18
sd05-b150,sis-p20,57,19
sd05-b150,sis-p20,58,21
sd05-b150,sis-p20,59,22
sd05-b150,sis-p20,60,24
sd05-b150,sis-p20,61,26
sd05-b150,sis-p20,62,28
sd05-b150,sis-p20,63,30
sd05-b150,sis-p20,64,32
sd05-b150,sis-p20,65,35
sd05-b150,sis-p20,66,37
sd05-b150,sis-p20,67,40
sd05-b150,sis-p20,68,44
sd05-b150,sis-p20,69,47
sd05-b150,sis-p20,70,51
sd05-b150,sis-p20,71,56
sd05-b150,sis-p20,72,61
sd05-b150,sis-p20,73,66
sd05-b150,sis-p20,74,72
sd05-b150,sis-p20,75,79
sd05-b150,sis-p20,76,86
sd05-b150,sis-p20,77,94
sd05-b150,sis-p20,78,104
sd05-b150,sis-p20,79,115
sd05-b150,sis-p20,80,127
sd05-b150,sis-p20,81,141
sd05-b150,sis-p20,82,157
sd05-b150,sis-p20,83,175
sd05-b150,sis-p20,84,198
sd05-b150,sis-p20,85,224
sd05-b150,sis-p20,86,256
sd05-b150,sis-p20,87,293
sd05-b150,sis-p20,88,337
sd05-b150,sis-p20,89,393
sd05-b150,sis-p20,90,462
sd05-b150,sis-p20,91,550
sd05-b150,sis-p20,92,662
sd05-b150,sis-p20,93,800
sd05-b150,sis-p20,94,993
sd05-b150,sis-p20,95,1259
sd05-b150,sis-p20,96,1630
sd05-b150,sis-p20,97,2210
sd05-b150,sis-p20,98,3134
sd05-b150,sis-p20,99,4730
sd05-b150,jan-p01-t1k,1,0
sd05-b150,jan-p01-t1k,2,0
sd05-b150,jan-p01-t1k,3,0
sd05-b150,jan-p01-t1k,4,0
sd05-b150,jan-p01-t1k,5,0
sd05-b150,jan-p01-t1k,6,0
sd05-b150,jan-p01-t1k,7,0
sd05-b150,jan-p01-t1k,8,0
sd05-b150,jan-p01-t1k,9,0
sd05-b150,jan-p01-t1k,10,0
sd05-b150,jan-p01-t1k,11,0
sd05-b150,jan-p01-t1k,12,0
sd05-b150,jan-p01-t1k,13,0
sd05-b150,jan-p01-t1k,14,0
sd05-b150,jan-p01-t1k,15,0
sd05-b150,jan-p01-t1k,16,0
sd05-b150,jan-p01-t1k,17,0
sd05-b150,jan-p01-t1k,18,0
sd05-b150,jan-p01-t1k,19,0
sd05-b150,jan-p01-t1k,20,0
sd05-b150,jan-p01-t1k,21,0
sd05-b150,jan-p01-t1k,22,0
sd05-b150,jan-p01-t1k,23,0
sd05-b150,jan-p01-t1k,24,0
sd05-b150,jan-p01-t1k,25,0
sd05-b150,jan-p01-t1k,26,0
sd05-b150,jan-p01-t1k,27,0
sd05-b150,jan-p01-t1k,28,0
sd05-b150,jan-p01-t1k,29,0
sd05-b150,jan-p01-t1k,30,0
sd05-b150,jan-p01-t1k,31,0
sd05-b150,jan-p01-t1k,32,0
sd05-b150,jan-p01-t1k,33,0
sd05-b150,jan-p01-t1k,34,0
sd05-b150,jan-p01-t1k,35,0
sd05-b150,jan-p01-t1k,36,0
sd05-b150,jan-p01-t1k,37,0
sd05-b150,jan-p01-t1k,38,0
sd05-b150,jan-p01-t1k,39,0
sd05-b150,jan-p01-t1k,40,0
sd05-b150,jan-p01-t1k,41,0
sd05-b150,jan-p01-t1k,42,0
sd05-b150,jan-p01-t1k,43,1
sd05-b150,jan-p01-t1k,44,1
sd05-b150,jan-p01-t1k,45,1
sd05-b150,jan-p01-t1k,46,1
sd05-b150,jan-p01-t1k,47,1
sd05-b150,jan-p01-t1k,48,1
sd05-b150,jan-p01-t1k,49,1
sd05-b150,jan-p01-t1k,50,1
sd05-b150,jan-p01-t1k,51,1
sd05-b150,jan-p01-t1k,52,1
sd05-b150,jan-p01-t1k,53,1
sd05-b150,jan-p01-t1k,54,1
sd05-b150,jan-p01-t1k,55,1
sd05-b150,jan-p01-t1k,56,1
sd05-b150,jan-p01-t1k,57,2
sd05-b150,jan-p01-t1k,58,2
sd05-b150,jan-p01-t1k,59,2
sd05-b150,jan-p01-t1k,60,2
sd05-b150,jan-p01-t1k,61,2
sd05-b150,jan-p01-t1k,62,2
sd05-b150,jan-p01-t1k,63,2
sd05-b150,jan-p01-t1k,64,2
sd05-b150,jan-p01-t1k,65,2
sd05-b150,jan-p01-t1k,66,3
sd05-b150,jan-p01-t1k,67,3
sd05-b150,jan-p01-t1k,68,3
sd05-b150,jan-p01-t1k,69,3
sd05-b150,jan-p01-t1k,70,3
sd05-b150,jan-p01-t1k,71,4
sd05-b150,jan-p01-t1k,72,4
sd05-b150,jan-p01-t1k,73,4
sd05-b150,jan-p01-t1k,74,4
sd05-b150,jan-p01-t1k,75,5
sd05-b150,jan-p01-t1k,76,5
sd05-b150,jan-p01-t1k,77,5
sd05-b150,jan-p01-t1k,78,6
sd05-b150,jan-p01-t1k,79,6
sd05-b150,jan-p01-t1k,80,7
sd05-b150,jan-p01-t1k,81,7
sd05-b150,jan-p01-t1k,82,8
sd05-b150,jan-p01-t1k,83,9
sd05-b150,jan-p01-t1k,84,9
sd05-b150,jan-p01-t1k,85,10
sd05-b150,jan-p01-t1k,86,11
sd05-b150,jan-p01-t1k,87,12
sd05-b150,jan-p01-t1k,88,14
sd05-b150,jan-p01-t1k,89,15
sd05-b150,jan-p01-t1k,90,17
sd05-b150,jan-p01-t1k,91,19
sd05-b150,jan-p01-t1k,92,21
sd05-b150,jan-p01-t1k,93,24
sd05-b150,jan-p01-t1k,94,27
sd05-b150,jan-p01-t1k,95,31
sd05-b150,jan-p01-t1k,96,36
sd05-b150,jan-p01-t1k,97,43
sd05-b150,jan-p01-t1k,98,53
sd05-b150,jan-p01-t1k,99,76
sd05-b150,jan-p10-t1k,1,0
sd05-b150,jan-p10-t1k,2,0
sd05-b150,jan-p10-t1k,3,0
sd05-b150,jan-p10-t1k,4,0
sd05-b150,jan-p10-t1k,5,0
sd05-b150,jan-p10-t1k,6,0
sd05-b150,jan-p10-t1k,7,0
sd05-b150,jan-p10-t1k,8,0
sd05-b150,jan-p10-t1k,9,0
sd05-b150,jan-p10-t1k,10,0
sd05-b150,jan-p10-t1k,11,0
sd05-b150,jan-p10-t1k,12,0
sd05-b150,jan-p10-t1k,13,0
sd05-b150,jan-p10-t1k,14,0
sd05-b150,jan-p10-t1k,15,0
sd05-b150,jan-p10-t1k,16,0
sd05-b150,jan-p10-t1k,17,0
sd05-b150,jan-p10-t1k,18,0
sd05-b150,jan-p10-t1k,19,0
sd05-b150,jan-p10-t1k,20,0
sd05-b150,jan-p10-t1k,21,0
sd05-b150,jan-p10-t1k,22,0
sd05-b150,jan-p10-t1k,23,0
sd05-b150,jan-p10-t1k,24,0
sd05-b150,jan-p10-t1k,25,0
sd05-b150,jan-p10-t1k,26,0
sd05-b150,jan-p10-t1k,27,0
sd05-b150,jan-p10-t1k,28,0
sd05-b150,jan-p10-t1k,29,0
sd05-b150,jan-p10-t1k,30,0
sd05-b150,jan-p10-t1k,31,0
sd05-b150,jan-p10-t1k,32,0
sd05-b150,jan-p10-t1k,33,0
sd05-b150,jan-p10-t1k,34,0
sd05-b150,jan-p10-t1k,35,0
sd05-b150,jan-p10-t1k,36,0
sd05-b150,jan-p10-t1k,37,0
sd05-b150,jan-p10-t1k,38,0
sd05-b150,jan-p10-t1k,39,0
sd05-b150,jan-p10-t1k,40,0
sd05-b150,jan-p10-t1k,41,0
sd05-b150,jan-p10-t1k,42,1
sd05-b150,jan-p10-t1k,43,1
sd05-b150,jan-p10-t1k,44,1
sd05-b150,jan-p10-t1k,45,1
sd05-b150,jan-p10-t1k,46,1
sd05-b150,jan-p10-t1k,47,1
sd05-b150,jan-p10-t1k,48,1
sd05-b150,jan-p10-t1k,49,1
sd05-b150,jan-p10-t1k,50,1
sd05-b150,jan-p10-t1k,51,1
sd05-b150,jan-p10-t1k,52,1
sd05-b150,jan-p10-t1k,53,1
sd05-b150,jan-p10-t1k,54,1
sd05-b150,jan-p10-t1k,55,1
sd05-b150,jan-p10-t1k,56,1
sd05-b150,jan-p10-t1k,57,2
sd05-b150,jan-p10-t1k,58,2
sd05-b150,jan-p10-t1k,59,2
sd05-b150,jan-p10-t1k,60,2
sd05-b150,jan-p10-t1k,61,2
sd05-b150,jan-p10-t1k,62,2
sd05-b150,jan-p10-t1k,63,2
sd05-b150,jan-p10-t1k,64,2
sd05-b150,jan-p10-t1k,65,3
sd05-b150,jan-p10-t1k,66,3
sd05-b150,jan-p10-t1k,67,3
sd05-b150,jan-p10-t1k,68,3
sd05-b150,jan-p10-t1k,69,3
sd05-b150,jan-p10-t1k,70,4
sd05-b150,jan-p10-t1k,71,4
sd05-b150,jan-p10-t1k,72,4
sd05-b150,jan-p10-t1k,73,4
sd05-b150,jan-p10-t1k,74,5
sd05-b150,jan-p10-t1k,75,5
sd05-b150,jan-p10-t1k,76,5
sd05-b150,jan-p10-t1k,77,6
sd05-b150,jan-p10-t1k,78,6
sd05-b150,jan-p10-t1k,79,7
sd05-b150,jan-p10-t1k,80,7
sd05-b150,jan-p10-t1k,81,8
sd05-b150,jan-p10-t1k,82,9
sd05-b150,jan-p10-t1k,83,9
sd05-b150,jan-p10-t1k,84,10
sd05-b150,jan-p10-t1k,85,11
sd05-b150,jan-p10-t1k,86,12
sd05-b150,jan-p10-t1k,87,14
sd05-b150,jan-p10-t1k,88,15
sd05-b150,jan-p10-t1k,89,17
sd05-b150,jan-p10-t1k,90,19
sd05-b150,jan-p10-t1k,91,21
sd05-b150,jan-p10-t1k,92,24
sd05-b150,jan-p10-t1k,93,28
sd05-b150,jan-p10-t1k,94,32
sd05-b150,jan-p10-t1k,95,39
sd05-b150,jan-p10-t1k,96,47
sd05-b150,jan-p10-t1k,97,60
sd05-b150,jan-p10-t1k,98,86
sd05-b150,jan-p10-t1k,99,216
sd05-b150,jan-p20-t1k,1,0
sd05-b150,jan-p20-t1k,2,0
sd05-b150,jan-p20-t1k,3,0
sd05-b150,jan-p20-t1k,4,0
sd05-b150,jan-p20-t1k,5,0
sd05-b150,jan-p20-t1k,6,0
sd05-b150,jan-p20-t1k,7,0
sd05-b150,jan-p20-t1k,8,0
sd05-b150,jan-p20-t1k,9,0
sd05-b150,jan-p20-t1k,10,0
sd05-b150,jan-p20-t1k,11,0
sd05-b150,jan-p20-t1k,12,0
sd05-b150,jan-p20-t1k,13,0
sd05-b150,jan-p20-t1k,14,0
sd05-b150,jan-p20-t1k,15,0
sd05-b150,jan-p20-t1k,16,0
sd05-b150,jan-p20-t1k,17,0
sd05-b150,jan-p20-t1k,18,0
sd05-b150,jan-p20-t1k,19,0
sd05-b150,jan-p20-t1k,20,0
sd05-b150,jan-p20-t1k,21,0
sd05-b150,jan-p20-t1k,22,0
sd05-b150,jan-p20-t1k,23,0
sd05-b150,jan-p20-t1k,24,0
sd05-b150,jan-p20-t1k,25,0
sd05-b150,jan-p20-t1k,26,0
sd05-b150,jan-p20-t1k,27,0
sd05-b150,jan-p20-t1k,28,0
sd05-b150,jan-p20-t1k,29,0
sd05-b150,jan-p20-t1k,30,0
sd05-b150,jan-p20-t1k,31,0
sd05-b150,jan-p20-t1k,32,0
sd05-b150,jan-p20-t1k,33,0
sd05-b150,jan-p20-t1k,34,0
sd05-b150,jan-p20-t1k,35,0
sd05-b150,jan-p20-t1k,36,0
sd05-b150,jan-p20-t1k,37,0
sd05-b150,jan-p20-t1k,38,0
sd05-b150,jan-p20-t1k,39,0
sd05-b150,jan-p20-t1k,40,0
sd05-b150,jan-p20-t1k,41,0
sd05-b150,jan-p20-t1k,42,1
sd05-b150,jan-p20-t1k,43,1
sd05-b150,jan-p20-t1k,44,1
sd05-b150,jan-p20-t1k,45,1
sd05-b150,jan-p20-t1k,46,1
sd05-b150,jan-p20-t1k,47,1
sd05-b150,jan-p20-t1k,48,1
sd05-b150,jan-p20-t1k,49,1
sd05-b150,jan-p20-t1k,50,1
sd05-b150,jan-p20-t1k,51,1
sd05-b150,jan-p20-t1k,52,1
sd05-b150,jan-p20-t1k,53,1
sd05-b150,jan-p20-t1k,54,1
sd05-b150,jan-p20-t1k,55,1
sd05-b150,jan-p20-t1k,56,2
sd05-b150,jan-p20-t1k,57,2
sd05-b150,jan-p20-t1k,58,2
sd05-b150,jan-p20-t1k,59,2
sd05-b150,jan-p20-t1k,60,2
sd05-b150,jan-p20-t1k,61,2
sd05-b150,jan-p20-t1k,62,2
sd05-b150,jan-p20-t1k,63,2
sd05-b150,jan-p20-t1k,64,3
sd05-b150,jan-p20-t1k,65,3
sd05-b150,jan-p20-t1k,66,3
sd05-b150,jan-p20-t1k,67,3
sd05-b150,jan-p20-t1k,68,3
sd05-b150,jan-p20-t1k,69,4
sd05-b150,jan-p20-t1k,70,4
sd05-b150,jan-p20-t1k,71,4
sd05-b150,jan-p20-t1k,72,4
sd05-b150,jan-p20-t1k,73,5
sd05-b150,jan-p20-t1k,74,5
sd05-b150,jan-p20-t1k,75,5
sd05-b150,jan-p20-t1k,76,6
sd05-b150,jan-p20-t1k,77,6
sd05-b150,jan-p20-t1k,78,7
sd05-b150,jan-p20-t1k,79,7
sd05-b150,jan-p20-t1k,80,8
sd05-b150,jan-p20-t1k,81,9
sd05-b150,jan-p20-t1k,82,10
sd05-b150,jan-p20-t1k,83,10
sd05-b150,jan-p20-t1k,84,12
sd05-b150,jan-p20-t1k,85,13
sd05-b150,jan-p20-t1k,86,14
sd05-b150,jan-p20-t1k,87,16
sd05-b150,jan-p20-t1k,88,18
sd05-b150,jan-p20-t1k,89,20
sd05-b150,jan-p20-t1k,90,23
sd05-b150,jan-p20-t1k,91,26
sd05-b150,jan-p20-t1k,92,30
sd05-b150,jan-p20-t1k,93,36
sd05-b150,jan-p20-t1k,94,43
sd05-b150,jan-p20-t1k,95,54
sd05-b150,jan-p20-t1k,96,72
sd05-b150,jan-p20-t1k,97,106
sd05-b150,jan-p20-t1k,98,238
sd05-b150,jan-p20-t1k,99,746
sd05-b150,jan-p01-t10k,1,0
sd05-b150,jan-p01-t10k,2,0
sd05-b150,jan-p01-t10k,3,0
sd05-b150,jan-p01-t10k,4,0
sd05-b150,jan-p01-t10k,5,0
sd05-b150,jan-p01-t10k,6,0
sd05-b150,jan-p01-t10k,7,0
sd05-b150,jan-p01-t10k,8,0
sd05-b150,jan-p01-t10k,9,0
sd05-b150,jan-p01-t10k,10,0
sd05-b150,jan-p01-t10k,11,0
sd05-b150,jan-p01-t10k,12,0
sd05-b150,jan-p01-t10k,13,0
sd05-b150,jan-p01-t10k,14,0
sd05-b150,jan-p01-t10k,15,0
sd05-b150,jan-p01-t10k,16,0
sd05-b150,jan-p01-t10k,17,0
sd05-b150,jan-p01-t10k,18,0
sd05-b150,jan-p01-t10k,19,0
sd05-b150,jan-p01-t10k,20,0
sd05-b150,jan-p01-t10k,21,0
sd05-b150,jan-p01-t10k,22,0
sd05-b150,jan-p01-t10k,23,0
sd05-b150,jan-p01-t10k,24,0
sd05-b150,jan-p01-t10k,25,0
sd05-b150,jan-p01-t10k,26,0
sd05-b150,jan-p01-t10k,27,0
sd05-b150,jan-p01-t10k,28,0
sd05-b150,jan-p01-t10k,29,0
sd05-b150,jan-p01-t10k,30,0
sd05-b150,jan-p01-t10k,31,0
sd05-b150,jan-p01-t10k,32,0
sd05-b150,jan-p01-t10k,33,0
sd05-b150,jan-p01-t10k,34,0
sd05-b150,jan-p01-t10k,35,0
sd05-b150,jan-p01-t10k,36,0
sd05-b150,jan-p01-t10k,37,0
sd05-b150,jan-p01-t10k,38,0
sd05-b150,jan-p01-t10k,39,0
sd05-b150,jan-p01-t10k,40,1
sd05-b150,jan-p01-t10k,41,1
sd05-b150,jan-p01-t10k,42,1
sd05-b150,jan-p01-t10k,43,1
sd05-b150,jan-p01-t10k,44,1
sd05-b150,jan-p01-t10k,45,1
sd05-b150,jan-p01-t10k,46,1
sd05-b150,jan-p01-t10k,47,1
sd05-b150,jan-p01-t10k,48,1
sd05-b150,jan-p01-t10k,49,1
sd05-b150,jan-p01-t10k,50,1
sd05-b150,jan-p01-t10k,51,1
sd05-b150,jan-p01-t10k,52,1
sd05-b150,jan-p01-t10k,53,1
sd05-b150,jan-p01-t10k,54,2
sd05-b150,jan-p01-t10k,55,2
sd05-b150,jan-p01-t10k,56,2
sd05-b150,jan-p01-t10k,57,2
sd05-b150,jan-p01-t10k,58,2
sd05-b150,jan-p01-t10k,59,2
sd05-b150,jan-p01-t10k,60,2
sd05-b150,jan-p01-t10k,61,2
sd05-b150,jan-p01-t10k,62,3
sd05-b150,jan-p01-t10k,63,3
sd05-b150,jan-p01-t10k,64,3
sd05-b150,jan-p01-t10k,65,3
sd05-b150,jan-p01-t10k,66,3
sd05-b150,jan-p01-t10k,67,4
sd05-b150,jan-p01-t10k,68,4
sd05-b150,jan-p01-t10k,69,4
sd05-b150,jan-p01-t10k,70,4
sd05-b150,jan-p01-t10k,71,5
sd05-b150,jan-p01-t10k,72,5
sd05-b150,jan-p01-t10k,73,6
sd05-b150,jan-p01-t10k,74,6
sd05-b150,jan-p01-t10k,75,7
sd05-b150,jan-p01-t10k,76,7
sd05-b150,jan-p01-t10k,77,8
sd05-b150,jan-p01-t10k,78,8
sd05-b150,jan-p01-t10k,79,9
sd05-b150,jan-p01-t10k,80,10
sd05-b150,jan-p01-t10k,81,11
sd05-b150,jan-p01-t10k,82,12
sd05-b150,jan-p01-t10k,83,14
sd05-b150,jan-p01-t10k,84,15
sd05-b150,jan-p01-t10k,85,17
sd05-b150,jan-p01-t10k,86,19
sd05-b150,jan-p01-t10k,87,22
sd05-b150,jan-p01-t10k,88,25
sd05-b150,jan-p01-t10k,89,28
sd05-b150,jan-p01-t10k,90,33
sd05-b150,jan-p01-t10k,91,38
sd05-b150,jan-p01-t10k,92,47
sd05-b150,jan-p01-t10k,93,57
sd05-b150,jan-p01-t10k,94,67
sd05-b150,jan-p01-t10k,95,81
sd05-b150,jan-p01-t10k,96,101
sd05-b150,jan-p01-t10k,97,131
sd05-b150,jan-p01-t10k,98,183
sd05-b150,jan-p01-t10k,99,290
sd05-b150,jan-p10-t10k,1,0
sd05-b150,jan-p10-t10k,2,0
sd05-b150,jan-p10-t10k,3,0
sd05-b150,jan-p10-t10k,4,0
sd05-b150,jan-p10-t10k,5,0
sd05-b150,jan-p10-t10k,6,0
sd05-b150,jan-p10-t10k,7,0
sd05-b150,jan-p10-t10k,8,0
sd05-b150,jan-p10-t10k,9,0
sd05-b150,jan-p10-t10k,10,0
sd05-b150,jan-p10-t10k,11,0
sd05-b150,jan-p10-t10k,12,0
sd05-b150,jan-p10-t10k,13,0
sd05-b150,jan-p10-t10k,14,0
sd05-b150,jan-p10-t10k,15,0
sd05-b150,jan-p10-t10k,16,0
sd05-b150,jan-p10-t10k,17,0
sd05-b150,jan-p10-t10k,18,0
sd05-b150,jan-p10-t10k,19,0
sd05-b150,jan-p10-t10k,20,0
sd05-b150,jan-p10-t10k,21,0
sd05-b150,jan-p10-t10k,22,0
sd05-b150,jan-p10-t10k,23,0
sd05-b150,jan-p10-t10k,24,0
sd05-b150,jan-p10-t10k,25,0
sd05-b150,jan-p10-t10k,26,0
sd05-b150,jan-p10-t10k,27,0
sd05-b150,jan-p10-t10k,28,0
sd05-b150,jan-p10-t10k,29,0
sd05-b150,jan-p10-t10k,30,0
sd05-b150,jan-p10-t10k,31,0
sd05-b150,jan-p10-t10k,32,0
sd05-b150,jan-p10-t10k,33,0
sd05-b150,jan-p10-t10k,34,0
sd05-b150,jan-p10-t10k,35,0
sd05-b150,jan-p10-t10k,36,0
sd05-b150,jan-p10-t10k,37,0
sd05-b150,jan-p10-t10k,38,0
sd05-b150,jan-p10-t10k,39,0
sd05-b150,jan-p10-t10k,40,0
sd05-b150,jan-p10-t10k,41,1
sd05-b150,jan-p10-t10k,42,1
sd05-b150,jan-p10-t10k,43,1
sd05-b150,jan-p10-t10k,44,1
sd05-b150,jan-p10-t10k,45,1
sd05-b150,jan-p10-t10k,46,1
sd05-b150,jan-p10-t10k,47,1
sd05-b150,jan-p10-t10k,48,1
sd05-b150,jan-p10-t10k,49,1
sd05-b150,jan-p10-t10k,50,1
sd05-b150,jan-p10-t10k,51,1
sd05-b150,jan-p10-t10k,52,1
sd05-b150,jan-p10-t10k,53,1
sd05-b150,jan-p10-t10k,54,1
sd05-b150,jan-p10-t10k,55,2
sd05-b150,jan-p10-t10k,56,2
sd05-b150,jan-p10-t10k,57,2
sd05-b150,jan-p10-t10k,58,2
sd05-b150,jan-p10-t10k,59,2
sd05-b150,jan-p10-t10k,60,2
sd05-b150,jan-p10-t10k,61,2
sd05-b150,jan-p10-t10k,62,3
sd05-b150,jan-p10-t10k,63,3
sd05-b150,jan-p10-t10k,64,3
sd05-b150,jan-p10-t10k,65,3
sd05-b150,jan-p10-t10k,66,3
sd05-b150,jan-p10-t10k,67,4
sd05-b150,jan-p10-t10k,68,4
sd05-b150,jan-p10-t10k,69,4
sd05-b150,jan-p10-t10k,70,4
sd05-b150,jan-p10-t10k,71,5
sd05-b150,jan-p10-t10k,72,5
sd05-b150,jan-p10-t10k,73,6
sd05-b150,jan-p10-t10k,74,6
sd05-b150,jan-p10-t10k,75,6
sd05-b150,jan-p10-t10k,76,7
sd05-b150,jan-p10-t10k,77,8
sd05-b150,jan-p10-t10k,78,8
sd05-b150,jan-p10-t10k,79,9
sd05-b150,jan-p10-t10k,80,10
sd05-b150,jan-p10-t10k,81,11
sd05-b150,jan-p10-t10k,82,12
sd05-b150,jan-p10-t10k,83,13
sd05-b150,jan-p10-t10k,84,15
sd05-b150,jan-p10-t10k,85,16
sd05-b150,jan-p10-t10k,86,18
sd05-b150,jan-p10-t10k,87,21
sd05-b150,jan-p10-t10k,88,24
sd05-b150,jan-p10-t10k,89,27
sd05-b150,jan-p10-t10k,90,31
sd05-b150,jan-p10-t10k,91,36
sd05-b150,jan-p10-t10k,92,43
sd05-b150,jan-p10-t10k,93,52
sd05-b150,jan-p10-t10k,94,63
sd05-b150,jan-p10-t10k,95,79
sd05-b150,jan-p10-t10k,96,100
sd05-b150,jan-p10-t10k,97,133
sd05-b150,jan-p10-t10k,98,187
sd05-b150,jan-p10-t10k,99,303
sd05-b150,jan-p20-t10k,1,0
sd05-b150,jan-p20-t10k,2,0
sd05-b150,jan-p20-t10k,3,0
sd05-b150,jan-p20-t10k,4,0
sd05-b150,jan-p20-t10k,5,0
sd05-b150,jan-p20-t10k,6,0
sd05-b150,jan-p20-t10k,7,0
sd05-b150,jan-p20-t10k,8,0
sd05-b150,jan-p20-t10k,9,0
sd05-b150,jan-p20-t10k,10,0
sd05-b150,jan-p20-t10k,11,0
sd05-b150,jan-p20-t10k,12,0
sd05-b150,jan-p20-t10k,13,0
sd05-b150,jan-p20-t10k,14,0
sd05-b150,jan-p20-t10k,15,0
sd05-b150,jan-p20-t10k,16,0
sd05-b150,jan-p20-t10k,17,0
sd05-b150,jan-p20-t10k,18,0
sd05-b150,jan-p20-t10k,19,0
sd05-b150,jan-p20-t10k,20,0
sd05-b150,jan-p20-t10k,21,0
sd05-b150,jan-p20-t10k,22,0
sd05-b150,jan-p20-t10k,23,0
sd05-b150,jan-p20-t10k,24,0
sd05-b150,jan-p20-t10k,25,0
sd05-b150,jan-p20-t10k,26,0
sd05-b150,jan-p20-t10k,27,0
sd05-b150,jan-p20-t10k,28,0
sd05-b150,jan-p20-t10k,29,0
sd05-b150,jan-p20-t10k,30,0
sd05-b150,jan-p20-t10k,31,0
sd05-b150,jan-p20-t10k,32,0
sd05-b150,jan-p20-t10k,33,0
sd05-b150,jan-p20-t10k,34,0
sd05-b150,jan-p20-t10k,35,0
sd05-b150,jan-p20-t10k,36,0
sd05-b150,jan-p20-t10k,37,0
sd05-b150,jan-p20-t10k,38,0
sd05-b150,jan-p20-t10k,39,0
sd05-b150,jan-p20-t10k,40,1
sd05-b150,jan-p20-t10k,41,1
sd05-b150,jan-p20-t10k,42,1
sd05-b150,jan-p20-t10k,43,1
sd05-b150,jan-p20-t10k,44,1
sd05-b150,jan-p20-t10k,45,1
sd05-b150,jan-p20-t10k,46,1
sd05-b150,jan-p20-t10k,47,1
sd05-b150,jan-p20-t10k,48,1
sd05-b150,jan-p20-t10k,49,1
sd05-b150,jan-p20-t10k,50,1
sd05-b150,jan-p20-t10k,51,1
sd05-b150,jan-p20-t10k,52,1
sd05-b150,jan-p20-t10k,53,1
sd05-b150,jan-p20-t10k,54,2
sd05-b150,jan-p20-t10k,55,2
sd05-b150,jan-p20-t10k,56,2
sd05-b150,jan-p20-t10k,57,2
sd05-b150,jan-p20-t10k,58,2
sd05-b150,jan-p20-t10k,59,2
sd05-b150,jan-p20-t10k,60,2
sd05-b150,jan-p20-t10k,61,2
sd05-b150,jan-p20-t10k,62,3
sd05-b150,jan-p20-t10k,63,3
sd05-b150,jan-p20-t10k,64,3
sd05-b150,jan-p20-t10k,65,3
sd05-b150,jan-p20-t10k,66,3
sd05-b150,jan-p20-t10k,67,4
sd05-b150,jan-p20-t10k,68,4
sd05-b150,jan-p20-t10k,69,4
sd05-b150,jan-p20-t10k,70,4
sd05-b150,jan-p20-t10k,71,5
sd05-b150,jan-p20-t10k,72,5
sd05-b150,jan-p20-t10k,73,6
sd05-b150,jan-p20-t10k,74,6
sd05-b150,jan-p20-t10k,75,7
sd05-b150,jan-p20-t10k,76,7
sd05-b150,jan-p20-t10k,77,8
sd05-b150,jan-p20-t10k,78,8
sd05-b150,jan-p20-t10k,79,9
sd05-b150,jan-p20-t10k,80,10
sd05-b150,jan-p20-t10k,81,11
sd05-b150,jan-p20-t10k,82,12
sd05-b150,jan-p20-t10k,83,14
sd05-b150,jan-p20-t10k,84,15
sd05-b150,jan-p20-t10k,85,17
sd05-b150,jan-p20-t10k,86,19
sd05-b150,jan-p20-t10k,87,21
sd05-b150,jan-p20-t10k,88,24
sd05-b150,jan-p20-t10k,89,28
sd05-b150,jan-p20-t10k,90,32
sd05-b150,jan-p20-t10k,91,38
sd05-b150,jan-p20-t10k,92,45
sd05-b150,jan-p20-t10k,93,54
sd05-b150,jan-p20-t10k,94,67
sd05-b150,jan-p20-t10k,95,84
sd05-b150,jan-p20-t10k,96,108
sd05-b150,jan-p20-t10k,97,146
sd05-b150,jan-p20-t10k,98,214
sd05-b150,jan-p20-t10k,99,377
sd06-b125,completa,1,0
sd06-b125,completa,2,0
sd06-b125,completa,3,0
sd06-b125,completa,4,0
sd06-b125,completa,5,0
sd06-b125,completa,6,0
sd06-b125,completa,7,0
sd06-b125,completa,8,0
sd06-b125,completa,9,0
sd06-b125,completa,10,0
sd06-b125,completa,11,0
sd06-b125,completa,12,0
sd06-b125,completa,13,0
sd06-b125,completa,14,0
sd06-b125,completa,15,0
sd06-b125,completa,16,0
sd06-b125,completa,17,0
sd06-b125,completa,18,0
sd06-b125,completa,19,0
sd06-b125,completa,20,0
sd06-b125,completa,21,0
sd06-b125,completa,22,0
sd06-b125,completa,23,0
sd06-b125,completa,24,1
sd06-b125,completa,25,1
sd06-b125,completa,26,1
sd06-b125,completa,27,1
sd06-b125,completa,28,1
sd06-b125,completa,29,1
sd06-b125,completa,30,1
sd06-b125,completa,31,1
sd06-b125,completa,32,1
sd06-b125,completa,33,1
sd06-b125,completa,34,1
sd06-b125,completa,35,2
sd06-b125,completa,36,2
sd06-b125,completa,37,2
sd06-b125,completa,38,2
sd06-b125,completa,39,2
sd06-b125,completa,40,2
sd06-b125,completa,41,3
sd06-b125,completa,42,3
sd06-b125,completa,43,3
sd06-b125,completa,44,3
sd06-b125,completa,45,4
sd06-b125,completa,46,4
sd06-b125,completa,47,4
sd06-b125,completa,48,5
sd06-b125,completa,49,5
sd06-b125,completa,50,6
sd06-b125,completa,51,6
sd06-b125,completa,52,6
sd06-b125,completa,53,7
sd06-b125,completa,54,8
sd06-b125,completa,55,8
sd06-b125,completa,56,9
sd06-b125,completa,57,10
sd06-b125,completa,58,11
sd06-b125,completa,59,11
sd06-b125,completa,60,13
sd06-b125,completa,61,14
sd06-b125,completa,62,15
sd06-b125,completa,63,16
sd06-b125,completa,64,18
sd06-b125,completa,65,20
sd06-b125,completa,66,22
sd06-b125,completa,67,24
sd06-b125,completa,68,26
sd06-b125,completa,69,29
sd06-b125,completa,70,32
sd06-b125,completa,71,36
sd06-b125,completa,72,40
sd06-b125,completa,73,45
sd06-b125,completa,74,50
sd06-b125,completa,75,56
sd06-b125,completa,76,63
sd06-b125,completa,77,71
sd06-b125,completa,78,80
sd06-b125,completa,79,92
sd06-b125,completa,80,105
sd06-b125,completa,81,121
sd06-b125,completa,82,139
sd06-b125,completa,83,161
sd06-b125,completa,84,188
sd06-b125,completa,85,220
sd06-b125,completa,86,259
sd06-b125,completa,87,308
sd06-b125,completa,88,368
sd06-b125,completa,89,445
sd06-b125,completa,90,541
sd06-b125,completa,91,666
sd06-b125,completa,92,831
sd06-b125,completa,93,1050
sd06-b125,completa,94,1337
sd06-b125,completa,95,1727
sd06-b125,completa,96,2292
sd06-b125,completa,97,3134
sd06-b125,completa,98,4421
sd06-b125,completa,99,6456
sd06-b125,sis-p01,1,0
sd06-b125,sis-p01,2,0
sd06-b125,sis-p01,3,0
sd06-b125,sis-p01,4,0
sd06-b125,sis-p01,5,0
sd06-b125,sis-p01,6,1
sd06-b125,sis-p01,7,1
sd06-b125,sis-p01,8,1
sd06-b125,sis-p01,9,2
sd06-b125,sis-p01,10,2
sd06-b125,sis-p01,11,3
sd06-b125,sis-p01,12,4
sd06-b125,sis-p01,13,4
sd06-b125,sis-p01,14,5
sd06-b125,sis-p01,15,7
sd06-b125,sis-p01,16,7
sd06-b125,sis-p01,17,9
sd06-b125,sis-p01,18,10
sd06-b125,sis-p01,19,11
sd06-b125,sis-p01,20,13
sd06-b125,sis-p01,21,14
sd06-b125,sis-p01,22,17
sd06-b125,sis-p01,23,19
sd06-b125,sis-p01,24,22
sd06-b125,sis-p01,25,24
sd06-b125,sis-p01,26,28
sd06-b125,sis-p01,27,31
sd06-b125,sis-p01,28,35
sd06-b125,sis-p01,29,38
sd06-b125,sis-p01,30,41
sd06-b125,sis-p01,31,46
sd06-b125,sis-p01,32,49
sd06-b125,sis-p01,33,53
sd06-b125,sis-p01,34,60
sd06-b125,sis-p01,35,67
sd06-b125,sis-p01,36,74
sd06-b125,sis-p01,37,80
sd06-b125,sis-p01,38,88
sd06-b125,sis-p01,39,92
sd06-b125,sis-p01,40,98
sd06-b125,sis-p01,41,105
sd06-b125,sis-p01,42,113
sd06-b125,sis-p01,43,120
sd06-b125,sis-p01,44,130
sd06-b125,sis-p01,45,137
sd06-b125,sis-p01,46,147
sd06-b125,sis-p01,47,156
sd06-b125,sis-p01,48,165
sd06-b125,sis-p01,49,178
sd06-b125,sis-p01,50,188
sd06-b125,sis-p01,51,198
sd06-b125,sis-p01,52,208
sd06-b125,sis-p01,53,220
sd06-b125,sis-p01,54,231
sd06-b125,sis-p01,55,243
sd06-b125,sis-p01,56,256
sd06-b125,sis-p01,57,280
sd06-b125,sis-p01,58,296
sd06-b125,sis-p01,59,308
sd06-b125,sis-p01,60,319
sd06-b125,sis-p01,61,342
sd06-b125,sis-p01,62,364
sd06-b125,sis-p01,63,380
sd06-b125,sis-p01,64,406
sd06-b125,sis-p01,65,421
sd06-b125,sis-p01,66,443
sd06-b125,sis-p01,67,470
sd06-b125,sis-p01,68,494
sd06-b125,sis-p01,69,520
sd06-b125,sis-p01,70,556
sd06-b125,sis-p01,71,577
sd06-b125,sis-p01,72,596
sd06-b125,sis-p01,73,623
sd06-b125,sis-p01,74,653
sd06-b125,sis-p01,75,677
sd06-b125,sis-p01,76,711
sd06-b125,sis-p01,77,745
sd06-b125,sis-p01,78,776
sd06-b125,sis-p01,79,807
sd06-b125,sis-p01,80,844
sd06-b125,sis-p01,81,879
sd06-b125,sis-p01,82,906
sd06-b125,sis-p01,83,964
sd06-b125,sis-p01,84,1018
sd06-b125,sis-p01,85,1070
sd06-b125,sis-p01,86,1120
sd06-b125,sis-p01,87,1153
sd06-b125,sis-p01,88,1181
sd06-b125,sis-p01,89,1255
sd06-b125,sis-p01,90,1314
sd06-b125,sis-p01,91,1386
sd06-b125,sis-p01,92,1446
sd06-b125,sis-p01,93,1503
sd06-b125,sis-p01,94,1629
sd06-b125,sis-p01,95,1715
sd06-b125,sis-p01,96,1822
sd06-b125,sis-p01,97,1955
sd06-b125,sis-p01,98,2198
sd06-b125,sis-p01,99,2570
sd06-b125,sis-p10,1,0
sd06-b125,sis-p10,2,0
sd06-b125,sis-p10,3,0
sd06-b125,sis-p10,4,0
sd06-b125,sis-p10,5,0
sd06-b125,sis-p10,6,1
sd06-b125,sis-p10,7,1
sd06-b125,sis-p10,8,1
sd06-b125,sis-p10,9,1
sd06-b125,sis-p10,10,2
sd06-b125,sis-p10,11,2
sd06-b125,sis-p10,12,3
sd06-b125,sis-p10,13,3
sd06-b125,sis-p10,14,4
sd06-b125,sis-p10,15,5
sd06-b125,sis-p10,16,6
sd06-b125,sis-p10,17,6
sd06-b125,sis-p10,18,7
sd06-b125,sis-p10,19,8
sd06-b125,sis-p10,20,10
sd06-b125,sis-p10,21,11
sd06-b125,sis-p10,22,13
sd06-b125,sis-p10,23,14
sd06-b125,sis-p10,24,16
sd06-b125,sis-p10,25,18
sd06-b125,sis-p10,26,20
sd06-b125,sis-p10,27,22
sd06-b125,sis-p10,28,25
sd06-b125,sis-p10,29,27
sd06-b125,sis-p10,30,30
sd06-b125,sis-p10,31,34
sd06-b125,sis-p10,32,38
sd06-b125,sis-p10,33,41
sd06-b125,sis-p10,34,46
sd06-b125,sis-p10,35,50
sd06-b125,sis-p10,36,55
sd06-b125,sis-p10,37,61
sd06-b125,sis-p10,38,67
sd06-b125,sis-p10,39,73
sd06-b125,sis-p10,40,80
sd06-b125,sis-p10,41,88
sd06-b125,sis-p10,42,96
sd06-b125,sis-p10,43,105
sd06-b125,sis-p10,44,115
sd06-b125,sis-p10,45,125
sd06-b125,sis-p10,46,135
sd06-b125,sis-p10,47,148
sd06-b125,sis-p10,48,161
sd06-b125,sis-p10,49,175
sd06-b125,sis-p10,50,190
sd06-b125,sis-p10,51,207
sd06-b125,sis-p10,52,225
sd06-b125,sis-p10,53,246
sd06-b125,sis-p10,54,267
sd06-b125,sis-p10,55,291
sd06-b125,sis-p10,56,315
sd06-b125,sis-p10,57,340
sd06-b125,sis-p10,58,367
sd06-b125,sis-p10,59,396
sd06-b125,sis-p10,60,425
sd06-b125,sis-p10,61,458
sd06-b125,sis-p10,62,494
sd06-b125,sis-p10,63,529
sd06-b125,sis-p10,64,569
sd06-b125,sis-p10,65,609
sd06-b125,sis-p10,66,654
sd06-b125,sis-p10,67,701
sd06-b125,sis-p10,68,754
sd06-b125,sis-p10,69,810
sd06-b125,sis-p10,70,874
sd06-b125,sis-p10,71,939
sd06-b125,sis-p10,72,1009
sd06-b125,sis-p10,73,1080
sd06-b125,sis-p10,74,1156
sd06-b125,sis-p10,75,1243
sd06-b125,sis-p10,76,1333
sd06-b125,sis-p10,77,1429
sd06-b125,sis-p10,78,1534
sd06-b125,sis-p10,79,1644
sd06-b125,sis-p10,80,1763
sd06-b125,sis-p10,81,1888
sd06-b125,sis-p10,82,2021
sd06-b125,sis-p10,83,2172
sd06-b125,sis-p10,84,2326
sd06-b125,sis-p10,85,2500
sd06-b125,sis-p10,86,2691
sd06-b125,sis-p10,87,2880
sd06-b125,sis-p10,88,3090
sd06-b125,sis-p10,89,3314
sd06-b125,sis-p10,90,3551
sd06-b125,sis-p10,91,3825
sd06-b125,sis-p10,92,4117
sd06-b125,sis-p10,93,4406
sd06-b125,sis-p10,94,4741
sd06-b125,sis-p10,95,5106
sd06-b125,sis-p10,96,5471
sd06-b125,sis-p10,97,5888
sd06-b125,sis-p10,98,6332
sd06-b125,sis-p10,99,7354
sd06-b125,sis-p20,1,0
sd06-b125,sis-p20,2,0
sd06-b125,sis-p20,3,0
sd06-b125,sis-p20,4,0
sd06-b125,sis-p20,5,0
sd06-b125,sis-p20,6,0
sd06-b125,sis-p20,7,0
sd06-b125,sis-p20,8,1
sd06-b125,sis-p20,9,1
sd06-b125,sis-p20,10,1
sd06-b125,sis-p20,11,1
sd06-b125,sis-p20,12,1
sd06-b125,sis-p20,13,2
sd06-b125,sis-p20,14,2
sd06-b125,sis-p20,15,2
sd06-b125,sis-p20,16,3
sd06-b125,sis-p20,17,3
sd06-b125,sis-p20,18,4
sd06-b125,sis-p20,19,4
sd06-b125,sis-p20,20,5
sd06-b125,sis-p20,21,5
sd06-b125,sis-p20,22,6
sd06-b125,sis-p20,23,7
sd06-b125,sis-p20,24,7
sd06-b125,sis-p20,25,8
sd06-b125,sis-p20,26,9
sd06-b125,sis-p20,27,10
sd06-b125,sis-p20,28,11
sd06-b125,sis-p20,29,12
sd06-b125,sis-p20,30,14
sd06-b125,sis-p20,31,15
sd06-b125,sis-p20,32,17
sd06-b125,sis-p20,33,19
sd06-b125,sis-p20,34,20
sd06-b125,sis-p20,35,23
sd06-b125,sis-p20,36,25
sd06-b125,sis-p20,37,27
sd06-b125,sis-p20,38,30
sd06-b125,sis-p20,39,33
sd06-b125,sis-p20,40,36
sd06-b125,sis-p20,41,39
sd06-b125,sis-p20,42,43
sd06-b125,sis-p20,43,47
sd06-b125,sis-p20,44,51
sd06-b125,sis-p20,45,56
sd06-b125,sis-p20,46,62
sd06-b125,sis-p20,47,67
sd06-b125,sis-p20,48,73
sd06-b125,sis-p20,49,80
sd06-b125,sis-p20,50,88
sd06-b125,sis-p20,51,95
sd06-b125,sis-p20,52,104
sd06-b125,sis-p20,53,114
sd06-b125,sis-p20,54,124
sd06-b125,sis-p20,55,135
sd06-b125,sis-p20,56,147
sd06-b125,sis-p20,57,161
sd06-b125,sis-p20,58,176
sd06-b125,sis-p20,59,191
sd06-b125,sis-p20,60,208
sd06-b125,sis-p20,61,226
sd06-b125,sis-p20,62,247
sd06-b125,sis-p20,63,269
sd06-b125,sis-p20,64,294
sd06-b125,sis-p20,65,320
sd06-b125,sis-p20,66,350
sd06-b125,sis-p20,67,381
sd06-b125,sis-p20,68,417
sd06-b125,sis-p20,69,457
sd06-b125,sis-p20,70,499
sd06-b125,sis-p20,71,544
sd06-b125,sis-p20,72,592
sd06-b125,sis-p20,73,647
sd06-b125,sis-p20,74,703
sd06-b125,sis-p20,75,768
sd06-b125,sis-p20,76,837
sd06-b125,sis-p20,77,913
sd06-b125,sis-p20,78,993
sd06-b125,sis-p20,79,1086
sd06-b125,sis-p20,80,1182
sd06-b125,sis-p20,81,1292
sd06-b125,sis-p20,82,1421
sd06-b125,sis-p20,83,1549
sd06-b125,sis-p20,84,1699
sd06-b125,sis-p20,85,1864
sd06-b125,sis-p20,86,2049
sd06-b125,sis-p20,87,2250
sd06-b125,sis-p20,88,2476
sd06-b125,sis-p20,89,2712
sd06-b125,sis-p20,90,3003
sd06-b125,sis-p20,91,3329
sd06-b125,sis-p20,92,3667
sd06-b125,sis-p20,93,4043
sd06-b125,sis-p20,94,4470
sd06-b125,sis-p20,95,4978
sd06-b125,sis-p20,96,5548
sd06-b125,sis-p20,97,6184
sd06-b125,sis-p20,98,6885
sd06-b125,sis-p20,99,7693
sd06-b125,jan-p01-t1k,1,0
sd06-b125,jan-p01-t1k,2,0
sd06-b125,jan-p01-t1k,3,0
sd06-b125,jan-p01-t1k,4,0
sd06-b125,jan-p01-t1k,5,0
sd06-b125,jan-p01-t1k,6,0
sd06-b125,jan-p01-t1k,7,0
sd06-b125,jan-p01-t1k,8,0
sd06-b125,jan-p01-t1k,9,0
sd06-b125,jan-p01-t1k,10,0
sd06-b125,jan-p01-t1k,11,0
sd06-b125,jan-p01-t1k,12,0
sd06-b125,jan-p01-t1k,13,0
sd06-b125,jan-p01-t1k,14,0
sd06-b125,jan-p01-t1k,15,0
sd06-b125,jan-p01-t1k,16,0
sd06-b125,jan-p01-t1k,17,0
sd06-b125,jan-p01-t1k,18,0
sd06-b125,jan-p01-t1k,19,0
sd06-b125,jan-p01-t1k,20,0
sd06-b125,jan-p01-t1k,21,0
sd06-b125,jan-p01-t1k,22,0
sd06-b125,jan-p01-t1k,23,0
sd06-b125,jan-p01-t1k,24,0
sd06-b125,jan-p01-t1k,25,0
sd06-b125,jan-p01-t1k,26,0
sd06-b125,jan-p01-t1k,27,0
sd06-b125,jan-p01-t1k,28,0
sd06-b125,jan-p01-t1k,29,0
sd06-b125,jan-p01-t1k,30,0
sd06-b125,jan-p01-t1k,31,1
sd06-b125,jan-p01-t1k,32,1
sd06-b125,jan-p01-t1k,33,1
sd06-b125,jan-p01-t1k,34,1
sd06-b125,jan-p01-t1k,35,1
sd06-b125,jan-p01-t1k,36,1
sd06-b125,jan-p01-t1k,37,1
sd06-b125,jan-p01-t1k,38,1
sd06-b125,jan-p01-t1k,39,1
sd06-b125,jan-p01-t1k,40,1
sd06-b125,jan-p01-t1k,41,1
sd06-b125,jan-p01-t1k,42,1
sd06-b125,jan-p01-t1k,43,2
sd06-b125,jan-p01-t1k,44,2
sd06-b125,jan-p01-t1k,45,2
sd06-b125,jan-p01-t1k,46,2
sd06-b125,jan-p01-t1k,47,2
sd06-b125,jan-p01-t1k,48,2
sd06-b125,jan-p01-t1k,49,2
sd06-b125,jan-p01-t1k,50,3
sd06-b125,jan-p01-t1k,51,3
sd06-b125,jan-p01-t1k,52,3
sd06-b125,jan-p01-t1k,53,3
sd06-b125,jan-p01-t1k,54,3
sd06-b125,jan-p01-t1k,55,4
sd06-b125,jan-p01-t1k,56,4
sd06-b125,jan-p01-t1k,57,4
sd06-b125,jan-p01-t1k,58,4
sd06-b125,jan-p01-t1k,59,5
sd06-b125,jan-p01-t1k,60,5
sd06-b125,jan-p01-t1k,61,5
sd06-b125,jan-p01-t1k,62,5
sd06-b125,jan-p01-t1k,63,6
sd06-b125,jan-p01-t1k,64,6
sd06-b125,jan-p01-t1k,65,7
sd06-b125,jan-p01-t1k,66,7
sd06-b125,jan-p01-t1k,67,8
sd06-b125,jan-p01-t1k,68,8
sd06-b125,jan-p01-t1k,69,9
sd06-b125,jan-p01-t1k,70,9
sd06-b125,jan-p01-t1k,71,10
sd06-b125,jan-p01-t1k,72,11
sd06-b125,jan-p01-t1k,73,12
sd06-b125,jan-p01-t1k,74,12
sd06-b125,jan-p01-t1k,75,13
sd06-b125,jan-p01-t1k,76,14
sd06-b125,jan-p01-t1k,77,16
sd06-b125,jan-p01-t1k,78,17
sd06-b125,jan-p01-t1k,79,18
sd06-b125,jan-p01-t1k,80,20
sd06-b125,jan-p01-t1k,81,21
sd06-b125,jan-p01-t1k,82,23
sd06-b125,jan-p01-t1k,83,25
sd06-b125,jan-p01-t1k,84,27
sd06-b125,jan-p01-t1k,85,29
sd06-b125,jan-p01-t1k,86,31
sd06-b125,jan-p01-t1k,87,34
sd06-b125,jan-p01-t1k,88,38
sd06-b125,jan-p01-t1k,89,42
sd06-b125,jan-p01-t1k,90,46
sd06-b125,jan-p01-t1k,91,51
sd06-b125,jan-p01-t1k,92,57
sd06-b125,jan-p01-t1k,93,63
sd06-b125,jan-p01-t1k,94,70
sd06-b125,jan-p01-t1k,95,80
sd06-b125,jan-p01-t1k,96,92
sd06-b125,jan-p01-t1k,97,107
sd06-b125,jan-p01-t1k,98,130
sd06-b125,jan-p01-t1k,99,167
sd06-b125,jan-p10-t1k,1,0
sd06-b125,jan-p10-t1k,2,0
sd06-b125,jan-p10-t1k,3,0
sd06-b125,jan-p10-t1k,4,0
sd06-b125,jan-p10-t1k,5,0
sd06-b125,jan-p10-t1k,6,0
sd06-b125,jan-p10-t1k,7,0
sd06-b125,jan-p10-t1k,8,0
sd06-b125,jan-p10-t1k,9,0
sd06-b125,jan-p10-t1k,10,0
sd06-b125,jan-p10-t1k,11,0
sd06-b125,jan-p10-t1k,12,0
sd06-b125,jan-p10-t1k,13,0
sd06-b125,jan-p10-t1k,14,0
sd06-b125,jan-p10-t1k,15,0
sd06-b125,jan-p10-t1k,16,0
sd06-b125,jan-p10-t1k,17,0
sd06-b125,jan-p10-t1k,18,0
sd06-b125,jan-p10-t1k,19,0
sd06-b125,jan-p10-t1k,20,0
sd06-b125,jan-p10-t1k,21,0
sd06-b125,jan-p10-t1k,22,0
sd06-b125,jan-p10-t1k,23,0
sd06-b125,jan-p10-t1k,24,0
sd06-b125,jan-p10-t1k,25,0
sd06-b125,jan-p10-t1k,26,0
sd06-b125,jan-p10-t1k,27,0
sd06-b125,jan-p10-t1k,28,0
sd06-b125,jan-p10-t1k,29,1
sd06-b125,jan-p10-t1k,30,1
sd06-b125,jan-p10-t1k,31,1
sd06-b125,jan-p10-t1k,32,1
sd06-b125,jan-p10-t1k,33,1
sd06-b125,jan-p10-t1k,34,1
sd06-b125,jan-p10-t1k,35,1
sd06-b125,jan-p10-t1k,36,1
sd06-b125,jan-p10-t1k,37,1
sd06-b125,jan-p10-t1k,38,1
sd06-b125,jan-p10-t1k,39,1
sd06-b125,jan-p10-t1k,40,2
sd06-b125,jan-p10-t1k,41,2
sd06-b125,jan-p10-t1k,42,2
sd06-b125,jan-p10-t1k,43,2
sd06-b125,jan-p10-t1k,44,2
sd06-b125,jan-p10-t1k,45,2
sd06-b125,jan-p10-t1k,46,2
sd06-b125,jan-p10-t1k,47,3
sd06-b125,jan-p10-t1k,48,3
sd06-b125,jan-p10-t1k,49,3
sd06-b125,jan-p10-t1k,50,3
sd06-b125,jan-p10-t1k,51,3
sd06-b125,jan-p10-t1k,52,4
sd06-b125,jan-p10-t1k,53,4
sd06-b125,jan-p10-t1k,54,4
sd06-b125,jan-p10-t1k,55,4
sd06-b125,jan-p10-t1k,56,5
sd06-b125,jan-p10-t1k,57,5
sd06-b125,jan-p10-t1k,58,5
sd06-b125,jan-p10-t1k,59,6
sd06-b125,jan-p10-t1k,60,6
sd06-b125,jan-p10-t1k,61,7
sd06-b125,jan-p10-t1k,62,7
sd06-b125,jan-p10-t1k,63,8
sd06-b125,jan-p10-t1k,64,8
sd06-b125,jan-p10-t1k,65,9
sd06-b125,jan-p10-t1k,66,10
sd06-b125,jan-p10-t1k,67,10
sd06-b125,jan-p10-t1k,68,11
sd06-b125,jan-p10-t1k,69,12
sd06-b125,jan-p10-t1k,70,13
sd06-b125,jan-p10-t1k,71,14
sd06-b125,jan-p10-t1k,72,15
sd06-b125,jan-p10-t1k,73,16
sd06-b125,jan-p10-t1k,74,18
sd06-b125,jan-p10-t1k,75,19
sd06-b125,jan-p10-t1k,76,21
sd06-b125,jan-p10-t1k,77,23
sd06-b125,jan-p10-t1k,78,25
sd06-b125,jan-p10-t1k,79,27
sd06-b125,jan-p10-t1k,80,29
sd06-b125,jan-p10-t1k,81,32
sd06-b125,jan-p10-t1k,82,36
sd06-b125,jan-p10-t1k,83,40
sd06-b125,jan-p10-t1k,84,44
sd06-b125,jan-p10-t1k,85,49
sd06-b125,jan-p10-t1k,86,55
sd06-b125,jan-p10-t1k,87,63
sd06-b125,jan-p10-t1k,88,70
sd06-b125,jan-p10-t1k,89,80
sd06-b125,jan-p10-t1k,90,93
sd06-b125,jan-p10-t1k,91,110
sd06-b125,jan-p10-t1k,92,132
sd06-b125,jan-p10-t1k,93,166
sd06-b125,jan-p10-t1k,94,234
sd06-b125,jan-p10-t1k,95,406
sd06-b125,jan-p10-t1k,96,694
sd06-b125,jan-p10-t1k,97,1123
sd06-b125,jan-p10-t1k,98,1764
sd06-b125,jan-p10-t1k,99,2660
sd06-b125,jan-p20-t1k,1,0
sd06-b125,jan-p20-t1k,2,0
sd06-b125,jan-p20-t1k,3,0
sd06-b125,jan-p20-t1k,4,0
sd06-b125,jan-p20-t1k,5,0
sd06-b125,jan-p20-t1k,6,0
sd06-b125,jan-p20-t1k,7,0
sd06-b125,jan-p20-t1k,8,0
sd06-b125,jan-p20-t1k,9,0
sd06-b125,jan-p20-t1k,10,0
sd06-b125,jan-p20-t1k,11,0
sd06-b125,jan-p20-t1k,12,0
sd06-b125,jan-p20-t1k,13,0
sd06-b125,jan-p20-t1k,14,0
sd06-b125,jan-p20-t1k,15,0
sd06-b125,jan-p20-t1k,16,0
sd06-b125,jan-p20-t1k,17,0
sd06-b125,jan-p20-t1k,18,0
sd06-b125,jan-p20-t1k,19,0
sd06-b125,jan-p20-t1k,20,0
sd06-b125,jan-p20-t1k,21,0
sd06-b125,jan-p20-t1k,22,0
sd06-b125,jan-p20-t1k,23,0
sd06-b125,jan-p20-t1k,24,0
sd06-b125,jan-p20-t1k,25,0
sd06-b125,jan-p20-t1k,26,0
sd06-b125,jan-p20-t1k,27,1
sd06-b125,jan-p20-t1k,28,1
sd06-b125,jan-p20-t1k,29,1
sd06-b125,jan-p20-t1k,30,1
sd06-b125,jan-p20-t1k,31,1
sd06-b125,jan-p20-t1k,32,1
sd06-b125,jan-p20-t1k,33,1
sd06-b125,jan-p20-t1k,34,1
sd06-b125,jan-p20-t1k,35,1
sd06-b125,jan-p20-t1k,36,1
sd06-b125,jan-p20-t1k,37,1
sd06-b125,jan-p20-t1k,38,2
sd06-b125,jan-p20-t1k,39,2
sd06-b125,jan-p20-t1k,40,2
sd06-b125,jan-p20-t1k,41,2
sd06-b125,jan-p20-t1k,42,2
sd06-b125,jan-p20-t1k,43,2
sd06-b125,jan-p20-t1k,44,2
sd06-b125,jan-p20-t1k,45,3
sd06-b125,jan-p20-t1k,46,3
sd06-b125,jan-p20-t1k,47,3
sd06-b125,jan-p20-t1k,48,3
sd06-b125,jan-p20-t1k,49,3
sd06-b125,jan-p20-t1k,50,4
sd06-b125,jan-p20-t1k,51,4
sd06-b125,jan-p20-t1k,52,4
sd06-b125,jan-p20-t1k,53,5
sd06-b125,jan-p20-t1k,54,5
sd06-b125,jan-p20-t1k,55,5
sd06-b125,jan-p20-t1k,56,6
sd06-b125,jan-p20-t1k,57,6
sd06-b125,jan-p20-t1k,58,7
sd06-b125,jan-p20-t1k,59,7
sd06-b125,jan-p20-t1k,60,8
sd06-b125,jan-p20-t1k,61,8
sd06-b125,jan-p20-t1k,62,9
sd06-b125,jan-p20-t1k,63,10
sd06-b125,jan-p20-t1k,64,10
sd06-b125,jan-p20-t1k,65,11
sd06-b125,jan-p20-t1k,66,12
sd06-b125,jan-p20-t1k,67,13
sd06-b125,jan-p20-t1k,68,14
sd06-b125,jan-p20-t1k,69,15
sd06-b125,jan-p20-t1k,70,17
sd06-b125,jan-p20-t1k,71,18
sd06-b125,jan-p20-t1k,72,20
sd06-b125,jan-p20-t1k,73,22
sd06-b125,jan-p20-t1k,74,24
sd06-b125,jan-p20-t1k,75,26
sd06-b125,jan-p20-t1k,76,29
sd06-b125,jan-p20-t1k,77,32
sd06-b125,jan-p20-t1k,78,35
sd06-b125,jan-p20-t1k,79,39
sd06-b125,jan-p20-t1k,80,44
sd06-b125,jan-p20-t1k,81,49
sd06-b125,jan-p20-t1k,82,55
sd06-b125,jan-p20-t1k,83,62
sd06-b125,jan-p20-t1k,84,70
sd06-b125,jan-p20-t1k,85,81
sd06-b125,jan-p20-t1k,86,95
sd06-b125,jan-p20-t1k,87,112
sd06-b125,jan-p20-t1k,88,136
sd06-b125,jan-p20-t1k,89,170
sd06-b125,jan-p20-t1k,90,225
sd06-b125,jan-p20-t1k,91,334
sd06-b125,jan-p20-t1k,92,478
sd06-b125,jan-p20-t1k,93,664
sd06-b125,jan-p20-t1k,94,937
sd06-b125,jan-p20-t1k,95,1305
sd06-b125,jan-p20-t1k,96,1797
sd06-b125,jan-p20-t1k,97,2458
sd06-b125,jan-p20-t1k,98,3331
sd06-b125,jan-p20-t1k,99,4517
sd06-b125,jan-p01-t10k,1,0
sd06-b125,jan-p01-t10k,2,0
sd06-b125,jan-p01-t10k,3,0
sd06-b125,jan-p01-t10k,4,0
sd06-b125,jan-p01-t10k,5,0
sd06-b125,jan-p01-t10k,6,0
sd06-b125,jan-p01-t10k,7,0
sd06-b125,jan-p01-t10k,8,0
sd06-b125,jan-p01-t10k,9,0
sd06-b125,jan-p01-t10k,10,0
sd06-b125,jan-p01-t10k,11,0
sd06-b125,jan-p01-t10k,12,0
sd06-b125,jan-p01-t10k,13,0
sd06-b125,jan-p01-t10k,14,0
sd06-b125,jan-p01-t10k,15,0
sd06-b125,jan-p01-t10k,16,0
sd06-b125,jan-p01-t10k,17,0
sd06-b125,jan-p01-t10k,18,0
sd06-b125,jan-p01-t10k,19,0
sd06-b125,jan-p01-t10k,20,0
sd06-b125,jan-p01-t10k,21,0
sd06-b125,jan-p01-t10k,22,0
sd06-b125,jan-p01-t10k,23,0
sd06-b125,jan-p01-t10k,24,0
sd06-b125,jan-p01-t10k,25,0
sd06-b125,jan-p01-t10k,26,1
sd06-b125,jan-p01-t10k,27,1
sd06-b125,jan-p01-t10k,28,1
sd06-b125,jan-p01-t10k,29,1
sd06-b125,jan-p01-t10k,30,1
sd06-b125,jan-p01-t10k,31,1
sd06-b125,jan-p01-t10k,32,1
sd06-b125,jan-p01-t10k,33,1
sd06-b125,jan-p01-t10k,34,1
sd06-b125,jan-p01-t10k,35,1
sd06-b125,jan-p01-t10k,36,1
sd06-b125,jan-p01-t10k,37,1
sd06-b125,jan-p01-t10k,38,2
sd06-b125,jan-p01-t10k,39,2
sd06-b125,jan-p01-t10k,40,2
sd06-b125,jan-p01-t10k,41,2
sd06-b125,jan-p01-t10k,42,2
sd06-b125,jan-p01-t10k,43,2
sd06-b125,jan-p01-t10k,44,2
sd06-b125,jan-p01-t10k,45,3
sd06-b125,jan-p01-t10k,46,3
sd06-b125,jan-p01-t10k,47,3
sd06-b125,jan-p01-t10k,48,3
sd06-b125,jan-p01-t10k,49,4
sd06-b125,jan-p01-t10k,50,4
sd06-b125,jan-p01-t10k,51,4
sd06-b125,jan-p01-t10k,52,4
sd06-b125,jan-p01-t10k,53,5
sd06-b125,jan-p01-t10k,54,5
sd06-b125,jan-p01-t10k,55,6
sd06-b125,jan-p01-t10k,56,6
sd06-b125,jan-p01-t10k,57,6
sd06-b125,jan-p01-t10k,58,7
sd06-b125,jan-p01-t10k,59,7
sd06-b125,jan-p01-t10k,60,8
sd06-b125,jan-p01-t10k,61,9
sd06-b125,jan-p01-t10k,62,9
sd06-b125,jan-p01-t10k,63,10
sd06-b125,jan-p01-t10k,64,11
sd06-b125,jan-p01-t10k,65,11
sd06-b125,jan-p01-t10k,66,12
sd06-b125,jan-p01-t10k,67,13
sd06-b125,jan-p01-t10k,68,14
sd06-b125,jan-p01-t10k,69,15
sd06-b125,jan-p01-t10k,70,17
sd06-b125,jan-p01-t10k,71,18
sd06-b125,jan-p01-t10k,72,20
sd06-b125,jan-p01-t10k,73,22
sd06-b125,jan-p01-t10k,74,24
sd06-b125,jan-p01-t10k,75,27
sd06-b125,jan-p01-t10k,76,29
sd06-b125,jan-p01-t10k,77,32
sd06-b125,jan-p01-t10k,78,35
sd06-b125,jan-p01-t10k,79,39
sd06-b125,jan-p01-t10k,80,43
sd06-b125,jan-p01-t10k,81,48
sd06-b125,jan-p01-t10k,82,53
sd06-b125,jan-p01-t10k,83,59
sd06-b125,jan-p01-t10k,84,66
sd06-b125,jan-p01-t10k,85,75
sd06-b125,jan-p01-t10k,86,85
sd06-b125,jan-p01-t10k,87,96
sd06-b125,jan-p01-t10k,88,108
sd06-b125,jan-p01-t10k,89,125
sd06-b125,jan-p01-t10k,90,143
sd06-b125,jan-p01-t10k,91,169
sd06-b125,jan-p01-t10k,92,196
sd06-b125,jan-p01-t10k,93,228
sd06-b125,jan-p01-t10k,94,261
sd06-b125,jan-p01-t10k,95,319
sd06-b125,jan-p01-t10k,96,375
sd06-b125,jan-p01-t10k,97,483
sd06-b125,jan-p01-t10k,98,613
sd06-b125,jan-p01-t10k,99,793
sd06-b125,jan-p10-t10k,1,0
sd06-b125,jan-p10-t10k,2,0
sd06-b125,jan-p10-t10k,3,0
sd06-b125,jan-p10-t10k,4,0
sd06-b125,jan-p10-t10k,5,0
sd06-b125,jan-p10-t10k,6,0
sd06-b125,jan-p10-t10k,7,0
sd06-b125,jan-p10-t10k,8,0
sd06-b125,jan-p10-t10k,9,0
sd06-b125,jan-p10-t10k,10,0
sd06-b125,jan-p10-t10k,11,0
sd06-b125,jan-p10-t10k,12,0
sd06-b125,jan-p10-t10k,13,0
sd06-b125,jan-p10-t10k,14,0
sd06-b125,jan-p10-t10k,15,0
sd06-b125,jan-p10-t10k,16,0
sd06-b125,jan-p10-t10k,17,0
sd06-b125,jan-p10-t10k,18,0
sd06-b125,jan-p10-t10k,19,0
sd06-b125,jan-p10-t10k,20,0
sd06-b125,jan-p10-t10k,21,0
sd06-b125,jan-p10-t10k,22,0
sd06-b125,jan-p10-t10k,23,0
sd06-b125,jan-p10-t10k,24,0
sd06-b125,jan-p10-t10k,25,0
sd06-b125,jan-p10-t10k,26,0
sd06-b125,jan-p10-t10k,27,1
sd06-b125,jan-p10-t10k,28,1
sd06-b125,jan-p10-t10k,29,1
sd06-b125,jan-p10-t10k,30,1
sd06-b125,jan-p10-t10k,31,1
sd06-b125,jan-p10-t10k,32,1
sd06-b125,jan-p10-t10k,33,1
sd06-b125,jan-p10-t10k,34,1
sd06-b125,jan-p10-t10k,35,1
sd06-b125,jan-p10-t10k,36,1
sd06-b125,jan-p10-t10k,37,1
sd06-b125,jan-p10-t10k,38,2
sd06-b125,jan-p10-t10k,39,2
sd06-b125,jan-p10-t10k,40,2
sd06-b125,jan-p10-t10k,41,2
sd06-b125,jan-p10-t10k,42,2
sd06-b125,jan-p10-t10k,43,2
sd06-b125,jan-p10-t10k,44,3
sd06-b125,jan-p10-t10k,45,3
sd06-b125,jan-p10-t10k,46,3
sd06-b125,jan-p10-t10k,47,3
sd06-b125,jan-p10-t10k,48,3
sd06-b125,jan-p10-t10k,49,4
sd06-b125,jan-p10-t10k,50,4
sd06-b125,jan-p10-t10k,51,4
sd06-b125,jan-p10-t10k,52,5
sd06-b125,jan-p10-t10k,53,5
sd06-b125,jan-p10-t10k,54,5
sd06-b125,jan-p10-t10k,55,6
sd06-b125,jan-p10-t10k,56,6
sd06-b125,jan-p10-t10k,57,7
sd06-b125,jan-p10-t10k,58,7
sd06-b125,jan-p10-t10k,59,8
sd06-b125,jan-p10-t10k,60,8
sd06-b125,jan-p10-t10k,61,9
sd06-b125,jan-p10-t10k,62,10
sd06-b125,jan-p10-t10k,63,10
sd06-b125,jan-p10-t10k,64,11
sd06-b125,jan-p10-t10k,65,12
sd06-b125,jan-p10-t10k,66,13
sd06-b125,jan-p10-t10k,67,14
sd06-b125,jan-p10-t10k,68,16
sd06-b125,jan-p10-t10k,69,17
sd06-b125,jan-p10-t10k,70,18
sd06-b125,jan-p10-t10k,71,20
sd06-b125,jan-p10-t10k,72,22
sd06-b125,jan-p10-t10k,73,24
sd06-b125,jan-p10-t10k,74,26
sd06-b125,jan-p10-t10k,75,29
sd06-b125,jan-p10-t10k,76,32
sd06-b125,jan-p10-t10k,77,35
sd06-b125,jan-p10-t10k,78,39
sd06-b125,jan-p10-t10k,79,43
sd06-b125,jan-p10-t10k,80,47
sd06-b125,jan-p10-t10k,81,52
sd06-b125,jan-p10-t10k,82,58
sd06-b125,jan-p10-t10k,83,65
sd06-b125,jan-p10-t10k,84,73
sd06-b125,jan-p10-t10k,85,83
sd06-b125,jan-p10-t10k,86,94
sd06-b125,jan-p10-t10k,87,107
sd06-b125,jan-p10-t10k,88,122
sd06-b125,jan-p10-t10k,89,140
sd06-b125,jan-p10-t10k,90,161
sd06-b125,jan-p10-t10k,91,188
sd06-b125,jan-p10-t10k,92,218
sd06-b125,jan-p10-t10k,93,257
sd06-b125,jan-p10-t10k,94,307
sd06-b125,jan-p10-t10k,95,372
sd06-b125,jan-p10-t10k,96,460
sd06-b125,jan-p10-t10k,97,592
sd06-b125,jan-p10-t10k,98,792
sd06-b125,jan-p10-t10k,99,1212
sd06-b125,jan-p20-t10k,1,0
sd06-b125,jan-p20-t10k,2,0
sd06-b125,jan-p20-t10k,3,0
sd06-b125,jan-p20-t10k,4,0
sd06-b125,jan-p20-t10k,5,0
sd06-b125,jan-p20-t10k,6,0
sd06-b125,jan-p20-t10k,7,0
sd06-b125,jan-p20-t10k,8,0
sd06-b125,jan-p20-t10k,9,0
sd06-b125,jan-p20-t10k,10,0
sd06-b125,jan-p20-t10k,11,0
sd06-b125,jan-p20-t10k,12,0
sd06-b125,jan-p20-t10k,13,0
sd06-b125,jan-p20-t10k,14,0
sd06-b125,jan-p20-t10k,15,0
sd06-b125,jan-p20-t10k,16,0
sd06-b125,jan-p20-t10k,17,0
sd06-b125,jan-p20-t10k,18,0
sd06-b125,jan-p20-t10k,19,0
sd06-b125,jan-p20-t10k,20,0
sd06-b125,jan-p20-t10k,21,0
sd06-b125,jan-p20-t10k,22,0
sd06-b125,jan-p20-t10k,23,0
sd06-b125,jan-p20-t10k,24,0
sd06-b125,jan-p20-t10k,25,0
sd06-b125,jan-p20-t10k,26,1
sd06-b125,jan-p20-t10k,27,1
sd06-b125,jan-p20-t10k,28,1
sd06-b125,jan-p20-t10k,29,1
sd06-b125,jan-p20-t10k,30,1
sd06-b125,jan-p20-t10k,31,1
sd06-b125,jan-p20-t10k,32,1
sd06-b125,jan-p20-t10k,33,1
sd06-b125,jan-p20-t10k,34,1
sd06-b125,jan-p20-t10k,35,1
sd06-b125,jan-p20-t10k,36,1
sd06-b125,jan-p20-t10k,37,2
sd06-b125,jan-p20-t10k,38,2
sd06-b125,jan-p20-t10k,39,2
sd06-b125,jan-p20-t10k,40,2
sd06-b125,jan-p20-t10k,41,2
sd06-b125,jan-p20-t10k,42,2
sd06-b125,jan-p20-t10k,43,3
sd06-b125,jan-p20-t10k,44,3
sd06-b125,jan-p20-t10k,45,3
sd06-b125,jan-p20-t10k,46,3
sd06-b125,jan-p20-t10k,47,3
sd06-b125,jan-p20-t10k,48,4
sd06-b125,jan-p20-t10k,49,4
sd06-b125,jan-p20-t10k,50,4
sd06-b125,jan-p20-t10k,51,5
sd06-b125,jan-p20-t10k,52,5
sd06-b125,jan-p20-t10k,53,5
sd06-b125,jan-p20-t10k,54,6
sd06-b125,jan-p20-t10k,55,6
sd06-b125,jan-p20-t10k,56,7
sd06-b125,jan-p20-t10k,57,7
sd06-b125,jan-p20-t10k,58,8
sd06-b125,jan-p20-t10k,59,8
sd06-b125,jan-p20-t10k,60,9
sd06-b125,jan-p20-t10k,61,10
sd06-b125,jan-p20-t10k,62,10
sd06-b125,jan-p20-t10k,63,11
sd06-b125,jan-p20-t10k,64,12
sd06-b125,jan-p20-t10k,65,13
sd06-b125,jan-p20-t10k,66,14
sd06-b125,jan-p20-t10k,67,16
sd06-b125,jan-p20-t10k,68,17
sd06-b125,jan-p20-t10k,69,19
sd06-b125,jan-p20-t10k,70,20
sd06-b125,jan-p20-t10k,71,22
sd06-b125,jan-p20-t10k,72,24
sd06-b125,jan-p20-t10k,73,27
sd06-b125,jan-p20-t10k,74,29
sd06-b125,jan-p20-t10k,75,33
sd06-b125,jan-p20-t10k,76,36
sd06-b125,jan-p20-t10k,77,40
sd06-b125,jan-p20-t10k,78,44
sd06-b125,jan-p20-t10k,79,49
sd06-b125,jan-p20-t10k,80,54
sd06-b125,jan-p20-t10k,81,61
sd06-b125,jan-p20-t10k,82,68
sd06-b125,jan-p20-t10k,83,77
sd06-b125,jan-p20-t10k,84,87
sd06-b125,jan-p20-t10k,85,99
sd06-b125,jan-p20-t10k,86,113
sd06-b125,jan-p20-t10k,87,130
sd06-b125,jan-p20-t10k,88,150
sd06-b125,jan-p20-t10k,89,174
sd06-b125,jan-p20-t10k,90,203
sd06-b125,jan-p20-t10k,91,239
sd06-b125,jan-p20-t10k,92,285
sd06-b125,jan-p20-t10k,93,344
sd06-b125,jan-p20-t10k,94,419
sd06-b125,jan-p20-t10k,95,532
sd06-b125,jan-p20-t10k,96,692
sd06-b125,jan-p20-t10k,97,955
sd06-b125,jan-p20-t10k,98,1573
sd06-b125,jan-p20-t10k,99,2786
sd07-b100,completa,1,0
sd07-b100,completa,2,0
sd07-b100,completa,3,0
sd07-b100,completa,4,0
sd07-b100,completa,5,0
sd07-b100,completa,6,0
sd07-b100,completa,7,0
sd07-b100,completa,8,0
sd07-b100,completa,9,0
sd07-b100,completa,10,0
sd07-b100,completa,11,1
sd07-b100,completa,12,1
sd07-b100,completa,13,1
sd07-b100,completa,14,1
sd07-b100,completa,15,1
sd07-b100,completa,16,2
sd07-b100,completa,17,2
sd07-b100,completa,18,2
sd07-b100,completa,19,3
sd07-b100,completa,20,3
sd07-b100,completa,21,3
sd07-b100,completa,22,4
sd07-b100,completa,23,4
sd07-b100,completa,24,5
sd07-b100,completa,25,5
sd07-b100,completa,26,6
sd07-b100,completa,27,7
sd07-b100,completa,28,8
sd07-b100,completa,29,8
sd07-b100,completa,30,9
sd07-b100,completa,31,10
sd07-b100,completa,32,12
sd07-b100,completa,33,13
sd07-b100,completa,34,14
sd07-b100,completa,35,16
sd07-b100,completa,36,18
sd07-b100,completa,37,19
sd07-b100,completa,38,22
sd07-b100,completa,39,24
sd07-b100,completa,40,26
sd07-b100,completa,41,29
sd07-b100,completa,42,32
sd07-b100,completa,43,36
sd07-b100,completa,44,40
sd07-b100,completa,45,44
sd07-b100,completa,46,48
sd07-b100,completa,47,53
sd07-b100,completa,48,59
sd07-b100,completa,49,65
sd07-b100,completa,50,72
sd07-b100,completa,51,79
sd07-b100,completa,52,88
sd07-b100,completa,53,97
sd07-b100,completa,54,107
sd07-b100,completa,55,118
sd07-b100,completa,56,130
sd07-b100,completa,57,143
sd07-b100,completa,58,158
sd07-b100,completa,59,174
sd07-b100,completa,60,192
sd07-b100,completa,61,212
sd07-b100,completa,62,234
sd07-b100,completa,63,259
sd07-b100,completa,64,285
sd07-b100,completa,65,314
sd07-b100,completa,66,346
sd07-b100,completa,67,382
sd07-b100,completa,68,420
sd07-b100,completa,69,464
sd07-b100,completa,70,511
sd07-b100,completa,71,563
sd07-b100,completa,72,622
sd07-b100,completa,73,687
sd07-b100,completa,74,758
sd07-b100,completa,75,837
sd07-b100,completa,76,921
sd07-b100,completa,77,1014
sd07-b100,completa,78,1118
sd07-b100,completa,79,1233
sd07-b100,completa,80,1362
sd07-b100,completa,81,1503
sd07-b100,completa,82,1660
sd07-b100,completa,83,1830
sd07-b100,completa,84,2016
sd07-b100,completa,85,2224
sd07-b100,completa,86,2451
sd07-b100,completa,87,2705
sd07-b100,completa,88,2981
sd07-b100,completa,89,3292
sd07-b100,completa,90,3632
sd07-b100,completa,91,4006
sd07-b100,completa,92,4430
sd07-b100,completa,93,4896
sd07-b100,completa,94,5403
sd07-b100,completa,95,5958
sd07-b100,completa,96,6590
sd07-b100,completa,97,7310
sd07-b100,completa,98,8118
sd07-b100,completa,99,9006
sd07-b100,sis-p01,1,0
sd07-b100,sis-p01,2,1
sd07-b100,sis-p01,3,2
sd07-b100,sis-p01,4,4
sd07-b100,sis-p01,5,5
sd07-b100,sis-p01,6,8
sd07-b100,sis-p01,7,12
sd07-b100,sis-p01,8,16
sd07-b100,sis-p01,9,20
sd07-b100,sis-p01,10,25
sd07-b100,sis-p01,11,29
sd07-b100,sis-p01,12,33
sd07-b100,sis-p01,13,40
sd07-b100,sis-p01,14,48
sd07-b100,sis-p01,15,52
sd07-b100,sis-p01,16,58
sd07-b100,sis-p01,17,69
sd07-b100,sis-p01,18,75
sd07-b100,sis-p01,19,82
sd07-b100,sis-p01,20,92
sd07-b100,sis-p01,21,100
sd07-b100,sis-p01,22,108
sd07-b100,sis-p01,23,116
sd07-b100,sis-p01,24,130
sd07-b100,sis-p01,25,142
sd07-b100,sis-p01,26,150
sd07-b100,sis-p01,27,163
sd07-b100,sis-p01,28,169
sd07-b100,sis-p01,29,182
sd07-b100,sis-p01,30,197
sd07-b100,sis-p01,31,208
sd07-b100,sis-p01,32,230
sd07-b100,sis-p01,33,246
sd07-b100,sis-p01,34,263
sd07-b100,sis-p01,35,279
sd07-b100,sis-p01,36,296
sd07-b100,sis-p01,37,313
sd07-b100,sis-p01,38,327
sd07-b100,sis-p01,39,335
sd07-b100,sis-p01,40,359
sd07-b100,sis-p01,41,375
sd07-b100,sis-p01,42,395
sd07-b100,sis-p01,43,414
sd07-b100,sis-p01,44,427
sd07-b100,sis-p01,45,448
sd07-b100,sis-p01,46,462
sd07-b100,sis-p01,47,477
sd07-b100,sis-p01,48,495
sd07-b100,sis-p01,49,513
sd07-b100,sis-p01,50,539
sd07-b100,sis-p01,51,561
sd07-b100,sis-p01,52,581
sd07-b100,sis-p01,53,605
sd07-b100,sis-p01,54,639
sd07-b100,sis-p01,55,660
sd07-b100,sis-p01,56,674
sd07-b100,sis-p01,57,686
sd07-b100,sis-p01,58,710
sd07-b100,sis-p01,59,730
sd07-b100,sis-p01,60,752
sd07-b100,sis-p01,61,774
sd07-b100,sis-p01,62,800
sd07-b100,sis-p01,63,819
sd07-b100,sis-p01,64,851
sd07-b100,sis-p01,65,874
sd07-b100,sis-p01,66,906
sd07-b100,sis-p01,67,932
sd07-b100,sis-p01,68,959
sd07-b100,sis-p01,69,988
sd07-b100,sis-p01,70,1009
sd07-b100,sis-p01,71,1028
sd07-b100,sis-p01,72,1054
sd07-b100,sis-p01,73,1088
sd07-b100,sis-p01,74,1129
sd07-b100,sis-p01,75,1166
sd07-b100,sis-p01,76,1209
sd07-b100,sis-p01,77,1248
sd07-b100,sis-p01,78,1288
sd07-b100,sis-p01,79,1310
sd07-b100,sis-p01,80,1361
sd07-b100,sis-p01,81,1411
sd07-b100,sis-p01,82,1445
sd07-b100,sis-p01,83,1493
sd07-b100,sis-p01,84,1553
sd07-b100,sis-p01,85,1623
sd07-b100,sis-p01,86,1679
sd07-b100,sis-p01,87,1720
sd07-b100,sis-p01,88,1787
sd07-b100,sis-p01,89,1889
sd07-b100,sis-p01,90,1994
sd07-b100,sis-p01,91,2094
sd07-b100,sis-p01,92,2161
sd07-b100,sis-p01,93,2233
sd07-b100,sis-p01,94,2310
sd07-b100,sis-p01,95,2397
sd07-b100,sis-p01,96,2651
sd07-b100,sis-p01,97,2859
sd07-b100,sis-p01,98,3168
sd07-b100,sis-p01,99,3563
sd07-b100,sis-p10,1,0
sd07-b100,sis-p10,2,0
sd07-b100,sis-p10,3,1
sd07-b100,sis-p10,4,2
sd07-b100,sis-p10,5,3
sd07-b100,sis-p10,6,4
sd07-b100,sis-p10,7,6
sd07-b100,sis-p10,8,9
sd07-b100,sis-p10,9,11
sd07-b100,sis-p10,10,14
sd07-b100,sis-p10,11,18
sd07-b100,sis-p10,12,23
sd07-b100,sis-p10,13,28
sd07-b100,sis-p10,14,34
sd07-b100,sis-p10,15,41
sd07-b100,sis-p10,16,49
sd07-b100,sis-p10,17,57
sd07-b100,sis-p10,18,67
sd07-b100,sis-p10,19,79
sd07-b100,sis-p10,20,92
sd07-b100,sis-p10,21,105
sd07-b100,sis-p10,22,119
sd07-b100,sis-p10,23,134
sd07-b100,sis-p10,24,150
sd07-b100,sis-p10,25,170
sd07-b100,sis-p10,26,190
sd07-b100,sis-p10,27,212
sd07-b100,sis-p10,28,235
sd07-b100,sis-p10,29,261
sd07-b100,sis-p10,30,290
sd07-b100,sis-p10,31,320
sd07-b100,sis-p10,32,350
sd07-b100,sis-p10,33,383
sd07-b100,sis-p10,34,417
sd07-b100,sis-p10,35,455
sd07-b100,sis-p10,36,493
sd07-b100,sis-p10,37,531
sd07-b100,sis-p10,38,574
sd07-b100,sis-p10,39,619
sd07-b100,sis-p10,40,664
sd07-b100,sis-p10,41,711
sd07-b100,sis-p10,42,758
sd07-b100,sis-p10,43,806
sd07-b100,sis-p10,44,862
sd07-b100,sis-p10,45,916
sd07-b100,sis-p10,46,975
sd07-b100,sis-p10,47,1035
sd07-b100,sis-p10,48,1096
sd07-b100,sis-p10,49,1159
sd07-b100,sis-p10,50,1219
sd07-b100,sis-p10,51,1289
sd07-b100,sis-p10,52,1360
sd07-b100,sis-p10,53,1427
sd07-b100,sis-p10,54,1501
sd07-b100,sis-p10,55,1580
sd07-b100,sis-p10,56,1655
sd07-b100,sis-p10,57,1743
sd07-b100,sis-p10,58,1827
sd07-b100,sis-p10,59,1917
sd07-b100,sis-p10,60,2001
sd07-b100,sis-p10,61,2089
sd07-b100,sis-p10,62,2181
sd07-b100,sis-p10,63,2267
sd07-b100,sis-p10,64,2359
sd07-b100,sis-p10,65,2456
sd07-b100,sis-p10,66,2552
sd07-b100,sis-p10,67,2660
sd07-b100,sis-p10,68,2755
sd07-b100,sis-p10,69,2865
sd07-b100,sis-p10,70,2977
sd07-b100,sis-p10,71,3090
sd07-b100,sis-p10,72,3214
sd07-b100,sis-p10,73,3328
sd07-b100,sis-p10,74,3446
sd07-b100,sis-p10,75,3579
sd07-b100,sis-p10,76,3702
sd07-b100,sis-p10,77,3822
sd07-b100,sis-p10,78,3940
sd07-b100,sis-p10,79,4070
sd07-b100,sis-p10,80,4196
sd07-b100,sis-p10,81,4336
sd07-b100,sis-p10,82,4475
sd07-b100,sis-p10,83,4611
sd07-b100,sis-p10,84,4753
sd07-b100,sis-p10,85,4900
sd07-b100,sis-p10,86,5046
sd07-b100,sis-p10,87,5192
sd07-b100,sis-p10,88,5337
sd07-b100,sis-p10,89,5504
sd07-b100,sis-p10,90,5708
sd07-b100,sis-p10,91,5934
sd07-b100,sis-p10,92,6188
sd07-b100,sis-p10,93,6466
sd07-b100,sis-p10,94,6774
sd07-b100,sis-p10,95,7142
sd07-b100,sis-p10,96,7561
sd07-b100,sis-p10,97,8108
sd07-b100,sis-p10,98,8834
sd07-b100,sis-p10,99,10056
sd07-b100,sis-p20,1,0
sd07-b100,sis-p20,2,0
sd07-b100,sis-p20,3,0
sd07-b100,sis-p20,4,1
sd07-b100,sis-p20,5,1
sd07-b100,sis-p20,6,2
sd07-b100,sis-p20,7,3
sd07-b100,sis-p20,8,4
sd07-b100,sis-p20,9,5
sd07-b100,sis-p20,10,7
sd07-b100,sis-p20,11,8
sd07-b100,sis-p20,12,10
sd07-b100,sis-p20,13,13
sd07-b100,sis-p20,14,16
sd07-b100,sis-p20,15,19
sd07-b100,sis-p20,16,22
sd07-b100,sis-p20,17,26
sd07-b100,sis-p20,18,31
sd07-b100,sis-p20,19,36
sd07-b100,sis-p20,20,43
sd07-b100,sis-p20,21,49
sd07-b100,sis-p20,22,56
sd07-b100,sis-p20,23,64
sd07-b100,sis-p20,24,73
sd07-b100,sis-p20,25,83
sd07-b100,sis-p20,26,94
sd07-b100,sis-p20,27,107
sd07-b100,sis-p20,28,120
sd07-b100,sis-p20,29,136
sd07-b100,sis-p20,30,151
sd07-b100,sis-p20,31,168
sd07-b100,sis-p20,32,186
sd07-b100,sis-p20,33,206
sd07-b100,sis-p20,34,228
sd07-b100,sis-p20,35,251
sd07-b100,sis-p20,36,276
sd07-b100,sis-p20,37,305
sd07-b100,sis-p20,38,334
sd07-b100,sis-p20,39,366
sd07-b100,sis-p20,40,399
sd07-b100,sis-p20,41,433
sd07-b100,sis-p20,42,472
sd07-b100,sis-p20,43,512
sd07-b100,sis-p20,44,552
sd07-b100,sis-p20,45,597
sd07-b100,sis-p20,46,644
sd07-b100,sis-p20,47,692
sd07-b100,sis-p20,48,744
sd07-b100,sis-p20,49,800
sd07-b100,sis-p20,50,856
sd07-b100,sis-p20,51,914
sd07-b100,sis-p20,52,976
sd07-b100,sis-p20,53,1045
sd07-b100,sis-p20,54,1115
sd07-b100,sis-p20,55,1184
sd07-b100,sis-p20,56,1257
sd07-b100,sis-p20,57,1334
sd07-b100,sis-p20,58,1417
sd07-b100,sis-p20,59,1503
sd07-b100,sis-p20,60,1588
sd07-b100,sis-p20,61,1678
sd07-b100,sis-p20,62,1771
sd07-b100,sis-p20,63,1868
sd07-b100,sis-p20,64,1969
sd07-b100,sis-p20,65,2078
sd07-b100,sis-p20,66,2186
sd07-b100,sis-p20,67,2298
sd07-b100,sis-p20,68,2416
sd07-b100,sis-p20,69,2537
sd07-b100,sis-p20,70,2666
sd07-b100,sis-p20,71,2796
sd07-b100,sis-p20,72,2933
sd07-b100,sis-p20,73,3065
sd07-b100,sis-p20,74,3208
sd07-b100,sis-p20,75,3351
sd07-b100,sis-p20,76,3494
sd07-b100,sis-p20,77,3653
sd07-b100,sis-p20,78,3808
sd07-b100,sis-p20,79,3970
sd07-b100,sis-p20,80,4136
sd07-b100,sis-p20,81,4308
sd07-b100,sis-p20,82,4496
sd07-b100,sis-p20,83,4688
sd07-b100,sis-p20,84,4878
sd07-b100,sis-p20,85,5068
sd07-b100,sis-p20,86,5268
sd07-b100,sis-p20,87,5471
sd07-b100,sis-p20,88,5678
sd07-b100,sis-p20,89,5895
sd07-b100,sis-p20,90,6116
sd07-b100,sis-p20,91,6348
sd07-b100,sis-p20,92,6585
sd07-b100,sis-p20,93,6826
sd07-b100,sis-p20,94,7056
sd07-b100,sis-p20,95,7307
sd07-b100,sis-p20,96,7649
sd07-b100,sis-p20,97,8155
sd07-b100,sis-p20,98,8842
sd07-b100,sis-p20,99,9966
sd07-b100,jan-p01-t1k,1,0
sd07-b100,jan-p01-t1k,2,0
sd07-b100,jan-p01-t1k,3,0
sd07-b100,jan-p01-t1k,4,0
sd07-b100,jan-p01-t1k,5,0
sd07-b100,jan-p01-t1k,6,0
sd07-b100,jan-p01-t1k,7,0
sd07-b100,jan-p01-t1k,8,0
sd07-b100,jan-p01-t1k,9,0
sd07-b100,jan-p01-t1k,10,0
sd07-b100,jan-p01-t1k,11,0
sd07-b100,jan-p01-t1k,12,0
sd07-b100,jan-p01-t1k,13,0
sd07-b100,jan-p01-t1k,14,0
sd07-b100,jan-p01-t1k,15,0
sd07-b100,jan-p01-t1k,16,0
sd07-b100,jan-p01-t1k,17,0
sd07-b100,jan-p01-t1k,18,1
sd07-b100,jan-p01-t1k,19,1
sd07-b100,jan-p01-t1k,20,1
sd07-b100,jan-p01-t1k,21,1
sd07-b100,jan-p01-t1k,22,1
sd07-b100,jan-p01-t1k,23,1
sd07-b100,jan-p01-t1k,24,1
sd07-b100,jan-p01-t1k,25,1
sd07-b100,jan-p01-t1k,26,2
sd07-b100,jan-p01-t1k,27,2
sd07-b100,jan-p01-t1k,28,2
sd07-b100,jan-p01-t1k,29,2
sd07-b100,jan-p01-t1k,30,2
sd07-b100,jan-p01-t1k,31,2
sd07-b100,jan-p01-t1k,32,3
sd07-b100,jan-p01-t1k,33,3
sd07-b100,jan-p01-t1k,34,3
sd07-b100,jan-p01-t1k,35,3
sd07-b100,jan-p01-t1k,36,4
sd07-b100,jan-p01-t1k,37,4
sd07-b100,jan-p01-t1k,38,4
sd07-b100,jan-p01-t1k,39,5
sd07-b100,jan-p01-t1k,40,5
sd07-b100,jan-p01-t1k,41,5
sd07-b100,jan-p01-t1k,42,6
sd07-b100,jan-p01-t1k,43,6
sd07-b100,jan-p01-t1k,44,6
sd07-b100,jan-p01-t1k,45,7
sd07-b100,jan-p01-t1k,46,7
sd07-b100,jan-p01-t1k,47,8
sd07-b100,jan-p01-t1k,48,9
sd07-b100,jan-p01-t1k,49,9
sd07-b100,jan-p01-t1k,50,10
sd07-b100,jan-p01-t1k,51,11
sd07-b100,jan-p01-t1k,52,12
sd07-b100,jan-p01-t1k,53,13
sd07-b100,jan-p01-t1k,54,13
sd07-b100,jan-p01-t1k,55,14
sd07-b100,jan-p01-t1k,56,15
sd07-b100,jan-p01-t1k,57,16
sd07-b100,jan-p01-t1k,58,17
sd07-b100,jan-p01-t1k,59,19
sd07-b100,jan-p01-t1k,60,20
sd07-b100,jan-p01-t1k,61,21
sd07-b100,jan-p01-t1k,62,23
sd07-b100,jan-p01-t1k,63,24
sd07-b100,jan-p01-t1k,64,26
sd07-b100,jan-p01-t1k,65,28
sd07-b100,jan-p01-t1k,66,30
sd07-b100,jan-p01-t1k,67,32
sd07-b100,jan-p01-t1k,68,34
sd07-b100,jan-p01-t1k,69,36
sd07-b100,jan-p01-t1k,70,39
sd07-b100,jan-p01-t1k,71,41
sd07-b100,jan-p01-t1k,72,44
sd07-b100,jan-p01-t1k,73,47
sd07-b100,jan-p01-t1k,74,50
sd07-b100,jan-p01-t1k,75,53
sd07-b100,jan-p01-t1k,76,58
sd07-b100,jan-p01-t1k,77,61
sd07-b100,jan-p01-t1k,78,65
sd07-b100,jan-p01-t1k,79,69
sd07-b100,jan-p01-t1k,80,74
sd07-b100,jan-p01-t1k,81,80
sd07-b100,jan-p01-t1k,82,86
sd07-b100,jan-p01-t1k,83,93
sd07-b100,jan-p01-t1k,84,100
sd07-b100,jan-p01-t1k,85,106
sd07-b100,jan-p01-t1k,86,115
sd07-b100,jan-p01-t1k,87,125
sd07-b100,jan-p01-t1k,88,135
sd07-b100,jan-p01-t1k,89,146
sd07-b100,jan-p01-t1k,90,159
sd07-b100,jan-p01-t1k,91,174
sd07-b100,jan-p01-t1k,92,192
sd07-b100,jan-p01-t1k,93,209
sd07-b100,jan-p01-t1k,94,240
sd07-b100,jan-p01-t1k,95,269
sd07-b100,jan-p01-t1k,96,311
sd07-b100,jan-p01-t1k,97,368
sd07-b100,jan-p01-t1k,98,473
sd07-b100,jan-p01-t1k,99,742
sd07-b100,jan-p10-t1k,1,0
sd07-b100,jan-p10-t1k,2,0
sd07-b100,jan-p10-t1k,3,0
sd07-b100,jan-p10-t1k,4,0
sd07-b100,jan-p10-t1k,5,0
sd07-b100,jan-p10-t1k,6,0
sd07-b100,jan-p10-t1k,7,0
sd07-b100,jan-p10-t1k,8,0
sd07-b100,jan-p10-t1k,9,0
sd07-b100,jan-p10-t1k,10,0
sd07-b100,jan-p10-t1k,11,0
sd07-b100,jan-p10-t1k,12,0
sd07-b100,jan-p10-t1k,13,0
sd07-b100,jan-p10-t1k,14,1
sd07-b100,jan-p10-t1k,15,1
sd07-b100,jan-p10-t1k,16,1
sd07-b100,jan-p10-t1k,17,1
sd07-b100,jan-p10-t1k,18,1
sd07-b100,jan-p10-t1k,19,1
sd07-b100,jan-p10-t1k,20,1
sd07-b100,jan-p10-t1k,21,2
sd07-b100,jan-p10-t1k,22,2
sd07-b100,jan-p10-t1k,23,2
sd07-b100,jan-p10-t1k,24,2
sd07-b100,jan-p10-t1k,25,3
sd07-b100,jan-p10-t1k,26,3
sd07-b100,jan-p10-t1k,27,3
sd07-b100,jan-p10-t1k,28,4
sd07-b100,jan-p10-t1k,29,4
sd07-b100,jan-p10-t1k,30,4
sd07-b100,jan-p10-t1k,31,5
sd07-b100,jan-p10-t1k,32,5
sd07-b100,jan-p10-t1k,33,6
sd07-b100,jan-p10-t1k,34,6
sd07-b100,jan-p10-t1k,35,7
sd07-b100,jan-p10-t1k,36,7
sd07-b100,jan-p10-t1k,37,8
sd07-b100,jan-p10-t1k,38,9
sd07-b100,jan-p10-t1k,39,10
sd07-b100,jan-p10-t1k,40,10
sd07-b100,jan-p10-t1k,41,11
sd07-b100,jan-p10-t1k,42,12
sd07-b100,jan-p10-t1k,43,13
sd07-b100,jan-p10-t1k,44,15
sd07-b100,jan-p10-t1k,45,16
sd07-b100,jan-p10-t1k,46,17
sd07-b100,jan-p10-t1k,47,19
sd07-b100,jan-p10-t1k,48,20
sd07-b100,jan-p10-t1k,49,22
sd07-b100,jan-p10-t1k,50,24
sd07-b100,jan-p10-t1k,51,26
sd07-b100,jan-p10-t1k,52,28
sd07-b100,jan-p10-t1k,53,31
sd07-b100,jan-p10-t1k,54,33
sd07-b100,jan-p10-t1k,55,36
sd07-b100,jan-p10-t1k,56,39
sd07-b100,jan-p10-t1k,57,43
sd07-b100,jan-p10-t1k,58,47
sd07-b100,jan-p10-t1k,59,51
sd07-b100,jan-p10-t1k,60,55
sd07-b100,jan-p10-t1k,61,60
sd07-b100,jan-p10-t1k,62,65
sd07-b100,jan-p10-t1k,63,71
sd07-b100,jan-p10-t1k,64,78
sd07-b100,jan-p10-t1k,65,85
sd07-b100,jan-p10-t1k,66,93
sd07-b100,jan-p10-t1k,67,102
sd07-b100,jan-p10-t1k,68,111
sd07-b100,jan-p10-t1k,69,122
sd07-b100,jan-p10-t1k,70,134
sd07-b100,jan-p10-t1k,71,148
sd07-b100,jan-p10-t1k,72,162
sd07-b100,jan-p10-t1k,73,180
sd07-b100,jan-p10-t1k,74,201
sd07-b100,jan-p10-t1k,75,226
sd07-b100,jan-p10-t1k,76,256
sd07-b100,jan-p10-t1k,77,297
sd07-b100,jan-p10-t1k,78,345
sd07-b100,jan-p10-t1k,79,424
sd07-b100,jan-p10-t1k,80,537
sd07-b100,jan-p10-t1k,81,654
sd07-b100,jan-p10-t1k,82,793
sd07-b100,jan-p10-t1k,83,946
sd07-b100,jan-p10-t1k,84,1126
sd07-b100,jan-p10-t1k,85,1307
sd07-b100,jan-p10-t1k,86,1506
sd07-b100,jan-p10-t1k,87,1704
sd07-b100,jan-p10-t1k,88,1941
sd07-b100,jan-p10-t1k,89,2171
sd07-b100,jan-p10-t1k,90,2425
sd07-b100,jan-p10-t1k,91,2674
sd07-b100,jan-p10-t1k,92,2941
sd07-b100,jan-p10-t1k,93,3205
sd07-b100,jan-p10-t1k,94,3504
sd07-b100,jan-p10-t1k,95,3872
sd07-b100,jan-p10-t1k,96,4361
sd07-b100,jan-p10-t1k,97,4949
sd07-b100,jan-p10-t1k,98,5659
sd07-b100,jan-p10-t1k,99,6882
sd07-b100,jan-p20-t1k,1,0
sd07-b100,jan-p20-t1k,2,0
sd07-b100,jan-p20-t1k,3,0
sd07-b100,jan-p20-t1k,4,0
sd07-b100,jan-p20-t1k,5,0
sd07-b100,jan-p20-t1k,6,0
sd07-b100,jan-p20-t1k,7,0
sd07-b100,jan-p20-t1k,8,0
sd07-b100,jan-p20-t1k,9,0
sd07-b100,jan-p20-t1k,10,0
sd07-b100,jan-p20-t1k,11,0
sd07-b100,jan-p20-t1k,12,0
sd07-b100,jan-p20-t1k,13,1
sd07-b100,jan-p20-t1k,14,1
sd07-b100,jan-p20-t1k,15,1
sd07-b100,jan-p20-t1k,16,1
sd07-b100,jan-p20-t1k,17,1
sd07-b100,jan-p20-t1k,18,1
sd07-b100,jan-p20-t1k,19,2
sd07-b100,jan-p20-t1k,20,2
sd07-b100,jan-p20-t1k,21,2
sd07-b100,jan-p20-t1k,22,2
sd07-b100,jan-p20-t1k,23,3
sd07-b100,jan-p20-t1k,24,3
sd07-b100,jan-p20-t1k,25,4
sd07-b100,jan-p20-t1k,26,4
sd07-b100,jan-p20-t1k,27,4
sd07-b100,jan-p20-t1k,28,5
sd07-b100,jan-p20-t1k,29,5
sd07-b100,jan-p20-t1k,30,6
sd07-b100,jan-p20-t1k,31,6
sd07-b100,jan-p20-t1k,32,7
sd07-b100,jan-p20-t1k,33,8
sd07-b100,jan-p20-t1k,34,9
sd07-b100,jan-p20-t1k,35,10
sd07-b100,jan-p20-t1k,36,10
sd07-b100,jan-p20-t1k,37,11
sd07-b100,jan-p20-t1k,38,13
sd07-b100,jan-p20-t1k,39,14
sd07-b100,jan-p20-t1k,40,15
sd07-b100,jan-p20-t1k,41,17
sd07-b100,jan-p20-t1k,42,18
sd07-b100,jan-p20-t1k,43,20
sd07-b100,jan-p20-t1k,44,22
sd07-b100,jan-p20-t1k,45,24
sd07-b100,jan-p20-t1k,46,26
sd07-b100,jan-p20-t1k,47,29
sd07-b100,jan-p20-t1k,48,31
sd07-b100,jan-p20-t1k,49,34
sd07-b100,jan-p20-t1k,50,38
sd07-b100,jan-p20-t1k,51,41
sd07-b100,jan-p20-t1k,52,45
sd07-b100,jan-p20-t1k,53,50
sd07-b100,jan-p20-t1k,54,54
sd07-b100,jan-p20-t1k,55,60
sd07-b100,jan-p20-t1k,56,65
sd07-b100,jan-p20-t1k,57,72
sd07-b100,jan-p20-t1k,58,79
sd07-b100,jan-p20-t1k,59,87
sd07-b100,jan-p20-t1k,60,96
sd07-b100,jan-p20-t1k,61,106
sd07-b100,jan-p20-t1k,62,118
sd07-b100,jan-p20-t1k,63,130
sd07-b100,jan-p20-t1k,64,145
sd07-b100,jan-p20-t1k,65,161
sd07-b100,jan-p20-t1k,66,180
sd07-b100,jan-p20-t1k,67,202
sd07-b100,jan-p20-t1k,68,228
sd07-b100,jan-p20-t1k,69,261
sd07-b100,jan-p20-t1k,70,299
sd07-b100,jan-p20-t1k,71,350
sd07-b100,jan-p20-t1k,72,417
sd07-b100,jan-p20-t1k,73,507
sd07-b100,jan-p20-t1k,74,603
sd07-b100,jan-p20-t1k,75,714
sd07-b100,jan-p20-t1k,76,836
sd07-b100,jan-p20-t1k,77,971
sd07-b100,jan-p20-t1k,78,1108
sd07-b100,jan-p20-t1k,79,1263
sd07-b100,jan-p20-t1k,80,1426
sd07-b100,jan-p20-t1k,81,1604
sd07-b100,jan-p20-t1k,82,1807
sd07-b100,jan-p20-t1k,83,2014
sd07-b100,jan-p20-t1k,84,2237
sd07-b100,jan-p20-t1k,85,2463
sd07-b100,jan-p20-t1k,86,2701
sd07-b100,jan-p20-t1k,87,2959
sd07-b100,jan-p20-t1k,88,3230
sd07-b100,jan-p20-t1k,89,3518
sd07-b100,jan-p20-t1k,90,3800
sd07-b100,jan-p20-t1k,91,4107
sd07-b100,jan-p20-t1k,92,4420
sd07-b100,jan-p20-t1k,93,4731
sd07-b100,jan-p20-t1k,94,5078
sd07-b100,jan-p20-t1k,95,5436
sd07-b100,jan-p20-t1k,96,5864
sd07-b100,jan-p20-t1k,97,6419
sd07-b100,jan-p20-t1k,98,7238
sd07-b100,jan-p20-t1k,99,8515
sd07-b100,jan-p01-t10k,1,0
sd07-b100,jan-p01-t10k,2,0
sd07-b100,jan-p01-t10k,3,0
sd07-b100,jan-p01-t10k,4,0
sd07-b100,jan-p01-t10k,5,0
sd07-b100,jan-p01-t10k,6,0
sd07-b100,jan-p01-t10k,7,0
sd07-b100,jan-p01-t10k,8,0
sd07-b100,jan-p01-t10k,9,0
sd07-b100,jan-p01-t10k,10,0
sd07-b100,jan-p01-t10k,11,0
sd07-b100,jan-p01-t10k,12,0
sd07-b100,jan-p01-t10k,13,1
sd07-b100,jan-p01-t10k,14,1
sd07-b100,jan-p01-t10k,15,1
sd07-b100,jan-p01-t10k,16,1
sd07-b100,jan-p01-t10k,17,1
sd07-b100,jan-p01-t10k,18,1
sd07-b100,jan-p01-t10k,19,1
sd07-b100,jan-p01-t10k,20,2
sd07-b100,jan-p01-t10k,21,2
sd07-b100,jan-p01-t10k,22,2
sd07-b100,jan-p01-t10k,23,2
sd07-b100,jan-p01-t10k,24,3
sd07-b100,jan-p01-t10k,25,3
sd07-b100,jan-p01-t10k,26,3
sd07-b100,jan-p01-t10k,27,4
sd07-b100,jan-p01-t10k,28,4
sd07-b100,jan-p01-t10k,29,4
sd07-b100,jan-p01-t10k,30,5
sd07-b100,jan-p01-t10k,31,5
sd07-b100,jan-p01-t10k,32,6
sd07-b100,jan-p01-t10k,33,6
sd07-b100,jan-p01-t10k,34,7
sd07-b100,jan-p01-t10k,35,8
sd07-b100,jan-p01-t10k,36,8
sd07-b100,jan-p01-t10k,37,9
sd07-b100,jan-p01-t10k,38,10
sd07-b100,jan-p01-t10k,39,10
sd07-b100,jan-p01-t10k,40,11
sd07-b100,jan-p01-t10k,41,12
sd07-b100,jan-p01-t10k,42,13
sd07-b100,jan-p01-t10k,43,14
sd07-b100,jan-p01-t10k,44,15
sd07-b100,jan-p01-t10k,45,17
sd07-b100,jan-p01-t10k,46,18
sd07-b100,jan-p01-t10k,47,20
sd07-b100,jan-p01-t10k,48,21
sd07-b100,jan-p01-t10k,49,23
sd07-b100,jan-p01-t10k,50,25
sd07-b100,jan-p01-t10k,51,27
sd07-b100,jan-p01-t10k,52,29
sd07-b100,jan-p01-t10k,53,31
sd07-b100,jan-p01-t10k,54,34
sd07-b100,jan-p01-t10k,55,37
sd07-b100,jan-p01-t10k,56,40
sd07-b100,jan-p01-t10k,57,44
sd07-b100,jan-p01-t10k,58,48
sd07-b100,jan-p01-t10k,59,52
sd07-b100,jan-p01-t10k,60,55
sd07-b100,jan-p01-t10k,61,60
sd07-b100,jan-p01-t10k,62,64
sd07-b100,jan-p01-t10k,63,69
sd07-b100,jan-p01-t10k,64,75
sd07-b100,jan-p01-t10k,65,81
sd07-b100,jan-p01-t10k,66,87
sd07-b100,jan-p01-t10k,67,94
sd07-b100,jan-p01-t10k,68,101
sd07-b100,jan-p01-t10k,69,110
sd07-b100,jan-p01-t10k,70,120
sd07-b100,jan-p01-t10k,71,130
sd07-b100,jan-p01-t10k,72,142
sd07-b100,jan-p01-t10k,73,153
sd07-b100,jan-p01-t10k,74,165
sd07-b100,jan-p01-t10k,75,177
sd07-b100,jan-p01-t10k,76,192
sd07-b100,jan-p01-t10k,77,207
sd07-b100,jan-p01-t10k,78,224
sd07-b100,jan-p01-t10k,79,242
sd07-b100,jan-p01-t10k,80,263
sd07-b100,jan-p01-t10k,81,287
sd07-b100,jan-p01-t10k,82,307
sd07-b100,jan-p01-t10k,83,335
sd07-b100,jan-p01-t10k,84,364
sd07-b100,jan-p01-t10k,85,400
sd07-b100,jan-p01-t10k,86,436
sd07-b100,jan-p01-t10k,87,480
sd07-b100,jan-p01-t10k,88,524
sd07-b100,jan-p01-t10k,89,574
sd07-b100,jan-p01-t10k,90,641
sd07-b100,jan-p01-t10k,91,696
sd07-b100,jan-p01-t10k,92,769
sd07-b100,jan-p01-t10k,93,834
sd07-b100,jan-p01-t10k,94,931
sd07-b100,jan-p01-t10k,95,1026
sd07-b100,jan-p01-t10k,96,1166
sd07-b100,jan-p01-t10k,97,1306
sd07-b100,jan-p01-t10k,98,1509
sd07-b100,jan-p01-t10k,99,1756
sd07-b100,jan-p10-t10k,1,0
sd07-b100,jan-p10-t10k,2,0
sd07-b100,jan-p10-t10k,3,0
sd07-b100,jan-p10-t10k,4,0
sd07-b100,jan-p10-t10k,5,0
sd07-b100,jan-p10-t10k,6,0
sd07-b100,jan-p10-t10k,7,0
sd07-b100,jan-p10-t10k,8,0
sd07-b100,jan-p10-t10k,9,0
sd07-b100,jan-p10-t10k,10,0
sd07-b100,jan-p10-t10k,11,0
sd07-b100,jan-p10-t10k,12,0
sd07-b100,jan-p10-t10k,13,1
sd07-b100,jan-p10-t10k,14,1
sd07-b100,jan-p10-t10k,15,1
sd07-b100,jan-p10-t10k,16,1
sd07-b100,jan-p10-t10k,17,1
sd07-b100,jan-p10-t10k,18,1
sd07-b100,jan-p10-t10k,19,2
sd07-b100,jan-p10-t10k,20,2
sd07-b100,jan-p10-t10k,21,2
sd07-b100,jan-p10-t10k,22,2
sd07-b100,jan-p10-t10k,23,3
sd07-b100,jan-p10-t10k,24,3
sd07-b100,jan-p10-t10k,25,3
sd07-b100,jan-p10-t10k,26,4
sd07-b100,jan-p10-t10k,27,4
sd07-b100,jan-p10-t10k,28,4
sd07-b100,jan-p10-t10k,29,5
sd07-b100,jan-p10-t10k,30,5
sd07-b100,jan-p10-t10k,31,6
sd07-b100,jan-p10-t10k,32,7
sd07-b100,jan-p10-t10k,33,7
sd07-b100,jan-p10-t10k,34,8
sd07-b100,jan-p10-t10k,35,9
sd07-b100,jan-p10-t10k,36,9
sd07-b100,jan-p10-t10k,37,10
sd07-b100,jan-p10-t10k,38,11
sd07-b100,jan-p10-t10k,39,12
sd07-b100,jan-p10-t10k,40,13
sd07-b100,jan-p10-t10k,41,15
sd07-b100,jan-p10-t10k,42,16
sd07-b100,jan-p10-t10k,43,18
sd07-b100,jan-p10-t10k,44,19
sd07-b100,jan-p10-t10k,45,21
sd07-b100,jan-p10-t10k,46,23
sd07-b100,jan-p10-t10k,47,25
sd07-b100,jan-p10-t10k,48,27
sd07-b100,jan-p10-t10k,49,29
sd07-b100,jan-p10-t10k,50,32
sd07-b100,jan-p10-t10k,51,35
sd07-b100,jan-p10-t10k,52,38
sd07-b100,jan-p10-t10k,53,42
sd07-b100,jan-p10-t10k,54,45
sd07-b100,jan-p10-t10k,55,49
sd07-b100,jan-p10-t10k,56,54
sd07-b100,jan-p10-t10k,57,58
sd07-b100,jan-p10-t10k,58,63
sd07-b100,jan-p10-t10k,59,69
sd07-b100,jan-p10-t10k,60,75
sd07-b100,jan-p10-t10k,61,81
sd07-b100,jan-p10-t10k,62,88
sd07-b100,jan-p10-t10k,63,96
sd07-b100,jan-p10-t10k,64,104
sd07-b100,jan-p10-t10k,65,114
sd07-b100,jan-p10-t10k,66,125
sd07-b100,jan-p10-t10k,67,135
sd07-b100,jan-p10-t10k,68,147
sd07-b100,jan-p10-t10k,69,160
sd07-b100,jan-p10-t10k,70,174
sd07-b100,jan-p10-t10k,71,190
sd07-b100,jan-p10-t10k,72,207
sd07-b100,jan-p10-t10k,73,226
sd07-b100,jan-p10-t10k,74,245
sd07-b100,jan-p10-t10k,75,268
sd07-b100,jan-p10-t10k,76,291
sd07-b100,jan-p10-t10k,77,317
sd07-b100,jan-p10-t10k,78,347
sd07-b100,jan-p10-t10k,79,380
sd07-b100,jan-p10-t10k,80,417
sd07-b100,jan-p10-t10k,81,456
sd07-b100,jan-p10-t10k,82,500
sd07-b100,jan-p10-t10k,83,545
sd07-b100,jan-p10-t10k,84,600
sd07-b100,jan-p10-t10k,85,660
sd07-b100,jan-p10-t10k,86,725
sd07-b100,jan-p10-t10k,87,798
sd07-b100,jan-p10-t10k,88,880
sd07-b100,jan-p10-t10k,89,970
sd07-b100,jan-p10-t10k,90,1079
sd07-b100,jan-p10-t10k,91,1211
sd07-b100,jan-p10-t10k,92,1362
sd07-b100,jan-p10-t10k,93,1544
sd07-b100,jan-p10-t10k,94,1762
sd07-b100,jan-p10-t10k,95,2031
sd07-b100,jan-p10-t10k,96,2410
sd07-b100,jan-p10-t10k,97,2956
sd07-b100,jan-p10-t10k,98,3655
sd07-b100,jan-p10-t10k,99,4740
sd07-b100,jan-p20-t10k,1,0
sd07-b100,jan-p20-t10k,2,0
sd07-b100,jan-p20-t10k,3,0
sd07-b100,jan-p20-t10k,4,0
sd07-b100,jan-p20-t10k,5,0
sd07-b100,jan-p20-t10k,6,0
sd07-b100,jan-p20-t10k,7,0
sd07-b100,jan-p20-t10k,8,0
sd07-b100,jan-p20-t10k,9,0
sd07-b100,jan-p20-t10k,10,0
sd07-b100,jan-p20-t10k,11,0
sd07-b100,jan-p20-t10k,12,1
sd07-b100,jan-p20-t10k,13,1
sd07-b100,jan-p20-t10k,14,1
sd07-b100,jan-p20-t10k,15,1
sd07-b100,jan-p20-t10k,16,1
sd07-b100,jan-p20-t10k,17,1
sd07-b100,jan-p20-t10k,18,2
sd07-b100,jan-p20-t10k,19,2
sd07-b100,jan-p20-t10k,20,2
sd07-b100,jan-p20-t10k,21,2
sd07-b100,jan-p20-t10k,22,3
sd07-b100,jan-p20-t10k,23,3
sd07-b100,jan-p20-t10k,24,3
sd07-b100,jan-p20-t10k,25,4
sd07-b100,jan-p20-t10k,26,4
sd07-b100,jan-p20-t10k,27,5
sd07-b100,jan-p20-t10k,28,5
sd07-b100,jan-p20-t10k,29,6
sd07-b100,jan-p20-t10k,30,6
sd07-b100,jan-p20-t10k,31,7
sd07-b100,jan-p20-t10k,32,8
sd07-b100,jan-p20-t10k,33,9
sd07-b100,jan-p20-t10k,34,9
sd07-b100,jan-p20-t10k,35,10
sd07-b100,jan-p20-t10k,36,11
sd07-b100,jan-p20-t10k,37,12
sd07-b100,jan-p20-t10k,38,14
sd07-b100,jan-p20-t10k,39,15
sd07-b100,jan-p20-t10k,40,17
sd07-b100,jan-p20-t10k,41,18
sd07-b100,jan-p20-t10k,42,20
sd07-b100,jan-p20-t10k,43,22
sd07-b100,jan-p20-t10k,44,24
sd07-b100,jan-p20-t10k,45,26
sd07-b100,jan-p20-t10k,46,29
sd07-b100,jan-p20-t10k,47,31
sd07-b100,jan-p20-t10k,48,34
sd07-b100,jan-p20-t10k,49,37
sd07-b100,jan-p20-t10k,50,41
sd07-b100,jan-p20-t10k,51,45
sd07-b100,jan-p20-t10k,52,49
sd07-b100,jan-p20-t10k,53,54
sd07-b100,jan-p20-t10k,54,59
sd07-b100,jan-p20-t10k,55,64
sd07-b100,jan-p20-t10k,56,70
sd07-b100,jan-p20-t10k,57,76
sd07-b100,jan-p20-t10k,58,83
sd07-b100,jan-p20-t10k,59,91
sd07-b100,jan-p20-t10k,60,100
sd07-b100,jan-p20-t10k,61,109
sd07-b100,jan-p20-t10k,62,120
sd07-b100,jan-p20-t10k,63,131
sd07-b100,jan-p20-t10k,64,143
sd07-b100,jan-p20-t10k,65,155
sd07-b100,jan-p20-t10k,66,170
sd07-b100,jan-p20-t10k,67,186
sd07-b100,jan-p20-t10k,68,203
sd07-b100,jan-p20-t10k,69,222
sd07-b100,jan-p20-t10k,70,244
sd07-b100,jan-p20-t10k,71,267
sd07-b100,jan-p20-t10k,72,292
sd07-b100,jan-p20-t10k,73,320
sd07-b100,jan-p20-t10k,74,352
sd07-b100,jan-p20-t10k,75,387
sd07-b100,jan-p20-t10k,76,426
sd07-b100,jan-p20-t10k,77,468
sd07-b100,jan-p20-t10k,78,516
sd07-b100,jan-p20-t10k,79,569
sd07-b100,jan-p20-t10k,80,627
sd07-b100,jan-p20-t10k,81,693
sd07-b100,jan-p20-t10k,82,765
sd07-b100,jan-p20-t10k,83,848
sd07-b100,jan-p20-t10k,84,939
sd07-b100,jan-p20-t10k,85,1044
sd07-b100,jan-p20-t10k,86,1169
sd07-b100,jan-p20-t10k,87,1315
sd07-b100,jan-p20-t10k,88,1483
sd07-b100,jan-p20-t10k,89,1683
sd07-b100,jan-p20-t10k,90,1915
sd07-b100,jan-p20-t10k,91,2191
sd07-b100,jan-p20-t10k,92,2539
sd07-b100,jan-p20-t10k,93,2942
sd07-b100,jan-p20-t10k,94,3362
sd07-b100,jan-p20-t10k,95,3792
sd07-b100,jan-p20-t10k,96,4312
sd07-b100,jan-p20-t10k,97,4933
sd07-b100,jan-p20-t10k,98,5775
sd07-b100,jan-p20-t10k,99,7150
sd08-b075,completa,1,0
sd08-b075,completa,2,0
sd08-b075,completa,3,1
sd08-b075,completa,4,1
sd08-b075,completa,5,2
sd08-b075,completa,6,3
sd08-b075,completa,7,4
sd08-b075,completa,8,5
sd08-b075,completa,9,7
sd08-b075,completa,10,9
sd08-b075,completa,11,11
sd08-b075,completa,12,13
sd08-b075,completa,13,16
sd08-b075,completa,14,19
sd08-b075,completa,15,23
sd08-b075,completa,16,27
sd08-b075,completa,17,32
sd08-b075,completa,18,37
sd08-b075,completa,19,43
sd08-b075,completa,20,50
sd08-b075,completa,21,57
sd08-b075,completa,22,65
sd08-b075,completa,23,74
sd08-b075,completa,24,84
sd08-b075,completa,25,94
sd08-b075,completa,26,106
sd08-b075,completa,27,118
sd08-b075,completa,28,132
sd08-b075,completa,29,147
sd08-b075,completa,30,163
sd08-b075,completa,31,180
sd08-b075,completa,32,199
sd08-b075,completa,33,218
sd08-b075,completa,34,240
sd08-b075,completa,35,263
sd08-b075,completa,36,288
sd08-b075,completa,37,314
sd08-b075,completa,38,343
sd08-b075,completa,39,373
sd08-b075,completa,40,405
sd08-b075,completa,41,439
sd08-b075,completa,42,474
sd08-b075,completa,43,512
sd08-b075,completa,44,553
sd08-b075,completa,45,596
sd08-b075,completa,46,642
sd08-b075,completa,47,689
sd08-b075,completa,48,740
sd08-b075,completa,49,793
sd08-b075,completa,50,848
sd08-b075,completa,51,907
sd08-b075,completa,52,969
sd08-b075,completa,53,1035
sd08-b075,completa,54,1103
sd08-b075,completa,55,1174
sd08-b075,completa,56,1249
sd08-b075,completa,57,1327
sd08-b075,completa,58,1407
sd08-b075,completa,59,1492
sd08-b075,completa,60,1582
sd08-b075,completa,61,1677
sd08-b075,completa,62,1776
sd08-b075,completa,63,1878
sd08-b075,completa,64,1985
sd08-b075,completa,65,2094
sd08-b075,completa,66,2209
sd08-b075,completa,67,2329
sd08-b075,completa,68,2452
sd08-b075,completa,69,2583
sd08-b075,completa,70,2716
sd08-b075,completa,71,2857
sd08-b075,completa,72,3004
sd08-b075,completa,73,3157
sd08-b075,completa,74,3316
sd08-b075,completa,75,3480
sd08-b075,completa,76,3648
sd08-b075,completa,77,3819
sd08-b075,completa,78,3999
sd08-b075,completa,79,4187
sd08-b075,completa,80,4386
sd08-b075,completa,81,4588
sd08-b075,completa,82,4799
sd08-b075,completa,83,5014
sd08-b075,completa,84,5234
sd08-b075,completa,85,5466
sd08-b075,completa,86,5702
sd08-b075,completa,87,5949
sd08-b075,completa,88,6200
sd08-b075,completa,89,6464
sd08-b075,completa,90,6735
sd08-b075,completa,91,7014
sd08-b075,completa,92,7307
sd08-b075,completa,93,7609
sd08-b075,completa,94,7912
sd08-b075,completa,95,8224
sd08-b075,completa,96,8553
sd08-b075,completa,97,8902
sd08-b075,completa,98,9262
sd08-b075,completa,99,9625
sd08-b075,sis-p01,1,1
sd08-b075,sis-p01,2,3
sd08-b075,sis-p01,3,7
sd08-b075,sis-p01,4,12
sd08-b075,sis-p01,5,17
sd08-b075,sis-p01,6,25
sd08-b075,sis-p01,7,38
sd08-b075,sis-p01,8,47
sd08-b075,sis-p01,9,56
sd08-b075,sis-p01,10,61
sd08-b075,sis-p01,11,71
sd08-b075,sis-p01,12,86
sd08-b075,sis-p01,13,93
sd08-b075,sis-p01,14,109
sd08-b075,sis-p01,15,121
sd08-b075,sis-p01,16,136
sd08-b075,sis-p01,17,155
sd08-b075,sis-p01,18,165
sd08-b075,sis-p01,19,179
sd08-b075,sis-p01,20,195
sd08-b075,sis-p01,21,210
sd08-b075,sis-p01,22,229
sd08-b075,sis-p01,23,237
sd08-b075,sis-p01,24,254
sd08-b075,sis-p01,25,269
sd08-b075,sis-p01,26,295
sd08-b075,sis-p01,27,308
sd08-b075,sis-p01,28,318
sd08-b075,sis-p01,29,340
sd08-b075,sis-p01,30,356
sd08-b075,sis-p01,31,371
sd08-b075,sis-p01,32,389
sd08-b075,sis-p01,33,413
sd08-b075,sis-p01,34,422
sd08-b075,sis-p01,35,437
sd08-b075,sis-p01,36,453
sd08-b075,sis-p01,37,470
sd08-b075,sis-p01,38,492
sd08-b075,sis-p01,39,514
sd08-b075,sis-p01,40,528
sd08-b075,sis-p01,41,545
sd08-b075,sis-p01,42,567
sd08-b075,sis-p01,43,584
sd08-b075,sis-p01,44,597
sd08-b075,sis-p01,45,613
sd08-b075,sis-p01,46,624
sd08-b075,sis-p01,47,644
sd08-b075,sis-p01,48,669
sd08-b075,sis-p01,49,694
sd08-b075,sis-p01,50,712
sd08-b075,sis-p01,51,746
sd08-b075,sis-p01,52,763
sd08-b075,sis-p01,53,790
sd08-b075,sis-p01,54,816
sd08-b075,sis-p01,55,843
sd08-b075,sis-p01,56,860
sd08-b075,sis-p01,57,878
sd08-b075,sis-p01,58,901
sd08-b075,sis-p01,59,921
sd08-b075,sis-p01,60,944
sd08-b075,sis-p01,61,980
sd08-b075,sis-p01,62,1009
sd08-b075,sis-p01,63,1038
sd08-b075,sis-p01,64,1068
sd08-b075,sis-p01,65,1104
sd08-b075,sis-p01,66,1130
sd08-b075,sis-p01,67,1162
sd08-b075,sis-p01,68,1177
sd08-b075,sis-p01,69,1210
sd08-b075,sis-p01,70,1245
sd08-b075,sis-p01,71,1281
sd08-b075,sis-p01,72,1304
sd08-b075,sis-p01,73,1324
sd08-b075,sis-p01,74,1369
sd08-b075,sis-p01,75,1400
sd08-b075,sis-p01,76,1443
sd08-b075,sis-p01,77,1469
sd08-b075,sis-p01,78,1507
sd08-b075,sis-p01,79,1544
sd08-b075,sis-p01,80,1589
sd08-b075,sis-p01,81,1683
sd08-b075,sis-p01,82,1718
sd08-b075,sis-p01,83,1770
sd08-b075,sis-p01,84,1821
sd08-b075,sis-p01,85,1892
sd08-b075,sis-p01,86,1971
sd08-b075,sis-p01,87,2035
sd08-b075,sis-p01,88,2126
sd08-b075,sis-p01,89,2196
sd08-b075,sis-p01,90,2290
sd08-b075,sis-p01,91,2366
sd08-b075,sis-p01,92,2464
sd08-b075,sis-p01,93,2592
sd08-b075,sis-p01,94,2757
sd08-b075,sis-p01,95,2907
sd08-b075,sis-p01,96,3087
sd08-b075,sis-p01,97,3289
sd08-b075,sis-p01,98,3648
sd08-b075,sis-p01,99,4164
sd08-b075,sis-p10,1,1
sd08-b075,sis-p10,2,3
sd08-b075,sis-p10,3,8
sd08-b075,sis-p10,4,14
sd08-b075,sis-p10,5,23
sd08-b075,sis-p10,6,34
sd08-b075,sis-p10,7,47
sd08-b075,sis-p10,8,63
sd08-b075,sis-p10,9,81
sd08-b075,sis-p10,10,103
sd08-b075,sis-p10,11,126
sd08-b075,sis-p10,12,151
sd08-b075,sis-p10,13,182
sd08-b075,sis-p10,14,212
sd08-b075,sis-p10,15,247
sd08-b075,sis-p10,16,284
sd08-b075,sis-p10,17,322
sd08-b075,sis-p10,18,364
sd08-b075,sis-p10,19,407
sd08-b075,sis-p10,20,456
sd08-b075,sis-p10,21,502
sd08-b075,sis-p10,22,548
sd08-b075,sis-p10,23,601
sd08-b075,sis-p10,24,652
sd08-b075,sis-p10,25,707
sd08-b075,sis-p10,26,763
sd08-b075,sis-p10,27,821
sd08-b075,sis-p10,28,884
sd08-b075,sis-p10,29,944
sd08-b075,sis-p10,30,1007
sd08-b075,sis-p10,31,1071
sd08-b075,sis-p10,32,1139
sd08-b075,sis-p10,33,1205
sd08-b075,sis-p10,34,1270
sd08-b075,sis-p10,35,1338
sd08-b075,sis-p10,36,1411
sd08-b075,sis-p10,37,1482
sd08-b075,sis-p10,38,1548
sd08-b075,sis-p10,39,1619
sd08-b075,sis-p10,40,1698
sd08-b075,sis-p10,41,1766
sd08-b075,sis-p10,42,1842
sd08-b075,sis-p10,43,1915
sd08-b075,sis-p10,44,1993
sd08-b075,sis-p10,45,2066
sd08-b075,sis-p10,46,2142
sd08-b075,sis-p10,47,2222
sd08-b075,sis-p10,48,2301
sd08-b075,sis-p10,49,2378
sd08-b075,sis-p10,50,2461
sd08-b075,sis-p10,51,2541
sd08-b075,sis-p10,52,2617
sd08-b075,sis-p10,53,2698
sd08-b075,sis-p10,54,2778
sd08-b075,sis-p10,55,2858
sd08-b075,sis-p10,56,2946
sd08-b075,sis-p10,57,3029
sd08-b075,sis-p10,58,3115
sd08-b075,sis-p10,59,3211
sd08-b075,sis-p10,60,3290
sd08-b075,sis-p10,61,3369
sd08-b075,sis-p10,62,3453
sd08-b075,sis-p10,63,3539
sd08-b075,sis-p10,64,3634
sd08-b075,sis-p10,65,3720
sd08-b075,sis-p10,66,3812
sd08-b075,sis-p10,67,3901
sd08-b075,sis-p10,68,3986
sd08-b075,sis-p10,69,4074
sd08-b075,sis-p10,70,4168
sd08-b075,sis-p10,71,4258
sd08-b075,sis-p10,72,4350
sd08-b075,sis-p10,73,4451
sd08-b075,sis-p10,74,4560
sd08-b075,sis-p10,75,4676
sd08-b075,sis-p10,76,4796
sd08-b075,sis-p10,77,4900
sd08-b075,sis-p10,78,5017
sd08-b075,sis-p10,79,5160
sd08-b075,sis-p10,80,5286
sd08-b075,sis-p10,81,5412
sd08-b075,sis-p10,82,5544
sd08-b075,sis-p10,83,5689
sd08-b075,sis-p10,84,5844
sd08-b075,sis-p10,85,5994
sd08-b075,sis-p10,86,6151
sd08-b075,sis-p10,87,6317
sd08-b075,sis-p10,88,6497
sd08-b075,sis-p10,89,6689
sd08-b075,sis-p10,90,6897
sd08-b075,sis-p10,91,7129
sd08-b075,sis-p10,92,7395
sd08-b075,sis-p10,93,7701
sd08-b075,sis-p10,94,8012
sd08-b075,sis-p10,95,8399
sd08-b075,sis-p10,96,8829
sd08-b075,sis-p10,97,9411
sd08-b075,sis-p10,98,10184
sd08-b075,sis-p10,99,11478
sd08-b075,sis-p20,1,0
sd08-b075,sis-p20,2,2
sd08-b075,sis-p20,3,4
sd08-b075,sis-p20,4,8
sd08-b075,sis-p20,5,13
sd08-b075,sis-p20,6,20
sd08-b075,sis-p20,7,28
sd08-b075,sis-p20,8,38
sd08-b075,sis-p20,9,49
sd08-b075,sis-p20,10,62
sd08-b075,sis-p20,11,78
sd08-b075,sis-p20,12,97
sd08-b075,sis-p20,13,118
sd08-b075,sis-p20,14,140
sd08-b075,sis-p20,15,165
sd08-b075,sis-p20,16,192
sd08-b075,sis-p20,17,221
sd08-b075,sis-p20,18,254
sd08-b075,sis-p20,19,290
sd08-b075,sis-p20,20,328
sd08-b075,sis-p20,21,368
sd08-b075,sis-p20,22,409
sd08-b075,sis-p20,23,452
sd08-b075,sis-p20,24,499
sd08-b075,sis-p20,25,547
sd08-b075,sis-p20,26,597
sd08-b075,sis-p20,27,649
sd08-b075,sis-p20,28,705
sd08-b075,sis-p20,29,759
sd08-b075,sis-p20,30,821
sd08-b075,sis-p20,31,884
sd08-b075,sis-p20,32,948
sd08-b075,sis-p20,33,1013
sd08-b075,sis-p20,34,1083
sd08-b075,sis-p20,35,1154
sd08-b075,sis-p20,36,1226
sd08-b075,sis-p20,37,1302
sd08-b075,sis-p20,38,1374
sd08-b075,sis-p20,39,1450
sd08-b075,sis-p20,40,1531
sd08-b075,sis-p20,41,1609
sd08-b075,sis-p20,42,1689
sd08-b075,sis-p20,43,1774
sd08-b075,sis-p20,44,1862
sd08-b075,sis-p20,45,1950
sd08-b075,sis-p20,46,2044
sd08-b075,sis-p20,47,2133
sd08-b075,sis-p20,48,2225
sd08-b075,sis-p20,49,2321
sd08-b075,sis-p20,50,2411
sd08-b075,sis-p20,51,2510
sd08-b075,sis-p20,52,2601
sd08-b075,sis-p20,53,2702
sd08-b075,sis-p20,54,2801
sd08-b075,sis-p20,55,2900
sd08-b075,sis-p20,56,2997
sd08-b075,sis-p20,57,3106
sd08-b075,sis-p20,58,3211
sd08-b075,sis-p20,59,3316
sd08-b075,sis-p20,60,3427
sd08-b075,sis-p20,61,3533
sd08-b075,sis-p20,62,3648
sd08-b075,sis-p20,63,3759
sd08-b075,sis-p20,64,3869
sd08-b075,sis-p20,65,3982
sd08-b075,sis-p20,66,4102
sd08-b075,sis-p20,67,4214
sd08-b075,sis-p20,68,4325
sd08-b075,sis-p20,69,4440
sd08-b075,sis-p20,70,4556
sd08-b075,sis-p20,71,4676
sd08-b075,sis-p20,72,4798
sd08-b075,sis-p20,73,4917
sd08-b075,sis-p20,74,5042
sd08-b075,sis-p20,75,5158
sd08-b075,sis-p20,76,5281
sd08-b075,sis-p20,77,5412
sd08-b075,sis-p20,78,5540
sd08-b075,sis-p20,79,5663
sd08-b075,sis-p20,80,5788
sd08-b075,sis-p20,81,5920
sd08-b075,sis-p20,82,6045
sd08-b075,sis-p20,83,6173
sd08-b075,sis-p20,84,6310
sd08-b075,sis-p20,85,6443
sd08-b075,sis-p20,86,6588
sd08-b075,sis-p20,87,6749
sd08-b075,sis-p20,88,6930
sd08-b075,sis-p20,89,7119
sd08-b075,sis-p20,90,7315
sd08-b075,sis-p20,91,7551
sd08-b075,sis-p20,92,7781
sd08-b075,sis-p20,93,8031
sd08-b075,sis-p20,94,8318
sd08-b075,sis-p20,95,8635
sd08-b075,sis-p20,96,9027
sd08-b075,sis-p20,97,9501
sd08-b075,sis-p20,98,10170
sd08-b075,sis-p20,99,11280
sd08-b075,jan-p01-t1k,1,0
sd08-b075,jan-p01-t1k,2,0
sd08-b075,jan-p01-t1k,3,0
sd08-b075,jan-p01-t1k,4,0
sd08-b075,jan-p01-t1k,5,0
sd08-b075,jan-p01-t1k,6,0
sd08-b075,jan-p01-t1k,7,1
sd08-b075,jan-p01-t1k,8,1
sd08-b075,jan-p01-t1k,9,1
sd08-b075,jan-p01-t1k,10,1
sd08-b075,jan-p01-t1k,11,1
sd08-b075,jan-p01-t1k,12,2
sd08-b075,jan-p01-t1k,13,2
sd08-b075,jan-p01-t1k,14,3
sd08-b075,jan-p01-t1k,15,3
sd08-b075,jan-p01-t1k,16,3
sd08-b075,jan-p01-t1k,17,4
sd08-b075,jan-p01-t1k,18,4
sd08-b075,jan-p01-t1k,19,5
sd08-b075,jan-p01-t1k,20,5
sd08-b075,jan-p01-t1k,21,6
sd08-b075,jan-p01-t1k,22,7
sd08-b075,jan-p01-t1k,23,7
sd08-b075,jan-p01-t1k,24,8
sd08-b075,jan-p01-t1k,25,9
sd08-b075,jan-p01-t1k,26,9
sd08-b075,jan-p01-t1k,27,10
sd08-b075,jan-p01-t1k,28,11
sd08-b075,jan-p01-t1k,29,12
sd08-b075,jan-p01-t1k,30,13
sd08-b075,jan-p01-t1k,31,14
sd08-b075,jan-p01-t1k,32,16
sd08-b075,jan-p01-t1k,33,17
sd08-b075,jan-p01-t1k,34,18
sd08-b075,jan-p01-t1k,35,20
sd08-b075,jan-p01-t1k,36,21
sd08-b075,jan-p01-t1k,37,22
sd08-b075,jan-p01-t1k,38,24
sd08-b075,jan-p01-t1k,39,26
sd08-b075,jan-p01-t1k,40,28
sd08-b075,jan-p01-t1k,41,30
sd08-b075,jan-p01-t1k,42,32
sd08-b075,jan-p01-t1k,43,34
sd08-b075,jan-p01-t1k,44,36
sd08-b075,jan-p01-t1k,45,38
sd08-b075,jan-p01-t1k,46,41
sd08-b075,jan-p01-t1k,47,43
sd08-b075,jan-p01-t1k,48,46
sd08-b075,jan-p01-t1k,49,49
sd08-b075,jan-p01-t1k,50,51
sd08-b075,jan-p01-t1k,51,54
sd08-b075,jan-p01-t1k,52,57
sd08-b075,jan-p01-t1k,53,61
sd08-b075,jan-p01-t1k,54,65
sd08-b075,jan-p01-t1k,55,68
sd08-b075,jan-p01-t1k,56,72
sd08-b075,jan-p01-t1k,57,76
sd08-b075,jan-p01-t1k,58,80
sd08-b075,jan-p01-t1k,59,85
sd08-b075,jan-p01-t1k,60,90
sd08-b075,jan-p01-t1k,61,94
sd08-b075,jan-p01-t1k,62,100
sd08-b075,jan-p01-t1k,63,105
sd08-b075,jan-p01-t1k,64,111
sd08-b075,jan-p01-t1k,65,117
sd08-b075,jan-p01-t1k,66,124
sd08-b075,jan-p01-t1k,67,130
sd08-b075,jan-p01-t1k,68,137
sd08-b075,jan-p01-t1k,69,147
sd08-b075,jan-p01-t1k,70,156
sd08-b075,jan-p01-t1k,71,163
sd08-b075,jan-p01-t1k,72,172
sd08-b075,jan-p01-t1k,73,182
sd08-b075,jan-p01-t1k,74,192
sd08-b075,jan-p01-t1k,75,204
sd08-b075,jan-p01-t1k,76,215
sd08-b075,jan-p01-t1k,77,225
sd08-b075,jan-p01-t1k,78,242
sd08-b075,jan-p01-t1k,79,253
sd08-b075,jan-p01-t1k,80,271
sd08-b075,jan-p01-t1k,81,287
sd08-b075,jan-p01-t1k,82,302
sd08-b075,jan-p01-t1k,83,321
sd08-b075,jan-p01-t1k,84,339
sd08-b075,jan-p01-t1k,85,358
sd08-b075,jan-p01-t1k,86,379
sd08-b075,jan-p01-t1k,87,414
sd08-b075,jan-p01-t1k,88,438
sd08-b075,jan-p01-t1k,89,467
sd08-b075,jan-p01-t1k,90,500
sd08-b075,jan-p01-t1k,91,547
sd08-b075,jan-p01-t1k,92,604
sd08-b075,jan-p01-t1k,93,745
sd08-b075,jan-p01-t1k,94,871
sd08-b075,jan-p01-t1k,95,1002
sd08-b075,jan-p01-t1k,96,1126
sd08-b075,jan-p01-t1k,97,1359
sd08-b075,jan-p01-t1k,98,1646
sd08-b075,jan-p01-t1k,99,2032
sd08-b075,jan-p10-t1k,1,0
sd08-b075,jan-p10-t1k,2,0
sd08-b075,jan-p10-t1k,3,0
sd08-b075,jan-p10-t1k,4,1
sd08-b075,jan-p10-t1k,5,1
sd08-b075,jan-p10-t1k,6,1
sd08-b075,jan-p10-t1k,7,2
sd08-b075,jan-p10-t1k,8,3
sd08-b075,jan-p10-t1k,9,3
sd08-b075,jan-p10-t1k,10,4
sd08-b075,jan-p10-t1k,11,5
sd08-b075,jan-p10-t1k,12,6
sd08-b075,jan-p10-t1k,13,7
sd08-b075,jan-p10-t1k,14,9
sd08-b075,jan-p10-t1k,15,10
sd08-b075,jan-p10-t1k,16,11
sd08-b075,jan-p10-t1k,17,13
sd08-b075,jan-p10-t1k,18,15
sd08-b075,jan-p10-t1k,19,17
sd08-b075,jan-p10-t1k,20,20
sd08-b075,jan-p10-t1k,21,23
sd08-b075,jan-p10-t1k,22,25
sd08-b075,jan-p10-t1k,23,29
sd08-b075,jan-p10-t1k,24,32
sd08-b075,jan-p10-t1k,25,36
sd08-b075,jan-p10-t1k,26,40
sd08-b075,jan-p10-t1k,27,45
sd08-b075,jan-p10-t1k,28,50
sd08-b075,jan-p10-t1k,29,55
sd08-b075,jan-p10-t1k,30,61
sd08-b075,jan-p10-t1k,31,68
sd08-b075,jan-p10-t1k,32,75
sd08-b075,jan-p10-t1k,33,82
sd08-b075,jan-p10-t1k,34,90
sd08-b075,jan-p10-t1k,35,99
sd08-b075,jan-p10-t1k,36,109
sd08-b075,jan-p10-t1k,37,120
sd08-b075,jan-p10-t1k,38,132
sd08-b075,jan-p10-t1k,39,144
sd08-b075,jan-p10-t1k,40,158
sd08-b075,jan-p10-t1k,41,172
sd08-b075,jan-p10-t1k,42,188
sd08-b075,jan-p10-t1k,43,206
sd08-b075,jan-p10-t1k,44,225
sd08-b075,jan-p10-t1k,45,246
sd08-b075,jan-p10-t1k,46,268
sd08-b075,jan-p10-t1k,47,295
sd08-b075,jan-p10-t1k,48,323
sd08-b075,jan-p10-t1k,49,354
sd08-b075,jan-p10-t1k,50,389
sd08-b075,jan-p10-t1k,51,429
sd08-b075,jan-p10-t1k,52,475
sd08-b075,jan-p10-t1k,53,530
sd08-b075,jan-p10-t1k,54,595
sd08-b075,jan-p10-t1k,55,672
sd08-b075,jan-p10-t1k,56,765
sd08-b075,jan-p10-t1k,57,858
sd08-b075,jan-p10-t1k,58,942
sd08-b075,jan-p10-t1k,59,1043
sd08-b075,jan-p10-t1k,60,1147
sd08-b075,jan-p10-t1k,61,1245
sd08-b075,jan-p10-t1k,62,1355
sd08-b075,jan-p10-t1k,63,1461
sd08-b075,jan-p10-t1k,64,1572
sd08-b075,jan-p10-t1k,65,1683
sd08-b075,jan-p10-t1k,66,1806
sd08-b075,jan-p10-t1k,67,1918
sd08-b075,jan-p10-t1k,68,2035
sd08-b075,jan-p10-t1k,69,2157
sd08-b075,jan-p10-t1k,70,2273
sd08-b075,jan-p10-t1k,71,2387
sd08-b075,jan-p10-t1k,72,2503
sd08-b075,jan-p10-t1k,73,2632
sd08-b075,jan-p10-t1k,74,2757
sd08-b075,jan-p10-t1k,75,2880
sd08-b075,jan-p10-t1k,76,3004
sd08-b075,jan-p10-t1k,77,3130
sd08-b075,jan-p10-t1k,78,3257
sd08-b075,jan-p10-t1k,79,3384
sd08-b075,jan-p10-t1k,80,3514
sd08-b075,jan-p10-t1k,81,3663
sd08-b075,jan-p10-t1k,82,3812
sd08-b075,jan-p10-t1k,83,3974
sd08-b075,jan-p10-t1k,84,4136
sd08-b075,jan-p10-t1k,85,4304
sd08-b075,jan-p10-t1k,86,4478
sd08-b075,jan-p10-t1k,87,4673
sd08-b075,jan-p10-t1k,88,4874
sd08-b075,jan-p10-t1k,89,5095
sd08-b075,jan-p10-t1k,90,5336
sd08-b075,jan-p10-t1k,91,5585
sd08-b075,jan-p10-t1k,92,5846
sd08-b075,jan-p10-t1k,93,6149
sd08-b075,jan-p10-t1k,94,6522
sd08-b075,jan-p10-t1k,95,6941
sd08-b075,jan-p10-t1k,96,7432
sd08-b075,jan-p10-t1k,97,8027
sd08-b075,jan-p10-t1k,98,8844
sd08-b075,jan-p10-t1k,99,10257
sd08-b075,jan-p20-t1k,1,0
sd08-b075,jan-p20-t1k,2,0
sd08-b075,jan-p20-t1k,3,0
sd08-b075,jan-p20-t1k,4,1
sd08-b075,jan-p20-t1k,5,1
sd08-b075,jan-p20-t1k,6,2
sd08-b075,jan-p20-t1k,7,3
sd08-b075,jan-p20-t1k,8,4
sd08-b075,jan-p20-t1k,9,5
sd08-b075,jan-p20-t1k,10,6
sd08-b075,jan-p20-t1k,11,7
sd08-b075,jan-p20-t1k,12,9
sd08-b075,jan-p20-t1k,13,11
sd08-b075,jan-p20-t1k,14,13
sd08-b075,jan-p20-t1k,15,15
sd08-b075,jan-p20-t1k,16,17
sd08-b075,jan-p20-t1k,17,20
sd08-b075,jan-p20-t1k,18,23
sd08-b075,jan-p20-t1k,19,27
sd08-b075,jan-p20-t1k,20,31
sd08-b075,jan-p20-t1k,21,35
sd08-b075,jan-p20-t1k,22,40
sd08-b075,jan-p20-t1k,23,46
sd08-b075,jan-p20-t1k,24,52
sd08-b075,jan-p20-t1k,25,58
sd08-b075,jan-p20-t1k,26,65
sd08-b075,jan-p20-t1k,27,74
sd08-b075,jan-p20-t1k,28,82
sd08-b075,jan-p20-t1k,29,92
sd08-b075,jan-p20-t1k,30,102
sd08-b075,jan-p20-t1k,31,114
sd08-b075,jan-p20-t1k,32,126
sd08-b075,jan-p20-t1k,33,140
sd08-b075,jan-p20-t1k,34,155
sd08-b075,jan-p20-t1k,35,172
sd08-b075,jan-p20-t1k,36,190
sd08-b075,jan-p20-t1k,37,210
sd08-b075,jan-p20-t1k,38,233
sd08-b075,jan-p20-t1k,39,256
sd08-b075,jan-p20-t1k,40,283
sd08-b075,jan-p20-t1k,41,313
sd08-b075,jan-p20-t1k,42,348
sd08-b075,jan-p20-t1k,43,386
sd08-b075,jan-p20-t1k,44,428
sd08-b075,jan-p20-t1k,45,476
sd08-b075,jan-p20-t1k,46,530
sd08-b075,jan-p20-t1k,47,593
sd08-b075,jan-p20-t1k,48,667
sd08-b075,jan-p20-t1k,49,745
sd08-b075,jan-p20-t1k,50,827
sd08-b075,jan-p20-t1k,51,913
sd08-b075,jan-p20-t1k,52,1003
sd08-b075,jan-p20-t1k,53,1099
sd08-b075,jan-p20-t1k,54,1198
sd08-b075,jan-p20-t1k,55,1302
sd08-b075,jan-p20-t1k,56,1407
sd08-b075,jan-p20-t1k,57,1513
sd08-b075,jan-p20-t1k,58,1633
sd08-b075,jan-p20-t1k,59,1748
sd08-b075,jan-p20-t1k,60,1863
sd08-b075,jan-p20-t1k,61,1984
sd08-b075,jan-p20-t1k,62,2105
sd08-b075,jan-p20-t1k,63,2233
sd08-b075,jan-p20-t1k,64,2360
sd08-b075,jan-p20-t1k,65,2490
sd08-b075,jan-p20-t1k,66,2624
sd08-b075,jan-p20-t1k,67,2761
sd08-b075,jan-p20-t1k,68,2900
sd08-b075,jan-p20-t1k,69,3041
sd08-b075,jan-p20-t1k,70,3184
sd08-b075,jan-p20-t1k,71,3328
sd08-b075,jan-p20-t1k,72,3471
sd08-b075,jan-p20-t1k,73,3620
sd08-b075,jan-p20-t1k,74,3764
sd08-b075,jan-p20-t1k,75,3916
sd08-b075,jan-p20-t1k,76,4066
sd08-b075,jan-p20-t1k,77,4210
sd08-b075,jan-p20-t1k,78,4366
sd08-b075,jan-p20-t1k,79,4514
sd08-b075,jan-p20-t1k,80,4670
sd08-b075,jan-p20-t1k,81,4826
sd08-b075,jan-p20-t1k,82,4981
sd08-b075,jan-p20-t1k,83,5130
sd08-b075,jan-p20-t1k,84,5289
sd08-b075,jan-p20-t1k,85,5458
sd08-b075,jan-p20-t1k,86,5621
sd08-b075,jan-p20-t1k,87,5805
sd08-b075,jan-p20-t1k,88,5998
sd08-b075,jan-p20-t1k,89,6220
sd08-b075,jan-p20-t1k,90,6454
sd08-b075,jan-p20-t1k,91,6695
sd08-b075,jan-p20-t1k,92,6965
sd08-b075,jan-p20-t1k,93,7257
sd08-b075,jan-p20-t1k,94,7586
sd08-b075,jan-p20-t1k,95,7973
sd08-b075,jan-p20-t1k,96,8393
sd08-b075,jan-p20-t1k,97,8923
sd08-b075,jan-p20-t1k,98,9658
sd08-b075,jan-p20-t1k,99,10847
sd08-b075,jan-p01-t10k,1,0
sd08-b075,jan-p01-t10k,2,0
sd08-b075,jan-p01-t10k,3,0
sd08-b075,jan-p01-t10k,4,1
sd08-b075,jan-p01-t10k,5,1
sd08-b075,jan-p01-t10k,6,1
sd08-b075,jan-p01-t10k,7,2
sd08-b075,jan-p01-t10k,8,3
sd08-b075,jan-p01-t10k,9,3
sd08-b075,jan-p01-t10k,10,4
sd08-b075,jan-p01-t10k,11,5
sd08-b075,jan-p01-t10k,12,6
sd08-b075,jan-p01-t10k,13,7
sd08-b075,jan-p01-t10k,14,8
sd08-b075,jan-p01-t10k,15,9
sd08-b075,jan-p01-t10k,16,10
sd08-b075,jan-p01-t10k,17,12
sd08-b075,jan-p01-t10k,18,13
sd08-b075,jan-p01-t10k,19,15
sd08-b075,jan-p01-t10k,20,17
sd08-b075,jan-p01-t10k,21,19
sd08-b075,jan-p01-t10k,22,21
sd08-b075,jan-p01-t10k,23,24
sd08-b075,jan-p01-t10k,24,27
sd08-b075,jan-p01-t10k,25,30
sd08-b075,jan-p01-t10k,26,33
sd08-b075,jan-p01-t10k,27,35
sd08-b075,jan-p01-t10k,28,38
sd08-b075,jan-p01-t10k,29,42
sd08-b075,jan-p01-t10k,30,46
sd08-b075,jan-p01-t10k,31,51
sd08-b075,jan-p01-t10k,32,56
sd08-b075,jan-p01-t10k,33,61
sd08-b075,jan-p01-t10k,34,66
sd08-b075,jan-p01-t10k,35,71
sd08-b075,jan-p01-t10k,36,79
sd08-b075,jan-p01-t10k,37,85
sd08-b075,jan-p01-t10k,38,92
sd08-b075,jan-p01-t10k,39,99
sd08-b075,jan-p01-t10k,40,108
sd08-b075,jan-p01-t10k,41,115
sd08-b075,jan-p01-t10k,42,126
sd08-b075,jan-p01-t10k,43,135
sd08-b075,jan-p01-t10k,44,144
sd08-b075,jan-p01-t10k,45,154
sd08-b075,jan-p01-t10k,46,163
sd08-b075,jan-p01-t10k,47,173
sd08-b075,jan-p01-t10k,48,185
sd08-b075,jan-p01-t10k,49,198
sd08-b075,jan-p01-t10k,50,210
sd08-b075,jan-p01-t10k,51,220
sd08-b075,jan-p01-t10k,52,232
sd08-b075,jan-p01-t10k,53,249
sd08-b075,jan-p01-t10k,54,267
sd08-b075,jan-p01-t10k,55,283
sd08-b075,jan-p01-t10k,56,301
sd08-b075,jan-p01-t10k,57,321
sd08-b075,jan-p01-t10k,58,336
sd08-b075,jan-p01-t10k,59,356
sd08-b075,jan-p01-t10k,60,376
sd08-b075,jan-p01-t10k,61,394
sd08-b075,jan-p01-t10k,62,420
sd08-b075,jan-p01-t10k,63,443
sd08-b075,jan-p01-t10k,64,466
sd08-b075,jan-p01-t10k,65,492
sd08-b075,jan-p01-t10k,66,524
sd08-b075,jan-p01-t10k,67,553
sd08-b075,jan-p01-t10k,68,587
sd08-b075,jan-p01-t10k,69,615
sd08-b075,jan-p01-t10k,70,653
sd08-b075,jan-p01-t10k,71,682
sd08-b075,jan-p01-t10k,72,715
sd08-b075,jan-p01-t10k,73,751
sd08-b075,jan-p01-t10k,74,782
sd08-b075,jan-p01-t10k,75,822
sd08-b075,jan-p01-t10k,76,869
sd08-b075,jan-p01-t10k,77,912
sd08-b075,jan-p01-t10k,78,953
sd08-b075,jan-p01-t10k,79,998
sd08-b075,jan-p01-t10k,80,1048
sd08-b075,jan-p01-t10k,81,1096
sd08-b075,jan-p01-t10k,82,1156
sd08-b075,jan-p01-t10k,83,1229
sd08-b075,jan-p01-t10k,84,1298
sd08-b075,jan-p01-t10k,85,1354
sd08-b075,jan-p01-t10k,86,1425
sd08-b075,jan-p01-t10k,87,1502
sd08-b075,jan-p01-t10k,88,1571
sd08-b075,jan-p01-t10k,89,1656
sd08-b075,jan-p01-t10k,90,1744
sd08-b075,jan-p01-t10k,91,1832
sd08-b075,jan-p01-t10k,92,1961
sd08-b075,jan-p01-t10k,93,2067
sd08-b075,jan-p01-t10k,94,2181
sd08-b075,jan-p01-t10k,95,2339
sd08-b075,jan-p01-t10k,96,2517
sd08-b075,jan-p01-t10k,97,2705
sd08-b075,jan-p01-t10k,98,2953
sd08-b075,jan-p01-t10k,99,3246
sd08-b075,jan-p10-t10k,1,0
sd08-b075,jan-p10-t10k,2,0
sd08-b075,jan-p10-t10k,3,0
sd08-b075,jan-p10-t10k,4,1
sd08-b075,jan-p10-t10k,5,1
sd08-b075,jan-p10-t10k,6,2
sd08-b075,jan-p10-t10k,7,2
sd08-b075,jan-p10-t10k,8,3
sd08-b075,jan-p10-t10k,9,4
sd08-b075,jan-p10-t10k,10,5
sd08-b075,jan-p10-t10k,11,6
sd08-b075,jan-p10-t10k,12,7
sd08-b075,jan-p10-t10k,13,9
sd08-b075,jan-p10-t10k,14,10
sd08-b075,jan-p10-t10k,15,12
sd08-b075,jan-p10-t10k,16,14
sd08-b075,jan-p10-t10k,17,16
sd08-b075,jan-p10-t10k,18,19
sd08-b075,jan-p10-t10k,19,21
sd08-b075,jan-p10-t10k,20,24
sd08-b075,jan-p10-t10k,21,27
sd08-b075,jan-p10-t10k,22,31
sd08-b075,jan-p10-t10k,23,35
sd08-b075,jan-p10-t10k,24,39
sd08-b075,jan-p10-t10k,25,43
sd08-b075,jan-p10-t10k,26,48
sd08-b075,jan-p10-t10k,27,54
sd08-b075,jan-p10-t10k,28,59
sd08-b075,jan-p10-t10k,29,66
sd08-b075,jan-p10-t10k,30,73
sd08-b075,jan-p10-t10k,31,80
sd08-b075,jan-p10-t10k,32,88
sd08-b075,jan-p10-t10k,33,97
sd08-b075,jan-p10-t10k,34,106
sd08-b075,jan-p10-t10k,35,115
sd08-b075,jan-p10-t10k,36,126
sd08-b075,jan-p10-t10k,37,137
sd08-b075,jan-p10-t10k,38,148
sd08-b075,jan-p10-t10k,39,160
sd08-b075,jan-p10-t10k,40,174
sd08-b075,jan-p10-t10k,41,187
sd08-b075,jan-p10-t10k,42,202
sd08-b075,jan-p10-t10k,43,217
sd08-b075,jan-p10-t10k,44,234
sd08-b075,jan-p10-t10k,45,252
sd08-b075,jan-p10-t10k,46,271
sd08-b075,jan-p10-t10k,47,293
sd08-b075,jan-p10-t10k,48,314
sd08-b075,jan-p10-t10k,49,335
sd08-b075,jan-p10-t10k,50,358
sd08-b075,jan-p10-t10k,51,383
sd08-b075,jan-p10-t10k,52,410
sd08-b075,jan-p10-t10k,53,436
sd08-b075,jan-p10-t10k,54,464
sd08-b075,jan-p10-t10k,55,495
sd08-b075,jan-p10-t10k,56,529
sd08-b075,jan-p10-t10k,57,564
sd08-b075,jan-p10-t10k,58,600
sd08-b075,jan-p10-t10k,59,637
sd08-b075,jan-p10-t10k,60,677
sd08-b075,jan-p10-t10k,61,717
sd08-b075,jan-p10-t10k,62,758
sd08-b075,jan-p10-t10k,63,804
sd08-b075,jan-p10-t10k,64,855
sd08-b075,jan-p10-t10k,65,903
sd08-b075,jan-p10-t10k,66,958
sd08-b075,jan-p10-t10k,67,1014
sd08-b075,jan-p10-t10k,68,1073
sd08-b075,jan-p10-t10k,69,1138
sd08-b075,jan-p10-t10k,70,1206
sd08-b075,jan-p10-t10k,71,1271
sd08-b075,jan-p10-t10k,72,1345
sd08-b075,jan-p10-t10k,73,1420
sd08-b075,jan-p10-t10k,74,1499
sd08-b075,jan-p10-t10k,75,1582
sd08-b075,jan-p10-t10k,76,1667
sd08-b075,jan-p10-t10k,77,1769
sd08-b075,jan-p10-t10k,78,1868
sd08-b075,jan-p10-t10k,79,1970
sd08-b075,jan-p10-t10k,80,2079
sd08-b075,jan-p10-t10k,81,2205
sd08-b075,jan-p10-t10k,82,2331
sd08-b075,jan-p10-t10k,83,2471
sd08-b075,jan-p10-t10k,84,2606
sd08-b075,jan-p10-t10k,85,2755
sd08-b075,jan-p10-t10k,86,2915
sd08-b075,jan-p10-t10k,87,3097
sd08-b075,jan-p10-t10k,88,3294
sd08-b075,jan-p10-t10k,89,3522
sd08-b075,jan-p10-t10k,90,3746
sd08-b075,jan-p10-t10k,91,4027
sd08-b075,jan-p10-t10k,92,4336
sd08-b075,jan-p10-t10k,93,4657
sd08-b075,jan-p10-t10k,94,4979
sd08-b075,jan-p10-t10k,95,5379
sd08-b075,jan-p10-t10k,96,5821
sd08-b075,jan-p10-t10k,97,6421
sd08-b075,jan-p10-t10k,98,7327
sd08-b075,jan-p10-t10k,99,8638
sd08-b075,jan-p20-t10k,1,0
sd08-b075,jan-p20-t10k,2,0
sd08-b075,jan-p20-t10k,3,0
sd08-b075,jan-p20-t10k,4,1
sd08-b075,jan-p20-t10k,5,1
sd08-b075,jan-p20-t10k,6,2
sd08-b075,jan-p20-t10k,7,3
sd08-b075,jan-p20-t10k,8,4
sd08-b075,jan-p20-t10k,9,5
sd08-b075,jan-p20-t10k,10,6
sd08-b075,jan-p20-t10k,11,8
sd08-b075,jan-p20-t10k,12,9
sd08-b075,jan-p20-t10k,13,11
sd08-b075,jan-p20-t10k,14,13
sd08-b075,jan-p20-t10k,15,15
sd08-b075,jan-p20-t10k,16,18
sd08-b075,jan-p20-t10k,17,21
sd08-b075,jan-p20-t10k,18,24
sd08-b075,jan-p20-t10k,19,28
sd08-b075,jan-p20-t10k,20,32
sd08-b075,jan-p20-t10k,21,36
sd08-b075,jan-p20-t10k,22,41
sd08-b075,jan-p20-t10k,23,47
sd08-b075,jan-p20-t10k,24,52
sd08-b075,jan-p20-t10k,25,59
sd08-b075,jan-p20-t10k,26,66
sd08-b075,jan-p20-t10k,27,73
sd08-b075,jan-p20-t10k,28,82
sd08-b075,jan-p20-t10k,29,90
sd08-b075,jan-p20-t10k,30,100
sd08-b075,jan-p20-t10k,31,111
sd08-b075,jan-p20-t10k,32,121
sd08-b075,jan-p20-t10k,33,134
sd08-b075,jan-p20-t10k,34,147
sd08-b075,jan-p20-t10k,35,160
sd08-b075,jan-p20-t10k,36,175
sd08-b075,jan-p20-t10k,37,191
sd08-b075,jan-p20-t10k,38,208
sd08-b075,jan-p20-t10k,39,225
sd08-b075,jan-p20-t10k,40,245
sd08-b075,jan-p20-t10k,41,266
sd08-b075,jan-p20-t10k,42,289
sd08-b075,jan-p20-t10k,43,313
sd08-b075,jan-p20-t10k,44,337
sd08-b075,jan-p20-t10k,45,365
sd08-b075,jan-p20-t10k,46,392
sd08-b075,jan-p20-t10k,47,422
sd08-b075,jan-p20-t10k,48,453
sd08-b075,jan-p20-t10k,49,485
sd08-b075,jan-p20-t10k,50,520
sd08-b075,jan-p20-t10k,51,558
sd08-b075,jan-p20-t10k,52,598
sd08-b075,jan-p20-t10k,53,638
sd08-b075,jan-p20-t10k,54,682
sd08-b075,jan-p20-t10k,55,727
sd08-b075,jan-p20-t10k,56,776
sd08-b075,jan-p20-t10k,57,826
sd08-b075,jan-p20-t10k,58,880
sd08-b075,jan-p20-t10k,59,937
sd08-b075,jan-p20-t10k,60,998
sd08-b075,jan-p20-t10k,61,1063
sd08-b075,jan-p20-t10k,62,1129
sd08-b075,jan-p20-t10k,63,1200
sd08-b075,jan-p20-t10k,64,1275
sd08-b075,jan-p20-t10k,65,1355
sd08-b075,jan-p20-t10k,66,1434
sd08-b075,jan-p20-t10k,67,1520
sd08-b075,jan-p20-t10k,68,1607
sd08-b075,jan-p20-t10k,69,1705
sd08-b075,jan-p20-t10k,70,1809
sd08-b075,jan-p20-t10k,71,1918
sd08-b075,jan-p20-t10k,72,2029
sd08-b075,jan-p20-t10k,73,2149
sd08-b075,jan-p20-t10k,74,2283
sd08-b075,jan-p20-t10k,75,2419
sd08-b075,jan-p20-t10k,76,2558
sd08-b075,jan-p20-t10k,77,2702
sd08-b075,jan-p20-t10k,78,2850
sd08-b075,jan-p20-t10k,79,3013
sd08-b075,jan-p20-t10k,80,3185
sd08-b075,jan-p20-t10k,81,3357
sd08-b075,jan-p20-t10k,82,3539
sd08-b075,jan-p20-t10k,83,3727
sd08-b075,jan-p20-t10k,84,3916
sd08-b075,jan-p20-t10k,85,4126
sd08-b075,jan-p20-t10k,86,4333
sd08-b075,jan-p20-t10k,87,4548
sd08-b075,jan-p20-t10k,88,4779
sd08-b075,jan-p20-t10k,89,5021
sd08-b075,jan-p20-t10k,90,5266
sd08-b075,jan-p20-t10k,91,5533
sd08-b075,jan-p20-t10k,92,5811
sd08-b075,jan-p20-t10k,93,6127
sd08-b075,jan-p20-t10k,94,6488
sd08-b075,jan-p20-t10k,95,6916
sd08-b075,jan-p20-t10k,96,7384
sd08-b075,jan-p20-t10k,97,7967
sd08-b075,jan-p20-t10k,98,8794
sd08-b075,jan-p20-t10k,99,10110
sd09-b050,completa,1,2
sd09-b050,completa,2,6
sd09-b050,completa,3,13
sd09-b050,completa,4,21
sd09-b050,completa,5,31
sd09-b050,completa,6,43
sd09-b050,completa,7,57
sd09-b050,completa,8,73
sd09-b050,completa,9,91
sd09-b050,completa,10,111
sd09-b050,completa,11,132
sd09-b050,completa,12,156
sd09-b050,completa,13,181
sd09-b050,completa,14,208
sd09-b050,completa,15,238
sd09-b050,completa,16,269
sd09-b050,completa,17,302
sd09-b050,completa,18,337
sd09-b050,completa,19,375
sd09-b050,completa,20,414
sd09-b050,completa,21,456
sd09-b050,completa,22,498
sd09-b050,completa,23,543
sd09-b050,completa,24,590
sd09-b050,completa,25,639
sd09-b050,completa,26,690
sd09-b050,completa,27,743
sd09-b050,completa,28,798
sd09-b050,completa,29,854
sd09-b050,completa,30,913
sd09-b050,completa,31,973
sd09-b050,completa,32,1036
sd09-b050,completa,33,1100
sd09-b050,completa,34,1166
sd09-b050,completa,35,1235
sd09-b050,completa,36,1305
sd09-b050,completa,37,1379
sd09-b050,completa,38,1453
sd09-b050,completa,39,1531
sd09-b050,completa,40,1609
sd09-b050,completa,41,1689
sd09-b050,completa,42,1770
sd09-b050,completa,43,1854
sd09-b050,completa,44,1942
sd09-b050,completa,45,2030
sd09-b050,completa,46,2121
sd09-b050,completa,47,2214
sd09-b050,completa,48,2308
sd09-b050,completa,49,2403
sd09-b050,completa,50,2501
sd09-b050,completa,51,2600
sd09-b050,completa,52,2704
sd09-b050,completa,53,2809
sd09-b050,completa,54,2915
sd09-b050,completa,55,3023
sd09-b050,completa,56,3132
sd09-b050,completa,57,3244
sd09-b050,completa,58,3356
sd09-b050,completa,59,3471
sd09-b050,completa,60,3590
sd09-b050,completa,61,3711
sd09-b050,completa,62,3835
sd09-b050,completa,63,3959
sd09-b050,completa,64,4085
sd09-b050,completa,65,4212
sd09-b050,completa,66,4340
sd09-b050,completa,67,4472
sd09-b050,completa,68,4605
sd09-b050,completa,69,4741
sd09-b050,completa,70,4879
sd09-b050,completa,71,5018
sd09-b050,completa,72,5162
sd09-b050,completa,73,5308
sd09-b050,completa,74,5456
sd09-b050,completa,75,5605
sd09-b050,completa,76,5754
sd09-b050,completa,77,5903
sd09-b050,completa,78,6056
sd09-b050,completa,79,6213
sd09-b050,completa,80,6376
sd09-b050,completa,81,6537
sd09-b050,completa,82,6701
sd09-b050,completa,83,6866
sd09-b050,completa,84,7031
sd09-b050,completa,85,7199
sd09-b050,completa,86,7368
sd09-b050,completa,87,7542
sd09-b050,completa,88,7717
sd09-b050,completa,89,7894
sd09-b050,completa,90,8073
sd09-b050,completa,91,8256
sd09-b050,completa,92,8442
sd09-b050,completa,93,8628
sd09-b050,completa,94,8813
sd09-b050,completa,95,9001
sd09-b050,completa,96,9194
sd09-b050,completa,97,9395
sd09-b050,completa,98,9597
sd09-b050,completa,99,9797
sd09-b050,sis-p01,1,6
sd09-b050,sis-p01,2,11
sd09-b050,sis-p01,3,20
sd09-b050,sis-p01,4,31
sd09-b050,sis-p01,5,44
sd09-b050,sis-p01,6,59
sd09-b050,sis-p01,7,68
sd09-b050,sis-p01,8,84
sd09-b050,sis-p01,9,97
sd09-b050,sis-p01,10,113
sd09-b050,sis-p01,11,125
sd09-b050,sis-p01,12,137
sd09-b050,sis-p01,13,151
sd09-b050,sis-p01,14,161
sd09-b050,sis-p01,15,173
sd09-b050,sis-p01,16,183
sd09-b050,sis-p01,17,194
sd09-b050,sis-p01,18,206
sd09-b050,sis-p01,19,234
sd09-b050,sis-p01,20,246
sd09-b050,sis-p01,21,259
sd09-b050,sis-p01,22,276
sd09-b050,sis-p01,23,291
sd09-b050,sis-p01,24,312
sd09-b050,sis-p01,25,320
sd09-b050,sis-p01,26,330
sd09-b050,sis-p01,27,340
sd09-b050,sis-p01,28,355
sd09-b050,sis-p01,29,368
sd09-b050,sis-p01,30,378
sd09-b050,sis-p01,31,391
sd09-b050,sis-p01,32,403
sd09-b050,sis-p01,33,417
sd09-b050,sis-p01,34,429
sd09-b050,sis-p01,35,446
sd09-b050,sis-p01,36,466
sd09-b050,sis-p01,37,479
sd09-b050,sis-p01,38,490
sd09-b050,sis-p01,39,503
sd09-b050,sis-p01,40,519
sd09-b050,sis-p01,41,541
sd09-b050,sis-p01,42,563
sd09-b050,sis-p01,43,578
sd09-b050,sis-p01,44,607
sd09-b050,sis-p01,45,623
sd09-b050,sis-p01,46,646
sd09-b050,sis-p01,47,663
sd09-b050,sis-p01,48,674
sd09-b050,sis-p01,49,698
sd09-b050,sis-p01,50,714
sd09-b050,sis-p01,51,739
sd09-b050,sis-p01,52,755
sd09-b050,sis-p01,53,789
sd09-b050,sis-p01,54,811
sd09-b050,sis-p01,55,830
sd09-b050,sis-p01,56,858
sd09-b050,sis-p01,57,884
sd09-b050,sis-p01,58,916
sd09-b050,sis-p01,59,940
sd09-b050,sis-p01,60,963
sd09-b050,sis-p01,61,990
sd09-b050,sis-p01,62,1025
sd09-b050,sis-p01,63,1055
sd09-b050,sis-p01,64,1088
sd09-b050,sis-p01,65,1117
sd09-b050,sis-p01,66,1147
sd09-b050,sis-p01,67,1193
sd09-b050,sis-p01,68,1219
sd09-b050,sis-p01,69,1240
sd09-b050,sis-p01,70,1264
sd09-b050,sis-p01,71,1303
sd09-b050,sis-p01,72,1347
sd09-b050,sis-p01,73,1399
sd09-b050,sis-p01,74,1447
sd09-b050,sis-p01,75,1477
sd09-b050,sis-p01,76,1516
sd09-b050,sis-p01,77,1572
sd09-b050,sis-p01,78,1616
sd09-b050,sis-p01,79,1659
sd09-b050,sis-p01,80,1707
sd09-b050,sis-p01,81,1759
sd09-b050,sis-p01,82,1853
sd09-b050,sis-p01,83,1907
sd09-b050,sis-p01,84,1966
sd09-b050,sis-p01,85,2007
sd09-b050,sis-p01,86,2102
sd09-b050,sis-p01,87,2158
sd09-b050,sis-p01,88,2241
sd09-b050,sis-p01,89,2355
sd09-b050,sis-p01,90,2436
sd09-b050,sis-p01,91,2520
sd09-b050,sis-p01,92,2629
sd09-b050,sis-p01,93,2713
sd09-b050,sis-p01,94,2807
sd09-b050,sis-p01,95,2937
sd09-b050,sis-p01,96,3174
sd09-b050,sis-p01,97,3325
sd09-b050,sis-p01,98,3600
sd09-b050,sis-p01,99,4139
sd09-b050,sis-p10,1,6
sd09-b050,sis-p10,2,20
sd09-b050,sis-p10,3,40
sd09-b050,sis-p10,4,65
sd09-b050,sis-p10,5,96
sd09-b050,sis-p10,6,130
sd09-b050,sis-p10,7,168
sd09-b050,sis-p10,8,211
sd09-b050,sis-p10,9,256
sd09-b050,sis-p10,10,304
sd09-b050,sis-p10,11,352
sd09-b050,sis-p10,12,403
sd09-b050,sis-p10,13,458
sd09-b050,sis-p10,14,515
sd09-b050,sis-p10,15,573
sd09-b050,sis-p10,16,632
sd09-b050,sis-p10,17,688
sd09-b050,sis-p10,18,748
sd09-b050,sis-p10,19,807
sd09-b050,sis-p10,20,865
sd09-b050,sis-p10,21,929
sd09-b050,sis-p10,22,997
sd09-b050,sis-p10,23,1065
sd09-b050,sis-p10,24,1136
sd09-b050,sis-p10,25,1201
sd09-b050,sis-p10,26,1271
sd09-b050,sis-p10,27,1335
sd09-b050,sis-p10,28,1405
sd09-b050,sis-p10,29,1475
sd09-b050,sis-p10,30,1543
sd09-b050,sis-p10,31,1612
sd09-b050,sis-p10,32,1677
sd09-b050,sis-p10,33,1750
sd09-b050,sis-p10,34,1817
sd09-b050,sis-p10,35,1886
sd09-b050,sis-p10,36,1959
sd09-b050,sis-p10,37,2025
sd09-b050,sis-p10,38,2098
sd09-b050,sis-p10,39,2177
sd09-b050,sis-p10,40,2245
sd09-b050,sis-p10,41,2309
sd09-b050,sis-p10,42,2384
sd09-b050,sis-p10,43,2457
sd09-b050,sis-p10,44,2525
sd09-b050,sis-p10,45,2600
sd09-b050,sis-p10,46,2674
sd09-b050,sis-p10,47,2744
sd09-b050,sis-p10,48,2820
sd09-b050,sis-p10,49,2897
sd09-b050,sis-p10,50,2971
sd09-b050,sis-p10,51,3049
sd09-b050,sis-p10,52,3122
sd09-b050,sis-p10,53,3203
sd09-b050,sis-p10,54,3283
sd09-b050,sis-p10,55,3359
sd09-b050,sis-p10,56,3437
sd09-b050,sis-p10,57,3510
sd09-b050,sis-p10,58,3592
sd09-b050,sis-p10,59,3671
sd09-b050,sis-p10,60,3753
sd09-b050,sis-p10,61,3840
sd09-b050,sis-p10,62,3922
sd09-b050,sis-p10,63,4005
sd09-b050,sis-p10,64,4095
sd09-b050,sis-p10,65,4190
sd09-b050,sis-p10,66,4278
sd09-b050,sis-p10,67,4370
sd09-b050,sis-p10,68,4464
sd09-b050,sis-p10,69,4566
sd09-b050,sis-p10,70,4657
sd09-b050,sis-p10,71,4762
sd09-b050,sis-p10,72,4861
sd09-b050,sis-p10,73,4970
sd09-b050,sis-p10,74,5078
sd09-b050,sis-p10,75,5199
sd09-b050,sis-p10,76,5317
sd09-b050,sis-p10,77,5438
sd09-b050,sis-p10,78,5565
sd09-b050,sis-p10,79,5695
sd09-b050,sis-p10,80,5824
sd09-b050,sis-p10,81,5964
sd09-b050,sis-p10,82,6105
sd09-b050,sis-p10,83,6242
sd09-b050,sis-p10,84,6399
sd09-b050,sis-p10,85,6558
sd09-b050,sis-p10,86,6737
sd09-b050,sis-p10,87,6909
sd09-b050,sis-p10,88,7103
sd09-b050,sis-p10,89,7299
sd09-b050,sis-p10,90,7522
sd09-b050,sis-p10,91,7752
sd09-b050,sis-p10,92,8011
sd09-b050,sis-p10,93,8301
sd09-b050,sis-p10,94,8639
sd09-b050,sis-p10,95,9024
sd09-b050,sis-p10,96,9456
sd09-b050,sis-p10,97,10027
sd09-b050,sis-p10,98,10829
sd09-b050,sis-p10,99,12160
sd09-b050,sis-p20,1,5
sd09-b050,sis-p20,2,17
sd09-b050,sis-p20,3,33
sd09-b050,sis-p20,4,53
sd09-b050,sis-p20,5,78
sd09-b050,sis-p20,6,108
sd09-b050,sis-p20,7,142
sd09-b050,sis-p20,8,179
sd09-b050,sis-p20,9,221
sd09-b050,sis-p20,10,264
sd09-b050,sis-p20,11,312
sd09-b050,sis-p20,12,367
sd09-b050,sis-p20,13,422
sd09-b050,sis-p20,14,479
sd09-b050,sis-p20,15,539
sd09-b050,sis-p20,16,597
sd09-b050,sis-p20,17,657
sd09-b050,sis-p20,18,721
sd09-b050,sis-p20,19,788
sd09-b050,sis-p20,20,857
sd09-b050,sis-p20,21,925
sd09-b050,sis-p20,22,997
sd09-b050,sis-p20,23,1070
sd09-b050,sis-p20,24,1146
sd09-b050,sis-p20,25,1220
sd09-b050,sis-p20,26,1295
sd09-b050,sis-p20,27,1373
sd09-b050,sis-p20,28,1449
sd09-b050,sis-p20,29,1531
sd09-b050,sis-p20,30,1608
sd09-b050,sis-p20,31,1688
sd09-b050,sis-p20,32,1770
sd09-b050,sis-p20,33,1858
sd09-b050,sis-p20,34,1944
sd09-b050,sis-p20,35,2031
sd09-b050,sis-p20,36,2117
sd09-b050,sis-p20,37,2203
sd09-b050,sis-p20,38,2291
sd09-b050,sis-p20,39,2378
sd09-b050,sis-p20,40,2468
sd09-b050,sis-p20,41,2560
sd09-b050,sis-p20,42,2652
sd09-b050,sis-p20,43,2743
sd09-b050,sis-p20,44,2835
sd09-b050,sis-p20,45,2925
sd09-b050,sis-p20,46,3014
sd09-b050,sis-p20,47,3106
sd09-b050,sis-p20,48,3196
sd09-b050,sis-p20,49,3286
sd09-b050,sis-p20,50,3379
sd09-b050,sis-p20,51,3472
sd09-b050,sis-p20,52,3563
sd09-b050,sis-p20,53,3656
sd09-b050,sis-p20,54,3752
sd09-b050,sis-p20,55,3847
sd09-b050,sis-p20,56,3941
sd09-b050,sis-p20,57,4039
sd09-b050,sis-p20,58,4135
sd09-b050,sis-p20,59,4228
sd09-b050,sis-p20,60,4323
sd09-b050,sis-p20,61,4422
sd09-b050,sis-p20,62,4518
sd09-b050,sis-p20,63,4616
sd09-b050,sis-p20,64,4720
sd09-b050,sis-p20,65,4821
sd09-b050,sis-p20,66,4918
sd09-b050,sis-p20,67,5019
sd09-b050,sis-p20,68,5117
sd09-b050,sis-p20,69,5215
sd09-b050,sis-p20,70,5314
sd09-b050,sis-p20,71,5410
sd09-b050,sis-p20,72,5512
sd09-b050,sis-p20,73,5614
sd09-b050,sis-p20,74,5714
sd09-b050,sis-p20,75,5819
sd09-b050,sis-p20,76,5935
sd09-b050,sis-p20,77,6055
sd09-b050,sis-p20,78,6179
sd09-b050,sis-p20,79,6304
sd09-b050,sis-p20,80,6430
sd09-b050,sis-p20,81,6561
sd09-b050,sis-p20,82,6695
sd09-b050,sis-p20,83,6832
sd09-b050,sis-p20,84,6979
sd09-b050,sis-p20,85,7118
sd09-b050,sis-p20,86,7277
sd09-b050,sis-p20,87,7444
sd09-b050,sis-p20,88,7612
sd09-b050,sis-p20,89,7794
sd09-b050,sis-p20,90,7989
sd09-b050,sis-p20,91,8190
sd09-b050,sis-p20,92,8415
sd09-b050,sis-p20,93,8668
sd09-b050,sis-p20,94,8944
sd09-b050,sis-p20,95,9282
sd09-b050,sis-p20,96,9654
sd09-b050,sis-p20,97,10129
sd09-b050,sis-p20,98,10771
sd09-b050,sis-p20,99,11771
sd09-b050,jan-p01-t1k,1,0
sd09-b050,jan-p01-t1k,2,0
sd09-b050,jan-p01-t1k,3,1
sd09-b050,jan-p01-t1k,4,2
sd09-b050,jan-p01-t1k,5,2
sd09-b050,jan-p01-t1k,6,4
sd09-b050,jan-p01-t1k,7,6
sd09-b050,jan-p01-t1k,8,7
sd09-b050,jan-p01-t1k,9,8
sd09-b050,jan-p01-t1k,10,10
sd09-b050,jan-p01-t1k,11,12
sd09-b050,jan-p01-t1k,12,14
sd09-b050,jan-p01-t1k,13,16
sd09-b050,jan-p01-t1k,14,18
sd09-b050,jan-p01-t1k,15,20
sd09-b050,jan-p01-t1k,16,23
sd09-b050,jan-p01-t1k,17,26
sd09-b050,jan-p01-t1k,18,29
sd09-b050,jan-p01-t1k,19,33
sd09-b050,jan-p01-t1k,20,35
sd09-b050,jan-p01-t1k,21,38
sd09-b050,jan-p01-t1k,22,42
sd09-b050,jan-p01-t1k,23,45
sd09-b050,jan-p01-t1k,24,47
sd09-b050,jan-p01-t1k,25,51
sd09-b050,jan-p01-t1k,26,54
sd09-b050,jan-p01-t1k,27,58
sd09-b050,jan-p01-t1k,28,63
sd09-b050,jan-p01-t1k,29,67
sd09-b050,jan-p01-t1k,30,71
sd09-b050,jan-p01-t1k,31,78
sd09-b050,jan-p01-t1k,32,85
sd09-b050,jan-p01-t1k,33,90
sd09-b050,jan-p01-t1k,34,95
sd09-b050,jan-p01-t1k,35,101
sd09-b050,jan-p01-t1k,36,107
sd09-b050,jan-p01-t1k,37,110
sd09-b050,jan-p01-t1k,38,115
sd09-b050,jan-p01-t1k,39,120
sd09-b050,jan-p01-t1k,40,128
sd09-b050,jan-p01-t1k,41,134
sd09-b050,jan-p01-t1k,42,141
sd09-b050,jan-p01-t1k,43,151
sd09-b050,jan-p01-t1k,44,158
sd09-b050,jan-p01-t1k,45,168
sd09-b050,jan-p01-t1k,46,176
sd09-b050,jan-p01-t1k,47,183
sd09-b050,jan-p01-t1k,48,192
sd09-b050,jan-p01-t1k,49,200
sd09-b050,jan-p01-t1k,50,211
sd09-b050,jan-p01-t1k,51,220
sd09-b050,jan-p01-t1k,52,230
sd09-b050,jan-p01-t1k,53,241
sd09-b050,jan-p01-t1k,54,249
sd09-b050,jan-p01-t1k,55,260
sd09-b050,jan-p01-t1k,56,274
sd09-b050,jan-p01-t1k,57,287
sd09-b050,jan-p01-t1k,58,299
sd09-b050,jan-p01-t1k,59,309
sd09-b050,jan-p01-t1k,60,320
sd09-b050,jan-p01-t1k,61,337
sd09-b050,jan-p01-t1k,62,350
sd09-b050,jan-p01-t1k,63,362
sd09-b050,jan-p01-t1k,64,375
sd09-b050,jan-p01-t1k,65,392
sd09-b050,jan-p01-t1k,66,405
sd09-b050,jan-p01-t1k,67,416
sd09-b050,jan-p01-t1k,68,437
sd09-b050,jan-p01-t1k,69,449
sd09-b050,jan-p01-t1k,70,473
sd09-b050,jan-p01-t1k,71,497
sd09-b050,jan-p01-t1k,72,521
sd09-b050,jan-p01-t1k,73,545
sd09-b050,jan-p01-t1k,74,573
sd09-b050,jan-p01-t1k,75,611
sd09-b050,jan-p01-t1k,76,627
sd09-b050,jan-p01-t1k,77,660
sd09-b050,jan-p01-t1k,78,699
sd09-b050,jan-p01-t1k,79,747
sd09-b050,jan-p01-t1k,80,804
sd09-b050,jan-p01-t1k,81,844
sd09-b050,jan-p01-t1k,82,915
sd09-b050,jan-p01-t1k,83,972
sd09-b050,jan-p01-t1k,84,1035
sd09-b050,jan-p01-t1k,85,1101
sd09-b050,jan-p01-t1k,86,1178
sd09-b050,jan-p01-t1k,87,1281
sd09-b050,jan-p01-t1k,88,1416
sd09-b050,jan-p01-t1k,89,1499
sd09-b050,jan-p01-t1k,90,1602
sd09-b050,jan-p01-t1k,91,1677
sd09-b050,jan-p01-t1k,92,1778
sd09-b050,jan-p01-t1k,93,1883
sd09-b050,jan-p01-t1k,94,1996
sd09-b050,jan-p01-t1k,95,2179
sd09-b050,jan-p01-t1k,96,2475
sd09-b050,jan-p01-t1k,97,2669
sd09-b050,jan-p01-t1k,98,3045
sd09-b050,jan-p01-t1k,99,3592
sd09-b050,jan-p10-t1k,1,1
sd09-b050,jan-p10-t1k,2,3
sd09-b050,jan-p10-t1k,3,6
sd09-b050,jan-p10-t1k,4,10
sd09-b050,jan-p10-t1k,5,15
sd09-b050,jan-p10-t1k,6,21
sd09-b050,jan-p10-t1k,7,28
sd09-b050,jan-p10-t1k,8,36
sd09-b050,jan-p10-t1k,9,44
sd09-b050,jan-p10-t1k,10,53
sd09-b050,jan-p10-t1k,11,64
sd09-b050,jan-p10-t1k,12,76
sd09-b050,jan-p10-t1k,13,91
sd09-b050,jan-p10-t1k,14,104
sd09-b050,jan-p10-t1k,15,119
sd09-b050,jan-p10-t1k,16,135
sd09-b050,jan-p10-t1k,17,154
sd09-b050,jan-p10-t1k,18,173
sd09-b050,jan-p10-t1k,19,194
sd09-b050,jan-p10-t1k,20,216
sd09-b050,jan-p10-t1k,21,240
sd09-b050,jan-p10-t1k,22,266
sd09-b050,jan-p10-t1k,23,294
sd09-b050,jan-p10-t1k,24,325
sd09-b050,jan-p10-t1k,25,358
sd09-b050,jan-p10-t1k,26,394
sd09-b050,jan-p10-t1k,27,432
sd09-b050,jan-p10-t1k,28,471
sd09-b050,jan-p10-t1k,29,517
sd09-b050,jan-p10-t1k,30,564
sd09-b050,jan-p10-t1k,31,618
sd09-b050,jan-p10-t1k,32,675
sd09-b050,jan-p10-t1k,33,740
sd09-b050,jan-p10-t1k,34,809
sd09-b050,jan-p10-t1k,35,882
sd09-b050,jan-p10-t1k,36,957
sd09-b050,jan-p10-t1k,37,1030
sd09-b050,jan-p10-t1k,38,1104
sd09-b050,jan-p10-t1k,39,1183
sd09-b050,jan-p10-t1k,40,1259
sd09-b050,jan-p10-t1k,41,1337
sd09-b050,jan-p10-t1k,42,1412
sd09-b050,jan-p10-t1k,43,1492
sd09-b050,jan-p10-t1k,44,1576
sd09-b050,jan-p10-t1k,45,1659
sd09-b050,jan-p10-t1k,46,1740
sd09-b050,jan-p10-t1k,47,1821
sd09-b050,jan-p10-t1k,48,1902
sd09-b050,jan-p10-t1k,49,1982
sd09-b050,jan-p10-t1k,50,2068
sd09-b050,jan-p10-t1k,51,2152
sd09-b050,jan-p10-t1k,52,2242
sd09-b050,jan-p10-t1k,53,2321
sd09-b050,jan-p10-t1k,54,2410
sd09-b050,jan-p10-t1k,55,2497
sd09-b050,jan-p10-t1k,56,2583
sd09-b050,jan-p10-t1k,57,2667
sd09-b050,jan-p10-t1k,58,2758
sd09-b050,jan-p10-t1k,59,2843
sd09-b050,jan-p10-t1k,60,2935
sd09-b050,jan-p10-t1k,61,3021
sd09-b050,jan-p10-t1k,62,3113
sd09-b050,jan-p10-t1k,63,3205
sd09-b050,jan-p10-t1k,64,3302
sd09-b050,jan-p10-t1k,65,3404
sd09-b050,jan-p10-t1k,66,3501
sd09-b050,jan-p10-t1k,67,3605
sd09-b050,jan-p10-t1k,68,3705
sd09-b050,jan-p10-t1k,69,3813
sd09-b050,jan-p10-t1k,70,3920
sd09-b050,jan-p10-t1k,71,4029
sd09-b050,jan-p10-t1k,72,4144
sd09-b050,jan-p10-t1k,73,4251
sd09-b050,jan-p10-t1k,74,4357
sd09-b050,jan-p10-t1k,75,4474
sd09-b050,jan-p10-t1k,76,4596
sd09-b050,jan-p10-t1k,77,4715
sd09-b050,jan-p10-t1k,78,4847
sd09-b050,jan-p10-t1k,79,4980
sd09-b050,jan-p10-t1k,80,5104
sd09-b050,jan-p10-t1k,81,5250
sd09-b050,jan-p10-t1k,82,5398
sd09-b050,jan-p10-t1k,83,5562
sd09-b050,jan-p10-t1k,84,5740
sd09-b050,jan-p10-t1k,85,5918
sd09-b050,jan-p10-t1k,86,6099
sd09-b050,jan-p10-t1k,87,6290
sd09-b050,jan-p10-t1k,88,6495
sd09-b050,jan-p10-t1k,89,6701
sd09-b050,jan-p10-t1k,90,6936
sd09-b050,jan-p10-t1k,91,7193
sd09-b050,jan-p10-t1k,92,7462
sd09-b050,jan-p10-t1k,93,7753
sd09-b050,jan-p10-t1k,94,8100
sd09-b050,jan-p10-t1k,95,8474
sd09-b050,jan-p10-t1k,96,8973
sd09-b050,jan-p10-t1k,97,9582
sd09-b050,jan-p10-t1k,98,10408
sd09-b050,jan-p10-t1k,99,11838
sd09-b050,jan-p20-t1k,1,1
sd09-b050,jan-p20-t1k,2,4
sd09-b050,jan-p20-t1k,3,9
sd09-b050,jan-p20-t1k,4,15
sd09-b050,jan-p20-t1k,5,22
sd09-b050,jan-p20-t1k,6,30
sd09-b050,jan-p20-t1k,7,41
sd09-b050,jan-p20-t1k,8,52
sd09-b050,jan-p20-t1k,9,65
sd09-b050,jan-p20-t1k,10,80
sd09-b050,jan-p20-t1k,11,96
sd09-b050,jan-p20-t1k,12,114
sd09-b050,jan-p20-t1k,13,134
sd09-b050,jan-p20-t1k,14,156
sd09-b050,jan-p20-t1k,15,180
sd09-b050,jan-p20-t1k,16,205
sd09-b050,jan-p20-t1k,17,233
sd09-b050,jan-p20-t1k,18,263
sd09-b050,jan-p20-t1k,19,298
sd09-b050,jan-p20-t1k,20,335
sd09-b050,jan-p20-t1k,21,374
sd09-b050,jan-p20-t1k,22,417
sd09-b050,jan-p20-t1k,23,463
sd09-b050,jan-p20-t1k,24,514
sd09-b050,jan-p20-t1k,25,568
sd09-b050,jan-p20-t1k,26,625
sd09-b050,jan-p20-t1k,27,690
sd09-b050,jan-p20-t1k,28,760
sd09-b050,jan-p20-t1k,29,835
sd09-b050,jan-p20-t1k,30,914
sd09-b050,jan-p20-t1k,31,994
sd09-b050,jan-p20-t1k,32,1076
sd09-b050,jan-p20-t1k,33,1157
sd09-b050,jan-p20-t1k,34,1237
sd09-b050,jan-p20-t1k,35,1324
sd09-b050,jan-p20-t1k,36,1412
sd09-b050,jan-p20-t1k,37,1503
sd09-b050,jan-p20-t1k,38,1597
sd09-b050,jan-p20-t1k,39,1687
sd09-b050,jan-p20-t1k,40,1780
sd09-b050,jan-p20-t1k,41,1874
sd09-b050,jan-p20-t1k,42,1967
sd09-b050,jan-p20-t1k,43,2067
sd09-b050,jan-p20-t1k,44,2164
sd09-b050,jan-p20-t1k,45,2267
sd09-b050,jan-p20-t1k,46,2363
sd09-b050,jan-p20-t1k,47,2460
sd09-b050,jan-p20-t1k,48,2559
sd09-b050,jan-p20-t1k,49,2656
sd09-b050,jan-p20-t1k,50,2755
sd09-b050,jan-p20-t1k,51,2853
sd09-b050,jan-p20-t1k,52,2952
sd09-b050,jan-p20-t1k,53,3054
sd09-b050,jan-p20-t1k,54,3152
sd09-b050,jan-p20-t1k,55,3253
sd09-b050,jan-p20-t1k,56,3357
sd09-b050,jan-p20-t1k,57,3462
sd09-b050,jan-p20-t1k,58,3566
sd09-b050,jan-p20-t1k,59,3674
sd09-b050,jan-p20-t1k,60,3780
sd09-b050,jan-p20-t1k,61,3884
sd09-b050,jan-p20-t1k,62,3991
sd09-b050,jan-p20-t1k,63,4093
sd09-b050,jan-p20-t1k,64,4200
sd09-b050,jan-p20-t1k,65,4306
sd09-b050,jan-p20-t1k,66,4412
sd09-b050,jan-p20-t1k,67,4522
sd09-b050,jan-p20-t1k,68,4629
sd09-b050,jan-p20-t1k,69,4740
sd09-b050,jan-p20-t1k,70,4849
sd09-b050,jan-p20-t1k,71,4957
sd09-b050,jan-p20-t1k,72,5063
sd09-b050,jan-p20-t1k,73,5175
sd09-b050,jan-p20-t1k,74,5285
sd09-b050,jan-p20-t1k,75,5403
sd09-b050,jan-p20-t1k,76,5520
sd09-b050,jan-p20-t1k,77,5642
sd09-b050,jan-p20-t1k,78,5774
sd09-b050,jan-p20-t1k,79,5903
sd09-b050,jan-p20-t1k,80,6045
sd09-b050,jan-p20-t1k,81,6182
sd09-b050,jan-p20-t1k,82,6325
sd09-b050,jan-p20-t1k,83,6473
sd09-b050,jan-p20-t1k,84,6624
sd09-b050,jan-p20-t1k,85,6780
sd09-b050,jan-p20-t1k,86,6946
sd09-b050,jan-p20-t1k,87,7121
sd09-b050,jan-p20-t1k,88,7297
sd09-b050,jan-p20-t1k,89,7485
sd09-b050,jan-p20-t1k,90,7691
sd09-b050,jan-p20-t1k,91,7904
sd09-b050,jan-p20-t1k,92,8150
sd09-b050,jan-p20-t1k,93,8405
sd09-b050,jan-p20-t1k,94,8699
sd09-b050,jan-p20-t1k,95,9036
sd09-b050,jan-p20-t1k,96,9424
sd09-b050,jan-p20-t1k,97,9908
sd09-b050,jan-p20-t1k,98,10612
sd09-b050,jan-p20-t1k,99,11731
sd09-b050,jan-p01-t10k,1,0
sd09-b050,jan-p01-t10k,2,2
sd09-b050,jan-p01-t10k,3,5
sd09-b050,jan-p01-t10k,4,8
sd09-b050,jan-p01-t10k,5,13
sd09-b050,jan-p01-t10k,6,17
sd09-b050,jan-p01-t10k,7,22
sd09-b050,jan-p01-t10k,8,27
sd09-b050,jan-p01-t10k,9,33
sd09-b050,jan-p01-t10k,10,39
sd09-b050,jan-p01-t10k,11,45
sd09-b050,jan-p01-t10k,12,52
sd09-b050,jan-p01-t10k,13,63
sd09-b050,jan-p01-t10k,14,74
sd09-b050,jan-p01-t10k,15,80
sd09-b050,jan-p01-t10k,16,91
sd09-b050,jan-p01-t10k,17,100
sd09-b050,jan-p01-t10k,18,113
sd09-b050,jan-p01-t10k,19,121
sd09-b050,jan-p01-t10k,20,131
sd09-b050,jan-p01-t10k,21,140
sd09-b050,jan-p01-t10k,22,153
sd09-b050,jan-p01-t10k,23,169
sd09-b050,jan-p01-t10k,24,185
sd09-b050,jan-p01-t10k,25,196
sd09-b050,jan-p01-t10k,26,210
sd09-b050,jan-p01-t10k,27,225
sd09-b050,jan-p01-t10k,28,244
sd09-b050,jan-p01-t10k,29,262
sd09-b050,jan-p01-t10k,30,276
sd09-b050,jan-p01-t10k,31,297
sd09-b050,jan-p01-t10k,32,313
sd09-b050,jan-p01-t10k,33,326
sd09-b050,jan-p01-t10k,34,342
sd09-b050,jan-p01-t10k,35,364
sd09-b050,jan-p01-t10k,36,385
sd09-b050,jan-p01-t10k,37,408
sd09-b050,jan-p01-t10k,38,429
sd09-b050,jan-p01-t10k,39,450
sd09-b050,jan-p01-t10k,40,473
sd09-b050,jan-p01-t10k,41,494
sd09-b050,jan-p01-t10k,42,520
sd09-b050,jan-p01-t10k,43,545
sd09-b050,jan-p01-t10k,44,577
sd09-b050,jan-p01-t10k,45,605
sd09-b050,jan-p01-t10k,46,632
sd09-b050,jan-p01-t10k,47,663
sd09-b050,jan-p01-t10k,48,701
sd09-b050,jan-p01-t10k,49,725
sd09-b050,jan-p01-t10k,50,752
sd09-b050,jan-p01-t10k,51,790
sd09-b050,jan-p01-t10k,52,824
sd09-b050,jan-p01-t10k,53,856
sd09-b050,jan-p01-t10k,54,886
sd09-b050,jan-p01-t10k,55,920
sd09-b050,jan-p01-t10k,56,954
sd09-b050,jan-p01-t10k,57,991
sd09-b050,jan-p01-t10k,58,1033
sd09-b050,jan-p01-t10k,59,1069
sd09-b050,jan-p01-t10k,60,1098
sd09-b050,jan-p01-t10k,61,1136
sd09-b050,jan-p01-t10k,62,1178
sd09-b050,jan-p01-t10k,63,1221
sd09-b050,jan-p01-t10k,64,1269
sd09-b050,jan-p01-t10k,65,1320
sd09-b050,jan-p01-t10k,66,1362
sd09-b050,jan-p01-t10k,67,1410
sd09-b050,jan-p01-t10k,68,1448
sd09-b050,jan-p01-t10k,69,1497
sd09-b050,jan-p01-t10k,70,1549
sd09-b050,jan-p01-t10k,71,1604
sd09-b050,jan-p01-t10k,72,1658
sd09-b050,jan-p01-t10k,73,1709
sd09-b050,jan-p01-t10k,74,1766
sd09-b050,jan-p01-t10k,75,1826
sd09-b050,jan-p01-t10k,76,1893
sd09-b050,jan-p01-t10k,77,1961
sd09-b050,jan-p01-t10k,78,2042
sd09-b050,jan-p01-t10k,79,2103
sd09-b050,jan-p01-t10k,80,2165
sd09-b050,jan-p01-t10k,81,2216
sd09-b050,jan-p01-t10k,82,2277
sd09-b050,jan-p01-t10k,83,2339
sd09-b050,jan-p01-t10k,84,2413
sd09-b050,jan-p01-t10k,85,2501
sd09-b050,jan-p01-t10k,86,2585
sd09-b050,jan-p01-t10k,87,2657
sd09-b050,jan-p01-t10k,88,2741
sd09-b050,jan-p01-t10k,89,2834
sd09-b050,jan-p01-t10k,90,2912
sd09-b050,jan-p01-t10k,91,3005
sd09-b050,jan-p01-t10k,92,3150
sd09-b050,jan-p01-t10k,93,3273
sd09-b050,jan-p01-t10k,94,3415
sd09-b050,jan-p01-t10k,95,3572
sd09-b050,jan-p01-t10k,96,3717
sd09-b050,jan-p01-t10k,97,3892
sd09-b050,jan-p01-t10k,98,4120
sd09-b050,jan-p01-t10k,99,4405
sd09-b050,jan-p10-t10k,1,1
sd09-b050,jan-p10-t10k,2,4
sd09-b050,jan-p10-t10k,3,8
sd09-b050,jan-p10-t10k,4,12
sd09-b050,jan-p10-t10k,5,18
sd09-b050,jan-p10-t10k,6,24
sd09-b050,jan-p10-t10k,7,32
sd09-b050,jan-p10-t10k,8,41
sd09-b050,jan-p10-t10k,9,50
sd09-b050,jan-p10-t10k,10,61
sd09-b050,jan-p10-t10k,11,72
sd09-b050,jan-p10-t10k,12,85
sd09-b050,jan-p10-t10k,13,98
sd09-b050,jan-p10-t10k,14,111
sd09-b050,jan-p10-t10k,15,126
sd09-b050,jan-p10-t10k,16,143
sd09-b050,jan-p10-t10k,17,161
sd09-b050,jan-p10-t10k,18,177
sd09-b050,jan-p10-t10k,19,198
sd09-b050,jan-p10-t10k,20,217
sd09-b050,jan-p10-t10k,21,239
sd09-b050,jan-p10-t10k,22,262
sd09-b050,jan-p10-t10k,23,286
sd09-b050,jan-p10-t10k,24,310
sd09-b050,jan-p10-t10k,25,335
sd09-b050,jan-p10-t10k,26,362
sd09-b050,jan-p10-t10k,27,390
sd09-b050,jan-p10-t10k,28,419
sd09-b050,jan-p10-t10k,29,448
sd09-b050,jan-p10-t10k,30,480
sd09-b050,jan-p10-t10k,31,514
sd09-b050,jan-p10-t10k,32,548
sd09-b050,jan-p10-t10k,33,584
sd09-b050,jan-p10-t10k,34,621
sd09-b050,jan-p10-t10k,35,661
sd09-b050,jan-p10-t10k,36,701
sd09-b050,jan-p10-t10k,37,739
sd09-b050,jan-p10-t10k,38,781
sd09-b050,jan-p10-t10k,39,825
sd09-b050,jan-p10-t10k,40,868
sd09-b050,jan-p10-t10k,41,915
sd09-b050,jan-p10-t10k,42,960
sd09-b050,jan-p10-t10k,43,1008
sd09-b050,jan-p10-t10k,44,1058
sd09-b050,jan-p10-t10k,45,1107
sd09-b050,jan-p10-t10k,46,1160
sd09-b050,jan-p10-t10k,47,1216
sd09-b050,jan-p10-t10k,48,1273
sd09-b050,jan-p10-t10k,49,1337
sd09-b050,jan-p10-t10k,50,1396
sd09-b050,jan-p10-t10k,51,1452
sd09-b050,jan-p10-t10k,52,1514
sd09-b050,jan-p10-t10k,53,1578
sd09-b050,jan-p10-t10k,54,1645
sd09-b050,jan-p10-t10k,55,1709
sd09-b050,jan-p10-t10k,56,1779
sd09-b050,jan-p10-t10k,57,1849
sd09-b050,jan-p10-t10k,58,1923
sd09-b050,jan-p10-t10k,59,2002
sd09-b050,jan-p10-t10k,60,2081
sd09-b050,jan-p10-t10k,61,2159
sd09-b050,jan-p10-t10k,62,2238
sd09-b050,jan-p10-t10k,63,2315
sd09-b050,jan-p10-t10k,64,2401
sd09-b050,jan-p10-t10k,65,2490
sd09-b050,jan-p10-t10k,66,2573
sd09-b050,jan-p10-t10k,67,2665
sd09-b050,jan-p10-t10k,68,2757
sd09-b050,jan-p10-t10k,69,2851
sd09-b050,jan-p10-t10k,70,2953
sd09-b050,jan-p10-t10k,71,3054
sd09-b050,jan-p10-t10k,72,3159
sd09-b050,jan-p10-t10k,73,3273
sd09-b050,jan-p10-t10k,74,3392
sd09-b050,jan-p10-t10k,75,3512
sd09-b050,jan-p10-t10k,76,3631
sd09-b050,jan-p10-t10k,77,3760
sd09-b050,jan-p10-t10k,78,3894
sd09-b050,jan-p10-t10k,79,4027
sd09-b050,jan-p10-t10k,80,4170
sd09-b050,jan-p10-t10k,81,4317
sd09-b050,jan-p10-t10k,82,4467
sd09-b050,jan-p10-t10k,83,4624
sd09-b050,jan-p10-t10k,84,4792
sd09-b050,jan-p10-t10k,85,4979
sd09-b050,jan-p10-t10k,86,5191
sd09-b050,jan-p10-t10k,87,5408
sd09-b050,jan-p10-t10k,88,5633
sd09-b050,jan-p10-t10k,89,5860
sd09-b050,jan-p10-t10k,90,6099
sd09-b050,jan-p10-t10k,91,6355
sd09-b050,jan-p10-t10k,92,6627
sd09-b050,jan-p10-t10k,93,6913
sd09-b050,jan-p10-t10k,94,7225
sd09-b050,jan-p10-t10k,95,7606
sd09-b050,jan-p10-t10k,96,8078
sd09-b050,jan-p10-t10k,97,8732
sd09-b050,jan-p10-t10k,98,9575
sd09-b050,jan-p10-t10k,99,10872
sd09-b050,jan-p20-t10k,1,1
sd09-b050,jan-p20-t10k,2,5
sd09-b050,jan-p20-t10k,3,9
sd09-b050,jan-p20-t10k,4,15
sd09-b050,jan-p20-t10k,5,22
sd09-b050,jan-p20-t10k,6,31
sd09-b050,jan-p20-t10k,7,41
sd09-b050,jan-p20-t10k,8,52
sd09-b050,jan-p20-t10k,9,65
sd09-b050,jan-p20-t10k,10,79
sd09-b050,jan-p20-t10k,11,94
sd09-b050,jan-p20-t10k,12,111
sd09-b050,jan-p20-t10k,13,128
sd09-b050,jan-p20-t10k,14,148
sd09-b050,jan-p20-t10k,15,169
sd09-b050,jan-p20-t10k,16,190
sd09-b050,jan-p20-t10k,17,213
sd09-b050,jan-p20-t10k,18,238
sd09-b050,jan-p20-t10k,19,263
sd09-b050,jan-p20-t10k,20,291
sd09-b050,jan-p20-t10k,21,321
sd09-b050,jan-p20-t10k,22,352
sd09-b050,jan-p20-t10k,23,385
sd09-b050,jan-p20-t10k,24,417
sd09-b050,jan-p20-t10k,25,452
sd09-b050,jan-p20-t10k,26,489
sd09-b050,jan-p20-t10k,27,527
sd09-b050,jan-p20-t10k,28,569
sd09-b050,jan-p20-t10k,29,609
sd09-b050,jan-p20-t10k,30,653
sd09-b050,jan-p20-t10k,31,696
sd09-b050,jan-p20-t10k,32,742
sd09-b050,jan-p20-t10k,33,791
sd09-b050,jan-p20-t10k,34,842
sd09-b050,jan-p20-t10k,35,893
sd09-b050,jan-p20-t10k,36,947
sd09-b050,jan-p20-t10k,37,1000
sd09-b050,jan-p20-t10k,38,1058
sd09-b050,jan-p20-t10k,39,1115
sd09-b050,jan-p20-t10k,40,1175
sd09-b050,jan-p20-t10k,41,1237
sd09-b050,jan-p20-t10k,42,1303
sd09-b050,jan-p20-t10k,43,1371
sd09-b050,jan-p20-t10k,44,1438
sd09-b050,jan-p20-t10k,45,1510
sd09-b050,jan-p20-t10k,46,1580
sd09-b050,jan-p20-t10k,47,1653
sd09-b050,jan-p20-t10k,48,1726
sd09-b050,jan-p20-t10k,49,1801
sd09-b050,jan-p20-t10k,50,1879
sd09-b050,jan-p20-t10k,51,1959
sd09-b050,jan-p20-t10k,52,2042
sd09-b050,jan-p20-t10k,53,2123
sd09-b050,jan-p20-t10k,54,2211
sd09-b050,jan-p20-t10k,55,2299
sd09-b050,jan-p20-t10k,56,2390
sd09-b050,jan-p20-t10k,57,2480
sd09-b050,jan-p20-t10k,58,2570
sd09-b050,jan-p20-t10k,59,2666
sd09-b050,jan-p20-t10k,60,2765
sd09-b050,jan-p20-t10k,61,2867
sd09-b050,jan-p20-t10k,62,2966
sd09-b050,jan-p20-t10k,63,3067
sd09-b050,jan-p20-t10k,64,3175
sd09-b050,jan-p20-t10k,65,3290
sd09-b050,jan-p20-t10k,66,3397
sd09-b050,jan-p20-t10k,67,3511
sd09-b050,jan-p20-t10k,68,3629
sd09-b050,jan-p20-t10k,69,3743
sd09-b050,jan-p20-t10k,70,3868
sd09-b050,jan-p20-t10k,71,3994
sd09-b050,jan-p20-t10k,72,4125
sd09-b050,jan-p20-t10k,73,4255
sd09-b050,jan-p20-t10k,74,4395
sd09-b050,jan-p20-t10k,75,4529
sd09-b050,jan-p20-t10k,76,4670
sd09-b050,jan-p20-t10k,77,4813
sd09-b050,jan-p20-t10k,78,4958
sd09-b050,jan-p20-t10k,79,5112
sd09-b050,jan-p20-t10k,80,5268
sd09-b050,jan-p20-t10k,81,5429
sd09-b050,jan-p20-t10k,82,5591
sd09-b050,jan-p20-t10k,83,5757
sd09-b050,jan-p20-t10k,84,5930
sd09-b050,jan-p20-t10k,85,6105
sd09-b050,jan-p20-t10k,86,6291
sd09-b050,jan-p20-t10k,87,6480
sd09-b050,jan-p20-t10k,88,6674
sd09-b050,jan-p20-t10k,89,6881
sd09-b050,jan-p20-t10k,90,7104
sd09-b050,jan-p20-t10k,91,7350
sd09-b050,jan-p20-t10k,92,7603
sd09-b050,jan-p20-t10k,93,7896
sd09-b050,jan-p20-t10k,94,8232
sd09-b050,jan-p20-t10k,95,8634
sd09-b050,jan-p20-t10k,96,9068
sd09-b050,jan-p20-t10k,97,9586
sd09-b050,jan-p20-t10k,98,10335
sd09-b050,jan-p20-t10k,99,11502
sd10-b025,completa,1,22
sd10-b025,completa,2,55
sd10-b025,completa,3,94
sd10-b025,completa,4,136
sd10-b025,completa,5,184
sd10-b025,completa,6,234
sd10-b025,completa,7,286
sd10-b025,completa,8,343
sd10-b025,completa,9,401
sd10-b025,completa,10,461
sd10-b025,completa,11,523
sd10-b025,completa,12,586
sd10-b025,completa,13,651
sd10-b025,completa,14,718
sd10-b025,completa,15,788
sd10-b025,completa,16,858
sd10-b025,completa,17,930
sd10-b025,completa,18,1004
sd10-b025,completa,19,1079
sd10-b025,completa,20,1156
sd10-b025,completa,21,1235
sd10-b025,completa,22,1313
sd10-b025,completa,23,1393
sd10-b025,completa,24,1475
sd10-b025,completa,25,1557
sd10-b025,completa,26,1641
sd10-b025,completa,27,1726
sd10-b025,completa,28,1812
sd10-b025,completa,29,1898
sd10-b025,completa,30,1986
sd10-b025,completa,31,2075
sd10-b025,completa,32,2165
sd10-b025,completa,33,2255
sd10-b025,completa,34,2347
sd10-b025,completa,35,2440
sd10-b025,completa,36,2534
sd10-b025,completa,37,2630
sd10-b025,completa,38,2726
sd10-b025,completa,39,2823
sd10-b025,completa,40,2920
sd10-b025,completa,41,3019
sd10-b025,completa,42,3116
sd10-b025,completa,43,3215
sd10-b025,completa,44,3318
sd10-b025,completa,45,3420
sd10-b025,completa,46,3522
sd10-b025,completa,47,3625
sd10-b025,completa,48,3729
sd10-b025,completa,49,3832
sd10-b025,completa,50,3937
sd10-b025,completa,51,4043
sd10-b025,completa,52,4150
sd10-b025,completa,53,4259
sd10-b025,completa,54,4367
sd10-b025,completa,55,4475
sd10-b025,completa,56,4584
sd10-b025,completa,57,4694
sd10-b025,completa,58,4803
sd10-b025,completa,59,4912
sd10-b025,completa,60,5026
sd10-b025,completa,61,5139
sd10-b025,completa,62,5254
sd10-b025,completa,63,5369
sd10-b025,completa,64,5484
sd10-b025,completa,65,5597
sd10-b025,completa,66,5711
sd10-b025,completa,67,5829
sd10-b025,completa,68,5944
sd10-b025,completa,69,6062
sd10-b025,completa,70,6180
sd10-b025,completa,71,6298
sd10-b025,completa,72,6419
sd10-b025,completa,73,6541
sd10-b025,completa,74,6663
sd10-b025,completa,75,6785
sd10-b025,completa,76,6905
sd10-b025,completa,77,7025
sd10-b025,completa,78,7147
sd10-b025,completa,79,7271
sd10-b025,completa,80,7399
sd10-b025,completa,81,7524
sd10-b025,completa,82,7650
sd10-b025,completa,83,7775
sd10-b025,completa,84,7901
sd10-b025,completa,85,8027
sd10-b025,completa,86,8153
sd10-b025,completa,87,8282
sd10-b025,completa,88,8410
sd10-b025,completa,89,8539
sd10-b025,completa,90,8668
sd10-b025,completa,91,8799
sd10-b025,completa,92,8931
sd10-b025,completa,93,9063
sd10-b025,completa,94,9192
sd10-b025,completa,95,9322
sd10-b025,completa,96,9455
sd10-b025,completa,97,9592
sd10-b025,completa,98,9729
sd10-b025,completa,99,9864
sd10-b025,sis-p01,1,12
sd10-b025,sis-p01,2,19
sd10-b025,sis-p01,3,31
sd10-b025,sis-p01,4,44
sd10-b025,sis-p01,5,58
sd10-b025,sis-p01,6,76
sd10-b025,sis-p01,7,84
sd10-b025,sis-p01,8,96
sd10-b025,sis-p01,9,115
sd10-b025,sis-p01,10,139
sd10-b025,sis-p01,11,150
sd10-b025,sis-p01,12,161
sd10-b025,sis-p01,13,173
sd10-b025,sis-p01,14,187
sd10-b025,sis-p01,15,207
sd10-b025,sis-p01,16,222
sd10-b025,sis-p01,17,238
sd10-b025,sis-p01,18,254
sd10-b025,sis-p01,19,266
sd10-b025,sis-p01,20,289
sd10-b025,sis-p01,21,305
sd10-b025,sis-p01,22,319
sd10-b025,sis-p01,23,331
sd10-b025,sis-p01,24,344
sd10-b025,sis-p01,25,360
sd10-b025,sis-p01,26,375
sd10-b025,sis-p01,27,393
sd10-b025,sis-p01,28,410
sd10-b025,sis-p01,29,427
sd10-b025,sis-p01,30,444
sd10-b025,sis-p01,31,458
sd10-b025,sis-p01,32,474
sd10-b025,sis-p01,33,492
sd10-b025,sis-p01,34,521
sd10-b025,sis-p01,35,531
sd10-b025,sis-p01,36,543
sd10-b025,sis-p01,37,559
sd10-b025,sis-p01,38,580
sd10-b025,sis-p01,39,593
sd10-b025,sis-p01,40,611
sd10-b025,sis-p01,41,645
sd10-b025,sis-p01,42,665
sd10-b025,sis-p01,43,678
sd10-b025,sis-p01,44,702
sd10-b025,sis-p01,45,720
sd10-b025,sis-p01,46,737
sd10-b025,sis-p01,47,750
sd10-b025,sis-p01,48,776
sd10-b025,sis-p01,49,792
sd10-b025,sis-p01,50,808
sd10-b025,sis-p01,51,826
sd10-b025,sis-p01,52,844
sd10-b025,sis-p01,53,860
sd10-b025,sis-p01,54,889
sd10-b025,sis-p01,55,914
sd10-b025,sis-p01,56,942
sd10-b025,sis-p01,57,973
sd10-b025,sis-p01,58,1007
sd10-b025,sis-p01,59,1040
sd10-b025,sis-p01,60,1086
sd10-b025,sis-p01,61,1119
sd10-b025,sis-p01,62,1150
sd10-b025,sis-p01,63,1173
sd10-b025,sis-p01,64,1201
sd10-b025,sis-p01,65,1227
sd10-b025,sis-p01,66,1247
sd10-b025,sis-p01,67,1276
sd10-b025,sis-p01,68,1322
sd10-b025,sis-p01,69,1342
sd10-b025,sis-p01,70,1372
sd10-b025,sis-p01,71,1413
sd10-b025,sis-p01,72,1445
sd10-b025,sis-p01,73,1468
sd10-b025,sis-p01,74,1497
sd10-b025,sis-p01,75,1529
sd10-b025,sis-p01,76,1566
sd10-b025,sis-p01,77,1601
sd10-b025,sis-p01,78,1630
sd10-b025,sis-p01,79,1695
sd10-b025,sis-p01,80,1738
sd10-b025,sis-p01,81,1803
sd10-b025,sis-p01,82,1846
sd10-b025,sis-p01,83,1891
sd10-b025,sis-p01,84,1968
sd10-b025,sis-p01,85,2017
sd10-b025,sis-p01,86,2091
sd10-b025,sis-p01,87,2194
sd10-b025,sis-p01,88,2243
sd10-b025,sis-p01,89,2331
sd10-b025,sis-p01,90,2443
sd10-b025,sis-p01,91,2513
sd10-b025,sis-p01,92,2621
sd10-b025,sis-p01,93,2737
sd10-b025,sis-p01,94,2885
sd10-b025,sis-p01,95,2985
sd10-b025,sis-p01,96,3188
sd10-b025,sis-p01,97,3366
sd10-b025,sis-p01,98,3709
sd10-b025,sis-p01,99,4315
sd10-b025,sis-p10,1,25
sd10-b025,sis-p10,2,64
sd10-b025,sis-p10,3,108
sd10-b025,sis-p10,4,157
sd10-b025,sis-p10,5,206
sd10-b025,sis-p10,6,259
sd10-b025,sis-p10,7,316
sd10-b025,sis-p10,8,371
sd10-b025,sis-p10,9,432
sd10-b025,sis-p10,10,492
sd10-b025,sis-p10,11,554
sd10-b025,sis-p10,12,619
sd10-b025,sis-p10,13,683
sd10-b025,sis-p10,14,746
sd10-b025,sis-p10,15,811
sd10-b025,sis-p10,16,873
sd10-b025,sis-p10,17,937
sd10-b025,sis-p10,18,1005
sd10-b025,sis-p10,19,1066
sd10-b025,sis-p10,20,1133
sd10-b025,sis-p10,21,1197
sd10-b025,sis-p10,22,1264
sd10-b025,sis-p10,23,1331
sd10-b025,sis-p10,24,1400
sd10-b025,sis-p10,25,1465
sd10-b025,sis-p10,26,1530
sd10-b025,sis-p10,27,1593
sd10-b025,sis-p10,28,1662
sd10-b025,sis-p10,29,1731
sd10-b025,sis-p10,30,1803
sd10-b025,sis-p10,31,1870
sd10-b025,sis-p10,32,1938
sd10-b025,sis-p10,33,2009
sd10-b025,sis-p10,34,2081
sd10-b025,sis-p10,35,2150
sd10-b025,sis-p10,36,2222
sd10-b025,sis-p10,37,2289
sd10-b025,sis-p10,38,2359
sd10-b025,sis-p10,39,2430
sd10-b025,sis-p10,40,2502
sd10-b025,sis-p10,41,2573
sd10-b025,sis-p10,42,2643
sd10-b025,sis-p10,43,2713
sd10-b025,sis-p10,44,2786
sd10-b025,sis-p10,45,2855
sd10-b025,sis-p10,46,2923
sd10-b025,sis-p10,47,2995
sd10-b025,sis-p10,48,3071
sd10-b025,sis-p10,49,3141
sd10-b025,sis-p10,50,3211
sd10-b025,sis-p10,51,3292
sd10-b025,sis-p10,52,3380
sd10-b025,sis-p10,53,3462
sd10-b025,sis-p10,54,3541
sd10-b025,sis-p10,55,3619
sd10-b025,sis-p10,56,3702
sd10-b025,sis-p10,57,3789
sd10-b025,sis-p10,58,3873
sd10-b025,sis-p10,59,3964
sd10-b025,sis-p10,60,4049
sd10-b025,sis-p10,61,4139
sd10-b025,sis-p10,62,4227
sd10-b025,sis-p10,63,4325
sd10-b025,sis-p10,64,4419
sd10-b025,sis-p10,65,4515
sd10-b025,sis-p10,66,4605
sd10-b025,sis-p10,67,4702
sd10-b025,sis-p10,68,4798
sd10-b025,sis-p10,69,4897
sd10-b025,sis-p10,70,5000
sd10-b025,sis-p10,71,5103
sd10-b025,sis-p10,72,5205
sd10-b025,sis-p10,73,5313
sd10-b025,sis-p10,74,5425
sd10-b025,sis-p10,75,5546
sd10-b025,sis-p10,76,5669
sd10-b025,sis-p10,77,5786
sd10-b025,sis-p10,78,5913
sd10-b025,sis-p10,79,6036
sd10-b025,sis-p10,80,6171
sd10-b025,sis-p10,81,6318
sd10-b025,sis-p10,82,6458
sd10-b025,sis-p10,83,6609
sd10-b025,sis-p10,84,6766
sd10-b025,sis-p10,85,6925
sd10-b025,sis-p10,86,7094
sd10-b025,sis-p10,87,7283
sd10-b025,sis-p10,88,7476
sd10-b025,sis-p10,89,7694
sd10-b025,sis-p10,90,7933
sd10-b025,sis-p10,91,8173
sd10-b025,sis-p10,92,8436
sd10-b025,sis-p10,93,8714
sd10-b025,sis-p10,94,9033
sd10-b025,sis-p10,95,9406
sd10-b025,sis-p10,96,9878
sd10-b025,sis-p10,97,10442
sd10-b025,sis-p10,98,11333
sd10-b025,sis-p10,99,12621
sd10-b025,sis-p20,1,28
sd10-b025,sis-p20,2,69
sd10-b025,sis-p20,3,118
sd10-b025,sis-p20,4,168
sd10-b025,sis-p20,5,227
sd10-b025,sis-p20,6,285
sd10-b025,sis-p20,7,344
sd10-b025,sis-p20,8,409
sd10-b025,sis-p20,9,475
sd10-b025,sis-p20,10,543
sd10-b025,sis-p20,11,612
sd10-b025,sis-p20,12,682
sd10-b025,sis-p20,13,754
sd10-b025,sis-p20,14,830
sd10-b025,sis-p20,15,905
sd10-b025,sis-p20,16,978
sd10-b025,sis-p20,17,1056
sd10-b025,sis-p20,18,1134
sd10-b025,sis-p20,19,1213
sd10-b025,sis-p20,20,1292
sd10-b025,sis-p20,21,1374
sd10-b025,sis-p20,22,1457
sd10-b025,sis-p20,23,1537
sd10-b025,sis-p20,24,1621
sd10-b025,sis-p20,25,1700
sd10-b025,sis-p20,26,1786
sd10-b025,sis-p20,27,1870
sd10-b025,sis-p20,28,1948
sd10-b025,sis-p20,29,2030
sd10-b025,sis-p20,30,2116
sd10-b025,sis-p20,31,2199
sd10-b025,sis-p20,32,2282
sd10-b025,sis-p20,33,2366
sd10-b025,sis-p20,34,2451
sd10-b025,sis-p20,35,2535
sd10-b025,sis-p20,36,2618
sd10-b025,sis-p20,37,2704
sd10-b025,sis-p20,38,2790
sd10-b025,sis-p20,39,2873
sd10-b025,sis-p20,40,2958
sd10-b025,sis-p20,41,3047
sd10-b025,sis-p20,42,3134
sd10-b025,sis-p20,43,3226
sd10-b025,sis-p20,44,3311
sd10-b025,sis-p20,45,3397
sd10-b025,sis-p20,46,3484
sd10-b025,sis-p20,47,3569
sd10-b025,sis-p20,48,3656
sd10-b025,sis-p20,49,3744
sd10-b025,sis-p20,50,3830
sd10-b025,sis-p20,51,3921
sd10-b025,sis-p20,52,4009
sd10-b025,sis-p20,53,4095
sd10-b025,sis-p20,54,4183
sd10-b025,sis-p20,55,4271
sd10-b025,sis-p20,56,4362
sd10-b025,sis-p20,57,4451
sd10-b025,sis-p20,58,4539
sd10-b025,sis-p20,59,4627
sd10-b025,sis-p20,60,4716
sd10-b025,sis-p20,61,4802
sd10-b025,sis-p20,62,4888
sd10-b025,sis-p20,63,4974
sd10-b025,sis-p20,64,5064
sd10-b025,sis-p20,65,5157
sd10-b025,sis-p20,66,5253
sd10-b025,sis-p20,67,5349
sd10-b025,sis-p20,68,5450
sd10-b025,sis-p20,69,5556
sd10-b025,sis-p20,70,5666
sd10-b025,sis-p20,71,5773
sd10-b025,sis-p20,72,5878
sd10-b025,sis-p20,73,5994
sd10-b025,sis-p20,74,6107
sd10-b025,sis-p20,75,6215
sd10-b025,sis-p20,76,6332
sd10-b025,sis-p20,77,6453
sd10-b025,sis-p20,78,6573
sd10-b025,sis-p20,79,6701
sd10-b025,sis-p20,80,6831
sd10-b025,sis-p20,81,6962
sd10-b025,sis-p20,82,7088
sd10-b025,sis-p20,83,7227
sd10-b025,sis-p20,84,7375
sd10-b025,sis-p20,85,7525
sd10-b025,sis-p20,86,7681
sd10-b025,sis-p20,87,7850
sd10-b025,sis-p20,88,8021
sd10-b025,sis-p20,89,8218
sd10-b025,sis-p20,90,8423
sd10-b025,sis-p20,91,8631
sd10-b025,sis-p20,92,8852
sd10-b025,sis-p20,93,9097
sd10-b025,sis-p20,94,9377
sd10-b025,sis-p20,95,9693
sd10-b025,sis-p20,96,10066
sd10-b025,sis-p20,97,10534
sd10-b025,sis-p20,98,11128
sd10-b025,sis-p20,99,12128
sd10-b025,jan-p01-t1k,1,2
sd10-b025,jan-p01-t1k,2,5
sd10-b025,jan-p01-t1k,3,8
sd10-b025,jan-p01-t1k,4,13
sd10-b025,jan-p01-t1k,5,18
sd10-b025,jan-p01-t1k,6,21
sd10-b025,jan-p01-t1k,7,26
sd10-b025,jan-p01-t1k,8,34
sd10-b025,jan-p01-t1k,9,44
sd10-b025,jan-p01-t1k,10,52
sd10-b025,jan-p01-t1k,11,58
sd10-b025,jan-p01-t1k,12,65
sd10-b025,jan-p01-t1k,13,71
sd10-b025,jan-p01-t1k,14,79
sd10-b025,jan-p01-t1k,15,90
sd10-b025,jan-p01-t1k,16,95
sd10-b025,jan-p01-t1k,17,104
sd10-b025,jan-p01-t1k,18,114
sd10-b025,jan-p01-t1k,19,122
sd10-b025,jan-p01-t1k,20,131
sd10-b025,jan-p01-t1k,21,138
sd10-b025,jan-p01-t1k,22,150
sd10-b025,jan-p01-t1k,23,162
sd10-b025,jan-p01-t1k,24,173
sd10-b025,jan-p01-t1k,25,184
sd10-b025,jan-p01-t1k,26,195
sd10-b025,jan-p01-t1k,27,204
sd10-b025,jan-p01-t1k,28,217
sd10-b025,jan-p01-t1k,29,227
sd10-b025,jan-p01-t1k,30,238
sd10-b025,jan-p01-t1k,31,246
sd10-b025,jan-p01-t1k,32,258
sd10-b025,jan-p01-t1k,33,267
sd10-b025,jan-p01-t1k,34,277
sd10-b025,jan-p01-t1k,35,288
sd10-b025,jan-p01-t1k,36,299
sd10-b025,jan-p01-t1k,37,320
sd10-b025,jan-p01-t1k,38,330
sd10-b025,jan-p01-t1k,39,347
sd10-b025,jan-p01-t1k,40,370
sd10-b025,jan-p01-t1k,41,392
sd10-b025,jan-p01-t1k,42,408
sd10-b025,jan-p01-t1k,43,423
sd10-b025,jan-p01-t1k,44,441
sd10-b025,jan-p01-t1k,45,458
sd10-b025,jan-p01-t1k,46,472
sd10-b025,jan-p01-t1k,47,485
sd10-b025,jan-p01-t1k,48,506
sd10-b025,jan-p01-t1k,49,523
sd10-b025,jan-p01-t1k,50,541
sd10-b025,jan-p01-t1k,51,567
sd10-b025,jan-p01-t1k,52,580
sd10-b025,jan-p01-t1k,53,605
sd10-b025,jan-p01-t1k,54,624
sd10-b025,jan-p01-t1k,55,642
sd10-b025,jan-p01-t1k,56,668
sd10-b025,jan-p01-t1k,57,685
sd10-b025,jan-p01-t1k,58,703
sd10-b025,jan-p01-t1k,59,727
sd10-b025,jan-p01-t1k,60,757
sd10-b025,jan-p01-t1k,61,781
sd10-b025,jan-p01-t1k,62,809
sd10-b025,jan-p01-t1k,63,843
sd10-b025,jan-p01-t1k,64,876
sd10-b025,jan-p01-t1k,65,899
sd10-b025,jan-p01-t1k,66,944
sd10-b025,jan-p01-t1k,67,1000
sd10-b025,jan-p01-t1k,68,1037
sd10-b025,jan-p01-t1k,69,1074
sd10-b025,jan-p01-t1k,70,1106
sd10-b025,jan-p01-t1k,71,1140
sd10-b025,jan-p01-t1k,72,1173
sd10-b025,jan-p01-t1k,73,1207
sd10-b025,jan-p01-t1k,74,1256
sd10-b025,jan-p01-t1k,75,1292
sd10-b025,jan-p01-t1k,76,1338
sd10-b025,jan-p01-t1k,77,1391
sd10-b025,jan-p01-t1k,78,1418
sd10-b025,jan-p01-t1k,79,1455
sd10-b025,jan-p01-t1k,80,1499
sd10-b025,jan-p01-t1k,81,1542
sd10-b025,jan-p01-t1k,82,1599
sd10-b025,jan-p01-t1k,83,1685
sd10-b025,jan-p01-t1k,84,1753
sd10-b025,jan-p01-t1k,85,1821
sd10-b025,jan-p01-t1k,86,1893
sd10-b025,jan-p01-t1k,87,1972
sd10-b025,jan-p01-t1k,88,2065
sd10-b025,jan-p01-t1k,89,2128
sd10-b025,jan-p01-t1k,90,2199
sd10-b025,jan-p01-t1k,91,2300
sd10-b025,jan-p01-t1k,92,2376
sd10-b025,jan-p01-t1k,93,2494
sd10-b025,jan-p01-t1k,94,2651
sd10-b025,jan-p01-t1k,95,2835
sd10-b025,jan-p01-t1k,96,2942
sd10-b025,jan-p01-t1k,97,3347
sd10-b025,jan-p01-t1k,98,3651
sd10-b025,jan-p01-t1k,99,4232
sd10-b025,jan-p10-t1k,1,13
sd10-b025,jan-p10-t1k,2,30
sd10-b025,jan-p10-t1k,3,55
sd10-b025,jan-p10-t1k,4,79
sd10-b025,jan-p10-t1k,5,108
sd10-b025,jan-p10-t1k,6,138
sd10-b025,jan-p10-t1k,7,172
sd10-b025,jan-p10-t1k,8,205
sd10-b025,jan-p10-t1k,9,241
sd10-b025,jan-p10-t1k,10,281
sd10-b025,jan-p10-t1k,11,325
sd10-b025,jan-p10-t1k,12,370
sd10-b025,jan-p10-t1k,13,419
sd10-b025,jan-p10-t1k,14,467
sd10-b025,jan-p10-t1k,15,519
sd10-b025,jan-p10-t1k,16,571
sd10-b025,jan-p10-t1k,17,627
sd10-b025,jan-p10-t1k,18,681
sd10-b025,jan-p10-t1k,19,741
sd10-b025,jan-p10-t1k,20,803
sd10-b025,jan-p10-t1k,21,871
sd10-b025,jan-p10-t1k,22,941
sd10-b025,jan-p10-t1k,23,1011
sd10-b025,jan-p10-t1k,24,1082
sd10-b025,jan-p10-t1k,25,1152
sd10-b025,jan-p10-t1k,26,1223
sd10-b025,jan-p10-t1k,27,1292
sd10-b025,jan-p10-t1k,28,1359
sd10-b025,jan-p10-t1k,29,1429
sd10-b025,jan-p10-t1k,30,1504
sd10-b025,jan-p10-t1k,31,1577
sd10-b025,jan-p10-t1k,32,1646
sd10-b025,jan-p10-t1k,33,1715
sd10-b025,jan-p10-t1k,34,1788
sd10-b025,jan-p10-t1k,35,1856
sd10-b025,jan-p10-t1k,36,1928
sd10-b025,jan-p10-t1k,37,2001
sd10-b025,jan-p10-t1k,38,2070
sd10-b025,jan-p10-t1k,39,2136
sd10-b025,jan-p10-t1k,40,2210
sd10-b025,jan-p10-t1k,41,2285
sd10-b025,jan-p10-t1k,42,2358
sd10-b025,jan-p10-t1k,43,2429
sd10-b025,jan-p10-t1k,44,2497
sd10-b025,jan-p10-t1k,45,2568
sd10-b025,jan-p10-t1k,46,2644
sd10-b025,jan-p10-t1k,47,2723
sd10-b025,jan-p10-t1k,48,2790
sd10-b025,jan-p10-t1k,49,2871
sd10-b025,jan-p10-t1k,50,2952
sd10-b025,jan-p10-t1k,51,3031
sd10-b025,jan-p10-t1k,52,3109
sd10-b025,jan-p10-t1k,53,3187
sd10-b025,jan-p10-t1k,54,3266
sd10-b025,jan-p10-t1k,55,3349
sd10-b025,jan-p10-t1k,56,3430
sd10-b025,jan-p10-t1k,57,3516
sd10-b025,jan-p10-t1k,58,3604
sd10-b025,jan-p10-t1k,59,3687
sd10-b025,jan-p10-t1k,60,3780
sd10-b025,jan-p10-t1k,61,3873
sd10-b025,jan-p10-t1k,62,3963
sd10-b025,jan-p10-t1k,63,4065
sd10-b025,jan-p10-t1k,64,4161
sd10-b025,jan-p10-t1k,65,4256
sd10-b025,jan-p10-t1k,66,4347
sd10-b025,jan-p10-t1k,67,4440
sd10-b025,jan-p10-t1k,68,4542
sd10-b025,jan-p10-t1k,69,4638
sd10-b025,jan-p10-t1k,70,4744
sd10-b025,jan-p10-t1k,71,4843
sd10-b025,jan-p10-t1k,72,4951
sd10-b025,jan-p10-t1k,73,5060
sd10-b025,jan-p10-t1k,74,5178
sd10-b025,jan-p10-t1k,75,5300
sd10-b025,jan-p10-t1k,76,5415
sd10-b025,jan-p10-t1k,77,5531
sd10-b025,jan-p10-t1k,78,5648
sd10-b025,jan-p10-t1k,79,5783
sd10-b025,jan-p10-t1k,80,5912
sd10-b025,jan-p10-t1k,81,6051
sd10-b025,jan-p10-t1k,82,6188
sd10-b025,jan-p10-t1k,83,6330
sd10-b025,jan-p10-t1k,84,6486
sd10-b025,jan-p10-t1k,85,6658
sd10-b025,jan-p10-t1k,86,6831
sd10-b025,jan-p10-t1k,87,7013
sd10-b025,jan-p10-t1k,88,7220
sd10-b025,jan-p10-t1k,89,7425
sd10-b025,jan-p10-t1k,90,7655
sd10-b025,jan-p10-t1k,91,7889
sd10-b025,jan-p10-t1k,92,8177
sd10-b025,jan-p10-t1k,93,8463
sd10-b025,jan-p10-t1k,94,8803
sd10-b025,jan-p10-t1k,95,9172
sd10-b025,jan-p10-t1k,96,9662
sd10-b025,jan-p10-t1k,97,10322
sd10-b025,jan-p10-t1k,98,11157
sd10-b025,jan-p10-t1k,99,12489
sd10-b025,jan-p20-t1k,1,16
sd10-b025,jan-p20-t1k,2,41
sd10-b025,jan-p20-t1k,3,72
sd10-b025,jan-p20-t1k,4,107
sd10-b025,jan-p20-t1k,5,146
sd10-b025,jan-p20-t1k,6,187
sd10-b025,jan-p20-t1k,7,233
sd10-b025,jan-p20-t1k,8,282
sd10-b025,jan-p20-t1k,9,334
sd10-b025,jan-p20-t1k,10,389
sd10-b025,jan-p20-t1k,11,448
sd10-b025,jan-p20-t1k,12,509
sd10-b025,jan-p20-t1k,13,576
sd10-b025,jan-p20-t1k,14,642
sd10-b025,jan-p20-t1k,15,713
sd10-b025,jan-p20-t1k,16,785
sd10-b025,jan-p20-t1k,17,860
sd10-b025,jan-p20-t1k,18,937
sd10-b025,jan-p20-t1k,19,1015
sd10-b025,jan-p20-t1k,20,1089
sd10-b025,jan-p20-t1k,21,1169
sd10-b025,jan-p20-t1k,22,1247
sd10-b025,jan-p20-t1k,23,1323
sd10-b025,jan-p20-t1k,24,1402
sd10-b025,jan-p20-t1k,25,1486
sd10-b025,jan-p20-t1k,26,1569
sd10-b025,jan-p20-t1k,27,1652
sd10-b025,jan-p20-t1k,28,1736
sd10-b025,jan-p20-t1k,29,1820
sd10-b025,jan-p20-t1k,30,1905
sd10-b025,jan-p20-t1k,31,1990
sd10-b025,jan-p20-t1k,32,2076
sd10-b025,jan-p20-t1k,33,2162
sd10-b025,jan-p20-t1k,34,2252
sd10-b025,jan-p20-t1k,35,2342
sd10-b025,jan-p20-t1k,36,2429
sd10-b025,jan-p20-t1k,37,2516
sd10-b025,jan-p20-t1k,38,2605
sd10-b025,jan-p20-t1k,39,2694
sd10-b025,jan-p20-t1k,40,2785
sd10-b025,jan-p20-t1k,41,2871
sd10-b025,jan-p20-t1k,42,2961
sd10-b025,jan-p20-t1k,43,3051
sd10-b025,jan-p20-t1k,44,3138
sd10-b025,jan-p20-t1k,45,3227
sd10-b025,jan-p20-t1k,46,3316
sd10-b025,jan-p20-t1k,47,3408
sd10-b025,jan-p20-t1k,48,3498
sd10-b025,jan-p20-t1k,49,3584
sd10-b025,jan-p20-t1k,50,3672
sd10-b025,jan-p20-t1k,51,3759
sd10-b025,jan-p20-t1k,52,3850
sd10-b025,jan-p20-t1k,53,3938
sd10-b025,jan-p20-t1k,54,4028
sd10-b025,jan-p20-t1k,55,4117
sd10-b025,jan-p20-t1k,56,4206
sd10-b025,jan-p20-t1k,57,4295
sd10-b025,jan-p20-t1k,58,4383
sd10-b025,jan-p20-t1k,59,4475
sd10-b025,jan-p20-t1k,60,4567
sd10-b025,jan-p20-t1k,61,4656
sd10-b025,jan-p20-t1k,62,4746
sd10-b025,jan-p20-t1k,63,4837
sd10-b025,jan-p20-t1k,64,4927
sd10-b025,jan-p20-t1k,65,5021
sd10-b025,jan-p20-t1k,66,5118
sd10-b025,jan-p20-t1k,67,5215
sd10-b025,jan-p20-t1k,68,5316
sd10-b025,jan-p20-t1k,69,5421
sd10-b025,jan-p20-t1k,70,5525
sd10-b025,jan-p20-t1k,71,5636
sd10-b025,jan-p20-t1k,72,5749
sd10-b025,jan-p20-t1k,73,5864
sd10-b025,jan-p20-t1k,74,5975
sd10-b025,jan-p20-t1k,75,6087
sd10-b025,jan-p20-t1k,76,6205
sd10-b025,jan-p20-t1k,77,6329
sd10-b025,jan-p20-t1k,78,6455
sd10-b025,jan-p20-t1k,79,6577
sd10-b025,jan-p20-t1k,80,6705
sd10-b025,jan-p20-t1k,81,6837
sd10-b025,jan-p20-t1k,82,6969
sd10-b025,jan-p20-t1k,83,7113
sd10-b025,jan-p20-t1k,84,7265
sd10-b025,jan-p20-t1k,85,7421
sd10-b025,jan-p20-t1k,86,7577
sd10-b025,jan-p20-t1k,87,7740
sd10-b025,jan-p20-t1k,88,7919
sd10-b025,jan-p20-t1k,89,8103
sd10-b025,jan-p20-t1k,90,8308
sd10-b025,jan-p20-t1k,91,8518
sd10-b025,jan-p20-t1k,92,8758
sd10-b025,jan-p20-t1k,93,9004
sd10-b025,jan-p20-t1k,94,9286
sd10-b025,jan-p20-t1k,95,9610
sd10-b025,jan-p20-t1k,96,9985
sd10-b025,jan-p20-t1k,97,10466
sd10-b025,jan-p20-t1k,98,11118
sd10-b025,jan-p20-t1k,99,12157
sd10-b025,jan-p01-t10k,1,6
sd10-b025,jan-p01-t10k,2,16
sd10-b025,jan-p01-t10k,3,30
sd10-b025,jan-p01-t10k,4,51
sd10-b025,jan-p01-t10k,5,67
sd10-b025,jan-p01-t10k,6,95
sd10-b025,jan-p01-t10k,7,114
sd10-b025,jan-p01-t10k,8,133
sd10-b025,jan-p01-t10k,9,155
sd10-b025,jan-p01-t10k,10,176
sd10-b025,jan-p01-t10k,11,195
sd10-b025,jan-p01-t10k,12,219
sd10-b025,jan-p01-t10k,13,242
sd10-b025,jan-p01-t10k,14,265
sd10-b025,jan-p01-t10k,15,299
sd10-b025,jan-p01-t10k,16,332
sd10-b025,jan-p01-t10k,17,353
sd10-b025,jan-p01-t10k,18,377
sd10-b025,jan-p01-t10k,19,405
sd10-b025,jan-p01-t10k,20,429
sd10-b025,jan-p01-t10k,21,466
sd10-b025,jan-p01-t10k,22,486
sd10-b025,jan-p01-t10k,23,506
sd10-b025,jan-p01-t10k,24,528
sd10-b025,jan-p01-t10k,25,553
sd10-b025,jan-p01-t10k,26,591
sd10-b025,jan-p01-t10k,27,629
sd10-b025,jan-p01-t10k,28,663
sd10-b025,jan-p01-t10k,29,690
sd10-b025,jan-p01-t10k,30,720
sd10-b025,jan-p01-t10k,31,746
sd10-b025,jan-p01-t10k,32,785
sd10-b025,jan-p01-t10k,33,818
sd10-b025,jan-p01-t10k,34,856
sd10-b025,jan-p01-t10k,35,884
sd10-b025,jan-p01-t10k,36,922
sd10-b025,jan-p01-t10k,37,949
sd10-b025,jan-p01-t10k,38,977
sd10-b025,jan-p01-t10k,39,1005
sd10-b025,jan-p01-t10k,40,1040
sd10-b025,jan-p01-t10k,41,1083
sd10-b025,jan-p01-t10k,42,1122
sd10-b025,jan-p01-t10k,43,1159
sd10-b025,jan-p01-t10k,44,1198
sd10-b025,jan-p01-t10k,45,1235
sd10-b025,jan-p01-t10k,46,1272
sd10-b025,jan-p01-t10k,47,1312
sd10-b025,jan-p01-t10k,48,1351
sd10-b025,jan-p01-t10k,49,1392
sd10-b025,jan-p01-t10k,50,1445
sd10-b025,jan-p01-t10k,51,1484
sd10-b025,jan-p01-t10k,52,1530
sd10-b025,jan-p01-t10k,53,1579
sd10-b025,jan-p01-t10k,54,1632
sd10-b025,jan-p01-t10k,55,1678
sd10-b025,jan-p01-t10k,56,1716
sd10-b025,jan-p01-t10k,57,1772
sd10-b025,jan-p01-t10k,58,1816
sd10-b025,jan-p01-t10k,59,1867
sd10-b025,jan-p01-t10k,60,1926
sd10-b025,jan-p01-t10k,61,1975
sd10-b025,jan-p01-t10k,62,2018
sd10-b025,jan-p01-t10k,63,2068
sd10-b025,jan-p01-t10k,64,2128
sd10-b025,jan-p01-t10k,65,2188
sd10-b025,jan-p01-t10k,66,2229
sd10-b025,jan-p01-t10k,67,2281
sd10-b025,jan-p01-t10k,68,2342
sd10-b025,jan-p01-t10k,69,2396
sd10-b025,jan-p01-t10k,70,2443
sd10-b025,jan-p01-t10k,71,2511
sd10-b025,jan-p01-t10k,72,2570
sd10-b025,jan-p01-t10k,73,2633
sd10-b025,jan-p01-t10k,74,2691
sd10-b025,jan-p01-t10k,75,2740
sd10-b025,jan-p01-t10k,76,2809
sd10-b025,jan-p01-t10k,77,2872
sd10-b025,jan-p01-t10k,78,2954
sd10-b025,jan-p01-t10k,79,3013
sd10-b025,jan-p01-t10k,80,3090
sd10-b025,jan-p01-t10k,81,3164
sd10-b025,jan-p01-t10k,82,3258
sd10-b025,jan-p01-t10k,83,3343
sd10-b025,jan-p01-t10k,84,3432
sd10-b025,jan-p01-t10k,85,3517
sd10-b025,jan-p01-t10k,86,3594
sd10-b025,jan-p01-t10k,87,3660
sd10-b025,jan-p01-t10k,88,3744
sd10-b025,jan-p01-t10k,89,3818
sd10-b025,jan-p01-t10k,90,3913
sd10-b025,jan-p01-t10k,91,4034
sd10-b025,jan-p01-t10k,92,4122
sd10-b025,jan-p01-t10k,93,4239
sd10-b025,jan-p01-t10k,94,4350
sd10-b025,jan-p01-t10k,95,4498
sd10-b025,jan-p01-t10k,96,4704
sd10-b025,jan-p01-t10k,97,4844
sd10-b025,jan-p01-t10k,98,5058
sd10-b025,jan-p01-t10k,99,5269
sd10-b025,jan-p10-t10k,1,13
sd10-b025,jan-p10-t10k,2,34
sd10-b025,jan-p10-t10k,3,60
sd10-b025,jan-p10-t10k,4,87
sd10-b025,jan-p10-t10k,5,115
sd10-b025,jan-p10-t10k,6,146
sd10-b025,jan-p10-t10k,7,179
sd10-b025,jan-p10-t10k,8,213
sd10-b025,jan-p10-t10k,9,248
sd10-b025,jan-p10-t10k,10,286
sd10-b025,jan-p10-t10k,11,325
sd10-b025,jan-p10-t10k,12,364
sd10-b025,jan-p10-t10k,13,404
sd10-b025,jan-p10-t10k,14,445
sd10-b025,jan-p10-t10k,15,486
sd10-b025,jan-p10-t10k,16,527
sd10-b025,jan-p10-t10k,17,575
sd10-b025,jan-p10-t10k,18,620
sd10-b025,jan-p10-t10k,19,667
sd10-b025,jan-p10-t10k,20,714
sd10-b025,jan-p10-t10k,21,763
sd10-b025,jan-p10-t10k,22,810
sd10-b025,jan-p10-t10k,23,863
sd10-b025,jan-p10-t10k,24,913
sd10-b025,jan-p10-t10k,25,964
sd10-b025,jan-p10-t10k,26,1019
sd10-b025,jan-p10-t10k,27,1074
sd10-b025,jan-p10-t10k,28,1128
sd10-b025,jan-p10-t10k,29,1184
sd10-b025,jan-p10-t10k,30,1241
sd10-b025,jan-p10-t10k,31,1299
sd10-b025,jan-p10-t10k,32,1360
sd10-b025,jan-p10-t10k,33,1422
sd10-b025,jan-p10-t10k,34,1484
sd10-b025,jan-p10-t10k,35,1548
sd10-b025,jan-p10-t10k,36,1615
sd10-b025,jan-p10-t10k,37,1681
sd10-b025,jan-p10-t10k,38,1744
sd10-b025,jan-p10-t10k,39,1806
sd10-b025,jan-p10-t10k,40,1878
sd10-b025,jan-p10-t10k,41,1947
sd10-b025,jan-p10-t10k,42,2017
sd10-b025,jan-p10-t10k,43,2081
sd10-b025,jan-p10-t10k,44,2152
sd10-b025,jan-p10-t10k,45,2221
sd10-b025,jan-p10-t10k,46,2294
sd10-b025,jan-p10-t10k,47,2371
sd10-b025,jan-p10-t10k,48,2447
sd10-b025,jan-p10-t10k,49,2530
sd10-b025,jan-p10-t10k,50,2609
sd10-b025,jan-p10-t10k,51,2685
sd10-b025,jan-p10-t10k,52,2764
sd10-b025,jan-p10-t10k,53,2843
sd10-b025,jan-p10-t10k,54,2924
sd10-b025,jan-p10-t10k,55,3005
sd10-b025,jan-p10-t10k,56,3090
sd10-b025,jan-p10-t10k,57,3172
sd10-b025,jan-p10-t10k,58,3264
sd10-b025,jan-p10-t10k,59,3358
sd10-b025,jan-p10-t10k,60,3445
sd10-b025,jan-p10-t10k,61,3541
sd10-b025,jan-p10-t10k,62,3627
sd10-b025,jan-p10-t10k,63,3719
sd10-b025,jan-p10-t10k,64,3813
sd10-b025,jan-p10-t10k,65,3916
sd10-b025,jan-p10-t10k,66,4010
sd10-b025,jan-p10-t10k,67,4110
sd10-b025,jan-p10-t10k,68,4213
sd10-b025,jan-p10-t10k,69,4317
sd10-b025,jan-p10-t10k,70,4424
sd10-b025,jan-p10-t10k,71,4529
sd10-b025,jan-p10-t10k,72,4638
sd10-b025,jan-p10-t10k,73,4757
sd10-b025,jan-p10-t10k,74,4870
sd10-b025,jan-p10-t10k,75,4995
sd10-b025,jan-p10-t10k,76,5117
sd10-b025,jan-p10-t10k,77,5251
sd10-b025,jan-p10-t10k,78,5385
sd10-b025,jan-p10-t10k,79,5527
sd10-b025,jan-p10-t10k,80,5665
sd10-b025,jan-p10-t10k,81,5816
sd10-b025,jan-p10-t10k,82,5969
sd10-b025,jan-p10-t10k,83,6141
sd10-b025,jan-p10-t10k,84,6315
sd10-b025,jan-p10-t10k,85,6479
sd10-b025,jan-p10-t10k,86,6655
sd10-b025,jan-p10-t10k,87,6835
sd10-b025,jan-p10-t10k,88,7037
sd10-b025,jan-p10-t10k,89,7245
sd10-b025,jan-p10-t10k,90,7467
sd10-b025,jan-p10-t10k,91,7701
sd10-b025,jan-p10-t10k,92,7953
sd10-b025,jan-p10-t10k,93,8225
sd10-b025,jan-p10-t10k,94,8552
sd10-b025,jan-p10-t10k,95,8905
sd10-b025,jan-p10-t10k,96,9315
sd10-b025,jan-p10-t10k,97,9983
sd10-b025,jan-p10-t10k,98,10834
sd10-b025,jan-p10-t10k,99,12155
sd10-b025,jan-p20-t10k,1,17
sd10-b025,jan-p20-t10k,2,43
sd10-b025,jan-p20-t10k,3,74
sd10-b025,jan-p20-t10k,4,107
sd10-b025,jan-p20-t10k,5,141
sd10-b025,jan-p20-t10k,6,180
sd10-b025,jan-p20-t10k,7,222
sd10-b025,jan-p20-t10k,8,265
sd10-b025,jan-p20-t10k,9,311
sd10-b025,jan-p20-t10k,10,359
sd10-b025,jan-p20-t10k,11,408
sd10-b025,jan-p20-t10k,12,457
sd10-b025,jan-p20-t10k,13,507
sd10-b025,jan-p20-t10k,14,561
sd10-b025,jan-p20-t10k,15,615
sd10-b025,jan-p20-t10k,16,669
sd10-b025,jan-p20-t10k,17,725
sd10-b025,jan-p20-t10k,18,784
sd10-b025,jan-p20-t10k,19,843
sd10-b025,jan-p20-t10k,20,905
sd10-b025,jan-p20-t10k,21,967
sd10-b025,jan-p20-t10k,22,1032
sd10-b025,jan-p20-t10k,23,1097
sd10-b025,jan-p20-t10k,24,1161
sd10-b025,jan-p20-t10k,25,1227
sd10-b025,jan-p20-t10k,26,1295
sd10-b025,jan-p20-t10k,27,1366
sd10-b025,jan-p20-t10k,28,1438
sd10-b025,jan-p20-t10k,29,1509
sd10-b025,jan-p20-t10k,30,1582
sd10-b025,jan-p20-t10k,31,1655
sd10-b025,jan-p20-t10k,32,1729
sd10-b025,jan-p20-t10k,33,1804
sd10-b025,jan-p20-t10k,34,1881
sd10-b025,jan-p20-t10k,35,1958
sd10-b025,jan-p20-t10k,36,2037
sd10-b025,jan-p20-t10k,37,2116
sd10-b025,jan-p20-t10k,38,2197
sd10-b025,jan-p20-t10k,39,2279
sd10-b025,jan-p20-t10k,40,2362
sd10-b025,jan-p20-t10k,41,2446
sd10-b025,jan-p20-t10k,42,2532
sd10-b025,jan-p20-t10k,43,2622
sd10-b025,jan-p20-t10k,44,2706
sd10-b025,jan-p20-t10k,45,2794
sd10-b025,jan-p20-t10k,46,2882
sd10-b025,jan-p20-t10k,47,2969
sd10-b025,jan-p20-t10k,48,3056
sd10-b025,jan-p20-t10k,49,3147
sd10-b025,jan-p20-t10k,50,3238
sd10-b025,jan-p20-t10k,51,3330
sd10-b025,jan-p20-t10k,52,3428
sd10-b025,jan-p20-t10k,53,3519
sd10-b025,jan-p20-t10k,54,3614
sd10-b025,jan-p20-t10k,55,3709
sd10-b025,jan-p20-t10k,56,3807
sd10-b025,jan-p20-t10k,57,3903
sd10-b025,jan-p20-t10k,58,3998
sd10-b025,jan-p20-t10k,59,4098
sd10-b025,jan-p20-t10k,60,4204
sd10-b025,jan-p20-t10k,61,4305
sd10-b025,jan-p20-t10k,62,4401
sd10-b025,jan-p20-t10k,63,4501
sd10-b025,jan-p20-t10k,64,4606
sd10-b025,jan-p20-t10k,65,4715
sd10-b025,jan-p20-t10k,66,4823
sd10-b025,jan-p20-t10k,67,4932
sd10-b025,jan-p20-t10k,68,5040
sd10-b025,jan-p20-t10k,69,5152
sd10-b025,jan-p20-t10k,70,5270
sd10-b025,jan-p20-t10k,71,5389
sd10-b025,jan-p20-t10k,72,5510
sd10-b025,jan-p20-t10k,73,5627
sd10-b025,jan-p20-t10k,74,5748
sd10-b025,jan-p20-t10k,75,5866
sd10-b025,jan-p20-t10k,76,5992
sd10-b025,jan-p20-t10k,77,6118
sd10-b025,jan-p20-t10k,78,6250
sd10-b025,jan-p20-t10k,79,6378
sd10-b025,jan-p20-t10k,80,6510
sd10-b025,jan-p20-t10k,81,6655
sd10-b025,jan-p20-t10k,82,6793
sd10-b025,jan-p20-t10k,83,6939
sd10-b025,jan-p20-t10k,84,7078
sd10-b025,jan-p20-t10k,85,7234
sd10-b025,jan-p20-t10k,86,7398
sd10-b025,jan-p20-t10k,87,7576
sd10-b025,jan-p20-t10k,88,7755
sd10-b025,jan-p20-t10k,89,7934
sd10-b025,jan-p20-t10k,90,8125
sd10-b025,jan-p20-t10k,91,8327
sd10-b025,jan-p20-t10k,92,8555
sd10-b025,jan-p20-t10k,93,8811
sd10-b025,jan-p20-t10k,94,9118
sd10-b025,jan-p20-t10k,95,9444
sd10-b025,jan-p20-t10k,96,9837
sd10-b025,jan-p20-t10k,97,10297
sd10-b025,jan-p20-t10k,98,10924
sd10-b025,jan-p20-t10k,99,12009
sd11-b000,completa,1,98
sd11-b000,completa,2,198
sd11-b000,completa,3,297
sd11-b000,completa,4,395
sd11-b000,completa,5,495
sd11-b000,completa,6,594
sd11-b000,completa,7,691
sd11-b000,completa,8,792
sd11-b000,completa,9,892
sd11-b000,completa,10,991
sd11-b000,completa,11,1089
sd11-b000,completa,12,1187
sd11-b000,completa,13,1284
sd11-b000,completa,14,1383
sd11-b000,completa,15,1483
sd11-b000,completa,16,1581
sd11-b000,completa,17,1680
sd11-b000,completa,18,1779
sd11-b000,completa,19,1878
sd11-b000,completa,20,1979
sd11-b000,completa,21,2079
sd11-b000,completa,22,2178
sd11-b000,completa,23,2277
sd11-b000,completa,24,2376
sd11-b000,completa,25,2476
sd11-b000,completa,26,2575
sd11-b000,completa,27,2675
sd11-b000,completa,28,2774
sd11-b000,completa,29,2873
sd11-b000,completa,30,2973
sd11-b000,completa,31,3072
sd11-b000,completa,32,3171
sd11-b000,completa,33,3270
sd11-b000,completa,34,3370
sd11-b000,completa,35,3470
sd11-b000,completa,36,3570
sd11-b000,completa,37,3671
sd11-b000,completa,38,3771
sd11-b000,completa,39,3872
sd11-b000,completa,40,3971
sd11-b000,completa,41,4071
sd11-b000,completa,42,4169
sd11-b000,completa,43,4269
sd11-b000,completa,44,4371
sd11-b000,completa,45,4471
sd11-b000,completa,46,4572
sd11-b000,completa,47,4671
sd11-b000,completa,48,4772
sd11-b000,completa,49,4871
sd11-b000,completa,50,4970
sd11-b000,completa,51,5071
sd11-b000,completa,52,5171
sd11-b000,completa,53,5273
sd11-b000,completa,54,5373
sd11-b000,completa,55,5472
sd11-b000,completa,56,5572
sd11-b000,completa,57,5672
sd11-b000,completa,58,5770
sd11-b000,completa,59,5869
sd11-b000,completa,60,5970
sd11-b000,completa,61,6071
sd11-b000,completa,62,6174
sd11-b000,completa,63,6274
sd11-b000,completa,64,6374
sd11-b000,completa,65,6473
sd11-b000,completa,66,6572
sd11-b000,completa,67,6673
sd11-b000,completa,68,6772
sd11-b000,completa,69,6873
sd11-b000,completa,70,6973
sd11-b000,completa,71,7073
sd11-b000,completa,72,7174
sd11-b000,completa,73,7277
sd11-b000,completa,74,7378
sd11-b000,completa,75,7479
sd11-b000,completa,76,7578
sd11-b000,completa,77,7676
sd11-b000,completa,78,7776
sd11-b000,completa,79,7878
sd11-b000,completa,80,7981
sd11-b000,completa,81,8082
sd11-b000,completa,82,8183
sd11-b000,completa,83,8283
sd11-b000,completa,84,8384
sd11-b000,completa,85,8484
sd11-b000,completa,86,8583
sd11-b000,completa,87,8684
sd11-b000,completa,88,8785
sd11-b000,completa,89,8886
sd11-b000,completa,90,8986
sd11-b000,completa,91,9087
sd11-b000,completa,92,9190
sd11-b000,completa,93,9290
sd11-b000,completa,94,9390
sd11-b000,completa,95,9489
sd11-b000,completa,96,9590
sd11-b000,completa,97,9694
sd11-b000,completa,98,9797
sd11-b000,completa,99,9898
sd11-b000,sis-p01,1,20
sd11-b000,sis-p01,2,33
sd11-b000,sis-p01,3,48
sd11-b000,sis-p01,4,66
sd11-b000,sis-p01,5,84
sd11-b000,sis-p01,6,106
sd11-b000,sis-p01,7,121
sd11-b000,sis-p01,8,131
sd11-b000,sis-p01,9,148
sd11-b000,sis-p01,10,165
sd11-b000,sis-p01,11,184
sd11-b000,sis-p01,12,198
sd11-b000,sis-p01,13,214
sd11-b000,sis-p01,14,232
sd11-b000,sis-p01,15,243
sd11-b000,sis-p01,16,262
sd11-b000,sis-p01,17,284
sd11-b000,sis-p01,18,299
sd11-b000,sis-p01,19,310
sd11-b000,sis-p01,20,317
sd11-b000,sis-p01,21,332
sd11-b000,sis-p01,22,347
sd11-b000,sis-p01,23,365
sd11-b000,sis-p01,24,384
sd11-b000,sis-p01,25,400
sd11-b000,sis-p01,26,411
sd11-b000,sis-p01,27,426
sd11-b000,sis-p01,28,447
sd11-b000,sis-p01,29,471
sd11-b000,sis-p01,30,486
sd11-b000,sis-p01,31,501
sd11-b000,sis-p01,32,515
sd11-b000,sis-p01,33,539
sd11-b000,sis-p01,34,550
sd11-b000,sis-p01,35,568
sd11-b000,sis-p01,36,582
sd11-b000,sis-p01,37,597
sd11-b000,sis-p01,38,618
sd11-b000,sis-p01,39,638
sd11-b000,sis-p01,40,661
sd11-b000,sis-p01,41,687
sd11-b000,sis-p01,42,708
sd11-b000,sis-p01,43,729
sd11-b000,sis-p01,44,745
sd11-b000,sis-p01,45,765
sd11-b000,sis-p01,46,781
sd11-b000,sis-p01,47,815
sd11-b000,sis-p01,48,836
sd11-b000,sis-p01,49,874
sd11-b000,sis-p01,50,892
sd11-b000,sis-p01,51,918
sd11-b000,sis-p01,52,945
sd11-b000,sis-p01,53,970
sd11-b000,sis-p01,54,992
sd11-b000,sis-p01,55,1016
sd11-b000,sis-p01,56,1041
sd11-b000,sis-p01,57,1068
sd11-b000,sis-p01,58,1094
sd11-b000,sis-p01,59,1105
sd11-b000,sis-p01,60,1133
sd11-b000,sis-p01,61,1155
sd11-b000,sis-p01,62,1177
sd11-b000,sis-p01,63,1200
sd11-b000,sis-p01,64,1234
sd11-b000,sis-p01,65,1267
sd11-b000,sis-p01,66,1289
sd11-b000,sis-p01,67,1351
sd11-b000,sis-p01,68,1385
sd11-b000,sis-p01,69,1437
sd11-b000,sis-p01,70,1471
sd11-b000,sis-p01,71,1507
sd11-b000,sis-p01,72,1544
sd11-b000,sis-p01,73,1580
sd11-b000,sis-p01,74,1620
sd11-b000,sis-p01,75,1685
sd11-b000,sis-p01,76,1743
sd11-b000,sis-p01,77,1783
sd11-b000,sis-p01,78,1811
sd11-b000,sis-p01,79,1848
sd11-b000,sis-p01,80,1912
sd11-b000,sis-p01,81,1960
sd11-b000,sis-p01,82,2021
sd11-b000,sis-p01,83,2084
sd11-b000,sis-p01,84,2133
sd11-b000,sis-p01,85,2188
sd11-b000,sis-p01,86,2275
sd11-b000,sis-p01,87,2341
sd11-b000,sis-p01,88,2412
sd11-b000,sis-p01,89,2485
sd11-b000,sis-p01,90,2558
sd11-b000,sis-p01,91,2668
sd11-b000,sis-p01,92,2774
sd11-b000,sis-p01,93,2925
sd11-b000,sis-p01,94,3056
sd11-b000,sis-p01,95,3257
sd11-b000,sis-p01,96,3497
sd11-b000,sis-p01,97,3788
sd11-b000,sis-p01,98,4152
sd11-b000,sis-p01,99,4899
sd11-b000,sis-p10,1,60
sd11-b000,sis-p10,2,123
sd11-b000,sis-p10,3,186
sd11-b000,sis-p10,4,256
sd11-b000,sis-p10,5,325
sd11-b000,sis-p10,6,389
sd11-b000,sis-p10,7,458
sd11-b000,sis-p10,8,525
sd11-b000,sis-p10,9,591
sd11-b000,sis-p10,10,658
sd11-b000,sis-p10,11,725
sd11-b000,sis-p10,12,789
sd11-b000,sis-p10,13,852
sd11-b000,sis-p10,14,920
sd11-b000,sis-p10,15,987
sd11-b000,sis-p10,16,1051
sd11-b000,sis-p10,17,1116
sd11-b000,sis-p10,18,1183
sd11-b000,sis-p10,19,1250
sd11-b000,sis-p10,20,1319
sd11-b000,sis-p10,21,1383
sd11-b000,sis-p10,22,1446
sd11-b000,sis-p10,23,1511
sd11-b000,sis-p10,24,1578
sd11-b000,sis-p10,25,1645
sd11-b000,sis-p10,26,1714
sd11-b000,sis-p10,27,1778
sd11-b000,sis-p10,28,1842
sd11-b000,sis-p10,29,1909
sd11-b000,sis-p10,30,1970
sd11-b000,sis-p10,31,2037
sd11-b000,sis-p10,32,2105
sd11-b000,sis-p10,33,2173
sd11-b000,sis-p10,34,2242
sd11-b000,sis-p10,35,2309
sd11-b000,sis-p10,36,2373
sd11-b000,sis-p10,37,2440
sd11-b000,sis-p10,38,2506
sd11-b000,sis-p10,39,2573
sd11-b000,sis-p10,40,2636
sd11-b000,sis-p10,41,2701
sd11-b000,sis-p10,42,2771
sd11-b000,sis-p10,43,2844
sd11-b000,sis-p10,44,2915
sd11-b000,sis-p10,45,2988
sd11-b000,sis-p10,46,3071
sd11-b000,sis-p10,47,3144
sd11-b000,sis-p10,48,3216
sd11-b000,sis-p10,49,3293
sd11-b000,sis-p10,50,3371
sd11-b000,sis-p10,51,3449
sd11-b000,sis-p10,52,3526
sd11-b000,sis-p10,53,3605
sd11-b000,sis-p10,54,3683
sd11-b000,sis-p10,55,3764
sd11-b000,sis-p10,56,3851
sd11-b000,sis-p10,57,3936
sd11-b000,sis-p10,58,4021
sd11-b000,sis-p10,59,4104
sd11-b000,sis-p10,60,4191
sd11-b000,sis-p10,61,4277
sd11-b000,sis-p10,62,4365
sd11-b000,sis-p10,63,4457
sd11-b000,sis-p10,64,4551
sd11-b000,sis-p10,65,4645
sd11-b000,sis-p10,66,4743
sd11-b000,sis-p10,67,4833
sd11-b000,sis-p10,68,4932
sd11-b000,sis-p10,69,5034
sd11-b000,sis-p10,70,5138
sd11-b000,sis-p10,71,5243
sd11-b000,sis-p10,72,5351
sd11-b000,sis-p10,73,5466
sd11-b000,sis-p10,74,5578
sd11-b000,sis-p10,75,5694
sd11-b000,sis-p10,76,5808
sd11-b000,sis-p10,77,5943
sd11-b000,sis-p10,78,6070
sd11-b000,sis-p10,79,6201
sd11-b000,sis-p10,80,6330
sd11-b000,sis-p10,81,6470
sd11-b000,sis-p10,82,6616
sd11-b000,sis-p10,83,6770
sd11-b000,sis-p10,84,6920
sd11-b000,sis-p10,85,7084
sd11-b000,sis-p10,86,7251
sd11-b000,sis-p10,87,7433
sd11-b000,sis-p10,88,7627
sd11-b000,sis-p10,89,7839
sd11-b000,sis-p10,90,8063
sd11-b000,sis-p10,91,8288
sd11-b000,sis-p10,92,8547
sd11-b000,sis-p10,93,8849
sd11-b000,sis-p10,94,9187
sd11-b000,sis-p10,95,9563
sd11-b000,sis-p10,96,10055
sd11-b000,sis-p10,97,10645
sd11-b000,sis-p10,98,11435
sd11-b000,sis-p10,99,12755
sd11-b000,sis-p20,1,80
sd11-b000,sis-p20,2,157
sd11-b000,sis-p20,3,236
sd11-b000,sis-p20,4,314
sd11-b000,sis-p20,5,393
sd11-b000,sis-p20,6,474
sd11-b000,sis-p20,7,556
sd11-b000,sis-p20,8,640
sd11-b000,sis-p20,9,717
sd11-b000,sis-p20,10,793
sd11-b000,sis-p20,11,876
sd11-b000,sis-p20,12,958
sd11-b000,sis-p20,13,1040
sd11-b000,sis-p20,14,1121
sd11-b000,sis-p20,15,1205
sd11-b000,sis-p20,16,1287
sd11-b000,sis-p20,17,1368
sd11-b000,sis-p20,18,1449
sd11-b000,sis-p20,19,1528
sd11-b000,sis-p20,20,1608
sd11-b000,sis-p20,21,1693
sd11-b000,sis-p20,22,1776
sd11-b000,sis-p20,23,1858
sd11-b000,sis-p20,24,1939
sd11-b000,sis-p20,25,2022
sd11-b000,sis-p20,26,2101
sd11-b000,sis-p20,27,2183
sd11-b000,sis-p20,28,2268
sd11-b000,sis-p20,29,2351
sd11-b000,sis-p20,30,2432
sd11-b000,sis-p20,31,2515
sd11-b000,sis-p20,32,2596
sd11-b000,sis-p20,33,2678
sd11-b000,sis-p20,34,2764
sd11-b000,sis-p20,35,2847
sd11-b000,sis-p20,36,2932
sd11-b000,sis-p20,37,3012
sd11-b000,sis-p20,38,3098
sd11-b000,sis-p20,39,3183
sd11-b000,sis-p20,40,3264
sd11-b000,sis-p20,41,3348
sd11-b000,sis-p20,42,3429
sd11-b000,sis-p20,43,3510
sd11-b000,sis-p20,44,3592
sd11-b000,sis-p20,45,3674
sd11-b000,sis-p20,46,3757
sd11-b000,sis-p20,47,3839
sd11-b000,sis-p20,48,3921
sd11-b000,sis-p20,49,4005
sd11-b000,sis-p20,50,4086
sd11-b000,sis-p20,51,4171
sd11-b000,sis-p20,52,4250
sd11-b000,sis-p20,53,4333
sd11-b000,sis-p20,54,4415
sd11-b000,sis-p20,55,4498
sd11-b000,sis-p20,56,4580
sd11-b000,sis-p20,57,4667
sd11-b000,sis-p20,58,4751
sd11-b000,sis-p20,59,4835
sd11-b000,sis-p20,60,4929
sd11-b000,sis-p20,61,5019
sd11-b000,sis-p20,62,5112
sd11-b000,sis-p20,63,5206
sd11-b000,sis-p20,64,5305
sd11-b000,sis-p20,65,5400
sd11-b000,sis-p20,66,5499
sd11-b000,sis-p20,67,5596
sd11-b000,sis-p20,68,5700
sd11-b000,sis-p20,69,5803
sd11-b000,sis-p20,70,5904
sd11-b000,sis-p20,71,6008
sd11-b000,sis-p20,72,6113
sd11-b000,sis-p20,73,6224
sd11-b000,sis-p20,74,6337
sd11-b000,sis-p20,75,6456
sd11-b000,sis-p20,76,6567
sd11-b000,sis-p20,77,6685
sd11-b000,sis-p20,78,6797
sd11-b000,sis-p20,79,6925
sd11-b000,sis-p20,80,7052
sd11-b000,sis-p20,81,7186
sd11-b000,sis-p20,82,7319
sd11-b000,sis-p20,83,7456
sd11-b000,sis-p20,84,7596
sd11-b000,sis-p20,85,7743
sd11-b000,sis-p20,86,7902
sd11-b000,sis-p20,87,8066
sd11-b000,sis-p20,88,8232
sd11-b000,sis-p20,89,8402
sd11-b000,sis-p20,90,8587
sd11-b000,sis-p20,91,8798
sd11-b000,sis-p20,92,9018
sd11-b000,sis-p20,93,9267
sd11-b000,sis-p20,94,9544
sd11-b000,sis-p20,95,9849
sd11-b000,sis-p20,96,10209
sd11-b000,sis-p20,97,10681
sd11-b000,sis-p20,98,11316
sd11-b000,sis-p20,99,12347
sd11-b000,jan-p01-t1k,1,14
sd11-b000,jan-p01-t1k,2,28
sd11-b000,jan-p01-t1k,3,42
sd11-b000,jan-p01-t1k,4,52
sd11-b000,jan-p01-t1k,5,73
sd11-b000,jan-p01-t1k,6,85
sd11-b000,jan-p01-t1k,7,93
sd11-b000,jan-p01-t1k,8,104
sd11-b000,jan-p01-t1k,9,119
sd11-b000,jan-p01-t1k,10,144
sd11-b000,jan-p01-t1k,11,166
sd11-b000,jan-p01-t1k,12,185
sd11-b000,jan-p01-t1k,13,200
sd11-b000,jan-p01-t1k,14,213
sd11-b000,jan-p01-t1k,15,229
sd11-b000,jan-p01-t1k,16,246
sd11-b000,jan-p01-t1k,17,259
sd11-b000,jan-p01-t1k,18,280
sd11-b000,jan-p01-t1k,19,296
sd11-b000,jan-p01-t1k,20,313
sd11-b000,jan-p01-t1k,21,331
sd11-b000,jan-p01-t1k,22,347
sd11-b000,jan-p01-t1k,23,362
sd11-b000,jan-p01-t1k,24,381
sd11-b000,jan-p01-t1k,25,392
sd11-b000,jan-p01-t1k,26,411
sd11-b000,jan-p01-t1k,27,430
sd11-b000,jan-p01-t1k,28,450
sd11-b000,jan-p01-t1k,29,468
sd11-b000,jan-p01-t1k,30,480
sd11-b000,jan-p01-t1k,31,504
sd11-b000,jan-p01-t1k,32,512
sd11-b000,jan-p01-t1k,33,525
sd11-b000,jan-p01-t1k,34,548
sd11-b000,jan-p01-t1k,35,571
sd11-b000,jan-p01-t1k,36,591
sd11-b000,jan-p01-t1k,37,609
sd11-b000,jan-p01-t1k,38,628
sd11-b000,jan-p01-t1k,39,644
sd11-b000,jan-p01-t1k,40,667
sd11-b000,jan-p01-t1k,41,683
sd11-b000,jan-p01-t1k,42,702
sd11-b000,jan-p01-t1k,43,724
sd11-b000,jan-p01-t1k,44,756
sd11-b000,jan-p01-t1k,45,784
sd11-b000,jan-p01-t1k,46,799
sd11-b000,jan-p01-t1k,47,823
sd11-b000,jan-p01-t1k,48,845
sd11-b000,jan-p01-t1k,49,872
sd11-b000,jan-p01-t1k,50,893
sd11-b000,jan-p01-t1k,51,923
sd11-b000,jan-p01-t1k,52,958
sd11-b000,jan-p01-t1k,53,985
sd11-b000,jan-p01-t1k,54,1011
sd11-b000,jan-p01-t1k,55,1029
sd11-b000,jan-p01-t1k,56,1062
sd11-b000,jan-p01-t1k,57,1082
sd11-b000,jan-p01-t1k,58,1099
sd11-b000,jan-p01-t1k,59,1138
sd11-b000,jan-p01-t1k,60,1173
sd11-b000,jan-p01-t1k,61,1200
sd11-b000,jan-p01-t1k,62,1227
sd11-b000,jan-p01-t1k,63,1263
sd11-b000,jan-p01-t1k,64,1290
sd11-b000,jan-p01-t1k,65,1340
sd11-b000,jan-p01-t1k,66,1359
sd11-b000,jan-p01-t1k,67,1387
sd11-b000,jan-p01-t1k,68,1412
sd11-b000,jan-p01-t1k,69,1441
sd11-b000,jan-p01-t1k,70,1473
sd11-b000,jan-p01-t1k,71,1496
sd11-b000,jan-p01-t1k,72,1541
sd11-b000,jan-p01-t1k,73,1586
sd11-b000,jan-p01-t1k,74,1632
sd11-b000,jan-p01-t1k,75,1679
sd11-b000,jan-p01-t1k,76,1720
sd11-b000,jan-p01-t1k,77,1756
sd11-b000,jan-p01-t1k,78,1795
sd11-b000,jan-p01-t1k,79,1840
sd11-b000,jan-p01-t1k,80,1884
sd11-b000,jan-p01-t1k,81,1948
sd11-b000,jan-p01-t1k,82,1982
sd11-b000,jan-p01-t1k,83,2045
sd11-b000,jan-p01-t1k,84,2092
sd11-b000,jan-p01-t1k,85,2164
sd11-b000,jan-p01-t1k,86,2213
sd11-b000,jan-p01-t1k,87,2263
sd11-b000,jan-p01-t1k,88,2332
sd11-b000,jan-p01-t1k,89,2446
sd11-b000,jan-p01-t1k,90,2516
sd11-b000,jan-p01-t1k,91,2638
sd11-b000,jan-p01-t1k,92,2818
sd11-b000,jan-p01-t1k,93,2948
sd11-b000,jan-p01-t1k,94,3137
sd11-b000,jan-p01-t1k,95,3255
sd11-b000,jan-p01-t1k,96,3410
sd11-b000,jan-p01-t1k,97,3604
sd11-b000,jan-p01-t1k,98,3819
sd11-b000,jan-p01-t1k,99,4426
sd11-b000,jan-p10-t1k,1,64
sd11-b000,jan-p10-t1k,2,126
sd11-b000,jan-p10-t1k,3,192
sd11-b000,jan-p10-t1k,4,254
sd11-b000,jan-p10-t1k,5,321
sd11-b000,jan-p10-t1k,6,384
sd11-b000,jan-p10-t1k,7,448
sd11-b000,jan-p10-t1k,8,512
sd11-b000,jan-p10-t1k,9,577
sd11-b000,jan-p10-t1k,10,643
sd11-b000,jan-p10-t1k,11,709
sd11-b000,jan-p10-t1k,12,777
sd11-b000,jan-p10-t1k,13,845
sd11-b000,jan-p10-t1k,14,908
sd11-b000,jan-p10-t1k,15,972
sd11-b000,jan-p10-t1k,16,1040
sd11-b000,jan-p10-t1k,17,1109
sd11-b000,jan-p10-t1k,18,1175
sd11-b000,jan-p10-t1k,19,1244
sd11-b000,jan-p10-t1k,20,1308
sd11-b000,jan-p10-t1k,21,1375
sd11-b000,jan-p10-t1k,22,1442
sd11-b000,jan-p10-t1k,23,1514
sd11-b000,jan-p10-t1k,24,1581
sd11-b000,jan-p10-t1k,25,1648
sd11-b000,jan-p10-t1k,26,1714
sd11-b000,jan-p10-t1k,27,1776
sd11-b000,jan-p10-t1k,28,1842
sd11-b000,jan-p10-t1k,29,1906
sd11-b000,jan-p10-t1k,30,1974
sd11-b000,jan-p10-t1k,31,2038
sd11-b000,jan-p10-t1k,32,2107
sd11-b000,jan-p10-t1k,33,2172
sd11-b000,jan-p10-t1k,34,2237
sd11-b000,jan-p10-t1k,35,2303
sd11-b000,jan-p10-t1k,36,2370
sd11-b000,jan-p10-t1k,37,2438
sd11-b000,jan-p10-t1k,38,2499
sd11-b000,jan-p10-t1k,39,2565
sd11-b000,jan-p10-t1k,40,2630
sd11-b000,jan-p10-t1k,41,2696
sd11-b000,jan-p10-t1k,42,2761
sd11-b000,jan-p10-t1k,43,2834
sd11-b000,jan-p10-t1k,44,2905
sd11-b000,jan-p10-t1k,45,2981
sd11-b000,jan-p10-t1k,46,3052
sd11-b000,jan-p10-t1k,47,3129
sd11-b000,jan-p10-t1k,48,3207
sd11-b000,jan-p10-t1k,49,3276
sd11-b000,jan-p10-t1k,50,3349
sd11-b000,jan-p10-t1k,51,3424
sd11-b000,jan-p10-t1k,52,3501
sd11-b000,jan-p10-t1k,53,3582
sd11-b000,jan-p10-t1k,54,3661
sd11-b000,jan-p10-t1k,55,3740
sd11-b000,jan-p10-t1k,56,3828
sd11-b000,jan-p10-t1k,57,3905
sd11-b000,jan-p10-t1k,58,3983
sd11-b000,jan-p10-t1k,59,4069
sd11-b000,jan-p10-t1k,60,4159
sd11-b000,jan-p10-t1k,61,4246
sd11-b000,jan-p10-t1k,62,4338
sd11-b000,jan-p10-t1k,63,4428
sd11-b000,jan-p10-t1k,64,4517
sd11-b000,jan-p10-t1k,65,4609
sd11-b000,jan-p10-t1k,66,4708
sd11-b000,jan-p10-t1k,67,4807
sd11-b000,jan-p10-t1k,68,4907
sd11-b000,jan-p10-t1k,69,5009
sd11-b000,jan-p10-t1k,70,5109
sd11-b000,jan-p10-t1k,71,5219
sd11-b000,jan-p10-t1k,72,5322
sd11-b000,jan-p10-t1k,73,5430
sd11-b000,jan-p10-t1k,74,5541
sd11-b000,jan-p10-t1k,75,5657
sd11-b000,jan-p10-t1k,76,5776
sd11-b000,jan-p10-t1k,77,5900
sd11-b000,jan-p10-t1k,78,6025
sd11-b000,jan-p10-t1k,79,6156
sd11-b000,jan-p10-t1k,80,6300
sd11-b000,jan-p10-t1k,81,6442
sd11-b000,jan-p10-t1k,82,6580
sd11-b000,jan-p10-t1k,83,6733
sd11-b000,jan-p10-t1k,84,6885
sd11-b000,jan-p10-t1k,85,7041
sd11-b000,jan-p10-t1k,86,7219
sd11-b000,jan-p10-t1k,87,7405
sd11-b000,jan-p10-t1k,88,7600
sd11-b000,jan-p10-t1k,89,7811
sd11-b000,jan-p10-t1k,90,8051
sd11-b000,jan-p10-t1k,91,8281
sd11-b000,jan-p10-t1k,92,8554
sd11-b000,jan-p10-t1k,93,8864
sd11-b000,jan-p10-t1k,94,9186
sd11-b000,jan-p10-t1k,95,9580
sd11-b000,jan-p10-t1k,96,10057
sd11-b000,jan-p10-t1k,97,10628
sd11-b000,jan-p10-t1k,98,11453
sd11-b000,jan-p10-t1k,99,12832
sd11-b000,jan-p20-t1k,1,78
sd11-b000,jan-p20-t1k,2,157
sd11-b000,jan-p20-t1k,3,236
sd11-b000,jan-p20-t1k,4,316
sd11-b000,jan-p20-t1k,5,398
sd11-b000,jan-p20-t1k,6,478
sd11-b000,jan-p20-t1k,7,557
sd11-b000,jan-p20-t1k,8,637
sd11-b000,jan-p20-t1k,9,718
sd11-b000,jan-p20-t1k,10,799
sd11-b000,jan-p20-t1k,11,879
sd11-b000,jan-p20-t1k,12,959
sd11-b000,jan-p20-t1k,13,1039
sd11-b000,jan-p20-t1k,14,1119
sd11-b000,jan-p20-t1k,15,1199
sd11-b000,jan-p20-t1k,16,1282
sd11-b000,jan-p20-t1k,17,1364
sd11-b000,jan-p20-t1k,18,1446
sd11-b000,jan-p20-t1k,19,1530
sd11-b000,jan-p20-t1k,20,1611
sd11-b000,jan-p20-t1k,21,1693
sd11-b000,jan-p20-t1k,22,1773
sd11-b000,jan-p20-t1k,23,1856
sd11-b000,jan-p20-t1k,24,1942
sd11-b000,jan-p20-t1k,25,2021
sd11-b000,jan-p20-t1k,26,2105
sd11-b000,jan-p20-t1k,27,2185
sd11-b000,jan-p20-t1k,28,2268
sd11-b000,jan-p20-t1k,29,2351
sd11-b000,jan-p20-t1k,30,2436
sd11-b000,jan-p20-t1k,31,2519
sd11-b000,jan-p20-t1k,32,2600
sd11-b000,jan-p20-t1k,33,2682
sd11-b000,jan-p20-t1k,34,2766
sd11-b000,jan-p20-t1k,35,2849
sd11-b000,jan-p20-t1k,36,2932
sd11-b000,jan-p20-t1k,37,3012
sd11-b000,jan-p20-t1k,38,3094
sd11-b000,jan-p20-t1k,39,3176
sd11-b000,jan-p20-t1k,40,3256
sd11-b000,jan-p20-t1k,41,3337
sd11-b000,jan-p20-t1k,42,3417
sd11-b000,jan-p20-t1k,43,3498
sd11-b000,jan-p20-t1k,44,3577
sd11-b000,jan-p20-t1k,45,3661
sd11-b000,jan-p20-t1k,46,3746
sd11-b000,jan-p20-t1k,47,3832
sd11-b000,jan-p20-t1k,48,3914
sd11-b000,jan-p20-t1k,49,3998
sd11-b000,jan-p20-t1k,50,4081
sd11-b000,jan-p20-t1k,51,4166
sd11-b000,jan-p20-t1k,52,4251
sd11-b000,jan-p20-t1k,53,4333
sd11-b000,jan-p20-t1k,54,4413
sd11-b000,jan-p20-t1k,55,4495
sd11-b000,jan-p20-t1k,56,4577
sd11-b000,jan-p20-t1k,57,4659
sd11-b000,jan-p20-t1k,58,4746
sd11-b000,jan-p20-t1k,59,4833
sd11-b000,jan-p20-t1k,60,4925
sd11-b000,jan-p20-t1k,61,5015
sd11-b000,jan-p20-t1k,62,5106
sd11-b000,jan-p20-t1k,63,5199
sd11-b000,jan-p20-t1k,64,5293
sd11-b000,jan-p20-t1k,65,5387
sd11-b000,jan-p20-t1k,66,5485
sd11-b000,jan-p20-t1k,67,5581
sd11-b000,jan-p20-t1k,68,5682
sd11-b000,jan-p20-t1k,69,5784
sd11-b000,jan-p20-t1k,70,5890
sd11-b000,jan-p20-t1k,71,5999
sd11-b000,jan-p20-t1k,72,6106
sd11-b000,jan-p20-t1k,73,6215
sd11-b000,jan-p20-t1k,74,6324
sd11-b000,jan-p20-t1k,75,6433
sd11-b000,jan-p20-t1k,76,6540
sd11-b000,jan-p20-t1k,77,6656
sd11-b000,jan-p20-t1k,78,6781
sd11-b000,jan-p20-t1k,79,6901
sd11-b000,jan-p20-t1k,80,7027
sd11-b000,jan-p20-t1k,81,7149
sd11-b000,jan-p20-t1k,82,7282
sd11-b000,jan-p20-t1k,83,7421
sd11-b000,jan-p20-t1k,84,7566
sd11-b000,jan-p20-t1k,85,7715
sd11-b000,jan-p20-t1k,86,7866
sd11-b000,jan-p20-t1k,87,8030
sd11-b000,jan-p20-t1k,88,8194
sd11-b000,jan-p20-t1k,89,8381
sd11-b000,jan-p20-t1k,90,8573
sd11-b000,jan-p20-t1k,91,8782
sd11-b000,jan-p20-t1k,92,9006
sd11-b000,jan-p20-t1k,93,9251
sd11-b000,jan-p20-t1k,94,9516
sd11-b000,jan-p20-t1k,95,9839
sd11-b000,jan-p20-t1k,96,10212
sd11-b000,jan-p20-t1k,97,10692
sd11-b000,jan-p20-t1k,98,11337
sd11-b000,jan-p20-t1k,99,12361
sd11-b000,jan-p01-t10k,1,34
sd11-b000,jan-p01-t10k,2,63
sd11-b000,jan-p01-t10k,3,98
sd11-b000,jan-p01-t10k,4,162
sd11-b000,jan-p01-t10k,5,202
sd11-b000,jan-p01-t10k,6,250
sd11-b000,jan-p01-t10k,7,307
sd11-b000,jan-p01-t10k,8,343
sd11-b000,jan-p01-t10k,9,381
sd11-b000,jan-p01-t10k,10,419
sd11-b000,jan-p01-t10k,11,469
sd11-b000,jan-p01-t10k,12,510
sd11-b000,jan-p01-t10k,13,543
sd11-b000,jan-p01-t10k,14,582
sd11-b000,jan-p01-t10k,15,617
sd11-b000,jan-p01-t10k,16,661
sd11-b000,jan-p01-t10k,17,715
sd11-b000,jan-p01-t10k,18,771
sd11-b000,jan-p01-t10k,19,808
sd11-b000,jan-p01-t10k,20,835
sd11-b000,jan-p01-t10k,21,879
sd11-b000,jan-p01-t10k,22,924
sd11-b000,jan-p01-t10k,23,971
sd11-b000,jan-p01-t10k,24,1014
sd11-b000,jan-p01-t10k,25,1041
sd11-b000,jan-p01-t10k,26,1070
sd11-b000,jan-p01-t10k,27,1105
sd11-b000,jan-p01-t10k,28,1136
sd11-b000,jan-p01-t10k,29,1191
sd11-b000,jan-p01-t10k,30,1246
sd11-b000,jan-p01-t10k,31,1292
sd11-b000,jan-p01-t10k,32,1330
sd11-b000,jan-p01-t10k,33,1369
sd11-b000,jan-p01-t10k,34,1409
sd11-b000,jan-p01-t10k,35,1450
sd11-b000,jan-p01-t10k,36,1502
sd11-b000,jan-p01-t10k,37,1546
sd11-b000,jan-p01-t10k,38,1592
sd11-b000,jan-p01-t10k,39,1646
sd11-b000,jan-p01-t10k,40,1679
sd11-b000,jan-p01-t10k,41,1715
sd11-b000,jan-p01-t10k,42,1748
sd11-b000,jan-p01-t10k,43,1789
sd11-b000,jan-p01-t10k,44,1838
sd11-b000,jan-p01-t10k,45,1886
sd11-b000,jan-p01-t10k,46,1928
sd11-b000,jan-p01-t10k,47,1981
sd11-b000,jan-p01-t10k,48,2024
sd11-b000,jan-p01-t10k,49,2067
sd11-b000,jan-p01-t10k,50,2114
sd11-b000,jan-p01-t10k,51,2162
sd11-b000,jan-p01-t10k,52,2216
sd11-b000,jan-p01-t10k,53,2259
sd11-b000,jan-p01-t10k,54,2325
sd11-b000,jan-p01-t10k,55,2379
sd11-b000,jan-p01-t10k,56,2432
sd11-b000,jan-p01-t10k,57,2484
sd11-b000,jan-p01-t10k,58,2537
sd11-b000,jan-p01-t10k,59,2608
sd11-b000,jan-p01-t10k,60,2646
sd11-b000,jan-p01-t10k,61,2691
sd11-b000,jan-p01-t10k,62,2758
sd11-b000,jan-p01-t10k,63,2819
sd11-b000,jan-p01-t10k,64,2880
sd11-b000,jan-p01-t10k,65,2927
sd11-b000,jan-p01-t10k,66,2989
sd11-b000,jan-p01-t10k,67,3041
sd11-b000,jan-p01-t10k,68,3100
sd11-b000,jan-p01-t10k,69,3177
sd11-b000,jan-p01-t10k,70,3230
sd11-b000,jan-p01-t10k,71,3280
sd11-b000,jan-p01-t10k,72,3330
sd11-b000,jan-p01-t10k,73,3411
sd11-b000,jan-p01-t10k,74,3460
sd11-b000,jan-p01-t10k,75,3545
sd11-b000,jan-p01-t10k,76,3607
sd11-b000,jan-p01-t10k,77,3683
sd11-b000,jan-p01-t10k,78,3747
sd11-b000,jan-p01-t10k,79,3806
sd11-b000,jan-p01-t10k,80,3883
sd11-b000,jan-p01-t10k,81,3965
sd11-b000,jan-p01-t10k,82,4033
sd11-b000,jan-p01-t10k,83,4101
sd11-b000,jan-p01-t10k,84,4170
sd11-b000,jan-p01-t10k,85,4241
sd11-b000,jan-p01-t10k,86,4351
sd11-b000,jan-p01-t10k,87,4450
sd11-b000,jan-p01-t10k,88,4533
sd11-b000,jan-p01-t10k,89,4625
sd11-b000,jan-p01-t10k,90,4707
sd11-b000,jan-p01-t10k,91,4799
sd11-b000,jan-p01-t10k,92,4892
sd11-b000,jan-p01-t10k,93,5021
sd11-b000,jan-p01-t10k,94,5119
sd11-b000,jan-p01-t10k,95,5226
sd11-b000,jan-p01-t10k,96,5354
sd11-b000,jan-p01-t10k,97,5558
sd11-b000,jan-p01-t10k,98,5753
sd11-b000,jan-p01-t10k,99,6013
sd11-b000,jan-p10-t10k,1,65
sd11-b000,jan-p10-t10k,2,134
sd11-b000,jan-p10-t10k,3,206
sd11-b000,jan-p10-t10k,4,275
sd11-b000,jan-p10-t10k,5,340
sd11-b000,jan-p10-t10k,6,407
sd11-b000,jan-p10-t10k,7,474
sd11-b000,jan-p10-t10k,8,541
sd11-b000,jan-p10-t10k,9,605
sd11-b000,jan-p10-t10k,10,675
sd11-b000,jan-p10-t10k,11,743
sd11-b000,jan-p10-t10k,12,813
sd11-b000,jan-p10-t10k,13,879
sd11-b000,jan-p10-t10k,14,944
sd11-b000,jan-p10-t10k,15,1010
sd11-b000,jan-p10-t10k,16,1075
sd11-b000,jan-p10-t10k,17,1145
sd11-b000,jan-p10-t10k,18,1217
sd11-b000,jan-p10-t10k,19,1279
sd11-b000,jan-p10-t10k,20,1353
sd11-b000,jan-p10-t10k,21,1421
sd11-b000,jan-p10-t10k,22,1490
sd11-b000,jan-p10-t10k,23,1560
sd11-b000,jan-p10-t10k,24,1630
sd11-b000,jan-p10-t10k,25,1700
sd11-b000,jan-p10-t10k,26,1770
sd11-b000,jan-p10-t10k,27,1840
sd11-b000,jan-p10-t10k,28,1911
sd11-b000,jan-p10-t10k,29,1979
sd11-b000,jan-p10-t10k,30,2049
sd11-b000,jan-p10-t10k,31,2123
sd11-b000,jan-p10-t10k,32,2197
sd11-b000,jan-p10-t10k,33,2272
sd11-b000,jan-p10-t10k,34,2347
sd11-b000,jan-p10-t10k,35,2420
sd11-b000,jan-p10-t10k,36,2499
sd11-b000,jan-p10-t10k,37,2575
sd11-b000,jan-p10-t10k,38,2650
sd11-b000,jan-p10-t10k,39,2728
sd11-b000,jan-p10-t10k,40,2805
sd11-b000,jan-p10-t10k,41,2884
sd11-b000,jan-p10-t10k,42,2962
sd11-b000,jan-p10-t10k,43,3039
sd11-b000,jan-p10-t10k,44,3118
sd11-b000,jan-p10-t10k,45,3197
sd11-b000,jan-p10-t10k,46,3274
sd11-b000,jan-p10-t10k,47,3356
sd11-b000,jan-p10-t10k,48,3442
sd11-b000,jan-p10-t10k,49,3523
sd11-b000,jan-p10-t10k,50,3612
sd11-b000,jan-p10-t10k,51,3694
sd11-b000,jan-p10-t10k,52,3774
sd11-b000,jan-p10-t10k,53,3856
sd11-b000,jan-p10-t10k,54,3941
sd11-b000,jan-p10-t10k,55,4029
sd11-b000,jan-p10-t10k,56,4111
sd11-b000,jan-p10-t10k,57,4193
sd11-b000,jan-p10-t10k,58,4283
sd11-b000,jan-p10-t10k,59,4376
sd11-b000,jan-p10-t10k,60,4464
sd11-b000,jan-p10-t10k,61,4555
sd11-b000,jan-p10-t10k,62,4647
sd11-b000,jan-p10-t10k,63,4739
sd11-b000,jan-p10-t10k,64,4834
sd11-b000,jan-p10-t10k,65,4930
sd11-b000,jan-p10-t10k,66,5030
sd11-b000,jan-p10-t10k,67,5132
sd11-b000,jan-p10-t10k,68,5232
sd11-b000,jan-p10-t10k,69,5333
sd11-b000,jan-p10-t10k,70,5442
sd11-b000,jan-p10-t10k,71,5551
sd11-b000,jan-p10-t10k,72,5652
sd11-b000,jan-p10-t10k,73,5774
sd11-b000,jan-p10-t10k,74,5880
sd11-b000,jan-p10-t10k,75,5996
sd11-b000,jan-p10-t10k,76,6114
sd11-b000,jan-p10-t10k,77,6240
sd11-b000,jan-p10-t10k,78,6373
sd11-b000,jan-p10-t10k,79,6511
sd11-b000,jan-p10-t10k,80,6655
sd11-b000,jan-p10-t10k,81,6799
sd11-b000,jan-p10-t10k,82,6953
sd11-b000,jan-p10-t10k,83,7099
sd11-b000,jan-p10-t10k,84,7257
sd11-b000,jan-p10-t10k,85,7412
sd11-b000,jan-p10-t10k,86,7597
sd11-b000,jan-p10-t10k,87,7761
sd11-b000,jan-p10-t10k,88,7966
sd11-b000,jan-p10-t10k,89,8164
sd11-b000,jan-p10-t10k,90,8366
sd11-b000,jan-p10-t10k,91,8595
sd11-b000,jan-p10-t10k,92,8823
sd11-b000,jan-p10-t10k,93,9074
sd11-b000,jan-p10-t10k,94,9362
sd11-b000,jan-p10-t10k,95,9692
sd11-b000,jan-p10-t10k,96,10153
sd11-b000,jan-p10-t10k,97,10791
sd11-b000,jan-p10-t10k,98,11572
sd11-b000,jan-p10-t10k,99,12750
sd11-b000,jan-p20-t10k,1,80
sd11-b000,jan-p20-t10k,2,163
sd11-b000,jan-p20-t10k,3,245
sd11-b000,jan-p20-t10k,4,326
sd11-b000,jan-p20-t10k,5,403
sd11-b000,jan-p20-t10k,6,483
sd11-b000,jan-p20-t10k,7,566
sd11-b000,jan-p20-t10k,8,646
sd11-b000,jan-p20-t10k,9,729
sd11-b000,jan-p20-t10k,10,813
sd11-b000,jan-p20-t10k,11,895
sd11-b000,jan-p20-t10k,12,973
sd11-b000,jan-p20-t10k,13,1052
sd11-b000,jan-p20-t10k,14,1136
sd11-b000,jan-p20-t10k,15,1218
sd11-b000,jan-p20-t10k,16,1296
sd11-b000,jan-p20-t10k,17,1378
sd11-b000,jan-p20-t10k,18,1458
sd11-b000,jan-p20-t10k,19,1540
sd11-b000,jan-p20-t10k,20,1623
sd11-b000,jan-p20-t10k,21,1705
sd11-b000,jan-p20-t10k,22,1788
sd11-b000,jan-p20-t10k,23,1874
sd11-b000,jan-p20-t10k,24,1955
sd11-b000,jan-p20-t10k,25,2037
sd11-b000,jan-p20-t10k,26,2120
sd11-b000,jan-p20-t10k,27,2207
sd11-b000,jan-p20-t10k,28,2291
sd11-b000,jan-p20-t10k,29,2376
sd11-b000,jan-p20-t10k,30,2458
sd11-b000,jan-p20-t10k,31,2545
sd11-b000,jan-p20-t10k,32,2629
sd11-b000,jan-p20-t10k,33,2717
sd11-b000,jan-p20-t10k,34,2804
sd11-b000,jan-p20-t10k,35,2891
sd11-b000,jan-p20-t10k,36,2979
sd11-b000,jan-p20-t10k,37,3066
sd11-b000,jan-p20-t10k,38,3150
sd11-b000,jan-p20-t10k,39,3238
sd11-b000,jan-p20-t10k,40,3321
sd11-b000,jan-p20-t10k,41,3410
sd11-b000,jan-p20-t10k,42,3499
sd11-b000,jan-p20-t10k,43,3588
sd11-b000,jan-p20-t10k,44,3678
sd11-b000,jan-p20-t10k,45,3764
sd11-b000,jan-p20-t10k,46,3853
sd11-b000,jan-p20-t10k,47,3939
sd11-b000,jan-p20-t10k,48,4026
sd11-b000,jan-p20-t10k,49,4114
sd11-b000,jan-p20-t10k,50,4203
sd11-b000,jan-p20-t10k,51,4290
sd11-b000,jan-p20-t10k,52,4381
sd11-b000,jan-p20-t10k,53,4473
sd11-b000,jan-p20-t10k,54,4563
sd11-b000,jan-p20-t10k,55,4650
sd11-b000,jan-p20-t10k,56,4740
sd11-b000,jan-p20-t10k,57,4831
sd11-b000,jan-p20-t10k,58,4923
sd11-b000,jan-p20-t10k,59,5011
sd11-b000,jan-p20-t10k,60,5106
sd11-b000,jan-p20-t10k,61,5201
sd11-b000,jan-p20-t10k,62,5297
sd11-b000,jan-p20-t10k,63,5390
sd11-b000,jan-p20-t10k,64,5492
sd11-b000,jan-p20-t10k,65,5591
sd11-b000,jan-p20-t10k,66,5690
sd11-b000,jan-p20-t10k,67,5791
sd11-b000,jan-p20-t10k,68,5895
sd11-b000,jan-p20-t10k,69,5997
sd11-b000,jan-p20-t10k,70,6099
sd11-b000,jan-p20-t10k,71,6208
sd11-b000,jan-p20-t10k,72,6314
sd11-b000,jan-p20-t10k,73,6423
sd11-b000,jan-p20-t10k,74,6536
sd11-b000,jan-p20-t10k,75,6645
sd11-b000,jan-p20-t10k,76,6760
sd11-b000,jan-p20-t10k,77,6875
sd11-b000,jan-p20-t10k,78,6996
sd11-b000,jan-p20-t10k,79,7117
sd11-b000,jan-p20-t10k,80,7236
sd11-b000,jan-p20-t10k,81,7357
sd11-b000,jan-p20-t10k,82,7487
sd11-b000,jan-p20-t10k,83,7615
sd11-b000,jan-p20-t10k,84,7753
sd11-b000,jan-p20-t10k,85,7898
sd11-b000,jan-p20-t10k,86,8044
sd11-b000,jan-p20-t10k,87,8197
sd11-b000,jan-p20-t10k,88,8356
sd11-b000,jan-p20-t10k,89,8523
sd11-b000,jan-p20-t10k,90,8691
sd11-b000,jan-p20-t10k,91,8878
sd11-b000,jan-p20-t10k,92,9085
sd11-b000,jan-p20-t10k,93,9323
sd11-b000,jan-p20-t10k,94,9607
sd11-b000,jan-p20-t10k,95,9923
sd11-b000,jan-p20-t10k,96,10285
sd11-b000,jan-p20-t10k,97,10723
sd11-b000,jan-p20-t10k,98,11286
sd11-b000,jan-p20-t10k,99,12287
