# potencia: beta=1 dmax=10000 inf=0.05
# fase: f02
# cenario: media (SD media)
# d = objetos distintos entre dois pedidos ao mesmo objeto
0 0.09706152827
1 0.04853076414
2 0.03235384276
3 0.02426538207
4 0.01941230565
5 0.01617692138
6 0.01386593261
7 0.01213269103
8 0.01078461425
9 0.009706152827
10 0.008823775298
11 0.008088460689
12 0.007466271406
13 0.006932966305
14 0.006470768552
15 0.006066345517
16 0.005709501663
17 0.005392307126
18 0.005108501488
19 0.004853076414
20 0.004621977537
21 0.004411887649
22 0.004220066447
23 0.004044230345
24 0.003882461131
25 0.003733135703
26 0.003594871418
27 0.003466483153
28 0.003346949251
29 0.003235384276
30 0.003131017041
31 0.003033172759
32 0.002941258433
33 0.002854750832
34 0.002773186522
35 0.002696153563
36 0.002623284548
37 0.002554250744
38 0.002488757135
39 0.002426538207
40 0.002367354348
41 0.002310988768
42 0.002257244844
43 0.002205943824
44 0.002156922851
45 0.002110033223
46 0.002065138899
47 0.002022115172
48 0.001980847516
49 0.001941230565
50 0.001903167221
51 0.001866567851
52 0.00183134959
53 0.001797435709
54 0.00176475506
55 0.001733241576
56 0.001702833829
57 0.001673474625
58 0.001645110649
59 0.001617692138
60 0.001591172595
61 0.001565508521
62 0.001540659179
63 0.001516586379
64 0.001493254281
65 0.001470629216
66 0.001448679526
67 0.001427375416
68 0.001406688816
69 0.001386593261
70 0.001367063779
71 0.001348076782
72 0.001329609976
73 0.001311642274
74 0.00129415371
75 0.001277125372
76 0.001260539328
77 0.001244378568
78 0.00122862694
79 0.001213269103
80 0.001198290473
81 0.001183677174
82 0.001169416003
83 0.001155494384
84 0.001141900333
85 0.001128622422
86 0.00111564975
87 0.001102971912
88 0.001090578969
89 0.001078461425
90 0.001066610201
91 0.001055016612
92 0.001043672347
93 0.00103256945
94 0.001021700298
95 0.001011057586
96 0.001000634312
97 0.0009904237579
98 0.0009804194775
99 0.0009706152827
100 0.0009610052304
101 0.0009515836105
102 0.0009423449347
103 0.0009332839257
104 0.0009243955074
105 0.000915674795
106 0.0009071170867
107 0.0008987178544
108 0.0008904727365
109 0.0008823775298
110 0.0008744281826
111 0.0008666207882
112 0.0008589515776
113 0.0008514169147
114 0.0008440132893
115 0.0008367373127
116 0.0008295857117
117 0.0008225553244
118 0.0008156430947
119 0.0008088460689
120 0.0008021613907
121 0.0007955862973
122 0.000789118116
123 0.0007827542603
124 0.0007764922262
125 0.0007703295895
126 0.0007642640022
127 0.0007582931896
128 0.0007524149479
129 0.0007466271406
130 0.0007409276967
131 0.0007353146081
132 0.0007297859269
133 0.0007243397632
134 0.0007189742835
135 0.0007136877079
136 0.0007084783086
137 0.0007033444078
138 0.0006982843761
139 0.0006932966305
140 0.0006883796331
141 0.0006835318893
142 0.000678751946
143 0.0006740383908
144 0.0006693898502
145 0.0006648049882
146 0.0006602825053
147 0.000655821137
148 0.0006514196528
149 0.0006470768552
150 0.000642791578
151 0.000638562686
152 0.0006343890737
153 0.0006302696641
154 0.0006262034082
155 0.0006221892838
156 0.0006182262947
157 0.0006143134701
158 0.0006104498634
159 0.0006066345517
160 0.0006028666352
161 0.0005991452363
162 0.0005954694986
163 0.000591838587
164 0.0005882516865
165 0.0005847080016
166 0.0005812067561
167 0.0005777471921
168 0.0005743285697
169 0.0005709501663
170 0.0005676112765
171 0.0005643112109
172 0.0005610492964
173 0.0005578248751
174 0.0005546373044
175 0.0005514859561
176 0.0005483702162
177 0.0005452894847
178 0.0005422431747
179 0.0005392307126
180 0.0005362515374
181 0.0005333051004
182 0.0005303908649
183 0.0005275083058
184 0.0005246569096
185 0.0005218361735
186 0.0005190456057
187 0.0005162847249
188 0.0005135530596
189 0.0005108501488
190 0.0005081755407
191 0.0005055287931
192 0.0005029094729
193 0.0005003171561
194 0.000497751427
195 0.0004952118789
196 0.0004926981131
197 0.0004902097388
198 0.0004877463732
199 0.0004853076414
200 0.0004828931755
201 0.0004805026152
202 0.0004781356073
203 0.0004757918053
204 0.0004734708696
205 0.0004711724673
206 0.0004688962719
207 0.0004666419629
208 0.0004644092262
209 0.0004621977537
210 0.000460007243
211 0.0004578373975
212 0.0004556879262
213 0.0004535585433
214 0.0004514489687
215 0.0004493589272
216 0.0004472881487
217 0.0004452363682
218 0.0004432033255
219 0.0004411887649
220 0.0004391924356
221 0.0004372140913
222 0.00043525349
223 0.0004333103941
224 0.0004313845701
225 0.0004294757888
226 0.000427583825
227 0.0004257084573
228 0.0004238494684
229 0.0004220066447
230 0.0004201797761
231 0.0004183686564
232 0.0004165730827
233 0.0004147928559
234 0.0004130277799
235 0.0004112776622
236 0.0004095423134
237 0.0004078215474
238 0.0004061151811
239 0.0004044230345
240 0.0004027449306
241 0.0004010806953
242 0.0003994301575
243 0.0003977931487
244 0.0003961695032
245 0.000394559058
246 0.0003929616529
247 0.0003913771301
248 0.0003898053344
249 0.0003882461131
250 0.0003866993158
251 0.0003851647947
252 0.0003836424042
253 0.0003821320011
254 0.0003806334442
255 0.0003791465948
256 0.0003776713162
257 0.0003762074739
258 0.0003747549354
259 0.0003733135703
260 0.0003718832501
261 0.0003704638484
262 0.0003690552406
263 0.0003676573041
264 0.000366269918
265 0.0003648929634
266 0.0003635263231
267 0.0003621698816
268 0.0003608235252
269 0.0003594871418
270 0.0003581606209
271 0.0003568438539
272 0.0003555367336
273 0.0003542391543
274 0.0003529510119
275 0.0003516722039
276 0.0003504026291
277 0.000349142188
278 0.0003478907823
279 0.0003466483153
280 0.0003454146914
281 0.0003441898166
282 0.0003429735981
283 0.0003417659446
284 0.0003405667659
285 0.000339375973
286 0.0003381934783
287 0.0003370191954
288 0.000335853039
289 0.0003346949251
290 0.0003335447707
291 0.0003324024941
292 0.0003312680146
293 0.0003301412526
294 0.0003290221297
295 0.0003279105685
296 0.0003268064925
297 0.0003257098264
298 0.0003246204959
299 0.0003235384276
300 0.0003224635491
301 0.000321395789
302 0.0003203350768
303 0.000319281343
304 0.0003182345189
305 0.0003171945368
306 0.0003161613299
307 0.0003151348321
308 0.0003141149782
309 0.0003131017041
310 0.0003120949462
311 0.0003110946419
312 0.0003101007293
313 0.0003091131474
314 0.0003081318358
315 0.000307156735
316 0.0003061877864
317 0.0003052249317
318 0.0003042681137
319 0.0003033172759
320 0.0003023723622
321 0.0003014333176
322 0.0003005000875
323 0.0002995726181
324 0.0002986508562
325 0.0002977347493
326 0.0002968242455
327 0.0002959192935
328 0.0002950198428
329 0.0002941258433
330 0.0002932372455
331 0.0002923540008
332 0.0002914760609
333 0.0002906033781
334 0.0002897359053
335 0.0002888735961
336 0.0002880164044
337 0.0002871642848
338 0.0002863171925
339 0.0002854750832
340 0.0002846379128
341 0.0002838056382
342 0.0002829782165
343 0.0002821556054
344 0.0002813377631
345 0.0002805246482
346 0.0002797162198
347 0.0002789124376
348 0.0002781132615
349 0.0002773186522
350 0.0002765285706
351 0.0002757429781
352 0.0002749618365
353 0.0002741851081
354 0.0002734127557
355 0.0002726447423
356 0.0002718810316
357 0.0002711215874
358 0.000270366374
359 0.0002696153563
360 0.0002688684994
361 0.0002681257687
362 0.0002673871302
363 0.0002666525502
364 0.0002659219953
365 0.0002651954324
366 0.0002644728291
367 0.0002637541529
368 0.000263039372
369 0.0002623284548
370 0.00026162137
371 0.0002609180868
372 0.0002602185745
373 0.0002595228029
374 0.0002588307421
375 0.0002581423624
376 0.0002574576347
377 0.0002567765298
378 0.0002560990192
379 0.0002554250744
380 0.0002547546674
381 0.0002540877704
382 0.0002534243558
383 0.0002527643965
384 0.0002521078656
385 0.0002514547365
386 0.0002508049826
387 0.000250158578
388 0.0002495154968
389 0.0002488757135
390 0.0002482392027
391 0.0002476059395
392 0.0002469758989
393 0.0002463490565
394 0.000245725388
395 0.0002451048694
396 0.0002444874768
397 0.0002438731866
398 0.0002432619756
399 0.0002426538207
400 0.0002420486989
401 0.0002414465877
402 0.0002408474647
403 0.0002402513076
404 0.0002396580945
405 0.0002390678036
406 0.0002384804134
407 0.0002378959026
408 0.0002373142501
409 0.0002367354348
410 0.0002361594362
411 0.0002355862337
412 0.000235015807
413 0.0002344481359
414 0.0002338832007
415 0.0002333209814
416 0.0002327614587
417 0.0002322046131
418 0.0002316504255
419 0.0002310988768
420 0.0002305499484
421 0.0002300036215
422 0.0002294598777
423 0.0002289186988
424 0.0002283800665
425 0.0002278439631
426 0.0002273103707
427 0.0002267792717
428 0.0002262506487
429 0.0002257244844
430 0.0002252007617
431 0.0002246794636
432 0.0002241605734
433 0.0002236440744
434 0.0002231299501
435 0.0002226181841
436 0.0002221087604
437 0.0002216016627
438 0.0002210968753
439 0.0002205943824
440 0.0002200941684
441 0.0002195962178
442 0.0002191005153
443 0.0002186070457
444 0.0002181157939
445 0.000217626745
446 0.0002171398843
447 0.000216655197
448 0.0002161726688
449 0.0002156922851
450 0.0002152140316
451 0.0002147378944
452 0.0002142638593
453 0.0002137919125
454 0.0002133220402
455 0.0002128542287
456 0.0002123884645
457 0.0002119247342
458 0.0002114630246
459 0.0002110033223
460 0.0002105456145
461 0.000210089888
462 0.0002096361302
463 0.0002091843282
464 0.0002087344694
465 0.0002082865414
466 0.0002078405316
467 0.0002073964279
468 0.0002069542181
469 0.0002065138899
470 0.0002060754316
471 0.0002056388311
472 0.0002052040767
473 0.0002047711567
474 0.0002043400595
475 0.0002039107737
476 0.0002034832878
477 0.0002030575905
478 0.0002026336707
479 0.0002022115172
480 0.0002017911191
481 0.0002013724653
482 0.0002009555451
483 0.0002005403477
484 0.0002001268624
485 0.0001997150788
486 0.0001993049862
487 0.0001988965743
488 0.0001984898329
489 0.0001980847516
490 0.0001976813203
491 0.000197279529
492 0.0001968793677
493 0.0001964808265
494 0.0001960838955
495 0.0001956885651
496 0.0001952948255
497 0.0001949026672
498 0.0001945120807
499 0.0001941230565
500 0.0001937355854
501 0.0001933496579
502 0.000192965265
503 0.0001925823974
504 0.0001922010461
505 0.0001918212021
506 0.0001914428566
507 0.0001910660005
508 0.0001906906253
509 0.0001903167221
510 0.0001899442823
511 0.0001895732974
512 0.0001892037588
513 0.0001888356581
514 0.0001884689869
515 0.000188103737
516 0.0001877398999
517 0.0001873774677
518 0.0001870164321
519 0.0001866567851
520 0.0001862985188
521 0.000185941625
522 0.0001855860961
523 0.0001852319242
524 0.0001848791015
525 0.0001845276203
526 0.000184177473
527 0.000183828652
528 0.0001834811499
529 0.000183134959
530 0.0001827900721
531 0.0001824464817
532 0.0001821041806
533 0.0001817631616
534 0.0001814234173
535 0.0001810849408
536 0.0001807477249
537 0.0001804117626
538 0.0001800770469
539 0.0001797435709
540 0.0001794113277
541 0.0001790803105
542 0.0001787505125
543 0.000178421927
544 0.0001780945473
545 0.0001777683668
546 0.0001774433789
547 0.0001771195771
548 0.000176796955
549 0.000176475506
550 0.0001761552237
551 0.0001758361019
552 0.0001755181343
553 0.0001752013146
554 0.0001748856365
555 0.000174571094
556 0.0001742576809
557 0.0001739453912
558 0.0001736342187
559 0.0001733241576
560 0.0001730152019
561 0.0001727073457
562 0.0001724005831
563 0.0001720949083
564 0.0001717903155
565 0.0001714867991
566 0.0001711843532
567 0.0001708829723
568 0.0001705826507
569 0.0001702833829
570 0.0001699851634
571 0.0001696879865
572 0.0001693918469
573 0.0001690967392
574 0.0001688026579
575 0.0001685095977
576 0.0001682175533
577 0.0001679265195
578 0.000167636491
579 0.0001673474625
580 0.000167059429
581 0.0001667723854
582 0.0001664863264
583 0.000166201247
584 0.0001659171423
585 0.0001656340073
586 0.0001653518369
587 0.0001650706263
588 0.0001647903706
589 0.0001645110649
590 0.0001642327044
591 0.0001639552842
592 0.0001636787998
593 0.0001634032463
594 0.0001631286189
595 0.0001628549132
596 0.0001625821244
597 0.0001623102479
598 0.0001620392793
599 0.0001617692138
600 0.000161500047
601 0.0001612317745
602 0.0001609643918
603 0.0001606978945
604 0.0001604322781
605 0.0001601675384
606 0.000159903671
607 0.0001596406715
608 0.0001593785358
609 0.0001591172595
610 0.0001588568384
611 0.0001585972684
612 0.0001583385453
613 0.0001580806649
614 0.0001578236232
615 0.000157567416
616 0.0001573120393
617 0.0001570574891
618 0.0001568037613
619 0.0001565508521
620 0.0001562987573
621 0.0001560474731
622 0.0001557969956
623 0.000155547321
624 0.0001552984452
625 0.0001550503647
626 0.0001548030754
627 0.0001545565737
628 0.0001543108558
629 0.0001540659179
630 0.0001538217564
631 0.0001535783675
632 0.0001533357477
633 0.0001530938932
634 0.0001528528004
635 0.0001526124658
636 0.0001523728858
637 0.0001521340569
638 0.0001518959754
639 0.0001516586379
640 0.000151422041
641 0.0001511861811
642 0.0001509510549
643 0.0001507166588
644 0.0001504829896
645 0.0001502500438
646 0.000150017818
647 0.0001497863091
648 0.0001495555135
649 0.0001493254281
650 0.0001490960496
651 0.0001488673747
652 0.0001486394001
653 0.0001484121227
654 0.0001481855393
655 0.0001479596468
656 0.0001477344418
657 0.0001475099214
658 0.0001472860824
659 0.0001470629216
660 0.0001468404361
661 0.0001466186228
662 0.0001463974785
663 0.0001461770004
664 0.0001459571854
665 0.0001457380304
666 0.0001455195326
667 0.000145301689
668 0.0001450844967
669 0.0001448679526
670 0.0001446520541
671 0.000144436798
672 0.0001442221817
673 0.0001440082022
674 0.0001437948567
675 0.0001435821424
676 0.0001433700565
677 0.0001431585963
678 0.0001429477589
679 0.0001427375416
680 0.0001425279417
681 0.0001423189564
682 0.0001421105831
683 0.0001419028191
684 0.0001416956617
685 0.0001414891083
686 0.0001412831561
687 0.0001410778027
688 0.0001408730454
689 0.0001406688816
690 0.0001404653086
691 0.0001402623241
692 0.0001400599254
693 0.0001398581099
694 0.0001396568752
695 0.0001394562188
696 0.0001392561381
697 0.0001390566308
698 0.0001388576942
699 0.0001386593261
700 0.0001384615239
701 0.0001382642853
702 0.0001380676078
703 0.000137871489
704 0.0001376759266
705 0.0001374809182
706 0.0001372864615
707 0.0001370925541
708 0.0001368991936
709 0.0001367063779
710 0.0001365141045
711 0.0001363223712
712 0.0001361311757
713 0.0001359405158
714 0.0001357503892
715 0.0001355607937
716 0.000135371727
717 0.000135183187
718 0.0001349951715
719 0.0001348076782
720 0.000134620705
721 0.0001344342497
722 0.0001342483102
723 0.0001340628844
724 0.00013387797
725 0.0001336935651
726 0.0001335096675
727 0.0001333262751
728 0.0001331433858
729 0.0001329609976
730 0.0001327791084
731 0.0001325977162
732 0.0001324168189
733 0.0001322364145
734 0.0001320565011
735 0.0001318770765
736 0.0001316981388
737 0.000131519686
738 0.0001313417162
739 0.0001311642274
740 0.0001309872176
741 0.000130810685
742 0.0001306346276
743 0.0001304590434
744 0.0001302839306
745 0.0001301092872
746 0.0001299351115
747 0.0001297614014
748 0.0001295881552
749 0.000129415371
750 0.000129243047
751 0.0001290711812
752 0.0001288997719
753 0.0001287288173
754 0.0001285583156
755 0.0001283882649
756 0.0001282186635
757 0.0001280495096
758 0.0001278808014
759 0.0001277125372
760 0.0001275447152
761 0.0001273773337
762 0.0001272103909
763 0.0001270438852
764 0.0001268778147
765 0.0001267121779
766 0.000126546973
767 0.0001263821983
768 0.0001262178521
769 0.0001260539328
770 0.0001258904387
771 0.0001257273682
772 0.0001255647196
773 0.0001254024913
774 0.0001252406816
775 0.000125079289
776 0.0001249183118
777 0.0001247577484
778 0.0001245975973
779 0.0001244378568
780 0.0001242785253
781 0.0001241196014
782 0.0001239610834
783 0.0001238029697
784 0.0001236452589
785 0.0001234879495
786 0.0001233310397
787 0.0001231745283
788 0.0001230184135
789 0.000122862694
790 0.0001227073682
791 0.0001225524347
792 0.0001223978919
793 0.0001222437384
794 0.0001220899727
795 0.0001219365933
796 0.0001217835988
797 0.0001216309878
798 0.0001214787588
799 0.0001213269103
800 0.000121175441
801 0.0001210243495
802 0.0001208736342
803 0.0001207232939
804 0.000120573327
805 0.0001204237323
806 0.0001202745084
807 0.0001201256538
808 0.0001199771672
809 0.0001198290473
810 0.0001196812926
811 0.0001195339018
812 0.0001193868736
813 0.0001192402067
814 0.0001190938997
815 0.0001189479513
816 0.0001188023602
817 0.000118657125
818 0.0001185122445
819 0.0001183677174
820 0.0001182235424
821 0.0001180797181
822 0.0001179362433
823 0.0001177931168
824 0.0001176503373
825 0.0001175079035
826 0.0001173658141
827 0.000117224068
828 0.0001170826638
829 0.0001169416003
830 0.0001168008764
831 0.0001166604907
832 0.0001165204421
833 0.0001163807293
834 0.0001162413512
835 0.0001161023065
836 0.0001159635941
837 0.0001158252127
838 0.0001156871612
839 0.0001155494384
840 0.0001154120431
841 0.0001152749742
842 0.0001151382305
843 0.0001150018108
844 0.0001148657139
845 0.0001147299389
846 0.0001145944844
847 0.0001144593494
848 0.0001143245327
849 0.0001141900333
850 0.0001140558499
851 0.0001139219815
852 0.0001137884271
853 0.0001136551853
854 0.0001135222553
855 0.0001133896358
856 0.0001132573259
857 0.0001131253243
858 0.0001129936301
859 0.0001128622422
860 0.0001127311594
861 0.0001126003808
862 0.0001124699053
863 0.0001123397318
864 0.0001122098593
865 0.0001120802867
866 0.000111951013
867 0.0001118220372
868 0.0001116933582
869 0.000111564975
870 0.0001114368867
871 0.0001113090921
872 0.0001111815902
873 0.0001110543802
874 0.0001109274609
875 0.0001108008314
876 0.0001106744906
877 0.0001105484377
878 0.0001104226715
879 0.0001102971912
880 0.0001101719958
881 0.0001100470842
882 0.0001099224556
883 0.0001097981089
884 0.0001096740432
885 0.0001095502576
886 0.0001094267512
887 0.0001093035228
888 0.0001091805717
889 0.0001090578969
890 0.0001089354975
891 0.0001088133725
892 0.000108691521
893 0.0001085699421
894 0.0001084486349
895 0.0001083275985
896 0.000108206832
897 0.0001080863344
898 0.0001079661049
899 0.0001078461425
900 0.0001077264465
901 0.0001076070158
902 0.0001074878497
903 0.0001073689472
904 0.0001072503075
905 0.0001071319297
906 0.0001070138129
907 0.0001068959562
908 0.0001067783589
909 0.0001066610201
910 0.0001065439388
911 0.0001064271143
912 0.0001063105458
913 0.0001061942322
914 0.000106078173
915 0.0001059623671
916 0.0001058468138
917 0.0001057315123
918 0.0001056164617
919 0.0001055016612
920 0.00010538711
921 0.0001052728072
922 0.0001051587522
923 0.000105044944
924 0.0001049313819
925 0.0001048180651
926 0.0001047049927
927 0.0001045921641
928 0.0001044795783
929 0.0001043672347
930 0.0001042551324
931 0.0001041432707
932 0.0001040316487
933 0.0001039202658
934 0.0001038091211
935 0.000103698214
936 0.0001035875435
937 0.000103477109
938 0.0001033669098
939 0.000103256945
940 0.0001031472139
941 0.0001030377158
942 0.0001029284499
943 0.0001028194155
944 0.0001027106119
945 0.0001026020383
946 0.0001024936941
947 0.0001023855783
948 0.0001022776905
949 0.0001021700298
950 0.0001020625955
951 0.0001019553868
952 0.0001018484032
953 0.0001017416439
954 0.0001016351081
955 0.0001015287953
956 0.0001014227046
957 0.0001013168354
958 0.0001012111869
959 0.0001011057586
960 0.0001010005497
961 0.0001008955595
962 0.0001007907874
963 0.0001006862326
964 0.0001005818946
965 0.0001004777725
966 0.0001003738658
967 0.0001002701738
968 0.0001001666958
969 0.0001000634312
970 9.996037927e-05
971 9.985753938e-05
972 9.975491087e-05
973 9.965249309e-05
974 9.955028541e-05
975 9.944828717e-05
976 9.934649772e-05
977 9.924491644e-05
978 9.914354267e-05
979 9.904237579e-05
980 9.894141516e-05
981 9.884066016e-05
982 9.874011015e-05
983 9.863976451e-05
984 9.853962261e-05
985 9.843968385e-05
986 9.833994759e-05
987 9.824041323e-05
988 9.814108016e-05
989 9.804194775e-05
990 9.794301541e-05
991 9.784428253e-05
992 9.774574851e-05
993 9.764741275e-05
994 9.754927465e-05
995 9.745133361e-05
996 9.735358904e-05
997 9.725604035e-05
998 9.715868696e-05
999 9.706152827e-05
1000 9.696456371e-05
1001 9.686779269e-05
1002 9.677121463e-05
1003 9.667482896e-05
1004 9.65786351e-05
1005 9.648263248e-05
1006 9.638682053e-05
1007 9.629119868e-05
1008 9.619576638e-05
1009 9.610052304e-05
1010 9.600546812e-05
1011 9.591060106e-05
1012 9.58159213e-05
1013 9.572142828e-05
1014 9.562712145e-05
1015 9.553300027e-05
1016 9.543906418e-05
1017 9.534531265e-05
1018 9.525174512e-05
1019 9.515836105e-05
1020 9.506515992e-05
1021 9.497214117e-05
1022 9.487930428e-05
1023 9.47866487e-05
1024 9.469417393e-05
1025 9.460187941e-05
1026 9.450976463e-05
1027 9.441782906e-05
1028 9.432607218e-05
1029 9.423449347e-05
1030 9.414309241e-05
1031 9.405186848e-05
1032 9.396082117e-05
1033 9.386994997e-05
1034 9.377925437e-05
1035 9.368873385e-05
1036 9.359838792e-05
1037 9.350821606e-05
1038 9.341821778e-05
1039 9.332839257e-05
1040 9.323873994e-05
1041 9.314925938e-05
1042 9.305995041e-05
1043 9.297081252e-05
1044 9.288184524e-05
1045 9.279304806e-05
1046 9.270442051e-05
1047 9.261596209e-05
1048 9.252767233e-05
1049 9.243955074e-05
1050 9.235159684e-05
1051 9.226381015e-05
1052 9.217619019e-05
1053 9.20887365e-05
1054 9.20014486e-05
1055 9.191432602e-05
1056 9.182736828e-05
1057 9.174057493e-05
1058 9.165394549e-05
1059 9.15674795e-05
1060 9.148117651e-05
1061 9.139503604e-05
1062 9.130905764e-05
1063 9.122324086e-05
1064 9.113758523e-05
1065 9.105209031e-05
1066 9.096675565e-05
1067 9.088158078e-05
1068 9.079656527e-05
1069 9.071170867e-05
1070 9.062701053e-05
1071 9.05424704e-05
1072 9.045808786e-05
1073 9.037386245e-05
1074 9.028979374e-05
1075 9.02058813e-05
1076 9.012212467e-05
1077 9.003852345e-05
1078 8.995507718e-05
1079 8.987178544e-05
1080 8.97886478e-05
1081 8.970566384e-05
1082 8.962283312e-05
1083 8.954015523e-05
1084 8.945762975e-05
1085 8.937525624e-05
1086 8.929303429e-05
1087 8.921096349e-05
1088 8.912904341e-05
1089 8.904727365e-05
1090 8.896565378e-05
1091 8.88841834e-05
1092 8.88028621e-05
1093 8.872168946e-05
1094 8.864066509e-05
1095 8.855978857e-05
1096 8.84790595e-05
1097 8.839847748e-05
1098 8.831804211e-05
1099 8.823775298e-05
1100 8.815760969e-05
1101 8.807761186e-05
1102 8.799775909e-05
1103 8.791805097e-05
1104 8.783848713e-05
1105 8.775906716e-05
1106 8.767979067e-05
1107 8.760065729e-05
1108 8.752166661e-05
1109 8.744281826e-05
1110 8.736411186e-05
1111 8.728554701e-05
1112 8.720712334e-05
1113 8.712884046e-05
1114 8.7050698e-05
1115 8.697269559e-05
1116 8.689483283e-05
1117 8.681710937e-05
1118 8.673952482e-05
1119 8.666207882e-05
1120 8.658477098e-05
1121 8.650760096e-05
1122 8.643056836e-05
1123 8.635367284e-05
1124 8.627691402e-05
1125 8.620029154e-05
1126 8.612380503e-05
1127 8.604745414e-05
1128 8.597123851e-05
1129 8.589515776e-05
1130 8.581921156e-05
1131 8.574339954e-05
1132 8.566772134e-05
1133 8.559217661e-05
1134 8.5516765e-05
1135 8.544148616e-05
1136 8.536633973e-05
1137 8.529132537e-05
1138 8.521644273e-05
1139 8.514169147e-05
1140 8.506707123e-05
1141 8.499258168e-05
1142 8.491822246e-05
1143 8.484399325e-05
1144 8.476989369e-05
1145 8.469592345e-05
1146 8.462208219e-05
1147 8.454836958e-05
1148 8.447478527e-05
1149 8.440132893e-05
1150 8.432800024e-05
1151 8.425479885e-05
1152 8.418172444e-05
1153 8.410877667e-05
1154 8.403595522e-05
1155 8.396325975e-05
1156 8.389068995e-05
1157 8.381824549e-05
1158 8.374592603e-05
1159 8.367373127e-05
1160 8.360166087e-05
1161 8.352971452e-05
1162 8.345789189e-05
1163 8.338619268e-05
1164 8.331461654e-05
1165 8.324316319e-05
1166 8.317183228e-05
1167 8.310062352e-05
1168 8.302953659e-05
1169 8.295857117e-05
1170 8.288772696e-05
1171 8.281700365e-05
1172 8.274640092e-05
1173 8.267591846e-05
1174 8.260555598e-05
1175 8.253531316e-05
1176 8.24651897e-05
1177 8.239518529e-05
1178 8.232529964e-05
1179 8.225553244e-05
1180 8.218588338e-05
1181 8.211635218e-05
1182 8.204693852e-05
1183 8.197764212e-05
1184 8.190846268e-05
1185 8.183939989e-05
1186 8.177045347e-05
1187 8.170162313e-05
1188 8.163290856e-05
1189 8.156430947e-05
1190 8.149582559e-05
1191 8.142745661e-05
1192 8.135920224e-05
1193 8.129106221e-05
1194 8.122303621e-05
1195 8.115512397e-05
1196 8.108732521e-05
1197 8.101963963e-05
1198 8.095206695e-05
1199 8.088460689e-05
1200 8.081725918e-05
1201 8.075002352e-05
1202 8.068289965e-05
1203 8.061588727e-05
1204 8.054898612e-05
1205 8.048219592e-05
1206 8.041551638e-05
1207 8.034894725e-05
1208 8.028248823e-05
1209 8.021613907e-05
1210 8.014989948e-05
1211 8.00837692e-05
1212 8.001774796e-05
1213 7.995183548e-05
1214 7.98860315e-05
1215 7.982033575e-05
1216 7.975474797e-05
1217 7.968926788e-05
1218 7.962389522e-05
1219 7.955862973e-05
1220 7.949347115e-05
1221 7.942841921e-05
1222 7.936347365e-05
1223 7.929863421e-05
1224 7.923390063e-05
1225 7.916927265e-05
1226 7.910475002e-05
1227 7.904033247e-05
1228 7.897601975e-05
1229 7.89118116e-05
1230 7.884770778e-05
1231 7.878370801e-05
1232 7.871981206e-05
1233 7.865601967e-05
1234 7.859233059e-05
1235 7.852874456e-05
1236 7.846526134e-05
1237 7.840188067e-05
1238 7.833860232e-05
1239 7.827542603e-05
1240 7.821235155e-05
1241 7.814937864e-05
1242 7.808650706e-05
1243 7.802373655e-05
1244 7.796106689e-05
1245 7.789849781e-05
1246 7.783602909e-05
1247 7.777366048e-05
1248 7.771139173e-05
1249 7.764922262e-05
1250 7.75871529e-05
1251 7.752518233e-05
1252 7.746331067e-05
1253 7.74015377e-05
1254 7.733986317e-05
1255 7.727828684e-05
1256 7.721680849e-05
1257 7.715542788e-05
1258 7.709414478e-05
1259 7.703295895e-05
1260 7.697187016e-05
1261 7.691087819e-05
1262 7.68499828e-05
1263 7.678918376e-05
1264 7.672848085e-05
1265 7.666787383e-05
1266 7.660736249e-05
1267 7.654694659e-05
1268 7.648662591e-05
1269 7.642640022e-05
1270 7.636626929e-05
1271 7.630623292e-05
1272 7.624629087e-05
1273 7.618644292e-05
1274 7.612668884e-05
1275 7.606702843e-05
1276 7.600746145e-05
1277 7.594798769e-05
1278 7.588860694e-05
1279 7.582931896e-05
1280 7.577012355e-05
1281 7.571102049e-05
1282 7.565200957e-05
1283 7.559309056e-05
1284 7.553426325e-05
1285 7.547552743e-05
1286 7.541688289e-05
1287 7.535832941e-05
1288 7.529986678e-05
1289 7.524149479e-05
1290 7.518321323e-05
1291 7.512502188e-05
1292 7.506692055e-05
1293 7.500890902e-05
1294 7.495098708e-05
1295 7.489315453e-05
1296 7.483541116e-05
1297 7.477775676e-05
1298 7.472019113e-05
1299 7.466271406e-05
1300 7.460532534e-05
1301 7.454802479e-05
1302 7.449081218e-05
1303 7.443368733e-05
1304 7.437665002e-05
1305 7.431970006e-05
1306 7.426283724e-05
1307 7.420606137e-05
1308 7.414937225e-05
1309 7.409276967e-05
1310 7.403625345e-05
1311 7.397982338e-05
1312 7.392347926e-05
1313 7.386722091e-05
1314 7.381104812e-05
1315 7.375496069e-05
1316 7.369895845e-05
1317 7.364304118e-05
1318 7.35872087e-05
1319 7.353146081e-05
1320 7.347579733e-05
1321 7.342021806e-05
1322 7.336472281e-05
1323 7.330931139e-05
1324 7.32539836e-05
1325 7.319873927e-05
1326 7.31435782e-05
1327 7.308850021e-05
1328 7.30335051e-05
1329 7.297859269e-05
1330 7.292376279e-05
1331 7.286901522e-05
1332 7.281434979e-05
1333 7.275976632e-05
1334 7.270526462e-05
1335 7.265084452e-05
1336 7.259650581e-05
1337 7.254224834e-05
1338 7.24880719e-05
1339 7.243397632e-05
1340 7.237996143e-05
1341 7.232602703e-05
1342 7.227217295e-05
1343 7.221839901e-05
1344 7.216470504e-05
1345 7.211109084e-05
1346 7.205755625e-05
1347 7.200410109e-05
1348 7.195072518e-05
1349 7.189742835e-05
1350 7.184421042e-05
1351 7.179107121e-05
1352 7.173801055e-05
1353 7.168502827e-05
1354 7.163212419e-05
1355 7.157929814e-05
1356 7.152654994e-05
1357 7.147387944e-05
1358 7.142128644e-05
1359 7.136877079e-05
1360 7.131633231e-05
1361 7.126397083e-05
1362 7.121168619e-05
1363 7.115947821e-05
1364 7.110734672e-05
1365 7.105529156e-05
1366 7.100331256e-05
1367 7.095140956e-05
1368 7.089958238e-05
1369 7.084783086e-05
1370 7.079615483e-05
1371 7.074455414e-05
1372 7.06930286e-05
1373 7.064157807e-05
1374 7.059020238e-05
1375 7.053890136e-05
1376 7.048767485e-05
1377 7.04365227e-05
1378 7.038544472e-05
1379 7.033444078e-05
1380 7.02835107e-05
1381 7.023265432e-05
1382 7.018187149e-05
1383 7.013116205e-05
1384 7.008052583e-05
1385 7.002996268e-05
1386 6.997947244e-05
1387 6.992905495e-05
1388 6.987871006e-05
1389 6.982843761e-05
1390 6.977823744e-05
1391 6.972810939e-05
1392 6.967805332e-05
1393 6.962806906e-05
1394 6.957815647e-05
1395 6.952831538e-05
1396 6.947854565e-05
1397 6.942884712e-05
1398 6.937921964e-05
1399 6.932966305e-05
1400 6.928017721e-05
1401 6.923076196e-05
1402 6.918141716e-05
1403 6.913214265e-05
1404 6.908293827e-05
1405 6.903380389e-05
1406 6.898473936e-05
1407 6.893574451e-05
1408 6.888681921e-05
1409 6.883796331e-05
1410 6.878917666e-05
1411 6.874045912e-05
1412 6.869181053e-05
1413 6.864323075e-05
1414 6.859471963e-05
1415 6.854627703e-05
1416 6.84979028e-05
1417 6.844959681e-05
1418 6.84013589e-05
1419 6.835318893e-05
1420 6.830508675e-05
1421 6.825705223e-05
1422 6.820908522e-05
1423 6.816118559e-05
1424 6.811335317e-05
1425 6.806558785e-05
1426 6.801788947e-05
1427 6.797025789e-05
1428 6.792269298e-05
1429 6.78751946e-05
1430 6.78277626e-05
1431 6.778039684e-05
1432 6.773309719e-05
1433 6.768586351e-05
1434 6.763869566e-05
1435 6.759159351e-05
1436 6.754455691e-05
1437 6.749758573e-05
1438 6.745067983e-05
1439 6.740383908e-05
1440 6.735706334e-05
1441 6.731035248e-05
1442 6.726370636e-05
1443 6.721712484e-05
1444 6.71706078e-05
1445 6.71241551e-05
1446 6.70777666e-05
1447 6.703144218e-05
1448 6.698518169e-05
1449 6.693898502e-05
1450 6.689285202e-05
1451 6.684678256e-05
1452 6.680077651e-05
1453 6.675483375e-05
1454 6.670895414e-05
1455 6.666313755e-05
1456 6.661738385e-05
1457 6.657169292e-05
1458 6.652606462e-05
1459 6.648049882e-05
1460 6.64349954e-05
1461 6.638955422e-05
1462 6.634417517e-05
1463 6.629885811e-05
1464 6.625360292e-05
1465 6.620840946e-05
1466 6.616327762e-05
1467 6.611820727e-05
1468 6.607319828e-05
1469 6.602825053e-05
1470 6.598336388e-05
1471 6.593853823e-05
1472 6.589377344e-05
1473 6.584906939e-05
1474 6.580442595e-05
1475 6.5759843e-05
1476 6.571532043e-05
1477 6.56708581e-05
1478 6.56264559e-05
1479 6.55821137e-05
1480 6.553783138e-05
1481 6.549360882e-05
1482 6.54494459e-05
1483 6.54053425e-05
1484 6.53612985e-05
1485 6.531731378e-05
1486 6.527338821e-05
1487 6.522952169e-05
1488 6.518571409e-05
1489 6.514196528e-05
1490 6.509827517e-05
1491 6.505464362e-05
1492 6.501107051e-05
1493 6.496755574e-05
1494 6.492409918e-05
1495 6.488070072e-05
1496 6.483736024e-05
1497 6.479407762e-05
1498 6.475085275e-05
1499 6.470768552e-05
1500 6.46645758e-05
1501 6.462152348e-05
1502 6.457852846e-05
1503 6.453559061e-05
1504 6.449270982e-05
1505 6.444988597e-05
1506 6.440711896e-05
1507 6.436440867e-05
1508 6.432175499e-05
1509 6.42791578e-05
1510 6.423661699e-05
1511 6.419413246e-05
1512 6.415170408e-05
1513 6.410933175e-05
1514 6.406701536e-05
1515 6.40247548e-05
1516 6.398254995e-05
1517 6.394040071e-05
1518 6.389830696e-05
1519 6.38562686e-05
1520 6.381428552e-05
1521 6.37723576e-05
1522 6.373048475e-05
1523 6.368866685e-05
1524 6.364690379e-05
1525 6.360519546e-05
1526 6.356354176e-05
1527 6.352194259e-05
1528 6.348039782e-05
1529 6.343890737e-05
1530 6.339747111e-05
1531 6.335608895e-05
1532 6.331476078e-05
1533 6.327348649e-05
1534 6.323226598e-05
1535 6.319109914e-05
1536 6.314998586e-05
1537 6.310892606e-05
1538 6.306791961e-05
1539 6.302696641e-05
1540 6.298606637e-05
1541 6.294521937e-05
1542 6.290442532e-05
1543 6.286368412e-05
1544 6.282299565e-05
1545 6.278235981e-05
1546 6.274177652e-05
1547 6.270124565e-05
1548 6.266076712e-05
1549 6.262034082e-05
1550 6.257996665e-05
1551 6.253964451e-05
1552 6.249937429e-05
1553 6.24591559e-05
1554 6.241898924e-05
1555 6.237887421e-05
1556 6.233881071e-05
1557 6.229879864e-05
1558 6.225883789e-05
1559 6.221892838e-05
1560 6.217907e-05
1561 6.213926266e-05
1562 6.209950625e-05
1563 6.205980069e-05
1564 6.202014586e-05
1565 6.198054168e-05
1566 6.194098805e-05
1567 6.190148487e-05
1568 6.186203204e-05
1569 6.182262947e-05
1570 6.178327707e-05
1571 6.174397473e-05
1572 6.170472236e-05
1573 6.166551987e-05
1574 6.162636716e-05
1575 6.158726413e-05
1576 6.15482107e-05
1577 6.150920676e-05
1578 6.147025223e-05
1579 6.143134701e-05
1580 6.1392491e-05
1581 6.135368412e-05
1582 6.131492626e-05
1583 6.127621734e-05
1584 6.123755727e-05
1585 6.119894595e-05
1586 6.116038329e-05
1587 6.112186919e-05
1588 6.108340357e-05
1589 6.104498634e-05
1590 6.100661739e-05
1591 6.096829665e-05
1592 6.093002403e-05
1593 6.089179942e-05
1594 6.085362274e-05
1595 6.081549391e-05
1596 6.077741282e-05
1597 6.07393794e-05
1598 6.070139354e-05
1599 6.066345517e-05
1600 6.062556419e-05
1601 6.058772052e-05
1602 6.054992406e-05
1603 6.051217473e-05
1604 6.047447244e-05
1605 6.043681711e-05
1606 6.039920863e-05
1607 6.036164694e-05
1608 6.032413193e-05
1609 6.028666352e-05
1610 6.024924163e-05
1611 6.021186617e-05
1612 6.017453706e-05
1613 6.01372542e-05
1614 6.010001751e-05
1615 6.00628269e-05
1616 6.00256823e-05
1617 5.998858361e-05
1618 5.995153074e-05
1619 5.991452363e-05
1620 5.987756217e-05
1621 5.984064628e-05
1622 5.980377589e-05
1623 5.976695091e-05
1624 5.973017125e-05
1625 5.969343682e-05
1626 5.965674756e-05
1627 5.962010336e-05
1628 5.958350416e-05
1629 5.954694986e-05
1630 5.951044039e-05
1631 5.947397566e-05
1632 5.943755559e-05
1633 5.940118009e-05
1634 5.93648491e-05
1635 5.932856251e-05
1636 5.929232026e-05
1637 5.925612227e-05
1638 5.921996844e-05
1639 5.91838587e-05
1640 5.914779298e-05
1641 5.911177118e-05
1642 5.907579323e-05
1643 5.903985905e-05
1644 5.900396856e-05
1645 5.896812167e-05
1646 5.893231832e-05
1647 5.889655842e-05
1648 5.886084189e-05
1649 5.882516865e-05
1650 5.878953863e-05
1651 5.875395174e-05
1652 5.871840791e-05
1653 5.868290706e-05
1654 5.864744911e-05
1655 5.861203398e-05
1656 5.85766616e-05
1657 5.854133189e-05
1658 5.850604477e-05
1659 5.847080016e-05
1660 5.8435598e-05
1661 5.840043819e-05
1662 5.836532067e-05
1663 5.833024536e-05
1664 5.829521218e-05
1665 5.826022105e-05
1666 5.822527191e-05
1667 5.819036467e-05
1668 5.815549927e-05
1669 5.812067561e-05
1670 5.808589364e-05
1671 5.805115327e-05
1672 5.801645444e-05
1673 5.798179706e-05
1674 5.794718106e-05
1675 5.791260637e-05
1676 5.787807291e-05
1677 5.784358062e-05
1678 5.780912941e-05
1679 5.777471921e-05
1680 5.774034995e-05
1681 5.770602157e-05
1682 5.767173397e-05
1683 5.76374871e-05
1684 5.760328087e-05
1685 5.756911523e-05
1686 5.753499009e-05
1687 5.750090538e-05
1688 5.746686103e-05
1689 5.743285697e-05
1690 5.739889312e-05
1691 5.736496943e-05
1692 5.733108581e-05
1693 5.729724219e-05
1694 5.726343851e-05
1695 5.722967469e-05
1696 5.719595066e-05
1697 5.716226636e-05
1698 5.71286217e-05
1699 5.709501663e-05
1700 5.706145107e-05
1701 5.702792496e-05
1702 5.699443821e-05
1703 5.696099077e-05
1704 5.692758257e-05
1705 5.689421353e-05
1706 5.686088358e-05
1707 5.682759267e-05
1708 5.679434071e-05
1709 5.676112765e-05
1710 5.67279534e-05
1711 5.669481792e-05
1712 5.666172112e-05
1713 5.662866294e-05
1714 5.659564331e-05
1715 5.656266216e-05
1716 5.652971944e-05
1717 5.649681506e-05
1718 5.646394897e-05
1719 5.643112109e-05
1720 5.639833136e-05
1721 5.636557972e-05
1722 5.633286609e-05
1723 5.630019041e-05
1724 5.626755262e-05
1725 5.623495265e-05
1726 5.620239043e-05
1727 5.61698659e-05
1728 5.613737899e-05
1729 5.610492964e-05
1730 5.607251778e-05
1731 5.604014335e-05
1732 5.600780627e-05
1733 5.59755065e-05
1734 5.594324396e-05
1735 5.591101859e-05
1736 5.587883032e-05
1737 5.58466791e-05
1738 5.581456485e-05
1739 5.578248751e-05
1740 5.575044703e-05
1741 5.571844333e-05
1742 5.568647635e-05
1743 5.565454603e-05
1744 5.562265231e-05
1745 5.559079512e-05
1746 5.55589744e-05
1747 5.552719009e-05
1748 5.549544212e-05
1749 5.546373044e-05
1750 5.543205498e-05
1751 5.540041568e-05
1752 5.536881248e-05
1753 5.533724531e-05
1754 5.530571412e-05
1755 5.527421883e-05
1756 5.52427594e-05
1757 5.521133576e-05
1758 5.517994785e-05
1759 5.514859561e-05
1760 5.511727897e-05
1761 5.508599789e-05
1762 5.505475228e-05
1763 5.502354211e-05
1764 5.499236729e-05
1765 5.496122779e-05
1766 5.493012353e-05
1767 5.489905445e-05
1768 5.486802051e-05
1769 5.483702162e-05
1770 5.480605775e-05
1771 5.477512882e-05
1772 5.474423478e-05
1773 5.471337558e-05
1774 5.468255114e-05
1775 5.465176142e-05
1776 5.462100634e-05
1777 5.459028587e-05
1778 5.455959993e-05
1779 5.452894847e-05
1780 5.449833143e-05
1781 5.446774875e-05
1782 5.443720038e-05
1783 5.440668625e-05
1784 5.437620632e-05
1785 5.434576051e-05
1786 5.431534878e-05
1787 5.428497107e-05
1788 5.425462732e-05
1789 5.422431747e-05
1790 5.419404147e-05
1791 5.416379926e-05
1792 5.413359078e-05
1793 5.410341598e-05
1794 5.40732748e-05
1795 5.404316719e-05
1796 5.401309309e-05
1797 5.398305243e-05
1798 5.395304518e-05
1799 5.392307126e-05
1800 5.389313064e-05
1801 5.386322324e-05
1802 5.383334901e-05
1803 5.380350791e-05
1804 5.377369987e-05
1805 5.374392485e-05
1806 5.371418277e-05
1807 5.36844736e-05
1808 5.365479728e-05
1809 5.362515374e-05
1810 5.359554295e-05
1811 5.356596483e-05
1812 5.353641935e-05
1813 5.350690644e-05
1814 5.347742605e-05
1815 5.344797812e-05
1816 5.341856262e-05
1817 5.338917947e-05
1818 5.335982863e-05
1819 5.333051004e-05
1820 5.330122365e-05
1821 5.327196941e-05
1822 5.324274727e-05
1823 5.321355717e-05
1824 5.318439905e-05
1825 5.315527288e-05
1826 5.312617858e-05
1827 5.309711612e-05
1828 5.306808544e-05
1829 5.303908649e-05
1830 5.301011921e-05
1831 5.298118356e-05
1832 5.295227947e-05
1833 5.292340691e-05
1834 5.289456582e-05
1835 5.286575614e-05
1836 5.283697783e-05
1837 5.280823083e-05
1838 5.27795151e-05
1839 5.275083058e-05
1840 5.272217723e-05
1841 5.269355498e-05
1842 5.266496379e-05
1843 5.263640362e-05
1844 5.26078744e-05
1845 5.25793761e-05
1846 5.255090865e-05
1847 5.252247201e-05
1848 5.249406613e-05
1849 5.246569096e-05
1850 5.243734645e-05
1851 5.240903255e-05
1852 5.23807492e-05
1853 5.235249637e-05
1854 5.2324274e-05
1855 5.229608204e-05
1856 5.226792045e-05
1857 5.223978917e-05
1858 5.221168815e-05
1859 5.218361735e-05
1860 5.215557672e-05
1861 5.212756621e-05
1862 5.209958576e-05
1863 5.207163534e-05
1864 5.204371489e-05
1865 5.201582437e-05
1866 5.198796372e-05
1867 5.196013291e-05
1868 5.193233187e-05
1869 5.190456057e-05
1870 5.187681896e-05
1871 5.184910698e-05
1872 5.18214246e-05
1873 5.179377176e-05
1874 5.176614841e-05
1875 5.173855452e-05
1876 5.171099002e-05
1877 5.168345488e-05
1878 5.165594905e-05
1879 5.162847249e-05
1880 5.160102513e-05
1881 5.157360695e-05
1882 5.154621788e-05
1883 5.151885789e-05
1884 5.149152694e-05
1885 5.146422496e-05
1886 5.143695192e-05
1887 5.140970777e-05
1888 5.138249247e-05
1889 5.135530596e-05
1890 5.132814821e-05
1891 5.130101917e-05
1892 5.127391879e-05
1893 5.124684703e-05
1894 5.121980384e-05
1895 5.119278917e-05
1896 5.116580299e-05
1897 5.113884524e-05
1898 5.111191589e-05
1899 5.108501488e-05
1900 5.105814217e-05
1901 5.103129773e-05
1902 5.100448149e-05
1903 5.097769342e-05
1904 5.095093348e-05
1905 5.092420161e-05
1906 5.089749778e-05
1907 5.087082195e-05
1908 5.084417406e-05
1909 5.081755407e-05
1910 5.079096194e-05
1911 5.076439763e-05
1912 5.073786109e-05
1913 5.071135229e-05
1914 5.068487116e-05
1915 5.065841768e-05
1916 5.06319918e-05
1917 5.060559347e-05
1918 5.057922265e-05
1919 5.055287931e-05
1920 5.052656339e-05
1921 5.050027486e-05
1922 5.047401366e-05
1923 5.044777977e-05
1924 5.042157313e-05
1925 5.03953937e-05
1926 5.036924145e-05
1927 5.034311632e-05
1928 5.031701829e-05
1929 5.029094729e-05
1930 5.02649033e-05
1931 5.023888627e-05
1932 5.021289616e-05
1933 5.018693292e-05
1934 5.016099652e-05
1935 5.013508692e-05
1936 5.010920406e-05
1937 5.008334792e-05
1938 5.005751845e-05
1939 5.003171561e-05
1940 5.000593935e-05
1941 4.998018964e-05
1942 4.995446643e-05
1943 4.992876969e-05
1944 4.990309937e-05
1945 4.987745543e-05
1946 4.985183784e-05
1947 4.982624655e-05
1948 4.980068152e-05
1949 4.97751427e-05
1950 4.974963007e-05
1951 4.972414358e-05
1952 4.969868319e-05
1953 4.967324886e-05
1954 4.964784055e-05
1955 4.962245822e-05
1956 4.959710183e-05
1957 4.957177133e-05
1958 4.95464667e-05
1959 4.952118789e-05
1960 4.949593487e-05
1961 4.947070758e-05
1962 4.9445506e-05
1963 4.942033008e-05
1964 4.939517978e-05
1965 4.937005507e-05
1966 4.934495591e-05
1967 4.931988225e-05
1968 4.929483406e-05
1969 4.926981131e-05
1970 4.924481394e-05
1971 4.921984192e-05
1972 4.919489522e-05
1973 4.91699738e-05
1974 4.914507761e-05
1975 4.912020662e-05
1976 4.909536079e-05
1977 4.907054008e-05
1978 4.904574445e-05
1979 4.902097388e-05
1980 4.899622831e-05
1981 4.897150771e-05
1982 4.894681204e-05
1983 4.892214127e-05
1984 4.889749535e-05
1985 4.887287426e-05
1986 4.884827794e-05
1987 4.882370638e-05
1988 4.879915951e-05
1989 4.877463732e-05
1990 4.875013977e-05
1991 4.87256668e-05
1992 4.87012184e-05
1993 4.867679452e-05
1994 4.865239512e-05
1995 4.862802018e-05
1996 4.860366964e-05
1997 4.857934348e-05
1998 4.855504166e-05
1999 4.853076414e-05
2000 4.850651088e-05
2001 4.848228186e-05
2002 4.845807702e-05
2003 4.843389634e-05
2004 4.840973979e-05
2005 4.838560731e-05
2006 4.836149889e-05
2007 4.833741448e-05
2008 4.831335404e-05
2009 4.828931755e-05
2010 4.826530496e-05
2011 4.824131624e-05
2012 4.821735135e-05
2013 4.819341027e-05
2014 4.816949294e-05
2015 4.814559934e-05
2016 4.812172944e-05
2017 4.809788319e-05
2018 4.807406056e-05
2019 4.805026152e-05
2020 4.802648603e-05
2021 4.800273406e-05
2022 4.797900557e-05
2023 4.795530053e-05
2024 4.79316189e-05
2025 4.790796065e-05
2026 4.788432574e-05
2027 4.786071414e-05
2028 4.783712581e-05
2029 4.781356073e-05
2030 4.779001884e-05
2031 4.776650013e-05
2032 4.774300456e-05
2033 4.771953209e-05
2034 4.769608269e-05
2035 4.767265632e-05
2036 4.764925296e-05
2037 4.762587256e-05
2038 4.760251509e-05
2039 4.757918053e-05
2040 4.755586883e-05
2041 4.753257996e-05
2042 4.750931389e-05
2043 4.748607058e-05
2044 4.746285001e-05
2045 4.743965214e-05
2046 4.741647693e-05
2047 4.739332435e-05
2048 4.737019437e-05
2049 4.734708696e-05
2050 4.732400208e-05
2051 4.73009397e-05
2052 4.727789979e-05
2053 4.725488231e-05
2054 4.723188724e-05
2055 4.720891453e-05
2056 4.718596416e-05
2057 4.716303609e-05
2058 4.714013029e-05
2059 4.711724673e-05
2060 4.709438538e-05
2061 4.70715462e-05
2062 4.704872917e-05
2063 4.702593424e-05
2064 4.700316139e-05
2065 4.698041059e-05
2066 4.69576818e-05
2067 4.693497499e-05
2068 4.691229013e-05
2069 4.688962719e-05
2070 4.686698613e-05
2071 4.684436693e-05
2072 4.682176955e-05
2073 4.679919396e-05
2074 4.677664013e-05
2075 4.675410803e-05
2076 4.673159763e-05
2077 4.670910889e-05
2078 4.668664179e-05
2079 4.666419629e-05
2080 4.664177236e-05
2081 4.661936997e-05
2082 4.659698909e-05
2083 4.657462969e-05
2084 4.655229174e-05
2085 4.65299752e-05
2086 4.650768005e-05
2087 4.648540626e-05
2088 4.646315379e-05
2089 4.644092262e-05
2090 4.641871271e-05
2091 4.639652403e-05
2092 4.637435656e-05
2093 4.635221025e-05
2094 4.633008509e-05
2095 4.630798105e-05
2096 4.628589808e-05
2097 4.626383616e-05
2098 4.624179527e-05
2099 4.621977537e-05
2100 4.619777643e-05
2101 4.617579842e-05
2102 4.615384131e-05
2103 4.613190507e-05
2104 4.610998968e-05
2105 4.60880951e-05
2106 4.60662213e-05
2107 4.604436825e-05
2108 4.602253593e-05
2109 4.60007243e-05
2110 4.597893334e-05
2111 4.595716301e-05
2112 4.593541329e-05
2113 4.591368414e-05
2114 4.589197554e-05
2115 4.587028746e-05
2116 4.584861987e-05
2117 4.582697274e-05
2118 4.580534605e-05
2119 4.578373975e-05
2120 4.576215383e-05
2121 4.574058825e-05
2122 4.571904299e-05
2123 4.569751802e-05
2124 4.567601331e-05
2125 4.565452882e-05
2126 4.563306454e-05
2127 4.561162043e-05
2128 4.559019646e-05
2129 4.556879262e-05
2130 4.554740886e-05
2131 4.552604516e-05
2132 4.550470149e-05
2133 4.548337782e-05
2134 4.546207413e-05
2135 4.544079039e-05
2136 4.541952657e-05
2137 4.539828264e-05
2138 4.537705857e-05
2139 4.535585433e-05
2140 4.533466991e-05
2141 4.531350526e-05
2142 4.529236037e-05
2143 4.52712352e-05
2144 4.525012973e-05
2145 4.522904393e-05
2146 4.520797777e-05
2147 4.518693123e-05
2148 4.516590427e-05
2149 4.514489687e-05
2150 4.512390901e-05
2151 4.510294065e-05
2152 4.508199177e-05
2153 4.506106234e-05
2154 4.504015233e-05
2155 4.501926172e-05
2156 4.499839048e-05
2157 4.497753859e-05
2158 4.495670601e-05
2159 4.493589272e-05
2160 4.491509869e-05
2161 4.48943239e-05
2162 4.487356832e-05
2163 4.485283192e-05
2164 4.483211468e-05
2165 4.481141656e-05
2166 4.479073755e-05
2167 4.477007762e-05
2168 4.474943673e-05
2169 4.472881487e-05
2170 4.470821201e-05
2171 4.468762812e-05
2172 4.466706317e-05
2173 4.464651715e-05
2174 4.462599001e-05
2175 4.460548174e-05
2176 4.458499232e-05
2177 4.456452171e-05
2178 4.454406988e-05
2179 4.452363682e-05
2180 4.45032225e-05
2181 4.448282689e-05
2182 4.446244997e-05
2183 4.44420917e-05
2184 4.442175207e-05
2185 4.440143105e-05
2186 4.438112861e-05
2187 4.436084473e-05
2188 4.434057939e-05
2189 4.432033255e-05
2190 4.430010419e-05
2191 4.427989429e-05
2192 4.425970282e-05
2193 4.423952975e-05
2194 4.421937507e-05
2195 4.419923874e-05
2196 4.417912074e-05
2197 4.415902105e-05
2198 4.413893964e-05
2199 4.411887649e-05
2200 4.409883156e-05
2201 4.407880485e-05
2202 4.405879631e-05
2203 4.403880593e-05
2204 4.401883368e-05
2205 4.399887954e-05
2206 4.397894349e-05
2207 4.395902549e-05
2208 4.393912552e-05
2209 4.391924356e-05
2210 4.389937959e-05
2211 4.387953358e-05
2212 4.38597055e-05
2213 4.383989534e-05
2214 4.382010306e-05
2215 4.380032864e-05
2216 4.378057207e-05
2217 4.376083331e-05
2218 4.374111234e-05
2219 4.372140913e-05
2220 4.370172367e-05
2221 4.368205593e-05
2222 4.366240588e-05
2223 4.36427735e-05
2224 4.362315877e-05
2225 4.360356167e-05
2226 4.358398216e-05
2227 4.356442023e-05
2228 4.354487585e-05
2229 4.3525349e-05
2230 4.350583966e-05
2231 4.348634779e-05
2232 4.346687339e-05
2233 4.344741642e-05
2234 4.342797686e-05
2235 4.340855468e-05
2236 4.338914988e-05
2237 4.336976241e-05
2238 4.335039226e-05
2239 4.333103941e-05
2240 4.331170383e-05
2241 4.329238549e-05
2242 4.327308438e-05
2243 4.325380048e-05
2244 4.323453375e-05
2245 4.321528418e-05
2246 4.319605175e-05
2247 4.317683642e-05
2248 4.315763818e-05
2249 4.313845701e-05
2250 4.311929288e-05
2251 4.310014577e-05
2252 4.308101566e-05
2253 4.306190252e-05
2254 4.304280633e-05
2255 4.302372707e-05
2256 4.300466472e-05
2257 4.298561925e-05
2258 4.296659065e-05
2259 4.294757888e-05
2260 4.292858393e-05
2261 4.290960578e-05
2262 4.28906444e-05
2263 4.287169977e-05
2264 4.285277186e-05
2265 4.283386067e-05
2266 4.281496616e-05
2267 4.27960883e-05
2268 4.277722709e-05
2269 4.27583825e-05
2270 4.27395545e-05
2271 4.272074308e-05
2272 4.270194821e-05
2273 4.268316987e-05
2274 4.266440803e-05
2275 4.264566269e-05
2276 4.26269338e-05
2277 4.260822137e-05
2278 4.258952535e-05
2279 4.257084573e-05
2280 4.25521825e-05
2281 4.253353562e-05
2282 4.251490507e-05
2283 4.249629084e-05
2284 4.24776929e-05
2285 4.245911123e-05
2286 4.244054581e-05
2287 4.242199662e-05
2288 4.240346364e-05
2289 4.238494684e-05
2290 4.236644621e-05
2291 4.234796173e-05
2292 4.232949336e-05
2293 4.23110411e-05
2294 4.229260491e-05
2295 4.227418479e-05
2296 4.22557807e-05
2297 4.223739263e-05
2298 4.221902056e-05
2299 4.220066447e-05
2300 4.218232433e-05
2301 4.216400012e-05
2302 4.214569183e-05
2303 4.212739942e-05
2304 4.21091229e-05
2305 4.209086222e-05
2306 4.207261737e-05
2307 4.205438833e-05
2308 4.203617509e-05
2309 4.201797761e-05
2310 4.199979588e-05
2311 4.198162988e-05
2312 4.196347958e-05
2313 4.194534498e-05
2314 4.192722604e-05
2315 4.190912274e-05
2316 4.189103508e-05
2317 4.187296302e-05
2318 4.185490654e-05
2319 4.183686564e-05
2320 4.181884027e-05
2321 4.180083044e-05
2322 4.178283611e-05
2323 4.176485726e-05
2324 4.174689388e-05
2325 4.172894595e-05
2326 4.171101344e-05
2327 4.169309634e-05
2328 4.167519462e-05
2329 4.165730827e-05
2330 4.163943727e-05
2331 4.162158159e-05
2332 4.160374122e-05
2333 4.158591614e-05
2334 4.156810633e-05
2335 4.155031176e-05
2336 4.153253242e-05
2337 4.15147683e-05
2338 4.149701936e-05
2339 4.147928559e-05
2340 4.146156697e-05
2341 4.144386348e-05
2342 4.142617511e-05
2343 4.140850182e-05
2344 4.139084361e-05
2345 4.137320046e-05
2346 4.135557234e-05
2347 4.133795923e-05
2348 4.132036112e-05
2349 4.130277799e-05
2350 4.128520981e-05
2351 4.126765658e-05
2352 4.125011826e-05
2353 4.123259485e-05
2354 4.121508632e-05
2355 4.119759265e-05
2356 4.118011382e-05
2357 4.116264982e-05
2358 4.114520062e-05
2359 4.112776622e-05
2360 4.111034658e-05
2361 4.109294169e-05
2362 4.107555153e-05
2363 4.105817609e-05
2364 4.104081534e-05
2365 4.102346926e-05
2366 4.100613784e-05
2367 4.098882106e-05
2368 4.09715189e-05
2369 4.095423134e-05
2370 4.093695836e-05
2371 4.091969995e-05
2372 4.090245608e-05
2373 4.088522674e-05
2374 4.08680119e-05
2375 4.085081156e-05
2376 4.083362569e-05
2377 4.081645428e-05
2378 4.07992973e-05
2379 4.078215474e-05
2380 4.076502657e-05
2381 4.074791279e-05
2382 4.073081338e-05
2383 4.07137283e-05
2384 4.069665756e-05
2385 4.067960112e-05
2386 4.066255898e-05
2387 4.06455311e-05
2388 4.062851749e-05
2389 4.061151811e-05
2390 4.059453295e-05
2391 4.057756199e-05
2392 4.056060521e-05
2393 4.05436626e-05
2394 4.052673414e-05
2395 4.050981981e-05
2396 4.04929196e-05
2397 4.047603348e-05
2398 4.045916143e-05
2399 4.044230345e-05
2400 4.042545951e-05
2401 4.040862959e-05
2402 4.039181368e-05
2403 4.037501176e-05
2404 4.035822381e-05
2405 4.034144982e-05
2406 4.032468977e-05
2407 4.030794364e-05
2408 4.02912114e-05
2409 4.027449306e-05
2410 4.025778858e-05
2411 4.024109796e-05
2412 4.022442117e-05
2413 4.020775819e-05
2414 4.019110902e-05
2415 4.017447362e-05
2416 4.0157852e-05
2417 4.014124412e-05
2418 4.012464997e-05
2419 4.010806953e-05
2420 4.00915028e-05
2421 4.007494974e-05
2422 4.005841035e-05
2423 4.00418846e-05
2424 4.002537248e-05
2425 4.000887398e-05
2426 3.999238907e-05
2427 3.997591774e-05
2428 3.995945997e-05
2429 3.994301575e-05
2430 3.992658506e-05
2431 3.991016788e-05
2432 3.989376419e-05
2433 3.987737398e-05
2434 3.986099724e-05
2435 3.984463394e-05
2436 3.982828407e-05
2437 3.981194761e-05
2438 3.979562455e-05
2439 3.977931487e-05
2440 3.976301855e-05
2441 3.974673557e-05
2442 3.973046593e-05
2443 3.97142096e-05
2444 3.969796657e-05
2445 3.968173682e-05
2446 3.966552034e-05
2447 3.964931711e-05
2448 3.96331271e-05
2449 3.961695032e-05
2450 3.960078673e-05
2451 3.958463633e-05
2452 3.956849909e-05
2453 3.955237501e-05
2454 3.953626406e-05
2455 3.952016624e-05
2456 3.950408151e-05
2457 3.948800988e-05
2458 3.947195131e-05
2459 3.94559058e-05
2460 3.943987333e-05
2461 3.942385389e-05
2462 3.940784745e-05
2463 3.939185401e-05
2464 3.937587354e-05
2465 3.935990603e-05
2466 3.934395147e-05
2467 3.932800984e-05
2468 3.931208112e-05
2469 3.929616529e-05
2470 3.928026235e-05
2471 3.926437228e-05
2472 3.924849506e-05
2473 3.923263067e-05
2474 3.92167791e-05
2475 3.920094034e-05
2476 3.918511436e-05
2477 3.916930116e-05
2478 3.915350072e-05
2479 3.913771301e-05
2480 3.912193804e-05
2481 3.910617578e-05
2482 3.909042621e-05
2483 3.907468932e-05
2484 3.90589651e-05
2485 3.904325353e-05
2486 3.902755459e-05
2487 3.901186828e-05
2488 3.899619457e-05
2489 3.898053344e-05
2490 3.89648849e-05
2491 3.894924891e-05
2492 3.893362546e-05
2493 3.891801454e-05
2494 3.890241614e-05
2495 3.888683024e-05
2496 3.887125682e-05
2497 3.885569587e-05
2498 3.884014737e-05
2499 3.882461131e-05
2500 3.880908767e-05
2501 3.879357645e-05
2502 3.877807762e-05
2503 3.876259116e-05
2504 3.874711708e-05
2505 3.873165534e-05
2506 3.871620593e-05
2507 3.870076885e-05
2508 3.868534407e-05
2509 3.866993158e-05
2510 3.865453137e-05
2511 3.863914342e-05
2512 3.862376772e-05
2513 3.860840425e-05
2514 3.859305299e-05
2515 3.857771394e-05
2516 3.856238708e-05
2517 3.854707239e-05
2518 3.853176986e-05
2519 3.851647947e-05
2520 3.850120122e-05
2521 3.848593508e-05
2522 3.847068104e-05
2523 3.845543909e-05
2524 3.844020922e-05
2525 3.84249914e-05
2526 3.840978562e-05
2527 3.839459188e-05
2528 3.837941015e-05
2529 3.836424042e-05
2530 3.834908268e-05
2531 3.833393692e-05
2532 3.831880311e-05
2533 3.830368124e-05
2534 3.828857131e-05
2535 3.827347329e-05
2536 3.825838718e-05
2537 3.824331295e-05
2538 3.82282506e-05
2539 3.821320011e-05
2540 3.819816146e-05
2541 3.818313465e-05
2542 3.816811965e-05
2543 3.815311646e-05
2544 3.813812506e-05
2545 3.812314543e-05
2546 3.810817757e-05
2547 3.809322146e-05
2548 3.807827708e-05
2549 3.806334442e-05
2550 3.804842347e-05
2551 3.803351421e-05
2552 3.801861664e-05
2553 3.800373073e-05
2554 3.798885647e-05
2555 3.797399385e-05
2556 3.795914285e-05
2557 3.794430347e-05
2558 3.792947568e-05
2559 3.791465948e-05
2560 3.789985485e-05
2561 3.788506178e-05
2562 3.787028025e-05
2563 3.785551025e-05
2564 3.784075176e-05
2565 3.782600478e-05
2566 3.781126929e-05
2567 3.779654528e-05
2568 3.778183273e-05
2569 3.776713162e-05
2570 3.775244196e-05
2571 3.773776371e-05
2572 3.772309688e-05
2573 3.770844144e-05
2574 3.769379739e-05
2575 3.76791647e-05
2576 3.766454337e-05
2577 3.764993339e-05
2578 3.763533473e-05
2579 3.762074739e-05
2580 3.760617136e-05
2581 3.759160661e-05
2582 3.757705315e-05
2583 3.756251094e-05
2584 3.754797999e-05
2585 3.753346028e-05
2586 3.751895179e-05
2587 3.750445451e-05
2588 3.748996843e-05
2589 3.747549354e-05
2590 3.746102982e-05
2591 3.744657727e-05
2592 3.743213586e-05
2593 3.741770558e-05
2594 3.740328643e-05
2595 3.738887838e-05
2596 3.737448143e-05
2597 3.736009556e-05
2598 3.734572077e-05
2599 3.733135703e-05
2600 3.731700433e-05
2601 3.730266267e-05
2602 3.728833203e-05
2603 3.727401239e-05
2604 3.725970375e-05
2605 3.724540609e-05
2606 3.72311194e-05
2607 3.721684366e-05
2608 3.720257887e-05
2609 3.718832501e-05
2610 3.717408207e-05
2611 3.715985003e-05
2612 3.714562888e-05
2613 3.713141862e-05
2614 3.711721923e-05
2615 3.710303069e-05
2616 3.708885299e-05
2617 3.707468612e-05
2618 3.706053008e-05
2619 3.704638484e-05
2620 3.703225039e-05
2621 3.701812673e-05
2622 3.700401383e-05
2623 3.698991169e-05
2624 3.697582029e-05
2625 3.696173963e-05
2626 3.694766969e-05
2627 3.693361045e-05
2628 3.691956191e-05
2629 3.690552406e-05
2630 3.689149687e-05
2631 3.687748035e-05
2632 3.686347447e-05
2633 3.684947922e-05
2634 3.68354946e-05
2635 3.682152059e-05
2636 3.680755718e-05
2637 3.679360435e-05
2638 3.67796621e-05
2639 3.676573041e-05
2640 3.675180927e-05
2641 3.673789867e-05
2642 3.672399859e-05
2643 3.671010903e-05
2644 3.669622997e-05
2645 3.66823614e-05
2646 3.666850331e-05
2647 3.665465569e-05
2648 3.664081853e-05
2649 3.66269918e-05
2650 3.661317551e-05
2651 3.659936964e-05
2652 3.658557417e-05
2653 3.65717891e-05
2654 3.655801442e-05
2655 3.65442501e-05
2656 3.653049615e-05
2657 3.651675255e-05
2658 3.650301928e-05
2659 3.648929634e-05
2660 3.647558372e-05
2661 3.64618814e-05
2662 3.644818936e-05
2663 3.643450761e-05
2664 3.642083613e-05
2665 3.64071749e-05
2666 3.639352391e-05
2667 3.637988316e-05
2668 3.636625263e-05
2669 3.635263231e-05
2670 3.633902219e-05
2671 3.632542226e-05
2672 3.63118325e-05
2673 3.629825291e-05
2674 3.628468347e-05
2675 3.627112417e-05
2676 3.6257575e-05
2677 3.624403595e-05
2678 3.623050701e-05
2679 3.621698816e-05
2680 3.62034794e-05
2681 3.618998071e-05
2682 3.617649209e-05
2683 3.616301351e-05
2684 3.614954498e-05
2685 3.613608648e-05
2686 3.612263799e-05
2687 3.610919951e-05
2688 3.609577102e-05
2689 3.608235252e-05
2690 3.606894399e-05
2691 3.605554542e-05
2692 3.60421568e-05
2693 3.602877813e-05
2694 3.601540938e-05
2695 3.600205055e-05
2696 3.598870162e-05
2697 3.597536259e-05
2698 3.596203345e-05
2699 3.594871418e-05
2700 3.593540477e-05
2701 3.592210521e-05
2702 3.590881549e-05
2703 3.58955356e-05
2704 3.588226554e-05
2705 3.586900527e-05
2706 3.585575481e-05
2707 3.584251413e-05
2708 3.582928323e-05
2709 3.581606209e-05
2710 3.580285071e-05
2711 3.578964907e-05
2712 3.577645716e-05
2713 3.576327497e-05
2714 3.575010249e-05
2715 3.573693972e-05
2716 3.572378663e-05
2717 3.571064322e-05
2718 3.569750948e-05
2719 3.568438539e-05
2720 3.567127096e-05
2721 3.565816615e-05
2722 3.564507098e-05
2723 3.563198542e-05
2724 3.561890946e-05
2725 3.560584309e-05
2726 3.559278631e-05
2727 3.55797391e-05
2728 3.556670146e-05
2729 3.555367336e-05
2730 3.554065481e-05
2731 3.552764578e-05
2732 3.551464628e-05
2733 3.550165628e-05
2734 3.548867579e-05
2735 3.547570478e-05
2736 3.546274325e-05
2737 3.544979119e-05
2738 3.543684858e-05
2739 3.542391543e-05
2740 3.541099171e-05
2741 3.539807742e-05
2742 3.538517254e-05
2743 3.537227707e-05
2744 3.535939099e-05
2745 3.53465143e-05
2746 3.533364699e-05
2747 3.532078904e-05
2748 3.530794044e-05
2749 3.529510119e-05
2750 3.528227127e-05
2751 3.526945068e-05
2752 3.52566394e-05
2753 3.524383743e-05
2754 3.523104475e-05
2755 3.521826135e-05
2756 3.520548722e-05
2757 3.519272236e-05
2758 3.517996675e-05
2759 3.516722039e-05
2760 3.515448326e-05
2761 3.514175535e-05
2762 3.512903665e-05
2763 3.511632716e-05
2764 3.510362686e-05
2765 3.509093575e-05
2766 3.50782538e-05
2767 3.506558102e-05
2768 3.50529174e-05
2769 3.504026291e-05
2770 3.502761757e-05
2771 3.501498134e-05
2772 3.500235423e-05
2773 3.498973622e-05
2774 3.497712731e-05
2775 3.496452748e-05
2776 3.495193672e-05
2777 3.493935503e-05
2778 3.492678239e-05
2779 3.49142188e-05
2780 3.490166425e-05
2781 3.488911872e-05
2782 3.48765822e-05
2783 3.48640547e-05
2784 3.485153618e-05
2785 3.483902666e-05
2786 3.482652611e-05
2787 3.481403453e-05
2788 3.480155191e-05
2789 3.478907823e-05
2790 3.47766135e-05
2791 3.476415769e-05
2792 3.47517108e-05
2793 3.473927283e-05
2794 3.472684375e-05
2795 3.471442356e-05
2796 3.470201225e-05
2797 3.468960982e-05
2798 3.467721625e-05
2799 3.466483153e-05
2800 3.465245565e-05
2801 3.464008861e-05
2802 3.462773039e-05
2803 3.461538098e-05
2804 3.460304038e-05
2805 3.459070858e-05
2806 3.457838556e-05
2807 3.456607132e-05
2808 3.455376585e-05
2809 3.454146914e-05
2810 3.452918117e-05
2811 3.451690195e-05
2812 3.450463145e-05
2813 3.449236968e-05
2814 3.448011662e-05
2815 3.446787226e-05
2816 3.445563659e-05
2817 3.444340961e-05
2818 3.44311913e-05
2819 3.441898166e-05
2820 3.440678067e-05
2821 3.439458833e-05
2822 3.438240463e-05
2823 3.437022956e-05
2824 3.435806311e-05
2825 3.434590526e-05
2826 3.433375602e-05
2827 3.432161537e-05
2828 3.430948331e-05
2829 3.429735981e-05
2830 3.428524489e-05
2831 3.427313851e-05
2832 3.426104069e-05
2833 3.42489514e-05
2834 3.423687064e-05
2835 3.42247984e-05
2836 3.421273468e-05
2837 3.420067945e-05
2838 3.418863271e-05
2839 3.417659446e-05
2840 3.416456469e-05
2841 3.415254338e-05
2842 3.414053052e-05
2843 3.412852612e-05
2844 3.411653015e-05
2845 3.410454261e-05
2846 3.40925635e-05
2847 3.408059279e-05
2848 3.406863049e-05
2849 3.405667659e-05
2850 3.404473107e-05
2851 3.403279392e-05
2852 3.402086515e-05
2853 3.400894474e-05
2854 3.399703267e-05
2855 3.398512895e-05
2856 3.397323356e-05
2857 3.396134649e-05
2858 3.394946774e-05
2859 3.39375973e-05
2860 3.392573515e-05
2861 3.39138813e-05
2862 3.390203572e-05
2863 3.389019842e-05
2864 3.387836938e-05
2865 3.38665486e-05
2866 3.385473606e-05
2867 3.384293176e-05
2868 3.383113568e-05
2869 3.381934783e-05
2870 3.380756819e-05
2871 3.379579675e-05
2872 3.378403351e-05
2873 3.377227845e-05
2874 3.376053157e-05
2875 3.374879286e-05
2876 3.373706231e-05
2877 3.372533991e-05
2878 3.371362566e-05
2879 3.370191954e-05
2880 3.369022155e-05
2881 3.367853167e-05
2882 3.36668499e-05
2883 3.365517624e-05
2884 3.364351067e-05
2885 3.363185318e-05
2886 3.362020377e-05
2887 3.360856242e-05
2888 3.359692914e-05
2889 3.35853039e-05
2890 3.357368671e-05
2891 3.356207755e-05
2892 3.355047642e-05
2893 3.35388833e-05
2894 3.352729819e-05
2895 3.351572109e-05
2896 3.350415198e-05
2897 3.349259085e-05
2898 3.348103769e-05
2899 3.346949251e-05
2900 3.345795528e-05
2901 3.344642601e-05
2902 3.343490468e-05
2903 3.342339128e-05
2904 3.341188581e-05
2905 3.340038826e-05
2906 3.338889861e-05
2907 3.337741688e-05
2908 3.336594303e-05
2909 3.335447707e-05
2910 3.334301899e-05
2911 3.333156878e-05
2912 3.332012642e-05
2913 3.330869193e-05
2914 3.329726527e-05
2915 3.328584646e-05
2916 3.327443547e-05
2917 3.326303231e-05
2918 3.325163696e-05
2919 3.324024941e-05
2920 3.322886966e-05
2921 3.32174977e-05
2922 3.320613352e-05
2923 3.319477711e-05
2924 3.318342847e-05
2925 3.317208759e-05
2926 3.316075445e-05
2927 3.314942906e-05
2928 3.313811139e-05
2929 3.312680146e-05
2930 3.311549924e-05
2931 3.310420473e-05
2932 3.309291792e-05
2933 3.308163881e-05
2934 3.307036738e-05
2935 3.305910364e-05
2936 3.304784756e-05
2937 3.303659914e-05
2938 3.302535838e-05
2939 3.301412526e-05
2940 3.300289979e-05
2941 3.299168194e-05
2942 3.298047172e-05
2943 3.296926911e-05
2944 3.295807412e-05
2945 3.294688672e-05
2946 3.293570691e-05
2947 3.292453469e-05
2948 3.291337005e-05
2949 3.290221297e-05
2950 3.289106346e-05
2951 3.28799215e-05
2952 3.286878709e-05
2953 3.285766021e-05
2954 3.284654087e-05
2955 3.283542905e-05
2956 3.282432475e-05
2957 3.281322795e-05
2958 3.280213865e-05
2959 3.279105685e-05
2960 3.277998253e-05
2961 3.276891569e-05
2962 3.275785632e-05
2963 3.274680441e-05
2964 3.273575996e-05
2965 3.272472295e-05
2966 3.271369339e-05
2967 3.270267125e-05
2968 3.269165654e-05
2969 3.268064925e-05
2970 3.266964937e-05
2971 3.265865689e-05
2972 3.26476718e-05
2973 3.263669411e-05
2974 3.262572379e-05
2975 3.261476084e-05
2976 3.260380526e-05
2977 3.259285704e-05
2978 3.258191617e-05
2979 3.257098264e-05
2980 3.256005645e-05
2981 3.254913758e-05
2982 3.253822604e-05
2983 3.252732181e-05
2984 3.251642488e-05
2985 3.250553526e-05
2986 3.249465292e-05
2987 3.248377787e-05
2988 3.247291009e-05
2989 3.246204959e-05
2990 3.245119635e-05
2991 3.244035036e-05
2992 3.242951162e-05
2993 3.241868012e-05
2994 3.240785585e-05
2995 3.239703881e-05
2996 3.238622899e-05
2997 3.237542638e-05
2998 3.236463097e-05
2999 3.235384276e-05
3000 3.234306174e-05
3001 3.23322879e-05
3002 3.232152124e-05
3003 3.231076174e-05
3004 3.230000941e-05
3005 3.228926423e-05
3006 3.22785262e-05
3007 3.22677953e-05
3008 3.225707154e-05
3009 3.224635491e-05
3010 3.223564539e-05
3011 3.222494299e-05
3012 3.221424768e-05
3013 3.220355948e-05
3014 3.219287837e-05
3015 3.218220433e-05
3016 3.217153738e-05
3017 3.216087749e-05
3018 3.215022467e-05
3019 3.21395789e-05
3020 3.212894018e-05
3021 3.21183085e-05
3022 3.210768385e-05
3023 3.209706623e-05
3024 3.208645563e-05
3025 3.207585204e-05
3026 3.206525546e-05
3027 3.205466588e-05
3028 3.204408329e-05
3029 3.203350768e-05
3030 3.202293905e-05
3031 3.20123774e-05
3032 3.200182271e-05
3033 3.199127497e-05
3034 3.198073419e-05
3035 3.197020035e-05
3036 3.195967345e-05
3037 3.194915348e-05
3038 3.193864043e-05
3039 3.19281343e-05
3040 3.191763508e-05
3041 3.190714276e-05
3042 3.189665734e-05
3043 3.18861788e-05
3044 3.187570715e-05
3045 3.186524237e-05
3046 3.185478447e-05
3047 3.184433342e-05
3048 3.183388923e-05
3049 3.182345189e-05
3050 3.181302139e-05
3051 3.180259773e-05
3052 3.17921809e-05
3053 3.178177088e-05
3054 3.177136768e-05
3055 3.176097129e-05
3056 3.175058171e-05
3057 3.174019891e-05
3058 3.172982291e-05
3059 3.171945368e-05
3060 3.170909124e-05
3061 3.169873556e-05
3062 3.168838664e-05
3063 3.167804448e-05
3064 3.166770906e-05
3065 3.165738039e-05
3066 3.164705845e-05
3067 3.163674324e-05
3068 3.162643476e-05
3069 3.161613299e-05
3070 3.160583793e-05
3071 3.159554957e-05
3072 3.158526791e-05
3073 3.157499293e-05
3074 3.156472464e-05
3075 3.155446303e-05
3076 3.154420808e-05
3077 3.15339598e-05
3078 3.152371818e-05
3079 3.151348321e-05
3080 3.150325488e-05
3081 3.149303318e-05
3082 3.148281812e-05
3083 3.147260969e-05
3084 3.146240787e-05
3085 3.145221266e-05
3086 3.144202406e-05
3087 3.143184206e-05
3088 3.142166665e-05
3089 3.141149782e-05
3090 3.140133558e-05
3091 3.139117991e-05
3092 3.13810308e-05
3093 3.137088826e-05
3094 3.136075227e-05
3095 3.135062283e-05
3096 3.134049993e-05
3097 3.133038356e-05
3098 3.132027372e-05
3099 3.131017041e-05
3100 3.130007361e-05
3101 3.128998332e-05
3102 3.127989954e-05
3103 3.126982225e-05
3104 3.125975146e-05
3105 3.124968715e-05
3106 3.123962931e-05
3107 3.122957795e-05
3108 3.121953306e-05
3109 3.120949462e-05
3110 3.119946264e-05
3111 3.118943711e-05
3112 3.117941801e-05
3113 3.116940535e-05
3114 3.115939912e-05
3115 3.114939932e-05
3116 3.113940593e-05
3117 3.112941895e-05
3118 3.111943837e-05
3119 3.110946419e-05
3120 3.10994964e-05
3121 3.1089535e-05
3122 3.107957998e-05
3123 3.106963133e-05
3124 3.105968905e-05
3125 3.104975313e-05
3126 3.103982356e-05
3127 3.102990034e-05
3128 3.101998347e-05
3129 3.101007293e-05
3130 3.100016872e-05
3131 3.099027084e-05
3132 3.098037928e-05
3133 3.097049402e-05
3134 3.096061508e-05
3135 3.095074243e-05
3136 3.094087608e-05
3137 3.093101602e-05
3138 3.092116224e-05
3139 3.091131474e-05
3140 3.09014735e-05
3141 3.089163853e-05
3142 3.088180982e-05
3143 3.087198736e-05
3144 3.086217115e-05
3145 3.085236118e-05
3146 3.084255744e-05
3147 3.083275993e-05
3148 3.082296865e-05
3149 3.081318358e-05
3150 3.080340472e-05
3151 3.079363207e-05
3152 3.078386561e-05
3153 3.077410535e-05
3154 3.076435128e-05
3155 3.075460338e-05
3156 3.074486166e-05
3157 3.073512612e-05
3158 3.072539673e-05
3159 3.07156735e-05
3160 3.070595643e-05
3161 3.06962455e-05
3162 3.068654071e-05
3163 3.067684206e-05
3164 3.066714953e-05
3165 3.065746313e-05
3166 3.064778285e-05
3167 3.063810867e-05
3168 3.06284406e-05
3169 3.061877864e-05
3170 3.060912276e-05
3171 3.059947297e-05
3172 3.058982927e-05
3173 3.058019164e-05
3174 3.057056009e-05
3175 3.05609346e-05
3176 3.055131516e-05
3177 3.054170179e-05
3178 3.053209446e-05
3179 3.052249317e-05
3180 3.051289792e-05
3181 3.05033087e-05
3182 3.04937255e-05
3183 3.048414833e-05
3184 3.047457717e-05
3185 3.046501201e-05
3186 3.045545286e-05
3187 3.044589971e-05
3188 3.043635255e-05
3189 3.042681137e-05
3190 3.041727617e-05
3191 3.040774695e-05
3192 3.03982237e-05
3193 3.038870641e-05
3194 3.037919508e-05
3195 3.03696897e-05
3196 3.036019026e-05
3197 3.035069677e-05
3198 3.034120921e-05
3199 3.033172759e-05
3200 3.032225188e-05
3201 3.03127821e-05
3202 3.030331822e-05
3203 3.029386026e-05
3204 3.02844082e-05
3205 3.027496203e-05
3206 3.026552176e-05
3207 3.025608737e-05
3208 3.024665886e-05
3209 3.023723622e-05
3210 3.022781946e-05
3211 3.021840855e-05
3212 3.020900351e-05
3213 3.019960432e-05
3214 3.019021097e-05
3215 3.018082347e-05
3216 3.01714418e-05
3217 3.016206596e-05
3218 3.015269595e-05
3219 3.014333176e-05
3220 3.013397339e-05
3221 3.012462082e-05
3222 3.011527405e-05
3223 3.010593309e-05
3224 3.009659791e-05
3225 3.008726853e-05
3226 3.007794493e-05
3227 3.00686271e-05
3228 3.005931504e-05
3229 3.005000875e-05
3230 3.004070822e-05
3231 3.003141345e-05
3232 3.002212443e-05
3233 3.001284115e-05
3234 3.000356361e-05
3235 2.99942918e-05
3236 2.998502573e-05
3237 2.997576537e-05
3238 2.996651074e-05
3239 2.995726181e-05
3240 2.99480186e-05
3241 2.993878108e-05
3242 2.992954927e-05
3243 2.992032314e-05
3244 2.99111027e-05
3245 2.990188795e-05
3246 2.989267886e-05
3247 2.988347545e-05
3248 2.987427771e-05
3249 2.986508562e-05
3250 2.985589919e-05
3251 2.984671841e-05
3252 2.983754328e-05
3253 2.982837378e-05
3254 2.981920992e-05
3255 2.981005168e-05
3256 2.980089907e-05
3257 2.979175208e-05
3258 2.97826107e-05
3259 2.977347493e-05
3260 2.976434476e-05
3261 2.975522019e-05
3262 2.974610122e-05
3263 2.973698783e-05
3264 2.972788002e-05
3265 2.971877779e-05
3266 2.970968114e-05
3267 2.970059005e-05
3268 2.969150452e-05
3269 2.968242455e-05
3270 2.967335013e-05
3271 2.966428126e-05
3272 2.965521793e-05
3273 2.964616013e-05
3274 2.963710787e-05
3275 2.962806113e-05
3276 2.961901992e-05
3277 2.960998422e-05
3278 2.960095403e-05
3279 2.959192935e-05
3280 2.958291017e-05
3281 2.957389649e-05
3282 2.95648883e-05
3283 2.955588559e-05
3284 2.954688836e-05
3285 2.953789661e-05
3286 2.952891034e-05
3287 2.951992952e-05
3288 2.951095417e-05
3289 2.950198428e-05
3290 2.949301983e-05
3291 2.948406084e-05
3292 2.947510728e-05
3293 2.946615916e-05
3294 2.945721647e-05
3295 2.944827921e-05
3296 2.943934737e-05
3297 2.943042094e-05
3298 2.942149993e-05
3299 2.941258433e-05
3300 2.940367412e-05
3301 2.939476931e-05
3302 2.93858699e-05
3303 2.937697587e-05
3304 2.936808722e-05
3305 2.935920395e-05
3306 2.935032606e-05
3307 2.934145353e-05
3308 2.933258636e-05
3309 2.932372455e-05
3310 2.93148681e-05
3311 2.930601699e-05
3312 2.929717123e-05
3313 2.92883308e-05
3314 2.927949571e-05
3315 2.927066595e-05
3316 2.926184151e-05
3317 2.925302239e-05
3318 2.924420858e-05
3319 2.923540008e-05
3320 2.922659689e-05
3321 2.9217799e-05
3322 2.92090064e-05
3323 2.92002191e-05
3324 2.919143707e-05
3325 2.918266033e-05
3326 2.917388887e-05
3327 2.916512268e-05
3328 2.915636175e-05
3329 2.914760609e-05
3330 2.913885568e-05
3331 2.913011053e-05
3332 2.912137062e-05
3333 2.911263595e-05
3334 2.910390653e-05
3335 2.909518234e-05
3336 2.908646337e-05
3337 2.907774963e-05
3338 2.906904111e-05
3339 2.906033781e-05
3340 2.905163971e-05
3341 2.904294682e-05
3342 2.903425913e-05
3343 2.902557664e-05
3344 2.901689933e-05
3345 2.900822722e-05
3346 2.899956028e-05
3347 2.899089853e-05
3348 2.898224194e-05
3349 2.897359053e-05
3350 2.896494428e-05
3351 2.895630318e-05
3352 2.894766725e-05
3353 2.893903646e-05
3354 2.893041081e-05
3355 2.892179031e-05
3356 2.891317494e-05
3357 2.89045647e-05
3358 2.889595959e-05
3359 2.888735961e-05
3360 2.887876473e-05
3361 2.887017498e-05
3362 2.886159033e-05
3363 2.885301078e-05
3364 2.884443634e-05
3365 2.883586699e-05
3366 2.882730272e-05
3367 2.881874355e-05
3368 2.881018945e-05
3369 2.880164044e-05
3370 2.879309649e-05
3371 2.878455761e-05
3372 2.87760238e-05
3373 2.876749504e-05
3374 2.875897134e-05
3375 2.875045269e-05
3376 2.874193908e-05
3377 2.873343051e-05
3378 2.872492698e-05
3379 2.871642848e-05
3380 2.870793501e-05
3381 2.869944656e-05
3382 2.869096313e-05
3383 2.868248471e-05
3384 2.867401131e-05
3385 2.86655429e-05
3386 2.86570795e-05
3387 2.86486211e-05
3388 2.864016768e-05
3389 2.863171925e-05
3390 2.862327581e-05
3391 2.861483734e-05
3392 2.860640385e-05
3393 2.859797533e-05
3394 2.858955177e-05
3395 2.858113318e-05
3396 2.857271954e-05
3397 2.856431085e-05
3398 2.855590711e-05
3399 2.854750832e-05
3400 2.853911446e-05
3401 2.853072554e-05
3402 2.852234154e-05
3403 2.851396248e-05
3404 2.850558833e-05
3405 2.849721911e-05
3406 2.848885479e-05
3407 2.848049539e-05
3408 2.847214088e-05
3409 2.846379128e-05
3410 2.845544658e-05
3411 2.844710676e-05
3412 2.843877184e-05
3413 2.843044179e-05
3414 2.842211662e-05
3415 2.841379633e-05
3416 2.840548091e-05
3417 2.839717036e-05
3418 2.838886466e-05
3419 2.838056382e-05
3420 2.837226784e-05
3421 2.83639767e-05
3422 2.835569041e-05
3423 2.834740896e-05
3424 2.833913234e-05
3425 2.833086056e-05
3426 2.83225936e-05
3427 2.831433147e-05
3428 2.830607415e-05
3429 2.829782165e-05
3430 2.828957396e-05
3431 2.828133108e-05
3432 2.8273093e-05
3433 2.826485972e-05
3434 2.825663123e-05
3435 2.824840753e-05
3436 2.824018862e-05
3437 2.823197448e-05
3438 2.822376513e-05
3439 2.821556054e-05
3440 2.820736073e-05
3441 2.819916568e-05
3442 2.819097539e-05
3443 2.818278986e-05
3444 2.817460908e-05
3445 2.816643305e-05
3446 2.815826176e-05
3447 2.815009521e-05
3448 2.814193339e-05
3449 2.813377631e-05
3450 2.812562396e-05
3451 2.811747632e-05
3452 2.810933341e-05
3453 2.810119522e-05
3454 2.809306173e-05
3455 2.808493295e-05
3456 2.807680887e-05
3457 2.80686895e-05
3458 2.806057481e-05
3459 2.805246482e-05
3460 2.804435951e-05
3461 2.803625889e-05
3462 2.802816294e-05
3463 2.802007167e-05
3464 2.801198507e-05
3465 2.800390314e-05
3466 2.799582586e-05
3467 2.798775325e-05
3468 2.797968529e-05
3469 2.797162198e-05
3470 2.796356332e-05
3471 2.79555093e-05
3472 2.794745991e-05
3473 2.793941516e-05
3474 2.793137504e-05
3475 2.792333955e-05
3476 2.791530868e-05
3477 2.790728242e-05
3478 2.789926079e-05
3479 2.789124376e-05
3480 2.788323133e-05
3481 2.787522351e-05
3482 2.786722029e-05
3483 2.785922166e-05
3484 2.785122763e-05
3485 2.784323817e-05
3486 2.78352533e-05
3487 2.782727301e-05
3488 2.78192973e-05
3489 2.781132615e-05
3490 2.780335957e-05
3491 2.779539756e-05
3492 2.77874401e-05
3493 2.77794872e-05
3494 2.777153885e-05
3495 2.776359504e-05
3496 2.775565578e-05
3497 2.774772106e-05
3498 2.773979088e-05
3499 2.773186522e-05
3500 2.772394409e-05
3501 2.771602749e-05
3502 2.770811541e-05
3503 2.770020784e-05
3504 2.769230479e-05
3505 2.768440624e-05
3506 2.76765122e-05
3507 2.766862266e-05
3508 2.766073761e-05
3509 2.765285706e-05
3510 2.7644981e-05
3511 2.763710942e-05
3512 2.762924232e-05
3513 2.76213797e-05
3514 2.761352156e-05
3515 2.760566788e-05
3516 2.759781867e-05
3517 2.758997393e-05
3518 2.758213364e-05
3519 2.757429781e-05
3520 2.756646642e-05
3521 2.755863949e-05
3522 2.7550817e-05
3523 2.754299894e-05
3524 2.753518533e-05
3525 2.752737614e-05
3526 2.751957138e-05
3527 2.751177105e-05
3528 2.750397514e-05
3529 2.749618365e-05
3530 2.748839657e-05
3531 2.748061389e-05
3532 2.747283563e-05
3533 2.746506176e-05
3534 2.74572923e-05
3535 2.744952723e-05
3536 2.744176655e-05
3537 2.743401025e-05
3538 2.742625834e-05
3539 2.741851081e-05
3540 2.741076766e-05
3541 2.740302887e-05
3542 2.739529446e-05
3543 2.738756441e-05
3544 2.737983872e-05
3545 2.737211739e-05
3546 2.736440042e-05
3547 2.735668779e-05
3548 2.734897951e-05
3549 2.734127557e-05
3550 2.733357597e-05
3551 2.732588071e-05
3552 2.731818978e-05
3553 2.731050317e-05
3554 2.730282089e-05
3555 2.729514293e-05
3556 2.728746929e-05
3557 2.727979996e-05
3558 2.727213495e-05
3559 2.726447423e-05
3560 2.725681782e-05
3561 2.724916571e-05
3562 2.72415179e-05
3563 2.723387438e-05
3564 2.722623514e-05
3565 2.721860019e-05
3566 2.721096952e-05
3567 2.720334313e-05
3568 2.719572101e-05
3569 2.718810316e-05
3570 2.718048958e-05
3571 2.717288026e-05
3572 2.71652752e-05
3573 2.715767439e-05
3574 2.715007784e-05
3575 2.714248554e-05
3576 2.713489748e-05
3577 2.712731366e-05
3578 2.711973408e-05
3579 2.711215874e-05
3580 2.710458762e-05
3581 2.709702074e-05
3582 2.708945807e-05
3583 2.708189963e-05
3584 2.70743454e-05
3585 2.706679539e-05
3586 2.705924959e-05
3587 2.705170799e-05
3588 2.70441706e-05
3589 2.70366374e-05
3590 2.70291084e-05
3591 2.70215836e-05
3592 2.701406298e-05
3593 2.700654654e-05
3594 2.699903429e-05
3595 2.699152622e-05
3596 2.698402232e-05
3597 2.697652259e-05
3598 2.696902703e-05
3599 2.696153563e-05
3600 2.69540484e-05
3601 2.694656532e-05
3602 2.693908639e-05
3603 2.693161162e-05
3604 2.692414099e-05
3605 2.691667451e-05
3606 2.690921216e-05
3607 2.690175396e-05
3608 2.689429988e-05
3609 2.688684994e-05
3610 2.687940412e-05
3611 2.687196242e-05
3612 2.686452485e-05
3613 2.685709139e-05
3614 2.684966204e-05
3615 2.68422368e-05
3616 2.683481567e-05
3617 2.682739864e-05
3618 2.681998571e-05
3619 2.681257687e-05
3620 2.680517213e-05
3621 2.679777147e-05
3622 2.67903749e-05
3623 2.678298242e-05
3624 2.677559401e-05
3625 2.676820967e-05
3626 2.676082941e-05
3627 2.675345322e-05
3628 2.674608109e-05
3629 2.673871302e-05
3630 2.673134902e-05
3631 2.672398906e-05
3632 2.671663316e-05
3633 2.670928131e-05
3634 2.67019335e-05
3635 2.669458973e-05
3636 2.668725001e-05
3637 2.667991431e-05
3638 2.667258265e-05
3639 2.666525502e-05
3640 2.665793141e-05
3641 2.665061183e-05
3642 2.664329626e-05
3643 2.663598471e-05
3644 2.662867717e-05
3645 2.662137364e-05
3646 2.661407411e-05
3647 2.660677858e-05
3648 2.659948706e-05
3649 2.659219953e-05
3650 2.658491599e-05
3651 2.657763644e-05
3652 2.657036087e-05
3653 2.656308929e-05
3654 2.655582169e-05
3655 2.654855806e-05
3656 2.654129841e-05
3657 2.653404272e-05
3658 2.6526791e-05
3659 2.651954324e-05
3660 2.651229945e-05
3661 2.650505961e-05
3662 2.649782372e-05
3663 2.649059178e-05
3664 2.648336379e-05
3665 2.647613974e-05
3666 2.646891963e-05
3667 2.646170346e-05
3668 2.645449122e-05
3669 2.644728291e-05
3670 2.644007853e-05
3671 2.643287807e-05
3672 2.642568153e-05
3673 2.641848892e-05
3674 2.641130021e-05
3675 2.640411542e-05
3676 2.639693453e-05
3677 2.638975755e-05
3678 2.638258447e-05
3679 2.637541529e-05
3680 2.636825001e-05
3681 2.636108861e-05
3682 2.635393111e-05
3683 2.634677749e-05
3684 2.633962775e-05
3685 2.63324819e-05
3686 2.632533992e-05
3687 2.631820181e-05
3688 2.631106757e-05
3689 2.63039372e-05
3690 2.629681069e-05
3691 2.628968805e-05
3692 2.628256926e-05
3693 2.627545432e-05
3694 2.626834324e-05
3695 2.6261236e-05
3696 2.625413261e-05
3697 2.624703306e-05
3698 2.623993735e-05
3699 2.623284548e-05
3700 2.622575744e-05
3701 2.621867322e-05
3702 2.621159284e-05
3703 2.620451627e-05
3704 2.619744353e-05
3705 2.61903746e-05
3706 2.618330949e-05
3707 2.617624819e-05
3708 2.616919069e-05
3709 2.6162137e-05
3710 2.615508711e-05
3711 2.614804102e-05
3712 2.614099873e-05
3713 2.613396022e-05
3714 2.612692551e-05
3715 2.611989458e-05
3716 2.611286744e-05
3717 2.610584408e-05
3718 2.609882449e-05
3719 2.609180868e-05
3720 2.608479663e-05
3721 2.607778836e-05
3722 2.607078385e-05
3723 2.60637831e-05
3724 2.605678611e-05
3725 2.604979288e-05
3726 2.60428034e-05
3727 2.603581767e-05
3728 2.602883569e-05
3729 2.602185745e-05
3730 2.601488295e-05
3731 2.600791218e-05
3732 2.600094516e-05
3733 2.599398186e-05
3734 2.59870223e-05
3735 2.598006645e-05
3736 2.597311434e-05
3737 2.596616594e-05
3738 2.595922126e-05
3739 2.595228029e-05
3740 2.594534303e-05
3741 2.593840948e-05
3742 2.593147963e-05
3743 2.592455349e-05
3744 2.591763105e-05
3745 2.59107123e-05
3746 2.590379724e-05
3747 2.589688588e-05
3748 2.58899782e-05
3749 2.588307421e-05
3750 2.587617389e-05
3751 2.586927726e-05
3752 2.58623843e-05
3753 2.585549501e-05
3754 2.584860939e-05
3755 2.584172744e-05
3756 2.583484915e-05
3757 2.582797453e-05
3758 2.582110356e-05
3759 2.581423624e-05
3760 2.580737258e-05
3761 2.580051257e-05
3762 2.57936562e-05
3763 2.578680347e-05
3764 2.577995439e-05
3765 2.577310894e-05
3766 2.576626713e-05
3767 2.575942895e-05
3768 2.575259439e-05
3769 2.574576347e-05
3770 2.573893616e-05
3771 2.573211248e-05
3772 2.572529241e-05
3773 2.571847596e-05
3774 2.571166312e-05
3775 2.570485389e-05
3776 2.569804826e-05
3777 2.569124623e-05
3778 2.568444781e-05
3779 2.567765298e-05
3780 2.567086175e-05
3781 2.566407411e-05
3782 2.565729005e-05
3783 2.565050959e-05
3784 2.56437327e-05
3785 2.56369594e-05
3786 2.563018967e-05
3787 2.562342351e-05
3788 2.561666093e-05
3789 2.560990192e-05
3790 2.560314647e-05
3791 2.559639459e-05
3792 2.558964626e-05
3793 2.55829015e-05
3794 2.557616028e-05
3795 2.556942262e-05
3796 2.556268851e-05
3797 2.555595794e-05
3798 2.554923092e-05
3799 2.554250744e-05
3800 2.55357875e-05
3801 2.552907109e-05
3802 2.552235821e-05
3803 2.551564886e-05
3804 2.550894304e-05
3805 2.550224074e-05
3806 2.549554197e-05
3807 2.548884671e-05
3808 2.548215497e-05
3809 2.547546674e-05
3810 2.546878202e-05
3811 2.546210081e-05
3812 2.54554231e-05
3813 2.544874889e-05
3814 2.544207818e-05
3815 2.543541097e-05
3816 2.542874726e-05
3817 2.542208703e-05
3818 2.541543029e-05
3819 2.540877704e-05
3820 2.540212726e-05
3821 2.539548097e-05
3822 2.538883816e-05
3823 2.538219882e-05
3824 2.537556295e-05
3825 2.536893055e-05
3826 2.536230161e-05
3827 2.535567614e-05
3828 2.534905413e-05
3829 2.534243558e-05
3830 2.533582048e-05
3831 2.532920884e-05
3832 2.532260065e-05
3833 2.53159959e-05
3834 2.53093946e-05
3835 2.530279673e-05
3836 2.529620231e-05
3837 2.528961133e-05
3838 2.528302378e-05
3839 2.527643965e-05
3840 2.526985896e-05
3841 2.52632817e-05
3842 2.525670785e-05
3843 2.525013743e-05
3844 2.524357042e-05
3845 2.523700683e-05
3846 2.523044665e-05
3847 2.522388988e-05
3848 2.521733652e-05
3849 2.521078656e-05
3850 2.520424001e-05
3851 2.519769685e-05
3852 2.519115709e-05
3853 2.518462072e-05
3854 2.517808775e-05
3855 2.517155816e-05
3856 2.516503196e-05
3857 2.515850914e-05
3858 2.515198971e-05
3859 2.514547365e-05
3860 2.513896096e-05
3861 2.513245165e-05
3862 2.512594571e-05
3863 2.511944314e-05
3864 2.511294393e-05
3865 2.510644808e-05
3866 2.509995559e-05
3867 2.509346646e-05
3868 2.508698069e-05
3869 2.508049826e-05
3870 2.507401919e-05
3871 2.506754346e-05
3872 2.506107108e-05
3873 2.505460203e-05
3874 2.504813633e-05
3875 2.504167396e-05
3876 2.503521493e-05
3877 2.502875922e-05
3878 2.502230685e-05
3879 2.50158578e-05
3880 2.500941208e-05
3881 2.500296967e-05
3882 2.499653059e-05
3883 2.499009482e-05
3884 2.498366236e-05
3885 2.497723322e-05
3886 2.497080738e-05
3887 2.496438484e-05
3888 2.495796561e-05
3889 2.495154968e-05
3890 2.494513705e-05
3891 2.493872772e-05
3892 2.493232167e-05
3893 2.492591892e-05
3894 2.491951945e-05
3895 2.491312327e-05
3896 2.490673038e-05
3897 2.490034076e-05
3898 2.489395442e-05
3899 2.488757135e-05
3900 2.488119156e-05
3901 2.487481504e-05
3902 2.486844178e-05
3903 2.486207179e-05
3904 2.485570506e-05
3905 2.48493416e-05
3906 2.484298139e-05
3907 2.483662443e-05
3908 2.483027073e-05
3909 2.482392027e-05
3910 2.481757307e-05
3911 2.481122911e-05
3912 2.480488839e-05
3913 2.479855091e-05
3914 2.479221667e-05
3915 2.478588567e-05
3916 2.477955789e-05
3917 2.477323335e-05
3918 2.476691204e-05
3919 2.476059395e-05
3920 2.475427908e-05
3921 2.474796743e-05
3922 2.4741659e-05
3923 2.473535379e-05
3924 2.472905179e-05
3925 2.4722753e-05
3926 2.471645742e-05
3927 2.471016504e-05
3928 2.470387587e-05
3929 2.469758989e-05
3930 2.469130712e-05
3931 2.468502754e-05
3932 2.467875115e-05
3933 2.467247795e-05
3934 2.466620795e-05
3935 2.465994113e-05
3936 2.465367749e-05
3937 2.464741703e-05
3938 2.464115975e-05
3939 2.463490565e-05
3940 2.462865473e-05
3941 2.462240697e-05
3942 2.461616238e-05
3943 2.460992096e-05
3944 2.460368271e-05
3945 2.459744761e-05
3946 2.459121568e-05
3947 2.45849869e-05
3948 2.457876127e-05
3949 2.45725388e-05
3950 2.456631948e-05
3951 2.456010331e-05
3952 2.455389028e-05
3953 2.454768039e-05
3954 2.454147365e-05
3955 2.453527004e-05
3956 2.452906957e-05
3957 2.452287223e-05
3958 2.451667802e-05
3959 2.451048694e-05
3960 2.450429898e-05
3961 2.449811415e-05
3962 2.449193244e-05
3963 2.448575385e-05
3964 2.447957838e-05
3965 2.447340602e-05
3966 2.446723677e-05
3967 2.446107063e-05
3968 2.44549076e-05
3969 2.444874768e-05
3970 2.444259085e-05
3971 2.443643713e-05
3972 2.44302865e-05
3973 2.442413897e-05
3974 2.441799453e-05
3975 2.441185319e-05
3976 2.440571493e-05
3977 2.439957976e-05
3978 2.439344767e-05
3979 2.438731866e-05
3980 2.438119273e-05
3981 2.437506988e-05
3982 2.436895011e-05
3983 2.43628334e-05
3984 2.435671977e-05
3985 2.43506092e-05
3986 2.43445017e-05
3987 2.433839726e-05
3988 2.433229588e-05
3989 2.432619756e-05
3990 2.43201023e-05
3991 2.431401009e-05
3992 2.430792093e-05
3993 2.430183482e-05
3994 2.429575176e-05
3995 2.428967174e-05
3996 2.428359476e-05
3997 2.427752083e-05
3998 2.427144993e-05
3999 2.426538207e-05
4000 2.425931724e-05
4001 2.425325544e-05
4002 2.424719667e-05
4003 2.424114093e-05
4004 2.423508821e-05
4005 2.422903851e-05
4006 2.422299183e-05
4007 2.421694817e-05
4008 2.421090753e-05
4009 2.420486989e-05
4010 2.419883527e-05
4011 2.419280366e-05
4012 2.418677505e-05
4013 2.418074945e-05
4014 2.417472684e-05
4015 2.416870724e-05
4016 2.416269063e-05
4017 2.415667702e-05
4018 2.41506664e-05
4019 2.414465877e-05
4020 2.413865413e-05
4021 2.413265248e-05
4022 2.412665381e-05
4023 2.412065812e-05
4024 2.411466541e-05
4025 2.410867568e-05
4026 2.410268892e-05
4027 2.409670513e-05
4028 2.409072432e-05
4029 2.408474647e-05
4030 2.407877159e-05
4031 2.407279967e-05
4032 2.406683072e-05
4033 2.406086472e-05
4034 2.405490168e-05
4035 2.404894159e-05
4036 2.404298446e-05
4037 2.403703028e-05
4038 2.403107905e-05
4039 2.402513076e-05
4040 2.401918542e-05
4041 2.401324302e-05
4042 2.400730356e-05
4043 2.400136703e-05
4044 2.399543344e-05
4045 2.398950279e-05
4046 2.398357506e-05
4047 2.397765027e-05
4048 2.39717284e-05
4049 2.396580945e-05
4050 2.395989343e-05
4051 2.395398032e-05
4052 2.394807014e-05
4053 2.394216287e-05
4054 2.393625851e-05
4055 2.393035707e-05
4056 2.392445853e-05
4057 2.391856291e-05
4058 2.391267018e-05
4059 2.390678036e-05
4060 2.390089344e-05
4061 2.389500942e-05
4062 2.38891283e-05
4063 2.388325007e-05
4064 2.387737473e-05
4065 2.387150228e-05
4066 2.386563272e-05
4067 2.385976605e-05
4068 2.385390225e-05
4069 2.384804134e-05
4070 2.384218331e-05
4071 2.383632816e-05
4072 2.383047588e-05
4073 2.382462648e-05
4074 2.381877994e-05
4075 2.381293628e-05
4076 2.380709548e-05
4077 2.380125755e-05
4078 2.379542247e-05
4079 2.378959026e-05
4080 2.378376091e-05
4081 2.377793441e-05
4082 2.377211077e-05
4083 2.376628998e-05
4084 2.376047204e-05
4085 2.375465694e-05
4086 2.37488447e-05
4087 2.374303529e-05
4088 2.373722873e-05
4089 2.373142501e-05
4090 2.372562412e-05
4091 2.371982607e-05
4092 2.371403085e-05
4093 2.370823846e-05
4094 2.370244891e-05
4095 2.369666218e-05
4096 2.369087827e-05
4097 2.368509719e-05
4098 2.367931893e-05
4099 2.367354348e-05
4100 2.366777085e-05
4101 2.366200104e-05
4102 2.365623404e-05
4103 2.365046985e-05
4104 2.364470847e-05
4105 2.36389499e-05
4106 2.363319413e-05
4107 2.362744116e-05
4108 2.362169099e-05
4109 2.361594362e-05
4110 2.361019904e-05
4111 2.360445727e-05
4112 2.359871828e-05
4113 2.359298208e-05
4114 2.358724867e-05
4115 2.358151805e-05
4116 2.35757902e-05
4117 2.357006515e-05
4118 2.356434287e-05
4119 2.355862337e-05
4120 2.355290664e-05
4121 2.354719269e-05
4122 2.354148151e-05
4123 2.35357731e-05
4124 2.353006746e-05
4125 2.352436458e-05
4126 2.351866447e-05
4127 2.351296712e-05
4128 2.350727253e-05
4129 2.35015807e-05
4130 2.349589162e-05
4131 2.349020529e-05
4132 2.348452172e-05
4133 2.34788409e-05
4134 2.347316282e-05
4135 2.346748749e-05
4136 2.346181491e-05
4137 2.345614506e-05
4138 2.345047796e-05
4139 2.344481359e-05
4140 2.343915196e-05
4141 2.343349306e-05
4142 2.34278369e-05
4143 2.342218346e-05
4144 2.341653276e-05
4145 2.341088477e-05
4146 2.340523952e-05
4147 2.339959698e-05
4148 2.339395716e-05
4149 2.338832007e-05
4150 2.338268568e-05
4151 2.337705402e-05
4152 2.337142506e-05
4153 2.336579881e-05
4154 2.336017528e-05
4155 2.335455445e-05
4156 2.334893632e-05
4157 2.334332089e-05
4158 2.333770817e-05
4159 2.333209814e-05
4160 2.332649081e-05
4161 2.332088618e-05
4162 2.331528424e-05
4163 2.330968498e-05
4164 2.330408842e-05
4165 2.329849454e-05
4166 2.329290335e-05
4167 2.328731484e-05
4168 2.328172902e-05
4169 2.327614587e-05
4170 2.32705654e-05
4171 2.32649876e-05
4172 2.325941248e-05
4173 2.325384003e-05
4174 2.324827025e-05
4175 2.324270313e-05
4176 2.323713868e-05
4177 2.32315769e-05
4178 2.322601777e-05
4179 2.322046131e-05
4180 2.32149075e-05
4181 2.320935635e-05
4182 2.320380786e-05
4183 2.319826202e-05
4184 2.319271882e-05
4185 2.318717828e-05
4186 2.318164038e-05
4187 2.317610513e-05
4188 2.317057252e-05
4189 2.316504255e-05
4190 2.315951522e-05
4191 2.315399052e-05
4192 2.314846847e-05
4193 2.314294904e-05
4194 2.313743225e-05
4195 2.313191808e-05
4196 2.312640655e-05
4197 2.312089764e-05
4198 2.311539135e-05
4199 2.310988768e-05
4200 2.310438664e-05
4201 2.309888821e-05
4202 2.30933924e-05
4203 2.308789921e-05
4204 2.308240863e-05
4205 2.307692065e-05
4206 2.307143529e-05
4207 2.306595254e-05
4208 2.306047239e-05
4209 2.305499484e-05
4210 2.304951989e-05
4211 2.304404755e-05
4212 2.30385778e-05
4213 2.303311065e-05
4214 2.302764609e-05
4215 2.302218413e-05
4216 2.301672475e-05
4217 2.301126796e-05
4218 2.300581376e-05
4219 2.300036215e-05
4220 2.299491312e-05
4221 2.298946667e-05
4222 2.29840228e-05
4223 2.29785815e-05
4224 2.297314279e-05
4225 2.296770664e-05
4226 2.296227307e-05
4227 2.295684207e-05
4228 2.295141364e-05
4229 2.294598777e-05
4230 2.294056447e-05
4231 2.293514373e-05
4232 2.292972555e-05
4233 2.292430994e-05
4234 2.291889688e-05
4235 2.291348637e-05
4236 2.290807842e-05
4237 2.290267302e-05
4238 2.289727018e-05
4239 2.289186988e-05
4240 2.288647212e-05
4241 2.288107692e-05
4242 2.287568425e-05
4243 2.287029413e-05
4244 2.286490654e-05
4245 2.28595215e-05
4246 2.285413899e-05
4247 2.284875901e-05
4248 2.284338157e-05
4249 2.283800665e-05
4250 2.283263427e-05
4251 2.282726441e-05
4252 2.282189708e-05
4253 2.281653227e-05
4254 2.281116998e-05
4255 2.280581021e-05
4256 2.280045297e-05
4257 2.279509823e-05
4258 2.278974601e-05
4259 2.278439631e-05
4260 2.277904911e-05
4261 2.277370443e-05
4262 2.276836225e-05
4263 2.276302258e-05
4264 2.275768541e-05
4265 2.275235074e-05
4266 2.274701858e-05
4267 2.274168891e-05
4268 2.273636174e-05
4269 2.273103707e-05
4270 2.272571488e-05
4271 2.27203952e-05
4272 2.2715078e-05
4273 2.270976328e-05
4274 2.270445106e-05
4275 2.269914132e-05
4276 2.269383406e-05
4277 2.268852928e-05
4278 2.268322699e-05
4279 2.267792717e-05
4280 2.267262982e-05
4281 2.266733495e-05
4282 2.266204256e-05
4283 2.265675263e-05
4284 2.265146517e-05
4285 2.264618019e-05
4286 2.264089766e-05
4287 2.26356176e-05
4288 2.263034e-05
4289 2.262506487e-05
4290 2.261979219e-05
4291 2.261452196e-05
4292 2.26092542e-05
4293 2.260398889e-05
4294 2.259872602e-05
4295 2.259346561e-05
4296 2.258820765e-05
4297 2.258295213e-05
4298 2.257769906e-05
4299 2.257244844e-05
4300 2.256720025e-05
4301 2.25619545e-05
4302 2.25567112e-05
4303 2.255147032e-05
4304 2.254623189e-05
4305 2.254099588e-05
4306 2.253576231e-05
4307 2.253053117e-05
4308 2.252530245e-05
4309 2.252007617e-05
4310 2.25148523e-05
4311 2.250963086e-05
4312 2.250441184e-05
4313 2.249919524e-05
4314 2.249398106e-05
4315 2.248876929e-05
4316 2.248355994e-05
4317 2.2478353e-05
4318 2.247314848e-05
4319 2.246794636e-05
4320 2.246274665e-05
4321 2.245754935e-05
4322 2.245235445e-05
4323 2.244716195e-05
4324 2.244197186e-05
4325 2.243678416e-05
4326 2.243159886e-05
4327 2.242641596e-05
4328 2.242123545e-05
4329 2.241605734e-05
4330 2.241088161e-05
4331 2.240570828e-05
4332 2.240053734e-05
4333 2.239536878e-05
4334 2.23902026e-05
4335 2.238503881e-05
4336 2.23798774e-05
4337 2.237471837e-05
4338 2.236956171e-05
4339 2.236440744e-05
4340 2.235925553e-05
4341 2.235410601e-05
4342 2.234895885e-05
4343 2.234381406e-05
4344 2.233867164e-05
4345 2.233353159e-05
4346 2.23283939e-05
4347 2.232325857e-05
4348 2.231812561e-05
4349 2.231299501e-05
4350 2.230786676e-05
4351 2.230274087e-05
4352 2.229761734e-05
4353 2.229249616e-05
4354 2.228737733e-05
4355 2.228226085e-05
4356 2.227714672e-05
4357 2.227203494e-05
4358 2.22669255e-05
4359 2.226181841e-05
4360 2.225671366e-05
4361 2.225161125e-05
4362 2.224651118e-05
4363 2.224141344e-05
4364 2.223631805e-05
4365 2.223122498e-05
4366 2.222613425e-05
4367 2.222104585e-05
4368 2.221595978e-05
4369 2.221087604e-05
4370 2.220579462e-05
4371 2.220071552e-05
4372 2.219563875e-05
4373 2.219056431e-05
4374 2.218549218e-05
4375 2.218042237e-05
4376 2.217535487e-05
4377 2.217028969e-05
4378 2.216522683e-05
4379 2.216016627e-05
4380 2.215510803e-05
4381 2.215005209e-05
4382 2.214499847e-05
4383 2.213994714e-05
4384 2.213489812e-05
4385 2.212985141e-05
4386 2.212480699e-05
4387 2.211976488e-05
4388 2.211472506e-05
4389 2.210968753e-05
4390 2.210465231e-05
4391 2.209961937e-05
4392 2.209458873e-05
4393 2.208956037e-05
4394 2.208453431e-05
4395 2.207951053e-05
4396 2.207448903e-05
4397 2.206946982e-05
4398 2.206445289e-05
4399 2.205943824e-05
4400 2.205442587e-05
4401 2.204941578e-05
4402 2.204440797e-05
4403 2.203940242e-05
4404 2.203439915e-05
4405 2.202939816e-05
4406 2.202439943e-05
4407 2.201940297e-05
4408 2.201440877e-05
4409 2.200941684e-05
4410 2.200442718e-05
4411 2.199943977e-05
4412 2.199445463e-05
4413 2.198947174e-05
4414 2.198449112e-05
4415 2.197951274e-05
4416 2.197453663e-05
4417 2.196956276e-05
4418 2.196459115e-05
4419 2.195962178e-05
4420 2.195465466e-05
4421 2.19496898e-05
4422 2.194472717e-05
4423 2.193976679e-05
4424 2.193480865e-05
4425 2.192985275e-05
4426 2.192489909e-05
4427 2.191994767e-05
4428 2.191499848e-05
4429 2.191005153e-05
4430 2.190510681e-05
4431 2.190016432e-05
4432 2.189522406e-05
4433 2.189028603e-05
4434 2.188535023e-05
4435 2.188041665e-05
4436 2.18754853e-05
4437 2.187055617e-05
4438 2.186562926e-05
4439 2.186070457e-05
4440 2.185578209e-05
4441 2.185086184e-05
4442 2.184594379e-05
4443 2.184102796e-05
4444 2.183611435e-05
4445 2.183120294e-05
4446 2.182629374e-05
4447 2.182138675e-05
4448 2.181648197e-05
4449 2.181157939e-05
4450 2.180667901e-05
4451 2.180178083e-05
4452 2.179688486e-05
4453 2.179199108e-05
4454 2.17870995e-05
4455 2.178221012e-05
4456 2.177732292e-05
4457 2.177243793e-05
4458 2.176755512e-05
4459 2.17626745e-05
4460 2.175779607e-05
4461 2.175291983e-05
4462 2.174804577e-05
4463 2.17431739e-05
4464 2.17383042e-05
4465 2.173343669e-05
4466 2.172857136e-05
4467 2.172370821e-05
4468 2.171884723e-05
4469 2.171398843e-05
4470 2.17091318e-05
4471 2.170427734e-05
4472 2.169942506e-05
4473 2.169457494e-05
4474 2.168972699e-05
4475 2.168488121e-05
4476 2.168003759e-05
4477 2.167519613e-05
4478 2.167035684e-05
4479 2.16655197e-05
4480 2.166068473e-05
4481 2.165585191e-05
4482 2.165102125e-05
4483 2.164619275e-05
4484 2.164136639e-05
4485 2.163654219e-05
4486 2.163172014e-05
4487 2.162690024e-05
4488 2.162208248e-05
4489 2.161726688e-05
4490 2.161245341e-05
4491 2.160764209e-05
4492 2.160283291e-05
4493 2.159802587e-05
4494 2.159322097e-05
4495 2.158841821e-05
4496 2.158361758e-05
4497 2.157881909e-05
4498 2.157402273e-05
4499 2.156922851e-05
4500 2.156443641e-05
4501 2.155964644e-05
4502 2.15548586e-05
4503 2.155007288e-05
4504 2.154528929e-05
4505 2.154050783e-05
4506 2.153572848e-05
4507 2.153095126e-05
4508 2.152617615e-05
4509 2.152140316e-05
4510 2.151663229e-05
4511 2.151186354e-05
4512 2.150709689e-05
4513 2.150233236e-05
4514 2.149756994e-05
4515 2.149280963e-05
4516 2.148805142e-05
4517 2.148329532e-05
4518 2.147854133e-05
4519 2.147378944e-05
4520 2.146903965e-05
4521 2.146429197e-05
4522 2.145954638e-05
4523 2.145480289e-05
4524 2.14500615e-05
4525 2.14453222e-05
4526 2.1440585e-05
4527 2.143584988e-05
4528 2.143111686e-05
4529 2.142638593e-05
4530 2.142165709e-05
4531 2.141693033e-05
4532 2.141220566e-05
4533 2.140748308e-05
4534 2.140276257e-05
4535 2.139804415e-05
4536 2.139332781e-05
4537 2.138861355e-05
4538 2.138390136e-05
4539 2.137919125e-05
4540 2.137448321e-05
4541 2.136977725e-05
4542 2.136507336e-05
4543 2.136037154e-05
4544 2.135567179e-05
4545 2.13509741e-05
4546 2.134627849e-05
4547 2.134158493e-05
4548 2.133689344e-05
4549 2.133220402e-05
4550 2.132751665e-05
4551 2.132283134e-05
4552 2.131814809e-05
4553 2.13134669e-05
4554 2.130878777e-05
4555 2.130411068e-05
4556 2.129943565e-05
4557 2.129476268e-05
4558 2.129009175e-05
4559 2.128542287e-05
4560 2.128075603e-05
4561 2.127609125e-05
4562 2.127142851e-05
4563 2.126676781e-05
4564 2.126210915e-05
4565 2.125745253e-05
4566 2.125279796e-05
4567 2.124814542e-05
4568 2.124349492e-05
4569 2.123884645e-05
4570 2.123420002e-05
4571 2.122955562e-05
4572 2.122491325e-05
4573 2.122027291e-05
4574 2.12156346e-05
4575 2.121099831e-05
4576 2.120636405e-05
4577 2.120173182e-05
4578 2.119710161e-05
4579 2.119247342e-05
4580 2.118784725e-05
4581 2.118322311e-05
4582 2.117860098e-05
4583 2.117398086e-05
4584 2.116936276e-05
4585 2.116474668e-05
4586 2.116013261e-05
4587 2.115552055e-05
4588 2.11509105e-05
4589 2.114630246e-05
4590 2.114169642e-05
4591 2.113709239e-05
4592 2.113249037e-05
4593 2.112789035e-05
4594 2.112329233e-05
4595 2.111869632e-05
4596 2.11141023e-05
4597 2.110951028e-05
4598 2.110492026e-05
4599 2.110033223e-05
4600 2.10957462e-05
4601 2.109116216e-05
4602 2.108658012e-05
4603 2.108200006e-05
4604 2.107742199e-05
4605 2.107284591e-05
4606 2.106827182e-05
4607 2.106369971e-05
4608 2.105912959e-05
4609 2.105456145e-05
4610 2.104999529e-05
4611 2.104543111e-05
4612 2.104086891e-05
4613 2.103630869e-05
4614 2.103175044e-05
4615 2.102719417e-05
4616 2.102263987e-05
4617 2.101808754e-05
4618 2.101353719e-05
4619 2.10089888e-05
4620 2.100444239e-05
4621 2.099989794e-05
4622 2.099535546e-05
4623 2.099081494e-05
4624 2.098627638e-05
4625 2.098173979e-05
4626 2.097720516e-05
4627 2.097267249e-05
4628 2.096814177e-05
4629 2.096361302e-05
4630 2.095908622e-05
4631 2.095456137e-05
4632 2.095003848e-05
4633 2.094551754e-05
4634 2.094099855e-05
4635 2.093648151e-05
4636 2.093196642e-05
4637 2.092745327e-05
4638 2.092294207e-05
4639 2.091843282e-05
4640 2.091392551e-05
4641 2.090942014e-05
4642 2.090491671e-05
4643 2.090041522e-05
4644 2.089591567e-05
4645 2.089141805e-05
4646 2.088692237e-05
4647 2.088242863e-05
4648 2.087793682e-05
4649 2.087344694e-05
4650 2.086895899e-05
4651 2.086447297e-05
4652 2.085998888e-05
4653 2.085550672e-05
4654 2.085102648e-05
4655 2.084654817e-05
4656 2.084207178e-05
4657 2.083759731e-05
4658 2.083312476e-05
4659 2.082865414e-05
4660 2.082418543e-05
4661 2.081971863e-05
4662 2.081525376e-05
4663 2.08107908e-05
4664 2.080632975e-05
4665 2.080187061e-05
4666 2.079741339e-05
4667 2.079295807e-05
4668 2.078850466e-05
4669 2.078405316e-05
4670 2.077960357e-05
4671 2.077515588e-05
4672 2.077071009e-05
4673 2.076626621e-05
4674 2.076182423e-05
4675 2.075738415e-05
4676 2.075294596e-05
4677 2.074850968e-05
4678 2.074407529e-05
4679 2.073964279e-05
4680 2.073521219e-05
4681 2.073078348e-05
4682 2.072635667e-05
4683 2.072193174e-05
4684 2.07175087e-05
4685 2.071308755e-05
4686 2.070866829e-05
4687 2.070425091e-05
4688 2.069983542e-05
4689 2.069542181e-05
4690 2.069101008e-05
4691 2.068660023e-05
4692 2.068219226e-05
4693 2.067778617e-05
4694 2.067338195e-05
4695 2.066897962e-05
4696 2.066457915e-05
4697 2.066018056e-05
4698 2.065578384e-05
4699 2.065138899e-05
4700 2.064699602e-05
4701 2.064260491e-05
4702 2.063821567e-05
4703 2.063382829e-05
4704 2.062944278e-05
4705 2.062505913e-05
4706 2.062067735e-05
4707 2.061629742e-05
4708 2.061191936e-05
4709 2.060754316e-05
4710 2.060316881e-05
4711 2.059879632e-05
4712 2.059442569e-05
4713 2.059005691e-05
4714 2.058568998e-05
4715 2.058132491e-05
4716 2.057696169e-05
4717 2.057260031e-05
4718 2.056824079e-05
4719 2.056388311e-05
4720 2.055952728e-05
4721 2.055517329e-05
4722 2.055082115e-05
4723 2.054647085e-05
4724 2.054212239e-05
4725 2.053777577e-05
4726 2.053343099e-05
4727 2.052908804e-05
4728 2.052474694e-05
4729 2.052040767e-05
4730 2.051607023e-05
4731 2.051173463e-05
4732 2.050740086e-05
4733 2.050306892e-05
4734 2.049873881e-05
4735 2.049441053e-05
4736 2.049008408e-05
4737 2.048575945e-05
4738 2.048143665e-05
4739 2.047711567e-05
4740 2.047279651e-05
4741 2.046847918e-05
4742 2.046416367e-05
4743 2.045984997e-05
4744 2.04555381e-05
4745 2.045122804e-05
4746 2.04469198e-05
4747 2.044261337e-05
4748 2.043830875e-05
4749 2.043400595e-05
4750 2.042970496e-05
4751 2.042540578e-05
4752 2.042110841e-05
4753 2.041681285e-05
4754 2.041251909e-05
4755 2.040822714e-05
4756 2.040393699e-05
4757 2.039964865e-05
4758 2.039536211e-05
4759 2.039107737e-05
4760 2.038679443e-05
4761 2.038251329e-05
4762 2.037823394e-05
4763 2.03739564e-05
4764 2.036968065e-05
4765 2.036540669e-05
4766 2.036113452e-05
4767 2.035686415e-05
4768 2.035259557e-05
4769 2.034832878e-05
4770 2.034406378e-05
4771 2.033980056e-05
4772 2.033553913e-05
4773 2.033127949e-05
4774 2.032702163e-05
4775 2.032276555e-05
4776 2.031851126e-05
4777 2.031425874e-05
4778 2.031000801e-05
4779 2.030575905e-05
4780 2.030151187e-05
4781 2.029726647e-05
4782 2.029302285e-05
4783 2.028878099e-05
4784 2.028454091e-05
4785 2.028030261e-05
4786 2.027606607e-05
4787 2.02718313e-05
4788 2.02675983e-05
4789 2.026336707e-05
4790 2.025913761e-05
4791 2.025490991e-05
4792 2.025068397e-05
4793 2.02464598e-05
4794 2.024223739e-05
4795 2.023801674e-05
4796 2.023379785e-05
4797 2.022958072e-05
4798 2.022536534e-05
4799 2.022115172e-05
4800 2.021693986e-05
4801 2.021272975e-05
4802 2.02085214e-05
4803 2.020431479e-05
4804 2.020010994e-05
4805 2.019590684e-05
4806 2.019170549e-05
4807 2.018750588e-05
4808 2.018330802e-05
4809 2.017911191e-05
4810 2.017491754e-05
4811 2.017072491e-05
4812 2.016653403e-05
4813 2.016234488e-05
4814 2.015815748e-05
4815 2.015397182e-05
4816 2.014978789e-05
4817 2.01456057e-05
4818 2.014142525e-05
4819 2.013724653e-05
4820 2.013306954e-05
4821 2.012889429e-05
4822 2.012472077e-05
4823 2.012054898e-05
4824 2.011637892e-05
4825 2.011221058e-05
4826 2.010804398e-05
4827 2.01038791e-05
4828 2.009971594e-05
4829 2.009555451e-05
4830 2.00913948e-05
4831 2.008723681e-05
4832 2.008308054e-05
4833 2.0078926e-05
4834 2.007477317e-05
4835 2.007062206e-05
4836 2.006647266e-05
4837 2.006232498e-05
4838 2.005817902e-05
4839 2.005403477e-05
4840 2.004989223e-05
4841 2.00457514e-05
4842 2.004161228e-05
4843 2.003747487e-05
4844 2.003333917e-05
4845 2.002920517e-05
4846 2.002507289e-05
4847 2.00209423e-05
4848 2.001681342e-05
4849 2.001268624e-05
4850 2.000856077e-05
4851 2.000443699e-05
4852 2.000031491e-05
4853 1.999619454e-05
4854 1.999207585e-05
4855 1.998795887e-05
4856 1.998384358e-05
4857 1.997972999e-05
4858 1.997561808e-05
4859 1.997150788e-05
4860 1.996739936e-05
4861 1.996329253e-05
4862 1.995918739e-05
4863 1.995508394e-05
4864 1.995098217e-05
4865 1.994688209e-05
4866 1.99427837e-05
4867 1.993868699e-05
4868 1.993459196e-05
4869 1.993049862e-05
4870 1.992640695e-05
4871 1.992231697e-05
4872 1.991822866e-05
4873 1.991414203e-05
4874 1.991005708e-05
4875 1.990597381e-05
4876 1.99018922e-05
4877 1.989781227e-05
4878 1.989373402e-05
4879 1.988965743e-05
4880 1.988558252e-05
4881 1.988150927e-05
4882 1.98774377e-05
4883 1.987336779e-05
4884 1.986929954e-05
4885 1.986523297e-05
4886 1.986116805e-05
4887 1.98571048e-05
4888 1.985304321e-05
4889 1.984898329e-05
4890 1.984492502e-05
4891 1.984086841e-05
4892 1.983681346e-05
4893 1.983276017e-05
4894 1.982870853e-05
4895 1.982465855e-05
4896 1.982061023e-05
4897 1.981656355e-05
4898 1.981251853e-05
4899 1.980847516e-05
4900 1.980443344e-05
4901 1.980039336e-05
4902 1.979635494e-05
4903 1.979231816e-05
4904 1.978828303e-05
4905 1.978424955e-05
4906 1.97802177e-05
4907 1.97761875e-05
4908 1.977215895e-05
4909 1.976813203e-05
4910 1.976410675e-05
4911 1.976008312e-05
4912 1.975606112e-05
4913 1.975204076e-05
4914 1.974802203e-05
4915 1.974400494e-05
4916 1.973998948e-05
4917 1.973597566e-05
4918 1.973196346e-05
4919 1.97279529e-05
4920 1.972394397e-05
4921 1.971993667e-05
4922 1.971593099e-05
4923 1.971192694e-05
4924 1.970792452e-05
4925 1.970392373e-05
4926 1.969992455e-05
4927 1.9695927e-05
4928 1.969193108e-05
4929 1.968793677e-05
4930 1.968394408e-05
4931 1.967995302e-05
4932 1.967596357e-05
4933 1.967197573e-05
4934 1.966798952e-05
4935 1.966400492e-05
4936 1.966002193e-05
4937 1.965604056e-05
4938 1.96520608e-05
4939 1.964808265e-05
4940 1.964410611e-05
4941 1.964013118e-05
4942 1.963615785e-05
4943 1.963218614e-05
4944 1.962821603e-05
4945 1.962424753e-05
4946 1.962028063e-05
4947 1.961631533e-05
4948 1.961235164e-05
4949 1.960838955e-05
4950 1.960442906e-05
4951 1.960047017e-05
4952 1.959651288e-05
4953 1.959255718e-05
4954 1.958860308e-05
4955 1.958465058e-05
4956 1.958069967e-05
4957 1.957675036e-05
4958 1.957280264e-05
4959 1.956885651e-05
4960 1.956491197e-05
4961 1.956096902e-05
4962 1.955702766e-05
4963 1.955308789e-05
4964 1.95491497e-05
4965 1.95452131e-05
4966 1.954127809e-05
4967 1.953734466e-05
4968 1.953341281e-05
4969 1.952948255e-05
4970 1.952555387e-05
4971 1.952162676e-05
4972 1.951770124e-05
4973 1.95137773e-05
4974 1.950985493e-05
4975 1.950593414e-05
4976 1.950201492e-05
4977 1.949809728e-05
4978 1.949418122e-05
4979 1.949026672e-05
4980 1.94863538e-05
4981 1.948244245e-05
4982 1.947853267e-05
4983 1.947462445e-05
4984 1.947071781e-05
4985 1.946681273e-05
4986 1.946290922e-05
4987 1.945900727e-05
4988 1.945510689e-05
4989 1.945120807e-05
4990 1.944731081e-05
4991 1.944341512e-05
4992 1.943952098e-05
4993 1.943562841e-05
4994 1.943173739e-05
4995 1.942784793e-05
4996 1.942396003e-05
4997 1.942007368e-05
4998 1.941618889e-05
4999 1.941230565e-05
5000 1.940842397e-05
5001 1.940454384e-05
5002 1.940066526e-05
5003 1.939678822e-05
5004 1.939291274e-05
5005 1.938903881e-05
5006 1.938516642e-05
5007 1.938129558e-05
5008 1.937742629e-05
5009 1.937355854e-05
5010 1.936969233e-05
5011 1.936582767e-05
5012 1.936196455e-05
5013 1.935810297e-05
5014 1.935424293e-05
5015 1.935038442e-05
5016 1.934652746e-05
5017 1.934267204e-05
5018 1.933881815e-05
5019 1.933496579e-05
5020 1.933111497e-05
5021 1.932726569e-05
5022 1.932341793e-05
5023 1.931957171e-05
5024 1.931572702e-05
5025 1.931188386e-05
5026 1.930804223e-05
5027 1.930420212e-05
5028 1.930036355e-05
5029 1.92965265e-05
5030 1.929269097e-05
5031 1.928885697e-05
5032 1.928502449e-05
5033 1.928119354e-05
5034 1.927736411e-05
5035 1.927353619e-05
5036 1.92697098e-05
5037 1.926588493e-05
5038 1.926206157e-05
5039 1.925823974e-05
5040 1.925441942e-05
5041 1.925060061e-05
5042 1.924678332e-05
5043 1.924296754e-05
5044 1.923915328e-05
5045 1.923534052e-05
5046 1.923152928e-05
5047 1.922771955e-05
5048 1.922391132e-05
5049 1.922010461e-05
5050 1.92162994e-05
5051 1.92124957e-05
5052 1.92086935e-05
5053 1.920489281e-05
5054 1.920109362e-05
5055 1.919729594e-05
5056 1.919349976e-05
5057 1.918970508e-05
5058 1.918591189e-05
5059 1.918212021e-05
5060 1.917833003e-05
5061 1.917454134e-05
5062 1.917075415e-05
5063 1.916696846e-05
5064 1.916318426e-05
5065 1.915940155e-05
5066 1.915562034e-05
5067 1.915184062e-05
5068 1.914806239e-05
5069 1.914428566e-05
5070 1.914051041e-05
5071 1.913673665e-05
5072 1.913296437e-05
5073 1.912919359e-05
5074 1.912542429e-05
5075 1.912165648e-05
5076 1.911789015e-05
5077 1.91141253e-05
5078 1.911036194e-05
5079 1.910660005e-05
5080 1.910283965e-05
5081 1.909908073e-05
5082 1.909532329e-05
5083 1.909156732e-05
5084 1.908781284e-05
5085 1.908405983e-05
5086 1.908030829e-05
5087 1.907655823e-05
5088 1.907280964e-05
5089 1.906906253e-05
5090 1.906531689e-05
5091 1.906157272e-05
5092 1.905783002e-05
5093 1.905408879e-05
5094 1.905034902e-05
5095 1.904661073e-05
5096 1.90428739e-05
5097 1.903913854e-05
5098 1.903540464e-05
5099 1.903167221e-05
5100 1.902794124e-05
5101 1.902421174e-05
5102 1.902048369e-05
5103 1.901675711e-05
5104 1.901303198e-05
5105 1.900930832e-05
5106 1.900558611e-05
5107 1.900186536e-05
5108 1.899814607e-05
5109 1.899442823e-05
5110 1.899071185e-05
5111 1.898699692e-05
5112 1.898328345e-05
5113 1.897957143e-05
5114 1.897586086e-05
5115 1.897215173e-05
5116 1.896844406e-05
5117 1.896473784e-05
5118 1.896103307e-05
5119 1.895732974e-05
5120 1.895362786e-05
5121 1.894992743e-05
5122 1.894622844e-05
5123 1.894253089e-05
5124 1.893883479e-05
5125 1.893514012e-05
5126 1.89314469e-05
5127 1.892775512e-05
5128 1.892406478e-05
5129 1.892037588e-05
5130 1.891668842e-05
5131 1.891300239e-05
5132 1.89093178e-05
5133 1.890563465e-05
5134 1.890195293e-05
5135 1.889827264e-05
5136 1.889459379e-05
5137 1.889091636e-05
5138 1.888724037e-05
5139 1.888356581e-05
5140 1.887989268e-05
5141 1.887622098e-05
5142 1.88725507e-05
5143 1.886888186e-05
5144 1.886521444e-05
5145 1.886154844e-05
5146 1.885788387e-05
5147 1.885422072e-05
5148 1.8850559e-05
5149 1.884689869e-05
5150 1.884323981e-05
5151 1.883958235e-05
5152 1.883592631e-05
5153 1.883227169e-05
5154 1.882861848e-05
5155 1.882496669e-05
5156 1.882131632e-05
5157 1.881766737e-05
5158 1.881401982e-05
5159 1.88103737e-05
5160 1.880672898e-05
5161 1.880308568e-05
5162 1.879944379e-05
5163 1.879580331e-05
5164 1.879216423e-05
5165 1.878852657e-05
5166 1.878489032e-05
5167 1.878125547e-05
5168 1.877762203e-05
5169 1.877398999e-05
5170 1.877035936e-05
5171 1.876673014e-05
5172 1.876310231e-05
5173 1.875947589e-05
5174 1.875585087e-05
5175 1.875222726e-05
5176 1.874860504e-05
5177 1.874498422e-05
5178 1.87413648e-05
5179 1.873774677e-05
5180 1.873413014e-05
5181 1.873051491e-05
5182 1.872690108e-05
5183 1.872328863e-05
5184 1.871967758e-05
5185 1.871606793e-05
5186 1.871245966e-05
5187 1.870885279e-05
5188 1.870524731e-05
5189 1.870164321e-05
5190 1.869804051e-05
5191 1.869443919e-05
5192 1.869083926e-05
5193 1.868724072e-05
5194 1.868364356e-05
5195 1.868004778e-05
5196 1.867645339e-05
5197 1.867286038e-05
5198 1.866926876e-05
5199 1.866567851e-05
5200 1.866208965e-05
5201 1.865850217e-05
5202 1.865491606e-05
5203 1.865133134e-05
5204 1.864774799e-05
5205 1.864416601e-05
5206 1.864058542e-05
5207 1.86370062e-05
5208 1.863342835e-05
5209 1.862985188e-05
5210 1.862627677e-05
5211 1.862270305e-05
5212 1.861913069e-05
5213 1.86155597e-05
5214 1.861199008e-05
5215 1.860842183e-05
5216 1.860485495e-05
5217 1.860128944e-05
5218 1.859772529e-05
5219 1.85941625e-05
5220 1.859060109e-05
5221 1.858704103e-05
5222 1.858348234e-05
5223 1.857992501e-05
5224 1.857636905e-05
5225 1.857281444e-05
5226 1.85692612e-05
5227 1.856570931e-05
5228 1.856215878e-05
5229 1.855860961e-05
5230 1.85550618e-05
5231 1.855151534e-05
5232 1.854797024e-05
5233 1.854442649e-05
5234 1.85408841e-05
5235 1.853734306e-05
5236 1.853380337e-05
5237 1.853026504e-05
5238 1.852672805e-05
5239 1.852319242e-05
5240 1.851965813e-05
5241 1.85161252e-05
5242 1.851259361e-05
5243 1.850906336e-05
5244 1.850553447e-05
5245 1.850200691e-05
5246 1.849848071e-05
5247 1.849495584e-05
5248 1.849143232e-05
5249 1.848791015e-05
5250 1.848438931e-05
5251 1.848086982e-05
5252 1.847735166e-05
5253 1.847383484e-05
5254 1.847031937e-05
5255 1.846680523e-05
5256 1.846329242e-05
5257 1.845978096e-05
5258 1.845627083e-05
5259 1.845276203e-05
5260 1.844925457e-05
5261 1.844574844e-05
5262 1.844224364e-05
5263 1.843874017e-05
5264 1.843523804e-05
5265 1.843173723e-05
5266 1.842823776e-05
5267 1.842473961e-05
5268 1.842124279e-05
5269 1.84177473e-05
5270 1.841425313e-05
5271 1.841076029e-05
5272 1.840726878e-05
5273 1.840377859e-05
5274 1.840028972e-05
5275 1.839680217e-05
5276 1.839331595e-05
5277 1.838983105e-05
5278 1.838634747e-05
5279 1.83828652e-05
5280 1.837938426e-05
5281 1.837590463e-05
5282 1.837242632e-05
5283 1.836894933e-05
5284 1.836547366e-05
5285 1.83619993e-05
5286 1.835852625e-05
5287 1.835505451e-05
5288 1.835158409e-05
5289 1.834811499e-05
5290 1.834464719e-05
5291 1.83411807e-05
5292 1.833771552e-05
5293 1.833425166e-05
5294 1.83307891e-05
5295 1.832732785e-05
5296 1.83238679e-05
5297 1.832040926e-05
5298 1.831695193e-05
5299 1.83134959e-05
5300 1.831004118e-05
5301 1.830658775e-05
5302 1.830313564e-05
5303 1.829968482e-05
5304 1.82962353e-05
5305 1.829278709e-05
5306 1.828934017e-05
5307 1.828589455e-05
5308 1.828245023e-05
5309 1.827900721e-05
5310 1.827556548e-05
5311 1.827212505e-05
5312 1.826868592e-05
5313 1.826524808e-05
5314 1.826181153e-05
5315 1.825837627e-05
5316 1.825494231e-05
5317 1.825150964e-05
5318 1.824807826e-05
5319 1.824464817e-05
5320 1.824121937e-05
5321 1.823779186e-05
5322 1.823436563e-05
5323 1.82309407e-05
5324 1.822751705e-05
5325 1.822409468e-05
5326 1.82206736e-05
5327 1.821725381e-05
5328 1.821383529e-05
5329 1.821041806e-05
5330 1.820700211e-05
5331 1.820358745e-05
5332 1.820017406e-05
5333 1.819676196e-05
5334 1.819335113e-05
5335 1.818994158e-05
5336 1.818653331e-05
5337 1.818312632e-05
5338 1.81797206e-05
5339 1.817631616e-05
5340 1.817291299e-05
5341 1.81695111e-05
5342 1.816611048e-05
5343 1.816271113e-05
5344 1.815931305e-05
5345 1.815591625e-05
5346 1.815252072e-05
5347 1.814912645e-05
5348 1.814573346e-05
5349 1.814234173e-05
5350 1.813895128e-05
5351 1.813556208e-05
5352 1.813217416e-05
5353 1.81287875e-05
5354 1.812540211e-05
5355 1.812201797e-05
5356 1.811863511e-05
5357 1.81152535e-05
5358 1.811187316e-05
5359 1.810849408e-05
5360 1.810511626e-05
5361 1.81017397e-05
5362 1.80983644e-05
5363 1.809499036e-05
5364 1.809161757e-05
5365 1.808824604e-05
5366 1.808487577e-05
5367 1.808150676e-05
5368 1.8078139e-05
5369 1.807477249e-05
5370 1.807140724e-05
5371 1.806804324e-05
5372 1.806468049e-05
5373 1.806131899e-05
5374 1.805795875e-05
5375 1.805459975e-05
5376 1.805124201e-05
5377 1.804788551e-05
5378 1.804453026e-05
5379 1.804117626e-05
5380 1.80378235e-05
5381 1.803447199e-05
5382 1.803112173e-05
5383 1.802777271e-05
5384 1.802442493e-05
5385 1.80210784e-05
5386 1.801773311e-05
5387 1.801438906e-05
5388 1.801104626e-05
5389 1.800770469e-05
5390 1.800436436e-05
5391 1.800102527e-05
5392 1.799768742e-05
5393 1.799435081e-05
5394 1.799101544e-05
5395 1.79876813e-05
5396 1.798434839e-05
5397 1.798101672e-05
5398 1.797768629e-05
5399 1.797435709e-05
5400 1.797102912e-05
5401 1.796770238e-05
5402 1.796437688e-05
5403 1.79610526e-05
5404 1.795772956e-05
5405 1.795440775e-05
5406 1.795108716e-05
5407 1.79477678e-05
5408 1.794444967e-05
5409 1.794113277e-05
5410 1.793781709e-05
5411 1.793450264e-05
5412 1.793118941e-05
5413 1.792787741e-05
5414 1.792456662e-05
5415 1.792125707e-05
5416 1.791794873e-05
5417 1.791464162e-05
5418 1.791133572e-05
5419 1.790803105e-05
5420 1.790472759e-05
5421 1.790142535e-05
5422 1.789812434e-05
5423 1.789482453e-05
5424 1.789152595e-05
5425 1.788822858e-05
5426 1.788493243e-05
5427 1.788163749e-05
5428 1.787834376e-05
5429 1.787505125e-05
5430 1.787175995e-05
5431 1.786846986e-05
5432 1.786518098e-05
5433 1.786189332e-05
5434 1.785860686e-05
5435 1.785532161e-05
5436 1.785203757e-05
5437 1.784875474e-05
5438 1.784547312e-05
5439 1.78421927e-05
5440 1.783891349e-05
5441 1.783563548e-05
5442 1.783235868e-05
5443 1.782908308e-05
5444 1.782580868e-05
5445 1.782253549e-05
5446 1.78192635e-05
5447 1.781599271e-05
5448 1.781272312e-05
5449 1.780945473e-05
5450 1.780618754e-05
5451 1.780292155e-05
5452 1.779965675e-05
5453 1.779639316e-05
5454 1.779313076e-05
5455 1.778986955e-05
5456 1.778660954e-05
5457 1.778335073e-05
5458 1.778009311e-05
5459 1.777683668e-05
5460 1.777358145e-05
5461 1.77703274e-05
5462 1.776707455e-05
5463 1.776382289e-05
5464 1.776057242e-05
5465 1.775732314e-05
5466 1.775407505e-05
5467 1.775082814e-05
5468 1.774758242e-05
5469 1.774433789e-05
5470 1.774109455e-05
5471 1.773785239e-05
5472 1.773461141e-05
5473 1.773137162e-05
5474 1.772813302e-05
5475 1.772489559e-05
5476 1.772165935e-05
5477 1.771842429e-05
5478 1.771519041e-05
5479 1.771195771e-05
5480 1.770872619e-05
5481 1.770549585e-05
5482 1.770226669e-05
5483 1.769903871e-05
5484 1.76958119e-05
5485 1.769258627e-05
5486 1.768936181e-05
5487 1.768613853e-05
5488 1.768291643e-05
5489 1.76796955e-05
5490 1.767647574e-05
5491 1.767325715e-05
5492 1.767003974e-05
5493 1.766682349e-05
5494 1.766360842e-05
5495 1.766039452e-05
5496 1.765718179e-05
5497 1.765397022e-05
5498 1.765075982e-05
5499 1.76475506e-05
5500 1.764434253e-05
5501 1.764113564e-05
5502 1.763792991e-05
5503 1.763472534e-05
5504 1.763152194e-05
5505 1.76283197e-05
5506 1.762511863e-05
5507 1.762191871e-05
5508 1.761871996e-05
5509 1.761552237e-05
5510 1.761232594e-05
5511 1.760913067e-05
5512 1.760593656e-05
5513 1.760274361e-05
5514 1.759955182e-05
5515 1.759636118e-05
5516 1.75931717e-05
5517 1.758998338e-05
5518 1.758679621e-05
5519 1.758361019e-05
5520 1.758042533e-05
5521 1.757724163e-05
5522 1.757405908e-05
5523 1.757087767e-05
5524 1.756769743e-05
5525 1.756451833e-05
5526 1.756134038e-05
5527 1.755816358e-05
5528 1.755498793e-05
5529 1.755181343e-05
5530 1.754864008e-05
5531 1.754546787e-05
5532 1.754229681e-05
5533 1.75391269e-05
5534 1.753595813e-05
5535 1.753279051e-05
5536 1.752962403e-05
5537 1.75264587e-05
5538 1.752329451e-05
5539 1.752013146e-05
5540 1.751696955e-05
5541 1.751380878e-05
5542 1.751064916e-05
5543 1.750749067e-05
5544 1.750433332e-05
5545 1.750117711e-05
5546 1.749802204e-05
5547 1.749486811e-05
5548 1.749171531e-05
5549 1.748856365e-05
5550 1.748541313e-05
5551 1.748226374e-05
5552 1.747911548e-05
5553 1.747596836e-05
5554 1.747282237e-05
5555 1.746967752e-05
5556 1.746653379e-05
5557 1.74633912e-05
5558 1.746024973e-05
5559 1.74571094e-05
5560 1.74539702e-05
5561 1.745083212e-05
5562 1.744769518e-05
5563 1.744455936e-05
5564 1.744142467e-05
5565 1.74382911e-05
5566 1.743515866e-05
5567 1.743202735e-05
5568 1.742889716e-05
5569 1.742576809e-05
5570 1.742264015e-05
5571 1.741951333e-05
5572 1.741638763e-05
5573 1.741326306e-05
5574 1.74101396e-05
5575 1.740701727e-05
5576 1.740389605e-05
5577 1.740077595e-05
5578 1.739765698e-05
5579 1.739453912e-05
5580 1.739142237e-05
5581 1.738830675e-05
5582 1.738519224e-05
5583 1.738207885e-05
5584 1.737896657e-05
5585 1.73758554e-05
5586 1.737274535e-05
5587 1.736963641e-05
5588 1.736652859e-05
5589 1.736342187e-05
5590 1.736031627e-05
5591 1.735721178e-05
5592 1.73541084e-05
5593 1.735100613e-05
5594 1.734790496e-05
5595 1.734480491e-05
5596 1.734170596e-05
5597 1.733860812e-05
5598 1.733551139e-05
5599 1.733241576e-05
5600 1.732932124e-05
5601 1.732622782e-05
5602 1.732313551e-05
5603 1.73200443e-05
5604 1.73169542e-05
5605 1.731386519e-05
5606 1.731077729e-05
5607 1.730769049e-05
5608 1.730460479e-05
5609 1.730152019e-05
5610 1.729843669e-05
5611 1.729535429e-05
5612 1.729227299e-05
5613 1.728919278e-05
5614 1.728611367e-05
5615 1.728303566e-05
5616 1.727995875e-05
5617 1.727688293e-05
5618 1.72738082e-05
5619 1.727073457e-05
5620 1.726766203e-05
5621 1.726459059e-05
5622 1.726152023e-05
5623 1.725845097e-05
5624 1.72553828e-05
5625 1.725231573e-05
5626 1.724924974e-05
5627 1.724618484e-05
5628 1.724312103e-05
5629 1.724005831e-05
5630 1.723699667e-05
5631 1.723393613e-05
5632 1.723087667e-05
5633 1.722781829e-05
5634 1.722476101e-05
5635 1.72217048e-05
5636 1.721864968e-05
5637 1.721559565e-05
5638 1.72125427e-05
5639 1.720949083e-05
5640 1.720644004e-05
5641 1.720339034e-05
5642 1.720034171e-05
5643 1.719729417e-05
5644 1.71942477e-05
5645 1.719120232e-05
5646 1.718815801e-05
5647 1.718511478e-05
5648 1.718207263e-05
5649 1.717903155e-05
5650 1.717599155e-05
5651 1.717295263e-05
5652 1.716991478e-05
5653 1.716687801e-05
5654 1.716384231e-05
5655 1.716080769e-05
5656 1.715777413e-05
5657 1.715474165e-05
5658 1.715171024e-05
5659 1.714867991e-05
5660 1.714565064e-05
5661 1.714262244e-05
5662 1.713959532e-05
5663 1.713656926e-05
5664 1.713354427e-05
5665 1.713052034e-05
5666 1.712749749e-05
5667 1.71244757e-05
5668 1.712145498e-05
5669 1.711843532e-05
5670 1.711541673e-05
5671 1.71123992e-05
5672 1.710938274e-05
5673 1.710636734e-05
5674 1.7103353e-05
5675 1.710033972e-05
5676 1.709732751e-05
5677 1.709431636e-05
5678 1.709130626e-05
5679 1.708829723e-05
5680 1.708528926e-05
5681 1.708228234e-05
5682 1.707927649e-05
5683 1.707627169e-05
5684 1.707326795e-05
5685 1.707026526e-05
5686 1.706726363e-05
5687 1.706426306e-05
5688 1.706126354e-05
5689 1.705826507e-05
5690 1.705526766e-05
5691 1.705227131e-05
5692 1.7049276e-05
5693 1.704628175e-05
5694 1.704328855e-05
5695 1.70402964e-05
5696 1.70373053e-05
5697 1.703431525e-05
5698 1.703132625e-05
5699 1.702833829e-05
5700 1.702535139e-05
5701 1.702236553e-05
5702 1.701938072e-05
5703 1.701639696e-05
5704 1.701341425e-05
5705 1.701043258e-05
5706 1.700745195e-05
5707 1.700447237e-05
5708 1.700149383e-05
5709 1.699851634e-05
5710 1.699553988e-05
5711 1.699256447e-05
5712 1.698959011e-05
5713 1.698661678e-05
5714 1.698364449e-05
5715 1.698067325e-05
5716 1.697770304e-05
5717 1.697473387e-05
5718 1.697176574e-05
5719 1.696879865e-05
5720 1.696583259e-05
5721 1.696286758e-05
5722 1.695990359e-05
5723 1.695694065e-05
5724 1.695397874e-05
5725 1.695101786e-05
5726 1.694805802e-05
5727 1.694509921e-05
5728 1.694214143e-05
5729 1.693918469e-05
5730 1.693622898e-05
5731 1.69332743e-05
5732 1.693032065e-05
5733 1.692736803e-05
5734 1.692441644e-05
5735 1.692146588e-05
5736 1.691851635e-05
5737 1.691556784e-05
5738 1.691262036e-05
5739 1.690967392e-05
5740 1.690672849e-05
5741 1.69037841e-05
5742 1.690084072e-05
5743 1.689789838e-05
5744 1.689495705e-05
5745 1.689201675e-05
5746 1.688907748e-05
5747 1.688613923e-05
5748 1.6883202e-05
5749 1.688026579e-05
5750 1.68773306e-05
5751 1.687439643e-05
5752 1.687146328e-05
5753 1.686853116e-05
5754 1.686560005e-05
5755 1.686266996e-05
5756 1.685974088e-05
5757 1.685681283e-05
5758 1.685388579e-05
5759 1.685095977e-05
5760 1.684803476e-05
5761 1.684511077e-05
5762 1.68421878e-05
5763 1.683926584e-05
5764 1.683634489e-05
5765 1.683342495e-05
5766 1.683050603e-05
5767 1.682758812e-05
5768 1.682467122e-05
5769 1.682175533e-05
5770 1.681884046e-05
5771 1.681592659e-05
5772 1.681301373e-05
5773 1.681010188e-05
5774 1.680719104e-05
5775 1.680428121e-05
5776 1.680137239e-05
5777 1.679846457e-05
5778 1.679555776e-05
5779 1.679265195e-05
5780 1.678974715e-05
5781 1.678684335e-05
5782 1.678394056e-05
5783 1.678103877e-05
5784 1.677813799e-05
5785 1.677523821e-05
5786 1.677233943e-05
5787 1.676944165e-05
5788 1.676654487e-05
5789 1.67636491e-05
5790 1.676075432e-05
5791 1.675786054e-05
5792 1.675496777e-05
5793 1.675207599e-05
5794 1.674918521e-05
5795 1.674629542e-05
5796 1.674340664e-05
5797 1.674051885e-05
5798 1.673763205e-05
5799 1.673474625e-05
5800 1.673186145e-05
5801 1.672897764e-05
5802 1.672609483e-05
5803 1.6723213e-05
5804 1.672033217e-05
5805 1.671745234e-05
5806 1.671457349e-05
5807 1.671169564e-05
5808 1.670881878e-05
5809 1.67059429e-05
5810 1.670306802e-05
5811 1.670019413e-05
5812 1.669732122e-05
5813 1.669444931e-05
5814 1.669157838e-05
5815 1.668870844e-05
5816 1.668583948e-05
5817 1.668297151e-05
5818 1.668010453e-05
5819 1.667723854e-05
5820 1.667437352e-05
5821 1.667150949e-05
5822 1.666864645e-05
5823 1.666578439e-05
5824 1.666292331e-05
5825 1.666006321e-05
5826 1.66572041e-05
5827 1.665434596e-05
5828 1.665148881e-05
5829 1.664863264e-05
5830 1.664577744e-05
5831 1.664292323e-05
5832 1.664006999e-05
5833 1.663721774e-05
5834 1.663436646e-05
5835 1.663151615e-05
5836 1.662866683e-05
5837 1.662581848e-05
5838 1.66229711e-05
5839 1.66201247e-05
5840 1.661727928e-05
5841 1.661443483e-05
5842 1.661159135e-05
5843 1.660874885e-05
5844 1.660590732e-05
5845 1.660306676e-05
5846 1.660022717e-05
5847 1.659738856e-05
5848 1.659455091e-05
5849 1.659171423e-05
5850 1.658887853e-05
5851 1.658604379e-05
5852 1.658321002e-05
5853 1.658037722e-05
5854 1.657754539e-05
5855 1.657471453e-05
5856 1.657188463e-05
5857 1.65690557e-05
5858 1.656622773e-05
5859 1.656340073e-05
5860 1.656057469e-05
5861 1.655774962e-05
5862 1.655492551e-05
5863 1.655210237e-05
5864 1.654928018e-05
5865 1.654645896e-05
5866 1.65436387e-05
5867 1.654081941e-05
5868 1.653800107e-05
5869 1.653518369e-05
5870 1.653236728e-05
5871 1.652955182e-05
5872 1.652673732e-05
5873 1.652392378e-05
5874 1.65211112e-05
5875 1.651829957e-05
5876 1.65154889e-05
5877 1.651267919e-05
5878 1.650987043e-05
5879 1.650706263e-05
5880 1.650425579e-05
5881 1.650144989e-05
5882 1.649864496e-05
5883 1.649584097e-05
5884 1.649303794e-05
5885 1.649023586e-05
5886 1.648743473e-05
5887 1.648463456e-05
5888 1.648183533e-05
5889 1.647903706e-05
5890 1.647623973e-05
5891 1.647344336e-05
5892 1.647064793e-05
5893 1.646785346e-05
5894 1.646505993e-05
5895 1.646226735e-05
5896 1.645947571e-05
5897 1.645668502e-05
5898 1.645389528e-05
5899 1.645110649e-05
5900 1.644831864e-05
5901 1.644553173e-05
5902 1.644274577e-05
5903 1.643996075e-05
5904 1.643717668e-05
5905 1.643439354e-05
5906 1.643161135e-05
5907 1.642883011e-05
5908 1.64260498e-05
5909 1.642327044e-05
5910 1.642049201e-05
5911 1.641771453e-05
5912 1.641493798e-05
5913 1.641216237e-05
5914 1.64093877e-05
5915 1.640661397e-05
5916 1.640384118e-05
5917 1.640106933e-05
5918 1.639829841e-05
5919 1.639552842e-05
5920 1.639275938e-05
5921 1.638999127e-05
5922 1.638722409e-05
5923 1.638445784e-05
5924 1.638169254e-05
5925 1.637892816e-05
5926 1.637616472e-05
5927 1.637340221e-05
5928 1.637064063e-05
5929 1.636787998e-05
5930 1.636512026e-05
5931 1.636236148e-05
5932 1.635960362e-05
5933 1.635684669e-05
5934 1.635409069e-05
5935 1.635133563e-05
5936 1.634858148e-05
5937 1.634582827e-05
5938 1.634307598e-05
5939 1.634032463e-05
5940 1.633757419e-05
5941 1.633482468e-05
5942 1.63320761e-05
5943 1.632932844e-05
5944 1.632658171e-05
5945 1.63238359e-05
5946 1.632109102e-05
5947 1.631834705e-05
5948 1.631560401e-05
5949 1.631286189e-05
5950 1.63101207e-05
5951 1.630738042e-05
5952 1.630464107e-05
5953 1.630190263e-05
5954 1.629916512e-05
5955 1.629642852e-05
5956 1.629369284e-05
5957 1.629095809e-05
5958 1.628822424e-05
5959 1.628549132e-05
5960 1.628275931e-05
5961 1.628002822e-05
5962 1.627729805e-05
5963 1.627456879e-05
5964 1.627184045e-05
5965 1.626911302e-05
5966 1.62663865e-05
5967 1.62636609e-05
5968 1.626093622e-05
5969 1.625821244e-05
5970 1.625548958e-05
5971 1.625276763e-05
5972 1.625004659e-05
5973 1.624732646e-05
5974 1.624460724e-05
5975 1.624188893e-05
5976 1.623917154e-05
5977 1.623645505e-05
5978 1.623373947e-05
5979 1.623102479e-05
5980 1.622831103e-05
5981 1.622559817e-05
5982 1.622288622e-05
5983 1.622017518e-05
5984 1.621746504e-05
5985 1.621475581e-05
5986 1.621204748e-05
5987 1.620934006e-05
5988 1.620663354e-05
5989 1.620392793e-05
5990 1.620122321e-05
5991 1.61985194e-05
5992 1.61958165e-05
5993 1.619311449e-05
5994 1.619041339e-05
5995 1.618771319e-05
5996 1.618501389e-05
5997 1.618231548e-05
5998 1.617961798e-05
5999 1.617692138e-05
6000 1.617422567e-05
6001 1.617153087e-05
6002 1.616883696e-05
6003 1.616614395e-05
6004 1.616345184e-05
6005 1.616076062e-05
6006 1.61580703e-05
6007 1.615538087e-05
6008 1.615269234e-05
6009 1.61500047e-05
6010 1.614731796e-05
6011 1.614463211e-05
6012 1.614194716e-05
6013 1.61392631e-05
6014 1.613657993e-05
6015 1.613389765e-05
6016 1.613121627e-05
6017 1.612853577e-05
6018 1.612585617e-05
6019 1.612317745e-05
6020 1.612049963e-05
6021 1.61178227e-05
6022 1.611514665e-05
6023 1.611247149e-05
6024 1.610979722e-05
6025 1.610712384e-05
6026 1.610445135e-05
6027 1.610177974e-05
6028 1.609910902e-05
6029 1.609643918e-05
6030 1.609377023e-05
6031 1.609110217e-05
6032 1.608843499e-05
6033 1.608576869e-05
6034 1.608310328e-05
6035 1.608043875e-05
6036 1.60777751e-05
6037 1.607511233e-05
6038 1.607245045e-05
6039 1.606978945e-05
6040 1.606712933e-05
6041 1.606447009e-05
6042 1.606181173e-05
6043 1.605915425e-05
6044 1.605649765e-05
6045 1.605384192e-05
6046 1.605118708e-05
6047 1.604853311e-05
6048 1.604588003e-05
6049 1.604322781e-05
6050 1.604057648e-05
6051 1.603792602e-05
6052 1.603527644e-05
6053 1.603262773e-05
6054 1.60299799e-05
6055 1.602733294e-05
6056 1.602468685e-05
6057 1.602204164e-05
6058 1.601939731e-05
6059 1.601675384e-05
6060 1.601411125e-05
6061 1.601146953e-05
6062 1.600882868e-05
6063 1.60061887e-05
6064 1.600354959e-05
6065 1.600091135e-05
6066 1.599827399e-05
6067 1.599563749e-05
6068 1.599300186e-05
6069 1.59903671e-05
6070 1.59877332e-05
6071 1.598510018e-05
6072 1.598246802e-05
6073 1.597983673e-05
6074 1.59772063e-05
6075 1.597457674e-05
6076 1.597194805e-05
6077 1.596932022e-05
6078 1.596669325e-05
6079 1.596406715e-05
6080 1.596144191e-05
6081 1.595881754e-05
6082 1.595619403e-05
6083 1.595357138e-05
6084 1.595094959e-05
6085 1.594832867e-05
6086 1.59457086e-05
6087 1.59430894e-05
6088 1.594047106e-05
6089 1.593785358e-05
6090 1.593523695e-05
6091 1.593262119e-05
6092 1.593000628e-05
6093 1.592739223e-05
6094 1.592477904e-05
6095 1.592216671e-05
6096 1.591955524e-05
6097 1.591694462e-05
6098 1.591433485e-05
6099 1.591172595e-05
6100 1.590911789e-05
6101 1.59065107e-05
6102 1.590390435e-05
6103 1.590129887e-05
6104 1.589869423e-05
6105 1.589609045e-05
6106 1.589348752e-05
6107 1.589088544e-05
6108 1.588828422e-05
6109 1.588568384e-05
6110 1.588308432e-05
6111 1.588048565e-05
6112 1.587788782e-05
6113 1.587529085e-05
6114 1.587269473e-05
6115 1.587009946e-05
6116 1.586750503e-05
6117 1.586491145e-05
6118 1.586231872e-05
6119 1.585972684e-05
6120 1.585713581e-05
6121 1.585454562e-05
6122 1.585195628e-05
6123 1.584936778e-05
6124 1.584678013e-05
6125 1.584419332e-05
6126 1.584160736e-05
6127 1.583902224e-05
6128 1.583643796e-05
6129 1.583385453e-05
6130 1.583127194e-05
6131 1.582869019e-05
6132 1.582610929e-05
6133 1.582352923e-05
6134 1.582095e-05
6135 1.581837162e-05
6136 1.581579408e-05
6137 1.581321738e-05
6138 1.581064152e-05
6139 1.580806649e-05
6140 1.580549231e-05
6141 1.580291896e-05
6142 1.580034646e-05
6143 1.579777478e-05
6144 1.579520395e-05
6145 1.579263395e-05
6146 1.579006479e-05
6147 1.578749647e-05
6148 1.578492898e-05
6149 1.578236232e-05
6150 1.57797965e-05
6151 1.577723151e-05
6152 1.577466736e-05
6153 1.577210404e-05
6154 1.576954156e-05
6155 1.57669799e-05
6156 1.576441908e-05
6157 1.576185909e-05
6158 1.575929993e-05
6159 1.57567416e-05
6160 1.575418411e-05
6161 1.575162744e-05
6162 1.57490716e-05
6163 1.574651659e-05
6164 1.574396241e-05
6165 1.574140906e-05
6166 1.573885654e-05
6167 1.573630484e-05
6168 1.573375398e-05
6169 1.573120393e-05
6170 1.572865472e-05
6171 1.572610633e-05
6172 1.572355877e-05
6173 1.572101203e-05
6174 1.571846612e-05
6175 1.571592103e-05
6176 1.571337676e-05
6177 1.571083332e-05
6178 1.570829071e-05
6179 1.570574891e-05
6180 1.570320794e-05
6181 1.570066779e-05
6182 1.569812846e-05
6183 1.569558995e-05
6184 1.569305227e-05
6185 1.56905154e-05
6186 1.568797936e-05
6187 1.568544413e-05
6188 1.568290972e-05
6189 1.568037613e-05
6190 1.567784337e-05
6191 1.567531141e-05
6192 1.567278028e-05
6193 1.567024996e-05
6194 1.566772046e-05
6195 1.566519178e-05
6196 1.566266391e-05
6197 1.566013686e-05
6198 1.565761063e-05
6199 1.565508521e-05
6200 1.56525606e-05
6201 1.565003681e-05
6202 1.564751383e-05
6203 1.564499166e-05
6204 1.564247031e-05
6205 1.563994977e-05
6206 1.563743004e-05
6207 1.563491113e-05
6208 1.563239302e-05
6209 1.562987573e-05
6210 1.562735925e-05
6211 1.562484357e-05
6212 1.562232871e-05
6213 1.561981466e-05
6214 1.561730141e-05
6215 1.561478898e-05
6216 1.561227735e-05
6217 1.560976653e-05
6218 1.560725652e-05
6219 1.560474731e-05
6220 1.560223891e-05
6221 1.559973132e-05
6222 1.559722453e-05
6223 1.559471855e-05
6224 1.559221338e-05
6225 1.558970901e-05
6226 1.558720544e-05
6227 1.558470268e-05
6228 1.558220072e-05
6229 1.557969956e-05
6230 1.557719921e-05
6231 1.557469966e-05
6232 1.557220091e-05
6233 1.556970296e-05
6234 1.556720582e-05
6235 1.556470947e-05
6236 1.556221393e-05
6237 1.555971918e-05
6238 1.555722524e-05
6239 1.55547321e-05
6240 1.555223975e-05
6241 1.55497482e-05
6242 1.554725745e-05
6243 1.55447675e-05
6244 1.554227835e-05
6245 1.553978999e-05
6246 1.553730243e-05
6247 1.553481566e-05
6248 1.55323297e-05
6249 1.552984452e-05
6250 1.552736015e-05
6251 1.552487656e-05
6252 1.552239377e-05
6253 1.551991178e-05
6254 1.551743058e-05
6255 1.551495017e-05
6256 1.551247056e-05
6257 1.550999173e-05
6258 1.55075137e-05
6259 1.550503647e-05
6260 1.550256002e-05
6261 1.550008436e-05
6262 1.54976095e-05
6263 1.549513542e-05
6264 1.549266213e-05
6265 1.549018964e-05
6266 1.548771793e-05
6267 1.548524701e-05
6268 1.548277688e-05
6269 1.548030754e-05
6270 1.547783898e-05
6271 1.547537122e-05
6272 1.547290424e-05
6273 1.547043804e-05
6274 1.546797263e-05
6275 1.546550801e-05
6276 1.546304417e-05
6277 1.546058112e-05
6278 1.545811885e-05
6279 1.545565737e-05
6280 1.545319667e-05
6281 1.545073675e-05
6282 1.544827762e-05
6283 1.544581927e-05
6284 1.54433617e-05
6285 1.544090491e-05
6286 1.543844891e-05
6287 1.543599368e-05
6288 1.543353924e-05
6289 1.543108558e-05
6290 1.542863269e-05
6291 1.542618059e-05
6292 1.542372927e-05
6293 1.542127872e-05
6294 1.541882896e-05
6295 1.541637997e-05
6296 1.541393176e-05
6297 1.541148432e-05
6298 1.540903767e-05
6299 1.540659179e-05
6300 1.540414669e-05
6301 1.540170236e-05
6302 1.539925881e-05
6303 1.539681603e-05
6304 1.539437403e-05
6305 1.539193281e-05
6306 1.538949235e-05
6307 1.538705267e-05
6308 1.538461377e-05
6309 1.538217564e-05
6310 1.537973828e-05
6311 1.537730169e-05
6312 1.537486588e-05
6313 1.537243083e-05
6314 1.536999656e-05
6315 1.536756306e-05
6316 1.536513033e-05
6317 1.536269837e-05
6318 1.536026717e-05
6319 1.535783675e-05
6320 1.53554071e-05
6321 1.535297821e-05
6322 1.53505501e-05
6323 1.534812275e-05
6324 1.534569617e-05
6325 1.534327036e-05
6326 1.534084531e-05
6327 1.533842103e-05
6328 1.533599752e-05
6329 1.533357477e-05
6330 1.533115278e-05
6331 1.532873157e-05
6332 1.532631111e-05
6333 1.532389142e-05
6334 1.53214725e-05
6335 1.531905434e-05
6336 1.531663694e-05
6337 1.53142203e-05
6338 1.531180443e-05
6339 1.530938932e-05
6340 1.530697497e-05
6341 1.530456138e-05
6342 1.530214855e-05
6343 1.529973649e-05
6344 1.529732518e-05
6345 1.529491464e-05
6346 1.529250485e-05
6347 1.529009582e-05
6348 1.528768755e-05
6349 1.528528004e-05
6350 1.528287329e-05
6351 1.52804673e-05
6352 1.527806206e-05
6353 1.527565758e-05
6354 1.527325386e-05
6355 1.527085089e-05
6356 1.526844868e-05
6357 1.526604723e-05
6358 1.526364653e-05
6359 1.526124658e-05
6360 1.525884739e-05
6361 1.525644896e-05
6362 1.525405128e-05
6363 1.525165435e-05
6364 1.524925817e-05
6365 1.524686275e-05
6366 1.524446808e-05
6367 1.524207416e-05
6368 1.5239681e-05
6369 1.523728858e-05
6370 1.523489692e-05
6371 1.523250601e-05
6372 1.523011584e-05
6373 1.522772643e-05
6374 1.522533777e-05
6375 1.522294985e-05
6376 1.522056269e-05
6377 1.521817627e-05
6378 1.521579061e-05
6379 1.521340569e-05
6380 1.521102151e-05
6381 1.520863809e-05
6382 1.520625541e-05
6383 1.520387348e-05
6384 1.520149229e-05
6385 1.519911185e-05
6386 1.519673215e-05
6387 1.519435321e-05
6388 1.5191975e-05
6389 1.518959754e-05
6390 1.518722082e-05
6391 1.518484485e-05
6392 1.518246962e-05
6393 1.518009513e-05
6394 1.517772139e-05
6395 1.517534839e-05
6396 1.517297613e-05
6397 1.517060461e-05
6398 1.516823383e-05
6399 1.516586379e-05
6400 1.51634945e-05
6401 1.516112594e-05
6402 1.515875812e-05
6403 1.515639105e-05
6404 1.515402471e-05
6405 1.515165911e-05
6406 1.514929425e-05
6407 1.514693013e-05
6408 1.514456675e-05
6409 1.51422041e-05
6410 1.513984219e-05
6411 1.513748102e-05
6412 1.513512058e-05
6413 1.513276088e-05
6414 1.513040191e-05
6415 1.512804368e-05
6416 1.512568619e-05
6417 1.512332943e-05
6418 1.51209734e-05
6419 1.511861811e-05
6420 1.511626355e-05
6421 1.511390973e-05
6422 1.511155664e-05
6423 1.510920428e-05
6424 1.510685265e-05
6425 1.510450175e-05
6426 1.510215159e-05
6427 1.509980216e-05
6428 1.509745346e-05
6429 1.509510549e-05
6430 1.509275825e-05
6431 1.509041173e-05
6432 1.508806595e-05
6433 1.50857209e-05
6434 1.508337658e-05
6435 1.508103298e-05
6436 1.507869012e-05
6437 1.507634798e-05
6438 1.507400657e-05
6439 1.507166588e-05
6440 1.506932592e-05
6441 1.506698669e-05
6442 1.506464819e-05
6443 1.506231041e-05
6444 1.505997336e-05
6445 1.505763703e-05
6446 1.505530142e-05
6447 1.505296654e-05
6448 1.505063239e-05
6449 1.504829896e-05
6450 1.504596625e-05
6451 1.504363426e-05
6452 1.5041303e-05
6453 1.503897246e-05
6454 1.503664265e-05
6455 1.503431355e-05
6456 1.503198517e-05
6457 1.502965752e-05
6458 1.502733059e-05
6459 1.502500438e-05
6460 1.502267888e-05
6461 1.502035411e-05
6462 1.501803006e-05
6463 1.501570673e-05
6464 1.501338411e-05
6465 1.501106221e-05
6466 1.500874104e-05
6467 1.500642057e-05
6468 1.500410083e-05
6469 1.50017818e-05
6470 1.499946349e-05
6471 1.49971459e-05
6472 1.499482902e-05
6473 1.499251286e-05
6474 1.499019742e-05
6475 1.498788269e-05
6476 1.498556867e-05
6477 1.498325537e-05
6478 1.498094278e-05
6479 1.497863091e-05
6480 1.497631975e-05
6481 1.49740093e-05
6482 1.497169956e-05
6483 1.496939054e-05
6484 1.496708223e-05
6485 1.496477463e-05
6486 1.496246775e-05
6487 1.496016157e-05
6488 1.495785611e-05
6489 1.495555135e-05
6490 1.495324731e-05
6491 1.495094397e-05
6492 1.494864135e-05
6493 1.494633943e-05
6494 1.494403823e-05
6495 1.494173773e-05
6496 1.493943794e-05
6497 1.493713885e-05
6498 1.493484048e-05
6499 1.493254281e-05
6500 1.493024585e-05
6501 1.49279496e-05
6502 1.492565405e-05
6503 1.492335921e-05
6504 1.492106507e-05
6505 1.491877164e-05
6506 1.491647891e-05
6507 1.491418689e-05
6508 1.491189557e-05
6509 1.490960496e-05
6510 1.490731505e-05
6511 1.490502584e-05
6512 1.490273734e-05
6513 1.490044954e-05
6514 1.489816244e-05
6515 1.489587604e-05
6516 1.489359034e-05
6517 1.489130535e-05
6518 1.488902106e-05
6519 1.488673747e-05
6520 1.488445457e-05
6521 1.488217238e-05
6522 1.487989089e-05
6523 1.48776101e-05
6524 1.487533e-05
6525 1.487305061e-05
6526 1.487077191e-05
6527 1.486849391e-05
6528 1.486621661e-05
6529 1.486394001e-05
6530 1.486166411e-05
6531 1.48593889e-05
6532 1.485711438e-05
6533 1.485484057e-05
6534 1.485256745e-05
6535 1.485029502e-05
6536 1.484802329e-05
6537 1.484575226e-05
6538 1.484348192e-05
6539 1.484121227e-05
6540 1.483894332e-05
6541 1.483667506e-05
6542 1.48344075e-05
6543 1.483214063e-05
6544 1.482987445e-05
6545 1.482760896e-05
6546 1.482534417e-05
6547 1.482308007e-05
6548 1.482081666e-05
6549 1.481855393e-05
6550 1.481629191e-05
6551 1.481403057e-05
6552 1.481176992e-05
6553 1.480950996e-05
6554 1.480725069e-05
6555 1.480499211e-05
6556 1.480273422e-05
6557 1.480047702e-05
6558 1.47982205e-05
6559 1.479596468e-05
6560 1.479370954e-05
6561 1.479145509e-05
6562 1.478920132e-05
6563 1.478694824e-05
6564 1.478469585e-05
6565 1.478244415e-05
6566 1.478019313e-05
6567 1.477794279e-05
6568 1.477569315e-05
6569 1.477344418e-05
6570 1.47711959e-05
6571 1.476894831e-05
6572 1.47667014e-05
6573 1.476445517e-05
6574 1.476220962e-05
6575 1.475996476e-05
6576 1.475772058e-05
6577 1.475547709e-05
6578 1.475323427e-05
6579 1.475099214e-05
6580 1.474875069e-05
6581 1.474650992e-05
6582 1.474426983e-05
6583 1.474203042e-05
6584 1.473979169e-05
6585 1.473755364e-05
6586 1.473531627e-05
6587 1.473307958e-05
6588 1.473084357e-05
6589 1.472860824e-05
6590 1.472637358e-05
6591 1.47241396e-05
6592 1.472190631e-05
6593 1.471967368e-05
6594 1.471744174e-05
6595 1.471521047e-05
6596 1.471297988e-05
6597 1.471074997e-05
6598 1.470852073e-05
6599 1.470629216e-05
6600 1.470406427e-05
6601 1.470183706e-05
6602 1.469961052e-05
6603 1.469738466e-05
6604 1.469515947e-05
6605 1.469293495e-05
6606 1.469071111e-05
6607 1.468848793e-05
6608 1.468626544e-05
6609 1.468404361e-05
6610 1.468182246e-05
6611 1.467960198e-05
6612 1.467738217e-05
6613 1.467516303e-05
6614 1.467294456e-05
6615 1.467072676e-05
6616 1.466850964e-05
6617 1.466629318e-05
6618 1.466407739e-05
6619 1.466186228e-05
6620 1.465964783e-05
6621 1.465743405e-05
6622 1.465522094e-05
6623 1.46530085e-05
6624 1.465079672e-05
6625 1.464858561e-05
6626 1.464637517e-05
6627 1.46441654e-05
6628 1.464195629e-05
6629 1.463974785e-05
6630 1.463754008e-05
6631 1.463533297e-05
6632 1.463312653e-05
6633 1.463092075e-05
6634 1.462871564e-05
6635 1.462651119e-05
6636 1.462430741e-05
6637 1.462210429e-05
6638 1.461990183e-05
6639 1.461770004e-05
6640 1.461549891e-05
6641 1.461329845e-05
6642 1.461109864e-05
6643 1.46088995e-05
6644 1.460670102e-05
6645 1.46045032e-05
6646 1.460230604e-05
6647 1.460010955e-05
6648 1.459791371e-05
6649 1.459571854e-05
6650 1.459352402e-05
6651 1.459133017e-05
6652 1.458913697e-05
6653 1.458694444e-05
6654 1.458475256e-05
6655 1.458256134e-05
6656 1.458037078e-05
6657 1.457818088e-05
6658 1.457599163e-05
6659 1.457380304e-05
6660 1.457161511e-05
6661 1.456942784e-05
6662 1.456724122e-05
6663 1.456505526e-05
6664 1.456286996e-05
6665 1.456068531e-05
6666 1.455850132e-05
6667 1.455631798e-05
6668 1.455413529e-05
6669 1.455195326e-05
6670 1.454977189e-05
6671 1.454759117e-05
6672 1.45454111e-05
6673 1.454323169e-05
6674 1.454105292e-05
6675 1.453887482e-05
6676 1.453669736e-05
6677 1.453452056e-05
6678 1.45323444e-05
6679 1.45301689e-05
6680 1.452799405e-05
6681 1.452581986e-05
6682 1.452364631e-05
6683 1.452147341e-05
6684 1.451930116e-05
6685 1.451712957e-05
6686 1.451495862e-05
6687 1.451278832e-05
6688 1.451061867e-05
6689 1.450844967e-05
6690 1.450628131e-05
6691 1.450411361e-05
6692 1.450194655e-05
6693 1.449978014e-05
6694 1.449761438e-05
6695 1.449544926e-05
6696 1.44932848e-05
6697 1.449112097e-05
6698 1.44889578e-05
6699 1.448679526e-05
6700 1.448463338e-05
6701 1.448247214e-05
6702 1.448031154e-05
6703 1.447815159e-05
6704 1.447599229e-05
6705 1.447383362e-05
6706 1.44716756e-05
6707 1.446951823e-05
6708 1.44673615e-05
6709 1.446520541e-05
6710 1.446304996e-05
6711 1.446089515e-05
6712 1.445874099e-05
6713 1.445658747e-05
6714 1.445443459e-05
6715 1.445228235e-05
6716 1.445013075e-05
6717 1.44479798e-05
6718 1.444582948e-05
6719 1.44436798e-05
6720 1.444153077e-05
6721 1.443938237e-05
6722 1.443723461e-05
6723 1.443508749e-05
6724 1.443294101e-05
6725 1.443079516e-05
6726 1.442864996e-05
6727 1.442650539e-05
6728 1.442436146e-05
6729 1.442221817e-05
6730 1.442007551e-05
6731 1.441793349e-05
6732 1.441579211e-05
6733 1.441365136e-05
6734 1.441151125e-05
6735 1.440937177e-05
6736 1.440723293e-05
6737 1.440509473e-05
6738 1.440295716e-05
6739 1.440082022e-05
6740 1.439868392e-05
6741 1.439654825e-05
6742 1.439441321e-05
6743 1.439227881e-05
6744 1.439014504e-05
6745 1.43880119e-05
6746 1.438587939e-05
6747 1.438374752e-05
6748 1.438161628e-05
6749 1.437948567e-05
6750 1.437735569e-05
6751 1.437522634e-05
6752 1.437309763e-05
6753 1.437096954e-05
6754 1.436884208e-05
6755 1.436671526e-05
6756 1.436458906e-05
6757 1.436246349e-05
6758 1.436033855e-05
6759 1.435821424e-05
6760 1.435609056e-05
6761 1.435396751e-05
6762 1.435184508e-05
6763 1.434972328e-05
6764 1.434760211e-05
6765 1.434548157e-05
6766 1.434336165e-05
6767 1.434124236e-05
6768 1.433912369e-05
6769 1.433700565e-05
6770 1.433488824e-05
6771 1.433277145e-05
6772 1.433065529e-05
6773 1.432853975e-05
6774 1.432642484e-05
6775 1.432431055e-05
6776 1.432219688e-05
6777 1.432008384e-05
6778 1.431797142e-05
6779 1.431585963e-05
6780 1.431374846e-05
6781 1.431163791e-05
6782 1.430952798e-05
6783 1.430741867e-05
6784 1.430530999e-05
6785 1.430320193e-05
6786 1.430109449e-05
6787 1.429898767e-05
6788 1.429688147e-05
6789 1.429477589e-05
6790 1.429267093e-05
6791 1.429056659e-05
6792 1.428846287e-05
6793 1.428635977e-05
6794 1.428425729e-05
6795 1.428215543e-05
6796 1.428005418e-05
6797 1.427795356e-05
6798 1.427585355e-05
6799 1.427375416e-05
6800 1.427165539e-05
6801 1.426955723e-05
6802 1.426745969e-05
6803 1.426536277e-05
6804 1.426326646e-05
6805 1.426117077e-05
6806 1.42590757e-05
6807 1.425698124e-05
6808 1.42548874e-05
6809 1.425279417e-05
6810 1.425070155e-05
6811 1.424860955e-05
6812 1.424651817e-05
6813 1.42444274e-05
6814 1.424233724e-05
6815 1.424024769e-05
6816 1.423815876e-05
6817 1.423607044e-05
6818 1.423398274e-05
6819 1.423189564e-05
6820 1.422980916e-05
6821 1.422772329e-05
6822 1.422563803e-05
6823 1.422355338e-05
6824 1.422146934e-05
6825 1.421938592e-05
6826 1.42173031e-05
6827 1.42152209e-05
6828 1.42131393e-05
6829 1.421105831e-05
6830 1.420897793e-05
6831 1.420689817e-05
6832 1.420481901e-05
6833 1.420274046e-05
6834 1.420066251e-05
6835 1.419858518e-05
6836 1.419650845e-05
6837 1.419443233e-05
6838 1.419235682e-05
6839 1.419028191e-05
6840 1.418820761e-05
6841 1.418613392e-05
6842 1.418406083e-05
6843 1.418198835e-05
6844 1.417991648e-05
6845 1.417784521e-05
6846 1.417577454e-05
6847 1.417370448e-05
6848 1.417163502e-05
6849 1.416956617e-05
6850 1.416749792e-05
6851 1.416543028e-05
6852 1.416336324e-05
6853 1.41612968e-05
6854 1.415923097e-05
6855 1.415716573e-05
6856 1.41551011e-05
6857 1.415303708e-05
6858 1.415097365e-05
6859 1.414891083e-05
6860 1.41468486e-05
6861 1.414478698e-05
6862 1.414272596e-05
6863 1.414066554e-05
6864 1.413860572e-05
6865 1.41365465e-05
6866 1.413448788e-05
6867 1.413242986e-05
6868 1.413037244e-05
6869 1.412831561e-05
6870 1.412625939e-05
6871 1.412420377e-05
6872 1.412214874e-05
6873 1.412009431e-05
6874 1.411804048e-05
6875 1.411598724e-05
6876 1.41139346e-05
6877 1.411188256e-05
6878 1.410983112e-05
6879 1.410778027e-05
6880 1.410573002e-05
6881 1.410368037e-05
6882 1.410163131e-05
6883 1.409958284e-05
6884 1.409753497e-05
6885 1.40954877e-05
6886 1.409344102e-05
6887 1.409139493e-05
6888 1.408934944e-05
6889 1.408730454e-05
6890 1.408526023e-05
6891 1.408321652e-05
6892 1.40811734e-05
6893 1.407913088e-05
6894 1.407708894e-05
6895 1.40750476e-05
6896 1.407300685e-05
6897 1.40709667e-05
6898 1.406892713e-05
6899 1.406688816e-05
6900 1.406484977e-05
6901 1.406281198e-05
6902 1.406077478e-05
6903 1.405873816e-05
6904 1.405670214e-05
6905 1.405466671e-05
6906 1.405263186e-05
6907 1.405059761e-05
6908 1.404856394e-05
6909 1.404653086e-05
6910 1.404449838e-05
6911 1.404246647e-05
6912 1.404043516e-05
6913 1.403840444e-05
6914 1.40363743e-05
6915 1.403434475e-05
6916 1.403231578e-05
6917 1.403028741e-05
6918 1.402825961e-05
6919 1.402623241e-05
6920 1.402420579e-05
6921 1.402217976e-05
6922 1.402015431e-05
6923 1.401812944e-05
6924 1.401610517e-05
6925 1.401408147e-05
6926 1.401205836e-05
6927 1.401003584e-05
6928 1.400801389e-05
6929 1.400599254e-05
6930 1.400397176e-05
6931 1.400195157e-05
6932 1.399993196e-05
6933 1.399791293e-05
6934 1.399589449e-05
6935 1.399387663e-05
6936 1.399185934e-05
6937 1.398984265e-05
6938 1.398782653e-05
6939 1.398581099e-05
6940 1.398379603e-05
6941 1.398178166e-05
6942 1.397976786e-05
6943 1.397775465e-05
6944 1.397574201e-05
6945 1.397372996e-05
6946 1.397171848e-05
6947 1.396970758e-05
6948 1.396769726e-05
6949 1.396568752e-05
6950 1.396367836e-05
6951 1.396166977e-05
6952 1.395966177e-05
6953 1.395765434e-05
6954 1.395564749e-05
6955 1.395364121e-05
6956 1.395163551e-05
6957 1.394963039e-05
6958 1.394762585e-05
6959 1.394562188e-05
6960 1.394361848e-05
6961 1.394161567e-05
6962 1.393961342e-05
6963 1.393761176e-05
6964 1.393561066e-05
6965 1.393361015e-05
6966 1.39316102e-05
6967 1.392961083e-05
6968 1.392761204e-05
6969 1.392561381e-05
6970 1.392361616e-05
6971 1.392161909e-05
6972 1.391962258e-05
6973 1.391762665e-05
6974 1.391563129e-05
6975 1.391363651e-05
6976 1.391164229e-05
6977 1.390964865e-05
6978 1.390765558e-05
6979 1.390566308e-05
6980 1.390367115e-05
6981 1.390167979e-05
6982 1.3899689e-05
6983 1.389769878e-05
6984 1.389570913e-05
6985 1.389372005e-05
6986 1.389173154e-05
6987 1.38897436e-05
6988 1.388775623e-05
6989 1.388576942e-05
6990 1.388378319e-05
6991 1.388179752e-05
6992 1.387981242e-05
6993 1.387782789e-05
6994 1.387584393e-05
6995 1.387386053e-05
6996 1.38718777e-05
6997 1.386989544e-05
6998 1.386791374e-05
6999 1.386593261e-05
7000 1.386395205e-05
7001 1.386197205e-05
7002 1.385999261e-05
7003 1.385801375e-05
7004 1.385603544e-05
7005 1.38540577e-05
7006 1.385208053e-05
7007 1.385010392e-05
7008 1.384812787e-05
7009 1.384615239e-05
7010 1.384417747e-05
7011 1.384220312e-05
7012 1.384022933e-05
7013 1.38382561e-05
7014 1.383628343e-05
7015 1.383431133e-05
7016 1.383233979e-05
7017 1.383036881e-05
7018 1.382839839e-05
7019 1.382642853e-05
7020 1.382445923e-05
7021 1.38224905e-05
7022 1.382052232e-05
7023 1.381855471e-05
7024 1.381658765e-05
7025 1.381462116e-05
7026 1.381265523e-05
7027 1.381068985e-05
7028 1.380872504e-05
7029 1.380676078e-05
7030 1.380479708e-05
7031 1.380283394e-05
7032 1.380087136e-05
7033 1.379890934e-05
7034 1.379694787e-05
7035 1.379498696e-05
7036 1.379302661e-05
7037 1.379106682e-05
7038 1.378910758e-05
7039 1.37871489e-05
7040 1.378519078e-05
7041 1.378323321e-05
7042 1.37812762e-05
7043 1.377931974e-05
7044 1.377736384e-05
7045 1.37754085e-05
7046 1.377345371e-05
7047 1.377149947e-05
7048 1.376954579e-05
7049 1.376759266e-05
7050 1.376564009e-05
7051 1.376368807e-05
7052 1.37617366e-05
7053 1.375978569e-05
7054 1.375783533e-05
7055 1.375588553e-05
7056 1.375393627e-05
7057 1.375198757e-05
7058 1.375003942e-05
7059 1.374809182e-05
7060 1.374614478e-05
7061 1.374419828e-05
7062 1.374225234e-05
7063 1.374030695e-05
7064 1.373836211e-05
7065 1.373641781e-05
7066 1.373447407e-05
7067 1.373253088e-05
7068 1.373058824e-05
7069 1.372864615e-05
7070 1.372670461e-05
7071 1.372476361e-05
7072 1.372282317e-05
7073 1.372088327e-05
7074 1.371894393e-05
7075 1.371700513e-05
7076 1.371506687e-05
7077 1.371312917e-05
7078 1.371119201e-05
7079 1.370925541e-05
7080 1.370731934e-05
7081 1.370538383e-05
7082 1.370344886e-05
7083 1.370151444e-05
7084 1.369958056e-05
7085 1.369764723e-05
7086 1.369571445e-05
7087 1.369378221e-05
7088 1.369185051e-05
7089 1.368991936e-05
7090 1.368798876e-05
7091 1.36860587e-05
7092 1.368412918e-05
7093 1.368220021e-05
7094 1.368027178e-05
7095 1.367834389e-05
7096 1.367641655e-05
7097 1.367448975e-05
7098 1.36725635e-05
7099 1.367063779e-05
7100 1.366871261e-05
7101 1.366678799e-05
7102 1.36648639e-05
7103 1.366294035e-05
7104 1.366101735e-05
7105 1.365909489e-05
7106 1.365717297e-05
7107 1.365525159e-05
7108 1.365333075e-05
7109 1.365141045e-05
7110 1.364949069e-05
7111 1.364757147e-05
7112 1.364565279e-05
7113 1.364373465e-05
7114 1.364181704e-05
7115 1.363989998e-05
7116 1.363798346e-05
7117 1.363606747e-05
7118 1.363415203e-05
7119 1.363223712e-05
7120 1.363032275e-05
7121 1.362840891e-05
7122 1.362649562e-05
7123 1.362458286e-05
7124 1.362267063e-05
7125 1.362075895e-05
7126 1.36188478e-05
7127 1.361693719e-05
7128 1.361502711e-05
7129 1.361311757e-05
7130 1.361120856e-05
7131 1.360930009e-05
7132 1.360739216e-05
7133 1.360548476e-05
7134 1.360357789e-05
7135 1.360167156e-05
7136 1.359976577e-05
7137 1.35978605e-05
7138 1.359595577e-05
7139 1.359405158e-05
7140 1.359214792e-05
7141 1.359024479e-05
7142 1.358834219e-05
7143 1.358644013e-05
7144 1.35845386e-05
7145 1.35826376e-05
7146 1.358073713e-05
7147 1.35788372e-05
7148 1.357693779e-05
7149 1.357503892e-05
7150 1.357314058e-05
7151 1.357124277e-05
7152 1.356934549e-05
7153 1.356744874e-05
7154 1.356555252e-05
7155 1.356365683e-05
7156 1.356176167e-05
7157 1.355986704e-05
7158 1.355797294e-05
7159 1.355607937e-05
7160 1.355418633e-05
7161 1.355229381e-05
7162 1.355040183e-05
7163 1.354851037e-05
7164 1.354661944e-05
7165 1.354472904e-05
7166 1.354283916e-05
7167 1.354094981e-05
7168 1.3539061e-05
7169 1.35371727e-05
7170 1.353528494e-05
7171 1.35333977e-05
7172 1.353151098e-05
7173 1.352962479e-05
7174 1.352773913e-05
7175 1.3525854e-05
7176 1.352396938e-05
7177 1.35220853e-05
7178 1.352020174e-05
7179 1.35183187e-05
7180 1.351643619e-05
7181 1.35145542e-05
7182 1.351267274e-05
7183 1.35107918e-05
7184 1.350891138e-05
7185 1.350703149e-05
7186 1.350515212e-05
7187 1.350327327e-05
7188 1.350139495e-05
7189 1.349951715e-05
7190 1.349763987e-05
7191 1.349576311e-05
7192 1.349388687e-05
7193 1.349201116e-05
7194 1.349013597e-05
7195 1.348826129e-05
7196 1.348638714e-05
7197 1.348451351e-05
7198 1.34826404e-05
7199 1.348076782e-05
7200 1.347889575e-05
7201 1.34770242e-05
7202 1.347515317e-05
7203 1.347328266e-05
7204 1.347141267e-05
7205 1.34695432e-05
7206 1.346767424e-05
7207 1.346580581e-05
7208 1.346393789e-05
7209 1.34620705e-05
7210 1.346020362e-05
7211 1.345833725e-05
7212 1.345647141e-05
7213 1.345460608e-05
7214 1.345274127e-05
7215 1.345087698e-05
7216 1.34490132e-05
7217 1.344714994e-05
7218 1.34452872e-05
7219 1.344342497e-05
7220 1.344156326e-05
7221 1.343970206e-05
7222 1.343784138e-05
7223 1.343598121e-05
7224 1.343412156e-05
7225 1.343226242e-05
7226 1.34304038e-05
7227 1.342854569e-05
7228 1.34266881e-05
7229 1.342483102e-05
7230 1.342297445e-05
7231 1.34211184e-05
7232 1.341926286e-05
7233 1.341740783e-05
7234 1.341555332e-05
7235 1.341369932e-05
7236 1.341184583e-05
7237 1.340999285e-05
7238 1.340814039e-05
7239 1.340628844e-05
7240 1.340443699e-05
7241 1.340258606e-05
7242 1.340073564e-05
7243 1.339888574e-05
7244 1.339703634e-05
7245 1.339518745e-05
7246 1.339333907e-05
7247 1.339149121e-05
7248 1.338964385e-05
7249 1.3387797e-05
7250 1.338595067e-05
7251 1.338410484e-05
7252 1.338225952e-05
7253 1.338041471e-05
7254 1.33785704e-05
7255 1.337672661e-05
7256 1.337488332e-05
7257 1.337304054e-05
7258 1.337119827e-05
7259 1.336935651e-05
7260 1.336751526e-05
7261 1.336567451e-05
7262 1.336383427e-05
7263 1.336199453e-05
7264 1.33601553e-05
7265 1.335831658e-05
7266 1.335647836e-05
7267 1.335464065e-05
7268 1.335280345e-05
7269 1.335096675e-05
7270 1.334913056e-05
7271 1.334729487e-05
7272 1.334545968e-05
7273 1.3343625e-05
7274 1.334179083e-05
7275 1.333995716e-05
7276 1.333812399e-05
7277 1.333629133e-05
7278 1.333445917e-05
7279 1.333262751e-05
7280 1.333079636e-05
7281 1.332896571e-05
7282 1.332713556e-05
7283 1.332530591e-05
7284 1.332347677e-05
7285 1.332164813e-05
7286 1.331981999e-05
7287 1.331799235e-05
7288 1.331616522e-05
7289 1.331433858e-05
7290 1.331251245e-05
7291 1.331068682e-05
7292 1.330886169e-05
7293 1.330703705e-05
7294 1.330521292e-05
7295 1.330338929e-05
7296 1.330156616e-05
7297 1.329974353e-05
7298 1.32979214e-05
7299 1.329609976e-05
7300 1.329427863e-05
7301 1.329245799e-05
7302 1.329063786e-05
7303 1.328881822e-05
7304 1.328699908e-05
7305 1.328518044e-05
7306 1.328336229e-05
7307 1.328154465e-05
7308 1.32797275e-05
7309 1.327791084e-05
7310 1.327609469e-05
7311 1.327427903e-05
7312 1.327246387e-05
7313 1.32706492e-05
7314 1.326883503e-05
7315 1.326702136e-05
7316 1.326520818e-05
7317 1.32633955e-05
7318 1.326158331e-05
7319 1.325977162e-05
7320 1.325796043e-05
7321 1.325614972e-05
7322 1.325433952e-05
7323 1.32525298e-05
7324 1.325072058e-05
7325 1.324891186e-05
7326 1.324710363e-05
7327 1.324529589e-05
7328 1.324348864e-05
7329 1.324168189e-05
7330 1.323987563e-05
7331 1.323806987e-05
7332 1.323626459e-05
7333 1.323445981e-05
7334 1.323265552e-05
7335 1.323085173e-05
7336 1.322904842e-05
7337 1.322724561e-05
7338 1.322544329e-05
7339 1.322364145e-05
7340 1.322184011e-05
7341 1.322003926e-05
7342 1.32182389e-05
7343 1.321643904e-05
7344 1.321463966e-05
7345 1.321284077e-05
7346 1.321104237e-05
7347 1.320924446e-05
7348 1.320744704e-05
7349 1.320565011e-05
7350 1.320385366e-05
7351 1.320205771e-05
7352 1.320026224e-05
7353 1.319846727e-05
7354 1.319667278e-05
7355 1.319487878e-05
7356 1.319308526e-05
7357 1.319129224e-05
7358 1.31894997e-05
7359 1.318770765e-05
7360 1.318591608e-05
7361 1.3184125e-05
7362 1.318233441e-05
7363 1.318054431e-05
7364 1.317875469e-05
7365 1.317696555e-05
7366 1.317517691e-05
7367 1.317338875e-05
7368 1.317160107e-05
7369 1.316981388e-05
7370 1.316802717e-05
7371 1.316624095e-05
7372 1.316445521e-05
7373 1.316266996e-05
7374 1.316088519e-05
7375 1.31591009e-05
7376 1.31573171e-05
7377 1.315553379e-05
7378 1.315375095e-05
7379 1.31519686e-05
7380 1.315018673e-05
7381 1.314840535e-05
7382 1.314662444e-05
7383 1.314484402e-05
7384 1.314306409e-05
7385 1.314128463e-05
7386 1.313950566e-05
7387 1.313772716e-05
7388 1.313594915e-05
7389 1.313417162e-05
7390 1.313239457e-05
7391 1.3130618e-05
7392 1.312884191e-05
7393 1.312706631e-05
7394 1.312529118e-05
7395 1.312351653e-05
7396 1.312174236e-05
7397 1.311996868e-05
7398 1.311819547e-05
7399 1.311642274e-05
7400 1.311465049e-05
7401 1.311287872e-05
7402 1.311110743e-05
7403 1.310933661e-05
7404 1.310756628e-05
7405 1.310579642e-05
7406 1.310402704e-05
7407 1.310225814e-05
7408 1.310048971e-05
7409 1.309872176e-05
7410 1.309695429e-05
7411 1.30951873e-05
7412 1.309342078e-05
7413 1.309165474e-05
7414 1.308988918e-05
7415 1.308812409e-05
7416 1.308635948e-05
7417 1.308459535e-05
7418 1.308283169e-05
7419 1.30810685e-05
7420 1.307930579e-05
7421 1.307754356e-05
7422 1.30757818e-05
7423 1.307402051e-05
7424 1.30722597e-05
7425 1.307049936e-05
7426 1.30687395e-05
7427 1.306698011e-05
7428 1.30652212e-05
7429 1.306346276e-05
7430 1.306170479e-05
7431 1.305994729e-05
7432 1.305819027e-05
7433 1.305643372e-05
7434 1.305467764e-05
7435 1.305292204e-05
7436 1.305116691e-05
7437 1.304941224e-05
7438 1.304765806e-05
7439 1.304590434e-05
7440 1.304415109e-05
7441 1.304239832e-05
7442 1.304064601e-05
7443 1.303889418e-05
7444 1.303714282e-05
7445 1.303539193e-05
7446 1.30336415e-05
7447 1.303189155e-05
7448 1.303014207e-05
7449 1.302839306e-05
7450 1.302664451e-05
7451 1.302489644e-05
7452 1.302314884e-05
7453 1.30214017e-05
7454 1.301965503e-05
7455 1.301790884e-05
7456 1.30161631e-05
7457 1.301441784e-05
7458 1.301267305e-05
7459 1.301092872e-05
7460 1.300918486e-05
7461 1.300744147e-05
7462 1.300569855e-05
7463 1.300395609e-05
7464 1.30022141e-05
7465 1.300047258e-05
7466 1.299873152e-05
7467 1.299699093e-05
7468 1.299525081e-05
7469 1.299351115e-05
7470 1.299177195e-05
7471 1.299003323e-05
7472 1.298829497e-05
7473 1.298655717e-05
7474 1.298481984e-05
7475 1.298308297e-05
7476 1.298134657e-05
7477 1.297961063e-05
7478 1.297787515e-05
7479 1.297614014e-05
7480 1.29744056e-05
7481 1.297267151e-05
7482 1.29709379e-05
7483 1.296920474e-05
7484 1.296747205e-05
7485 1.296573982e-05
7486 1.296400805e-05
7487 1.296227675e-05
7488 1.29605459e-05
7489 1.295881552e-05
7490 1.295708561e-05
7491 1.295535615e-05
7492 1.295362716e-05
7493 1.295189862e-05
7494 1.295017055e-05
7495 1.294844294e-05
7496 1.294671579e-05
7497 1.29449891e-05
7498 1.294326287e-05
7499 1.29415371e-05
7500 1.293981179e-05
7501 1.293808695e-05
7502 1.293636256e-05
7503 1.293463863e-05
7504 1.293291516e-05
7505 1.293119215e-05
7506 1.29294696e-05
7507 1.292774751e-05
7508 1.292602587e-05
7509 1.29243047e-05
7510 1.292258398e-05
7511 1.292086372e-05
7512 1.291914392e-05
7513 1.291742458e-05
7514 1.291570569e-05
7515 1.291398726e-05
7516 1.291226929e-05
7517 1.291055178e-05
7518 1.290883472e-05
7519 1.290711812e-05
7520 1.290540198e-05
7521 1.290368629e-05
7522 1.290197106e-05
7523 1.290025628e-05
7524 1.289854196e-05
7525 1.28968281e-05
7526 1.289511469e-05
7527 1.289340174e-05
7528 1.289168924e-05
7529 1.288997719e-05
7530 1.288826561e-05
7531 1.288655447e-05
7532 1.288484379e-05
7533 1.288313356e-05
7534 1.288142379e-05
7535 1.287971447e-05
7536 1.287800561e-05
7537 1.28762972e-05
7538 1.287458924e-05
7539 1.287288173e-05
7540 1.287117468e-05
7541 1.286946808e-05
7542 1.286776193e-05
7543 1.286605624e-05
7544 1.2864351e-05
7545 1.286264621e-05
7546 1.286094187e-05
7547 1.285923798e-05
7548 1.285753454e-05
7549 1.285583156e-05
7550 1.285412903e-05
7551 1.285242694e-05
7552 1.285072531e-05
7553 1.284902413e-05
7554 1.28473234e-05
7555 1.284562312e-05
7556 1.284392329e-05
7557 1.28422239e-05
7558 1.284052497e-05
7559 1.283882649e-05
7560 1.283712846e-05
7561 1.283543087e-05
7562 1.283373374e-05
7563 1.283203705e-05
7564 1.283034082e-05
7565 1.282864503e-05
7566 1.282694969e-05
7567 1.282525479e-05
7568 1.282356035e-05
7569 1.282186635e-05
7570 1.28201728e-05
7571 1.28184797e-05
7572 1.281678704e-05
7573 1.281509483e-05
7574 1.281340307e-05
7575 1.281171176e-05
7576 1.281002089e-05
7577 1.280833047e-05
7578 1.280664049e-05
7579 1.280495096e-05
7580 1.280326187e-05
7581 1.280157324e-05
7582 1.279988504e-05
7583 1.279819729e-05
7584 1.279650999e-05
7585 1.279482313e-05
7586 1.279313672e-05
7587 1.279145075e-05
7588 1.278976522e-05
7589 1.278808014e-05
7590 1.27863955e-05
7591 1.278471131e-05
7592 1.278302756e-05
7593 1.278134426e-05
7594 1.277966139e-05
7595 1.277797897e-05
7596 1.2776297e-05
7597 1.277461546e-05
7598 1.277293437e-05
7599 1.277125372e-05
7600 1.276957351e-05
7601 1.276789375e-05
7602 1.276621443e-05
7603 1.276453554e-05
7604 1.27628571e-05
7605 1.276117911e-05
7606 1.275950155e-05
7607 1.275782443e-05
7608 1.275614776e-05
7609 1.275447152e-05
7610 1.275279573e-05
7611 1.275112037e-05
7612 1.274944546e-05
7613 1.274777098e-05
7614 1.274609695e-05
7615 1.274442336e-05
7616 1.27427502e-05
7617 1.274107748e-05
7618 1.273940521e-05
7619 1.273773337e-05
7620 1.273606197e-05
7621 1.273439101e-05
7622 1.273272049e-05
7623 1.27310504e-05
7624 1.272938076e-05
7625 1.272771155e-05
7626 1.272604278e-05
7627 1.272437445e-05
7628 1.272270655e-05
7629 1.272103909e-05
7630 1.271937207e-05
7631 1.271770549e-05
7632 1.271603934e-05
7633 1.271437363e-05
7634 1.271270835e-05
7635 1.271104351e-05
7636 1.270937911e-05
7637 1.270771514e-05
7638 1.270605161e-05
7639 1.270438852e-05
7640 1.270272586e-05
7641 1.270106363e-05
7642 1.269940184e-05
7643 1.269774049e-05
7644 1.269607956e-05
7645 1.269441908e-05
7646 1.269275903e-05
7647 1.269109941e-05
7648 1.268944022e-05
7649 1.268778147e-05
7650 1.268612316e-05
7651 1.268446527e-05
7652 1.268280782e-05
7653 1.268115081e-05
7654 1.267949422e-05
7655 1.267783807e-05
7656 1.267618235e-05
7657 1.267452707e-05
7658 1.267287221e-05
7659 1.267121779e-05
7660 1.26695638e-05
7661 1.266791024e-05
7662 1.266625712e-05
7663 1.266460442e-05
7664 1.266295216e-05
7665 1.266130032e-05
7666 1.265964892e-05
7667 1.265799795e-05
7668 1.265634741e-05
7669 1.26546973e-05
7670 1.265304762e-05
7671 1.265139837e-05
7672 1.264974955e-05
7673 1.264810116e-05
7674 1.26464532e-05
7675 1.264480566e-05
7676 1.264315856e-05
7677 1.264151189e-05
7678 1.263986564e-05
7679 1.263821983e-05
7680 1.263657444e-05
7681 1.263492948e-05
7682 1.263328495e-05
7683 1.263164085e-05
7684 1.262999717e-05
7685 1.262835393e-05
7686 1.262671111e-05
7687 1.262506871e-05
7688 1.262342675e-05
7689 1.262178521e-05
7690 1.26201441e-05
7691 1.261850342e-05
7692 1.261686316e-05
7693 1.261522333e-05
7694 1.261358392e-05
7695 1.261194494e-05
7696 1.261030639e-05
7697 1.260866826e-05
7698 1.260703056e-05
7699 1.260539328e-05
7700 1.260375643e-05
7701 1.260212e-05
7702 1.2600484e-05
7703 1.259884843e-05
7704 1.259721327e-05
7705 1.259557855e-05
7706 1.259394424e-05
7707 1.259231036e-05
7708 1.259067691e-05
7709 1.258904387e-05
7710 1.258741127e-05
7711 1.258577908e-05
7712 1.258414732e-05
7713 1.258251598e-05
7714 1.258088506e-05
7715 1.257925457e-05
7716 1.25776245e-05
7717 1.257599485e-05
7718 1.257436563e-05
7719 1.257273682e-05
7720 1.257110844e-05
7721 1.256948048e-05
7722 1.256785294e-05
7723 1.256622583e-05
7724 1.256459913e-05
7725 1.256297285e-05
7726 1.2561347e-05
7727 1.255972157e-05
7728 1.255809656e-05
7729 1.255647196e-05
7730 1.255484779e-05
7731 1.255322404e-05
7732 1.255160071e-05
7733 1.25499778e-05
7734 1.25483553e-05
7735 1.254673323e-05
7736 1.254511158e-05
7737 1.254349034e-05
7738 1.254186953e-05
7739 1.254024913e-05
7740 1.253862915e-05
7741 1.253700959e-05
7742 1.253539045e-05
7743 1.253377173e-05
7744 1.253215342e-05
7745 1.253053554e-05
7746 1.252891807e-05
7747 1.252730102e-05
7748 1.252568438e-05
7749 1.252406816e-05
7750 1.252245236e-05
7751 1.252083698e-05
7752 1.251922201e-05
7753 1.251760746e-05
7754 1.251599333e-05
7755 1.251437961e-05
7756 1.251276631e-05
7757 1.251115343e-05
7758 1.250954096e-05
7759 1.25079289e-05
7760 1.250631726e-05
7761 1.250470604e-05
7762 1.250309523e-05
7763 1.250148484e-05
7764 1.249987486e-05
7765 1.249826529e-05
7766 1.249665614e-05
7767 1.249504741e-05
7768 1.249343909e-05
7769 1.249183118e-05
7770 1.249022369e-05
7771 1.248861661e-05
7772 1.248700994e-05
7773 1.248540369e-05
7774 1.248379785e-05
7775 1.248219242e-05
7776 1.248058741e-05
7777 1.247898281e-05
7778 1.247737862e-05
7779 1.247577484e-05
7780 1.247417148e-05
7781 1.247256853e-05
7782 1.247096599e-05
7783 1.246936386e-05
7784 1.246776214e-05
7785 1.246616084e-05
7786 1.246455994e-05
7787 1.246295946e-05
7788 1.246135939e-05
7789 1.245975973e-05
7790 1.245816048e-05
7791 1.245656164e-05
7792 1.245496321e-05
7793 1.245336519e-05
7794 1.245176758e-05
7795 1.245017038e-05
7796 1.244857359e-05
7797 1.244697721e-05
7798 1.244538124e-05
7799 1.244378568e-05
7800 1.244219052e-05
7801 1.244059578e-05
7802 1.243900144e-05
7803 1.243740752e-05
7804 1.2435814e-05
7805 1.243422089e-05
7806 1.243262819e-05
7807 1.24310359e-05
7808 1.242944401e-05
7809 1.242785253e-05
7810 1.242626146e-05
7811 1.24246708e-05
7812 1.242308054e-05
7813 1.242149069e-05
7814 1.241990125e-05
7815 1.241831222e-05
7816 1.241672359e-05
7817 1.241513536e-05
7818 1.241354755e-05
7819 1.241196014e-05
7820 1.241037313e-05
7821 1.240878653e-05
7822 1.240720034e-05
7823 1.240561455e-05
7824 1.240402917e-05
7825 1.24024442e-05
7826 1.240085962e-05
7827 1.239927546e-05
7828 1.239769169e-05
7829 1.239610834e-05
7830 1.239452538e-05
7831 1.239294283e-05
7832 1.239136069e-05
7833 1.238977895e-05
7834 1.238819761e-05
7835 1.238661668e-05
7836 1.238503615e-05
7837 1.238345602e-05
7838 1.238187629e-05
7839 1.238029697e-05
7840 1.237871806e-05
7841 1.237713954e-05
7842 1.237556143e-05
7843 1.237398372e-05
7844 1.237240641e-05
7845 1.23708295e-05
7846 1.2369253e-05
7847 1.23676769e-05
7848 1.236610119e-05
7849 1.236452589e-05
7850 1.2362951e-05
7851 1.23613765e-05
7852 1.23598024e-05
7853 1.235822871e-05
7854 1.235665541e-05
7855 1.235508252e-05
7856 1.235351003e-05
7857 1.235193793e-05
7858 1.235036624e-05
7859 1.234879495e-05
7860 1.234722405e-05
7861 1.234565356e-05
7862 1.234408346e-05
7863 1.234251377e-05
7864 1.234094447e-05
7865 1.233937558e-05
7866 1.233780708e-05
7867 1.233623898e-05
7868 1.233467128e-05
7869 1.233310397e-05
7870 1.233153707e-05
7871 1.232997056e-05
7872 1.232840445e-05
7873 1.232683874e-05
7874 1.232527343e-05
7875 1.232370852e-05
7876 1.2322144e-05
7877 1.232057988e-05
7878 1.231901615e-05
7879 1.231745283e-05
7880 1.23158899e-05
7881 1.231432736e-05
7882 1.231276523e-05
7883 1.231120348e-05
7884 1.230964214e-05
7885 1.230808119e-05
7886 1.230652064e-05
7887 1.230496048e-05
7888 1.230340072e-05
7889 1.230184135e-05
7890 1.230028238e-05
7891 1.229872381e-05
7892 1.229716562e-05
7893 1.229560784e-05
7894 1.229405045e-05
7895 1.229249345e-05
7896 1.229093685e-05
7897 1.228938064e-05
7898 1.228782482e-05
7899 1.22862694e-05
7900 1.228471437e-05
7901 1.228315974e-05
7902 1.22816055e-05
7903 1.228005165e-05
7904 1.22784982e-05
7905 1.227694514e-05
7906 1.227539247e-05
7907 1.22738402e-05
7908 1.227228831e-05
7909 1.227073682e-05
7910 1.226918573e-05
7911 1.226763502e-05
7912 1.226608471e-05
7913 1.226453478e-05
7914 1.226298525e-05
7915 1.226143611e-05
7916 1.225988737e-05
7917 1.225833901e-05
7918 1.225679104e-05
7919 1.225524347e-05
7920 1.225369629e-05
7921 1.225214949e-05
7922 1.225060309e-05
7923 1.224905708e-05
7924 1.224751145e-05
7925 1.224596622e-05
7926 1.224442138e-05
7927 1.224287693e-05
7928 1.224133286e-05
7929 1.223978919e-05
7930 1.223824591e-05
7931 1.223670301e-05
7932 1.22351605e-05
7933 1.223361839e-05
7934 1.223207666e-05
7935 1.223053532e-05
7936 1.222899436e-05
7937 1.22274538e-05
7938 1.222591363e-05
7939 1.222437384e-05
7940 1.222283444e-05
7941 1.222129543e-05
7942 1.22197568e-05
7943 1.221821856e-05
7944 1.221668071e-05
7945 1.221514325e-05
7946 1.221360618e-05
7947 1.221206949e-05
7948 1.221053318e-05
7949 1.220899727e-05
7950 1.220746174e-05
7951 1.220592659e-05
7952 1.220439184e-05
7953 1.220285746e-05
7954 1.220132348e-05
7955 1.219978988e-05
7956 1.219825666e-05
7957 1.219672383e-05
7958 1.219519139e-05
7959 1.219365933e-05
7960 1.219212766e-05
7961 1.219059637e-05
7962 1.218906546e-05
7963 1.218753494e-05
7964 1.218600481e-05
7965 1.218447505e-05
7966 1.218294569e-05
7967 1.21814167e-05
7968 1.21798881e-05
7969 1.217835988e-05
7970 1.217683205e-05
7971 1.21753046e-05
7972 1.217377753e-05
7973 1.217225085e-05
7974 1.217072455e-05
7975 1.216919863e-05
7976 1.216767309e-05
7977 1.216614794e-05
7978 1.216462317e-05
7979 1.216309878e-05
7980 1.216157477e-05
7981 1.216005115e-05
7982 1.215852791e-05
7983 1.215700504e-05
7984 1.215548256e-05
7985 1.215396047e-05
7986 1.215243875e-05
7987 1.215091741e-05
7988 1.214939645e-05
7989 1.214787588e-05
7990 1.214635568e-05
7991 1.214483587e-05
7992 1.214331644e-05
7993 1.214179738e-05
7994 1.214027871e-05
7995 1.213876041e-05
7996 1.21372425e-05
7997 1.213572497e-05
7998 1.213420781e-05
7999 1.213269103e-05
8000 1.213117464e-05
8001 1.212965862e-05
8002 1.212814298e-05
8003 1.212662772e-05
8004 1.212511284e-05
8005 1.212359834e-05
8006 1.212208421e-05
8007 1.212057046e-05
8008 1.211905709e-05
8009 1.21175441e-05
8010 1.211603149e-05
8011 1.211451926e-05
8012 1.21130074e-05
8013 1.211149592e-05
8014 1.210998481e-05
8015 1.210847409e-05
8016 1.210696374e-05
8017 1.210545376e-05
8018 1.210394417e-05
8019 1.210243495e-05
8020 1.21009261e-05
8021 1.209941764e-05
8022 1.209790954e-05
8023 1.209640183e-05
8024 1.209489449e-05
8025 1.209338752e-05
8026 1.209188094e-05
8027 1.209037472e-05
8028 1.208886888e-05
8029 1.208736342e-05
8030 1.208585833e-05
8031 1.208435362e-05
8032 1.208284928e-05
8033 1.208134532e-05
8034 1.207984173e-05
8035 1.207833851e-05
8036 1.207683567e-05
8037 1.20753332e-05
8038 1.207383111e-05
8039 1.207232939e-05
8040 1.207082804e-05
8041 1.206932707e-05
8042 1.206782647e-05
8043 1.206632624e-05
8044 1.206482639e-05
8045 1.20633269e-05
8046 1.20618278e-05
8047 1.206032906e-05
8048 1.20588307e-05
8049 1.20573327e-05
8050 1.205583509e-05
8051 1.205433784e-05
8052 1.205284096e-05
8053 1.205134446e-05
8054 1.204984833e-05
8055 1.204835257e-05
8056 1.204685718e-05
8057 1.204536216e-05
8058 1.204386751e-05
8059 1.204237323e-05
8060 1.204087933e-05
8061 1.203938579e-05
8062 1.203789263e-05
8063 1.203639984e-05
8064 1.203490741e-05
8065 1.203341536e-05
8066 1.203192367e-05
8067 1.203043236e-05
8068 1.202894141e-05
8069 1.202745084e-05
8070 1.202596063e-05
8071 1.20244708e-05
8072 1.202298133e-05
8073 1.202149223e-05
8074 1.20200035e-05
8075 1.201851514e-05
8076 1.201702715e-05
8077 1.201553952e-05
8078 1.201405227e-05
8079 1.201256538e-05
8080 1.201107886e-05
8081 1.200959271e-05
8082 1.200810692e-05
8083 1.200662151e-05
8084 1.200513646e-05
8085 1.200365178e-05
8086 1.200216746e-05
8087 1.200068352e-05
8088 1.199919993e-05
8089 1.199771672e-05
8090 1.199623387e-05
8091 1.199475139e-05
8092 1.199326928e-05
8093 1.199178753e-05
8094 1.199030615e-05
8095 1.198882513e-05
8096 1.198734448e-05
8097 1.19858642e-05
8098 1.198438428e-05
8099 1.198290473e-05
8100 1.198142554e-05
8101 1.197994671e-05
8102 1.197846826e-05
8103 1.197699016e-05
8104 1.197551243e-05
8105 1.197403507e-05
8106 1.197255807e-05
8107 1.197108143e-05
8108 1.196960516e-05
8109 1.196812926e-05
8110 1.196665371e-05
8111 1.196517853e-05
8112 1.196370372e-05
8113 1.196222927e-05
8114 1.196075518e-05
8115 1.195928145e-05
8116 1.195780809e-05
8117 1.195633509e-05
8118 1.195486246e-05
8119 1.195339018e-05
8120 1.195191827e-05
8121 1.195044672e-05
8122 1.194897554e-05
8123 1.194750471e-05
8124 1.194603425e-05
8125 1.194456415e-05
8126 1.194309441e-05
8127 1.194162503e-05
8128 1.194015602e-05
8129 1.193868736e-05
8130 1.193721907e-05
8131 1.193575114e-05
8132 1.193428357e-05
8133 1.193281636e-05
8134 1.193134951e-05
8135 1.192988302e-05
8136 1.192841689e-05
8137 1.192695113e-05
8138 1.192548572e-05
8139 1.192402067e-05
8140 1.192255598e-05
8141 1.192109166e-05
8142 1.191962769e-05
8143 1.191816408e-05
8144 1.191670083e-05
8145 1.191523794e-05
8146 1.191377541e-05
8147 1.191231324e-05
8148 1.191085143e-05
8149 1.190938997e-05
8150 1.190792888e-05
8151 1.190646814e-05
8152 1.190500776e-05
8153 1.190354774e-05
8154 1.190208808e-05
8155 1.190062877e-05
8156 1.189916983e-05
8157 1.189771124e-05
8158 1.189625301e-05
8159 1.189479513e-05
8160 1.189333761e-05
8161 1.189188046e-05
8162 1.189042365e-05
8163 1.188896721e-05
8164 1.188751112e-05
8165 1.188605538e-05
8166 1.188460001e-05
8167 1.188314499e-05
8168 1.188169033e-05
8169 1.188023602e-05
8170 1.187878207e-05
8171 1.187732847e-05
8172 1.187587523e-05
8173 1.187442235e-05
8174 1.187296982e-05
8175 1.187151765e-05
8176 1.187006583e-05
8177 1.186861436e-05
8178 1.186716326e-05
8179 1.18657125e-05
8180 1.18642621e-05
8181 1.186281206e-05
8182 1.186136237e-05
8183 1.185991303e-05
8184 1.185846405e-05
8185 1.185701543e-05
8186 1.185556715e-05
8187 1.185411923e-05
8188 1.185267167e-05
8189 1.185122445e-05
8190 1.184977759e-05
8191 1.184833109e-05
8192 1.184688494e-05
8193 1.184543914e-05
8194 1.184399369e-05
8195 1.184254859e-05
8196 1.184110385e-05
8197 1.183965946e-05
8198 1.183821543e-05
8199 1.183677174e-05
8200 1.183532841e-05
8201 1.183388543e-05
8202 1.18324428e-05
8203 1.183100052e-05
8204 1.18295586e-05
8205 1.182811702e-05
8206 1.18266758e-05
8207 1.182523493e-05
8208 1.182379441e-05
8209 1.182235424e-05
8210 1.182091442e-05
8211 1.181947495e-05
8212 1.181803583e-05
8213 1.181659706e-05
8214 1.181515865e-05
8215 1.181372058e-05
8216 1.181228286e-05
8217 1.181084549e-05
8218 1.180940848e-05
8219 1.180797181e-05
8220 1.180653549e-05
8221 1.180509952e-05
8222 1.18036639e-05
8223 1.180222863e-05
8224 1.180079371e-05
8225 1.179935914e-05
8226 1.179792491e-05
8227 1.179649104e-05
8228 1.179505751e-05
8229 1.179362433e-05
8230 1.17921915e-05
8231 1.179075902e-05
8232 1.178932689e-05
8233 1.17878951e-05
8234 1.178646366e-05
8235 1.178503257e-05
8236 1.178360183e-05
8237 1.178217143e-05
8238 1.178074139e-05
8239 1.177931168e-05
8240 1.177788233e-05
8241 1.177645332e-05
8242 1.177502466e-05
8243 1.177359635e-05
8244 1.177216838e-05
8245 1.177074076e-05
8246 1.176931348e-05
8247 1.176788655e-05
8248 1.176645997e-05
8249 1.176503373e-05
8250 1.176360784e-05
8251 1.176218229e-05
8252 1.176075709e-05
8253 1.175933224e-05
8254 1.175790773e-05
8255 1.175648356e-05
8256 1.175505974e-05
8257 1.175363626e-05
8258 1.175221313e-05
8259 1.175079035e-05
8260 1.174936791e-05
8261 1.174794581e-05
8262 1.174652406e-05
8263 1.174510265e-05
8264 1.174368158e-05
8265 1.174226086e-05
8266 1.174084048e-05
8267 1.173942045e-05
8268 1.173800076e-05
8269 1.173658141e-05
8270 1.173516241e-05
8271 1.173374375e-05
8272 1.173232543e-05
8273 1.173090745e-05
8274 1.172948982e-05
8275 1.172807253e-05
8276 1.172665558e-05
8277 1.172523898e-05
8278 1.172382272e-05
8279 1.17224068e-05
8280 1.172099122e-05
8281 1.171957598e-05
8282 1.171816109e-05
8283 1.171674653e-05
8284 1.171533232e-05
8285 1.171391845e-05
8286 1.171250492e-05
8287 1.171109173e-05
8288 1.170967888e-05
8289 1.170826638e-05
8290 1.170685421e-05
8291 1.170544239e-05
8292 1.17040309e-05
8293 1.170261976e-05
8294 1.170120895e-05
8295 1.169979849e-05
8296 1.169838837e-05
8297 1.169697858e-05
8298 1.169556914e-05
8299 1.169416003e-05
8300 1.169275127e-05
8301 1.169134284e-05
8302 1.168993476e-05
8303 1.168852701e-05
8304 1.16871196e-05
8305 1.168571253e-05
8306 1.16843058e-05
8307 1.168289941e-05
8308 1.168149335e-05
8309 1.168008764e-05
8310 1.167868226e-05
8311 1.167727722e-05
8312 1.167587252e-05
8313 1.167446816e-05
8314 1.167306413e-05
8315 1.167166045e-05
8316 1.16702571e-05
8317 1.166885408e-05
8318 1.166745141e-05
8319 1.166604907e-05
8320 1.166464707e-05
8321 1.166324541e-05
8322 1.166184408e-05
8323 1.166044309e-05
8324 1.165904244e-05
8325 1.165764212e-05
8326 1.165624214e-05
8327 1.165484249e-05
8328 1.165344318e-05
8329 1.165204421e-05
8330 1.165064557e-05
8331 1.164924727e-05
8332 1.164784931e-05
8333 1.164645168e-05
8334 1.164505438e-05
8335 1.164365742e-05
8336 1.16422608e-05
8337 1.164086451e-05
8338 1.163946855e-05
8339 1.163807293e-05
8340 1.163667765e-05
8341 1.16352827e-05
8342 1.163388808e-05
8343 1.16324938e-05
8344 1.163109985e-05
8345 1.162970624e-05
8346 1.162831296e-05
8347 1.162692001e-05
8348 1.16255274e-05
8349 1.162413512e-05
8350 1.162274318e-05
8351 1.162135157e-05
8352 1.161996029e-05
8353 1.161856934e-05
8354 1.161717873e-05
8355 1.161578845e-05
8356 1.16143985e-05
8357 1.161300889e-05
8358 1.16116196e-05
8359 1.161023065e-05
8360 1.160884204e-05
8361 1.160745375e-05
8362 1.16060658e-05
8363 1.160467818e-05
8364 1.160329089e-05
8365 1.160190393e-05
8366 1.16005173e-05
8367 1.159913101e-05
8368 1.159774504e-05
8369 1.159635941e-05
8370 1.159497411e-05
8371 1.159358914e-05
8372 1.15922045e-05
8373 1.159082019e-05
8374 1.158943621e-05
8375 1.158805256e-05
8376 1.158666925e-05
8377 1.158528626e-05
8378 1.15839036e-05
8379 1.158252127e-05
8380 1.158113928e-05
8381 1.157975761e-05
8382 1.157837627e-05
8383 1.157699526e-05
8384 1.157561458e-05
8385 1.157423423e-05
8386 1.157285421e-05
8387 1.157147452e-05
8388 1.157009516e-05
8389 1.156871612e-05
8390 1.156733742e-05
8391 1.156595904e-05
8392 1.156458099e-05
8393 1.156320327e-05
8394 1.156182588e-05
8395 1.156044882e-05
8396 1.155907208e-05
8397 1.155769567e-05
8398 1.155631959e-05
8399 1.155494384e-05
8400 1.155356842e-05
8401 1.155219332e-05
8402 1.155081855e-05
8403 1.154944411e-05
8404 1.154806999e-05
8405 1.15466962e-05
8406 1.154532274e-05
8407 1.15439496e-05
8408 1.15425768e-05
8409 1.154120431e-05
8410 1.153983216e-05
8411 1.153846033e-05
8412 1.153708882e-05
8413 1.153571765e-05
8414 1.153434679e-05
8415 1.153297627e-05
8416 1.153160607e-05
8417 1.153023619e-05
8418 1.152886664e-05
8419 1.152749742e-05
8420 1.152612852e-05
8421 1.152475995e-05
8422 1.15233917e-05
8423 1.152202377e-05
8424 1.152065617e-05
8425 1.15192889e-05
8426 1.151792195e-05
8427 1.151655532e-05
8428 1.151518902e-05
8429 1.151382305e-05
8430 1.151245739e-05
8431 1.151109206e-05
8432 1.150972706e-05
8433 1.150836238e-05
8434 1.150699802e-05
8435 1.150563398e-05
8436 1.150427027e-05
8437 1.150290688e-05
8438 1.150154382e-05
8439 1.150018108e-05
8440 1.149881866e-05
8441 1.149745656e-05
8442 1.149609479e-05
8443 1.149473333e-05
8444 1.149337221e-05
8445 1.14920114e-05
8446 1.149065091e-05
8447 1.148929075e-05
8448 1.148793091e-05
8449 1.148657139e-05
8450 1.14852122e-05
8451 1.148385332e-05
8452 1.148249477e-05
8453 1.148113654e-05
8454 1.147977862e-05
8455 1.147842104e-05
8456 1.147706377e-05
8457 1.147570682e-05
8458 1.147435019e-05
8459 1.147299389e-05
8460 1.14716379e-05
8461 1.147028224e-05
8462 1.146892689e-05
8463 1.146757187e-05
8464 1.146621716e-05
8465 1.146486278e-05
8466 1.146350871e-05
8467 1.146215497e-05
8468 1.146080154e-05
8469 1.145944844e-05
8470 1.145809565e-05
8471 1.145674319e-05
8472 1.145539104e-05
8473 1.145403921e-05
8474 1.14526877e-05
8475 1.145133651e-05
8476 1.144998564e-05
8477 1.144863509e-05
8478 1.144728485e-05
8479 1.144593494e-05
8480 1.144458534e-05
8481 1.144323606e-05
8482 1.14418871e-05
8483 1.144053846e-05
8484 1.143919013e-05
8485 1.143784213e-05
8486 1.143649444e-05
8487 1.143514706e-05
8488 1.143380001e-05
8489 1.143245327e-05
8490 1.143110685e-05
8491 1.142976075e-05
8492 1.142841496e-05
8493 1.142706949e-05
8494 1.142572434e-05
8495 1.14243795e-05
8496 1.142303499e-05
8497 1.142169078e-05
8498 1.14203469e-05
8499 1.141900333e-05
8500 1.141766007e-05
8501 1.141631713e-05
8502 1.141497451e-05
8503 1.141363221e-05
8504 1.141229021e-05
8505 1.141094854e-05
8506 1.140960718e-05
8507 1.140826613e-05
8508 1.140692541e-05
8509 1.140558499e-05
8510 1.140424489e-05
8511 1.140290511e-05
8512 1.140156564e-05
8513 1.140022648e-05
8514 1.139888764e-05
8515 1.139754912e-05
8516 1.13962109e-05
8517 1.139487301e-05
8518 1.139353542e-05
8519 1.139219815e-05
8520 1.13908612e-05
8521 1.138952456e-05
8522 1.138818823e-05
8523 1.138685221e-05
8524 1.138551651e-05
8525 1.138418113e-05
8526 1.138284605e-05
8527 1.138151129e-05
8528 1.138017684e-05
8529 1.137884271e-05
8530 1.137750888e-05
8531 1.137617537e-05
8532 1.137484217e-05
8533 1.137350929e-05
8534 1.137217672e-05
8535 1.137084446e-05
8536 1.136951251e-05
8537 1.136818087e-05
8538 1.136684955e-05
8539 1.136551853e-05
8540 1.136418783e-05
8541 1.136285744e-05
8542 1.136152736e-05
8543 1.13601976e-05
8544 1.135886814e-05
8545 1.1357539e-05
8546 1.135621016e-05
8547 1.135488164e-05
8548 1.135355343e-05
8549 1.135222553e-05
8550 1.135089794e-05
8551 1.134957066e-05
8552 1.134824369e-05
8553 1.134691703e-05
8554 1.134559068e-05
8555 1.134426464e-05
8556 1.134293891e-05
8557 1.134161349e-05
8558 1.134028838e-05
8559 1.133896358e-05
8560 1.133763909e-05
8561 1.133631491e-05
8562 1.133499104e-05
8563 1.133366748e-05
8564 1.133234422e-05
8565 1.133102128e-05
8566 1.132969864e-05
8567 1.132837632e-05
8568 1.13270543e-05
8569 1.132573259e-05
8570 1.132441119e-05
8571 1.132309009e-05
8572 1.132176931e-05
8573 1.132044883e-05
8574 1.131912866e-05
8575 1.13178088e-05
8576 1.131648925e-05
8577 1.131517e-05
8578 1.131385106e-05
8579 1.131253243e-05
8580 1.131121411e-05
8581 1.130989609e-05
8582 1.130857838e-05
8583 1.130726098e-05
8584 1.130594389e-05
8585 1.13046271e-05
8586 1.130331062e-05
8587 1.130199444e-05
8588 1.130067857e-05
8589 1.129936301e-05
8590 1.129804776e-05
8591 1.129673281e-05
8592 1.129541816e-05
8593 1.129410383e-05
8594 1.129278979e-05
8595 1.129147607e-05
8596 1.129016265e-05
8597 1.128884953e-05
8598 1.128753672e-05
8599 1.128622422e-05
8600 1.128491202e-05
8601 1.128360012e-05
8602 1.128228854e-05
8603 1.128097725e-05
8604 1.127966627e-05
8605 1.12783556e-05
8606 1.127704523e-05
8607 1.127573516e-05
8608 1.12744254e-05
8609 1.127311594e-05
8610 1.127180679e-05
8611 1.127049794e-05
8612 1.12691894e-05
8613 1.126788116e-05
8614 1.126657322e-05
8615 1.126526558e-05
8616 1.126395825e-05
8617 1.126265123e-05
8618 1.12613445e-05
8619 1.126003808e-05
8620 1.125873197e-05
8621 1.125742615e-05
8622 1.125612064e-05
8623 1.125481543e-05
8624 1.125351052e-05
8625 1.125220592e-05
8626 1.125090162e-05
8627 1.124959762e-05
8628 1.124829392e-05
8629 1.124699053e-05
8630 1.124568744e-05
8631 1.124438465e-05
8632 1.124308216e-05
8633 1.124177997e-05
8634 1.124047809e-05
8635 1.12391765e-05
8636 1.123787522e-05
8637 1.123657424e-05
8638 1.123527356e-05
8639 1.123397318e-05
8640 1.12326731e-05
8641 1.123137332e-05
8642 1.123007385e-05
8643 1.122877467e-05
8644 1.12274758e-05
8645 1.122617722e-05
8646 1.122487895e-05
8647 1.122358098e-05
8648 1.12222833e-05
8649 1.122098593e-05
8650 1.121968885e-05
8651 1.121839208e-05
8652 1.121709561e-05
8653 1.121579943e-05
8654 1.121450356e-05
8655 1.121320798e-05
8656 1.12119127e-05
8657 1.121061773e-05
8658 1.120932305e-05
8659 1.120802867e-05
8660 1.120673459e-05
8661 1.120544081e-05
8662 1.120414732e-05
8663 1.120285414e-05
8664 1.120156125e-05
8665 1.120026867e-05
8666 1.119897638e-05
8667 1.119768439e-05
8668 1.11963927e-05
8669 1.11951013e-05
8670 1.11938102e-05
8671 1.11925194e-05
8672 1.11912289e-05
8673 1.11899387e-05
8674 1.118864879e-05
8675 1.118735918e-05
8676 1.118606987e-05
8677 1.118478086e-05
8678 1.118349214e-05
8679 1.118220372e-05
8680 1.118091559e-05
8681 1.117962777e-05
8682 1.117834024e-05
8683 1.1177053e-05
8684 1.117576606e-05
8685 1.117447942e-05
8686 1.117319308e-05
8687 1.117190703e-05
8688 1.117062128e-05
8689 1.116933582e-05
8690 1.116805066e-05
8691 1.116676579e-05
8692 1.116548122e-05
8693 1.116419695e-05
8694 1.116291297e-05
8695 1.116162929e-05
8696 1.11603459e-05
8697 1.11590628e-05
8698 1.115778001e-05
8699 1.11564975e-05
8700 1.115521529e-05
8701 1.115393338e-05
8702 1.115265176e-05
8703 1.115137044e-05
8704 1.115008941e-05
8705 1.114880867e-05
8706 1.114752823e-05
8707 1.114624808e-05
8708 1.114496823e-05
8709 1.114368867e-05
8710 1.11424094e-05
8711 1.114113043e-05
8712 1.113985175e-05
8713 1.113857336e-05
8714 1.113729527e-05
8715 1.113601747e-05
8716 1.113473996e-05
8717 1.113346275e-05
8718 1.113218583e-05
8719 1.113090921e-05
8720 1.112963287e-05
8721 1.112835683e-05
8722 1.112708108e-05
8723 1.112580563e-05
8724 1.112453046e-05
8725 1.112325559e-05
8726 1.112198101e-05
8727 1.112070672e-05
8728 1.111943273e-05
8729 1.111815902e-05
8730 1.111688561e-05
8731 1.111561249e-05
8732 1.111433966e-05
8733 1.111306713e-05
8734 1.111179488e-05
8735 1.111052293e-05
8736 1.110925126e-05
8737 1.110797989e-05
8738 1.110670881e-05
8739 1.110543802e-05
8740 1.110416752e-05
8741 1.110289731e-05
8742 1.110162739e-05
8743 1.110035776e-05
8744 1.109908842e-05
8745 1.109781938e-05
8746 1.109655062e-05
8747 1.109528215e-05
8748 1.109401398e-05
8749 1.109274609e-05
8750 1.109147849e-05
8751 1.109021118e-05
8752 1.108894416e-05
8753 1.108767744e-05
8754 1.1086411e-05
8755 1.108514485e-05
8756 1.108387899e-05
8757 1.108261341e-05
8758 1.108134813e-05
8759 1.108008314e-05
8760 1.107881843e-05
8761 1.107755401e-05
8762 1.107628989e-05
8763 1.107502605e-05
8764 1.10737625e-05
8765 1.107249923e-05
8766 1.107123626e-05
8767 1.106997357e-05
8768 1.106871117e-05
8769 1.106744906e-05
8770 1.106618724e-05
8771 1.10649257e-05
8772 1.106366446e-05
8773 1.10624035e-05
8774 1.106114282e-05
8775 1.105988244e-05
8776 1.105862234e-05
8777 1.105736253e-05
8778 1.1056103e-05
8779 1.105484377e-05
8780 1.105358482e-05
8781 1.105232615e-05
8782 1.105106778e-05
8783 1.104980969e-05
8784 1.104855188e-05
8785 1.104729436e-05
8786 1.104603713e-05
8787 1.104478019e-05
8788 1.104352353e-05
8789 1.104226715e-05
8790 1.104101107e-05
8791 1.103975526e-05
8792 1.103849975e-05
8793 1.103724452e-05
8794 1.103598957e-05
8795 1.103473491e-05
8796 1.103348054e-05
8797 1.103222645e-05
8798 1.103097264e-05
8799 1.102971912e-05
8800 1.102846589e-05
8801 1.102721294e-05
8802 1.102596027e-05
8803 1.102470789e-05
8804 1.102345579e-05
8805 1.102220398e-05
8806 1.102095246e-05
8807 1.101970121e-05
8808 1.101845025e-05
8809 1.101719958e-05
8810 1.101594919e-05
8811 1.101469908e-05
8812 1.101344925e-05
8813 1.101219971e-05
8814 1.101095046e-05
8815 1.100970148e-05
8816 1.100845279e-05
8817 1.100720439e-05
8818 1.100595626e-05
8819 1.100470842e-05
8820 1.100346086e-05
8821 1.100221359e-05
8822 1.10009666e-05
8823 1.099971989e-05
8824 1.099847346e-05
8825 1.099722731e-05
8826 1.099598145e-05
8827 1.099473587e-05
8828 1.099349057e-05
8829 1.099224556e-05
8830 1.099100082e-05
8831 1.098975637e-05
8832 1.09885122e-05
8833 1.098726831e-05
8834 1.098602471e-05
8835 1.098478138e-05
8836 1.098353834e-05
8837 1.098229557e-05
8838 1.098105309e-05
8839 1.097981089e-05
8840 1.097856897e-05
8841 1.097732733e-05
8842 1.097608597e-05
8843 1.09748449e-05
8844 1.09736041e-05
8845 1.097236359e-05
8846 1.097112335e-05
8847 1.096988339e-05
8848 1.096864372e-05
8849 1.096740432e-05
8850 1.096616521e-05
8851 1.096492638e-05
8852 1.096368782e-05
8853 1.096244955e-05
8854 1.096121155e-05
8855 1.095997383e-05
8856 1.09587364e-05
8857 1.095749924e-05
8858 1.095626236e-05
8859 1.095502576e-05
8860 1.095378945e-05
8861 1.09525534e-05
8862 1.095131764e-05
8863 1.095008216e-05
8864 1.094884696e-05
8865 1.094761203e-05
8866 1.094637739e-05
8867 1.094514302e-05
8868 1.094390893e-05
8869 1.094267512e-05
8870 1.094144158e-05
8871 1.094020833e-05
8872 1.093897535e-05
8873 1.093774265e-05
8874 1.093651023e-05
8875 1.093527808e-05
8876 1.093404622e-05
8877 1.093281463e-05
8878 1.093158332e-05
8879 1.093035228e-05
8880 1.092912153e-05
8881 1.092789105e-05
8882 1.092666084e-05
8883 1.092543092e-05
8884 1.092420127e-05
8885 1.09229719e-05
8886 1.09217428e-05
8887 1.092051398e-05
8888 1.091928544e-05
8889 1.091805717e-05
8890 1.091682918e-05
8891 1.091560147e-05
8892 1.091437403e-05
8893 1.091314687e-05
8894 1.091191999e-05
8895 1.091069338e-05
8896 1.090946704e-05
8897 1.090824098e-05
8898 1.09070152e-05
8899 1.090578969e-05
8900 1.090456446e-05
8901 1.090333951e-05
8902 1.090211482e-05
8903 1.090089042e-05
8904 1.089966629e-05
8905 1.089844243e-05
8906 1.089721885e-05
8907 1.089599554e-05
8908 1.089477251e-05
8909 1.089354975e-05
8910 1.089232727e-05
8911 1.089110506e-05
8912 1.088988312e-05
8913 1.088866146e-05
8914 1.088744008e-05
8915 1.088621896e-05
8916 1.088499812e-05
8917 1.088377756e-05
8918 1.088255727e-05
8919 1.088133725e-05
8920 1.088011751e-05
8921 1.087889804e-05
8922 1.087767884e-05
8923 1.087645991e-05
8924 1.087524126e-05
8925 1.087402289e-05
8926 1.087280478e-05
8927 1.087158695e-05
8928 1.087036939e-05
8929 1.08691521e-05
8930 1.086793509e-05
8931 1.086671835e-05
8932 1.086550188e-05
8933 1.086428568e-05
8934 1.086306976e-05
8935 1.08618541e-05
8936 1.086063872e-05
8937 1.085942362e-05
8938 1.085820878e-05
8939 1.085699421e-05
8940 1.085577992e-05
8941 1.08545659e-05
8942 1.085335215e-05
8943 1.085213867e-05
8944 1.085092546e-05
8945 1.084971253e-05
8946 1.084849986e-05
8947 1.084728747e-05
8948 1.084607535e-05
8949 1.084486349e-05
8950 1.084365191e-05
8951 1.08424406e-05
8952 1.084122956e-05
8953 1.084001879e-05
8954 1.083880829e-05
8955 1.083759807e-05
8956 1.083638811e-05
8957 1.083517842e-05
8958 1.0833969e-05
8959 1.083275985e-05
8960 1.083155097e-05
8961 1.083034236e-05
8962 1.082913403e-05
8963 1.082792596e-05
8964 1.082671816e-05
8965 1.082551063e-05
8966 1.082430336e-05
8967 1.082309637e-05
8968 1.082188965e-05
8969 1.08206832e-05
8970 1.081947701e-05
8971 1.08182711e-05
8972 1.081706545e-05
8973 1.081586007e-05
8974 1.081465496e-05
8975 1.081345012e-05
8976 1.081224555e-05
8977 1.081104124e-05
8978 1.080983721e-05
8979 1.080863344e-05
8980 1.080742994e-05
8981 1.080622671e-05
8982 1.080502374e-05
8983 1.080382105e-05
8984 1.080261862e-05
8985 1.080141646e-05
8986 1.080021456e-05
8987 1.079901294e-05
8988 1.079781158e-05
8989 1.079661049e-05
8990 1.079540966e-05
8991 1.079420911e-05
8992 1.079300882e-05
8993 1.079180879e-05
8994 1.079060904e-05
8995 1.078940955e-05
8996 1.078821032e-05
8997 1.078701137e-05
8998 1.078581268e-05
8999 1.078461425e-05
9000 1.07834161e-05
9001 1.07822182e-05
9002 1.078102058e-05
9003 1.077982322e-05
9004 1.077862613e-05
9005 1.07774293e-05
9006 1.077623274e-05
9007 1.077503644e-05
9008 1.077384041e-05
9009 1.077264465e-05
9010 1.077144915e-05
9011 1.077025391e-05
9012 1.076905895e-05
9013 1.076786424e-05
9014 1.07666698e-05
9015 1.076547563e-05
9016 1.076428172e-05
9017 1.076308808e-05
9018 1.07618947e-05
9019 1.076070158e-05
9020 1.075950873e-05
9021 1.075831615e-05
9022 1.075712383e-05
9023 1.075593177e-05
9024 1.075473997e-05
9025 1.075354845e-05
9026 1.075235718e-05
9027 1.075116618e-05
9028 1.074997544e-05
9029 1.074878497e-05
9030 1.074759476e-05
9031 1.074640481e-05
9032 1.074521513e-05
9033 1.074402571e-05
9034 1.074283655e-05
9035 1.074164766e-05
9036 1.074045903e-05
9037 1.073927067e-05
9038 1.073808256e-05
9039 1.073689472e-05
9040 1.073570714e-05
9041 1.073451983e-05
9042 1.073333277e-05
9043 1.073214598e-05
9044 1.073095946e-05
9045 1.072977319e-05
9046 1.072858719e-05
9047 1.072740144e-05
9048 1.072621597e-05
9049 1.072503075e-05
9050 1.072384579e-05
9051 1.07226611e-05
9052 1.072147667e-05
9053 1.07202925e-05
9054 1.071910859e-05
9055 1.071792494e-05
9056 1.071674156e-05
9057 1.071555843e-05
9058 1.071437557e-05
9059 1.071319297e-05
9060 1.071201063e-05
9061 1.071082854e-05
9062 1.070964673e-05
9063 1.070846517e-05
9064 1.070728387e-05
9065 1.070610283e-05
9066 1.070492206e-05
9067 1.070374154e-05
9068 1.070256128e-05
9069 1.070138129e-05
9070 1.070020155e-05
9071 1.069902208e-05
9072 1.069784286e-05
9073 1.06966639e-05
9074 1.069548521e-05
9075 1.069430677e-05
9076 1.06931286e-05
9077 1.069195068e-05
9078 1.069077302e-05
9079 1.068959562e-05
9080 1.068841849e-05
9081 1.068724161e-05
9082 1.068606499e-05
9083 1.068488863e-05
9084 1.068371252e-05
9085 1.068253668e-05
9086 1.06813611e-05
9087 1.068018577e-05
9088 1.06790107e-05
9089 1.067783589e-05
9090 1.067666134e-05
9091 1.067548705e-05
9092 1.067431302e-05
9093 1.067313924e-05
9094 1.067196573e-05
9095 1.067079247e-05
9096 1.066961947e-05
9097 1.066844672e-05
9098 1.066727424e-05
9099 1.066610201e-05
9100 1.066493004e-05
9101 1.066375832e-05
9102 1.066258687e-05
9103 1.066141567e-05
9104 1.066024473e-05
9105 1.065907405e-05
9106 1.065790362e-05
9107 1.065673345e-05
9108 1.065556354e-05
9109 1.065439388e-05
9110 1.065322448e-05
9111 1.065205534e-05
9112 1.065088646e-05
9113 1.064971783e-05
9114 1.064854945e-05
9115 1.064738134e-05
9116 1.064621348e-05
9117 1.064504587e-05
9118 1.064387853e-05
9119 1.064271143e-05
9120 1.06415446e-05
9121 1.064037802e-05
9122 1.063921169e-05
9123 1.063804562e-05
9124 1.063687981e-05
9125 1.063571425e-05
9126 1.063454895e-05
9127 1.06333839e-05
9128 1.063221911e-05
9129 1.063105458e-05
9130 1.062989029e-05
9131 1.062872627e-05
9132 1.06275625e-05
9133 1.062639898e-05
9134 1.062523572e-05
9135 1.062407271e-05
9136 1.062290996e-05
9137 1.062174746e-05
9138 1.062058521e-05
9139 1.061942322e-05
9140 1.061826149e-05
9141 1.061710001e-05
9142 1.061593878e-05
9143 1.061477781e-05
9144 1.061361709e-05
9145 1.061245662e-05
9146 1.061129641e-05
9147 1.061013645e-05
9148 1.060897675e-05
9149 1.06078173e-05
9150 1.06066581e-05
9151 1.060549916e-05
9152 1.060434046e-05
9153 1.060318203e-05
9154 1.060202384e-05
9155 1.060086591e-05
9156 1.059970823e-05
9157 1.059855081e-05
9158 1.059739363e-05
9159 1.059623671e-05
9160 1.059508004e-05
9161 1.059392363e-05
9162 1.059276746e-05
9163 1.059161155e-05
9164 1.059045589e-05
9165 1.058930049e-05
9166 1.058814533e-05
9167 1.058699043e-05
9168 1.058583578e-05
9169 1.058468138e-05
9170 1.058352724e-05
9171 1.058237334e-05
9172 1.05812197e-05
9173 1.05800663e-05
9174 1.057891316e-05
9175 1.057776027e-05
9176 1.057660764e-05
9177 1.057545525e-05
9178 1.057430311e-05
9179 1.057315123e-05
9180 1.057199959e-05
9181 1.057084821e-05
9182 1.056969708e-05
9183 1.05685462e-05
9184 1.056739557e-05
9185 1.056624519e-05
9186 1.056509506e-05
9187 1.056394518e-05
9188 1.056279555e-05
9189 1.056164617e-05
9190 1.056049704e-05
9191 1.055934816e-05
9192 1.055819953e-05
9193 1.055705115e-05
9194 1.055590302e-05
9195 1.055475514e-05
9196 1.055360751e-05
9197 1.055246013e-05
9198 1.0551313e-05
9199 1.055016612e-05
9200 1.054901948e-05
9201 1.05478731e-05
9202 1.054672697e-05
9203 1.054558108e-05
9204 1.054443545e-05
9205 1.054329006e-05
9206 1.054214492e-05
9207 1.054100003e-05
9208 1.053985539e-05
9209 1.0538711e-05
9210 1.053756685e-05
9211 1.053642296e-05
9212 1.053527931e-05
9213 1.053413591e-05
9214 1.053299276e-05
9215 1.053184986e-05
9216 1.05307072e-05
9217 1.052956479e-05
9218 1.052842264e-05
9219 1.052728072e-05
9220 1.052613906e-05
9221 1.052499764e-05
9222 1.052385648e-05
9223 1.052271555e-05
9224 1.052157488e-05
9225 1.052043445e-05
9226 1.051929427e-05
9227 1.051815434e-05
9228 1.051701466e-05
9229 1.051587522e-05
9230 1.051473603e-05
9231 1.051359708e-05
9232 1.051245839e-05
9233 1.051131993e-05
9234 1.051018173e-05
9235 1.050904377e-05
9236 1.050790606e-05
9237 1.050676859e-05
9238 1.050563138e-05
9239 1.05044944e-05
9240 1.050335767e-05
9241 1.050222119e-05
9242 1.050108496e-05
9243 1.049994897e-05
9244 1.049881323e-05
9245 1.049767773e-05
9246 1.049654248e-05
9247 1.049540747e-05
9248 1.049427271e-05
9249 1.049313819e-05
9250 1.049200392e-05
9251 1.04908699e-05
9252 1.048973612e-05
9253 1.048860258e-05
9254 1.048746929e-05
9255 1.048633624e-05
9256 1.048520344e-05
9257 1.048407089e-05
9258 1.048293858e-05
9259 1.048180651e-05
9260 1.048067469e-05
9261 1.047954311e-05
9262 1.047841178e-05
9263 1.047728069e-05
9264 1.047614984e-05
9265 1.047501924e-05
9266 1.047388888e-05
9267 1.047275877e-05
9268 1.04716289e-05
9269 1.047049927e-05
9270 1.046936989e-05
9271 1.046824075e-05
9272 1.046711186e-05
9273 1.046598321e-05
9274 1.04648548e-05
9275 1.046372664e-05
9276 1.046259871e-05
9277 1.046147104e-05
9278 1.04603436e-05
9279 1.045921641e-05
9280 1.045808946e-05
9281 1.045696275e-05
9282 1.045583629e-05
9283 1.045471007e-05
9284 1.045358409e-05
9285 1.045245835e-05
9286 1.045133286e-05
9287 1.045020761e-05
9288 1.04490826e-05
9289 1.044795783e-05
9290 1.044683331e-05
9291 1.044570903e-05
9292 1.044458499e-05
9293 1.044346119e-05
9294 1.044233763e-05
9295 1.044121432e-05
9296 1.044009124e-05
9297 1.043896841e-05
9298 1.043784582e-05
9299 1.043672347e-05
9300 1.043560136e-05
9301 1.04344795e-05
9302 1.043335787e-05
9303 1.043223649e-05
9304 1.043111534e-05
9305 1.042999444e-05
9306 1.042887378e-05
9307 1.042775336e-05
9308 1.042663318e-05
9309 1.042551324e-05
9310 1.042439354e-05
9311 1.042327408e-05
9312 1.042215487e-05
9313 1.042103589e-05
9314 1.041991715e-05
9315 1.041879866e-05
9316 1.04176804e-05
9317 1.041656238e-05
9318 1.04154446e-05
9319 1.041432707e-05
9320 1.041320977e-05
9321 1.041209271e-05
9322 1.04109759e-05
9323 1.040985932e-05
9324 1.040874298e-05
9325 1.040762688e-05
9326 1.040651102e-05
9327 1.04053954e-05
9328 1.040428002e-05
9329 1.040316487e-05
9330 1.040204997e-05
9331 1.040093531e-05
9332 1.039982088e-05
9333 1.039870669e-05
9334 1.039759274e-05
9335 1.039647904e-05
9336 1.039536556e-05
9337 1.039425233e-05
9338 1.039313934e-05
9339 1.039202658e-05
9340 1.039091406e-05
9341 1.038980178e-05
9342 1.038868974e-05
9343 1.038757794e-05
9344 1.038646637e-05
9345 1.038535505e-05
9346 1.038424396e-05
9347 1.038313311e-05
9348 1.038202249e-05
9349 1.038091211e-05
9350 1.037980198e-05
9351 1.037869207e-05
9352 1.037758241e-05
9353 1.037647298e-05
9354 1.037536379e-05
9355 1.037425484e-05
9356 1.037314612e-05
9357 1.037203764e-05
9358 1.03709294e-05
9359 1.03698214e-05
9360 1.036871363e-05
9361 1.03676061e-05
9362 1.03664988e-05
9363 1.036539174e-05
9364 1.036428492e-05
9365 1.036317833e-05
9366 1.036207198e-05
9367 1.036096587e-05
9368 1.035985999e-05
9369 1.035875435e-05
9370 1.035764895e-05
9371 1.035654378e-05
9372 1.035543884e-05
9373 1.035433414e-05
9374 1.035322968e-05
9375 1.035212546e-05
9376 1.035102146e-05
9377 1.034991771e-05
9378 1.034881419e-05
9379 1.03477109e-05
9380 1.034660785e-05
9381 1.034550504e-05
9382 1.034440246e-05
9383 1.034330011e-05
9384 1.0342198e-05
9385 1.034109613e-05
9386 1.033999449e-05
9387 1.033889308e-05
9388 1.033779191e-05
9389 1.033669098e-05
9390 1.033559028e-05
9391 1.033448981e-05
9392 1.033338957e-05
9393 1.033228958e-05
9394 1.033118981e-05
9395 1.033009028e-05
9396 1.032899098e-05
9397 1.032789192e-05
9398 1.032679309e-05
9399 1.03256945e-05
9400 1.032459614e-05
9401 1.032349801e-05
9402 1.032240011e-05
9403 1.032130245e-05
9404 1.032020503e-05
9405 1.031910783e-05
9406 1.031801087e-05
9407 1.031691414e-05
9408 1.031581765e-05
9409 1.031472139e-05
9410 1.031362536e-05
9411 1.031252957e-05
9412 1.0311434e-05
9413 1.031033867e-05
9414 1.030924358e-05
9415 1.030814871e-05
9416 1.030705408e-05
9417 1.030595968e-05
9418 1.030486551e-05
9419 1.030377158e-05
9420 1.030267788e-05
9421 1.030158441e-05
9422 1.030049117e-05
9423 1.029939816e-05
9424 1.029830539e-05
9425 1.029721284e-05
9426 1.029612053e-05
9427 1.029502846e-05
9428 1.029393661e-05
9429 1.029284499e-05
9430 1.029175361e-05
9431 1.029066245e-05
9432 1.028957153e-05
9433 1.028848084e-05
9434 1.028739038e-05
9435 1.028630016e-05
9436 1.028521016e-05
9437 1.028412039e-05
9438 1.028303086e-05
9439 1.028194155e-05
9440 1.028085248e-05
9441 1.027976364e-05
9442 1.027867503e-05
9443 1.027758664e-05
9444 1.027649849e-05
9445 1.027541057e-05
9446 1.027432288e-05
9447 1.027323542e-05
9448 1.027214819e-05
9449 1.027106119e-05
9450 1.026997442e-05
9451 1.026888788e-05
9452 1.026780157e-05
9453 1.026671549e-05
9454 1.026562964e-05
9455 1.026454402e-05
9456 1.026345863e-05
9457 1.026237347e-05
9458 1.026128854e-05
9459 1.026020383e-05
9460 1.025911936e-05
9461 1.025803512e-05
9462 1.02569511e-05
9463 1.025586732e-05
9464 1.025478376e-05
9465 1.025370043e-05
9466 1.025261733e-05
9467 1.025153446e-05
9468 1.025045182e-05
9469 1.024936941e-05
9470 1.024828722e-05
9471 1.024720527e-05
9472 1.024612354e-05
9473 1.024504204e-05
9474 1.024396077e-05
9475 1.024287972e-05
9476 1.024179891e-05
9477 1.024071832e-05
9478 1.023963797e-05
9479 1.023855783e-05
9480 1.023747793e-05
9481 1.023639826e-05
9482 1.023531881e-05
9483 1.023423959e-05
9484 1.02331606e-05
9485 1.023208183e-05
9486 1.02310033e-05
9487 1.022992499e-05
9488 1.02288469e-05
9489 1.022776905e-05
9490 1.022669142e-05
9491 1.022561402e-05
9492 1.022453685e-05
9493 1.02234599e-05
9494 1.022238318e-05
9495 1.022130668e-05
9496 1.022023042e-05
9497 1.021915438e-05
9498 1.021807856e-05
9499 1.021700298e-05
9500 1.021592762e-05
9501 1.021485248e-05
9502 1.021377757e-05
9503 1.021270289e-05
9504 1.021162843e-05
9505 1.021055421e-05
9506 1.02094802e-05
9507 1.020840642e-05
9508 1.020733287e-05
9509 1.020625955e-05
9510 1.020518644e-05
9511 1.020411357e-05
9512 1.020304092e-05
9513 1.02019685e-05
9514 1.02008963e-05
9515 1.019982432e-05
9516 1.019875258e-05
9517 1.019768105e-05
9518 1.019660976e-05
9519 1.019553868e-05
9520 1.019446784e-05
9521 1.019339721e-05
9522 1.019232682e-05
9523 1.019125664e-05
9524 1.01901867e-05
9525 1.018911697e-05
9526 1.018804747e-05
9527 1.01869782e-05
9528 1.018590915e-05
9529 1.018484032e-05
9530 1.018377172e-05
9531 1.018270334e-05
9532 1.018163519e-05
9533 1.018056726e-05
9534 1.017949956e-05
9535 1.017843208e-05
9536 1.017736482e-05
9537 1.017629779e-05
9538 1.017523098e-05
9539 1.017416439e-05
9540 1.017309803e-05
9541 1.017203189e-05
9542 1.017096597e-05
9543 1.016990028e-05
9544 1.016883481e-05
9545 1.016776957e-05
9546 1.016670454e-05
9547 1.016563974e-05
9548 1.016457517e-05
9549 1.016351081e-05
9550 1.016244668e-05
9551 1.016138278e-05
9552 1.016031909e-05
9553 1.015925563e-05
9554 1.015819239e-05
9555 1.015712937e-05
9556 1.015606658e-05
9557 1.0155004e-05
9558 1.015394165e-05
9559 1.015287953e-05
9560 1.015181762e-05
9561 1.015075594e-05
9562 1.014969448e-05
9563 1.014863324e-05
9564 1.014757222e-05
9565 1.014651142e-05
9566 1.014545085e-05
9567 1.01443905e-05
9568 1.014333037e-05
9569 1.014227046e-05
9570 1.014121077e-05
9571 1.01401513e-05
9572 1.013909206e-05
9573 1.013803303e-05
9574 1.013697423e-05
9575 1.013591565e-05
9576 1.013485729e-05
9577 1.013379915e-05
9578 1.013274123e-05
9579 1.013168354e-05
9580 1.013062606e-05
9581 1.01295688e-05
9582 1.012851177e-05
9583 1.012745495e-05
9584 1.012639836e-05
9585 1.012534199e-05
9586 1.012428583e-05
9587 1.01232299e-05
9588 1.012217419e-05
9589 1.012111869e-05
9590 1.012006342e-05
9591 1.011900837e-05
9592 1.011795354e-05
9593 1.011689892e-05
9594 1.011584453e-05
9595 1.011479036e-05
9596 1.01137364e-05
9597 1.011268267e-05
9598 1.011162916e-05
9599 1.011057586e-05
9600 1.010952279e-05
9601 1.010846993e-05
9602 1.010741729e-05
9603 1.010636488e-05
9604 1.010531268e-05
9605 1.01042607e-05
9606 1.010320894e-05
9607 1.01021574e-05
9608 1.010110607e-05
9609 1.010005497e-05
9610 1.009900409e-05
9611 1.009795342e-05
9612 1.009690297e-05
9613 1.009585274e-05
9614 1.009480273e-05
9615 1.009375294e-05
9616 1.009270337e-05
9617 1.009165401e-05
9618 1.009060487e-05
9619 1.008955595e-05
9620 1.008850725e-05
9621 1.008745877e-05
9622 1.00864105e-05
9623 1.008536246e-05
9624 1.008431463e-05
9625 1.008326701e-05
9626 1.008221962e-05
9627 1.008117244e-05
9628 1.008012548e-05
9629 1.007907874e-05
9630 1.007803222e-05
9631 1.007698591e-05
9632 1.007593982e-05
9633 1.007489395e-05
9634 1.007384829e-05
9635 1.007280285e-05
9636 1.007175763e-05
9637 1.007071262e-05
9638 1.006966784e-05
9639 1.006862326e-05
9640 1.006757891e-05
9641 1.006653477e-05
9642 1.006549085e-05
9643 1.006444715e-05
9644 1.006340366e-05
9645 1.006236039e-05
9646 1.006131733e-05
9647 1.006027449e-05
9648 1.005923187e-05
9649 1.005818946e-05
9650 1.005714727e-05
9651 1.005610529e-05
9652 1.005506353e-05
9653 1.005402199e-05
9654 1.005298066e-05
9655 1.005193955e-05
9656 1.005089865e-05
9657 1.004985797e-05
9658 1.00488175e-05
9659 1.004777725e-05
9660 1.004673722e-05
9661 1.00456974e-05
9662 1.00446578e-05
9663 1.004361841e-05
9664 1.004257923e-05
9665 1.004154027e-05
9666 1.004050153e-05
9667 1.0039463e-05
9668 1.003842468e-05
9669 1.003738658e-05
9670 1.00363487e-05
9671 1.003531103e-05
9672 1.003427357e-05
9673 1.003323633e-05
9674 1.00321993e-05
9675 1.003116249e-05
9676 1.003012589e-05
9677 1.002908951e-05
9678 1.002805334e-05
9679 1.002701738e-05
9680 1.002598164e-05
9681 1.002494611e-05
9682 1.00239108e-05
9683 1.00228757e-05
9684 1.002184081e-05
9685 1.002080614e-05
9686 1.001977168e-05
9687 1.001873744e-05
9688 1.00177034e-05
9689 1.001666958e-05
9690 1.001563598e-05
9691 1.001460259e-05
9692 1.001356941e-05
9693 1.001253644e-05
9694 1.001150369e-05
9695 1.001047115e-05
9696 1.000943882e-05
9697 1.000840671e-05
9698 1.000737481e-05
9699 1.000634312e-05
9700 1.000531165e-05
9701 1.000428038e-05
9702 1.000324933e-05
9703 1.000221849e-05
9704 1.000118787e-05
9705 1.000015746e-05
9706 9.999127256e-06
9707 9.998097268e-06
9708 9.997067491e-06
9709 9.996037927e-06
9710 9.995008575e-06
9711 9.993979435e-06
9712 9.992950507e-06
9713 9.991921791e-06
9714 9.990893286e-06
9715 9.989864993e-06
9716 9.988836912e-06
9717 9.987809042e-06
9718 9.986781384e-06
9719 9.985753938e-06
9720 9.984726702e-06
9721 9.983699678e-06
9722 9.982672866e-06
9723 9.981646264e-06
9724 9.980619874e-06
9725 9.979593695e-06
9726 9.978567726e-06
9727 9.977541969e-06
9728 9.976516422e-06
9729 9.975491087e-06
9730 9.974465962e-06
9731 9.973441047e-06
9732 9.972416344e-06
9733 9.971391851e-06
9734 9.970367568e-06
9735 9.969343496e-06
9736 9.968319634e-06
9737 9.967295982e-06
9738 9.966272541e-06
9739 9.965249309e-06
9740 9.964226288e-06
9741 9.963203477e-06
9742 9.962180876e-06
9743 9.961158485e-06
9744 9.960136303e-06
9745 9.959114331e-06
9746 9.958092569e-06
9747 9.957071017e-06
9748 9.956049674e-06
9749 9.955028541e-06
9750 9.954007617e-06
9751 9.952986903e-06
9752 9.951966397e-06
9753 9.950946101e-06
9754 9.949926015e-06
9755 9.948906137e-06
9756 9.947886469e-06
9757 9.946867009e-06
9758 9.945847758e-06
9759 9.944828717e-06
9760 9.943809884e-06
9761 9.942791259e-06
9762 9.941772844e-06
9763 9.940754637e-06
9764 9.939736638e-06
9765 9.938718848e-06
9766 9.937701267e-06
9767 9.936683894e-06
9768 9.935666729e-06
9769 9.934649772e-06
9770 9.933633024e-06
9771 9.932616483e-06
9772 9.931600151e-06
9773 9.930584026e-06
9774 9.92956811e-06
9775 9.928552401e-06
9776 9.9275369e-06
9777 9.926521607e-06
9778 9.925506522e-06
9779 9.924491644e-06
9780 9.923476973e-06
9781 9.92246251e-06
9782 9.921448254e-06
9783 9.920434206e-06
9784 9.919420365e-06
9785 9.918406731e-06
9786 9.917393305e-06
9787 9.916380085e-06
9788 9.915367073e-06
9789 9.914354267e-06
9790 9.913341668e-06
9791 9.912329276e-06
9792 9.911317091e-06
9793 9.910305113e-06
9794 9.909293341e-06
9795 9.908281776e-06
9796 9.907270417e-06
9797 9.906259265e-06
9798 9.905248319e-06
9799 9.904237579e-06
9800 9.903227046e-06
9801 9.902216718e-06
9802 9.901206597e-06
9803 9.900196682e-06
9804 9.899186973e-06
9805 9.89817747e-06
9806 9.897168173e-06
9807 9.896159082e-06
9808 9.895150196e-06
9809 9.894141516e-06
9810 9.893133042e-06
9811 9.892124773e-06
9812 9.89111671e-06
9813 9.890108852e-06
9814 9.8891012e-06
9815 9.888093752e-06
9816 9.887086511e-06
9817 9.886079474e-06
9818 9.885072642e-06
9819 9.884066016e-06
9820 9.883059594e-06
9821 9.882053377e-06
9822 9.881047366e-06
9823 9.880041559e-06
9824 9.879035957e-06
9825 9.878030559e-06
9826 9.877025366e-06
9827 9.876020378e-06
9828 9.875015594e-06
9829 9.874011015e-06
9830 9.87300664e-06
9831 9.872002469e-06
9832 9.870998502e-06
9833 9.86999474e-06
9834 9.868991182e-06
9835 9.867987828e-06
9836 9.866984678e-06
9837 9.865981731e-06
9838 9.864978989e-06
9839 9.863976451e-06
9840 9.862974116e-06
9841 9.861971985e-06
9842 9.860970057e-06
9843 9.859968333e-06
9844 9.858966813e-06
9845 9.857965496e-06
9846 9.856964382e-06
9847 9.855963472e-06
9848 9.854962765e-06
9849 9.853962261e-06
9850 9.852961961e-06
9851 9.851961863e-06
9852 9.850961968e-06
9853 9.849962277e-06
9854 9.848962788e-06
9855 9.847963502e-06
9856 9.846964419e-06
9857 9.845965538e-06
9858 9.84496686e-06
9859 9.843968385e-06
9860 9.842970112e-06
9861 9.841972042e-06
9862 9.840974174e-06
9863 9.839976508e-06
9864 9.838979044e-06
9865 9.837981783e-06
9866 9.836984724e-06
9867 9.835987867e-06
9868 9.834991212e-06
9869 9.833994759e-06
9870 9.832998508e-06
9871 9.832002459e-06
9872 9.831006611e-06
9873 9.830010966e-06
9874 9.829015521e-06
9875 9.828020279e-06
9876 9.827025238e-06
9877 9.826030398e-06
9878 9.82503576e-06
9879 9.824041323e-06
9880 9.823047088e-06
9881 9.822053053e-06
9882 9.82105922e-06
9883 9.820065588e-06
9884 9.819072157e-06
9885 9.818078927e-06
9886 9.817085898e-06
9887 9.81609307e-06
9888 9.815100442e-06
9889 9.814108016e-06
9890 9.813115789e-06
9891 9.812123764e-06
9892 9.811131939e-06
9893 9.810140315e-06
9894 9.809148891e-06
9895 9.808157667e-06
9896 9.807166644e-06
9897 9.806175821e-06
9898 9.805185198e-06
9899 9.804194775e-06
9900 9.803204552e-06
9901 9.80221453e-06
9902 9.801224707e-06
9903 9.800235084e-06
9904 9.799245661e-06
9905 9.798256438e-06
9906 9.797267414e-06
9907 9.79627859e-06
9908 9.795289966e-06
9909 9.794301541e-06
9910 9.793313316e-06
9911 9.79232529e-06
9912 9.791337463e-06
9913 9.790349836e-06
9914 9.789362408e-06
9915 9.788375179e-06
9916 9.787388149e-06
9917 9.786401318e-06
9918 9.785414686e-06
9919 9.784428253e-06
9920 9.783442019e-06
9921 9.782455984e-06
9922 9.781470148e-06
9923 9.78048451e-06
9924 9.77949907e-06
9925 9.77851383e-06
9926 9.777528788e-06
9927 9.776543944e-06
9928 9.775559298e-06
9929 9.774574851e-06
9930 9.773590603e-06
9931 9.772606552e-06
9932 9.771622699e-06
9933 9.770639045e-06
9934 9.769655589e-06
9935 9.76867233e-06
9936 9.76768927e-06
9937 9.766706407e-06
9938 9.765723742e-06
9939 9.764741275e-06
9940 9.763759006e-06
9941 9.762776934e-06
9942 9.761795059e-06
9943 9.760813382e-06
9944 9.759831903e-06
9945 9.758850621e-06
9946 9.757869536e-06
9947 9.756888648e-06
9948 9.755907958e-06
9949 9.754927465e-06
9950 9.753947169e-06
9951 9.752967069e-06
9952 9.751987167e-06
9953 9.751007462e-06
9954 9.750027953e-06
9955 9.749048641e-06
9956 9.748069526e-06
9957 9.747090608e-06
9958 9.746111886e-06
9959 9.745133361e-06
9960 9.744155032e-06
9961 9.7431769e-06
9962 9.742198964e-06
9963 9.741221224e-06
9964 9.74024368e-06
9965 9.739266333e-06
9966 9.738289182e-06
9967 9.737312227e-06
9968 9.736335467e-06
9969 9.735358904e-06
9970 9.734382537e-06
9971 9.733406365e-06
9972 9.732430389e-06
9973 9.731454609e-06
9974 9.730479025e-06
9975 9.729503636e-06
9976 9.728528443e-06
9977 9.727553445e-06
9978 9.726578643e-06
9979 9.725604035e-06
9980 9.724629624e-06
9981 9.723655407e-06
9982 9.722681386e-06
9983 9.721707559e-06
9984 9.720733928e-06
9985 9.719760492e-06
9986 9.718787251e-06
9987 9.717814204e-06
9988 9.716841353e-06
9989 9.715868696e-06
9990 9.714896234e-06
9991 9.713923967e-06
9992 9.712951894e-06
9993 9.711980015e-06
9994 9.711008332e-06
9995 9.710036842e-06
9996 9.709065547e-06
9997 9.708094446e-06
9998 9.70712354e-06
9999 9.706152827e-06
inf 0.05
