# potencia: beta=1.5 dmax=10000 inf=0.05
# fase: f02
# cenario: baixa (SD baixa)
# d = objetos distintos entre dois pedidos ao mesmo objeto
0 0.3664592079
1 0.1295628955
2 0.07052510744
3 0.04580740098
4 0.03277710799
5 0.02493439086
6 0.01978693734
7 0.01619536193
8 0.01357256325
9 0.01158845766
10 0.01004469168
11 0.00881563843
12 0.00781826902
13 0.006995738786
14 0.006307957374
15 0.005725925123
16 0.005228200767
17 0.004798625758
18 0.004424816216
19 0.004097138499
20 0.003807997867
21 0.003551334801
22 0.003322262044
23 0.003116798857
24 0.002931673663
25 0.00276417552
26 0.002612041016
27 0.002473367168
28 0.002346543674
29 0.002230199717
30 0.002123161829
31 0.002024420241
32 0.001933101815
33 0.001848448108
34 0.001769797478
35 0.001696570407
36 0.001628257369
37 0.001564408776
38 0.001504626574
39 0.001448557208
40 0.001395885685
41 0.001346330557
42 0.001299639658
43 0.00125558646
44 0.001213966963
45 0.00117459701
46 0.001137309984
47 0.001101954804
48 0.001068394192
49 0.001036503164
50 0.001006167707
51 0.0009772836275
52 0.0009497555369
53 0.0009234959576
54 0.0008984245365
55 0.0008744673483
56 0.0008515562778
57 0.000829628472
58 0.0008086258507
59 0.0007884946717
60 0.000769185141
61 0.0007506510635
62 0.0007328495311
63 0.0007157406404
64 0.0006992872398
65 0.0006834547012
66 0.0006682107135
67 0.0006535250958
68 0.0006393696284
69 0.0006257178991
70 0.0006125451639
71 0.0005998282197
72 0.0005875452889
73 0.0005756759137
74 0.0005642008595
75 0.000553102027
76 0.0005423623711
77 0.0005319658269
78 0.0005218972417
79 0.0005121423124
80 0.0005026875279
81 0.0004935201167
82 0.0004846279972
83 0.0004759997333
84 0.0004676244926
85 0.0004594920076
86 0.0004515925405
87 0.0004439168502
88 0.0004364561612
89 0.0004292021357
90 0.0004221468471
91 0.0004152827555
92 0.0004086026846
93 0.0004020998009
94 0.0003957675939
95 0.0003895998571
96 0.0003835906715
97 0.0003777343891
98 0.0003720256178
99 0.0003664592079
100 0.0003610302381
101 0.0003557340042
102 0.0003505660066
103 0.0003455219401
104 0.0003405976835
105 0.0003357892903
106 0.0003310929794
107 0.000326505127
108 0.0003220222585
109 0.0003176410411
110 0.0003133582768
111 0.0003091708959
112 0.0003050759507
113 0.0003010706093
114 0.0002971521507
115 0.0002933179592
116 0.0002895655192
117 0.0002858924112
118 0.0002822963068
119 0.0002787749647
120 0.0002753262268
121 0.0002719480146
122 0.0002686383253
123 0.0002653952287
124 0.0002622168639
125 0.0002591014365
126 0.0002560472154
127 0.0002530525302
128 0.0002501157688
129 0.0002472353746
130 0.0002444098447
131 0.0002416377269
132 0.0002389176185
133 0.0002362481634
134 0.0002336280509
135 0.0002310560135
136 0.0002285308252
137 0.0002260513
138 0.0002236162901
139 0.0002212246848
140 0.0002188754084
141 0.0002165674196
142 0.0002142997095
143 0.0002120713008
144 0.0002098812466
145 0.000207728629
146 0.0002056125581
147 0.0002035321712
148 0.0002014866313
149 0.0001994751268
150 0.0001974968702
151 0.000195551097
152 0.0001936370654
153 0.0001917540552
154 0.0001899013671
155 0.0001880783218
156 0.0001862842595
157 0.0001845185393
158 0.0001827805383
159 0.000181069651
160 0.0001793852889
161 0.0001777268799
162 0.0001760938675
163 0.0001744857106
164 0.0001729018827
165 0.0001713418716
166 0.0001698051789
167 0.0001682913196
168 0.0001667998215
169 0.0001653302249
170 0.0001638820821
171 0.0001624549572
172 0.0001610484257
173 0.0001596620739
174 0.0001582954987
175 0.0001569483075
176 0.0001556201175
177 0.0001543105556
178 0.0001530192581
179 0.0001517458703
180 0.0001504900464
181 0.0001492514491
182 0.0001480297494
183 0.0001468246262
184 0.0001456357665
185 0.0001444628645
186 0.0001433056221
187 0.000142163748
188 0.000141036958
189 0.0001399249747
190 0.0001388275271
191 0.0001377443505
192 0.0001366751864
193 0.0001356197825
194 0.000134577892
195 0.000133549274
196 0.0001325336929
197 0.0001315309186
198 0.0001305407261
199 0.0001295628955
200 0.0001285972118
201 0.0001276434648
202 0.000126701449
203 0.0001257709633
204 0.0001248518112
205 0.0001239438002
206 0.0001230467424
207 0.0001221604534
208 0.0001212847533
209 0.0001204194658
210 0.0001195644184
211 0.0001187194421
212 0.0001178843718
213 0.0001170590455
214 0.0001162433048
215 0.0001154369947
216 0.0001146399631
217 0.0001138520613
218 0.0001130731436
219 0.0001123030671
220 0.000111541692
221 0.0001107888812
222 0.0001100445006
223 0.0001093084185
224 0.000108580506
225 0.0001078606367
226 0.0001071486868
227 0.0001064445347
228 0.0001057480615
229 0.0001050591504
230 0.000104377687
231 0.000103703559
232 0.0001030366564
233 0.0001023768711
234 0.0001017240974
235 0.0001010782313
236 0.000100439171
237 9.980681642e-05
238 9.918106949e-05
239 9.856183397e-05
240 9.794901537e-05
241 9.7342521e-05
242 9.674225986e-05
243 9.614814262e-05
244 9.556008161e-05
245 9.497799074e-05
246 9.440178551e-05
247 9.383138294e-05
248 9.326670155e-05
249 9.270766131e-05
250 9.215418365e-05
251 9.160619139e-05
252 9.106360871e-05
253 9.052636115e-05
254 8.999437555e-05
255 8.946758005e-05
256 8.894590402e-05
257 8.842927809e-05
258 8.791763407e-05
259 8.741090497e-05
260 8.690902495e-05
261 8.641192928e-05
262 8.591955435e-05
263 8.543183765e-05
264 8.49487177e-05
265 8.447013408e-05
266 8.399602738e-05
267 8.352633919e-05
268 8.306101206e-05
269 8.259998953e-05
270 8.214321604e-05
271 8.169063698e-05
272 8.124219861e-05
273 8.079784809e-05
274 8.035753345e-05
275 7.992120355e-05
276 7.948880809e-05
277 7.906029757e-05
278 7.863562331e-05
279 7.821473739e-05
280 7.779759268e-05
281 7.738414277e-05
282 7.697434202e-05
283 7.656814549e-05
284 7.616550896e-05
285 7.576638889e-05
286 7.537074246e-05
287 7.497852746e-05
288 7.45897024e-05
289 7.420422637e-05
290 7.382205916e-05
291 7.344316111e-05
292 7.306749322e-05
293 7.269501707e-05
294 7.232569482e-05
295 7.195948921e-05
296 7.159636353e-05
297 7.123628166e-05
298 7.087920798e-05
299 7.052510744e-05
300 7.017394548e-05
301 6.982568808e-05
302 6.948030173e-05
303 6.913775338e-05
304 6.87980105e-05
305 6.846104103e-05
306 6.812681337e-05
307 6.779529639e-05
308 6.746645942e-05
309 6.714027222e-05
310 6.681670499e-05
311 6.649572837e-05
312 6.617731341e-05
313 6.586143158e-05
314 6.554805475e-05
315 6.523715521e-05
316 6.492870563e-05
317 6.462267905e-05
318 6.431904892e-05
319 6.401778904e-05
320 6.37188736e-05
321 6.342227712e-05
322 6.312797451e-05
323 6.283594099e-05
324 6.254615216e-05
325 6.225858392e-05
326 6.197321254e-05
327 6.169001459e-05
328 6.140896696e-05
329 6.113004686e-05
330 6.085323181e-05
331 6.057849965e-05
332 6.030582849e-05
333 6.003519675e-05
334 5.976658315e-05
335 5.949996667e-05
336 5.923532658e-05
337 5.897264245e-05
338 5.871189408e-05
339 5.845306157e-05
340 5.819612527e-05
341 5.794106578e-05
342 5.768786397e-05
343 5.743650095e-05
344 5.718695807e-05
345 5.693921696e-05
346 5.669325943e-05
347 5.644906757e-05
348 5.620662368e-05
349 5.596591029e-05
350 5.572691016e-05
351 5.548960627e-05
352 5.525398182e-05
353 5.50200202e-05
354 5.478770503e-05
355 5.455702015e-05
356 5.432794957e-05
357 5.410047753e-05
358 5.387458846e-05
359 5.365026696e-05
360 5.342749787e-05
361 5.320626617e-05
362 5.298655705e-05
363 5.276835589e-05
364 5.255164823e-05
365 5.233641981e-05
366 5.212265652e-05
367 5.191034443e-05
368 5.16994698e-05
369 5.149001904e-05
370 5.128197871e-05
371 5.107533557e-05
372 5.087007651e-05
373 5.066618858e-05
374 5.046365899e-05
375 5.026247512e-05
376 5.006262447e-05
377 4.986409471e-05
378 4.966687365e-05
379 4.947094924e-05
380 4.927630958e-05
381 4.90829429e-05
382 4.889083759e-05
383 4.869998214e-05
384 4.851036521e-05
385 4.832197558e-05
386 4.813480214e-05
387 4.794883394e-05
388 4.776406014e-05
389 4.758047003e-05
390 4.739805302e-05
391 4.721679864e-05
392 4.703669654e-05
393 4.685773649e-05
394 4.667990839e-05
395 4.650320223e-05
396 4.632760813e-05
397 4.615311631e-05
398 4.597971711e-05
399 4.580740098e-05
400 4.563615847e-05
401 4.546598024e-05
402 4.529685705e-05
403 4.512877977e-05
404 4.496173936e-05
405 4.479572689e-05
406 4.463073352e-05
407 4.446675052e-05
408 4.430376925e-05
409 4.414178117e-05
410 4.398077781e-05
411 4.382075082e-05
412 4.366169193e-05
413 4.350359296e-05
414 4.334644582e-05
415 4.319024251e-05
416 4.30349751e-05
417 4.288063577e-05
418 4.272721677e-05
419 4.257471044e-05
420 4.242310919e-05
421 4.227240551e-05
422 4.212259199e-05
423 4.197366129e-05
424 4.182560613e-05
425 4.167841933e-05
426 4.153209378e-05
427 4.138662243e-05
428 4.124199832e-05
429 4.109821456e-05
430 4.095526433e-05
431 4.081314088e-05
432 4.067183753e-05
433 4.053134766e-05
434 4.039166475e-05
435 4.025278231e-05
436 4.011469394e-05
437 3.997739329e-05
438 3.98408741e-05
439 3.970513013e-05
440 3.957015526e-05
441 3.943594339e-05
442 3.930248849e-05
443 3.91697846e-05
444 3.903782582e-05
445 3.890660631e-05
446 3.877612028e-05
447 3.864636199e-05
448 3.851732579e-05
449 3.838900606e-05
450 3.826139724e-05
451 3.813449383e-05
452 3.800829039e-05
453 3.788278151e-05
454 3.775796187e-05
455 3.763382616e-05
456 3.751036917e-05
457 3.73875857e-05
458 3.726547062e-05
459 3.714401884e-05
460 3.702322535e-05
461 3.690308514e-05
462 3.678359329e-05
463 3.66647449e-05
464 3.654653514e-05
465 3.642895921e-05
466 3.631201237e-05
467 3.619568991e-05
468 3.607998717e-05
469 3.596489955e-05
470 3.585042247e-05
471 3.57365514e-05
472 3.562328188e-05
473 3.551060945e-05
474 3.539852973e-05
475 3.528703835e-05
476 3.5176131e-05
477 3.50658034e-05
478 3.495605133e-05
479 3.484687058e-05
480 3.473825701e-05
481 3.463020649e-05
482 3.452271495e-05
483 3.441577835e-05
484 3.430939268e-05
485 3.420355399e-05
486 3.409825833e-05
487 3.399350182e-05
488 3.38892806e-05
489 3.378559086e-05
490 3.368242879e-05
491 3.357979066e-05
492 3.347767274e-05
493 3.337607135e-05
494 3.327498283e-05
495 3.317440358e-05
496 3.307433001e-05
497 3.297475856e-05
498 3.287568572e-05
499 3.277710799e-05
500 3.267902192e-05
501 3.258142409e-05
502 3.248431109e-05
503 3.238767957e-05
504 3.229152618e-05
505 3.219584762e-05
506 3.210064062e-05
507 3.200590192e-05
508 3.191162832e-05
509 3.181781661e-05
510 3.172446364e-05
511 3.163156627e-05
512 3.15391214e-05
513 3.144712594e-05
514 3.135557685e-05
515 3.126447109e-05
516 3.117380568e-05
517 3.108357762e-05
518 3.099378398e-05
519 3.090442183e-05
520 3.081548827e-05
521 3.072698044e-05
522 3.063889549e-05
523 3.055123058e-05
524 3.046398293e-05
525 3.037714976e-05
526 3.029072831e-05
527 3.020471587e-05
528 3.011910971e-05
529 3.003390717e-05
530 2.994910558e-05
531 2.986470231e-05
532 2.978069474e-05
533 2.969708028e-05
534 2.961385636e-05
535 2.953102042e-05
536 2.944856995e-05
537 2.936650244e-05
538 2.92848154e-05
539 2.920350636e-05
540 2.912257288e-05
541 2.904201255e-05
542 2.896182294e-05
543 2.888200168e-05
544 2.880254641e-05
545 2.872345478e-05
546 2.864472446e-05
547 2.856635315e-05
548 2.848833855e-05
549 2.841067841e-05
550 2.833337047e-05
551 2.82564125e-05
552 2.817980228e-05
553 2.810353761e-05
554 2.802761633e-05
555 2.795203627e-05
556 2.787679528e-05
557 2.780189124e-05
558 2.772732205e-05
559 2.76530856e-05
560 2.757917983e-05
561 2.750560267e-05
562 2.743235209e-05
563 2.735942605e-05
564 2.728682256e-05
565 2.721453961e-05
566 2.714257523e-05
567 2.707092745e-05
568 2.699959433e-05
569 2.692857394e-05
570 2.685786436e-05
571 2.678746369e-05
572 2.671737004e-05
573 2.664758155e-05
574 2.657809635e-05
575 2.650891261e-05
576 2.644002849e-05
577 2.637144219e-05
578 2.630315189e-05
579 2.623515583e-05
580 2.616745222e-05
581 2.610003932e-05
582 2.603291536e-05
583 2.596607863e-05
584 2.58995274e-05
585 2.583325997e-05
586 2.576727465e-05
587 2.570156977e-05
588 2.563614364e-05
589 2.557099463e-05
590 2.550612109e-05
591 2.544152139e-05
592 2.537719393e-05
593 2.531313708e-05
594 2.524934927e-05
595 2.518582891e-05
596 2.512257444e-05
597 2.50595843e-05
598 2.499685695e-05
599 2.493439086e-05
600 2.487218449e-05
601 2.481023636e-05
602 2.474854494e-05
603 2.468710877e-05
604 2.462592636e-05
605 2.456499625e-05
606 2.450431699e-05
607 2.444388712e-05
608 2.438370523e-05
609 2.432376988e-05
610 2.426407966e-05
611 2.420463318e-05
612 2.414542904e-05
613 2.408646586e-05
614 2.402774227e-05
615 2.396925691e-05
616 2.391100842e-05
617 2.385299548e-05
618 2.379521674e-05
619 2.373767089e-05
620 2.368035661e-05
621 2.36232726e-05
622 2.356641756e-05
623 2.350979022e-05
624 2.34533893e-05
625 2.339721354e-05
626 2.334126166e-05
627 2.328553244e-05
628 2.323002463e-05
629 2.317473701e-05
630 2.311966834e-05
631 2.306481742e-05
632 2.301018305e-05
633 2.295576402e-05
634 2.290155916e-05
635 2.284756729e-05
636 2.279378723e-05
637 2.274021783e-05
638 2.268685792e-05
639 2.263370638e-05
640 2.258076205e-05
641 2.252802381e-05
642 2.247549053e-05
643 2.242316112e-05
644 2.237103445e-05
645 2.231910943e-05
646 2.226738497e-05
647 2.221585999e-05
648 2.216453341e-05
649 2.211340416e-05
650 2.206247119e-05
651 2.201173344e-05
652 2.196118986e-05
653 2.191083942e-05
654 2.186068108e-05
655 2.181071382e-05
656 2.176093663e-05
657 2.171134848e-05
658 2.166194838e-05
659 2.161273533e-05
660 2.156370835e-05
661 2.151486644e-05
662 2.146620863e-05
663 2.141773395e-05
664 2.136944144e-05
665 2.132133014e-05
666 2.127339909e-05
667 2.122564737e-05
668 2.117807402e-05
669 2.113067812e-05
670 2.108345873e-05
671 2.103641495e-05
672 2.098954586e-05
673 2.094285056e-05
674 2.089632813e-05
675 2.084997769e-05
676 2.080379835e-05
677 2.075778922e-05
678 2.071194943e-05
679 2.066627811e-05
680 2.062077439e-05
681 2.057543741e-05
682 2.053026631e-05
683 2.048526026e-05
684 2.04404184e-05
685 2.03957399e-05
686 2.035122393e-05
687 2.030686965e-05
688 2.026267626e-05
689 2.021864293e-05
690 2.017476885e-05
691 2.013105321e-05
692 2.008749523e-05
693 2.004409409e-05
694 2.000084903e-05
695 1.995775923e-05
696 1.991482394e-05
697 1.987204237e-05
698 1.982941376e-05
699 1.978693734e-05
700 1.974461235e-05
701 1.970243804e-05
702 1.966041365e-05
703 1.961853844e-05
704 1.957681167e-05
705 1.953523261e-05
706 1.949380053e-05
707 1.945251469e-05
708 1.941137438e-05
709 1.937037888e-05
710 1.932952747e-05
711 1.928881945e-05
712 1.924825412e-05
713 1.920783077e-05
714 1.916754872e-05
715 1.912740726e-05
716 1.908740572e-05
717 1.904754342e-05
718 1.900781966e-05
719 1.896823379e-05
720 1.892878513e-05
721 1.888947302e-05
722 1.88502968e-05
723 1.88112558e-05
724 1.877234939e-05
725 1.87335769e-05
726 1.86949377e-05
727 1.865643114e-05
728 1.861805659e-05
729 1.857981341e-05
730 1.854170098e-05
731 1.850371867e-05
732 1.846586586e-05
733 1.842814194e-05
734 1.839054628e-05
735 1.835307828e-05
736 1.831573734e-05
737 1.827852284e-05
738 1.82414342e-05
739 1.820447081e-05
740 1.816763209e-05
741 1.813091745e-05
742 1.80943263e-05
743 1.805785807e-05
744 1.802151217e-05
745 1.798528803e-05
746 1.794918508e-05
747 1.791320276e-05
748 1.78773405e-05
749 1.784159774e-05
750 1.780597392e-05
751 1.77704685e-05
752 1.773508091e-05
753 1.769981062e-05
754 1.766465708e-05
755 1.762961975e-05
756 1.75946981e-05
757 1.755989158e-05
758 1.752519967e-05
759 1.749062184e-05
760 1.745615757e-05
761 1.742180633e-05
762 1.73875676e-05
763 1.735344088e-05
764 1.731942565e-05
765 1.72855214e-05
766 1.725172762e-05
767 1.721804381e-05
768 1.718446947e-05
769 1.71510041e-05
770 1.711764721e-05
771 1.708439831e-05
772 1.70512569e-05
773 1.70182225e-05
774 1.698529463e-05
775 1.695247282e-05
776 1.691975657e-05
777 1.688714541e-05
778 1.685463888e-05
779 1.682223651e-05
780 1.678993782e-05
781 1.675774235e-05
782 1.672564965e-05
783 1.669365925e-05
784 1.66617707e-05
785 1.662998354e-05
786 1.659829733e-05
787 1.656671161e-05
788 1.653522594e-05
789 1.650383988e-05
790 1.647255299e-05
791 1.644136482e-05
792 1.641027495e-05
793 1.637928293e-05
794 1.634838834e-05
795 1.631759076e-05
796 1.628688975e-05
797 1.625628488e-05
798 1.622577575e-05
799 1.619536193e-05
800 1.616504301e-05
801 1.613481856e-05
802 1.610468819e-05
803 1.607465147e-05
804 1.604470801e-05
805 1.601485739e-05
806 1.598509922e-05
807 1.59554331e-05
808 1.592585862e-05
809 1.58963754e-05
810 1.586698303e-05
811 1.583768112e-05
812 1.58084693e-05
813 1.577934716e-05
814 1.575031433e-05
815 1.572137042e-05
816 1.569251505e-05
817 1.566374784e-05
818 1.563506841e-05
819 1.56064764e-05
820 1.557797142e-05
821 1.554955312e-05
822 1.552122111e-05
823 1.549297503e-05
824 1.546481452e-05
825 1.543673922e-05
826 1.540874876e-05
827 1.538084279e-05
828 1.535302095e-05
829 1.532528289e-05
830 1.529762825e-05
831 1.527005668e-05
832 1.524256783e-05
833 1.521516136e-05
834 1.518783692e-05
835 1.516059417e-05
836 1.513343276e-05
837 1.510635236e-05
838 1.507935263e-05
839 1.505243323e-05
840 1.502559383e-05
841 1.499883409e-05
842 1.497215369e-05
843 1.49455523e-05
844 1.491902958e-05
845 1.489258522e-05
846 1.486621889e-05
847 1.483993026e-05
848 1.481371903e-05
849 1.478758486e-05
850 1.476152745e-05
851 1.473554647e-05
852 1.470964162e-05
853 1.468381257e-05
854 1.465805903e-05
855 1.463238068e-05
856 1.460677722e-05
857 1.458124834e-05
858 1.455579374e-05
859 1.453041311e-05
860 1.450510615e-05
861 1.447987257e-05
862 1.445471206e-05
863 1.442962434e-05
864 1.44046091e-05
865 1.437966606e-05
866 1.435479492e-05
867 1.432999539e-05
868 1.430526719e-05
869 1.428061002e-05
870 1.425602361e-05
871 1.423150767e-05
872 1.420706191e-05
873 1.418268606e-05
874 1.415837983e-05
875 1.413414295e-05
876 1.410997514e-05
877 1.408587612e-05
878 1.406184563e-05
879 1.403788338e-05
880 1.401398912e-05
881 1.399016256e-05
882 1.396640344e-05
883 1.39427115e-05
884 1.391908646e-05
885 1.389552806e-05
886 1.387203605e-05
887 1.384861015e-05
888 1.382525012e-05
889 1.380195568e-05
890 1.377872659e-05
891 1.375556258e-05
892 1.37324634e-05
893 1.37094288e-05
894 1.368645852e-05
895 1.366355232e-05
896 1.364070994e-05
897 1.361793113e-05
898 1.359521565e-05
899 1.357256325e-05
900 1.354997369e-05
901 1.352744672e-05
902 1.35049821e-05
903 1.348257959e-05
904 1.346023895e-05
905 1.343795994e-05
906 1.341574232e-05
907 1.339358585e-05
908 1.33714903e-05
909 1.334945544e-05
910 1.332748103e-05
911 1.330556684e-05
912 1.328371264e-05
913 1.32619182e-05
914 1.324018329e-05
915 1.321850769e-05
916 1.319689116e-05
917 1.317533349e-05
918 1.315383444e-05
919 1.31323938e-05
920 1.311101135e-05
921 1.308968685e-05
922 1.30684201e-05
923 1.304721087e-05
924 1.302605895e-05
925 1.300496412e-05
926 1.298392617e-05
927 1.296294487e-05
928 1.294202003e-05
929 1.292115141e-05
930 1.290033882e-05
931 1.287958204e-05
932 1.285888087e-05
933 1.283823509e-05
934 1.28176445e-05
935 1.279710889e-05
936 1.277662806e-05
937 1.27562018e-05
938 1.27358299e-05
939 1.271551218e-05
940 1.269524841e-05
941 1.267503842e-05
942 1.265488198e-05
943 1.263477892e-05
944 1.261472902e-05
945 1.259473209e-05
946 1.257478794e-05
947 1.255489637e-05
948 1.253505719e-05
949 1.251527021e-05
950 1.249553522e-05
951 1.247585205e-05
952 1.24562205e-05
953 1.243664038e-05
954 1.241711151e-05
955 1.239763369e-05
956 1.237820674e-05
957 1.235883047e-05
958 1.23395047e-05
959 1.232022925e-05
960 1.230100392e-05
961 1.228182855e-05
962 1.226270294e-05
963 1.224362692e-05
964 1.222460031e-05
965 1.220562292e-05
966 1.218669459e-05
967 1.216781513e-05
968 1.214898436e-05
969 1.213020211e-05
970 1.211146821e-05
971 1.209278248e-05
972 1.207414475e-05
973 1.205555485e-05
974 1.20370126e-05
975 1.201851783e-05
976 1.200007037e-05
977 1.198167006e-05
978 1.196331673e-05
979 1.19450102e-05
980 1.192675031e-05
981 1.19085369e-05
982 1.18903698e-05
983 1.187224884e-05
984 1.185417387e-05
985 1.183614471e-05
986 1.18181612e-05
987 1.180022319e-05
988 1.178233051e-05
989 1.1764483e-05
990 1.174668051e-05
991 1.172892287e-05
992 1.171120992e-05
993 1.169354152e-05
994 1.167591749e-05
995 1.165833769e-05
996 1.164080197e-05
997 1.162331015e-05
998 1.16058621e-05
999 1.158845766e-05
1000 1.157109668e-05
1001 1.1553779e-05
1002 1.153650448e-05
1003 1.151927296e-05
1004 1.150208429e-05
1005 1.148493833e-05
1006 1.146783492e-05
1007 1.145077392e-05
1008 1.143375519e-05
1009 1.141677857e-05
1010 1.139984392e-05
1011 1.138295109e-05
1012 1.136609994e-05
1013 1.134929033e-05
1014 1.133252211e-05
1015 1.131579514e-05
1016 1.129910928e-05
1017 1.128246439e-05
1018 1.126586032e-05
1019 1.124929694e-05
1020 1.123277411e-05
1021 1.121629169e-05
1022 1.119984953e-05
1023 1.118344751e-05
1024 1.116708548e-05
1025 1.115076331e-05
1026 1.113448086e-05
1027 1.1118238e-05
1028 1.11020346e-05
1029 1.108587051e-05
1030 1.106974561e-05
1031 1.105365976e-05
1032 1.103761283e-05
1033 1.102160469e-05
1034 1.100563521e-05
1035 1.098970426e-05
1036 1.09738117e-05
1037 1.095795741e-05
1038 1.094214126e-05
1039 1.092636312e-05
1040 1.091062286e-05
1041 1.089492036e-05
1042 1.087925549e-05
1043 1.086362812e-05
1044 1.084803812e-05
1045 1.083248538e-05
1046 1.081696977e-05
1047 1.080149116e-05
1048 1.078604943e-05
1049 1.077064446e-05
1050 1.075527612e-05
1051 1.073994429e-05
1052 1.072464886e-05
1053 1.07093897e-05
1054 1.069416669e-05
1055 1.067897971e-05
1056 1.066382864e-05
1057 1.064871336e-05
1058 1.063363376e-05
1059 1.061858971e-05
1060 1.060358111e-05
1061 1.058860782e-05
1062 1.057366975e-05
1063 1.055876676e-05
1064 1.054389875e-05
1065 1.05290656e-05
1066 1.051426719e-05
1067 1.049950342e-05
1068 1.048477417e-05
1069 1.047007932e-05
1070 1.045541877e-05
1071 1.04407924e-05
1072 1.04262001e-05
1073 1.041164176e-05
1074 1.039711726e-05
1075 1.038262651e-05
1076 1.036816938e-05
1077 1.035374578e-05
1078 1.033935558e-05
1079 1.032499869e-05
1080 1.031067499e-05
1081 1.029638439e-05
1082 1.028212676e-05
1083 1.026790201e-05
1084 1.025371002e-05
1085 1.02395507e-05
1086 1.022542393e-05
1087 1.021132962e-05
1088 1.019726766e-05
1089 1.018323794e-05
1090 1.016924036e-05
1091 1.015527483e-05
1092 1.014134122e-05
1093 1.012743945e-05
1094 1.011356942e-05
1095 1.009973101e-05
1096 1.008592414e-05
1097 1.007214869e-05
1098 1.005840457e-05
1099 1.004469168e-05
1100 1.003100992e-05
1101 1.00173592e-05
1102 1.00037394e-05
1103 9.990150444e-06
1104 9.976592222e-06
1105 9.963064641e-06
1106 9.949567602e-06
1107 9.936101011e-06
1108 9.92266477e-06
1109 9.909258784e-06
1110 9.895882958e-06
1111 9.882537196e-06
1112 9.869221405e-06
1113 9.85593549e-06
1114 9.842679357e-06
1115 9.829452914e-06
1116 9.816256066e-06
1117 9.803088721e-06
1118 9.789950788e-06
1119 9.776842174e-06
1120 9.763762788e-06
1121 9.750712538e-06
1122 9.737691334e-06
1123 9.724699085e-06
1124 9.711735701e-06
1125 9.698801093e-06
1126 9.685895171e-06
1127 9.673017846e-06
1128 9.66016903e-06
1129 9.647348634e-06
1130 9.634556571e-06
1131 9.621792752e-06
1132 9.609057091e-06
1133 9.596349501e-06
1134 9.583669894e-06
1135 9.571018186e-06
1136 9.55839429e-06
1137 9.54579812e-06
1138 9.533229591e-06
1139 9.52068862e-06
1140 9.50817512e-06
1141 9.495689007e-06
1142 9.483230199e-06
1143 9.470798612e-06
1144 9.458394161e-06
1145 9.446016765e-06
1146 9.433666341e-06
1147 9.421342807e-06
1148 9.40904608e-06
1149 9.39677608e-06
1150 9.384532724e-06
1151 9.372315933e-06
1152 9.360125625e-06
1153 9.34796172e-06
1154 9.335824138e-06
1155 9.323712799e-06
1156 9.311627625e-06
1157 9.299568536e-06
1158 9.287535452e-06
1159 9.275528297e-06
1160 9.263546991e-06
1161 9.251591457e-06
1162 9.239661617e-06
1163 9.227757394e-06
1164 9.215878712e-06
1165 9.204025492e-06
1166 9.19219766e-06
1167 9.180395139e-06
1168 9.168617853e-06
1169 9.156865727e-06
1170 9.145138685e-06
1171 9.133436653e-06
1172 9.121759556e-06
1173 9.11010732e-06
1174 9.098479871e-06
1175 9.086877134e-06
1176 9.075299037e-06
1177 9.063745506e-06
1178 9.052216469e-06
1179 9.040711853e-06
1180 9.029231584e-06
1181 9.017775593e-06
1182 9.006343805e-06
1183 8.994936151e-06
1184 8.983552558e-06
1185 8.972192956e-06
1186 8.960857274e-06
1187 8.949545442e-06
1188 8.938257389e-06
1189 8.926993045e-06
1190 8.915752341e-06
1191 8.904535207e-06
1192 8.893341575e-06
1193 8.882171375e-06
1194 8.871024539e-06
1195 8.859900998e-06
1196 8.848800684e-06
1197 8.83772353e-06
1198 8.826669467e-06
1199 8.81563843e-06
1200 8.804630349e-06
1201 8.793645159e-06
1202 8.782682793e-06
1203 8.771743185e-06
1204 8.760826268e-06
1205 8.749931977e-06
1206 8.739060247e-06
1207 8.728211011e-06
1208 8.717384204e-06
1209 8.706579763e-06
1210 8.695797621e-06
1211 8.685037716e-06
1212 8.674299982e-06
1213 8.663584356e-06
1214 8.652890774e-06
1215 8.642219172e-06
1216 8.631569488e-06
1217 8.620941659e-06
1218 8.610335621e-06
1219 8.599751312e-06
1220 8.589188671e-06
1221 8.578647634e-06
1222 8.56812814e-06
1223 8.557630128e-06
1224 8.547153536e-06
1225 8.536698303e-06
1226 8.526264368e-06
1227 8.515851671e-06
1228 8.50546015e-06
1229 8.495089747e-06
1230 8.484740399e-06
1231 8.474412049e-06
1232 8.464104636e-06
1233 8.453818101e-06
1234 8.443552384e-06
1235 8.433307428e-06
1236 8.423083172e-06
1237 8.412879559e-06
1238 8.40269653e-06
1239 8.392534027e-06
1240 8.382391993e-06
1241 8.372270369e-06
1242 8.362169099e-06
1243 8.352088124e-06
1244 8.342027388e-06
1245 8.331986834e-06
1246 8.321966406e-06
1247 8.311966046e-06
1248 8.301985699e-06
1249 8.292025309e-06
1250 8.28208482e-06
1251 8.272164176e-06
1252 8.262263322e-06
1253 8.252382202e-06
1254 8.242520762e-06
1255 8.232678947e-06
1256 8.222856702e-06
1257 8.213053973e-06
1258 8.203270705e-06
1259 8.193506844e-06
1260 8.183762337e-06
1261 8.17403713e-06
1262 8.164331169e-06
1263 8.154644402e-06
1264 8.144976774e-06
1265 8.135328234e-06
1266 8.125698728e-06
1267 8.116088203e-06
1268 8.106496609e-06
1269 8.096923892e-06
1270 8.08737e-06
1271 8.077834881e-06
1272 8.068318485e-06
1273 8.058820759e-06
1274 8.049341653e-06
1275 8.039881115e-06
1276 8.030439094e-06
1277 8.02101554e-06
1278 8.011610403e-06
1279 8.002223631e-06
1280 7.992855174e-06
1281 7.983504984e-06
1282 7.974173009e-06
1283 7.9648592e-06
1284 7.955563508e-06
1285 7.946285884e-06
1286 7.937026277e-06
1287 7.927784641e-06
1288 7.918560924e-06
1289 7.90935508e-06
1290 7.900167059e-06
1291 7.890996814e-06
1292 7.881844295e-06
1293 7.872709456e-06
1294 7.863592248e-06
1295 7.854492624e-06
1296 7.845410536e-06
1297 7.836345938e-06
1298 7.827298781e-06
1299 7.81826902e-06
1300 7.809256606e-06
1301 7.800261495e-06
1302 7.791283638e-06
1303 7.782322991e-06
1304 7.773379506e-06
1305 7.764453137e-06
1306 7.75554384e-06
1307 7.746651568e-06
1308 7.737776275e-06
1309 7.728917917e-06
1310 7.720076448e-06
1311 7.711251823e-06
1312 7.702443998e-06
1313 7.693652927e-06
1314 7.684878565e-06
1315 7.676120869e-06
1316 7.667379795e-06
1317 7.658655297e-06
1318 7.649947333e-06
1319 7.641255857e-06
1320 7.632580827e-06
1321 7.6239222e-06
1322 7.615279931e-06
1323 7.606653977e-06
1324 7.598044295e-06
1325 7.589450843e-06
1326 7.580873578e-06
1327 7.572312456e-06
1328 7.563767436e-06
1329 7.555238475e-06
1330 7.546725531e-06
1331 7.538228561e-06
1332 7.529747525e-06
1333 7.521282379e-06
1334 7.512833083e-06
1335 7.504399594e-06
1336 7.495981872e-06
1337 7.487579875e-06
1338 7.479193563e-06
1339 7.470822893e-06
1340 7.462467826e-06
1341 7.454128321e-06
1342 7.445804337e-06
1343 7.437495833e-06
1344 7.42920277e-06
1345 7.420925107e-06
1346 7.412662805e-06
1347 7.404415823e-06
1348 7.396184121e-06
1349 7.387967661e-06
1350 7.379766402e-06
1351 7.371580306e-06
1352 7.363409332e-06
1353 7.355253443e-06
1354 7.347112598e-06
1355 7.33898676e-06
1356 7.330875889e-06
1357 7.322779947e-06
1358 7.314698896e-06
1359 7.306632696e-06
1360 7.298581311e-06
1361 7.290544701e-06
1362 7.28252283e-06
1363 7.274515658e-06
1364 7.266523149e-06
1365 7.258545265e-06
1366 7.250581969e-06
1367 7.242633222e-06
1368 7.234698989e-06
1369 7.226779231e-06
1370 7.218873912e-06
1371 7.210982996e-06
1372 7.203106445e-06
1373 7.195244222e-06
1374 7.187396292e-06
1375 7.179562618e-06
1376 7.171743164e-06
1377 7.163937893e-06
1378 7.15614677e-06
1379 7.148369759e-06
1380 7.140606824e-06
1381 7.13285793e-06
1382 7.12512304e-06
1383 7.11740212e-06
1384 7.109695133e-06
1385 7.102002046e-06
1386 7.094322823e-06
1387 7.086657429e-06
1388 7.079005828e-06
1389 7.071367988e-06
1390 7.063743872e-06
1391 7.056133446e-06
1392 7.048536676e-06
1393 7.040953528e-06
1394 7.033383967e-06
1395 7.025827959e-06
1396 7.018285471e-06
1397 7.010756469e-06
1398 7.003240918e-06
1399 6.995738786e-06
1400 6.988250038e-06
1401 6.980774642e-06
1402 6.973312564e-06
1403 6.96586377e-06
1404 6.958428228e-06
1405 6.951005905e-06
1406 6.943596768e-06
1407 6.936200784e-06
1408 6.92881792e-06
1409 6.921448145e-06
1410 6.914091424e-06
1411 6.906747727e-06
1412 6.89941702e-06
1413 6.892099272e-06
1414 6.884794451e-06
1415 6.877502524e-06
1416 6.870223461e-06
1417 6.862957228e-06
1418 6.855703794e-06
1419 6.848463129e-06
1420 6.8412352e-06
1421 6.834019976e-06
1422 6.826817426e-06
1423 6.819627518e-06
1424 6.812450223e-06
1425 6.805285508e-06
1426 6.798133342e-06
1427 6.790993696e-06
1428 6.783866539e-06
1429 6.776751839e-06
1430 6.769649567e-06
1431 6.762559691e-06
1432 6.755482183e-06
1433 6.748417011e-06
1434 6.741364146e-06
1435 6.734323557e-06
1436 6.727295215e-06
1437 6.720279089e-06
1438 6.713275151e-06
1439 6.70628337e-06
1440 6.699303718e-06
1441 6.692336163e-06
1442 6.685380678e-06
1443 6.678437233e-06
1444 6.671505799e-06
1445 6.664586347e-06
1446 6.657678847e-06
1447 6.650783271e-06
1448 6.64389959e-06
1449 6.637027776e-06
1450 6.630167799e-06
1451 6.623319632e-06
1452 6.616483245e-06
1453 6.609658611e-06
1454 6.6028457e-06
1455 6.596044486e-06
1456 6.58925494e-06
1457 6.582477034e-06
1458 6.575710739e-06
1459 6.568956029e-06
1460 6.562212875e-06
1461 6.55548125e-06
1462 6.548761126e-06
1463 6.542052476e-06
1464 6.535355272e-06
1465 6.528669487e-06
1466 6.521995093e-06
1467 6.515332064e-06
1468 6.508680373e-06
1469 6.502039992e-06
1470 6.495410895e-06
1471 6.488793054e-06
1472 6.482186443e-06
1473 6.475591036e-06
1474 6.469006806e-06
1475 6.462433725e-06
1476 6.455871769e-06
1477 6.44932091e-06
1478 6.442781122e-06
1479 6.43625238e-06
1480 6.429734656e-06
1481 6.423227925e-06
1482 6.416732162e-06
1483 6.410247339e-06
1484 6.403773432e-06
1485 6.397310415e-06
1486 6.390858261e-06
1487 6.384416946e-06
1488 6.377986444e-06
1489 6.37156673e-06
1490 6.365157778e-06
1491 6.358759563e-06
1492 6.35237206e-06
1493 6.345995244e-06
1494 6.33962909e-06
1495 6.333273572e-06
1496 6.326928666e-06
1497 6.320594348e-06
1498 6.314270592e-06
1499 6.307957374e-06
1500 6.301654669e-06
1501 6.295362453e-06
1502 6.289080701e-06
1503 6.28280939e-06
1504 6.276548494e-06
1505 6.270297989e-06
1506 6.264057852e-06
1507 6.257828059e-06
1508 6.251608584e-06
1509 6.245399405e-06
1510 6.239200498e-06
1511 6.233011838e-06
1512 6.226833403e-06
1513 6.220665168e-06
1514 6.21450711e-06
1515 6.208359206e-06
1516 6.202221431e-06
1517 6.196093763e-06
1518 6.189976179e-06
1519 6.183868655e-06
1520 6.177771167e-06
1521 6.171683694e-06
1522 6.165606211e-06
1523 6.159538697e-06
1524 6.153481128e-06
1525 6.147433481e-06
1526 6.141395733e-06
1527 6.135367863e-06
1528 6.129349846e-06
1529 6.123341662e-06
1530 6.117343287e-06
1531 6.111354698e-06
1532 6.105375874e-06
1533 6.099406793e-06
1534 6.093447431e-06
1535 6.087497768e-06
1536 6.08155778e-06
1537 6.075627446e-06
1538 6.069706744e-06
1539 6.063795652e-06
1540 6.057894147e-06
1541 6.05200221e-06
1542 6.046119817e-06
1543 6.040246947e-06
1544 6.034383579e-06
1545 6.02852969e-06
1546 6.02268526e-06
1547 6.016850268e-06
1548 6.011024691e-06
1549 6.005208508e-06
1550 5.999401699e-06
1551 5.993604243e-06
1552 5.987816117e-06
1553 5.982037302e-06
1554 5.976267776e-06
1555 5.970507518e-06
1556 5.964756507e-06
1557 5.959014724e-06
1558 5.953282146e-06
1559 5.947558754e-06
1560 5.941844526e-06
1561 5.936139443e-06
1562 5.930443483e-06
1563 5.924756627e-06
1564 5.919078854e-06
1565 5.913410143e-06
1566 5.907750475e-06
1567 5.902099829e-06
1568 5.896458186e-06
1569 5.890825524e-06
1570 5.885201825e-06
1571 5.879587067e-06
1572 5.873981232e-06
1573 5.868384299e-06
1574 5.862796249e-06
1575 5.857217062e-06
1576 5.851646718e-06
1577 5.846085197e-06
1578 5.840532481e-06
1579 5.834988549e-06
1580 5.829453382e-06
1581 5.823926961e-06
1582 5.818409266e-06
1583 5.812900279e-06
1584 5.807399979e-06
1585 5.801908348e-06
1586 5.796425367e-06
1587 5.790951016e-06
1588 5.785485277e-06
1589 5.78002813e-06
1590 5.774579557e-06
1591 5.769139539e-06
1592 5.763708056e-06
1593 5.758285092e-06
1594 5.752870625e-06
1595 5.747464639e-06
1596 5.742067114e-06
1597 5.736678032e-06
1598 5.731297375e-06
1599 5.725925123e-06
1600 5.720561259e-06
1601 5.715205764e-06
1602 5.70985862e-06
1603 5.704519809e-06
1604 5.699189313e-06
1605 5.693867113e-06
1606 5.688553191e-06
1607 5.68324753e-06
1608 5.677950112e-06
1609 5.672660918e-06
1610 5.66737993e-06
1611 5.662107132e-06
1612 5.656842504e-06
1613 5.65158603e-06
1614 5.646337691e-06
1615 5.641097471e-06
1616 5.635865351e-06
1617 5.630641314e-06
1618 5.625425343e-06
1619 5.62021742e-06
1620 5.615017527e-06
1621 5.609825648e-06
1622 5.604641765e-06
1623 5.599465861e-06
1624 5.594297918e-06
1625 5.58913792e-06
1626 5.58398585e-06
1627 5.57884169e-06
1628 5.573705423e-06
1629 5.568577033e-06
1630 5.563456503e-06
1631 5.558343815e-06
1632 5.553238954e-06
1633 5.548141901e-06
1634 5.543052641e-06
1635 5.537971157e-06
1636 5.532897432e-06
1637 5.527831449e-06
1638 5.522773193e-06
1639 5.517722646e-06
1640 5.512679792e-06
1641 5.507644615e-06
1642 5.502617099e-06
1643 5.497597226e-06
1644 5.492584982e-06
1645 5.487580349e-06
1646 5.482583311e-06
1647 5.477593853e-06
1648 5.472611958e-06
1649 5.46763761e-06
1650 5.462670793e-06
1651 5.457711491e-06
1652 5.452759689e-06
1653 5.447815371e-06
1654 5.442878519e-06
1655 5.43794912e-06
1656 5.433027157e-06
1657 5.428112614e-06
1658 5.423205477e-06
1659 5.418305728e-06
1660 5.413413353e-06
1661 5.408528335e-06
1662 5.403650661e-06
1663 5.398780313e-06
1664 5.393917278e-06
1665 5.389061538e-06
1666 5.38421308e-06
1667 5.379371888e-06
1668 5.374537946e-06
1669 5.369711239e-06
1670 5.364891753e-06
1671 5.360079472e-06
1672 5.35527438e-06
1673 5.350476464e-06
1674 5.345685708e-06
1675 5.340902097e-06
1676 5.336125616e-06
1677 5.33135625e-06
1678 5.326593985e-06
1679 5.321838805e-06
1680 5.317090696e-06
1681 5.312349644e-06
1682 5.307615632e-06
1683 5.302888648e-06
1684 5.298168676e-06
1685 5.293455702e-06
1686 5.288749711e-06
1687 5.284050689e-06
1688 5.279358621e-06
1689 5.274673493e-06
1690 5.26999529e-06
1691 5.265323999e-06
1692 5.260659605e-06
1693 5.256002093e-06
1694 5.25135145e-06
1695 5.246707661e-06
1696 5.242070712e-06
1697 5.23744059e-06
1698 5.232817279e-06
1699 5.228200767e-06
1700 5.223591038e-06
1701 5.218988079e-06
1702 5.214391877e-06
1703 5.209802417e-06
1704 5.205219685e-06
1705 5.200643668e-06
1706 5.196074351e-06
1707 5.191511722e-06
1708 5.186955767e-06
1709 5.182406471e-06
1710 5.177863821e-06
1711 5.173327804e-06
1712 5.168798405e-06
1713 5.164275613e-06
1714 5.159759412e-06
1715 5.15524979e-06
1716 5.150746733e-06
1717 5.146250228e-06
1718 5.141760262e-06
1719 5.13727682e-06
1720 5.132799891e-06
1721 5.12832946e-06
1722 5.123865514e-06
1723 5.119408041e-06
1724 5.114957027e-06
1725 5.110512459e-06
1726 5.106074325e-06
1727 5.10164261e-06
1728 5.097217302e-06
1729 5.092798388e-06
1730 5.088385855e-06
1731 5.083979691e-06
1732 5.079579882e-06
1733 5.075186415e-06
1734 5.070799278e-06
1735 5.066418458e-06
1736 5.062043942e-06
1737 5.057675718e-06
1738 5.053313773e-06
1739 5.048958094e-06
1740 5.044608668e-06
1741 5.040265484e-06
1742 5.035928529e-06
1743 5.031597789e-06
1744 5.027273253e-06
1745 5.022954908e-06
1746 5.018642742e-06
1747 5.014336742e-06
1748 5.010036897e-06
1749 5.005743193e-06
1750 5.001455619e-06
1751 4.997174162e-06
1752 4.99289881e-06
1753 4.98862955e-06
1754 4.984366372e-06
1755 4.980109262e-06
1756 4.975858209e-06
1757 4.9716132e-06
1758 4.967374223e-06
1759 4.963141267e-06
1760 4.958914319e-06
1761 4.954693368e-06
1762 4.950478401e-06
1763 4.946269408e-06
1764 4.942066375e-06
1765 4.937869291e-06
1766 4.933678144e-06
1767 4.929492923e-06
1768 4.925313616e-06
1769 4.921140211e-06
1770 4.916972697e-06
1771 4.912811061e-06
1772 4.908655293e-06
1773 4.90450538e-06
1774 4.900361311e-06
1775 4.896223075e-06
1776 4.89209066e-06
1777 4.887964055e-06
1778 4.883843248e-06
1779 4.879728228e-06
1780 4.875618983e-06
1781 4.871515503e-06
1782 4.867417775e-06
1783 4.863325789e-06
1784 4.859239533e-06
1785 4.855158996e-06
1786 4.851084167e-06
1787 4.847015034e-06
1788 4.842951588e-06
1789 4.838893815e-06
1790 4.834841706e-06
1791 4.830795249e-06
1792 4.826754433e-06
1793 4.822719248e-06
1794 4.818689682e-06
1795 4.814665724e-06
1796 4.810647364e-06
1797 4.80663459e-06
1798 4.802627391e-06
1799 4.798625758e-06
1800 4.794629678e-06
1801 4.790639142e-06
1802 4.786654138e-06
1803 4.782674655e-06
1804 4.778700684e-06
1805 4.774732213e-06
1806 4.770769232e-06
1807 4.766811729e-06
1808 4.762859695e-06
1809 4.758913119e-06
1810 4.75497199e-06
1811 4.751036298e-06
1812 4.747106033e-06
1813 4.743181183e-06
1814 4.739261738e-06
1815 4.735347689e-06
1816 4.731439024e-06
1817 4.727535733e-06
1818 4.723637807e-06
1819 4.719745233e-06
1820 4.715858003e-06
1821 4.711976106e-06
1822 4.708099532e-06
1823 4.70422827e-06
1824 4.700362311e-06
1825 4.696501644e-06
1826 4.692646259e-06
1827 4.688796146e-06
1828 4.684951295e-06
1829 4.681111696e-06
1830 4.677277338e-06
1831 4.673448212e-06
1832 4.669624308e-06
1833 4.665805616e-06
1834 4.661992125e-06
1835 4.658183827e-06
1836 4.654380711e-06
1837 4.650582767e-06
1838 4.646789985e-06
1839 4.643002355e-06
1840 4.639219869e-06
1841 4.635442515e-06
1842 4.631670285e-06
1843 4.627903168e-06
1844 4.624141155e-06
1845 4.620384236e-06
1846 4.616632402e-06
1847 4.612885642e-06
1848 4.609143948e-06
1849 4.605407309e-06
1850 4.601675717e-06
1851 4.597949161e-06
1852 4.594227632e-06
1853 4.59051112e-06
1854 4.586799617e-06
1855 4.583093112e-06
1856 4.579391597e-06
1857 4.575695061e-06
1858 4.572003496e-06
1859 4.568316892e-06
1860 4.56463524e-06
1861 4.560958531e-06
1862 4.557286754e-06
1863 4.553619901e-06
1864 4.549957964e-06
1865 4.546300931e-06
1866 4.542648795e-06
1867 4.539001546e-06
1868 4.535359175e-06
1869 4.531721673e-06
1870 4.52808903e-06
1871 4.524461238e-06
1872 4.520838288e-06
1873 4.51722017e-06
1874 4.513606876e-06
1875 4.509998396e-06
1876 4.506394722e-06
1877 4.502795844e-06
1878 4.499201754e-06
1879 4.495612443e-06
1880 4.492027902e-06
1881 4.488448121e-06
1882 4.484873093e-06
1883 4.481302808e-06
1884 4.477737258e-06
1885 4.474176433e-06
1886 4.470620325e-06
1887 4.467068926e-06
1888 4.463522225e-06
1889 4.459980216e-06
1890 4.456442889e-06
1891 4.452910235e-06
1892 4.449382246e-06
1893 4.445858913e-06
1894 4.442340228e-06
1895 4.438826182e-06
1896 4.435316766e-06
1897 4.431811972e-06
1898 4.428311792e-06
1899 4.424816216e-06
1900 4.421325237e-06
1901 4.417838846e-06
1902 4.414357034e-06
1903 4.410879794e-06
1904 4.407407116e-06
1905 4.403938992e-06
1906 4.400475415e-06
1907 4.397016375e-06
1908 4.393561864e-06
1909 4.390111874e-06
1910 4.386666398e-06
1911 4.383225425e-06
1912 4.379788949e-06
1913 4.376356961e-06
1914 4.372929453e-06
1915 4.369506416e-06
1916 4.366087843e-06
1917 4.362673725e-06
1918 4.359264054e-06
1919 4.355858823e-06
1920 4.352458022e-06
1921 4.349061645e-06
1922 4.345669682e-06
1923 4.342282126e-06
1924 4.338898969e-06
1925 4.335520203e-06
1926 4.33214582e-06
1927 4.328775811e-06
1928 4.32541017e-06
1929 4.322048888e-06
1930 4.318691957e-06
1931 4.315339369e-06
1932 4.311991117e-06
1933 4.308647192e-06
1934 4.305307587e-06
1935 4.301972294e-06
1936 4.298641305e-06
1937 4.295314612e-06
1938 4.291992208e-06
1939 4.288674085e-06
1940 4.285360236e-06
1941 4.282050651e-06
1942 4.278745325e-06
1943 4.275444248e-06
1944 4.272147414e-06
1945 4.268854815e-06
1946 4.265566443e-06
1947 4.262282291e-06
1948 4.259002351e-06
1949 4.255726616e-06
1950 4.252455077e-06
1951 4.249187728e-06
1952 4.245924561e-06
1953 4.242665568e-06
1954 4.239410742e-06
1955 4.236160076e-06
1956 4.232913561e-06
1957 4.229671192e-06
1958 4.22643296e-06
1959 4.223198857e-06
1960 4.219968877e-06
1961 4.216743012e-06
1962 4.213521256e-06
1963 4.210303599e-06
1964 4.207090036e-06
1965 4.203880558e-06
1966 4.20067516e-06
1967 4.197473832e-06
1968 4.194276569e-06
1969 4.191083363e-06
1970 4.187894206e-06
1971 4.184709092e-06
1972 4.181528014e-06
1973 4.178350963e-06
1974 4.175177934e-06
1975 4.172008918e-06
1976 4.16884391e-06
1977 4.165682901e-06
1978 4.162525885e-06
1979 4.159372854e-06
1980 4.156223802e-06
1981 4.153078722e-06
1982 4.149937606e-06
1983 4.146800448e-06
1984 4.14366724e-06
1985 4.140537976e-06
1986 4.137412649e-06
1987 4.134291251e-06
1988 4.131173776e-06
1989 4.128060218e-06
1990 4.124950568e-06
1991 4.12184482e-06
1992 4.118742968e-06
1993 4.115645004e-06
1994 4.112550922e-06
1995 4.109460715e-06
1996 4.106374376e-06
1997 4.103291898e-06
1998 4.100213274e-06
1999 4.097138499e-06
2000 4.094067564e-06
2001 4.091000464e-06
2002 4.087937192e-06
2003 4.08487774e-06
2004 4.081822103e-06
2005 4.078770274e-06
2006 4.075722245e-06
2007 4.072678011e-06
2008 4.069637565e-06
2009 4.066600899e-06
2010 4.063568009e-06
2011 4.060538886e-06
2012 4.057513525e-06
2013 4.054491919e-06
2014 4.051474061e-06
2015 4.048459946e-06
2016 4.045449565e-06
2017 4.042442914e-06
2018 4.039439985e-06
2019 4.036440772e-06
2020 4.033445269e-06
2021 4.030453469e-06
2022 4.027465365e-06
2023 4.024480952e-06
2024 4.021500224e-06
2025 4.018523172e-06
2026 4.015549792e-06
2027 4.012580077e-06
2028 4.009614021e-06
2029 4.006651617e-06
2030 4.003692859e-06
2031 4.00073774e-06
2032 3.997786256e-06
2033 3.994838398e-06
2034 3.991894161e-06
2035 3.98895354e-06
2036 3.986016526e-06
2037 3.983083116e-06
2038 3.980153301e-06
2039 3.977227076e-06
2040 3.974304436e-06
2041 3.971385373e-06
2042 3.968469881e-06
2043 3.965557955e-06
2044 3.962649589e-06
2045 3.959744775e-06
2046 3.956843509e-06
2047 3.953945784e-06
2048 3.951051594e-06
2049 3.948160934e-06
2050 3.945273796e-06
2051 3.942390175e-06
2052 3.939510066e-06
2053 3.936633461e-06
2054 3.933760355e-06
2055 3.930890743e-06
2056 3.928024618e-06
2057 3.925161974e-06
2058 3.922302806e-06
2059 3.919447106e-06
2060 3.916594871e-06
2061 3.913746093e-06
2062 3.910900767e-06
2063 3.908058887e-06
2064 3.905220447e-06
2065 3.902385441e-06
2066 3.899553864e-06
2067 3.896725709e-06
2068 3.893900972e-06
2069 3.891079645e-06
2070 3.888261724e-06
2071 3.885447202e-06
2072 3.882636075e-06
2073 3.879828335e-06
2074 3.877023978e-06
2075 3.874222997e-06
2076 3.871425388e-06
2077 3.868631143e-06
2078 3.865840259e-06
2079 3.863052728e-06
2080 3.860268546e-06
2081 3.857487707e-06
2082 3.854710205e-06
2083 3.851936034e-06
2084 3.84916519e-06
2085 3.846397665e-06
2086 3.843633456e-06
2087 3.840872555e-06
2088 3.838114959e-06
2089 3.83536066e-06
2090 3.832609655e-06
2091 3.829861936e-06
2092 3.827117499e-06
2093 3.824376338e-06
2094 3.821638448e-06
2095 3.818903823e-06
2096 3.816172458e-06
2097 3.813444347e-06
2098 3.810719485e-06
2099 3.807997867e-06
2100 3.805279486e-06
2101 3.802564339e-06
2102 3.799852418e-06
2103 3.79714372e-06
2104 3.794438238e-06
2105 3.791735968e-06
2106 3.789036903e-06
2107 3.786341039e-06
2108 3.783648371e-06
2109 3.780958892e-06
2110 3.778272598e-06
2111 3.775589483e-06
2112 3.772909543e-06
2113 3.770232771e-06
2114 3.767559163e-06
2115 3.764888714e-06
2116 3.762221418e-06
2117 3.75955727e-06
2118 3.756896264e-06
2119 3.754238396e-06
2120 3.751583661e-06
2121 3.748932053e-06
2122 3.746283567e-06
2123 3.743638198e-06
2124 3.74099594e-06
2125 3.73835679e-06
2126 3.735720741e-06
2127 3.733087789e-06
2128 3.730457928e-06
2129 3.727831153e-06
2130 3.725207459e-06
2131 3.722586842e-06
2132 3.719969296e-06
2133 3.717354816e-06
2134 3.714743397e-06
2135 3.712135035e-06
2136 3.709529723e-06
2137 3.706927457e-06
2138 3.704328233e-06
2139 3.701732044e-06
2140 3.699138887e-06
2141 3.696548756e-06
2142 3.693961646e-06
2143 3.691377553e-06
2144 3.688796471e-06
2145 3.686218395e-06
2146 3.683643321e-06
2147 3.681071244e-06
2148 3.678502159e-06
2149 3.67593606e-06
2150 3.673372944e-06
2151 3.670812805e-06
2152 3.668255638e-06
2153 3.665701439e-06
2154 3.663150203e-06
2155 3.660601925e-06
2156 3.6580566e-06
2157 3.655514223e-06
2158 3.65297479e-06
2159 3.650438295e-06
2160 3.647904735e-06
2161 3.645374104e-06
2162 3.642846397e-06
2163 3.640321611e-06
2164 3.637799739e-06
2165 3.635280778e-06
2166 3.632764723e-06
2167 3.630251568e-06
2168 3.62774131e-06
2169 3.625233944e-06
2170 3.622729464e-06
2171 3.620227867e-06
2172 3.617729148e-06
2173 3.615233302e-06
2174 3.612740324e-06
2175 3.61025021e-06
2176 3.607762956e-06
2177 3.605278556e-06
2178 3.602797006e-06
2179 3.600318301e-06
2180 3.597842438e-06
2181 3.595369411e-06
2182 3.592899215e-06
2183 3.590431847e-06
2184 3.587967302e-06
2185 3.585505575e-06
2186 3.583046661e-06
2187 3.580590557e-06
2188 3.578137258e-06
2189 3.575686759e-06
2190 3.573239055e-06
2191 3.570794143e-06
2192 3.568352018e-06
2193 3.565912675e-06
2194 3.56347611e-06
2195 3.561042319e-06
2196 3.558611297e-06
2197 3.55618304e-06
2198 3.553757543e-06
2199 3.551334801e-06
2200 3.548914812e-06
2201 3.546497569e-06
2202 3.54408307e-06
2203 3.541671309e-06
2204 3.539262282e-06
2205 3.536855984e-06
2206 3.534452413e-06
2207 3.532051562e-06
2208 3.529653428e-06
2209 3.527258007e-06
2210 3.524865294e-06
2211 3.522475284e-06
2212 3.520087975e-06
2213 3.517703361e-06
2214 3.515321438e-06
2215 3.512942202e-06
2216 3.510565648e-06
2217 3.508191773e-06
2218 3.505820572e-06
2219 3.503452041e-06
2220 3.501086176e-06
2221 3.498722973e-06
2222 3.496362426e-06
2223 3.494004533e-06
2224 3.491649289e-06
2225 3.48929669e-06
2226 3.486946732e-06
2227 3.48459941e-06
2228 3.48225472e-06
2229 3.479912659e-06
2230 3.477573222e-06
2231 3.475236405e-06
2232 3.472902204e-06
2233 3.470570615e-06
2234 3.468241634e-06
2235 3.465915256e-06
2236 3.463591478e-06
2237 3.461270295e-06
2238 3.458951704e-06
2239 3.4566357e-06
2240 3.45432228e-06
2241 3.452011439e-06
2242 3.449703173e-06
2243 3.447397478e-06
2244 3.445094351e-06
2245 3.442793788e-06
2246 3.440495783e-06
2247 3.438200334e-06
2248 3.435907436e-06
2249 3.433617086e-06
2250 3.431329279e-06
2251 3.429044011e-06
2252 3.426761279e-06
2253 3.424481079e-06
2254 3.422203406e-06
2255 3.419928257e-06
2256 3.417655628e-06
2257 3.415385514e-06
2258 3.413117913e-06
2259 3.41085282e-06
2260 3.408590231e-06
2261 3.406330143e-06
2262 3.404072551e-06
2263 3.401817451e-06
2264 3.399564841e-06
2265 3.397314715e-06
2266 3.395067071e-06
2267 3.392821903e-06
2268 3.39057921e-06
2269 3.388338986e-06
2270 3.386101227e-06
2271 3.383865931e-06
2272 3.381633093e-06
2273 3.37940271e-06
2274 3.377174777e-06
2275 3.374949291e-06
2276 3.372726249e-06
2277 3.370505645e-06
2278 3.368287478e-06
2279 3.366071742e-06
2280 3.363858435e-06
2281 3.361647552e-06
2282 3.35943909e-06
2283 3.357233045e-06
2284 3.355029413e-06
2285 3.352828191e-06
2286 3.350629375e-06
2287 3.348432961e-06
2288 3.346238946e-06
2289 3.344047325e-06
2290 3.341858096e-06
2291 3.339671255e-06
2292 3.337486798e-06
2293 3.335304721e-06
2294 3.33312502e-06
2295 3.330947693e-06
2296 3.328772736e-06
2297 3.326600144e-06
2298 3.324429914e-06
2299 3.322262044e-06
2300 3.320096528e-06
2301 3.317933364e-06
2302 3.315772548e-06
2303 3.313614076e-06
2304 3.311457945e-06
2305 3.309304151e-06
2306 3.307152691e-06
2307 3.305003561e-06
2308 3.302856758e-06
2309 3.300712278e-06
2310 3.298570117e-06
2311 3.296430273e-06
2312 3.294292741e-06
2313 3.292157519e-06
2314 3.290024602e-06
2315 3.287893987e-06
2316 3.285765671e-06
2317 3.283639649e-06
2318 3.28151592e-06
2319 3.279394479e-06
2320 3.277275323e-06
2321 3.275158448e-06
2322 3.273043851e-06
2323 3.270931528e-06
2324 3.268821477e-06
2325 3.266713693e-06
2326 3.264608173e-06
2327 3.262504914e-06
2328 3.260403913e-06
2329 3.258305166e-06
2330 3.256208669e-06
2331 3.25411442e-06
2332 3.252022415e-06
2333 3.24993265e-06
2334 3.247845122e-06
2335 3.245759828e-06
2336 3.243676765e-06
2337 3.241595929e-06
2338 3.239517317e-06
2339 3.237440925e-06
2340 3.23536675e-06
2341 3.23329479e-06
2342 3.231225039e-06
2343 3.229157496e-06
2344 3.227092158e-06
2345 3.225029019e-06
2346 3.222968078e-06
2347 3.220909332e-06
2348 3.218852776e-06
2349 3.216798408e-06
2350 3.214746224e-06
2351 3.212696221e-06
2352 3.210648396e-06
2353 3.208602745e-06
2354 3.206559266e-06
2355 3.204517955e-06
2356 3.202478809e-06
2357 3.200441825e-06
2358 3.198406999e-06
2359 3.196374329e-06
2360 3.194343811e-06
2361 3.192315441e-06
2362 3.190289217e-06
2363 3.188265136e-06
2364 3.186243195e-06
2365 3.184223389e-06
2366 3.182205717e-06
2367 3.180190174e-06
2368 3.178176759e-06
2369 3.176165467e-06
2370 3.174156295e-06
2371 3.172149241e-06
2372 3.170144301e-06
2373 3.168141472e-06
2374 3.166140751e-06
2375 3.164142135e-06
2376 3.162145621e-06
2377 3.160151206e-06
2378 3.158158886e-06
2379 3.156168659e-06
2380 3.154180521e-06
2381 3.15219447e-06
2382 3.150210502e-06
2383 3.148228614e-06
2384 3.146248804e-06
2385 3.144271068e-06
2386 3.142295402e-06
2387 3.140321805e-06
2388 3.138350274e-06
2389 3.136380804e-06
2390 3.134413393e-06
2391 3.132448038e-06
2392 3.130484736e-06
2393 3.128523485e-06
2394 3.12656428e-06
2395 3.124607119e-06
2396 3.122651999e-06
2397 3.120698918e-06
2398 3.118747871e-06
2399 3.116798857e-06
2400 3.114851872e-06
2401 3.112906913e-06
2402 3.110963977e-06
2403 3.109023062e-06
2404 3.107084164e-06
2405 3.10514728e-06
2406 3.103212408e-06
2407 3.101279544e-06
2408 3.099348687e-06
2409 3.097419832e-06
2410 3.095492976e-06
2411 3.093568118e-06
2412 3.091645254e-06
2413 3.089724381e-06
2414 3.087805496e-06
2415 3.085888597e-06
2416 3.08397368e-06
2417 3.082060742e-06
2418 3.080149782e-06
2419 3.078240796e-06
2420 3.07633378e-06
2421 3.074428733e-06
2422 3.072525651e-06
2423 3.070624532e-06
2424 3.068725372e-06
2425 3.06682817e-06
2426 3.064932921e-06
2427 3.063039624e-06
2428 3.061148275e-06
2429 3.059258871e-06
2430 3.057371411e-06
2431 3.055485891e-06
2432 3.053602307e-06
2433 3.051720659e-06
2434 3.049840942e-06
2435 3.047963154e-06
2436 3.046087292e-06
2437 3.044213353e-06
2438 3.042341335e-06
2439 3.040471235e-06
2440 3.03860305e-06
2441 3.036736777e-06
2442 3.034872414e-06
2443 3.033009958e-06
2444 3.031149406e-06
2445 3.029290755e-06
2446 3.027434003e-06
2447 3.025579147e-06
2448 3.023726185e-06
2449 3.021875113e-06
2450 3.020025929e-06
2451 3.01817863e-06
2452 3.016333213e-06
2453 3.014489677e-06
2454 3.012648017e-06
2455 3.010808232e-06
2456 3.008970319e-06
2457 3.007134275e-06
2458 3.005300097e-06
2459 3.003467783e-06
2460 3.001637331e-06
2461 2.999808737e-06
2462 2.997981998e-06
2463 2.996157113e-06
2464 2.994334079e-06
2465 2.992512892e-06
2466 2.990693551e-06
2467 2.988876053e-06
2468 2.987060395e-06
2469 2.985246574e-06
2470 2.983434588e-06
2471 2.981624435e-06
2472 2.979816111e-06
2473 2.978009615e-06
2474 2.976204943e-06
2475 2.974402093e-06
2476 2.972601062e-06
2477 2.970801848e-06
2478 2.969004449e-06
2479 2.967208861e-06
2480 2.965415082e-06
2481 2.96362311e-06
2482 2.961832942e-06
2483 2.960044576e-06
2484 2.958258009e-06
2485 2.956473237e-06
2486 2.95469026e-06
2487 2.952909075e-06
2488 2.951129678e-06
2489 2.949352067e-06
2490 2.947576241e-06
2491 2.945802196e-06
2492 2.944029929e-06
2493 2.942259439e-06
2494 2.940490723e-06
2495 2.938723778e-06
2496 2.936958602e-06
2497 2.935195193e-06
2498 2.933433547e-06
2499 2.931673663e-06
2500 2.929915538e-06
2501 2.928159169e-06
2502 2.926404555e-06
2503 2.924651692e-06
2504 2.922900578e-06
2505 2.921151211e-06
2506 2.919403589e-06
2507 2.917657708e-06
2508 2.915913567e-06
2509 2.914171163e-06
2510 2.912430493e-06
2511 2.910691555e-06
2512 2.908954348e-06
2513 2.907218867e-06
2514 2.905485112e-06
2515 2.903753079e-06
2516 2.902022767e-06
2517 2.900294172e-06
2518 2.898567292e-06
2519 2.896842126e-06
2520 2.89511867e-06
2521 2.893396922e-06
2522 2.89167688e-06
2523 2.889958542e-06
2524 2.888241905e-06
2525 2.886526967e-06
2526 2.884813725e-06
2527 2.883102177e-06
2528 2.881392321e-06
2529 2.879684155e-06
2530 2.877977675e-06
2531 2.876272881e-06
2532 2.874569768e-06
2533 2.872868336e-06
2534 2.871168582e-06
2535 2.869470503e-06
2536 2.867774097e-06
2537 2.866079362e-06
2538 2.864386295e-06
2539 2.862694895e-06
2540 2.861005159e-06
2541 2.859317084e-06
2542 2.857630669e-06
2543 2.855945911e-06
2544 2.854262808e-06
2545 2.852581357e-06
2546 2.850901556e-06
2547 2.849223404e-06
2548 2.847546897e-06
2549 2.845872034e-06
2550 2.844198811e-06
2551 2.842527228e-06
2552 2.840857282e-06
2553 2.83918897e-06
2554 2.83752229e-06
2555 2.83585724e-06
2556 2.834193818e-06
2557 2.832532022e-06
2558 2.830871849e-06
2559 2.829213297e-06
2560 2.827556364e-06
2561 2.825901047e-06
2562 2.824247345e-06
2563 2.822595256e-06
2564 2.820944776e-06
2565 2.819295904e-06
2566 2.817648638e-06
2567 2.816002976e-06
2568 2.814358915e-06
2569 2.812716452e-06
2570 2.811075587e-06
2571 2.809436317e-06
2572 2.807798639e-06
2573 2.806162552e-06
2574 2.804528053e-06
2575 2.80289514e-06
2576 2.801263811e-06
2577 2.799634063e-06
2578 2.798005896e-06
2579 2.796379306e-06
2580 2.794754291e-06
2581 2.79313085e-06
2582 2.79150898e-06
2583 2.789888679e-06
2584 2.788269944e-06
2585 2.786652775e-06
2586 2.785037168e-06
2587 2.783423121e-06
2588 2.781810633e-06
2589 2.780199702e-06
2590 2.778590324e-06
2591 2.776982499e-06
2592 2.775376223e-06
2593 2.773771496e-06
2594 2.772168314e-06
2595 2.770566676e-06
2596 2.76896658e-06
2597 2.767368023e-06
2598 2.765771004e-06
2599 2.76417552e-06
2600 2.76258157e-06
2601 2.760989151e-06
2602 2.759398261e-06
2603 2.757808899e-06
2604 2.756221062e-06
2605 2.754634747e-06
2606 2.753049954e-06
2607 2.75146668e-06
2608 2.749884923e-06
2609 2.748304681e-06
2610 2.746725951e-06
2611 2.745148733e-06
2612 2.743573023e-06
2613 2.74199882e-06
2614 2.740426123e-06
2615 2.738854928e-06
2616 2.737285233e-06
2617 2.735717038e-06
2618 2.734150339e-06
2619 2.732585135e-06
2620 2.731021424e-06
2621 2.729459204e-06
2622 2.727898472e-06
2623 2.726339228e-06
2624 2.724781468e-06
2625 2.723225191e-06
2626 2.721670395e-06
2627 2.720117078e-06
2628 2.718565238e-06
2629 2.717014873e-06
2630 2.715465981e-06
2631 2.71391856e-06
2632 2.712372608e-06
2633 2.710828123e-06
2634 2.709285104e-06
2635 2.707743548e-06
2636 2.706203453e-06
2637 2.704664817e-06
2638 2.703127639e-06
2639 2.701591917e-06
2640 2.700057648e-06
2641 2.698524831e-06
2642 2.696993463e-06
2643 2.695463543e-06
2644 2.69393507e-06
2645 2.69240804e-06
2646 2.690882452e-06
2647 2.689358305e-06
2648 2.687835595e-06
2649 2.686314323e-06
2650 2.684794484e-06
2651 2.683276078e-06
2652 2.681759103e-06
2653 2.680243557e-06
2654 2.678729438e-06
2655 2.677216744e-06
2656 2.675705472e-06
2657 2.674195623e-06
2658 2.672687192e-06
2659 2.67118018e-06
2660 2.669674583e-06
2661 2.668170399e-06
2662 2.666667628e-06
2663 2.665166267e-06
2664 2.663666314e-06
2665 2.662167768e-06
2666 2.660670626e-06
2667 2.659174887e-06
2668 2.657680548e-06
2669 2.656187609e-06
2670 2.654696067e-06
2671 2.653205921e-06
2672 2.651717168e-06
2673 2.650229807e-06
2674 2.648743835e-06
2675 2.647259252e-06
2676 2.645776055e-06
2677 2.644294243e-06
2678 2.642813813e-06
2679 2.641334764e-06
2680 2.639857095e-06
2681 2.638380802e-06
2682 2.636905885e-06
2683 2.635432342e-06
2684 2.63396017e-06
2685 2.632489369e-06
2686 2.631019936e-06
2687 2.629551869e-06
2688 2.628085168e-06
2689 2.626619829e-06
2690 2.625155851e-06
2691 2.623693233e-06
2692 2.622231973e-06
2693 2.620772068e-06
2694 2.619313518e-06
2695 2.61785632e-06
2696 2.616400472e-06
2697 2.614945974e-06
2698 2.613492822e-06
2699 2.612041016e-06
2700 2.610590554e-06
2701 2.609141433e-06
2702 2.607693653e-06
2703 2.606247211e-06
2704 2.604802106e-06
2705 2.603358336e-06
2706 2.601915899e-06
2707 2.600474793e-06
2708 2.599035018e-06
2709 2.59759657e-06
2710 2.596159449e-06
2711 2.594723653e-06
2712 2.593289179e-06
2713 2.591856027e-06
2714 2.590424194e-06
2715 2.588993679e-06
2716 2.58756448e-06
2717 2.586136596e-06
2718 2.584710024e-06
2719 2.583284764e-06
2720 2.581860812e-06
2721 2.580438169e-06
2722 2.579016831e-06
2723 2.577596798e-06
2724 2.576178068e-06
2725 2.574760638e-06
2726 2.573344508e-06
2727 2.571929676e-06
2728 2.570516139e-06
2729 2.569103897e-06
2730 2.567692948e-06
2731 2.566283289e-06
2732 2.56487492e-06
2733 2.563467839e-06
2734 2.562062043e-06
2735 2.560657532e-06
2736 2.559254304e-06
2737 2.557852357e-06
2738 2.55645169e-06
2739 2.5550523e-06
2740 2.553654187e-06
2741 2.552257348e-06
2742 2.550861782e-06
2743 2.549467488e-06
2744 2.548074463e-06
2745 2.546682706e-06
2746 2.545292216e-06
2747 2.543902991e-06
2748 2.542515029e-06
2749 2.541128329e-06
2750 2.539742888e-06
2751 2.538358707e-06
2752 2.536975782e-06
2753 2.535594112e-06
2754 2.534213696e-06
2755 2.532834532e-06
2756 2.531456619e-06
2757 2.530079954e-06
2758 2.528704537e-06
2759 2.527330366e-06
2760 2.525957438e-06
2761 2.524585754e-06
2762 2.52321531e-06
2763 2.521846106e-06
2764 2.520478139e-06
2765 2.519111409e-06
2766 2.517745914e-06
2767 2.516381652e-06
2768 2.515018621e-06
2769 2.51365682e-06
2770 2.512296248e-06
2771 2.510936903e-06
2772 2.509578784e-06
2773 2.508221888e-06
2774 2.506866215e-06
2775 2.505511762e-06
2776 2.504158528e-06
2777 2.502806513e-06
2778 2.501455713e-06
2779 2.500106128e-06
2780 2.498757756e-06
2781 2.497410596e-06
2782 2.496064646e-06
2783 2.494719904e-06
2784 2.49337637e-06
2785 2.49203404e-06
2786 2.490692915e-06
2787 2.489352993e-06
2788 2.488014271e-06
2789 2.486676749e-06
2790 2.485340425e-06
2791 2.484005297e-06
2792 2.482671364e-06
2793 2.481338625e-06
2794 2.480007077e-06
2795 2.47867672e-06
2796 2.477347552e-06
2797 2.476019572e-06
2798 2.474692777e-06
2799 2.473367168e-06
2800 2.472042741e-06
2801 2.470719495e-06
2802 2.46939743e-06
2803 2.468076544e-06
2804 2.466756834e-06
2805 2.465438301e-06
2806 2.464120941e-06
2807 2.462804754e-06
2808 2.461489739e-06
2809 2.460175893e-06
2810 2.458863216e-06
2811 2.457551706e-06
2812 2.456241361e-06
2813 2.45493218e-06
2814 2.453624162e-06
2815 2.452317305e-06
2816 2.451011608e-06
2817 2.449707069e-06
2818 2.448403686e-06
2819 2.447101459e-06
2820 2.445800386e-06
2821 2.444500466e-06
2822 2.443201697e-06
2823 2.441904077e-06
2824 2.440607605e-06
2825 2.439312281e-06
2826 2.438018101e-06
2827 2.436725066e-06
2828 2.435433173e-06
2829 2.434142422e-06
2830 2.43285281e-06
2831 2.431564336e-06
2832 2.430277e-06
2833 2.428990799e-06
2834 2.427705732e-06
2835 2.426421797e-06
2836 2.425138994e-06
2837 2.423857321e-06
2838 2.422576777e-06
2839 2.42129736e-06
2840 2.420019068e-06
2841 2.418741901e-06
2842 2.417465857e-06
2843 2.416190934e-06
2844 2.414917131e-06
2845 2.413644448e-06
2846 2.412372882e-06
2847 2.411102432e-06
2848 2.409833096e-06
2849 2.408564874e-06
2850 2.407297765e-06
2851 2.406031765e-06
2852 2.404766875e-06
2853 2.403503093e-06
2854 2.402240417e-06
2855 2.400978847e-06
2856 2.39971838e-06
2857 2.398459016e-06
2858 2.397200753e-06
2859 2.39594359e-06
2860 2.394687525e-06
2861 2.393432557e-06
2862 2.392178686e-06
2863 2.390925908e-06
2864 2.389674224e-06
2865 2.388423631e-06
2866 2.387174129e-06
2867 2.385925715e-06
2868 2.38467839e-06
2869 2.383432151e-06
2870 2.382186997e-06
2871 2.380942927e-06
2872 2.379699939e-06
2873 2.378458033e-06
2874 2.377217206e-06
2875 2.375977458e-06
2876 2.374738787e-06
2877 2.373501192e-06
2878 2.372264671e-06
2879 2.371029224e-06
2880 2.369794849e-06
2881 2.368561544e-06
2882 2.367329309e-06
2883 2.366098142e-06
2884 2.364868041e-06
2885 2.363639006e-06
2886 2.362411036e-06
2887 2.361184128e-06
2888 2.359958282e-06
2889 2.358733496e-06
2890 2.357509769e-06
2891 2.3562871e-06
2892 2.355065487e-06
2893 2.35384493e-06
2894 2.352625426e-06
2895 2.351406976e-06
2896 2.350189576e-06
2897 2.348973227e-06
2898 2.347757926e-06
2899 2.346543674e-06
2900 2.345330467e-06
2901 2.344118306e-06
2902 2.342907188e-06
2903 2.341697113e-06
2904 2.340488079e-06
2905 2.339280085e-06
2906 2.33807313e-06
2907 2.336867212e-06
2908 2.335662331e-06
2909 2.334458485e-06
2910 2.333255673e-06
2911 2.332053893e-06
2912 2.330853144e-06
2913 2.329653426e-06
2914 2.328454736e-06
2915 2.327257074e-06
2916 2.326060438e-06
2917 2.324864827e-06
2918 2.323670241e-06
2919 2.322476677e-06
2920 2.321284134e-06
2921 2.320092612e-06
2922 2.318902109e-06
2923 2.317712623e-06
2924 2.316524154e-06
2925 2.3153367e-06
2926 2.314150261e-06
2927 2.312964834e-06
2928 2.311780419e-06
2929 2.310597015e-06
2930 2.30941462e-06
2931 2.308233233e-06
2932 2.307052853e-06
2933 2.305873479e-06
2934 2.304695109e-06
2935 2.303517742e-06
2936 2.302341378e-06
2937 2.301166014e-06
2938 2.29999165e-06
2939 2.298818285e-06
2940 2.297645917e-06
2941 2.296474545e-06
2942 2.295304168e-06
2943 2.294134785e-06
2944 2.292966395e-06
2945 2.291798996e-06
2946 2.290632587e-06
2947 2.289467167e-06
2948 2.288302735e-06
2949 2.28713929e-06
2950 2.28597683e-06
2951 2.284815355e-06
2952 2.283654863e-06
2953 2.282495353e-06
2954 2.281336824e-06
2955 2.280179275e-06
2956 2.279022704e-06
2957 2.277867111e-06
2958 2.276712494e-06
2959 2.275558852e-06
2960 2.274406184e-06
2961 2.273254488e-06
2962 2.272103765e-06
2963 2.270954012e-06
2964 2.269805228e-06
2965 2.268657412e-06
2966 2.267510564e-06
2967 2.266364681e-06
2968 2.265219764e-06
2969 2.26407581e-06
2970 2.262932818e-06
2971 2.261790788e-06
2972 2.260649718e-06
2973 2.259509607e-06
2974 2.258370454e-06
2975 2.257232258e-06
2976 2.256095018e-06
2977 2.254958733e-06
2978 2.253823401e-06
2979 2.252689021e-06
2980 2.251555592e-06
2981 2.250423114e-06
2982 2.249291585e-06
2983 2.248161004e-06
2984 2.247031369e-06
2985 2.24590268e-06
2986 2.244774936e-06
2987 2.243648135e-06
2988 2.242522277e-06
2989 2.24139736e-06
2990 2.240273383e-06
2991 2.239150345e-06
2992 2.238028245e-06
2993 2.236907082e-06
2994 2.235786855e-06
2995 2.234667562e-06
2996 2.233549203e-06
2997 2.232431777e-06
2998 2.231315282e-06
2999 2.230199717e-06
3000 2.229085082e-06
3001 2.227971375e-06
3002 2.226858594e-06
3003 2.22574674e-06
3004 2.224635811e-06
3005 2.223525806e-06
3006 2.222416723e-06
3007 2.221308562e-06
3008 2.220201322e-06
3009 2.219095001e-06
3010 2.217989599e-06
3011 2.216885114e-06
3012 2.215781546e-06
3013 2.214678893e-06
3014 2.213577154e-06
3015 2.212476328e-06
3016 2.211376414e-06
3017 2.210277412e-06
3018 2.209179319e-06
3019 2.208082135e-06
3020 2.20698586e-06
3021 2.205890491e-06
3022 2.204796027e-06
3023 2.203702469e-06
3024 2.202609814e-06
3025 2.201518062e-06
3026 2.200427212e-06
3027 2.199337262e-06
3028 2.198248212e-06
3029 2.19716006e-06
3030 2.196072805e-06
3031 2.194986447e-06
3032 2.193900985e-06
3033 2.192816416e-06
3034 2.191732741e-06
3035 2.190649958e-06
3036 2.189568067e-06
3037 2.188487066e-06
3038 2.187406954e-06
3039 2.18632773e-06
3040 2.185249393e-06
3041 2.184171942e-06
3042 2.183095377e-06
3043 2.182019696e-06
3044 2.180944897e-06
3045 2.179870981e-06
3046 2.178797946e-06
3047 2.177725791e-06
3048 2.176654515e-06
3049 2.175584117e-06
3050 2.174514596e-06
3051 2.173445951e-06
3052 2.17237818e-06
3053 2.171311284e-06
3054 2.170245261e-06
3055 2.16918011e-06
3056 2.16811583e-06
3057 2.16705242e-06
3058 2.165989879e-06
3059 2.164928206e-06
3060 2.1638674e-06
3061 2.16280746e-06
3062 2.161748385e-06
3063 2.160690175e-06
3064 2.159632827e-06
3065 2.158576341e-06
3066 2.157520717e-06
3067 2.156465952e-06
3068 2.155412047e-06
3069 2.154359e-06
3070 2.15330681e-06
3071 2.152255476e-06
3072 2.151204997e-06
3073 2.150155373e-06
3074 2.149106602e-06
3075 2.148058683e-06
3076 2.147011616e-06
3077 2.145965399e-06
3078 2.144920032e-06
3079 2.143875512e-06
3080 2.142831841e-06
3081 2.141789016e-06
3082 2.140747036e-06
3083 2.139705901e-06
3084 2.13866561e-06
3085 2.137626161e-06
3086 2.136587554e-06
3087 2.135549788e-06
3088 2.134512862e-06
3089 2.133476774e-06
3090 2.132441525e-06
3091 2.131407112e-06
3092 2.130373536e-06
3093 2.129340794e-06
3094 2.128308887e-06
3095 2.127277813e-06
3096 2.126247571e-06
3097 2.12521816e-06
3098 2.12418958e-06
3099 2.123161829e-06
3100 2.122134907e-06
3101 2.121108812e-06
3102 2.120083544e-06
3103 2.119059102e-06
3104 2.118035484e-06
3105 2.11701269e-06
3106 2.11599072e-06
3107 2.114969571e-06
3108 2.113949243e-06
3109 2.112929735e-06
3110 2.111911047e-06
3111 2.110893176e-06
3112 2.109876124e-06
3113 2.108859887e-06
3114 2.107844466e-06
3115 2.10682986e-06
3116 2.105816068e-06
3117 2.104803088e-06
3118 2.10379092e-06
3119 2.102779563e-06
3120 2.101769016e-06
3121 2.100759279e-06
3122 2.099750349e-06
3123 2.098742227e-06
3124 2.097734911e-06
3125 2.096728401e-06
3126 2.095722696e-06
3127 2.094717794e-06
3128 2.093713695e-06
3129 2.092710398e-06
3130 2.091707902e-06
3131 2.090706206e-06
3132 2.08970531e-06
3133 2.088705211e-06
3134 2.087705911e-06
3135 2.086707406e-06
3136 2.085709698e-06
3137 2.084712784e-06
3138 2.083716664e-06
3139 2.082721337e-06
3140 2.081726803e-06
3141 2.080733059e-06
3142 2.079740106e-06
3143 2.078747943e-06
3144 2.077756568e-06
3145 2.076765981e-06
3146 2.075776181e-06
3147 2.074787166e-06
3148 2.073798937e-06
3149 2.072811492e-06
3150 2.071824831e-06
3151 2.070838952e-06
3152 2.069853854e-06
3153 2.068869538e-06
3154 2.067886001e-06
3155 2.066903243e-06
3156 2.065921264e-06
3157 2.064940061e-06
3158 2.063959636e-06
3159 2.062979985e-06
3160 2.06200111e-06
3161 2.061023008e-06
3162 2.06004568e-06
3163 2.059069124e-06
3164 2.058093339e-06
3165 2.057118324e-06
3166 2.056144079e-06
3167 2.055170603e-06
3168 2.054197894e-06
3169 2.053225953e-06
3170 2.052254778e-06
3171 2.051284368e-06
3172 2.050314723e-06
3173 2.049345842e-06
3174 2.048377723e-06
3175 2.047410366e-06
3176 2.046443771e-06
3177 2.045477936e-06
3178 2.04451286e-06
3179 2.043548543e-06
3180 2.042584984e-06
3181 2.041622182e-06
3182 2.040660135e-06
3183 2.039698845e-06
3184 2.038738308e-06
3185 2.037778526e-06
3186 2.036819496e-06
3187 2.035861218e-06
3188 2.034903692e-06
3189 2.033946915e-06
3190 2.032990888e-06
3191 2.03203561e-06
3192 2.03108108e-06
3193 2.030127297e-06
3194 2.02917426e-06
3195 2.028221969e-06
3196 2.027270422e-06
3197 2.026319619e-06
3198 2.025369559e-06
3199 2.024420241e-06
3200 2.023471665e-06
3201 2.022523829e-06
3202 2.021576733e-06
3203 2.020630376e-06
3204 2.019684757e-06
3205 2.018739875e-06
3206 2.01779573e-06
3207 2.01685232e-06
3208 2.015909646e-06
3209 2.014967705e-06
3210 2.014026498e-06
3211 2.013086023e-06
3212 2.01214628e-06
3213 2.011207268e-06
3214 2.010268986e-06
3215 2.009331434e-06
3216 2.00839461e-06
3217 2.007458514e-06
3218 2.006523144e-06
3219 2.005588501e-06
3220 2.004654583e-06
3221 2.00372139e-06
3222 2.002788921e-06
3223 2.001857174e-06
3224 2.00092615e-06
3225 1.999995847e-06
3226 1.999066265e-06
3227 1.998137403e-06
3228 1.99720926e-06
3229 1.996281835e-06
3230 1.995355128e-06
3231 1.994429138e-06
3232 1.993503863e-06
3233 1.992579304e-06
3234 1.991655459e-06
3235 1.990732328e-06
3236 1.98980991e-06
3237 1.988888203e-06
3238 1.987967209e-06
3239 1.987046925e-06
3240 1.98612735e-06
3241 1.985208485e-06
3242 1.984290328e-06
3243 1.983372878e-06
3244 1.982456136e-06
3245 1.981540099e-06
3246 1.980624768e-06
3247 1.979710141e-06
3248 1.978796217e-06
3249 1.977882997e-06
3250 1.976970479e-06
3251 1.976058662e-06
3252 1.975147546e-06
3253 1.97423713e-06
3254 1.973327413e-06
3255 1.972418395e-06
3256 1.971510074e-06
3257 1.970602451e-06
3258 1.969695523e-06
3259 1.968789291e-06
3260 1.967883754e-06
3261 1.96697891e-06
3262 1.96607476e-06
3263 1.965171302e-06
3264 1.964268536e-06
3265 1.963366461e-06
3266 1.962465076e-06
3267 1.961564381e-06
3268 1.960664374e-06
3269 1.959765056e-06
3270 1.958866424e-06
3271 1.95796848e-06
3272 1.957071221e-06
3273 1.956174647e-06
3274 1.955278757e-06
3275 1.954383552e-06
3276 1.953489029e-06
3277 1.952595188e-06
3278 1.951702028e-06
3279 1.95080955e-06
3280 1.949917751e-06
3281 1.949026632e-06
3282 1.948136191e-06
3283 1.947246428e-06
3284 1.946357342e-06
3285 1.945468932e-06
3286 1.944581198e-06
3287 1.943694139e-06
3288 1.942807755e-06
3289 1.941922043e-06
3290 1.941037005e-06
3291 1.940152638e-06
3292 1.939268943e-06
3293 1.938385919e-06
3294 1.937503564e-06
3295 1.936621879e-06
3296 1.935740862e-06
3297 1.934860513e-06
3298 1.933980831e-06
3299 1.933101815e-06
3300 1.932223465e-06
3301 1.931345781e-06
3302 1.93046876e-06
3303 1.929592403e-06
3304 1.928716708e-06
3305 1.927841676e-06
3306 1.926967306e-06
3307 1.926093596e-06
3308 1.925220546e-06
3309 1.924348155e-06
3310 1.923476423e-06
3311 1.922605349e-06
3312 1.921734933e-06
3313 1.920865173e-06
3314 1.919996068e-06
3315 1.919127619e-06
3316 1.918259825e-06
3317 1.917392684e-06
3318 1.916526196e-06
3319 1.915660361e-06
3320 1.914795178e-06
3321 1.913930645e-06
3322 1.913066763e-06
3323 1.912203531e-06
3324 1.911340948e-06
3325 1.910479013e-06
3326 1.909617725e-06
3327 1.908757085e-06
3328 1.907897091e-06
3329 1.907037742e-06
3330 1.906179038e-06
3331 1.905320979e-06
3332 1.904463563e-06
3333 1.90360679e-06
3334 1.902750659e-06
3335 1.90189517e-06
3336 1.901040322e-06
3337 1.900186114e-06
3338 1.899332545e-06
3339 1.898479615e-06
3340 1.897627324e-06
3341 1.896775669e-06
3342 1.895924652e-06
3343 1.895074271e-06
3344 1.894224526e-06
3345 1.893375415e-06
3346 1.892526938e-06
3347 1.891679095e-06
3348 1.890831885e-06
3349 1.889985307e-06
3350 1.889139361e-06
3351 1.888294045e-06
3352 1.88744936e-06
3353 1.886605304e-06
3354 1.885761877e-06
3355 1.884919079e-06
3356 1.884076908e-06
3357 1.883235364e-06
3358 1.882394446e-06
3359 1.881554154e-06
3360 1.880714487e-06
3361 1.879875444e-06
3362 1.879037025e-06
3363 1.878199228e-06
3364 1.877362055e-06
3365 1.876525503e-06
3366 1.875689572e-06
3367 1.874854262e-06
3368 1.874019571e-06
3369 1.873185499e-06
3370 1.872352046e-06
3371 1.871519211e-06
3372 1.870686994e-06
3373 1.869855392e-06
3374 1.869024407e-06
3375 1.868194037e-06
3376 1.867364282e-06
3377 1.866535141e-06
3378 1.865706613e-06
3379 1.864878698e-06
3380 1.864051395e-06
3381 1.863224703e-06
3382 1.862398623e-06
3383 1.861573152e-06
3384 1.860748292e-06
3385 1.85992404e-06
3386 1.859100397e-06
3387 1.858277361e-06
3388 1.857454932e-06
3389 1.85663311e-06
3390 1.855811894e-06
3391 1.854991283e-06
3392 1.854171277e-06
3393 1.853351874e-06
3394 1.852533075e-06
3395 1.851714879e-06
3396 1.850897284e-06
3397 1.850080291e-06
3398 1.849263899e-06
3399 1.848448108e-06
3400 1.847632916e-06
3401 1.846818323e-06
3402 1.846004328e-06
3403 1.845190931e-06
3404 1.844378131e-06
3405 1.843565928e-06
3406 1.842754321e-06
3407 1.841943309e-06
3408 1.841132891e-06
3409 1.840323068e-06
3410 1.839513839e-06
3411 1.838705202e-06
3412 1.837897158e-06
3413 1.837089705e-06
3414 1.836282843e-06
3415 1.835476572e-06
3416 1.83467089e-06
3417 1.833865798e-06
3418 1.833061295e-06
3419 1.832257379e-06
3420 1.831454051e-06
3421 1.83065131e-06
3422 1.829849155e-06
3423 1.829047586e-06
3424 1.828246601e-06
3425 1.827446202e-06
3426 1.826646386e-06
3427 1.825847153e-06
3428 1.825048503e-06
3429 1.824250435e-06
3430 1.823452948e-06
3431 1.822656043e-06
3432 1.821859717e-06
3433 1.821063972e-06
3434 1.820268805e-06
3435 1.819474217e-06
3436 1.818680207e-06
3437 1.817886774e-06
3438 1.817093918e-06
3439 1.816301638e-06
3440 1.815509934e-06
3441 1.814718805e-06
3442 1.81392825e-06
3443 1.813138269e-06
3444 1.812348861e-06
3445 1.811560026e-06
3446 1.810771762e-06
3447 1.809984071e-06
3448 1.80919695e-06
3449 1.8084104e-06
3450 1.807624419e-06
3451 1.806839008e-06
3452 1.806054165e-06
3453 1.80526989e-06
3454 1.804486183e-06
3455 1.803703042e-06
3456 1.802920468e-06
3457 1.80213846e-06
3458 1.801357016e-06
3459 1.800576138e-06
3460 1.799795823e-06
3461 1.799016072e-06
3462 1.798236883e-06
3463 1.797458257e-06
3464 1.796680193e-06
3465 1.79590269e-06
3466 1.795125747e-06
3467 1.794349365e-06
3468 1.793573542e-06
3469 1.792798278e-06
3470 1.792023572e-06
3471 1.791249424e-06
3472 1.790475833e-06
3473 1.789702799e-06
3474 1.788930321e-06
3475 1.788158399e-06
3476 1.787387031e-06
3477 1.786616218e-06
3478 1.785845959e-06
3479 1.785076253e-06
3480 1.7843071e-06
3481 1.783538499e-06
3482 1.78277045e-06
3483 1.782002951e-06
3484 1.781236004e-06
3485 1.780469606e-06
3486 1.779703758e-06
3487 1.778938458e-06
3488 1.778173707e-06
3489 1.777409504e-06
3490 1.776645848e-06
3491 1.775882739e-06
3492 1.775120175e-06
3493 1.774358158e-06
3494 1.773596685e-06
3495 1.772835757e-06
3496 1.772075373e-06
3497 1.771315532e-06
3498 1.770556234e-06
3499 1.769797478e-06
3500 1.769039265e-06
3501 1.768281592e-06
3502 1.76752446e-06
3503 1.766767868e-06
3504 1.766011816e-06
3505 1.765256303e-06
3506 1.764501329e-06
3507 1.763746892e-06
3508 1.762992993e-06
3509 1.762239631e-06
3510 1.761486805e-06
3511 1.760734515e-06
3512 1.759982761e-06
3513 1.759231541e-06
3514 1.758480855e-06
3515 1.757730703e-06
3516 1.756981085e-06
3517 1.756231999e-06
3518 1.755483445e-06
3519 1.754735423e-06
3520 1.753987932e-06
3521 1.753240971e-06
3522 1.752494541e-06
3523 1.75174864e-06
3524 1.751003268e-06
3525 1.750258424e-06
3526 1.749514108e-06
3527 1.74877032e-06
3528 1.748027058e-06
3529 1.747284323e-06
3530 1.746542114e-06
3531 1.74580043e-06
3532 1.745059271e-06
3533 1.744318636e-06
3534 1.743578525e-06
3535 1.742838937e-06
3536 1.742099872e-06
3537 1.741361329e-06
3538 1.740623307e-06
3539 1.739885807e-06
3540 1.739148828e-06
3541 1.738412368e-06
3542 1.737676429e-06
3543 1.736941008e-06
3544 1.736206106e-06
3545 1.735471722e-06
3546 1.734737856e-06
3547 1.734004506e-06
3548 1.733271673e-06
3549 1.732539357e-06
3550 1.731807556e-06
3551 1.731076269e-06
3552 1.730345498e-06
3553 1.72961524e-06
3554 1.728885496e-06
3555 1.728156265e-06
3556 1.727427546e-06
3557 1.726699339e-06
3558 1.725971644e-06
3559 1.72524446e-06
3560 1.724517786e-06
3561 1.723791623e-06
3562 1.723065969e-06
3563 1.722340823e-06
3564 1.721616187e-06
3565 1.720892058e-06
3566 1.720168436e-06
3567 1.719445322e-06
3568 1.718722714e-06
3569 1.718000613e-06
3570 1.717279016e-06
3571 1.716557925e-06
3572 1.715837338e-06
3573 1.715117255e-06
3574 1.714397676e-06
3575 1.7136786e-06
3576 1.712960026e-06
3577 1.712241954e-06
3578 1.711524384e-06
3579 1.710807315e-06
3580 1.710090747e-06
3581 1.709374678e-06
3582 1.708659109e-06
3583 1.70794404e-06
3584 1.707229468e-06
3585 1.706515395e-06
3586 1.70580182e-06
3587 1.705088742e-06
3588 1.704376161e-06
3589 1.703664075e-06
3590 1.702952486e-06
3591 1.702241391e-06
3592 1.701530792e-06
3593 1.700820686e-06
3594 1.700111075e-06
3595 1.699401956e-06
3596 1.698693331e-06
3597 1.697985198e-06
3598 1.697277557e-06
3599 1.696570407e-06
3600 1.695863748e-06
3601 1.695157579e-06
3602 1.694451901e-06
3603 1.693746712e-06
3604 1.693042012e-06
3605 1.6923378e-06
3606 1.691634076e-06
3607 1.69093084e-06
3608 1.690228092e-06
3609 1.689525829e-06
3610 1.688824053e-06
3611 1.688122763e-06
3612 1.687421958e-06
3613 1.686721638e-06
3614 1.686021801e-06
3615 1.685322449e-06
3616 1.68462358e-06
3617 1.683925194e-06
3618 1.683227291e-06
3619 1.682529869e-06
3620 1.681832929e-06
3621 1.681136469e-06
3622 1.680440491e-06
3623 1.679744992e-06
3624 1.679049973e-06
3625 1.678355433e-06
3626 1.677661372e-06
3627 1.676967789e-06
3628 1.676274684e-06
3629 1.675582057e-06
3630 1.674889906e-06
3631 1.674198231e-06
3632 1.673507032e-06
3633 1.672816309e-06
3634 1.672126061e-06
3635 1.671436288e-06
3636 1.670746988e-06
3637 1.670058162e-06
3638 1.66936981e-06
3639 1.66868193e-06
3640 1.667994522e-06
3641 1.667307587e-06
3642 1.666621122e-06
3643 1.665935129e-06
3644 1.665249606e-06
3645 1.664564553e-06
3646 1.663879969e-06
3647 1.663195855e-06
3648 1.66251221e-06
3649 1.661829032e-06
3650 1.661146323e-06
3651 1.66046408e-06
3652 1.659782305e-06
3653 1.659100996e-06
3654 1.658420153e-06
3655 1.657739775e-06
3656 1.657059863e-06
3657 1.656380415e-06
3658 1.655701432e-06
3659 1.655022912e-06
3660 1.654344855e-06
3661 1.653667262e-06
3662 1.65299013e-06
3663 1.652313461e-06
3664 1.651637253e-06
3665 1.650961507e-06
3666 1.650286221e-06
3667 1.649611395e-06
3668 1.648937029e-06
3669 1.648263123e-06
3670 1.647589675e-06
3671 1.646916686e-06
3672 1.646244155e-06
3673 1.645572081e-06
3674 1.644900465e-06
3675 1.644229305e-06
3676 1.643558602e-06
3677 1.642888354e-06
3678 1.642218562e-06
3679 1.641549225e-06
3680 1.640880343e-06
3681 1.640211914e-06
3682 1.63954394e-06
3683 1.638876418e-06
3684 1.63820935e-06
3685 1.637542733e-06
3686 1.636876569e-06
3687 1.636210856e-06
3688 1.635545595e-06
3689 1.634880784e-06
3690 1.634216423e-06
3691 1.633552513e-06
3692 1.632889051e-06
3693 1.632226039e-06
3694 1.631563475e-06
3695 1.630901359e-06
3696 1.630239691e-06
3697 1.629578471e-06
3698 1.628917697e-06
3699 1.628257369e-06
3700 1.627597488e-06
3701 1.626938052e-06
3702 1.626279061e-06
3703 1.625620516e-06
3704 1.624962414e-06
3705 1.624304756e-06
3706 1.623647542e-06
3707 1.622990771e-06
3708 1.622334443e-06
3709 1.621678557e-06
3710 1.621023112e-06
3711 1.620368109e-06
3712 1.619713547e-06
3713 1.619059426e-06
3714 1.618405745e-06
3715 1.617752503e-06
3716 1.617099701e-06
3717 1.616447338e-06
3718 1.615795413e-06
3719 1.615143927e-06
3720 1.614492878e-06
3721 1.613842266e-06
3722 1.613192091e-06
3723 1.612542353e-06
3724 1.61189305e-06
3725 1.611244184e-06
3726 1.610595752e-06
3727 1.609947756e-06
3728 1.609300193e-06
3729 1.608653065e-06
3730 1.60800637e-06
3731 1.607360109e-06
3732 1.60671428e-06
3733 1.606068884e-06
3734 1.605423919e-06
3735 1.604779386e-06
3736 1.604135285e-06
3737 1.603491614e-06
3738 1.602848373e-06
3739 1.602205563e-06
3740 1.601563181e-06
3741 1.60092123e-06
3742 1.600279706e-06
3743 1.599638611e-06
3744 1.598997944e-06
3745 1.598357705e-06
3746 1.597717893e-06
3747 1.597078507e-06
3748 1.596439548e-06
3749 1.595801015e-06
3750 1.595162907e-06
3751 1.594525225e-06
3752 1.593887967e-06
3753 1.593251133e-06
3754 1.592614724e-06
3755 1.591978738e-06
3756 1.591343175e-06
3757 1.590708035e-06
3758 1.590073318e-06
3759 1.589439022e-06
3760 1.588805148e-06
3761 1.588171695e-06
3762 1.587538663e-06
3763 1.586906052e-06
3764 1.58627386e-06
3765 1.585642088e-06
3766 1.585010736e-06
3767 1.584379802e-06
3768 1.583749287e-06
3769 1.58311919e-06
3770 1.58248951e-06
3771 1.581860248e-06
3772 1.581231403e-06
3773 1.580602974e-06
3774 1.579974961e-06
3775 1.579347365e-06
3776 1.578720183e-06
3777 1.578093417e-06
3778 1.577467065e-06
3779 1.576841127e-06
3780 1.576215604e-06
3781 1.575590493e-06
3782 1.574965796e-06
3783 1.574341512e-06
3784 1.573717639e-06
3785 1.573094179e-06
3786 1.57247113e-06
3787 1.571848493e-06
3788 1.571226266e-06
3789 1.57060445e-06
3790 1.569983043e-06
3791 1.569362047e-06
3792 1.568741459e-06
3793 1.568121281e-06
3794 1.567501511e-06
3795 1.566882149e-06
3796 1.566263195e-06
3797 1.565644649e-06
3798 1.565026509e-06
3799 1.564408776e-06
3800 1.563791449e-06
3801 1.563174528e-06
3802 1.562558013e-06
3803 1.561941903e-06
3804 1.561326198e-06
3805 1.560710897e-06
3806 1.560096e-06
3807 1.559481506e-06
3808 1.558867417e-06
3809 1.558253729e-06
3810 1.557640445e-06
3811 1.557027563e-06
3812 1.556415082e-06
3813 1.555803003e-06
3814 1.555191325e-06
3815 1.554580048e-06
3816 1.553969171e-06
3817 1.553358694e-06
3818 1.552748616e-06
3819 1.552138938e-06
3820 1.551529659e-06
3821 1.550920778e-06
3822 1.550312296e-06
3823 1.549704211e-06
3824 1.549096523e-06
3825 1.548489233e-06
3826 1.547882339e-06
3827 1.547275842e-06
3828 1.546669741e-06
3829 1.546064035e-06
3830 1.545458724e-06
3831 1.544853809e-06
3832 1.544249287e-06
3833 1.54364516e-06
3834 1.543041427e-06
3835 1.542438088e-06
3836 1.541835141e-06
3837 1.541232587e-06
3838 1.540630425e-06
3839 1.540028656e-06
3840 1.539427278e-06
3841 1.538826291e-06
3842 1.538225695e-06
3843 1.53762549e-06
3844 1.537025675e-06
3845 1.53642625e-06
3846 1.535827215e-06
3847 1.535228569e-06
3848 1.534630311e-06
3849 1.534032442e-06
3850 1.533434961e-06
3851 1.532837868e-06
3852 1.532241162e-06
3853 1.531644843e-06
3854 1.531048911e-06
3855 1.530453365e-06
3856 1.529858205e-06
3857 1.529263431e-06
3858 1.528669042e-06
3859 1.528075039e-06
3860 1.527481419e-06
3861 1.526888184e-06
3862 1.526295333e-06
3863 1.525702865e-06
3864 1.525110781e-06
3865 1.524519079e-06
3866 1.52392776e-06
3867 1.523336824e-06
3868 1.522746268e-06
3869 1.522156095e-06
3870 1.521566302e-06
3871 1.520976891e-06
3872 1.520387859e-06
3873 1.519799208e-06
3874 1.519210937e-06
3875 1.518623045e-06
3876 1.518035532e-06
3877 1.517448398e-06
3878 1.516861642e-06
3879 1.516275264e-06
3880 1.515689264e-06
3881 1.515103641e-06
3882 1.514518395e-06
3883 1.513933526e-06
3884 1.513349034e-06
3885 1.512764917e-06
3886 1.512181176e-06
3887 1.51159781e-06
3888 1.51101482e-06
3889 1.510432203e-06
3890 1.509849962e-06
3891 1.509268094e-06
3892 1.5086866e-06
3893 1.508105479e-06
3894 1.507524731e-06
3895 1.506944356e-06
3896 1.506364353e-06
3897 1.505784722e-06
3898 1.505205462e-06
3899 1.504626574e-06
3900 1.504048057e-06
3901 1.503469911e-06
3902 1.502892135e-06
3903 1.502314728e-06
3904 1.501737692e-06
3905 1.501161025e-06
3906 1.500584726e-06
3907 1.500008797e-06
3908 1.499433235e-06
3909 1.498858042e-06
3910 1.498283216e-06
3911 1.497708758e-06
3912 1.497134666e-06
3913 1.496560942e-06
3914 1.495987583e-06
3915 1.495414591e-06
3916 1.494841964e-06
3917 1.494269703e-06
3918 1.493697807e-06
3919 1.493126275e-06
3920 1.492555108e-06
3921 1.491984305e-06
3922 1.491413865e-06
3923 1.490843789e-06
3924 1.490274076e-06
3925 1.489704726e-06
3926 1.489135738e-06
3927 1.488567113e-06
3928 1.487998849e-06
3929 1.487430947e-06
3930 1.486863405e-06
3931 1.486296225e-06
3932 1.485729405e-06
3933 1.485162945e-06
3934 1.484596846e-06
3935 1.484031105e-06
3936 1.483465724e-06
3937 1.482900702e-06
3938 1.482336038e-06
3939 1.481771733e-06
3940 1.481207786e-06
3941 1.480644196e-06
3942 1.480080964e-06
3943 1.479518088e-06
3944 1.478955569e-06
3945 1.478393407e-06
3946 1.477831601e-06
3947 1.47727015e-06
3948 1.476709055e-06
3949 1.476148315e-06
3950 1.475587929e-06
3951 1.475027899e-06
3952 1.474468222e-06
3953 1.473908899e-06
3954 1.47334993e-06
3955 1.472791314e-06
3956 1.472233051e-06
3957 1.47167514e-06
3958 1.471117582e-06
3959 1.470560375e-06
3960 1.470003521e-06
3961 1.469447017e-06
3962 1.468890865e-06
3963 1.468335064e-06
3964 1.467779612e-06
3965 1.467224511e-06
3966 1.46666976e-06
3967 1.466115358e-06
3968 1.465561306e-06
3969 1.465007602e-06
3970 1.464454247e-06
3971 1.46390124e-06
3972 1.463348582e-06
3973 1.46279627e-06
3974 1.462244306e-06
3975 1.46169269e-06
3976 1.461141419e-06
3977 1.460590496e-06
3978 1.460039918e-06
3979 1.459489687e-06
3980 1.4589398e-06
3981 1.458390259e-06
3982 1.457841063e-06
3983 1.457292212e-06
3984 1.456743704e-06
3985 1.456195541e-06
3986 1.455647722e-06
3987 1.455100246e-06
3988 1.454553113e-06
3989 1.454006322e-06
3990 1.453459875e-06
3991 1.452913769e-06
3992 1.452368006e-06
3993 1.451822584e-06
3994 1.451277503e-06
3995 1.450732763e-06
3996 1.450188364e-06
3997 1.449644305e-06
3998 1.449100587e-06
3999 1.448557208e-06
4000 1.448014169e-06
4001 1.447471469e-06
4002 1.446929108e-06
4003 1.446387085e-06
4004 1.445845401e-06
4005 1.445304055e-06
4006 1.444763046e-06
4007 1.444222375e-06
4008 1.443682041e-06
4009 1.443142044e-06
4010 1.442602384e-06
4011 1.44206306e-06
4012 1.441524071e-06
4013 1.440985419e-06
4014 1.440447102e-06
4015 1.43990912e-06
4016 1.439371472e-06
4017 1.438834159e-06
4018 1.438297181e-06
4019 1.437760536e-06
4020 1.437224225e-06
4021 1.436688247e-06
4022 1.436152603e-06
4023 1.435617291e-06
4024 1.435082311e-06
4025 1.434547664e-06
4026 1.434013349e-06
4027 1.433479365e-06
4028 1.432945713e-06
4029 1.432412391e-06
4030 1.431879401e-06
4031 1.43134674e-06
4032 1.43081441e-06
4033 1.43028241e-06
4034 1.42975074e-06
4035 1.429219398e-06
4036 1.428688386e-06
4037 1.428157703e-06
4038 1.427627348e-06
4039 1.427097321e-06
4040 1.426567622e-06
4041 1.426038251e-06
4042 1.425509207e-06
4043 1.424980489e-06
4044 1.424452099e-06
4045 1.423924035e-06
4046 1.423396298e-06
4047 1.422868886e-06
4048 1.4223418e-06
4049 1.421815039e-06
4050 1.421288604e-06
4051 1.420762493e-06
4052 1.420236706e-06
4053 1.419711244e-06
4054 1.419186106e-06
4055 1.418661291e-06
4056 1.4181368e-06
4057 1.417612632e-06
4058 1.417088787e-06
4059 1.416565264e-06
4060 1.416042064e-06
4061 1.415519185e-06
4062 1.414996628e-06
4063 1.414474393e-06
4064 1.413952479e-06
4065 1.413430886e-06
4066 1.412909613e-06
4067 1.41238866e-06
4068 1.411868028e-06
4069 1.411347716e-06
4070 1.410827723e-06
4071 1.410308049e-06
4072 1.409788694e-06
4073 1.409269658e-06
4074 1.40875094e-06
4075 1.408232541e-06
4076 1.407714459e-06
4077 1.407196695e-06
4078 1.406679248e-06
4079 1.406162118e-06
4080 1.405645305e-06
4081 1.405128808e-06
4082 1.404612628e-06
4083 1.404096764e-06
4084 1.403581215e-06
4085 1.403065982e-06
4086 1.402551064e-06
4087 1.402036461e-06
4088 1.401522172e-06
4089 1.401008198e-06
4090 1.400494538e-06
4091 1.399981191e-06
4092 1.399468158e-06
4093 1.398955439e-06
4094 1.398443032e-06
4095 1.397930938e-06
4096 1.397419157e-06
4097 1.396907688e-06
4098 1.39639653e-06
4099 1.395885685e-06
4100 1.39537515e-06
4101 1.394864927e-06
4102 1.394355015e-06
4103 1.393845413e-06
4104 1.393336122e-06
4105 1.392827141e-06
4106 1.39231847e-06
4107 1.391810108e-06
4108 1.391302055e-06
4109 1.390794311e-06
4110 1.390286877e-06
4111 1.38977975e-06
4112 1.389272932e-06
4113 1.388766422e-06
4114 1.38826022e-06
4115 1.387754325e-06
4116 1.387248737e-06
4117 1.386743456e-06
4118 1.386238482e-06
4119 1.385733814e-06
4120 1.385229452e-06
4121 1.384725396e-06
4122 1.384221646e-06
4123 1.383718201e-06
4124 1.383215061e-06
4125 1.382712226e-06
4126 1.382209696e-06
4127 1.38170747e-06
4128 1.381205548e-06
4129 1.38070393e-06
4130 1.380202615e-06
4131 1.379701604e-06
4132 1.379200896e-06
4133 1.37870049e-06
4134 1.378200387e-06
4135 1.377700587e-06
4136 1.377201088e-06
4137 1.376701891e-06
4138 1.376202996e-06
4139 1.375704402e-06
4140 1.375206108e-06
4141 1.374708116e-06
4142 1.374210424e-06
4143 1.373713032e-06
4144 1.373215941e-06
4145 1.372719149e-06
4146 1.372222656e-06
4147 1.371726463e-06
4148 1.371230568e-06
4149 1.370734973e-06
4150 1.370239676e-06
4151 1.369744677e-06
4152 1.369249976e-06
4153 1.368755572e-06
4154 1.368261466e-06
4155 1.367767658e-06
4156 1.367274146e-06
4157 1.366780931e-06
4158 1.366288013e-06
4159 1.36579539e-06
4160 1.365303064e-06
4161 1.364811033e-06
4162 1.364319298e-06
4163 1.363827858e-06
4164 1.363336713e-06
4165 1.362845863e-06
4166 1.362355307e-06
4167 1.361865045e-06
4168 1.361375078e-06
4169 1.360885404e-06
4170 1.360396023e-06
4171 1.359906936e-06
4172 1.359418142e-06
4173 1.35892964e-06
4174 1.358441431e-06
4175 1.357953515e-06
4176 1.35746589e-06
4177 1.356978557e-06
4178 1.356491516e-06
4179 1.356004766e-06
4180 1.355518307e-06
4181 1.355032138e-06
4182 1.35454626e-06
4183 1.354060673e-06
4184 1.353575376e-06
4185 1.353090368e-06
4186 1.35260565e-06
4187 1.352121221e-06
4188 1.351637082e-06
4189 1.351153231e-06
4190 1.350669669e-06
4191 1.350186395e-06
4192 1.349703409e-06
4193 1.349220712e-06
4194 1.348738301e-06
4195 1.348256179e-06
4196 1.347774343e-06
4197 1.347292795e-06
4198 1.346811533e-06
4199 1.346330557e-06
4200 1.345849868e-06
4201 1.345369465e-06
4202 1.344889347e-06
4203 1.344409515e-06
4204 1.343929968e-06
4205 1.343450706e-06
4206 1.342971729e-06
4207 1.342493037e-06
4208 1.342014629e-06
4209 1.341536505e-06
4210 1.341058664e-06
4211 1.340581108e-06
4212 1.340103834e-06
4213 1.339626844e-06
4214 1.339150137e-06
4215 1.338673712e-06
4216 1.33819757e-06
4217 1.33772171e-06
4218 1.337246132e-06
4219 1.336770836e-06
4220 1.336295821e-06
4221 1.335821088e-06
4222 1.335346635e-06
4223 1.334872463e-06
4224 1.334398572e-06
4225 1.333924961e-06
4226 1.333451631e-06
4227 1.33297858e-06
4228 1.332505808e-06
4229 1.332033316e-06
4230 1.331561104e-06
4231 1.33108917e-06
4232 1.330617515e-06
4233 1.330146138e-06
4234 1.32967504e-06
4235 1.32920422e-06
4236 1.328733677e-06
4237 1.328263412e-06
4238 1.327793425e-06
4239 1.327323714e-06
4240 1.32685428e-06
4241 1.326385123e-06
4242 1.325916243e-06
4243 1.325447638e-06
4244 1.32497931e-06
4245 1.324511257e-06
4246 1.32404348e-06
4247 1.323575978e-06
4248 1.323108751e-06
4249 1.322641799e-06
4250 1.322175121e-06
4251 1.321708718e-06
4252 1.321242589e-06
4253 1.320776734e-06
4254 1.320311153e-06
4255 1.319845845e-06
4256 1.31938081e-06
4257 1.318916049e-06
4258 1.31845156e-06
4259 1.317987344e-06
4260 1.3175234e-06
4261 1.317059728e-06
4262 1.316596328e-06
4263 1.3161332e-06
4264 1.315670343e-06
4265 1.315207758e-06
4266 1.314745443e-06
4267 1.314283399e-06
4268 1.313821626e-06
4269 1.313360123e-06
4270 1.312898891e-06
4271 1.312437928e-06
4272 1.311977235e-06
4273 1.311516811e-06
4274 1.311056657e-06
4275 1.310596771e-06
4276 1.310137155e-06
4277 1.309677807e-06
4278 1.309218727e-06
4279 1.308759915e-06
4280 1.308301372e-06
4281 1.307843096e-06
4282 1.307385087e-06
4283 1.306927346e-06
4284 1.306469872e-06
4285 1.306012665e-06
4286 1.305555724e-06
4287 1.30509905e-06
4288 1.304642642e-06
4289 1.3041865e-06
4290 1.303730623e-06
4291 1.303275012e-06
4292 1.302819667e-06
4293 1.302364586e-06
4294 1.30190977e-06
4295 1.301455219e-06
4296 1.301000933e-06
4297 1.300546911e-06
4298 1.300093152e-06
4299 1.299639658e-06
4300 1.299186427e-06
4301 1.298733459e-06
4302 1.298280755e-06
4303 1.297828313e-06
4304 1.297376135e-06
4305 1.296924219e-06
4306 1.296472565e-06
4307 1.296021173e-06
4308 1.295570043e-06
4309 1.295119175e-06
4310 1.294668568e-06
4311 1.294218222e-06
4312 1.293768138e-06
4313 1.293318314e-06
4314 1.292868751e-06
4315 1.292419448e-06
4316 1.291970405e-06
4317 1.291521623e-06
4318 1.2910731e-06
4319 1.290624836e-06
4320 1.290176832e-06
4321 1.289729088e-06
4322 1.289281602e-06
4323 1.288834374e-06
4324 1.288387406e-06
4325 1.287940695e-06
4326 1.287494243e-06
4327 1.287048048e-06
4328 1.286602111e-06
4329 1.286156432e-06
4330 1.28571101e-06
4331 1.285265845e-06
4332 1.284820937e-06
4333 1.284376285e-06
4334 1.28393189e-06
4335 1.283487751e-06
4336 1.283043868e-06
4337 1.28260024e-06
4338 1.282156869e-06
4339 1.281713753e-06
4340 1.281270891e-06
4341 1.280828285e-06
4342 1.280385934e-06
4343 1.279943837e-06
4344 1.279501995e-06
4345 1.279060407e-06
4346 1.278619072e-06
4347 1.278177992e-06
4348 1.277737165e-06
4349 1.277296591e-06
4350 1.27685627e-06
4351 1.276416203e-06
4352 1.275976388e-06
4353 1.275536825e-06
4354 1.275097515e-06
4355 1.274658457e-06
4356 1.274219651e-06
4357 1.273781097e-06
4358 1.273342794e-06
4359 1.272904743e-06
4360 1.272466942e-06
4361 1.272029393e-06
4362 1.271592094e-06
4363 1.271155046e-06
4364 1.270718248e-06
4365 1.2702817e-06
4366 1.269845402e-06
4367 1.269409353e-06
4368 1.268973554e-06
4369 1.268538005e-06
4370 1.268102704e-06
4371 1.267667653e-06
4372 1.26723285e-06
4373 1.266798296e-06
4374 1.26636399e-06
4375 1.265929932e-06
4376 1.265496122e-06
4377 1.26506256e-06
4378 1.264629245e-06
4379 1.264196177e-06
4380 1.263763357e-06
4381 1.263330783e-06
4382 1.262898457e-06
4383 1.262466376e-06
4384 1.262034543e-06
4385 1.261602955e-06
4386 1.261171613e-06
4387 1.260740517e-06
4388 1.260309666e-06
4389 1.259879061e-06
4390 1.259448701e-06
4391 1.259018586e-06
4392 1.258588716e-06
4393 1.25815909e-06
4394 1.257729708e-06
4395 1.257300571e-06
4396 1.256871678e-06
4397 1.256443029e-06
4398 1.256014623e-06
4399 1.25558646e-06
4400 1.255158541e-06
4401 1.254730865e-06
4402 1.254303431e-06
4403 1.25387624e-06
4404 1.253449292e-06
4405 1.253022586e-06
4406 1.252596122e-06
4407 1.2521699e-06
4408 1.251743919e-06
4409 1.25131818e-06
4410 1.250892682e-06
4411 1.250467425e-06
4412 1.25004241e-06
4413 1.249617634e-06
4414 1.2491931e-06
4415 1.248768805e-06
4416 1.248344751e-06
4417 1.247920937e-06
4418 1.247497363e-06
4419 1.247074028e-06
4420 1.246650932e-06
4421 1.246228076e-06
4422 1.245805459e-06
4423 1.24538308e-06
4424 1.24496094e-06
4425 1.244539039e-06
4426 1.244117375e-06
4427 1.24369595e-06
4428 1.243274763e-06
4429 1.242853813e-06
4430 1.242433101e-06
4431 1.242012626e-06
4432 1.241592389e-06
4433 1.241172388e-06
4434 1.240752624e-06
4435 1.240333096e-06
4436 1.239913805e-06
4437 1.23949475e-06
4438 1.239075931e-06
4439 1.238657348e-06
4440 1.238239e-06
4441 1.237820888e-06
4442 1.237403012e-06
4443 1.23698537e-06
4444 1.236567963e-06
4445 1.236150791e-06
4446 1.235733853e-06
4447 1.23531715e-06
4448 1.23490068e-06
4449 1.234484445e-06
4450 1.234068444e-06
4451 1.233652676e-06
4452 1.233237141e-06
4453 1.23282184e-06
4454 1.232406772e-06
4455 1.231991936e-06
4456 1.231577334e-06
4457 1.231162963e-06
4458 1.230748825e-06
4459 1.23033492e-06
4460 1.229921246e-06
4461 1.229507804e-06
4462 1.229094593e-06
4463 1.228681614e-06
4464 1.228268866e-06
4465 1.22785635e-06
4466 1.227444064e-06
4467 1.227032008e-06
4468 1.226620183e-06
4469 1.226208589e-06
4470 1.225797225e-06
4471 1.22538609e-06
4472 1.224975186e-06
4473 1.224564511e-06
4474 1.224154065e-06
4475 1.223743849e-06
4476 1.223333861e-06
4477 1.222924103e-06
4478 1.222514573e-06
4479 1.222105272e-06
4480 1.221696199e-06
4481 1.221287354e-06
4482 1.220878737e-06
4483 1.220470348e-06
4484 1.220062187e-06
4485 1.219654253e-06
4486 1.219246547e-06
4487 1.218839067e-06
4488 1.218431815e-06
4489 1.218024789e-06
4490 1.21761799e-06
4491 1.217211417e-06
4492 1.21680507e-06
4493 1.216398949e-06
4494 1.215993055e-06
4495 1.215587386e-06
4496 1.215181942e-06
4497 1.214776724e-06
4498 1.214371731e-06
4499 1.213966963e-06
4500 1.213562419e-06
4501 1.213158101e-06
4502 1.212754007e-06
4503 1.212350137e-06
4504 1.211946491e-06
4505 1.211543069e-06
4506 1.211139871e-06
4507 1.210736896e-06
4508 1.210334145e-06
4509 1.209931617e-06
4510 1.209529313e-06
4511 1.209127231e-06
4512 1.208725372e-06
4513 1.208323735e-06
4514 1.207922321e-06
4515 1.207521129e-06
4516 1.207120159e-06
4517 1.206719411e-06
4518 1.206318884e-06
4519 1.205918579e-06
4520 1.205518496e-06
4521 1.205118633e-06
4522 1.204718992e-06
4523 1.204319571e-06
4524 1.203920371e-06
4525 1.203521392e-06
4526 1.203122633e-06
4527 1.202724094e-06
4528 1.202325775e-06
4529 1.201927676e-06
4530 1.201529796e-06
4531 1.201132136e-06
4532 1.200734696e-06
4533 1.200337474e-06
4534 1.199940471e-06
4535 1.199543688e-06
4536 1.199147122e-06
4537 1.198750776e-06
4538 1.198354647e-06
4539 1.197958737e-06
4540 1.197563044e-06
4541 1.19716757e-06
4542 1.196772313e-06
4543 1.196377273e-06
4544 1.195982451e-06
4545 1.195587846e-06
4546 1.195193458e-06
4547 1.194799286e-06
4548 1.194405331e-06
4549 1.194011593e-06
4550 1.193618071e-06
4551 1.193224765e-06
4552 1.192831675e-06
4553 1.192438801e-06
4554 1.192046142e-06
4555 1.191653699e-06
4556 1.191261471e-06
4557 1.190869458e-06
4558 1.19047766e-06
4559 1.190086077e-06
4560 1.189694709e-06
4561 1.189303555e-06
4562 1.188912615e-06
4563 1.18852189e-06
4564 1.188131378e-06
4565 1.187741081e-06
4566 1.187350997e-06
4567 1.186961126e-06
4568 1.186571469e-06
4569 1.186182024e-06
4570 1.185792793e-06
4571 1.185403775e-06
4572 1.185014969e-06
4573 1.184626376e-06
4574 1.184237995e-06
4575 1.183849826e-06
4576 1.18346187e-06
4577 1.183074125e-06
4578 1.182686592e-06
4579 1.18229927e-06
4580 1.18191216e-06
4581 1.181525261e-06
4582 1.181138573e-06
4583 1.180752096e-06
4584 1.180365829e-06
4585 1.179979773e-06
4586 1.179593928e-06
4587 1.179208293e-06
4588 1.178822868e-06
4589 1.178437652e-06
4590 1.178052647e-06
4591 1.177667851e-06
4592 1.177283264e-06
4593 1.176898887e-06
4594 1.176514719e-06
4595 1.17613076e-06
4596 1.17574701e-06
4597 1.175363468e-06
4598 1.174980135e-06
4599 1.17459701e-06
4600 1.174214093e-06
4601 1.173831385e-06
4602 1.173448884e-06
4603 1.173066591e-06
4604 1.172684505e-06
4605 1.172302627e-06
4606 1.171920956e-06
4607 1.171539492e-06
4608 1.171158235e-06
4609 1.170777184e-06
4610 1.17039634e-06
4611 1.170015703e-06
4612 1.169635272e-06
4613 1.169255047e-06
4614 1.168875028e-06
4615 1.168495215e-06
4616 1.168115607e-06
4617 1.167736205e-06
4618 1.167357009e-06
4619 1.166978017e-06
4620 1.166599231e-06
4621 1.166220649e-06
4622 1.165842272e-06
4623 1.1654641e-06
4624 1.165086132e-06
4625 1.164708368e-06
4626 1.164330809e-06
4627 1.163953453e-06
4628 1.163576301e-06
4629 1.163199353e-06
4630 1.162822608e-06
4631 1.162446067e-06
4632 1.162069729e-06
4633 1.161693594e-06
4634 1.161317661e-06
4635 1.160941932e-06
4636 1.160566404e-06
4637 1.16019108e-06
4638 1.159815957e-06
4639 1.159441037e-06
4640 1.159066319e-06
4641 1.158691802e-06
4642 1.158317487e-06
4643 1.157943374e-06
4644 1.157569462e-06
4645 1.157195751e-06
4646 1.156822241e-06
4647 1.156448932e-06
4648 1.156075824e-06
4649 1.155702916e-06
4650 1.155330209e-06
4651 1.154957702e-06
4652 1.154585395e-06
4653 1.154213289e-06
4654 1.153841382e-06
4655 1.153469674e-06
4656 1.153098167e-06
4657 1.152726858e-06
4658 1.152355749e-06
4659 1.151984839e-06
4660 1.151614128e-06
4661 1.151243615e-06
4662 1.150873302e-06
4663 1.150503187e-06
4664 1.15013327e-06
4665 1.149763551e-06
4666 1.14939403e-06
4667 1.149024708e-06
4668 1.148655582e-06
4669 1.148286655e-06
4670 1.147917925e-06
4671 1.147549392e-06
4672 1.147181057e-06
4673 1.146812918e-06
4674 1.146444977e-06
4675 1.146077232e-06
4676 1.145709683e-06
4677 1.145342331e-06
4678 1.144975175e-06
4679 1.144608216e-06
4680 1.144241452e-06
4681 1.143874884e-06
4682 1.143508512e-06
4683 1.143142336e-06
4684 1.142776354e-06
4685 1.142410568e-06
4686 1.142044978e-06
4687 1.141679582e-06
4688 1.141314381e-06
4689 1.140949374e-06
4690 1.140584562e-06
4691 1.140219945e-06
4692 1.139855521e-06
4693 1.139491292e-06
4694 1.139127257e-06
4695 1.138763415e-06
4696 1.138399767e-06
4697 1.138036313e-06
4698 1.137673052e-06
4699 1.137309984e-06
4700 1.136947109e-06
4701 1.136584427e-06
4702 1.136221938e-06
4703 1.135859642e-06
4704 1.135497538e-06
4705 1.135135626e-06
4706 1.134773907e-06
4707 1.13441238e-06
4708 1.134051044e-06
4709 1.133689901e-06
4710 1.133328949e-06
4711 1.132968188e-06
4712 1.132607619e-06
4713 1.132247241e-06
4714 1.131887055e-06
4715 1.131527059e-06
4716 1.131167254e-06
4717 1.130807639e-06
4718 1.130448215e-06
4719 1.130088982e-06
4720 1.129729938e-06
4721 1.129371085e-06
4722 1.129012422e-06
4723 1.128653948e-06
4724 1.128295664e-06
4725 1.12793757e-06
4726 1.127579665e-06
4727 1.127221949e-06
4728 1.126864422e-06
4729 1.126507085e-06
4730 1.126149936e-06
4731 1.125792976e-06
4732 1.125436204e-06
4733 1.125079621e-06
4734 1.124723226e-06
4735 1.124367019e-06
4736 1.124011e-06
4737 1.123655169e-06
4738 1.123299526e-06
4739 1.12294407e-06
4740 1.122588801e-06
4741 1.12223372e-06
4742 1.121878826e-06
4743 1.12152412e-06
4744 1.121169599e-06
4745 1.120815266e-06
4746 1.12046112e-06
4747 1.120107159e-06
4748 1.119753385e-06
4749 1.119399798e-06
4750 1.119046396e-06
4751 1.11869318e-06
4752 1.11834015e-06
4753 1.117987306e-06
4754 1.117634647e-06
4755 1.117282174e-06
4756 1.116929885e-06
4757 1.116577782e-06
4758 1.116225864e-06
4759 1.115874131e-06
4760 1.115522582e-06
4761 1.115171218e-06
4762 1.114820038e-06
4763 1.114469043e-06
4764 1.114118231e-06
4765 1.113767604e-06
4766 1.113417161e-06
4767 1.113066901e-06
4768 1.112716825e-06
4769 1.112366932e-06
4770 1.112017223e-06
4771 1.111667697e-06
4772 1.111318354e-06
4773 1.110969194e-06
4774 1.110620216e-06
4775 1.110271422e-06
4776 1.10992281e-06
4777 1.10957438e-06
4778 1.109226133e-06
4779 1.108878067e-06
4780 1.108530184e-06
4781 1.108182483e-06
4782 1.107834963e-06
4783 1.107487625e-06
4784 1.107140468e-06
4785 1.106793493e-06
4786 1.106446699e-06
4787 1.106100086e-06
4788 1.105753653e-06
4789 1.105407402e-06
4790 1.105061331e-06
4791 1.104715441e-06
4792 1.104369732e-06
4793 1.104024202e-06
4794 1.103678853e-06
4795 1.103333683e-06
4796 1.102988694e-06
4797 1.102643884e-06
4798 1.102299254e-06
4799 1.101954804e-06
4800 1.101610532e-06
4801 1.10126644e-06
4802 1.100922528e-06
4803 1.100578794e-06
4804 1.100235239e-06
4805 1.099891862e-06
4806 1.099548664e-06
4807 1.099205645e-06
4808 1.098862804e-06
4809 1.098520141e-06
4810 1.098177656e-06
4811 1.097835349e-06
4812 1.09749322e-06
4813 1.097151269e-06
4814 1.096809495e-06
4815 1.096467898e-06
4816 1.096126479e-06
4817 1.095785237e-06
4818 1.095444172e-06
4819 1.095103284e-06
4820 1.094762572e-06
4821 1.094422037e-06
4822 1.094081679e-06
4823 1.093741497e-06
4824 1.093401492e-06
4825 1.093061662e-06
4826 1.092722008e-06
4827 1.092382531e-06
4828 1.092043229e-06
4829 1.091704103e-06
4830 1.091365152e-06
4831 1.091026376e-06
4832 1.090687776e-06
4833 1.090349351e-06
4834 1.090011101e-06
4835 1.089673026e-06
4836 1.089335125e-06
4837 1.088997399e-06
4838 1.088659847e-06
4839 1.08832247e-06
4840 1.087985267e-06
4841 1.087648239e-06
4842 1.087311384e-06
4843 1.086974703e-06
4844 1.086638195e-06
4845 1.086301862e-06
4846 1.085965701e-06
4847 1.085629714e-06
4848 1.085293901e-06
4849 1.08495826e-06
4850 1.084622793e-06
4851 1.084287498e-06
4852 1.083952376e-06
4853 1.083617426e-06
4854 1.083282649e-06
4855 1.082948044e-06
4856 1.082613612e-06
4857 1.082279352e-06
4858 1.081945263e-06
4859 1.081611347e-06
4860 1.081277602e-06
4861 1.080944029e-06
4862 1.080610627e-06
4863 1.080277397e-06
4864 1.079944337e-06
4865 1.079611449e-06
4866 1.079278732e-06
4867 1.078946186e-06
4868 1.078613811e-06
4869 1.078281606e-06
4870 1.077949571e-06
4871 1.077617707e-06
4872 1.077286014e-06
4873 1.07695449e-06
4874 1.076623136e-06
4875 1.076291953e-06
4876 1.075960939e-06
4877 1.075630094e-06
4878 1.075299419e-06
4879 1.074968914e-06
4880 1.074638578e-06
4881 1.074308411e-06
4882 1.073978413e-06
4883 1.073648584e-06
4884 1.073318924e-06
4885 1.072989432e-06
4886 1.072660109e-06
4887 1.072330954e-06
4888 1.072001968e-06
4889 1.07167315e-06
4890 1.0713445e-06
4891 1.071016018e-06
4892 1.070687703e-06
4893 1.070359557e-06
4894 1.070031578e-06
4895 1.069703766e-06
4896 1.069376122e-06
4897 1.069048645e-06
4898 1.068721335e-06
4899 1.068394192e-06
4900 1.068067216e-06
4901 1.067740407e-06
4902 1.067413764e-06
4903 1.067087288e-06
4904 1.066760978e-06
4905 1.066434835e-06
4906 1.066108857e-06
4907 1.065783046e-06
4908 1.065457401e-06
4909 1.065131921e-06
4910 1.064806607e-06
4911 1.064481459e-06
4912 1.064156476e-06
4913 1.063831658e-06
4914 1.063507006e-06
4915 1.063182519e-06
4916 1.062858197e-06
4917 1.062534039e-06
4918 1.062210046e-06
4919 1.061886218e-06
4920 1.061562555e-06
4921 1.061239056e-06
4922 1.060915721e-06
4923 1.06059255e-06
4924 1.060269543e-06
4925 1.0599467e-06
4926 1.059624021e-06
4927 1.059301506e-06
4928 1.058979154e-06
4929 1.058656966e-06
4930 1.058334941e-06
4931 1.058013079e-06
4932 1.057691381e-06
4933 1.057369845e-06
4934 1.057048473e-06
4935 1.056727263e-06
4936 1.056406215e-06
4937 1.05608533e-06
4938 1.055764608e-06
4939 1.055444048e-06
4940 1.05512365e-06
4941 1.054803414e-06
4942 1.05448334e-06
4943 1.054163428e-06
4944 1.053843678e-06
4945 1.053524089e-06
4946 1.053204662e-06
4947 1.052885396e-06
4948 1.052566292e-06
4949 1.052247349e-06
4950 1.051928566e-06
4951 1.051609945e-06
4952 1.051291484e-06
4953 1.050973184e-06
4954 1.050655045e-06
4955 1.050337066e-06
4956 1.050019248e-06
4957 1.04970159e-06
4958 1.049384091e-06
4959 1.049066753e-06
4960 1.048749575e-06
4961 1.048432557e-06
4962 1.048115698e-06
4963 1.047798999e-06
4964 1.047482459e-06
4965 1.047166079e-06
4966 1.046849858e-06
4967 1.046533796e-06
4968 1.046217893e-06
4969 1.045902149e-06
4970 1.045586564e-06
4971 1.045271137e-06
4972 1.044955869e-06
4973 1.04464076e-06
4974 1.044325808e-06
4975 1.044011015e-06
4976 1.043696381e-06
4977 1.043381904e-06
4978 1.043067585e-06
4979 1.042753423e-06
4980 1.04243942e-06
4981 1.042125574e-06
4982 1.041811885e-06
4983 1.041498354e-06
4984 1.04118498e-06
4985 1.040871763e-06
4986 1.040558704e-06
4987 1.040245801e-06
4988 1.039933055e-06
4989 1.039620465e-06
4990 1.039308032e-06
4991 1.038995756e-06
4992 1.038683636e-06
4993 1.038371672e-06
4994 1.038059864e-06
4995 1.037748212e-06
4996 1.037436717e-06
4997 1.037125377e-06
4998 1.036814192e-06
4999 1.036503164e-06
5000 1.03619229e-06
5001 1.035881573e-06
5002 1.03557101e-06
5003 1.035260602e-06
5004 1.03495035e-06
5005 1.034640253e-06
5006 1.03433031e-06
5007 1.034020522e-06
5008 1.033710889e-06
5009 1.03340141e-06
5010 1.033092085e-06
5011 1.032782915e-06
5012 1.032473899e-06
5013 1.032165037e-06
5014 1.031856329e-06
5015 1.031547775e-06
5016 1.031239375e-06
5017 1.030931128e-06
5018 1.030623035e-06
5019 1.030315095e-06
5020 1.030007309e-06
5021 1.029699676e-06
5022 1.029392196e-06
5023 1.029084868e-06
5024 1.028777694e-06
5025 1.028470673e-06
5026 1.028163804e-06
5027 1.027857088e-06
5028 1.027550524e-06
5029 1.027244113e-06
5030 1.026937854e-06
5031 1.026631747e-06
5032 1.026325792e-06
5033 1.026019989e-06
5034 1.025714338e-06
5035 1.025408838e-06
5036 1.02510349e-06
5037 1.024798294e-06
5038 1.024493249e-06
5039 1.024188356e-06
5040 1.023883613e-06
5041 1.023579022e-06
5042 1.023274582e-06
5043 1.022970292e-06
5044 1.022666154e-06
5045 1.022362166e-06
5046 1.022058328e-06
5047 1.021754641e-06
5048 1.021451105e-06
5049 1.021147718e-06
5050 1.020844482e-06
5051 1.020541396e-06
5052 1.02023846e-06
5053 1.019935674e-06
5054 1.019633037e-06
5055 1.01933055e-06
5056 1.019028213e-06
5057 1.018726025e-06
5058 1.018423986e-06
5059 1.018122097e-06
5060 1.017820356e-06
5061 1.017518765e-06
5062 1.017217323e-06
5063 1.016916029e-06
5064 1.016614884e-06
5065 1.016313888e-06
5066 1.01601304e-06
5067 1.015712341e-06
5068 1.01541179e-06
5069 1.015111387e-06
5070 1.014811132e-06
5071 1.014511025e-06
5072 1.014211067e-06
5073 1.013911255e-06
5074 1.013611592e-06
5075 1.013312076e-06
5076 1.013012708e-06
5077 1.012713487e-06
5078 1.012414413e-06
5079 1.012115486e-06
5080 1.011816707e-06
5081 1.011518074e-06
5082 1.011219589e-06
5083 1.01092125e-06
5084 1.010623058e-06
5085 1.010325012e-06
5086 1.010027113e-06
5087 1.00972936e-06
5088 1.009431754e-06
5089 1.009134293e-06
5090 1.008836979e-06
5091 1.008539811e-06
5092 1.008242788e-06
5093 1.007945911e-06
5094 1.00764918e-06
5095 1.007352595e-06
5096 1.007056155e-06
5097 1.00675986e-06
5098 1.006463711e-06
5099 1.006167707e-06
5100 1.005871847e-06
5101 1.005576133e-06
5102 1.005280564e-06
5103 1.004985139e-06
5104 1.004689859e-06
5105 1.004394724e-06
5106 1.004099733e-06
5107 1.003804887e-06
5108 1.003510185e-06
5109 1.003215627e-06
5110 1.002921213e-06
5111 1.002626943e-06
5112 1.002332816e-06
5113 1.002038834e-06
5114 1.001744995e-06
5115 1.0014513e-06
5116 1.001157749e-06
5117 1.000864341e-06
5118 1.000571076e-06
5119 1.000277954e-06
5120 9.999849752e-07
5121 9.996921395e-07
5122 9.993994467e-07
5123 9.991068968e-07
5124 9.988144895e-07
5125 9.985222249e-07
5126 9.982301027e-07
5127 9.979381229e-07
5128 9.976462855e-07
5129 9.973545903e-07
5130 9.970630372e-07
5131 9.967716261e-07
5132 9.964803569e-07
5133 9.961892296e-07
5134 9.95898244e-07
5135 9.956074e-07
5136 9.953166976e-07
5137 9.950261366e-07
5138 9.947357169e-07
5139 9.944454385e-07
5140 9.941553013e-07
5141 9.938653051e-07
5142 9.935754498e-07
5143 9.932857355e-07
5144 9.929961619e-07
5145 9.927067289e-07
5146 9.924174366e-07
5147 9.921282847e-07
5148 9.918392732e-07
5149 9.91550402e-07
5150 9.91261671e-07
5151 9.909730801e-07
5152 9.906846292e-07
5153 9.903963182e-07
5154 9.90108147e-07
5155 9.898201155e-07
5156 9.895322237e-07
5157 9.892444714e-07
5158 9.889568585e-07
5159 9.88669385e-07
5160 9.883820507e-07
5161 9.880948556e-07
5162 9.878077995e-07
5163 9.875208824e-07
5164 9.872341042e-07
5165 9.869474647e-07
5166 9.866609639e-07
5167 9.863746017e-07
5168 9.86088378e-07
5169 9.858022927e-07
5170 9.855163457e-07
5171 9.852305369e-07
5172 9.849448662e-07
5173 9.846593336e-07
5174 9.843739389e-07
5175 9.84088682e-07
5176 9.838035629e-07
5177 9.835185814e-07
5178 9.832337375e-07
5179 9.82949031e-07
5180 9.826644619e-07
5181 9.823800301e-07
5182 9.820957355e-07
5183 9.81811578e-07
5184 9.815275575e-07
5185 9.812436739e-07
5186 9.809599271e-07
5187 9.80676317e-07
5188 9.803928436e-07
5189 9.801095067e-07
5190 9.798263063e-07
5191 9.795432422e-07
5192 9.792603144e-07
5193 9.789775228e-07
5194 9.786948672e-07
5195 9.784123477e-07
5196 9.78129964e-07
5197 9.778477161e-07
5198 9.77565604e-07
5199 9.772836275e-07
5200 9.770017865e-07
5201 9.767200809e-07
5202 9.764385107e-07
5203 9.761570758e-07
5204 9.75875776e-07
5205 9.755946113e-07
5206 9.753135816e-07
5207 9.750326868e-07
5208 9.747519268e-07
5209 9.744713016e-07
5210 9.741908109e-07
5211 9.739104548e-07
5212 9.736302331e-07
5213 9.733501458e-07
5214 9.730701927e-07
5215 9.727903738e-07
5216 9.72510689e-07
5217 9.722311382e-07
5218 9.719517213e-07
5219 9.716724382e-07
5220 9.713932888e-07
5221 9.711142731e-07
5222 9.708353909e-07
5223 9.705566422e-07
5224 9.702780268e-07
5225 9.699995447e-07
5226 9.697211958e-07
5227 9.6944298e-07
5228 9.691648972e-07
5229 9.688869473e-07
5230 9.686091303e-07
5231 9.68331446e-07
5232 9.680538943e-07
5233 9.677764752e-07
5234 9.674991886e-07
5235 9.672220344e-07
5236 9.669450125e-07
5237 9.666681228e-07
5238 9.663913652e-07
5239 9.661147396e-07
5240 9.65838246e-07
5241 9.655618843e-07
5242 9.652856543e-07
5243 9.65009556e-07
5244 9.647335893e-07
5245 9.644577541e-07
5246 9.641820504e-07
5247 9.639064779e-07
5248 9.636310367e-07
5249 9.633557267e-07
5250 9.630805477e-07
5251 9.628054997e-07
5252 9.625305826e-07
5253 9.622557963e-07
5254 9.619811408e-07
5255 9.617066158e-07
5256 9.614322214e-07
5257 9.611579575e-07
5258 9.608838239e-07
5259 9.606098207e-07
5260 9.603359476e-07
5261 9.600622046e-07
5262 9.597885917e-07
5263 9.595151087e-07
5264 9.592417555e-07
5265 9.589685321e-07
5266 9.586954384e-07
5267 9.584224743e-07
5268 9.581496397e-07
5269 9.578769346e-07
5270 9.576043587e-07
5271 9.573319121e-07
5272 9.570595947e-07
5273 9.567874064e-07
5274 9.56515347e-07
5275 9.562434166e-07
5276 9.559716149e-07
5277 9.556999421e-07
5278 9.554283978e-07
5279 9.551569821e-07
5280 9.54885695e-07
5281 9.546145362e-07
5282 9.543435057e-07
5283 9.540726034e-07
5284 9.538018293e-07
5285 9.535311832e-07
5286 9.532606652e-07
5287 9.52990275e-07
5288 9.527200126e-07
5289 9.524498779e-07
5290 9.521798708e-07
5291 9.519099913e-07
5292 9.516402393e-07
5293 9.513706146e-07
5294 9.511011173e-07
5295 9.508317471e-07
5296 9.505625041e-07
5297 9.502933881e-07
5298 9.500243991e-07
5299 9.497555369e-07
5300 9.494868016e-07
5301 9.492181929e-07
5302 9.489497109e-07
5303 9.486813554e-07
5304 9.484131264e-07
5305 9.481450237e-07
5306 9.478770474e-07
5307 9.476091972e-07
5308 9.473414732e-07
5309 9.470738752e-07
5310 9.468064032e-07
5311 9.46539057e-07
5312 9.462718367e-07
5313 9.46004742e-07
5314 9.45737773e-07
5315 9.454709295e-07
5316 9.452042115e-07
5317 9.449376189e-07
5318 9.446711515e-07
5319 9.444048094e-07
5320 9.441385924e-07
5321 9.438725004e-07
5322 9.436065335e-07
5323 9.433406914e-07
5324 9.430749741e-07
5325 9.428093815e-07
5326 9.425439135e-07
5327 9.422785702e-07
5328 9.420133513e-07
5329 9.417482567e-07
5330 9.414832865e-07
5331 9.412184406e-07
5332 9.409537188e-07
5333 9.40689121e-07
5334 9.404246472e-07
5335 9.401602974e-07
5336 9.398960713e-07
5337 9.39631969e-07
5338 9.393679904e-07
5339 9.391041353e-07
5340 9.388404038e-07
5341 9.385767956e-07
5342 9.383133108e-07
5343 9.380499493e-07
5344 9.377867109e-07
5345 9.375235956e-07
5346 9.372606034e-07
5347 9.36997734e-07
5348 9.367349875e-07
5349 9.364723638e-07
5350 9.362098628e-07
5351 9.359474844e-07
5352 9.356852286e-07
5353 9.354230951e-07
5354 9.351610841e-07
5355 9.348991954e-07
5356 9.346374288e-07
5357 9.343757844e-07
5358 9.341142621e-07
5359 9.338528617e-07
5360 9.335915832e-07
5361 9.333304265e-07
5362 9.330693916e-07
5363 9.328084783e-07
5364 9.325476866e-07
5365 9.322870164e-07
5366 9.320264676e-07
5367 9.317660401e-07
5368 9.315057339e-07
5369 9.312455489e-07
5370 9.30985485e-07
5371 9.307255421e-07
5372 9.304657201e-07
5373 9.30206019e-07
5374 9.299464387e-07
5375 9.296869791e-07
5376 9.294276402e-07
5377 9.291684218e-07
5378 9.289093238e-07
5379 9.286503463e-07
5380 9.28391489e-07
5381 9.28132752e-07
5382 9.278741352e-07
5383 9.276156384e-07
5384 9.273572617e-07
5385 9.270990048e-07
5386 9.268408678e-07
5387 9.265828506e-07
5388 9.263249531e-07
5389 9.260671752e-07
5390 9.258095168e-07
5391 9.255519778e-07
5392 9.252945583e-07
5393 9.250372581e-07
5394 9.24780077e-07
5395 9.245230152e-07
5396 9.242660724e-07
5397 9.240092486e-07
5398 9.237525437e-07
5399 9.234959576e-07
5400 9.232394903e-07
5401 9.229831417e-07
5402 9.227269118e-07
5403 9.224708003e-07
5404 9.222148073e-07
5405 9.219589327e-07
5406 9.217031763e-07
5407 9.214475382e-07
5408 9.211920183e-07
5409 9.209366164e-07
5410 9.206813325e-07
5411 9.204261666e-07
5412 9.201711184e-07
5413 9.199161881e-07
5414 9.196613754e-07
5415 9.194066804e-07
5416 9.191521029e-07
5417 9.188976428e-07
5418 9.186433001e-07
5419 9.183890748e-07
5420 9.181349667e-07
5421 9.178809757e-07
5422 9.176271019e-07
5423 9.17373345e-07
5424 9.171197051e-07
5425 9.16866182e-07
5426 9.166127757e-07
5427 9.163594861e-07
5428 9.161063132e-07
5429 9.158532568e-07
5430 9.156003169e-07
5431 9.153474934e-07
5432 9.150947862e-07
5433 9.148421953e-07
5434 9.145897206e-07
5435 9.143373619e-07
5436 9.140851194e-07
5437 9.138329927e-07
5438 9.13580982e-07
5439 9.13329087e-07
5440 9.130773078e-07
5441 9.128256443e-07
5442 9.125740963e-07
5443 9.123226638e-07
5444 9.120713468e-07
5445 9.118201452e-07
5446 9.115690588e-07
5447 9.113180877e-07
5448 9.110672316e-07
5449 9.108164907e-07
5450 9.105658647e-07
5451 9.103153537e-07
5452 9.100649575e-07
5453 9.098146761e-07
5454 9.095645094e-07
5455 9.093144573e-07
5456 9.090645197e-07
5457 9.088146967e-07
5458 9.08564988e-07
5459 9.083153937e-07
5460 9.080659136e-07
5461 9.078165477e-07
5462 9.075672959e-07
5463 9.073181581e-07
5464 9.070691344e-07
5465 9.068202245e-07
5466 9.065714284e-07
5467 9.063227461e-07
5468 9.060741774e-07
5469 9.058257224e-07
5470 9.055773808e-07
5471 9.053291528e-07
5472 9.050810381e-07
5473 9.048330367e-07
5474 9.045851485e-07
5475 9.043373736e-07
5476 9.040897117e-07
5477 9.038421628e-07
5478 9.035947269e-07
5479 9.033474039e-07
5480 9.031001936e-07
5481 9.028530961e-07
5482 9.026061113e-07
5483 9.02359239e-07
5484 9.021124793e-07
5485 9.01865832e-07
5486 9.016192971e-07
5487 9.013728745e-07
5488 9.011265641e-07
5489 9.008803658e-07
5490 9.006342797e-07
5491 9.003883056e-07
5492 9.001424434e-07
5493 8.998966931e-07
5494 8.996510546e-07
5495 8.994055278e-07
5496 8.991601126e-07
5497 8.989148091e-07
5498 8.986696171e-07
5499 8.984245365e-07
5500 8.981795673e-07
5501 8.979347094e-07
5502 8.976899628e-07
5503 8.974453273e-07
5504 8.972008029e-07
5505 8.969563895e-07
5506 8.96712087e-07
5507 8.964678955e-07
5508 8.962238147e-07
5509 8.959798447e-07
5510 8.957359854e-07
5511 8.954922367e-07
5512 8.952485985e-07
5513 8.950050707e-07
5514 8.947616534e-07
5515 8.945183463e-07
5516 8.942751495e-07
5517 8.940320629e-07
5518 8.937890864e-07
5519 8.935462199e-07
5520 8.933034634e-07
5521 8.930608168e-07
5522 8.9281828e-07
5523 8.92575853e-07
5524 8.923335357e-07
5525 8.92091328e-07
5526 8.918492299e-07
5527 8.916072412e-07
5528 8.91365362e-07
5529 8.91123592e-07
5530 8.908819314e-07
5531 8.9064038e-07
5532 8.903989377e-07
5533 8.901576045e-07
5534 8.899163802e-07
5535 8.896752649e-07
5536 8.894342585e-07
5537 8.891933609e-07
5538 8.889525719e-07
5539 8.887118917e-07
5540 8.8847132e-07
5541 8.882308568e-07
5542 8.879905021e-07
5543 8.877502558e-07
5544 8.875101177e-07
5545 8.87270088e-07
5546 8.870301664e-07
5547 8.867903529e-07
5548 8.865506474e-07
5549 8.863110499e-07
5550 8.860715603e-07
5551 8.858321786e-07
5552 8.855929046e-07
5553 8.853537383e-07
5554 8.851146796e-07
5555 8.848757285e-07
5556 8.846368849e-07
5557 8.843981488e-07
5558 8.8415952e-07
5559 8.839209984e-07
5560 8.836825841e-07
5561 8.83444277e-07
5562 8.83206077e-07
5563 8.829679839e-07
5564 8.827299979e-07
5565 8.824921187e-07
5566 8.822543463e-07
5567 8.820166807e-07
5568 8.817791218e-07
5569 8.815416695e-07
5570 8.813043238e-07
5571 8.810670845e-07
5572 8.808299516e-07
5573 8.805929252e-07
5574 8.803560049e-07
5575 8.80119191e-07
5576 8.798824831e-07
5577 8.796458814e-07
5578 8.794093856e-07
5579 8.791729959e-07
5580 8.78936712e-07
5581 8.787005339e-07
5582 8.784644616e-07
5583 8.782284949e-07
5584 8.779926339e-07
5585 8.777568785e-07
5586 8.775212285e-07
5587 8.772856839e-07
5588 8.770502447e-07
5589 8.768149108e-07
5590 8.765796821e-07
5591 8.763445586e-07
5592 8.761095402e-07
5593 8.758746268e-07
5594 8.756398183e-07
5595 8.754051148e-07
5596 8.751705161e-07
5597 8.749360221e-07
5598 8.747016329e-07
5599 8.744673483e-07
5600 8.742331682e-07
5601 8.739990927e-07
5602 8.737651215e-07
5603 8.735312548e-07
5604 8.732974924e-07
5605 8.730638342e-07
5606 8.728302802e-07
5607 8.725968303e-07
5608 8.723634844e-07
5609 8.721302425e-07
5610 8.718971046e-07
5611 8.716640705e-07
5612 8.714311402e-07
5613 8.711983136e-07
5614 8.709655906e-07
5615 8.707329713e-07
5616 8.705004555e-07
5617 8.702680431e-07
5618 8.700357342e-07
5619 8.698035286e-07
5620 8.695714262e-07
5621 8.693394271e-07
5622 8.691075311e-07
5623 8.688757382e-07
5624 8.686440483e-07
5625 8.684124613e-07
5626 8.681809773e-07
5627 8.67949596e-07
5628 8.677183175e-07
5629 8.674871418e-07
5630 8.672560686e-07
5631 8.67025098e-07
5632 8.667942299e-07
5633 8.665634643e-07
5634 8.66332801e-07
5635 8.661022401e-07
5636 8.658717813e-07
5637 8.656414248e-07
5638 8.654111704e-07
5639 8.651810181e-07
5640 8.649509677e-07
5641 8.647210193e-07
5642 8.644911728e-07
5643 8.64261428e-07
5644 8.64031785e-07
5645 8.638022437e-07
5646 8.63572804e-07
5647 8.633434659e-07
5648 8.631142292e-07
5649 8.62885094e-07
5650 8.626560601e-07
5651 8.624271275e-07
5652 8.621982962e-07
5653 8.619695661e-07
5654 8.61740937e-07
5655 8.615124091e-07
5656 8.612839821e-07
5657 8.61055656e-07
5658 8.608274308e-07
5659 8.605993064e-07
5660 8.603712827e-07
5661 8.601433597e-07
5662 8.599155374e-07
5663 8.596878156e-07
5664 8.594601942e-07
5665 8.592326733e-07
5666 8.590052528e-07
5667 8.587779326e-07
5668 8.585507126e-07
5669 8.583235928e-07
5670 8.580965731e-07
5671 8.578696535e-07
5672 8.576428338e-07
5673 8.574161141e-07
5674 8.571894943e-07
5675 8.569629743e-07
5676 8.56736554e-07
5677 8.565102335e-07
5678 8.562840125e-07
5679 8.560578911e-07
5680 8.558318692e-07
5681 8.556059468e-07
5682 8.553801237e-07
5683 8.551544e-07
5684 8.549287755e-07
5685 8.547032502e-07
5686 8.544778241e-07
5687 8.54252497e-07
5688 8.540272689e-07
5689 8.538021398e-07
5690 8.535771096e-07
5691 8.533521782e-07
5692 8.531273456e-07
5693 8.529026117e-07
5694 8.526779765e-07
5695 8.524534398e-07
5696 8.522290017e-07
5697 8.52004662e-07
5698 8.517804207e-07
5699 8.515562778e-07
5700 8.513322332e-07
5701 8.511082868e-07
5702 8.508844386e-07
5703 8.506606885e-07
5704 8.504370364e-07
5705 8.502134823e-07
5706 8.499900261e-07
5707 8.497666678e-07
5708 8.495434073e-07
5709 8.493202446e-07
5710 8.490971795e-07
5711 8.488742121e-07
5712 8.486513422e-07
5713 8.484285698e-07
5714 8.482058949e-07
5715 8.479833173e-07
5716 8.477608371e-07
5717 8.475384542e-07
5718 8.473161685e-07
5719 8.470939799e-07
5720 8.468718884e-07
5721 8.466498939e-07
5722 8.464279964e-07
5723 8.462061958e-07
5724 8.459844921e-07
5725 8.457628852e-07
5726 8.45541375e-07
5727 8.453199614e-07
5728 8.450986445e-07
5729 8.448774242e-07
5730 8.446563003e-07
5731 8.444352729e-07
5732 8.442143418e-07
5733 8.439935071e-07
5734 8.437727687e-07
5735 8.435521264e-07
5736 8.433315803e-07
5737 8.431111303e-07
5738 8.428907763e-07
5739 8.426705182e-07
5740 8.424503561e-07
5741 8.422302898e-07
5742 8.420103194e-07
5743 8.417904446e-07
5744 8.415706656e-07
5745 8.413509821e-07
5746 8.411313942e-07
5747 8.409119018e-07
5748 8.406925049e-07
5749 8.404732034e-07
5750 8.402539971e-07
5751 8.400348862e-07
5752 8.398158704e-07
5753 8.395969498e-07
5754 8.393781243e-07
5755 8.391593939e-07
5756 8.389407584e-07
5757 8.387222179e-07
5758 8.385037722e-07
5759 8.382854213e-07
5760 8.380671652e-07
5761 8.378490037e-07
5762 8.376309369e-07
5763 8.374129647e-07
5764 8.37195087e-07
5765 8.369773038e-07
5766 8.367596149e-07
5767 8.365420204e-07
5768 8.363245202e-07
5769 8.361071143e-07
5770 8.358898025e-07
5771 8.356725848e-07
5772 8.354554612e-07
5773 8.352384316e-07
5774 8.350214959e-07
5775 8.348046542e-07
5776 8.345879062e-07
5777 8.343712521e-07
5778 8.341546917e-07
5779 8.339382249e-07
5780 8.337218517e-07
5781 8.335055721e-07
5782 8.33289386e-07
5783 8.330732933e-07
5784 8.32857294e-07
5785 8.326413881e-07
5786 8.324255753e-07
5787 8.322098559e-07
5788 8.319942295e-07
5789 8.317786963e-07
5790 8.315632561e-07
5791 8.313479089e-07
5792 8.311326546e-07
5793 8.309174932e-07
5794 8.307024246e-07
5795 8.304874488e-07
5796 8.302725656e-07
5797 8.300577752e-07
5798 8.298430773e-07
5799 8.29628472e-07
5800 8.294139591e-07
5801 8.291995387e-07
5802 8.289852106e-07
5803 8.287709749e-07
5804 8.285568314e-07
5805 8.283427801e-07
5806 8.28128821e-07
5807 8.279149539e-07
5808 8.277011789e-07
5809 8.274874959e-07
5810 8.272739048e-07
5811 8.270604056e-07
5812 8.268469982e-07
5813 8.266336826e-07
5814 8.264204586e-07
5815 8.262073263e-07
5816 8.259942856e-07
5817 8.257813365e-07
5818 8.255684788e-07
5819 8.253557126e-07
5820 8.251430377e-07
5821 8.249304541e-07
5822 8.247179619e-07
5823 8.245055608e-07
5824 8.242932509e-07
5825 8.240810321e-07
5826 8.238689043e-07
5827 8.236568675e-07
5828 8.234449217e-07
5829 8.232330667e-07
5830 8.230213026e-07
5831 8.228096292e-07
5832 8.225980466e-07
5833 8.223865546e-07
5834 8.221751532e-07
5835 8.219638424e-07
5836 8.217526221e-07
5837 8.215414922e-07
5838 8.213304528e-07
5839 8.211195036e-07
5840 8.209086448e-07
5841 8.206978762e-07
5842 8.204871977e-07
5843 8.202766094e-07
5844 8.200661112e-07
5845 8.198557029e-07
5846 8.196453846e-07
5847 8.194351563e-07
5848 8.192250178e-07
5849 8.19014969e-07
5850 8.188050101e-07
5851 8.185951408e-07
5852 8.183853611e-07
5853 8.181756711e-07
5854 8.179660705e-07
5855 8.177565595e-07
5856 8.175471379e-07
5857 8.173378056e-07
5858 8.171285627e-07
5859 8.16919409e-07
5860 8.167103445e-07
5861 8.165013692e-07
5862 8.16292483e-07
5863 8.160836858e-07
5864 8.158749777e-07
5865 8.156663585e-07
5866 8.154578281e-07
5867 8.152493867e-07
5868 8.15041034e-07
5869 8.1483277e-07
5870 8.146245947e-07
5871 8.144165081e-07
5872 8.1420851e-07
5873 8.140006004e-07
5874 8.137927793e-07
5875 8.135850466e-07
5876 8.133774023e-07
5877 8.131698463e-07
5878 8.129623786e-07
5879 8.12754999e-07
5880 8.125477076e-07
5881 8.123405043e-07
5882 8.121333891e-07
5883 8.119263618e-07
5884 8.117194225e-07
5885 8.115125711e-07
5886 8.113058075e-07
5887 8.110991318e-07
5888 8.108925437e-07
5889 8.106860433e-07
5890 8.104796306e-07
5891 8.102733054e-07
5892 8.100670678e-07
5893 8.098609176e-07
5894 8.096548549e-07
5895 8.094488795e-07
5896 8.092429915e-07
5897 8.090371907e-07
5898 8.088314771e-07
5899 8.086258507e-07
5900 8.084203114e-07
5901 8.082148592e-07
5902 8.080094939e-07
5903 8.078042157e-07
5904 8.075990243e-07
5905 8.073939198e-07
5906 8.071889021e-07
5907 8.069839711e-07
5908 8.067791269e-07
5909 8.065743692e-07
5910 8.063696982e-07
5911 8.061651137e-07
5912 8.059606158e-07
5913 8.057562042e-07
5914 8.055518791e-07
5915 8.053476403e-07
5916 8.051434878e-07
5917 8.049394215e-07
5918 8.047354414e-07
5919 8.045315475e-07
5920 8.043277396e-07
5921 8.041240178e-07
5922 8.039203819e-07
5923 8.03716832e-07
5924 8.03513368e-07
5925 8.033099898e-07
5926 8.031066974e-07
5927 8.029034907e-07
5928 8.027003697e-07
5929 8.024973343e-07
5930 8.022943845e-07
5931 8.020915202e-07
5932 8.018887414e-07
5933 8.016860481e-07
5934 8.014834401e-07
5935 8.012809174e-07
5936 8.0107848e-07
5937 8.008761279e-07
5938 8.006738609e-07
5939 8.00471679e-07
5940 8.002695822e-07
5941 8.000675705e-07
5942 7.998656437e-07
5943 7.996638018e-07
5944 7.994620449e-07
5945 7.992603727e-07
5946 7.990587853e-07
5947 7.988572827e-07
5948 7.986558647e-07
5949 7.984545313e-07
5950 7.982532825e-07
5951 7.980521183e-07
5952 7.978510385e-07
5953 7.976500432e-07
5954 7.974491322e-07
5955 7.972483056e-07
5956 7.970475632e-07
5957 7.968469051e-07
5958 7.966463311e-07
5959 7.964458413e-07
5960 7.962454355e-07
5961 7.960451138e-07
5962 7.958448761e-07
5963 7.956447223e-07
5964 7.954446524e-07
5965 7.952446663e-07
5966 7.95044764e-07
5967 7.948449454e-07
5968 7.946452105e-07
5969 7.944455593e-07
5970 7.942459916e-07
5971 7.940465075e-07
5972 7.938471069e-07
5973 7.936477897e-07
5974 7.934485559e-07
5975 7.932494055e-07
5976 7.930503384e-07
5977 7.928513545e-07
5978 7.926524538e-07
5979 7.924536362e-07
5980 7.922549017e-07
5981 7.920562503e-07
5982 7.918576819e-07
5983 7.916591965e-07
5984 7.91460794e-07
5985 7.912624743e-07
5986 7.910642374e-07
5987 7.908660833e-07
5988 7.906680119e-07
5989 7.904700232e-07
5990 7.90272117e-07
5991 7.900742935e-07
5992 7.898765525e-07
5993 7.896788939e-07
5994 7.894813178e-07
5995 7.89283824e-07
5996 7.890864126e-07
5997 7.888890834e-07
5998 7.886918365e-07
5999 7.884946717e-07
6000 7.882975891e-07
6001 7.881005886e-07
6002 7.879036701e-07
6003 7.877068336e-07
6004 7.875100791e-07
6005 7.873134064e-07
6006 7.871168156e-07
6007 7.869203066e-07
6008 7.867238794e-07
6009 7.865275338e-07
6010 7.863312699e-07
6011 7.861350877e-07
6012 7.85938987e-07
6013 7.857429678e-07
6014 7.8554703e-07
6015 7.853511737e-07
6016 7.851553988e-07
6017 7.849597052e-07
6018 7.847640928e-07
6019 7.845685617e-07
6020 7.843731118e-07
6021 7.84177743e-07
6022 7.839824553e-07
6023 7.837872487e-07
6024 7.83592123e-07
6025 7.833970783e-07
6026 7.832021145e-07
6027 7.830072315e-07
6028 7.828124294e-07
6029 7.82617708e-07
6030 7.824230673e-07
6031 7.822285073e-07
6032 7.820340279e-07
6033 7.818396291e-07
6034 7.816453108e-07
6035 7.81451073e-07
6036 7.812569156e-07
6037 7.810628387e-07
6038 7.80868842e-07
6039 7.806749257e-07
6040 7.804810896e-07
6041 7.802873336e-07
6042 7.800936579e-07
6043 7.799000622e-07
6044 7.797065467e-07
6045 7.795131111e-07
6046 7.793197555e-07
6047 7.791264798e-07
6048 7.78933284e-07
6049 7.78740168e-07
6050 7.785471318e-07
6051 7.783541754e-07
6052 7.781612986e-07
6053 7.779685015e-07
6054 7.77775784e-07
6055 7.77583146e-07
6056 7.773905876e-07
6057 7.771981086e-07
6058 7.77005709e-07
6059 7.768133888e-07
6060 7.766211479e-07
6061 7.764289863e-07
6062 7.762369039e-07
6063 7.760449007e-07
6064 7.758529767e-07
6065 7.756611317e-07
6066 7.754693658e-07
6067 7.752776789e-07
6068 7.75086071e-07
6069 7.748945419e-07
6070 7.747030918e-07
6071 7.745117204e-07
6072 7.743204278e-07
6073 7.74129214e-07
6074 7.739380789e-07
6075 7.737470224e-07
6076 7.735560444e-07
6077 7.733651451e-07
6078 7.731743242e-07
6079 7.729835818e-07
6080 7.727929178e-07
6081 7.726023322e-07
6082 7.724118249e-07
6083 7.722213959e-07
6084 7.720310451e-07
6085 7.718407725e-07
6086 7.716505781e-07
6087 7.714604617e-07
6088 7.712704234e-07
6089 7.710804631e-07
6090 7.708905808e-07
6091 7.707007764e-07
6092 7.705110499e-07
6093 7.703214012e-07
6094 7.701318303e-07
6095 7.699423371e-07
6096 7.697529216e-07
6097 7.695635838e-07
6098 7.693743236e-07
6099 7.69185141e-07
6100 7.689960358e-07
6101 7.688070082e-07
6102 7.686180579e-07
6103 7.684291851e-07
6104 7.682403896e-07
6105 7.680516714e-07
6106 7.678630304e-07
6107 7.676744666e-07
6108 7.674859801e-07
6109 7.672975706e-07
6110 7.671092382e-07
6111 7.669209828e-07
6112 7.667328044e-07
6113 7.66544703e-07
6114 7.663566785e-07
6115 7.661687308e-07
6116 7.659808599e-07
6117 7.657930658e-07
6118 7.656053484e-07
6119 7.654177077e-07
6120 7.652301437e-07
6121 7.650426562e-07
6122 7.648552452e-07
6123 7.646679108e-07
6124 7.644806528e-07
6125 7.642934713e-07
6126 7.641063661e-07
6127 7.639193373e-07
6128 7.637323847e-07
6129 7.635455084e-07
6130 7.633587083e-07
6131 7.631719843e-07
6132 7.629853364e-07
6133 7.627987646e-07
6134 7.626122689e-07
6135 7.624258491e-07
6136 7.622395052e-07
6137 7.620532373e-07
6138 7.618670452e-07
6139 7.616809289e-07
6140 7.614948884e-07
6141 7.613089236e-07
6142 7.611230344e-07
6143 7.60937221e-07
6144 7.607514831e-07
6145 7.605658207e-07
6146 7.603802339e-07
6147 7.601947225e-07
6148 7.600092865e-07
6149 7.598239259e-07
6150 7.596386407e-07
6151 7.594534307e-07
6152 7.59268296e-07
6153 7.590832365e-07
6154 7.588982522e-07
6155 7.58713343e-07
6156 7.585285088e-07
6157 7.583437497e-07
6158 7.581590656e-07
6159 7.579744564e-07
6160 7.577899222e-07
6161 7.576054628e-07
6162 7.574210782e-07
6163 7.572367684e-07
6164 7.570525334e-07
6165 7.56868373e-07
6166 7.566842873e-07
6167 7.565002762e-07
6168 7.563163397e-07
6169 7.561324777e-07
6170 7.559486902e-07
6171 7.557649771e-07
6172 7.555813384e-07
6173 7.553977741e-07
6174 7.552142841e-07
6175 7.550308684e-07
6176 7.548475269e-07
6177 7.546642596e-07
6178 7.544810664e-07
6179 7.542979473e-07
6180 7.541149023e-07
6181 7.539319313e-07
6182 7.537490343e-07
6183 7.535662113e-07
6184 7.533834621e-07
6185 7.532007868e-07
6186 7.530181853e-07
6187 7.528356575e-07
6188 7.526532035e-07
6189 7.524708232e-07
6190 7.522885165e-07
6191 7.521062834e-07
6192 7.519241239e-07
6193 7.517420379e-07
6194 7.515600254e-07
6195 7.513780863e-07
6196 7.511962206e-07
6197 7.510144283e-07
6198 7.508327093e-07
6199 7.506510635e-07
6200 7.50469491e-07
6201 7.502879917e-07
6202 7.501065655e-07
6203 7.499252124e-07
6204 7.497439324e-07
6205 7.495627254e-07
6206 7.493815914e-07
6207 7.492005303e-07
6208 7.490195422e-07
6209 7.488386269e-07
6210 7.486577844e-07
6211 7.484770146e-07
6212 7.482963177e-07
6213 7.481156934e-07
6214 7.479351417e-07
6215 7.477546627e-07
6216 7.475742563e-07
6217 7.473939224e-07
6218 7.472136609e-07
6219 7.47033472e-07
6220 7.468533554e-07
6221 7.466733112e-07
6222 7.464933393e-07
6223 7.463134397e-07
6224 7.461336124e-07
6225 7.459538572e-07
6226 7.457741743e-07
6227 7.455945634e-07
6228 7.454150247e-07
6229 7.452355579e-07
6230 7.450561632e-07
6231 7.448768405e-07
6232 7.446975896e-07
6233 7.445184107e-07
6234 7.443393036e-07
6235 7.441602683e-07
6236 7.439813047e-07
6237 7.438024129e-07
6238 7.436235927e-07
6239 7.434448442e-07
6240 7.432661673e-07
6241 7.43087562e-07
6242 7.429090281e-07
6243 7.427305658e-07
6244 7.425521749e-07
6245 7.423738554e-07
6246 7.421956072e-07
6247 7.420174304e-07
6248 7.418393248e-07
6249 7.416612905e-07
6250 7.414833274e-07
6251 7.413054354e-07
6252 7.411276146e-07
6253 7.409498648e-07
6254 7.407721861e-07
6255 7.405945784e-07
6256 7.404170416e-07
6257 7.402395758e-07
6258 7.400621809e-07
6259 7.398848567e-07
6260 7.397076034e-07
6261 7.395304209e-07
6262 7.393533091e-07
6263 7.391762679e-07
6264 7.389992974e-07
6265 7.388223975e-07
6266 7.386455682e-07
6267 7.384688094e-07
6268 7.382921211e-07
6269 7.381155032e-07
6270 7.379389558e-07
6271 7.377624787e-07
6272 7.375860719e-07
6273 7.374097354e-07
6274 7.372334692e-07
6275 7.370572732e-07
6276 7.368811474e-07
6277 7.367050917e-07
6278 7.365291061e-07
6279 7.363531905e-07
6280 7.36177345e-07
6281 7.360015694e-07
6282 7.358258638e-07
6283 7.356502281e-07
6284 7.354746622e-07
6285 7.352991662e-07
6286 7.351237399e-07
6287 7.349483834e-07
6288 7.347730966e-07
6289 7.345978794e-07
6290 7.344227319e-07
6291 7.34247654e-07
6292 7.340726456e-07
6293 7.338977067e-07
6294 7.337228374e-07
6295 7.335480374e-07
6296 7.333733068e-07
6297 7.331986456e-07
6298 7.330240537e-07
6299 7.328495311e-07
6300 7.326750777e-07
6301 7.325006936e-07
6302 7.323263786e-07
6303 7.321521327e-07
6304 7.319779559e-07
6305 7.318038482e-07
6306 7.316298094e-07
6307 7.314558397e-07
6308 7.312819389e-07
6309 7.311081069e-07
6310 7.309343439e-07
6311 7.307606496e-07
6312 7.305870242e-07
6313 7.304134674e-07
6314 7.302399794e-07
6315 7.300665601e-07
6316 7.298932094e-07
6317 7.297199272e-07
6318 7.295467137e-07
6319 7.293735686e-07
6320 7.29200492e-07
6321 7.290274839e-07
6322 7.288545441e-07
6323 7.286816727e-07
6324 7.285088697e-07
6325 7.283361349e-07
6326 7.281634684e-07
6327 7.279908701e-07
6328 7.2781834e-07
6329 7.27645878e-07
6330 7.274734841e-07
6331 7.273011583e-07
6332 7.271289005e-07
6333 7.269567107e-07
6334 7.267845888e-07
6335 7.266125348e-07
6336 7.264405488e-07
6337 7.262686305e-07
6338 7.260967801e-07
6339 7.259249974e-07
6340 7.257532824e-07
6341 7.255816351e-07
6342 7.254100555e-07
6343 7.252385435e-07
6344 7.250670991e-07
6345 7.248957222e-07
6346 7.247244128e-07
6347 7.245531708e-07
6348 7.243819963e-07
6349 7.242108892e-07
6350 7.240398494e-07
6351 7.23868877e-07
6352 7.236979718e-07
6353 7.235271339e-07
6354 7.233563631e-07
6355 7.231856596e-07
6356 7.230150231e-07
6357 7.228444538e-07
6358 7.226739515e-07
6359 7.225035162e-07
6360 7.223331479e-07
6361 7.221628466e-07
6362 7.219926122e-07
6363 7.218224446e-07
6364 7.216523439e-07
6365 7.214823099e-07
6366 7.213123428e-07
6367 7.211424423e-07
6368 7.209726086e-07
6369 7.208028415e-07
6370 7.20633141e-07
6371 7.204635071e-07
6372 7.202939397e-07
6373 7.201244388e-07
6374 7.199550044e-07
6375 7.197856365e-07
6376 7.196163349e-07
6377 7.194470997e-07
6378 7.192779308e-07
6379 7.191088282e-07
6380 7.189397918e-07
6381 7.187708217e-07
6382 7.186019177e-07
6383 7.184330799e-07
6384 7.182643082e-07
6385 7.180956025e-07
6386 7.179269629e-07
6387 7.177583893e-07
6388 7.175898816e-07
6389 7.174214399e-07
6390 7.17253064e-07
6391 7.17084754e-07
6392 7.169165098e-07
6393 7.167483314e-07
6394 7.165802188e-07
6395 7.164121718e-07
6396 7.162441905e-07
6397 7.160762749e-07
6398 7.159084248e-07
6399 7.157406404e-07
6400 7.155729214e-07
6401 7.154052679e-07
6402 7.152376799e-07
6403 7.150701574e-07
6404 7.149027002e-07
6405 7.147353083e-07
6406 7.145679818e-07
6407 7.144007205e-07
6408 7.142335245e-07
6409 7.140663937e-07
6410 7.13899328e-07
6411 7.137323275e-07
6412 7.135653921e-07
6413 7.133985218e-07
6414 7.132317165e-07
6415 7.130649762e-07
6416 7.128983008e-07
6417 7.127316904e-07
6418 7.125651448e-07
6419 7.123986641e-07
6420 7.122322482e-07
6421 7.120658971e-07
6422 7.118996108e-07
6423 7.117333891e-07
6424 7.115672321e-07
6425 7.114011398e-07
6426 7.112351121e-07
6427 7.110691489e-07
6428 7.109032503e-07
6429 7.107374162e-07
6430 7.105716465e-07
6431 7.104059413e-07
6432 7.102403005e-07
6433 7.10074724e-07
6434 7.099092118e-07
6435 7.09743764e-07
6436 7.095783804e-07
6437 7.09413061e-07
6438 7.092478058e-07
6439 7.090826147e-07
6440 7.089174878e-07
6441 7.087524249e-07
6442 7.085874261e-07
6443 7.084224913e-07
6444 7.082576204e-07
6445 7.080928135e-07
6446 7.079280706e-07
6447 7.077633914e-07
6448 7.075987762e-07
6449 7.074342247e-07
6450 7.07269737e-07
6451 7.07105313e-07
6452 7.069409527e-07
6453 7.067766561e-07
6454 7.066124231e-07
6455 7.064482537e-07
6456 7.062841479e-07
6457 7.061201056e-07
6458 7.059561268e-07
6459 7.057922114e-07
6460 7.056283595e-07
6461 7.054645709e-07
6462 7.053008457e-07
6463 7.051371839e-07
6464 7.049735853e-07
6465 7.048100499e-07
6466 7.046465778e-07
6467 7.044831689e-07
6468 7.043198231e-07
6469 7.041565404e-07
6470 7.039933208e-07
6471 7.038301643e-07
6472 7.036670707e-07
6473 7.035040402e-07
6474 7.033410726e-07
6475 7.031781679e-07
6476 7.03015326e-07
6477 7.02852547e-07
6478 7.026898309e-07
6479 7.025271774e-07
6480 7.023645868e-07
6481 7.022020588e-07
6482 7.020395935e-07
6483 7.018771909e-07
6484 7.017148508e-07
6485 7.015525734e-07
6486 7.013903584e-07
6487 7.01228206e-07
6488 7.01066116e-07
6489 7.009040885e-07
6490 7.007421234e-07
6491 7.005802206e-07
6492 7.004183802e-07
6493 7.002566021e-07
6494 7.000948862e-07
6495 6.999332326e-07
6496 6.997716412e-07
6497 6.996101119e-07
6498 6.994486448e-07
6499 6.992872398e-07
6500 6.991258968e-07
6501 6.989646159e-07
6502 6.98803397e-07
6503 6.9864224e-07
6504 6.98481145e-07
6505 6.983201119e-07
6506 6.981591407e-07
6507 6.979982312e-07
6508 6.978373836e-07
6509 6.976765978e-07
6510 6.975158737e-07
6511 6.973552113e-07
6512 6.971946105e-07
6513 6.970340714e-07
6514 6.968735939e-07
6515 6.967131779e-07
6516 6.965528235e-07
6517 6.963925306e-07
6518 6.962322992e-07
6519 6.960721292e-07
6520 6.959120206e-07
6521 6.957519734e-07
6522 6.955919875e-07
6523 6.954320629e-07
6524 6.952721996e-07
6525 6.951123975e-07
6526 6.949526566e-07
6527 6.947929769e-07
6528 6.946333584e-07
6529 6.944738009e-07
6530 6.943143045e-07
6531 6.941548692e-07
6532 6.939954949e-07
6533 6.938361815e-07
6534 6.936769291e-07
6535 6.935177376e-07
6536 6.93358607e-07
6537 6.931995373e-07
6538 6.930405283e-07
6539 6.928815801e-07
6540 6.927226927e-07
6541 6.92563866e-07
6542 6.924051e-07
6543 6.922463946e-07
6544 6.920877498e-07
6545 6.919291657e-07
6546 6.917706421e-07
6547 6.91612179e-07
6548 6.914537764e-07
6549 6.912954342e-07
6550 6.911371525e-07
6551 6.909789312e-07
6552 6.908207702e-07
6553 6.906626695e-07
6554 6.905046292e-07
6555 6.903466491e-07
6556 6.901887292e-07
6557 6.900308696e-07
6558 6.898730701e-07
6559 6.897153307e-07
6560 6.895576515e-07
6561 6.894000323e-07
6562 6.892424732e-07
6563 6.89084974e-07
6564 6.889275349e-07
6565 6.887701557e-07
6566 6.886128363e-07
6567 6.884555769e-07
6568 6.882983773e-07
6569 6.881412376e-07
6570 6.879841576e-07
6571 6.878271373e-07
6572 6.876701768e-07
6573 6.87513276e-07
6574 6.873564348e-07
6575 6.871996533e-07
6576 6.870429313e-07
6577 6.868862689e-07
6578 6.867296661e-07
6579 6.865731227e-07
6580 6.864166388e-07
6581 6.862602143e-07
6582 6.861038493e-07
6583 6.859475436e-07
6584 6.857912972e-07
6585 6.856351102e-07
6586 6.854789824e-07
6587 6.853229139e-07
6588 6.851669046e-07
6589 6.850109544e-07
6590 6.848550634e-07
6591 6.846992316e-07
6592 6.845434588e-07
6593 6.843877451e-07
6594 6.842320904e-07
6595 6.840764947e-07
6596 6.83920958e-07
6597 6.837654801e-07
6598 6.836100612e-07
6599 6.834547012e-07
6600 6.832994e-07
6601 6.831441576e-07
6602 6.82988974e-07
6603 6.828338491e-07
6604 6.82678783e-07
6605 6.825237755e-07
6606 6.823688266e-07
6607 6.822139364e-07
6608 6.820591048e-07
6609 6.819043317e-07
6610 6.817496172e-07
6611 6.815949612e-07
6612 6.814403636e-07
6613 6.812858244e-07
6614 6.811313437e-07
6615 6.809769213e-07
6616 6.808225573e-07
6617 6.806682516e-07
6618 6.805140041e-07
6619 6.803598149e-07
6620 6.80205684e-07
6621 6.800516112e-07
6622 6.798975965e-07
6623 6.7974364e-07
6624 6.795897416e-07
6625 6.794359013e-07
6626 6.79282119e-07
6627 6.791283946e-07
6628 6.789747283e-07
6629 6.788211199e-07
6630 6.786675694e-07
6631 6.785140768e-07
6632 6.78360642e-07
6633 6.782072651e-07
6634 6.78053946e-07
6635 6.779006846e-07
6636 6.777474809e-07
6637 6.775943349e-07
6638 6.774412466e-07
6639 6.77288216e-07
6640 6.771352429e-07
6641 6.769823274e-07
6642 6.768294695e-07
6643 6.766766691e-07
6644 6.765239261e-07
6645 6.763712407e-07
6646 6.762186126e-07
6647 6.760660419e-07
6648 6.759135286e-07
6649 6.757610727e-07
6650 6.75608674e-07
6651 6.754563326e-07
6652 6.753040485e-07
6653 6.751518215e-07
6654 6.749996518e-07
6655 6.748475392e-07
6656 6.746954837e-07
6657 6.745434853e-07
6658 6.74391544e-07
6659 6.742396597e-07
6660 6.740878324e-07
6661 6.739360621e-07
6662 6.737843488e-07
6663 6.736326923e-07
6664 6.734810927e-07
6665 6.7332955e-07
6666 6.731780641e-07
6667 6.73026635e-07
6668 6.728752627e-07
6669 6.727239471e-07
6670 6.725726882e-07
6671 6.72421486e-07
6672 6.722703404e-07
6673 6.721192514e-07
6674 6.719682191e-07
6675 6.718172432e-07
6676 6.716663239e-07
6677 6.715154611e-07
6678 6.713646548e-07
6679 6.712139049e-07
6680 6.710632114e-07
6681 6.709125743e-07
6682 6.707619936e-07
6683 6.706114691e-07
6684 6.70461001e-07
6685 6.703105891e-07
6686 6.701602334e-07
6687 6.70009934e-07
6688 6.698596907e-07
6689 6.697095035e-07
6690 6.695593725e-07
6691 6.694092976e-07
6692 6.692592787e-07
6693 6.691093158e-07
6694 6.689594089e-07
6695 6.68809558e-07
6696 6.686597631e-07
6697 6.68510024e-07
6698 6.683603408e-07
6699 6.682107135e-07
6700 6.68061142e-07
6701 6.679116263e-07
6702 6.677621663e-07
6703 6.676127621e-07
6704 6.674634136e-07
6705 6.673141207e-07
6706 6.671648835e-07
6707 6.67015702e-07
6708 6.66866576e-07
6709 6.667175055e-07
6710 6.665684906e-07
6711 6.664195312e-07
6712 6.662706273e-07
6713 6.661217788e-07
6714 6.659729858e-07
6715 6.658242481e-07
6716 6.656755657e-07
6717 6.655269387e-07
6718 6.65378367e-07
6719 6.652298506e-07
6720 6.650813894e-07
6721 6.649329834e-07
6722 6.647846327e-07
6723 6.64636337e-07
6724 6.644880965e-07
6725 6.643399111e-07
6726 6.641917807e-07
6727 6.640437054e-07
6728 6.638956851e-07
6729 6.637477198e-07
6730 6.635998095e-07
6731 6.634519541e-07
6732 6.633041535e-07
6733 6.631564079e-07
6734 6.63008717e-07
6735 6.62861081e-07
6736 6.627134998e-07
6737 6.625659733e-07
6738 6.624185016e-07
6739 6.622710845e-07
6740 6.621237222e-07
6741 6.619764144e-07
6742 6.618291613e-07
6743 6.616819628e-07
6744 6.615348188e-07
6745 6.613877293e-07
6746 6.612406944e-07
6747 6.610937139e-07
6748 6.609467879e-07
6749 6.607999162e-07
6750 6.60653099e-07
6751 6.605063361e-07
6752 6.603596276e-07
6753 6.602129733e-07
6754 6.600663733e-07
6755 6.599198276e-07
6756 6.597733361e-07
6757 6.596268988e-07
6758 6.594805156e-07
6759 6.593341866e-07
6760 6.591879117e-07
6761 6.590416909e-07
6762 6.588955241e-07
6763 6.587494113e-07
6764 6.586033525e-07
6765 6.584573477e-07
6766 6.583113969e-07
6767 6.581654999e-07
6768 6.580196568e-07
6769 6.578738676e-07
6770 6.577281322e-07
6771 6.575824506e-07
6772 6.574368228e-07
6773 6.572912487e-07
6774 6.571457283e-07
6775 6.570002617e-07
6776 6.568548486e-07
6777 6.567094892e-07
6778 6.565641835e-07
6779 6.564189313e-07
6780 6.562737326e-07
6781 6.561285875e-07
6782 6.559834958e-07
6783 6.558384576e-07
6784 6.556934729e-07
6785 6.555485416e-07
6786 6.554036636e-07
6787 6.552588391e-07
6788 6.551140678e-07
6789 6.549693498e-07
6790 6.548246852e-07
6791 6.546800737e-07
6792 6.545355155e-07
6793 6.543910105e-07
6794 6.542465586e-07
6795 6.541021599e-07
6796 6.539578143e-07
6797 6.538135217e-07
6798 6.536692823e-07
6799 6.535250958e-07
6800 6.533809624e-07
6801 6.532368819e-07
6802 6.530928543e-07
6803 6.529488797e-07
6804 6.52804958e-07
6805 6.526610891e-07
6806 6.525172731e-07
6807 6.523735099e-07
6808 6.522297995e-07
6809 6.520861418e-07
6810 6.519425368e-07
6811 6.517989846e-07
6812 6.51655485e-07
6813 6.515120381e-07
6814 6.513686438e-07
6815 6.512253021e-07
6816 6.510820129e-07
6817 6.509387763e-07
6818 6.507955922e-07
6819 6.506524606e-07
6820 6.505093814e-07
6821 6.503663547e-07
6822 6.502233804e-07
6823 6.500804585e-07
6824 6.499375889e-07
6825 6.497947716e-07
6826 6.496520066e-07
6827 6.495092939e-07
6828 6.493666335e-07
6829 6.492240252e-07
6830 6.490814692e-07
6831 6.489389653e-07
6832 6.487965135e-07
6833 6.486541139e-07
6834 6.485117663e-07
6835 6.483694708e-07
6836 6.482272273e-07
6837 6.480850359e-07
6838 6.479428964e-07
6839 6.478008088e-07
6840 6.476587732e-07
6841 6.475167895e-07
6842 6.473748576e-07
6843 6.472329776e-07
6844 6.470911494e-07
6845 6.46949373e-07
6846 6.468076484e-07
6847 6.466659755e-07
6848 6.465243543e-07
6849 6.463827848e-07
6850 6.462412669e-07
6851 6.460998007e-07
6852 6.459583861e-07
6853 6.45817023e-07
6854 6.456757116e-07
6855 6.455344516e-07
6856 6.453932431e-07
6857 6.452520862e-07
6858 6.451109806e-07
6859 6.449699265e-07
6860 6.448289238e-07
6861 6.446879725e-07
6862 6.445470724e-07
6863 6.444062238e-07
6864 6.442654264e-07
6865 6.441246802e-07
6866 6.439839853e-07
6867 6.438433417e-07
6868 6.437027492e-07
6869 6.435622078e-07
6870 6.434217176e-07
6871 6.432812785e-07
6872 6.431408905e-07
6873 6.430005535e-07
6874 6.428602676e-07
6875 6.427200327e-07
6876 6.425798487e-07
6877 6.424397158e-07
6878 6.422996337e-07
6879 6.421596025e-07
6880 6.420196222e-07
6881 6.418796928e-07
6882 6.417398142e-07
6883 6.415999863e-07
6884 6.414602093e-07
6885 6.41320483e-07
6886 6.411808074e-07
6887 6.410411825e-07
6888 6.409016082e-07
6889 6.407620846e-07
6890 6.406226117e-07
6891 6.404831893e-07
6892 6.403438175e-07
6893 6.402044962e-07
6894 6.400652254e-07
6895 6.399260052e-07
6896 6.397868353e-07
6897 6.39647716e-07
6898 6.39508647e-07
6899 6.393696284e-07
6900 6.392306602e-07
6901 6.390917423e-07
6902 6.389528747e-07
6903 6.388140574e-07
6904 6.386752904e-07
6905 6.385365736e-07
6906 6.38397907e-07
6907 6.382592906e-07
6908 6.381207243e-07
6909 6.379822082e-07
6910 6.378437422e-07
6911 6.377053262e-07
6912 6.375669603e-07
6913 6.374286445e-07
6914 6.372903786e-07
6915 6.371521627e-07
6916 6.370139968e-07
6917 6.368758808e-07
6918 6.367378147e-07
6919 6.365997985e-07
6920 6.364618321e-07
6921 6.363239156e-07
6922 6.361860489e-07
6923 6.360482319e-07
6924 6.359104647e-07
6925 6.357727472e-07
6926 6.356350794e-07
6927 6.354974613e-07
6928 6.353598929e-07
6929 6.352223741e-07
6930 6.350849048e-07
6931 6.349474852e-07
6932 6.348101151e-07
6933 6.346727945e-07
6934 6.345355234e-07
6935 6.343983019e-07
6936 6.342611297e-07
6937 6.34124007e-07
6938 6.339869337e-07
6939 6.338499097e-07
6940 6.337129352e-07
6941 6.335760099e-07
6942 6.334391339e-07
6943 6.333023072e-07
6944 6.331655298e-07
6945 6.330288016e-07
6946 6.328921226e-07
6947 6.327554928e-07
6948 6.326189121e-07
6949 6.324823806e-07
6950 6.323458981e-07
6951 6.322094648e-07
6952 6.320730805e-07
6953 6.319367452e-07
6954 6.318004589e-07
6955 6.316642216e-07
6956 6.315280333e-07
6957 6.313918939e-07
6958 6.312558033e-07
6959 6.311197617e-07
6960 6.30983769e-07
6961 6.30847825e-07
6962 6.307119299e-07
6963 6.305760836e-07
6964 6.30440286e-07
6965 6.303045371e-07
6966 6.30168837e-07
6967 6.300331855e-07
6968 6.298975827e-07
6969 6.297620286e-07
6970 6.29626523e-07
6971 6.294910661e-07
6972 6.293556577e-07
6973 6.292202978e-07
6974 6.290849865e-07
6975 6.289497236e-07
6976 6.288145092e-07
6977 6.286793433e-07
6978 6.285442258e-07
6979 6.284091566e-07
6980 6.282741359e-07
6981 6.281391634e-07
6982 6.280042393e-07
6983 6.278693635e-07
6984 6.27734536e-07
6985 6.275997567e-07
6986 6.274650256e-07
6987 6.273303428e-07
6988 6.271957081e-07
6989 6.270611215e-07
6990 6.269265831e-07
6991 6.267920928e-07
6992 6.266576506e-07
6993 6.265232564e-07
6994 6.263889103e-07
6995 6.262546121e-07
6996 6.26120362e-07
6997 6.259861598e-07
6998 6.258520055e-07
6999 6.257178991e-07
7000 6.255838407e-07
7001 6.254498301e-07
7002 6.253158673e-07
7003 6.251819523e-07
7004 6.250480852e-07
7005 6.249142658e-07
7006 6.247804941e-07
7007 6.246467702e-07
7008 6.24513094e-07
7009 6.243794654e-07
7010 6.242458845e-07
7011 6.241123512e-07
7012 6.239788655e-07
7013 6.238454274e-07
7014 6.237120368e-07
7015 6.235786938e-07
7016 6.234453983e-07
7017 6.233121502e-07
7018 6.231789496e-07
7019 6.230457965e-07
7020 6.229126908e-07
7021 6.227796324e-07
7022 6.226466214e-07
7023 6.225136578e-07
7024 6.223807414e-07
7025 6.222478724e-07
7026 6.221150506e-07
7027 6.219822761e-07
7028 6.218495488e-07
7029 6.217168687e-07
7030 6.215842357e-07
7031 6.214516499e-07
7032 6.213191113e-07
7033 6.211866198e-07
7034 6.210541753e-07
7035 6.209217779e-07
7036 6.207894275e-07
7037 6.206571241e-07
7038 6.205248678e-07
7039 6.203926584e-07
7040 6.202604959e-07
7041 6.201283803e-07
7042 6.199963117e-07
7043 6.198642899e-07
7044 6.19732315e-07
7045 6.196003868e-07
7046 6.194685055e-07
7047 6.19336671e-07
7048 6.192048832e-07
7049 6.190731422e-07
7050 6.189414478e-07
7051 6.188098002e-07
7052 6.186781992e-07
7053 6.185466448e-07
7054 6.184151371e-07
7055 6.182836759e-07
7056 6.181522614e-07
7057 6.180208933e-07
7058 6.178895718e-07
7059 6.177582968e-07
7060 6.176270683e-07
7061 6.174958862e-07
7062 6.173647506e-07
7063 6.172336614e-07
7064 6.171026185e-07
7065 6.16971622e-07
7066 6.168406719e-07
7067 6.16709768e-07
7068 6.165789105e-07
7069 6.164480992e-07
7070 6.163173342e-07
7071 6.161866154e-07
7072 6.160559428e-07
7073 6.159253164e-07
7074 6.157947362e-07
7075 6.15664202e-07
7076 6.15533714e-07
7077 6.154032721e-07
7078 6.152728762e-07
7079 6.151425264e-07
7080 6.150122226e-07
7081 6.148819648e-07
7082 6.14751753e-07
7083 6.146215871e-07
7084 6.144914671e-07
7085 6.143613931e-07
7086 6.142313649e-07
7087 6.141013826e-07
7088 6.139714462e-07
7089 6.138415555e-07
7090 6.137117107e-07
7091 6.135819116e-07
7092 6.134521582e-07
7093 6.133224506e-07
7094 6.131927887e-07
7095 6.130631725e-07
7096 6.129336019e-07
7097 6.12804077e-07
7098 6.126745976e-07
7099 6.125451639e-07
7100 6.124157757e-07
7101 6.122864331e-07
7102 6.12157136e-07
7103 6.120278844e-07
7104 6.118986783e-07
7105 6.117695176e-07
7106 6.116404024e-07
7107 6.115113325e-07
7108 6.113823081e-07
7109 6.11253329e-07
7110 6.111243953e-07
7111 6.109955069e-07
7112 6.108666638e-07
7113 6.107378659e-07
7114 6.106091134e-07
7115 6.10480406e-07
7116 6.103517439e-07
7117 6.102231269e-07
7118 6.100945551e-07
7119 6.099660285e-07
7120 6.09837547e-07
7121 6.097091105e-07
7122 6.095807192e-07
7123 6.094523729e-07
7124 6.093240716e-07
7125 6.091958154e-07
7126 6.090676041e-07
7127 6.089394378e-07
7128 6.088113165e-07
7129 6.086832401e-07
7130 6.085552085e-07
7131 6.084272219e-07
7132 6.082992801e-07
7133 6.081713831e-07
7134 6.08043531e-07
7135 6.079157236e-07
7136 6.07787961e-07
7137 6.076602431e-07
7138 6.0753257e-07
7139 6.074049416e-07
7140 6.072773579e-07
7141 6.071498188e-07
7142 6.070223243e-07
7143 6.068948745e-07
7144 6.067674692e-07
7145 6.066401086e-07
7146 6.065127924e-07
7147 6.063855208e-07
7148 6.062582938e-07
7149 6.061311112e-07
7150 6.06003973e-07
7151 6.058768793e-07
7152 6.0574983e-07
7153 6.056228251e-07
7154 6.054958646e-07
7155 6.053689484e-07
7156 6.052420766e-07
7157 6.051152491e-07
7158 6.049884659e-07
7159 6.048617269e-07
7160 6.047350322e-07
7161 6.046083817e-07
7162 6.044817754e-07
7163 6.043552132e-07
7164 6.042286953e-07
7165 6.041022215e-07
7166 6.039757917e-07
7167 6.038494061e-07
7168 6.037230646e-07
7169 6.035967671e-07
7170 6.034705136e-07
7171 6.033443042e-07
7172 6.032181387e-07
7173 6.030920172e-07
7174 6.029659396e-07
7175 6.02839906e-07
7176 6.027139163e-07
7177 6.025879704e-07
7178 6.024620684e-07
7179 6.023362102e-07
7180 6.022103959e-07
7181 6.020846253e-07
7182 6.019588985e-07
7183 6.018332155e-07
7184 6.017075762e-07
7185 6.015819806e-07
7186 6.014564287e-07
7187 6.013309204e-07
7188 6.012054558e-07
7189 6.010800349e-07
7190 6.009546575e-07
7191 6.008293237e-07
7192 6.007040335e-07
7193 6.005787868e-07
7194 6.004535836e-07
7195 6.003284239e-07
7196 6.002033077e-07
7197 6.000782349e-07
7198 5.999532056e-07
7199 5.998282197e-07
7200 5.997032772e-07
7201 5.99578378e-07
7202 5.994535222e-07
7203 5.993287098e-07
7204 5.992039406e-07
7205 5.990792147e-07
7206 5.989545321e-07
7207 5.988298927e-07
7208 5.987052965e-07
7209 5.985807436e-07
7210 5.984562338e-07
7211 5.983317672e-07
7212 5.982073437e-07
7213 5.980829634e-07
7214 5.979586261e-07
7215 5.978343319e-07
7216 5.977100808e-07
7217 5.975858727e-07
7218 5.974617076e-07
7219 5.973375855e-07
7220 5.972135064e-07
7221 5.970894702e-07
7222 5.969654769e-07
7223 5.968415266e-07
7224 5.967176192e-07
7225 5.965937546e-07
7226 5.964699328e-07
7227 5.963461539e-07
7228 5.962224178e-07
7229 5.960987245e-07
7230 5.95975074e-07
7231 5.958514661e-07
7232 5.957279011e-07
7233 5.956043787e-07
7234 5.95480899e-07
7235 5.953574619e-07
7236 5.952340675e-07
7237 5.951107157e-07
7238 5.949874065e-07
7239 5.948641399e-07
7240 5.947409158e-07
7241 5.946177343e-07
7242 5.944945953e-07
7243 5.943714988e-07
7244 5.942484448e-07
7245 5.941254332e-07
7246 5.94002464e-07
7247 5.938795373e-07
7248 5.93756653e-07
7249 5.93633811e-07
7250 5.935110114e-07
7251 5.933882541e-07
7252 5.932655391e-07
7253 5.931428664e-07
7254 5.93020236e-07
7255 5.928976479e-07
7256 5.927751019e-07
7257 5.926525982e-07
7258 5.925301367e-07
7259 5.924077173e-07
7260 5.922853401e-07
7261 5.92163005e-07
7262 5.92040712e-07
7263 5.919184611e-07
7264 5.917962523e-07
7265 5.916740855e-07
7266 5.915519608e-07
7267 5.91429878e-07
7268 5.913078372e-07
7269 5.911858385e-07
7270 5.910638816e-07
7271 5.909419667e-07
7272 5.908200937e-07
7273 5.906982625e-07
7274 5.905764732e-07
7275 5.904547258e-07
7276 5.903330202e-07
7277 5.902113564e-07
7278 5.900897344e-07
7279 5.899681542e-07
7280 5.898466157e-07
7281 5.897251189e-07
7282 5.896036638e-07
7283 5.894822504e-07
7284 5.893608787e-07
7285 5.892395486e-07
7286 5.891182601e-07
7287 5.889970133e-07
7288 5.88875808e-07
7289 5.887546443e-07
7290 5.886335222e-07
7291 5.885124415e-07
7292 5.883914024e-07
7293 5.882704047e-07
7294 5.881494485e-07
7295 5.880285338e-07
7296 5.879076605e-07
7297 5.877868286e-07
7298 5.876660381e-07
7299 5.875452889e-07
7300 5.874245811e-07
7301 5.873039146e-07
7302 5.871832894e-07
7303 5.870627055e-07
7304 5.869421629e-07
7305 5.868216615e-07
7306 5.867012013e-07
7307 5.865807824e-07
7308 5.864604046e-07
7309 5.86340068e-07
7310 5.862197726e-07
7311 5.860995183e-07
7312 5.85979305e-07
7313 5.858591329e-07
7314 5.857390019e-07
7315 5.856189119e-07
7316 5.854988629e-07
7317 5.853788549e-07
7318 5.852588879e-07
7319 5.851389619e-07
7320 5.850190769e-07
7321 5.848992328e-07
7322 5.847794296e-07
7323 5.846596672e-07
7324 5.845399458e-07
7325 5.844202652e-07
7326 5.843006255e-07
7327 5.841810265e-07
7328 5.840614684e-07
7329 5.83941951e-07
7330 5.838224744e-07
7331 5.837030385e-07
7332 5.835836433e-07
7333 5.834642889e-07
7334 5.833449751e-07
7335 5.83225702e-07
7336 5.831064695e-07
7337 5.829872776e-07
7338 5.828681264e-07
7339 5.827490157e-07
7340 5.826299456e-07
7341 5.82510916e-07
7342 5.823919269e-07
7343 5.822729784e-07
7344 5.821540703e-07
7345 5.820352027e-07
7346 5.819163756e-07
7347 5.817975888e-07
7348 5.816788425e-07
7349 5.815601366e-07
7350 5.81441471e-07
7351 5.813228458e-07
7352 5.812042609e-07
7353 5.810857164e-07
7354 5.809672121e-07
7355 5.808487481e-07
7356 5.807303243e-07
7357 5.806119408e-07
7358 5.804935975e-07
7359 5.803752944e-07
7360 5.802570315e-07
7361 5.801388087e-07
7362 5.800206261e-07
7363 5.799024836e-07
7364 5.797843812e-07
7365 5.796663189e-07
7366 5.795482966e-07
7367 5.794303144e-07
7368 5.793123722e-07
7369 5.7919447e-07
7370 5.790766079e-07
7371 5.789587856e-07
7372 5.788410034e-07
7373 5.78723261e-07
7374 5.786055586e-07
7375 5.78487896e-07
7376 5.783702734e-07
7377 5.782526905e-07
7378 5.781351476e-07
7379 5.780176444e-07
7380 5.77900181e-07
7381 5.777827574e-07
7382 5.776653736e-07
7383 5.775480295e-07
7384 5.774307252e-07
7385 5.773134605e-07
7386 5.771962355e-07
7387 5.770790502e-07
7388 5.769619046e-07
7389 5.768447985e-07
7390 5.767277321e-07
7391 5.766107053e-07
7392 5.76493718e-07
7393 5.763767703e-07
7394 5.762598621e-07
7395 5.761429935e-07
7396 5.760261643e-07
7397 5.759093747e-07
7398 5.757926244e-07
7399 5.756759137e-07
7400 5.755592423e-07
7401 5.754426103e-07
7402 5.753260178e-07
7403 5.752094646e-07
7404 5.750929507e-07
7405 5.749764762e-07
7406 5.74860041e-07
7407 5.747436451e-07
7408 5.746272884e-07
7409 5.745109711e-07
7410 5.743946929e-07
7411 5.74278454e-07
7412 5.741622542e-07
7413 5.740460937e-07
7414 5.739299723e-07
7415 5.7381389e-07
7416 5.736978469e-07
7417 5.735818429e-07
7418 5.73465878e-07
7419 5.733499521e-07
7420 5.732340653e-07
7421 5.731182176e-07
7422 5.730024088e-07
7423 5.728866391e-07
7424 5.727709083e-07
7425 5.726552165e-07
7426 5.725395636e-07
7427 5.724239496e-07
7428 5.723083746e-07
7429 5.721928384e-07
7430 5.720773411e-07
7431 5.719618827e-07
7432 5.718464631e-07
7433 5.717310823e-07
7434 5.716157403e-07
7435 5.71500437e-07
7436 5.713851726e-07
7437 5.712699469e-07
7438 5.711547599e-07
7439 5.710396116e-07
7440 5.709245019e-07
7441 5.70809431e-07
7442 5.706943987e-07
7443 5.70579405e-07
7444 5.7046445e-07
7445 5.703495335e-07
7446 5.702346556e-07
7447 5.701198163e-07
7448 5.700050155e-07
7449 5.698902533e-07
7450 5.697755295e-07
7451 5.696608443e-07
7452 5.695461974e-07
7453 5.694315891e-07
7454 5.693170192e-07
7455 5.692024877e-07
7456 5.690879946e-07
7457 5.689735398e-07
7458 5.688591235e-07
7459 5.687447454e-07
7460 5.686304057e-07
7461 5.685161043e-07
7462 5.684018412e-07
7463 5.682876164e-07
7464 5.681734298e-07
7465 5.680592814e-07
7466 5.679451713e-07
7467 5.678310994e-07
7468 5.677170656e-07
7469 5.6760307e-07
7470 5.674891126e-07
7471 5.673751932e-07
7472 5.67261312e-07
7473 5.671474689e-07
7474 5.670336639e-07
7475 5.669198969e-07
7476 5.668061679e-07
7477 5.66692477e-07
7478 5.66578824e-07
7479 5.664652091e-07
7480 5.663516321e-07
7481 5.662380931e-07
7482 5.66124592e-07
7483 5.660111288e-07
7484 5.658977035e-07
7485 5.657843161e-07
7486 5.656709665e-07
7487 5.655576548e-07
7488 5.654443809e-07
7489 5.653311448e-07
7490 5.652179465e-07
7491 5.65104786e-07
7492 5.649916632e-07
7493 5.648785782e-07
7494 5.647655309e-07
7495 5.646525213e-07
7496 5.645395493e-07
7497 5.644266151e-07
7498 5.643137185e-07
7499 5.642008595e-07
7500 5.640880381e-07
7501 5.639752544e-07
7502 5.638625082e-07
7503 5.637497995e-07
7504 5.636371284e-07
7505 5.635244949e-07
7506 5.634118988e-07
7507 5.632993402e-07
7508 5.631868192e-07
7509 5.630743355e-07
7510 5.629618893e-07
7511 5.628494805e-07
7512 5.627371092e-07
7513 5.626247752e-07
7514 5.625124786e-07
7515 5.624002193e-07
7516 5.622879974e-07
7517 5.621758128e-07
7518 5.620636654e-07
7519 5.619515554e-07
7520 5.618394826e-07
7521 5.617274471e-07
7522 5.616154488e-07
7523 5.615034877e-07
7524 5.613915638e-07
7525 5.612796771e-07
7526 5.611678276e-07
7527 5.610560152e-07
7528 5.609442399e-07
7529 5.608325017e-07
7530 5.607208006e-07
7531 5.606091366e-07
7532 5.604975097e-07
7533 5.603859198e-07
7534 5.602743669e-07
7535 5.60162851e-07
7536 5.600513721e-07
7537 5.599399302e-07
7538 5.598285252e-07
7539 5.597171572e-07
7540 5.596058261e-07
7541 5.594945319e-07
7542 5.593832746e-07
7543 5.592720541e-07
7544 5.591608705e-07
7545 5.590497237e-07
7546 5.589386138e-07
7547 5.588275406e-07
7548 5.587165043e-07
7549 5.586055047e-07
7550 5.584945418e-07
7551 5.583836157e-07
7552 5.582727263e-07
7553 5.581618736e-07
7554 5.580510575e-07
7555 5.579402782e-07
7556 5.578295355e-07
7557 5.577188294e-07
7558 5.576081599e-07
7559 5.57497527e-07
7560 5.573869307e-07
7561 5.57276371e-07
7562 5.571658478e-07
7563 5.570553611e-07
7564 5.56944911e-07
7565 5.568344973e-07
7566 5.567241201e-07
7567 5.566137794e-07
7568 5.565034751e-07
7569 5.563932073e-07
7570 5.562829758e-07
7571 5.561727808e-07
7572 5.560626221e-07
7573 5.559524998e-07
7574 5.558424138e-07
7575 5.557323642e-07
7576 5.556223508e-07
7577 5.555123738e-07
7578 5.55402433e-07
7579 5.552925285e-07
7580 5.551826602e-07
7581 5.550728282e-07
7582 5.549630324e-07
7583 5.548532727e-07
7584 5.547435493e-07
7585 5.54633862e-07
7586 5.545242108e-07
7587 5.544145958e-07
7588 5.543050168e-07
7589 5.54195474e-07
7590 5.540859672e-07
7591 5.539764965e-07
7592 5.538670619e-07
7593 5.537576632e-07
7594 5.536483006e-07
7595 5.53538974e-07
7596 5.534296833e-07
7597 5.533204286e-07
7598 5.532112098e-07
7599 5.53102027e-07
7600 5.529928801e-07
7601 5.528837691e-07
7602 5.527746939e-07
7603 5.526656546e-07
7604 5.525566512e-07
7605 5.524476836e-07
7606 5.523387517e-07
7607 5.522298557e-07
7608 5.521209955e-07
7609 5.52012171e-07
7610 5.519033823e-07
7611 5.517946293e-07
7612 5.51685912e-07
7613 5.515772304e-07
7614 5.514685844e-07
7615 5.513599742e-07
7616 5.512513996e-07
7617 5.511428606e-07
7618 5.510343572e-07
7619 5.509258895e-07
7620 5.508174573e-07
7621 5.507090606e-07
7622 5.506006996e-07
7623 5.50492374e-07
7624 5.50384084e-07
7625 5.502758295e-07
7626 5.501676104e-07
7627 5.500594268e-07
7628 5.499512787e-07
7629 5.49843166e-07
7630 5.497350887e-07
7631 5.496270468e-07
7632 5.495190403e-07
7633 5.494110692e-07
7634 5.493031334e-07
7635 5.49195233e-07
7636 5.490873679e-07
7637 5.489795381e-07
7638 5.488717436e-07
7639 5.487639843e-07
7640 5.486562603e-07
7641 5.485485716e-07
7642 5.48440918e-07
7643 5.483332997e-07
7644 5.482257166e-07
7645 5.481181686e-07
7646 5.480106558e-07
7647 5.479031782e-07
7648 5.477957356e-07
7649 5.476883282e-07
7650 5.475809559e-07
7651 5.474736186e-07
7652 5.473663165e-07
7653 5.472590493e-07
7654 5.471518172e-07
7655 5.470446201e-07
7656 5.46937458e-07
7657 5.468303309e-07
7658 5.467232388e-07
7659 5.466161816e-07
7660 5.465091593e-07
7661 5.46402172e-07
7662 5.462952196e-07
7663 5.46188302e-07
7664 5.460814193e-07
7665 5.459745715e-07
7666 5.458677585e-07
7667 5.457609804e-07
7668 5.45654237e-07
7669 5.455475284e-07
7670 5.454408547e-07
7671 5.453342156e-07
7672 5.452276113e-07
7673 5.451210418e-07
7674 5.450145069e-07
7675 5.449080068e-07
7676 5.448015413e-07
7677 5.446951105e-07
7678 5.445887144e-07
7679 5.444823528e-07
7680 5.443760259e-07
7681 5.442697336e-07
7682 5.441634759e-07
7683 5.440572528e-07
7684 5.439510642e-07
7685 5.438449101e-07
7686 5.437387906e-07
7687 5.436327056e-07
7688 5.43526655e-07
7689 5.43420639e-07
7690 5.433146574e-07
7691 5.432087102e-07
7692 5.431027975e-07
7693 5.429969192e-07
7694 5.428910753e-07
7695 5.427852658e-07
7696 5.426794906e-07
7697 5.425737498e-07
7698 5.424680433e-07
7699 5.423623711e-07
7700 5.422567333e-07
7701 5.421511297e-07
7702 5.420455604e-07
7703 5.419400254e-07
7704 5.418345246e-07
7705 5.41729058e-07
7706 5.416236256e-07
7707 5.415182275e-07
7708 5.414128635e-07
7709 5.413075336e-07
7710 5.41202238e-07
7711 5.410969764e-07
7712 5.40991749e-07
7713 5.408865557e-07
7714 5.407813964e-07
7715 5.406762713e-07
7716 5.405711801e-07
7717 5.404661231e-07
7718 5.403611e-07
7719 5.40256111e-07
7720 5.401511559e-07
7721 5.400462349e-07
7722 5.399413477e-07
7723 5.398364946e-07
7724 5.397316754e-07
7725 5.396268901e-07
7726 5.395221386e-07
7727 5.394174211e-07
7728 5.393127375e-07
7729 5.392080877e-07
7730 5.391034717e-07
7731 5.389988896e-07
7732 5.388943412e-07
7733 5.387898267e-07
7734 5.38685346e-07
7735 5.38580899e-07
7736 5.384764857e-07
7737 5.383721062e-07
7738 5.382677604e-07
7739 5.381634483e-07
7740 5.380591699e-07
7741 5.379549252e-07
7742 5.378507141e-07
7743 5.377465367e-07
7744 5.376423929e-07
7745 5.375382827e-07
7746 5.374342061e-07
7747 5.373301631e-07
7748 5.372261536e-07
7749 5.371221777e-07
7750 5.370182354e-07
7751 5.369143265e-07
7752 5.368104512e-07
7753 5.367066093e-07
7754 5.36602801e-07
7755 5.36499026e-07
7756 5.363952846e-07
7757 5.362915765e-07
7758 5.361879019e-07
7759 5.360842607e-07
7760 5.359806528e-07
7761 5.358770784e-07
7762 5.357735372e-07
7763 5.356700294e-07
7764 5.35566555e-07
7765 5.354631138e-07
7766 5.35359706e-07
7767 5.352563314e-07
7768 5.351529901e-07
7769 5.35049682e-07
7770 5.349464072e-07
7771 5.348431656e-07
7772 5.347399572e-07
7773 5.34636782e-07
7774 5.345336399e-07
7775 5.34430531e-07
7776 5.343274553e-07
7777 5.342244127e-07
7778 5.341214032e-07
7779 5.340184268e-07
7780 5.339154835e-07
7781 5.338125732e-07
7782 5.337096961e-07
7783 5.336068519e-07
7784 5.335040408e-07
7785 5.334012627e-07
7786 5.332985176e-07
7787 5.331958054e-07
7788 5.330931263e-07
7789 5.329904801e-07
7790 5.328878668e-07
7791 5.327852864e-07
7792 5.32682739e-07
7793 5.325802244e-07
7794 5.324777427e-07
7795 5.323752939e-07
7796 5.322728779e-07
7797 5.321704948e-07
7798 5.320681445e-07
7799 5.319658269e-07
7800 5.318635422e-07
7801 5.317612903e-07
7802 5.316590711e-07
7803 5.315568846e-07
7804 5.314547309e-07
7805 5.313526099e-07
7806 5.312505216e-07
7807 5.31148466e-07
7808 5.31046443e-07
7809 5.309444527e-07
7810 5.308424951e-07
7811 5.307405701e-07
7812 5.306386777e-07
7813 5.305368178e-07
7814 5.304349906e-07
7815 5.30333196e-07
7816 5.302314339e-07
7817 5.301297043e-07
7818 5.300280073e-07
7819 5.299263427e-07
7820 5.298247107e-07
7821 5.297231112e-07
7822 5.296215441e-07
7823 5.295200095e-07
7824 5.294185073e-07
7825 5.293170375e-07
7826 5.292156001e-07
7827 5.291141952e-07
7828 5.290128226e-07
7829 5.289114824e-07
7830 5.288101745e-07
7831 5.28708899e-07
7832 5.286076558e-07
7833 5.285064449e-07
7834 5.284052663e-07
7835 5.283041199e-07
7836 5.282030059e-07
7837 5.281019241e-07
7838 5.280008745e-07
7839 5.278998571e-07
7840 5.27798872e-07
7841 5.27697919e-07
7842 5.275969983e-07
7843 5.274961097e-07
7844 5.273952532e-07
7845 5.272944289e-07
7846 5.271936367e-07
7847 5.270928766e-07
7848 5.269921486e-07
7849 5.268914526e-07
7850 5.267907888e-07
7851 5.266901569e-07
7852 5.265895572e-07
7853 5.264889894e-07
7854 5.263884536e-07
7855 5.262879499e-07
7856 5.261874781e-07
7857 5.260870383e-07
7858 5.259866304e-07
7859 5.258862545e-07
7860 5.257859105e-07
7861 5.256855983e-07
7862 5.255853181e-07
7863 5.254850698e-07
7864 5.253848533e-07
7865 5.252846687e-07
7866 5.251845159e-07
7867 5.25084395e-07
7868 5.249843058e-07
7869 5.248842484e-07
7870 5.247842229e-07
7871 5.24684229e-07
7872 5.24584267e-07
7873 5.244843366e-07
7874 5.24384438e-07
7875 5.242845711e-07
7876 5.241847359e-07
7877 5.240849324e-07
7878 5.239851606e-07
7879 5.238854204e-07
7880 5.237857118e-07
7881 5.236860348e-07
7882 5.235863895e-07
7883 5.234867758e-07
7884 5.233871936e-07
7885 5.23287643e-07
7886 5.23188124e-07
7887 5.230886365e-07
7888 5.229891806e-07
7889 5.228897561e-07
7890 5.227903632e-07
7891 5.226910017e-07
7892 5.225916717e-07
7893 5.224923732e-07
7894 5.223931061e-07
7895 5.222938704e-07
7896 5.221946661e-07
7897 5.220954933e-07
7898 5.219963518e-07
7899 5.218972417e-07
7900 5.21798163e-07
7901 5.216991156e-07
7902 5.216000995e-07
7903 5.215011148e-07
7904 5.214021613e-07
7905 5.213032392e-07
7906 5.212043483e-07
7907 5.211054887e-07
7908 5.210066604e-07
7909 5.209078632e-07
7910 5.208090973e-07
7911 5.207103626e-07
7912 5.206116591e-07
7913 5.205129868e-07
7914 5.204143456e-07
7915 5.203157356e-07
7916 5.202171567e-07
7917 5.20118609e-07
7918 5.200200923e-07
7919 5.199216068e-07
7920 5.198231523e-07
7921 5.197247289e-07
7922 5.196263366e-07
7923 5.195279753e-07
7924 5.19429645e-07
7925 5.193313458e-07
7926 5.192330775e-07
7927 5.191348402e-07
7928 5.19036634e-07
7929 5.189384586e-07
7930 5.188403142e-07
7931 5.187422008e-07
7932 5.186441182e-07
7933 5.185460666e-07
7934 5.184480459e-07
7935 5.18350056e-07
7936 5.18252097e-07
7937 5.181541688e-07
7938 5.180562715e-07
7939 5.17958405e-07
7940 5.178605694e-07
7941 5.177627645e-07
7942 5.176649904e-07
7943 5.17567247e-07
7944 5.174695344e-07
7945 5.173718526e-07
7946 5.172742015e-07
7947 5.171765811e-07
7948 5.170789914e-07
7949 5.169814324e-07
7950 5.168839041e-07
7951 5.167864064e-07
7952 5.166889394e-07
7953 5.16591503e-07
7954 5.164940972e-07
7955 5.163967221e-07
7956 5.162993775e-07
7957 5.162020635e-07
7958 5.161047801e-07
7959 5.160075272e-07
7960 5.159103049e-07
7961 5.158131131e-07
7962 5.157159518e-07
7963 5.15618821e-07
7964 5.155217207e-07
7965 5.154246508e-07
7966 5.153276115e-07
7967 5.152306025e-07
7968 5.15133624e-07
7969 5.150366759e-07
7970 5.149397583e-07
7971 5.14842871e-07
7972 5.147460141e-07
7973 5.146491875e-07
7974 5.145523914e-07
7975 5.144556255e-07
7976 5.1435889e-07
7977 5.142621848e-07
7978 5.141655099e-07
7979 5.140688653e-07
7980 5.139722509e-07
7981 5.138756668e-07
7982 5.13779113e-07
7983 5.136825893e-07
7984 5.13586096e-07
7985 5.134896328e-07
7986 5.133931998e-07
7987 5.132967969e-07
7988 5.132004243e-07
7989 5.131040818e-07
7990 5.130077694e-07
7991 5.129114872e-07
7992 5.128152351e-07
7993 5.127190131e-07
7994 5.126228212e-07
7995 5.125266593e-07
7996 5.124305275e-07
7997 5.123344258e-07
7998 5.12238354e-07
7999 5.121423124e-07
8000 5.120463007e-07
8001 5.11950319e-07
8002 5.118543673e-07
8003 5.117584456e-07
8004 5.116625538e-07
8005 5.115666919e-07
8006 5.1147086e-07
8007 5.11375058e-07
8008 5.11279286e-07
8009 5.111835438e-07
8010 5.110878314e-07
8011 5.10992149e-07
8012 5.108964964e-07
8013 5.108008736e-07
8014 5.107052807e-07
8015 5.106097175e-07
8016 5.105141842e-07
8017 5.104186807e-07
8018 5.103232069e-07
8019 5.102277629e-07
8020 5.101323486e-07
8021 5.100369641e-07
8022 5.099416093e-07
8023 5.098462842e-07
8024 5.097509888e-07
8025 5.096557231e-07
8026 5.09560487e-07
8027 5.094652806e-07
8028 5.093701039e-07
8029 5.092749568e-07
8030 5.091798393e-07
8031 5.090847514e-07
8032 5.089896931e-07
8033 5.088946643e-07
8034 5.087996652e-07
8035 5.087046956e-07
8036 5.086097555e-07
8037 5.08514845e-07
8038 5.08419964e-07
8039 5.083251124e-07
8040 5.082302904e-07
8041 5.081354978e-07
8042 5.080407347e-07
8043 5.079460011e-07
8044 5.078512969e-07
8045 5.077566221e-07
8046 5.076619768e-07
8047 5.075673608e-07
8048 5.074727742e-07
8049 5.07378217e-07
8050 5.072836892e-07
8051 5.071891907e-07
8052 5.070947215e-07
8053 5.070002817e-07
8054 5.069058711e-07
8055 5.068114899e-07
8056 5.067171379e-07
8057 5.066228153e-07
8058 5.065285218e-07
8059 5.064342577e-07
8060 5.063400227e-07
8061 5.06245817e-07
8062 5.061516405e-07
8063 5.060574932e-07
8064 5.059633751e-07
8065 5.058692861e-07
8066 5.057752263e-07
8067 5.056811957e-07
8068 5.055871941e-07
8069 5.054932217e-07
8070 5.053992784e-07
8071 5.053053642e-07
8072 5.052114791e-07
8073 5.051176231e-07
8074 5.050237961e-07
8075 5.049299981e-07
8076 5.048362292e-07
8077 5.047424893e-07
8078 5.046487784e-07
8079 5.045550965e-07
8080 5.044614436e-07
8081 5.043678196e-07
8082 5.042742247e-07
8083 5.041806586e-07
8084 5.040871215e-07
8085 5.039936133e-07
8086 5.03900134e-07
8087 5.038066836e-07
8088 5.037132621e-07
8089 5.036198694e-07
8090 5.035265056e-07
8091 5.034331707e-07
8092 5.033398646e-07
8093 5.032465873e-07
8094 5.031533388e-07
8095 5.030601191e-07
8096 5.029669281e-07
8097 5.02873766e-07
8098 5.027806326e-07
8099 5.026875279e-07
8100 5.02594452e-07
8101 5.025014048e-07
8102 5.024083863e-07
8103 5.023153965e-07
8104 5.022224354e-07
8105 5.02129503e-07
8106 5.020365992e-07
8107 5.01943724e-07
8108 5.018508775e-07
8109 5.017580596e-07
8110 5.016652703e-07
8111 5.015725096e-07
8112 5.014797775e-07
8113 5.01387074e-07
8114 5.01294399e-07
8115 5.012017526e-07
8116 5.011091347e-07
8117 5.010165453e-07
8118 5.009239845e-07
8119 5.008314521e-07
8120 5.007389482e-07
8121 5.006464728e-07
8122 5.005540258e-07
8123 5.004616073e-07
8124 5.003692173e-07
8125 5.002768556e-07
8126 5.001845224e-07
8127 5.000922175e-07
8128 4.999999411e-07
8129 4.99907693e-07
8130 4.998154733e-07
8131 4.997232819e-07
8132 4.996311189e-07
8133 4.995389842e-07
8134 4.994468778e-07
8135 4.993547998e-07
8136 4.9926275e-07
8137 4.991707284e-07
8138 4.990787352e-07
8139 4.989867702e-07
8140 4.988948334e-07
8141 4.988029249e-07
8142 4.987110446e-07
8143 4.986191925e-07
8144 4.985273685e-07
8145 4.984355728e-07
8146 4.983438052e-07
8147 4.982520658e-07
8148 4.981603545e-07
8149 4.980686714e-07
8150 4.979770164e-07
8151 4.978853895e-07
8152 4.977937906e-07
8153 4.977022199e-07
8154 4.976106772e-07
8155 4.975191626e-07
8156 4.974276761e-07
8157 4.973362175e-07
8158 4.97244787e-07
8159 4.971533845e-07
8160 4.970620101e-07
8161 4.969706635e-07
8162 4.96879345e-07
8163 4.967880544e-07
8164 4.966967918e-07
8165 4.966055572e-07
8166 4.965143504e-07
8167 4.964231716e-07
8168 4.963320206e-07
8169 4.962408976e-07
8170 4.961498024e-07
8171 4.960587351e-07
8172 4.959676957e-07
8173 4.958766841e-07
8174 4.957857003e-07
8175 4.956947444e-07
8176 4.956038163e-07
8177 4.955129159e-07
8178 4.954220434e-07
8179 4.953311986e-07
8180 4.952403815e-07
8181 4.951495923e-07
8182 4.950588307e-07
8183 4.949680969e-07
8184 4.948773908e-07
8185 4.947867124e-07
8186 4.946960617e-07
8187 4.946054386e-07
8188 4.945148433e-07
8189 4.944242755e-07
8190 4.943337355e-07
8191 4.94243223e-07
8192 4.941527382e-07
8193 4.94062281e-07
8194 4.939718513e-07
8195 4.938814493e-07
8196 4.937910748e-07
8197 4.937007279e-07
8198 4.936104085e-07
8199 4.935201167e-07
8200 4.934298524e-07
8201 4.933396156e-07
8202 4.932494063e-07
8203 4.931592245e-07
8204 4.930690701e-07
8205 4.929789433e-07
8206 4.928888439e-07
8207 4.927987719e-07
8208 4.927087274e-07
8209 4.926187102e-07
8210 4.925287205e-07
8211 4.924387582e-07
8212 4.923488233e-07
8213 4.922589157e-07
8214 4.921690355e-07
8215 4.920791826e-07
8216 4.919893571e-07
8217 4.918995589e-07
8218 4.91809788e-07
8219 4.917200444e-07
8220 4.916303281e-07
8221 4.915406391e-07
8222 4.914509774e-07
8223 4.913613429e-07
8224 4.912717356e-07
8225 4.911821556e-07
8226 4.910926028e-07
8227 4.910030772e-07
8228 4.909135789e-07
8229 4.908241077e-07
8230 4.907346636e-07
8231 4.906452468e-07
8232 4.90555857e-07
8233 4.904664945e-07
8234 4.90377159e-07
8235 4.902878507e-07
8236 4.901985695e-07
8237 4.901093153e-07
8238 4.900200883e-07
8239 4.899308883e-07
8240 4.898417154e-07
8241 4.897525695e-07
8242 4.896634507e-07
8243 4.895743589e-07
8244 4.894852941e-07
8245 4.893962563e-07
8246 4.893072455e-07
8247 4.892182616e-07
8248 4.891293048e-07
8249 4.890403749e-07
8250 4.889514719e-07
8251 4.888625959e-07
8252 4.887737468e-07
8253 4.886849246e-07
8254 4.885961293e-07
8255 4.885073609e-07
8256 4.884186193e-07
8257 4.883299047e-07
8258 4.882412168e-07
8259 4.881525559e-07
8260 4.880639217e-07
8261 4.879753144e-07
8262 4.878867339e-07
8263 4.877981801e-07
8264 4.877096532e-07
8265 4.87621153e-07
8266 4.875326796e-07
8267 4.87444233e-07
8268 4.873558131e-07
8269 4.872674199e-07
8270 4.871790534e-07
8271 4.870907137e-07
8272 4.870024006e-07
8273 4.869141142e-07
8274 4.868258545e-07
8275 4.867376215e-07
8276 4.866494151e-07
8277 4.865612353e-07
8278 4.864730822e-07
8279 4.863849556e-07
8280 4.862968557e-07
8281 4.862087824e-07
8282 4.861207357e-07
8283 4.860327155e-07
8284 4.859447219e-07
8285 4.858567548e-07
8286 4.857688143e-07
8287 4.856809003e-07
8288 4.855930128e-07
8289 4.855051518e-07
8290 4.854173173e-07
8291 4.853295093e-07
8292 4.852417278e-07
8293 4.851539727e-07
8294 4.850662441e-07
8295 4.849785419e-07
8296 4.848908661e-07
8297 4.848032167e-07
8298 4.847155938e-07
8299 4.846279972e-07
8300 4.84540427e-07
8301 4.844528832e-07
8302 4.843653657e-07
8303 4.842778746e-07
8304 4.841904099e-07
8305 4.841029714e-07
8306 4.840155593e-07
8307 4.839281734e-07
8308 4.838408139e-07
8309 4.837534807e-07
8310 4.836661737e-07
8311 4.835788929e-07
8312 4.834916384e-07
8313 4.834044102e-07
8314 4.833172082e-07
8315 4.832300324e-07
8316 4.831428828e-07
8317 4.830557594e-07
8318 4.829686621e-07
8319 4.828815911e-07
8320 4.827945462e-07
8321 4.827075274e-07
8322 4.826205348e-07
8323 4.825335683e-07
8324 4.824466279e-07
8325 4.823597137e-07
8326 4.822728255e-07
8327 4.821859634e-07
8328 4.820991274e-07
8329 4.820123174e-07
8330 4.819255335e-07
8331 4.818387756e-07
8332 4.817520438e-07
8333 4.816653379e-07
8334 4.815786581e-07
8335 4.814920043e-07
8336 4.814053764e-07
8337 4.813187746e-07
8338 4.812321987e-07
8339 4.811456487e-07
8340 4.810591247e-07
8341 4.809726266e-07
8342 4.808861544e-07
8343 4.807997082e-07
8344 4.807132878e-07
8345 4.806268933e-07
8346 4.805405247e-07
8347 4.80454182e-07
8348 4.803678651e-07
8349 4.80281574e-07
8350 4.801953088e-07
8351 4.801090694e-07
8352 4.800228558e-07
8353 4.799366681e-07
8354 4.798505061e-07
8355 4.797643698e-07
8356 4.796782594e-07
8357 4.795921747e-07
8358 4.795061158e-07
8359 4.794200825e-07
8360 4.793340751e-07
8361 4.792480933e-07
8362 4.791621372e-07
8363 4.790762068e-07
8364 4.789903021e-07
8365 4.789044231e-07
8366 4.788185697e-07
8367 4.78732742e-07
8368 4.786469399e-07
8369 4.785611634e-07
8370 4.784754126e-07
8371 4.783896874e-07
8372 4.783039877e-07
8373 4.782183137e-07
8374 4.781326652e-07
8375 4.780470423e-07
8376 4.779614449e-07
8377 4.778758731e-07
8378 4.777903268e-07
8379 4.77704806e-07
8380 4.776193107e-07
8381 4.775338409e-07
8382 4.774483967e-07
8383 4.773629779e-07
8384 4.772775845e-07
8385 4.771922167e-07
8386 4.771068742e-07
8387 4.770215572e-07
8388 4.769362656e-07
8389 4.768509995e-07
8390 4.767657587e-07
8391 4.766805434e-07
8392 4.765953534e-07
8393 4.765101888e-07
8394 4.764250495e-07
8395 4.763399356e-07
8396 4.762548471e-07
8397 4.761697838e-07
8398 4.760847459e-07
8399 4.759997333e-07
8400 4.75914746e-07
8401 4.75829784e-07
8402 4.757448473e-07
8403 4.756599358e-07
8404 4.755750496e-07
8405 4.754901886e-07
8406 4.754053528e-07
8407 4.753205423e-07
8408 4.75235757e-07
8409 4.751509969e-07
8410 4.75066262e-07
8411 4.749815523e-07
8412 4.748968677e-07
8413 4.748122083e-07
8414 4.747275741e-07
8415 4.74642965e-07
8416 4.74558381e-07
8417 4.744738222e-07
8418 4.743892884e-07
8419 4.743047798e-07
8420 4.742202962e-07
8421 4.741358377e-07
8422 4.740514043e-07
8423 4.73966996e-07
8424 4.738826127e-07
8425 4.737982544e-07
8426 4.737139211e-07
8427 4.736296129e-07
8428 4.735453297e-07
8429 4.734610714e-07
8430 4.733768382e-07
8431 4.732926299e-07
8432 4.732084466e-07
8433 4.731242882e-07
8434 4.730401548e-07
8435 4.729560463e-07
8436 4.728719627e-07
8437 4.727879041e-07
8438 4.727038703e-07
8439 4.726198615e-07
8440 4.725358775e-07
8441 4.724519184e-07
8442 4.723679841e-07
8443 4.722840747e-07
8444 4.722001902e-07
8445 4.721163304e-07
8446 4.720324955e-07
8447 4.719486854e-07
8448 4.718649001e-07
8449 4.717811396e-07
8450 4.716974038e-07
8451 4.716136929e-07
8452 4.715300066e-07
8453 4.714463452e-07
8454 4.713627084e-07
8455 4.712790964e-07
8456 4.711955091e-07
8457 4.711119465e-07
8458 4.710284086e-07
8459 4.709448954e-07
8460 4.708614069e-07
8461 4.70777943e-07
8462 4.706945038e-07
8463 4.706110893e-07
8464 4.705276993e-07
8465 4.70444334e-07
8466 4.703609933e-07
8467 4.702776772e-07
8468 4.701943857e-07
8469 4.701111188e-07
8470 4.700278765e-07
8471 4.699446587e-07
8472 4.698614655e-07
8473 4.697782968e-07
8474 4.696951526e-07
8475 4.69612033e-07
8476 4.695289379e-07
8477 4.694458673e-07
8478 4.693628212e-07
8479 4.692797995e-07
8480 4.691968024e-07
8481 4.691138297e-07
8482 4.690308814e-07
8483 4.689479576e-07
8484 4.688650582e-07
8485 4.687821833e-07
8486 4.686993327e-07
8487 4.686165066e-07
8488 4.685337048e-07
8489 4.684509275e-07
8490 4.683681745e-07
8491 4.682854458e-07
8492 4.682027416e-07
8493 4.681200616e-07
8494 4.68037406e-07
8495 4.679547747e-07
8496 4.678721677e-07
8497 4.677895851e-07
8498 4.677070267e-07
8499 4.676244926e-07
8500 4.675419827e-07
8501 4.674594971e-07
8502 4.673770358e-07
8503 4.672945987e-07
8504 4.672121859e-07
8505 4.671297973e-07
8506 4.670474328e-07
8507 4.669650926e-07
8508 4.668827766e-07
8509 4.668004848e-07
8510 4.667182171e-07
8511 4.666359736e-07
8512 4.665537542e-07
8513 4.66471559e-07
8514 4.663893879e-07
8515 4.663072409e-07
8516 4.662251181e-07
8517 4.661430193e-07
8518 4.660609447e-07
8519 4.659788941e-07
8520 4.658968676e-07
8521 4.658148652e-07
8522 4.657328868e-07
8523 4.656509324e-07
8524 4.655690021e-07
8525 4.654870958e-07
8526 4.654052136e-07
8527 4.653233553e-07
8528 4.65241521e-07
8529 4.651597107e-07
8530 4.650779244e-07
8531 4.64996162e-07
8532 4.649144236e-07
8533 4.648327092e-07
8534 4.647510186e-07
8535 4.64669352e-07
8536 4.645877093e-07
8537 4.645060906e-07
8538 4.644244957e-07
8539 4.643429247e-07
8540 4.642613776e-07
8541 4.641798543e-07
8542 4.640983549e-07
8543 4.640168793e-07
8544 4.639354276e-07
8545 4.638539997e-07
8546 4.637725956e-07
8547 4.636912154e-07
8548 4.636098589e-07
8549 4.635285262e-07
8550 4.634472173e-07
8551 4.633659322e-07
8552 4.632846708e-07
8553 4.632034332e-07
8554 4.631222193e-07
8555 4.630410291e-07
8556 4.629598627e-07
8557 4.628787199e-07
8558 4.627976009e-07
8559 4.627165056e-07
8560 4.626354339e-07
8561 4.625543859e-07
8562 4.624733616e-07
8563 4.623923609e-07
8564 4.623113839e-07
8565 4.622304305e-07
8566 4.621495007e-07
8567 4.620685945e-07
8568 4.61987712e-07
8569 4.61906853e-07
8570 4.618260176e-07
8571 4.617452058e-07
8572 4.616644176e-07
8573 4.615836529e-07
8574 4.615029117e-07
8575 4.614221941e-07
8576 4.613415e-07
8577 4.612608295e-07
8578 4.611801824e-07
8579 4.610995589e-07
8580 4.610189588e-07
8581 4.609383822e-07
8582 4.608578291e-07
8583 4.607772994e-07
8584 4.606967932e-07
8585 4.606163104e-07
8586 4.605358511e-07
8587 4.604554152e-07
8588 4.603750027e-07
8589 4.602946136e-07
8590 4.602142479e-07
8591 4.601339055e-07
8592 4.600535866e-07
8593 4.59973291e-07
8594 4.598930188e-07
8595 4.598127699e-07
8596 4.597325443e-07
8597 4.596523421e-07
8598 4.595721632e-07
8599 4.594920076e-07
8600 4.594118753e-07
8601 4.593317662e-07
8602 4.592516805e-07
8603 4.59171618e-07
8604 4.590915788e-07
8605 4.590115628e-07
8606 4.589315701e-07
8607 4.588516006e-07
8608 4.587716544e-07
8609 4.586917313e-07
8610 4.586118315e-07
8611 4.585319548e-07
8612 4.584521013e-07
8613 4.58372271e-07
8614 4.582924639e-07
8615 4.582126799e-07
8616 4.581329191e-07
8617 4.580531814e-07
8618 4.579734668e-07
8619 4.578937754e-07
8620 4.578141071e-07
8621 4.577344618e-07
8622 4.576548397e-07
8623 4.575752406e-07
8624 4.574956646e-07
8625 4.574161117e-07
8626 4.573365818e-07
8627 4.572570749e-07
8628 4.571775911e-07
8629 4.570981304e-07
8630 4.570186926e-07
8631 4.569392778e-07
8632 4.568598861e-07
8633 4.567805173e-07
8634 4.567011715e-07
8635 4.566218487e-07
8636 4.565425488e-07
8637 4.564632719e-07
8638 4.563840179e-07
8639 4.563047869e-07
8640 4.562255788e-07
8641 4.561463936e-07
8642 4.560672313e-07
8643 4.559880918e-07
8644 4.559089753e-07
8645 4.558298817e-07
8646 4.557508109e-07
8647 4.55671763e-07
8648 4.555927379e-07
8649 4.555137356e-07
8650 4.554347562e-07
8651 4.553557997e-07
8652 4.552768659e-07
8653 4.551979549e-07
8654 4.551190667e-07
8655 4.550402013e-07
8656 4.549613587e-07
8657 4.548825388e-07
8658 4.548037417e-07
8659 4.547249674e-07
8660 4.546462158e-07
8661 4.545674869e-07
8662 4.544887807e-07
8663 4.544100972e-07
8664 4.543314365e-07
8665 4.542527984e-07
8666 4.54174183e-07
8667 4.540955903e-07
8668 4.540170203e-07
8669 4.539384729e-07
8670 4.538599481e-07
8671 4.53781446e-07
8672 4.537029665e-07
8673 4.536245097e-07
8674 4.535460754e-07
8675 4.534676638e-07
8676 4.533892747e-07
8677 4.533109082e-07
8678 4.532325643e-07
8679 4.53154243e-07
8680 4.530759442e-07
8681 4.529976679e-07
8682 4.529194142e-07
8683 4.528411831e-07
8684 4.527629744e-07
8685 4.526847882e-07
8686 4.526066246e-07
8687 4.525284834e-07
8688 4.524503648e-07
8689 4.523722686e-07
8690 4.522941948e-07
8691 4.522161435e-07
8692 4.521381147e-07
8693 4.520601083e-07
8694 4.519821243e-07
8695 4.519041627e-07
8696 4.518262236e-07
8697 4.517483069e-07
8698 4.516704125e-07
8699 4.515925405e-07
8700 4.515146909e-07
8701 4.514368637e-07
8702 4.513590588e-07
8703 4.512812763e-07
8704 4.512035161e-07
8705 4.511257782e-07
8706 4.510480627e-07
8707 4.509703695e-07
8708 4.508926985e-07
8709 4.508150499e-07
8710 4.507374235e-07
8711 4.506598195e-07
8712 4.505822376e-07
8713 4.505046781e-07
8714 4.504271408e-07
8715 4.503496257e-07
8716 4.502721329e-07
8717 4.501946623e-07
8718 4.501172139e-07
8719 4.500397877e-07
8720 4.499623837e-07
8721 4.498850018e-07
8722 4.498076422e-07
8723 4.497303047e-07
8724 4.496529894e-07
8725 4.495756962e-07
8726 4.494984252e-07
8727 4.494211763e-07
8728 4.493439496e-07
8729 4.492667449e-07
8730 4.491895624e-07
8731 4.491124019e-07
8732 4.490352635e-07
8733 4.489581473e-07
8734 4.48881053e-07
8735 4.488039809e-07
8736 4.487269308e-07
8737 4.486499027e-07
8738 4.485728967e-07
8739 4.484959127e-07
8740 4.484189508e-07
8741 4.483420108e-07
8742 4.482650928e-07
8743 4.481881968e-07
8744 4.481113229e-07
8745 4.480344708e-07
8746 4.479576408e-07
8747 4.478808327e-07
8748 4.478040465e-07
8749 4.477272823e-07
8750 4.4765054e-07
8751 4.475738197e-07
8752 4.474971212e-07
8753 4.474204447e-07
8754 4.4734379e-07
8755 4.472671572e-07
8756 4.471905463e-07
8757 4.471139573e-07
8758 4.470373902e-07
8759 4.469608448e-07
8760 4.468843214e-07
8761 4.468078197e-07
8762 4.467313399e-07
8763 4.466548819e-07
8764 4.465784457e-07
8765 4.465020313e-07
8766 4.464256387e-07
8767 4.463492679e-07
8768 4.462729189e-07
8769 4.461965916e-07
8770 4.46120286e-07
8771 4.460440023e-07
8772 4.459677402e-07
8773 4.458914999e-07
8774 4.458152813e-07
8775 4.457390844e-07
8776 4.456629092e-07
8777 4.455867557e-07
8778 4.455106239e-07
8779 4.454345138e-07
8780 4.453584254e-07
8781 4.452823586e-07
8782 4.452063134e-07
8783 4.451302899e-07
8784 4.45054288e-07
8785 4.449783078e-07
8786 4.449023492e-07
8787 4.448264121e-07
8788 4.447504967e-07
8789 4.446746029e-07
8790 4.445987306e-07
8791 4.4452288e-07
8792 4.444470509e-07
8793 4.443712433e-07
8794 4.442954573e-07
8795 4.442196928e-07
8796 4.441439499e-07
8797 4.440682285e-07
8798 4.439925286e-07
8799 4.439168502e-07
8800 4.438411933e-07
8801 4.437655579e-07
8802 4.436899439e-07
8803 4.436143515e-07
8804 4.435387805e-07
8805 4.434632309e-07
8806 4.433877028e-07
8807 4.433121962e-07
8808 4.43236711e-07
8809 4.431612471e-07
8810 4.430858047e-07
8811 4.430103837e-07
8812 4.429349841e-07
8813 4.428596059e-07
8814 4.427842491e-07
8815 4.427089136e-07
8816 4.426335995e-07
8817 4.425583067e-07
8818 4.424830353e-07
8819 4.424077852e-07
8820 4.423325565e-07
8821 4.42257349e-07
8822 4.421821629e-07
8823 4.421069981e-07
8824 4.420318545e-07
8825 4.419567323e-07
8826 4.418816313e-07
8827 4.418065516e-07
8828 4.417314931e-07
8829 4.416564559e-07
8830 4.4158144e-07
8831 4.415064452e-07
8832 4.414314717e-07
8833 4.413565195e-07
8834 4.412815884e-07
8835 4.412066785e-07
8836 4.411317898e-07
8837 4.410569223e-07
8838 4.40982076e-07
8839 4.409072508e-07
8840 4.408324468e-07
8841 4.40757664e-07
8842 4.406829023e-07
8843 4.406081617e-07
8844 4.405334423e-07
8845 4.404587439e-07
8846 4.403840667e-07
8847 4.403094106e-07
8848 4.402347755e-07
8849 4.401601616e-07
8850 4.400855687e-07
8851 4.400109969e-07
8852 4.399364461e-07
8853 4.398619164e-07
8854 4.397874077e-07
8855 4.397129201e-07
8856 4.396384535e-07
8857 4.395640079e-07
8858 4.394895833e-07
8859 4.394151797e-07
8860 4.393407971e-07
8861 4.392664355e-07
8862 4.391920949e-07
8863 4.391177752e-07
8864 4.390434765e-07
8865 4.389691987e-07
8866 4.388949419e-07
8867 4.38820706e-07
8868 4.387464911e-07
8869 4.38672297e-07
8870 4.385981239e-07
8871 4.385239716e-07
8872 4.384498403e-07
8873 4.383757298e-07
8874 4.383016403e-07
8875 4.382275715e-07
8876 4.381535237e-07
8877 4.380794967e-07
8878 4.380054905e-07
8879 4.379315052e-07
8880 4.378575407e-07
8881 4.37783597e-07
8882 4.377096741e-07
8883 4.37635772e-07
8884 4.375618907e-07
8885 4.374880302e-07
8886 4.374141905e-07
8887 4.373403716e-07
8888 4.372665734e-07
8889 4.37192796e-07
8890 4.371190393e-07
8891 4.370453033e-07
8892 4.369715881e-07
8893 4.368978936e-07
8894 4.368242198e-07
8895 4.367505667e-07
8896 4.366769343e-07
8897 4.366033226e-07
8898 4.365297315e-07
8899 4.364561612e-07
8900 4.363826115e-07
8901 4.363090824e-07
8902 4.36235574e-07
8903 4.361620863e-07
8904 4.360886192e-07
8905 4.360151727e-07
8906 4.359417468e-07
8907 4.358683415e-07
8908 4.357949568e-07
8909 4.357215927e-07
8910 4.356482492e-07
8911 4.355749262e-07
8912 4.355016239e-07
8913 4.354283421e-07
8914 4.353550808e-07
8915 4.352818401e-07
8916 4.352086199e-07
8917 4.351354202e-07
8918 4.350622411e-07
8919 4.349890824e-07
8920 4.349159443e-07
8921 4.348428266e-07
8922 4.347697295e-07
8923 4.346966528e-07
8924 4.346235966e-07
8925 4.345505608e-07
8926 4.344775455e-07
8927 4.344045507e-07
8928 4.343315762e-07
8929 4.342586223e-07
8930 4.341856887e-07
8931 4.341127755e-07
8932 4.340398828e-07
8933 4.339670104e-07
8934 4.338941585e-07
8935 4.338213269e-07
8936 4.337485157e-07
8937 4.336757248e-07
8938 4.336029543e-07
8939 4.335302042e-07
8940 4.334574744e-07
8941 4.333847649e-07
8942 4.333120758e-07
8943 4.33239407e-07
8944 4.331667585e-07
8945 4.330941302e-07
8946 4.330215223e-07
8947 4.329489347e-07
8948 4.328763673e-07
8949 4.328038203e-07
8950 4.327312934e-07
8951 4.326587869e-07
8952 4.325863005e-07
8953 4.325138345e-07
8954 4.324413886e-07
8955 4.32368963e-07
8956 4.322965575e-07
8957 4.322241723e-07
8958 4.321518073e-07
8959 4.320794625e-07
8960 4.320071378e-07
8961 4.319348334e-07
8962 4.318625491e-07
8963 4.317902849e-07
8964 4.31718041e-07
8965 4.316458171e-07
8966 4.315736134e-07
8967 4.315014298e-07
8968 4.314292664e-07
8969 4.31357123e-07
8970 4.312849998e-07
8971 4.312128966e-07
8972 4.311408135e-07
8973 4.310687506e-07
8974 4.309967076e-07
8975 4.309246848e-07
8976 4.30852682e-07
8977 4.307806993e-07
8978 4.307087366e-07
8979 4.306367939e-07
8980 4.305648713e-07
8981 4.304929687e-07
8982 4.30421086e-07
8983 4.303492234e-07
8984 4.302773808e-07
8985 4.302055582e-07
8986 4.301337556e-07
8987 4.300619729e-07
8988 4.299902102e-07
8989 4.299184674e-07
8990 4.298467446e-07
8991 4.297750417e-07
8992 4.297033588e-07
8993 4.296316958e-07
8994 4.295600527e-07
8995 4.294884295e-07
8996 4.294168262e-07
8997 4.293452428e-07
8998 4.292736793e-07
8999 4.292021357e-07
9000 4.291306119e-07
9001 4.290591081e-07
9002 4.28987624e-07
9003 4.289161598e-07
9004 4.288447155e-07
9005 4.28773291e-07
9006 4.287018863e-07
9007 4.286305014e-07
9008 4.285591363e-07
9009 4.28487791e-07
9010 4.284164656e-07
9011 4.283451599e-07
9012 4.28273874e-07
9013 4.282026078e-07
9014 4.281313615e-07
9015 4.280601348e-07
9016 4.27988928e-07
9017 4.279177408e-07
9018 4.278465734e-07
9019 4.277754257e-07
9020 4.277042978e-07
9021 4.276331895e-07
9022 4.27562101e-07
9023 4.274910321e-07
9024 4.274199829e-07
9025 4.273489534e-07
9026 4.272779436e-07
9027 4.272069535e-07
9028 4.27135983e-07
9029 4.270650321e-07
9030 4.269941009e-07
9031 4.269231893e-07
9032 4.268522973e-07
9033 4.26781425e-07
9034 4.267105723e-07
9035 4.266397391e-07
9036 4.265689256e-07
9037 4.264981317e-07
9038 4.264273573e-07
9039 4.263566025e-07
9040 4.262858673e-07
9041 4.262151516e-07
9042 4.261444555e-07
9043 4.260737789e-07
9044 4.260031218e-07
9045 4.259324843e-07
9046 4.258618663e-07
9047 4.257912678e-07
9048 4.257206888e-07
9049 4.256501293e-07
9050 4.255795893e-07
9051 4.255090688e-07
9052 4.254385678e-07
9053 4.253680862e-07
9054 4.252976241e-07
9055 4.252271814e-07
9056 4.251567582e-07
9057 4.250863544e-07
9058 4.2501597e-07
9059 4.249456051e-07
9060 4.248752596e-07
9061 4.248049334e-07
9062 4.247346267e-07
9063 4.246643394e-07
9064 4.245940714e-07
9065 4.245238229e-07
9066 4.244535937e-07
9067 4.243833838e-07
9068 4.243131933e-07
9069 4.242430222e-07
9070 4.241728704e-07
9071 4.241027379e-07
9072 4.240326248e-07
9073 4.239625309e-07
9074 4.238924564e-07
9075 4.238224012e-07
9076 4.237523653e-07
9077 4.236823486e-07
9078 4.236123513e-07
9079 4.235423732e-07
9080 4.234724144e-07
9081 4.234024748e-07
9082 4.233325545e-07
9083 4.232626534e-07
9084 4.231927716e-07
9085 4.23122909e-07
9086 4.230530656e-07
9087 4.229832414e-07
9088 4.229134364e-07
9089 4.228436506e-07
9090 4.227738841e-07
9091 4.227041366e-07
9092 4.226344084e-07
9093 4.225646994e-07
9094 4.224950095e-07
9095 4.224253387e-07
9096 4.223556871e-07
9097 4.222860547e-07
9098 4.222164413e-07
9099 4.221468471e-07
9100 4.22077272e-07
9101 4.220077161e-07
9102 4.219381792e-07
9103 4.218686614e-07
9104 4.217991627e-07
9105 4.217296831e-07
9106 4.216602225e-07
9107 4.215907811e-07
9108 4.215213587e-07
9109 4.214519553e-07
9110 4.21382571e-07
9111 4.213132057e-07
9112 4.212438594e-07
9113 4.211745322e-07
9114 4.211052239e-07
9115 4.210359347e-07
9116 4.209666645e-07
9117 4.208974133e-07
9118 4.20828181e-07
9119 4.207589678e-07
9120 4.206897735e-07
9121 4.206205982e-07
9122 4.205514418e-07
9123 4.204823044e-07
9124 4.204131859e-07
9125 4.203440863e-07
9126 4.202750057e-07
9127 4.20205944e-07
9128 4.201369012e-07
9129 4.200678773e-07
9130 4.199988723e-07
9131 4.199298862e-07
9132 4.19860919e-07
9133 4.197919707e-07
9134 4.197230412e-07
9135 4.196541306e-07
9136 4.195852388e-07
9137 4.195163659e-07
9138 4.194475118e-07
9139 4.193786766e-07
9140 4.193098602e-07
9141 4.192410626e-07
9142 4.191722838e-07
9143 4.191035238e-07
9144 4.190347827e-07
9145 4.189660603e-07
9146 4.188973567e-07
9147 4.188286718e-07
9148 4.187600058e-07
9149 4.186913585e-07
9150 4.186227299e-07
9151 4.185541201e-07
9152 4.18485529e-07
9153 4.184169567e-07
9154 4.183484031e-07
9155 4.182798682e-07
9156 4.18211352e-07
9157 4.181428545e-07
9158 4.180743758e-07
9159 4.180059157e-07
9160 4.179374743e-07
9161 4.178690515e-07
9162 4.178006475e-07
9163 4.17732262e-07
9164 4.176638953e-07
9165 4.175955472e-07
9166 4.175272177e-07
9167 4.174589069e-07
9168 4.173906147e-07
9169 4.173223411e-07
9170 4.172540861e-07
9171 4.171858497e-07
9172 4.171176319e-07
9173 4.170494327e-07
9174 4.169812521e-07
9175 4.169130901e-07
9176 4.168449466e-07
9177 4.167768217e-07
9178 4.167087154e-07
9179 4.166406276e-07
9180 4.165725583e-07
9181 4.165045076e-07
9182 4.164364754e-07
9183 4.163684617e-07
9184 4.163004665e-07
9185 4.162324898e-07
9186 4.161645316e-07
9187 4.16096592e-07
9188 4.160286708e-07
9189 4.15960768e-07
9190 4.158928838e-07
9191 4.15825018e-07
9192 4.157571707e-07
9193 4.156893418e-07
9194 4.156215313e-07
9195 4.155537393e-07
9196 4.154859657e-07
9197 4.154182106e-07
9198 4.153504738e-07
9199 4.152827555e-07
9200 4.152150555e-07
9201 4.15147374e-07
9202 4.150797108e-07
9203 4.15012066e-07
9204 4.149444396e-07
9205 4.148768315e-07
9206 4.148092418e-07
9207 4.147416705e-07
9208 4.146741175e-07
9209 4.146065828e-07
9210 4.145390665e-07
9211 4.144715685e-07
9212 4.144040888e-07
9213 4.143366274e-07
9214 4.142691843e-07
9215 4.142017595e-07
9216 4.14134353e-07
9217 4.140669647e-07
9218 4.139995948e-07
9219 4.139322431e-07
9220 4.138649097e-07
9221 4.137975945e-07
9222 4.137302976e-07
9223 4.136630189e-07
9224 4.135957584e-07
9225 4.135285162e-07
9226 4.134612922e-07
9227 4.133940864e-07
9228 4.133268988e-07
9229 4.132597294e-07
9230 4.131925782e-07
9231 4.131254451e-07
9232 4.130583303e-07
9233 4.129912336e-07
9234 4.129241551e-07
9235 4.128570947e-07
9236 4.127900525e-07
9237 4.127230285e-07
9238 4.126560225e-07
9239 4.125890347e-07
9240 4.125220651e-07
9241 4.124551135e-07
9242 4.1238818e-07
9243 4.123212647e-07
9244 4.122543674e-07
9245 4.121874883e-07
9246 4.121206272e-07
9247 4.120537841e-07
9248 4.119869592e-07
9249 4.119201523e-07
9250 4.118533635e-07
9251 4.117865927e-07
9252 4.117198399e-07
9253 4.116531052e-07
9254 4.115863885e-07
9255 4.115196898e-07
9256 4.114530092e-07
9257 4.113863465e-07
9258 4.113197019e-07
9259 4.112530752e-07
9260 4.111864665e-07
9261 4.111198758e-07
9262 4.110533031e-07
9263 4.109867483e-07
9264 4.109202115e-07
9265 4.108536927e-07
9266 4.107871918e-07
9267 4.107207088e-07
9268 4.106542438e-07
9269 4.105877967e-07
9270 4.105213675e-07
9271 4.104549562e-07
9272 4.103885628e-07
9273 4.103221873e-07
9274 4.102558297e-07
9275 4.1018949e-07
9276 4.101231682e-07
9277 4.100568642e-07
9278 4.099905781e-07
9279 4.099243099e-07
9280 4.098580595e-07
9281 4.097918269e-07
9282 4.097256122e-07
9283 4.096594153e-07
9284 4.095932363e-07
9285 4.09527075e-07
9286 4.094609316e-07
9287 4.09394806e-07
9288 4.093286981e-07
9289 4.092626081e-07
9290 4.091965358e-07
9291 4.091304813e-07
9292 4.090644446e-07
9293 4.089984256e-07
9294 4.089324245e-07
9295 4.08866441e-07
9296 4.088004753e-07
9297 4.087345273e-07
9298 4.086685971e-07
9299 4.086026846e-07
9300 4.085367898e-07
9301 4.084709127e-07
9302 4.084050533e-07
9303 4.083392116e-07
9304 4.082733876e-07
9305 4.082075813e-07
9306 4.081417926e-07
9307 4.080760216e-07
9308 4.080102683e-07
9309 4.079445327e-07
9310 4.078788147e-07
9311 4.078131143e-07
9312 4.077474316e-07
9313 4.076817665e-07
9314 4.07616119e-07
9315 4.075504891e-07
9316 4.074848769e-07
9317 4.074192822e-07
9318 4.073537052e-07
9319 4.072881457e-07
9320 4.072226039e-07
9321 4.071570796e-07
9322 4.070915728e-07
9323 4.070260837e-07
9324 4.06960612e-07
9325 4.06895158e-07
9326 4.068297215e-07
9327 4.067643025e-07
9328 4.06698901e-07
9329 4.066335171e-07
9330 4.065681507e-07
9331 4.065028018e-07
9332 4.064374704e-07
9333 4.063721565e-07
9334 4.063068601e-07
9335 4.062415812e-07
9336 4.061763198e-07
9337 4.061110758e-07
9338 4.060458493e-07
9339 4.059806403e-07
9340 4.059154487e-07
9341 4.058502745e-07
9342 4.057851178e-07
9343 4.057199785e-07
9344 4.056548567e-07
9345 4.055897523e-07
9346 4.055246652e-07
9347 4.054595956e-07
9348 4.053945434e-07
9349 4.053295086e-07
9350 4.052644912e-07
9351 4.051994911e-07
9352 4.051345084e-07
9353 4.050695431e-07
9354 4.050045952e-07
9355 4.049396646e-07
9356 4.048747513e-07
9357 4.048098554e-07
9358 4.047449769e-07
9359 4.046801156e-07
9360 4.046152717e-07
9361 4.045504451e-07
9362 4.044856358e-07
9363 4.044208438e-07
9364 4.043560691e-07
9365 4.042913117e-07
9366 4.042265715e-07
9367 4.041618487e-07
9368 4.040971431e-07
9369 4.040324548e-07
9370 4.039677837e-07
9371 4.039031299e-07
9372 4.038384934e-07
9373 4.03773874e-07
9374 4.037092719e-07
9375 4.036446871e-07
9376 4.035801194e-07
9377 4.03515569e-07
9378 4.034510357e-07
9379 4.033865197e-07
9380 4.033220208e-07
9381 4.032575392e-07
9382 4.031930747e-07
9383 4.031286274e-07
9384 4.030641973e-07
9385 4.029997843e-07
9386 4.029353885e-07
9387 4.028710098e-07
9388 4.028066483e-07
9389 4.027423039e-07
9390 4.026779766e-07
9391 4.026136665e-07
9392 4.025493734e-07
9393 4.024850975e-07
9394 4.024208387e-07
9395 4.02356597e-07
9396 4.022923723e-07
9397 4.022281648e-07
9398 4.021639743e-07
9399 4.020998009e-07
9400 4.020356446e-07
9401 4.019715053e-07
9402 4.019073831e-07
9403 4.018432779e-07
9404 4.017791898e-07
9405 4.017151187e-07
9406 4.016510646e-07
9407 4.015870276e-07
9408 4.015230075e-07
9409 4.014590045e-07
9410 4.013950185e-07
9411 4.013310495e-07
9412 4.012670974e-07
9413 4.012031624e-07
9414 4.011392443e-07
9415 4.010753432e-07
9416 4.01011459e-07
9417 4.009475918e-07
9418 4.008837416e-07
9419 4.008199083e-07
9420 4.007560919e-07
9421 4.006922925e-07
9422 4.0062851e-07
9423 4.005647444e-07
9424 4.005009957e-07
9425 4.00437264e-07
9426 4.003735491e-07
9427 4.003098512e-07
9428 4.002461701e-07
9429 4.001825059e-07
9430 4.001188586e-07
9431 4.000552281e-07
9432 3.999916145e-07
9433 3.999280178e-07
9434 3.998644379e-07
9435 3.998008749e-07
9436 3.997373287e-07
9437 3.996737994e-07
9438 3.996102868e-07
9439 3.995467911e-07
9440 3.994833122e-07
9441 3.994198501e-07
9442 3.993564048e-07
9443 3.992929763e-07
9444 3.992295646e-07
9445 3.991661697e-07
9446 3.991027915e-07
9447 3.990394301e-07
9448 3.989760855e-07
9449 3.989127577e-07
9450 3.988494466e-07
9451 3.987861522e-07
9452 3.987228746e-07
9453 3.986596137e-07
9454 3.985963695e-07
9455 3.98533142e-07
9456 3.984699313e-07
9457 3.984067373e-07
9458 3.9834356e-07
9459 3.982803993e-07
9460 3.982172554e-07
9461 3.981541281e-07
9462 3.980910176e-07
9463 3.980279236e-07
9464 3.979648464e-07
9465 3.979017858e-07
9466 3.978387419e-07
9467 3.977757146e-07
9468 3.97712704e-07
9469 3.976497099e-07
9470 3.975867326e-07
9471 3.975237718e-07
9472 3.974608276e-07
9473 3.973979001e-07
9474 3.973349892e-07
9475 3.972720948e-07
9476 3.972092171e-07
9477 3.971463559e-07
9478 3.970835113e-07
9479 3.970206833e-07
9480 3.969578719e-07
9481 3.96895077e-07
9482 3.968322987e-07
9483 3.967695369e-07
9484 3.967067916e-07
9485 3.966440629e-07
9486 3.965813507e-07
9487 3.965186551e-07
9488 3.96455976e-07
9489 3.963933133e-07
9490 3.963306672e-07
9491 3.962680376e-07
9492 3.962054245e-07
9493 3.961428278e-07
9494 3.960802477e-07
9495 3.96017684e-07
9496 3.959551368e-07
9497 3.95892606e-07
9498 3.958300917e-07
9499 3.957675939e-07
9500 3.957051125e-07
9501 3.956426475e-07
9502 3.95580199e-07
9503 3.955177669e-07
9504 3.954553512e-07
9505 3.95392952e-07
9506 3.953305691e-07
9507 3.952682026e-07
9508 3.952058526e-07
9509 3.951435189e-07
9510 3.950812016e-07
9511 3.950189007e-07
9512 3.949566162e-07
9513 3.94894348e-07
9514 3.948320962e-07
9515 3.947698608e-07
9516 3.947076416e-07
9517 3.946454389e-07
9518 3.945832525e-07
9519 3.945210824e-07
9520 3.944589286e-07
9521 3.943967911e-07
9522 3.9433467e-07
9523 3.942725651e-07
9524 3.942104766e-07
9525 3.941484044e-07
9526 3.940863484e-07
9527 3.940243087e-07
9528 3.939622853e-07
9529 3.939002782e-07
9530 3.938382873e-07
9531 3.937763127e-07
9532 3.937143544e-07
9533 3.936524123e-07
9534 3.935904864e-07
9535 3.935285768e-07
9536 3.934666834e-07
9537 3.934048062e-07
9538 3.933429452e-07
9539 3.932811005e-07
9540 3.932192719e-07
9541 3.931574596e-07
9542 3.930956634e-07
9543 3.930338834e-07
9544 3.929721197e-07
9545 3.92910372e-07
9546 3.928486406e-07
9547 3.927869253e-07
9548 3.927252262e-07
9549 3.926635432e-07
9550 3.926018764e-07
9551 3.925402257e-07
9552 3.924785911e-07
9553 3.924169727e-07
9554 3.923553704e-07
9555 3.922937842e-07
9556 3.922322141e-07
9557 3.921706601e-07
9558 3.921091223e-07
9559 3.920476005e-07
9560 3.919860948e-07
9561 3.919246051e-07
9562 3.918631316e-07
9563 3.918016741e-07
9564 3.917402327e-07
9565 3.916788073e-07
9566 3.91617398e-07
9567 3.915560048e-07
9568 3.914946275e-07
9569 3.914332663e-07
9570 3.913719212e-07
9571 3.91310592e-07
9572 3.912492789e-07
9573 3.911879818e-07
9574 3.911267007e-07
9575 3.910654356e-07
9576 3.910041864e-07
9577 3.909429533e-07
9578 3.908817362e-07
9579 3.90820535e-07
9580 3.907593498e-07
9581 3.906981805e-07
9582 3.906370272e-07
9583 3.905758899e-07
9584 3.905147685e-07
9585 3.90453663e-07
9586 3.903925735e-07
9587 3.903314999e-07
9588 3.902704423e-07
9589 3.902094005e-07
9590 3.901483747e-07
9591 3.900873647e-07
9592 3.900263707e-07
9593 3.899653926e-07
9594 3.899044303e-07
9595 3.898434839e-07
9596 3.897825534e-07
9597 3.897216388e-07
9598 3.8966074e-07
9599 3.895998571e-07
9600 3.895389901e-07
9601 3.894781389e-07
9602 3.894173035e-07
9603 3.89356484e-07
9604 3.892956803e-07
9605 3.892348924e-07
9606 3.891741203e-07
9607 3.891133641e-07
9608 3.890526237e-07
9609 3.88991899e-07
9610 3.889311902e-07
9611 3.888704971e-07
9612 3.888098199e-07
9613 3.887491584e-07
9614 3.886885127e-07
9615 3.886278827e-07
9616 3.885672685e-07
9617 3.885066701e-07
9618 3.884460874e-07
9619 3.883855205e-07
9620 3.883249693e-07
9621 3.882644338e-07
9622 3.88203914e-07
9623 3.8814341e-07
9624 3.880829217e-07
9625 3.880224491e-07
9626 3.879619922e-07
9627 3.87901551e-07
9628 3.878411255e-07
9629 3.877807157e-07
9630 3.877203215e-07
9631 3.876599431e-07
9632 3.875995803e-07
9633 3.875392331e-07
9634 3.874789017e-07
9635 3.874185858e-07
9636 3.873582857e-07
9637 3.872980011e-07
9638 3.872377322e-07
9639 3.871774789e-07
9640 3.871172413e-07
9641 3.870570193e-07
9642 3.869968129e-07
9643 3.86936622e-07
9644 3.868764468e-07
9645 3.868162872e-07
9646 3.867561432e-07
9647 3.866960148e-07
9648 3.866359019e-07
9649 3.865758046e-07
9650 3.865157229e-07
9651 3.864556567e-07
9652 3.863956061e-07
9653 3.863355711e-07
9654 3.862755516e-07
9655 3.862155476e-07
9656 3.861555592e-07
9657 3.860955863e-07
9658 3.860356289e-07
9659 3.85975687e-07
9660 3.859157606e-07
9661 3.858558498e-07
9662 3.857959544e-07
9663 3.857360746e-07
9664 3.856762102e-07
9665 3.856163613e-07
9666 3.855565279e-07
9667 3.8549671e-07
9668 3.854369075e-07
9669 3.853771205e-07
9670 3.853173489e-07
9671 3.852575928e-07
9672 3.851978521e-07
9673 3.851381269e-07
9674 3.850784171e-07
9675 3.850187228e-07
9676 3.849590438e-07
9677 3.848993803e-07
9678 3.848397322e-07
9679 3.847800994e-07
9680 3.847204821e-07
9681 3.846608802e-07
9682 3.846012937e-07
9683 3.845417225e-07
9684 3.844821667e-07
9685 3.844226263e-07
9686 3.843631013e-07
9687 3.843035916e-07
9688 3.842440973e-07
9689 3.841846183e-07
9690 3.841251547e-07
9691 3.840657064e-07
9692 3.840062734e-07
9693 3.839468558e-07
9694 3.838874535e-07
9695 3.838280665e-07
9696 3.837686948e-07
9697 3.837093384e-07
9698 3.836499973e-07
9699 3.835906715e-07
9700 3.83531361e-07
9701 3.834720658e-07
9702 3.834127859e-07
9703 3.833535212e-07
9704 3.832942718e-07
9705 3.832350377e-07
9706 3.831758188e-07
9707 3.831166151e-07
9708 3.830574267e-07
9709 3.829982536e-07
9710 3.829390956e-07
9711 3.82879953e-07
9712 3.828208255e-07
9713 3.827617132e-07
9714 3.827026162e-07
9715 3.826435343e-07
9716 3.825844677e-07
9717 3.825254163e-07
9718 3.8246638e-07
9719 3.824073589e-07
9720 3.82348353e-07
9721 3.822893623e-07
9722 3.822303868e-07
9723 3.821714264e-07
9724 3.821124811e-07
9725 3.820535511e-07
9726 3.819946361e-07
9727 3.819357363e-07
9728 3.818768517e-07
9729 3.818179821e-07
9730 3.817591277e-07
9731 3.817002884e-07
9732 3.816414642e-07
9733 3.815826552e-07
9734 3.815238612e-07
9735 3.814650823e-07
9736 3.814063186e-07
9737 3.813475699e-07
9738 3.812888362e-07
9739 3.812301177e-07
9740 3.811714142e-07
9741 3.811127258e-07
9742 3.810540525e-07
9743 3.809953942e-07
9744 3.809367509e-07
9745 3.808781227e-07
9746 3.808195096e-07
9747 3.807609114e-07
9748 3.807023283e-07
9749 3.806437602e-07
9750 3.805852072e-07
9751 3.805266691e-07
9752 3.804681461e-07
9753 3.80409638e-07
9754 3.803511449e-07
9755 3.802926669e-07
9756 3.802342038e-07
9757 3.801757557e-07
9758 3.801173225e-07
9759 3.800589043e-07
9760 3.800005011e-07
9761 3.799421129e-07
9762 3.798837396e-07
9763 3.798253812e-07
9764 3.797670378e-07
9765 3.797087093e-07
9766 3.796503957e-07
9767 3.795920971e-07
9768 3.795338134e-07
9769 3.794755446e-07
9770 3.794172907e-07
9771 3.793590517e-07
9772 3.793008276e-07
9773 3.792426184e-07
9774 3.791844241e-07
9775 3.791262447e-07
9776 3.790680802e-07
9777 3.790099305e-07
9778 3.789517957e-07
9779 3.788936757e-07
9780 3.788355706e-07
9781 3.787774804e-07
9782 3.787194049e-07
9783 3.786613444e-07
9784 3.786032986e-07
9785 3.785452677e-07
9786 3.784872517e-07
9787 3.784292504e-07
9788 3.783712639e-07
9789 3.783132923e-07
9790 3.782553355e-07
9791 3.781973934e-07
9792 3.781394662e-07
9793 3.780815537e-07
9794 3.78023656e-07
9795 3.779657731e-07
9796 3.779079049e-07
9797 3.778500516e-07
9798 3.777922129e-07
9799 3.777343891e-07
9800 3.7767658e-07
9801 3.776187856e-07
9802 3.77561006e-07
9803 3.775032411e-07
9804 3.774454909e-07
9805 3.773877554e-07
9806 3.773300347e-07
9807 3.772723287e-07
9808 3.772146374e-07
9809 3.771569608e-07
9810 3.770992989e-07
9811 3.770416516e-07
9812 3.769840191e-07
9813 3.769264013e-07
9814 3.768687981e-07
9815 3.768112096e-07
9816 3.767536357e-07
9817 3.766960765e-07
9818 3.76638532e-07
9819 3.765810021e-07
9820 3.765234869e-07
9821 3.764659863e-07
9822 3.764085003e-07
9823 3.76351029e-07
9824 3.762935723e-07
9825 3.762361302e-07
9826 3.761787027e-07
9827 3.761212899e-07
9828 3.760638916e-07
9829 3.760065079e-07
9830 3.759491388e-07
9831 3.758917843e-07
9832 3.758344444e-07
9833 3.757771191e-07
9834 3.757198083e-07
9835 3.756625121e-07
9836 3.756052305e-07
9837 3.755479634e-07
9838 3.754907109e-07
9839 3.754334729e-07
9840 3.753762495e-07
9841 3.753190406e-07
9842 3.752618462e-07
9843 3.752046663e-07
9844 3.75147501e-07
9845 3.750903502e-07
9846 3.750332139e-07
9847 3.749760921e-07
9848 3.749189848e-07
9849 3.748618919e-07
9850 3.748048136e-07
9851 3.747477498e-07
9852 3.746907004e-07
9853 3.746336655e-07
9854 3.745766451e-07
9855 3.745196392e-07
9856 3.744626477e-07
9857 3.744056706e-07
9858 3.74348708e-07
9859 3.742917598e-07
9860 3.742348261e-07
9861 3.741779068e-07
9862 3.74121002e-07
9863 3.740641115e-07
9864 3.740072355e-07
9865 3.739503739e-07
9866 3.738935267e-07
9867 3.738366939e-07
9868 3.737798755e-07
9869 3.737230715e-07
9870 3.736662819e-07
9871 3.736095066e-07
9872 3.735527458e-07
9873 3.734959993e-07
9874 3.734392671e-07
9875 3.733825493e-07
9876 3.733258459e-07
9877 3.732691569e-07
9878 3.732124821e-07
9879 3.731558218e-07
9880 3.730991757e-07
9881 3.73042544e-07
9882 3.729859266e-07
9883 3.729293235e-07
9884 3.728727348e-07
9885 3.728161603e-07
9886 3.727596002e-07
9887 3.727030544e-07
9888 3.726465228e-07
9889 3.725900056e-07
9890 3.725335026e-07
9891 3.724770139e-07
9892 3.724205395e-07
9893 3.723640793e-07
9894 3.723076335e-07
9895 3.722512018e-07
9896 3.721947845e-07
9897 3.721383813e-07
9898 3.720819925e-07
9899 3.720256178e-07
9900 3.719692574e-07
9901 3.719129113e-07
9902 3.718565793e-07
9903 3.718002616e-07
9904 3.717439581e-07
9905 3.716876688e-07
9906 3.716313937e-07
9907 3.715751328e-07
9908 3.71518886e-07
9909 3.714626535e-07
9910 3.714064352e-07
9911 3.71350231e-07
9912 3.712940411e-07
9913 3.712378652e-07
9914 3.711817036e-07
9915 3.711255561e-07
9916 3.710694228e-07
9917 3.710133036e-07
9918 3.709571985e-07
9919 3.709011076e-07
9920 3.708450309e-07
9921 3.707889682e-07
9922 3.707329197e-07
9923 3.706768853e-07
9924 3.70620865e-07
9925 3.705648588e-07
9926 3.705088668e-07
9927 3.704528888e-07
9928 3.703969249e-07
9929 3.703409751e-07
9930 3.702850394e-07
9931 3.702291178e-07
9932 3.701732103e-07
9933 3.701173168e-07
9934 3.700614374e-07
9935 3.70005572e-07
9936 3.699497207e-07
9937 3.698938834e-07
9938 3.698380602e-07
9939 3.697822511e-07
9940 3.697264559e-07
9941 3.696706748e-07
9942 3.696149077e-07
9943 3.695591547e-07
9944 3.695034156e-07
9945 3.694476906e-07
9946 3.693919796e-07
9947 3.693362825e-07
9948 3.692805995e-07
9949 3.692249305e-07
9950 3.691692754e-07
9951 3.691136343e-07
9952 3.690580072e-07
9953 3.690023941e-07
9954 3.689467949e-07
9955 3.688912097e-07
9956 3.688356385e-07
9957 3.687800812e-07
9958 3.687245378e-07
9959 3.686690084e-07
9960 3.68613493e-07
9961 3.685579914e-07
9962 3.685025038e-07
9963 3.684470301e-07
9964 3.683915703e-07
9965 3.683361245e-07
9966 3.682806925e-07
9967 3.682252744e-07
9968 3.681698703e-07
9969 3.6811448e-07
9970 3.680591036e-07
9971 3.680037411e-07
9972 3.679483925e-07
9973 3.678930578e-07
9974 3.678377369e-07
9975 3.677824299e-07
9976 3.677271367e-07
9977 3.676718574e-07
9978 3.67616592e-07
9979 3.675613404e-07
9980 3.675061026e-07
9981 3.674508787e-07
9982 3.673956685e-07
9983 3.673404723e-07
9984 3.672852898e-07
9985 3.672301211e-07
9986 3.671749663e-07
9987 3.671198253e-07
9988 3.67064698e-07
9989 3.670095846e-07
9990 3.669544849e-07
9991 3.668993991e-07
9992 3.66844327e-07
9993 3.667892687e-07
9994 3.667342242e-07
9995 3.666791934e-07
9996 3.666241764e-07
9997 3.665691731e-07
9998 3.665141836e-07
9999 3.664592079e-07
inf 0.05
